SMILES	Category	Sub-category	Difference
C=CC(N)CCC(=O)O	Sex	Male	-0.08771
C=CC(N)CCC(=O)O	Sex	Female	0.0
C=CC(N)CCC(=O)O	Age	Children	-0.00229
C=CC(N)CCC(=O)O	Age	Adolescent	0.0
C=CC(N)CCC(=O)O	Age	Adult	-0.02526
C=CC(N)CCC(=O)O	Age	Elderly	-0.1278
C=CC(N)CCC(=O)O	Weight	Low	-0.13965
C=CC(N)CCC(=O)O	Weight	Average	-0.12188
C=CC(N)CCC(=O)O	Weight	High	-0.14541
CC(C)Cc1ccc(C(C)C(=O)O)cc1	Sex	Male	-0.09246
CC(C)Cc1ccc(C(C)C(=O)O)cc1	Sex	Female	0.0
CC(C)Cc1ccc(C(C)C(=O)O)cc1	Age	Children	-0.00279
CC(C)Cc1ccc(C(C)C(=O)O)cc1	Age	Adolescent	0.0
CC(C)Cc1ccc(C(C)C(=O)O)cc1	Age	Adult	-0.02509
CC(C)Cc1ccc(C(C)C(=O)O)cc1	Age	Elderly	-0.13519
CC(C)Cc1ccc(C(C)C(=O)O)cc1	Weight	Low	-0.15298
CC(C)Cc1ccc(C(C)C(=O)O)cc1	Weight	Average	-0.1261
CC(C)Cc1ccc(C(C)C(=O)O)cc1	Weight	High	-0.14254
CC(N)Cc1ccccc1	Sex	Male	-0.08365
CC(N)Cc1ccccc1	Sex	Female	0.0
CC(N)Cc1ccccc1	Age	Children	-0.00286
CC(N)Cc1ccccc1	Age	Adolescent	0.0
CC(N)Cc1ccccc1	Age	Adult	-0.02671
CC(N)Cc1ccccc1	Age	Elderly	-0.15167
CC(N)Cc1ccccc1	Weight	Low	-0.14663
CC(N)Cc1ccccc1	Weight	Average	-0.13795
CC(N)Cc1ccccc1	Weight	High	-0.17086
CCC(=O)N(c1ccccc1)C1CCN(CCc2ccccc2)CC1	Sex	Male	-0.07882
CCC(=O)N(c1ccccc1)C1CCN(CCc2ccccc2)CC1	Sex	Female	0.0
CCC(=O)N(c1ccccc1)C1CCN(CCc2ccccc2)CC1	Age	Children	-0.00284
CCC(=O)N(c1ccccc1)C1CCN(CCc2ccccc2)CC1	Age	Adolescent	0.0
CCC(=O)N(c1ccccc1)C1CCN(CCc2ccccc2)CC1	Age	Adult	-0.02105
CCC(=O)N(c1ccccc1)C1CCN(CCc2ccccc2)CC1	Age	Elderly	-0.15084
CCC(=O)N(c1ccccc1)C1CCN(CCc2ccccc2)CC1	Weight	Low	-0.13922
CCC(=O)N(c1ccccc1)C1CCN(CCc2ccccc2)CC1	Weight	Average	-0.13486
CCC(=O)N(c1ccccc1)C1CCN(CCc2ccccc2)CC1	Weight	High	-0.16779
CCCCN1CC(O)C(O)C(O)C1CO	Sex	Male	-0.07222
CCCCN1CC(O)C(O)C(O)C1CO	Sex	Female	0.0
CCCCN1CC(O)C(O)C(O)C1CO	Age	Children	-0.00246
CCCCN1CC(O)C(O)C(O)C1CO	Age	Adolescent	0.0
CCCCN1CC(O)C(O)C(O)C1CO	Age	Adult	-0.01664
CCCCN1CC(O)C(O)C(O)C1CO	Age	Elderly	-0.13076
CCCCN1CC(O)C(O)C(O)C1CO	Weight	Low	-0.14057
CCCCN1CC(O)C(O)C(O)C1CO	Weight	Average	-0.1108
CCCCN1CC(O)C(O)C(O)C1CO	Weight	High	-0.23151
CCOC(=O)C(CCc1ccccc1)NC1CCc2ccccc2N(CC(=O)O)C1=O	Sex	Male	-0.09083
CCOC(=O)C(CCc1ccccc1)NC1CCc2ccccc2N(CC(=O)O)C1=O	Sex	Female	0.0
CCOC(=O)C(CCc1ccccc1)NC1CCc2ccccc2N(CC(=O)O)C1=O	Age	Children	-0.00271
CCOC(=O)C(CCc1ccccc1)NC1CCc2ccccc2N(CC(=O)O)C1=O	Age	Adolescent	0.0
CCOC(=O)C(CCc1ccccc1)NC1CCc2ccccc2N(CC(=O)O)C1=O	Age	Adult	-0.02175
CCOC(=O)C(CCc1ccccc1)NC1CCc2ccccc2N(CC(=O)O)C1=O	Age	Elderly	-0.13084
CCOC(=O)C(CCc1ccccc1)NC1CCc2ccccc2N(CC(=O)O)C1=O	Weight	Low	-0.13824
CCOC(=O)C(CCc1ccccc1)NC1CCc2ccccc2N(CC(=O)O)C1=O	Weight	Average	-0.12503
CCOC(=O)C(CCc1ccccc1)NC1CCc2ccccc2N(CC(=O)O)C1=O	Weight	High	-0.15902
CN1CCC23c4c5ccc(O)c4OC2C(=O)CCC3C1C5	Sex	Male	-0.09649
CN1CCC23c4c5ccc(O)c4OC2C(=O)CCC3C1C5	Sex	Female	0.0
CN1CCC23c4c5ccc(O)c4OC2C(=O)CCC3C1C5	Age	Children	-0.00272
CN1CCC23c4c5ccc(O)c4OC2C(=O)CCC3C1C5	Age	Adolescent	0.0
CN1CCC23c4c5ccc(O)c4OC2C(=O)CCC3C1C5	Age	Adult	-0.02896
CN1CCC23c4c5ccc(O)c4OC2C(=O)CCC3C1C5	Age	Elderly	-0.1326
CN1CCC23c4c5ccc(O)c4OC2C(=O)CCC3C1C5	Weight	Low	-0.16264
CN1CCC23c4c5ccc(O)c4OC2C(=O)CCC3C1C5	Weight	Average	-0.1158
CN1CCC23c4c5ccc(O)c4OC2C(=O)CCC3C1C5	Weight	High	-0.15835
CN1CCC23c4c5ccc(O)c4OC2C(O)C=CC3C1C5	Sex	Male	-0.09717
CN1CCC23c4c5ccc(O)c4OC2C(O)C=CC3C1C5	Sex	Female	0.0
CN1CCC23c4c5ccc(O)c4OC2C(O)C=CC3C1C5	Age	Children	-0.00277
CN1CCC23c4c5ccc(O)c4OC2C(O)C=CC3C1C5	Age	Adolescent	0.0
CN1CCC23c4c5ccc(O)c4OC2C(O)C=CC3C1C5	Age	Adult	-0.03375
CN1CCC23c4c5ccc(O)c4OC2C(O)C=CC3C1C5	Age	Elderly	-0.13037
CN1CCC23c4c5ccc(O)c4OC2C(O)C=CC3C1C5	Weight	Low	-0.15666
CN1CCC23c4c5ccc(O)c4OC2C(O)C=CC3C1C5	Weight	Average	-0.08662
CN1CCC23c4c5ccc(O)c4OC2C(O)C=CC3C1C5	Weight	High	-0.14426
COC12CCC3(CC1C(C)(O)C(C)(C)C)C1Cc4ccc(O)c5c4C3(CCN1CC1CC1)C2O5	Sex	Male	-0.08601
COC12CCC3(CC1C(C)(O)C(C)(C)C)C1Cc4ccc(O)c5c4C3(CCN1CC1CC1)C2O5	Sex	Female	0.0
COC12CCC3(CC1C(C)(O)C(C)(C)C)C1Cc4ccc(O)c5c4C3(CCN1CC1CC1)C2O5	Age	Children	0.04055
COC12CCC3(CC1C(C)(O)C(C)(C)C)C1Cc4ccc(O)c5c4C3(CCN1CC1CC1)C2O5	Age	Adolescent	0.0
COC12CCC3(CC1C(C)(O)C(C)(C)C)C1Cc4ccc(O)c5c4C3(CCN1CC1CC1)C2O5	Age	Adult	-0.03003
COC12CCC3(CC1C(C)(O)C(C)(C)C)C1Cc4ccc(O)c5c4C3(CCN1CC1CC1)C2O5	Age	Elderly	-0.14112
COC12CCC3(CC1C(C)(O)C(C)(C)C)C1Cc4ccc(O)c5c4C3(CCN1CC1CC1)C2O5	Weight	Low	-0.14249
COC12CCC3(CC1C(C)(O)C(C)(C)C)C1Cc4ccc(O)c5c4C3(CCN1CC1CC1)C2O5	Weight	Average	-0.11006
COC12CCC3(CC1C(C)(O)C(C)(C)C)C1Cc4ccc(O)c5c4C3(CCN1CC1CC1)C2O5	Weight	High	-0.1673
COCC(NC(C)=O)C(=O)NCc1ccccc1	Sex	Male	-0.08661
COCC(NC(C)=O)C(=O)NCc1ccccc1	Sex	Female	0.0
COCC(NC(C)=O)C(=O)NCc1ccccc1	Age	Children	-0.00262
COCC(NC(C)=O)C(=O)NCc1ccccc1	Age	Adolescent	0.0
COCC(NC(C)=O)C(=O)NCc1ccccc1	Age	Adult	-0.01939
COCC(NC(C)=O)C(=O)NCc1ccccc1	Age	Elderly	-0.1279
COCC(NC(C)=O)C(=O)NCc1ccccc1	Weight	Low	-0.13024
COCC(NC(C)=O)C(=O)NCc1ccccc1	Weight	Average	-0.12752
COCC(NC(C)=O)C(=O)NCc1ccccc1	Weight	High	-0.15547
COc1c(C)c2c(c(O)c1CC=C(C)CCC(=O)O)C(=O)OC2	Sex	Male	-0.08899
COc1c(C)c2c(c(O)c1CC=C(C)CCC(=O)O)C(=O)OC2	Sex	Female	0.0
COc1c(C)c2c(c(O)c1CC=C(C)CCC(=O)O)C(=O)OC2	Age	Children	-0.0028
COc1c(C)c2c(c(O)c1CC=C(C)CCC(=O)O)C(=O)OC2	Age	Adolescent	0.0
COc1c(C)c2c(c(O)c1CC=C(C)CCC(=O)O)C(=O)OC2	Age	Adult	-0.02346
COc1c(C)c2c(c(O)c1CC=C(C)CCC(=O)O)C(=O)OC2	Age	Elderly	-0.12281
COc1c(C)c2c(c(O)c1CC=C(C)CCC(=O)O)C(=O)OC2	Weight	Low	-0.13019
COc1c(C)c2c(c(O)c1CC=C(C)CCC(=O)O)C(=O)OC2	Weight	Average	-0.12902
COc1c(C)c2c(c(O)c1CC=C(C)CCC(=O)O)C(=O)OC2	Weight	High	-0.15573
COc1ccc(CCN(C)CCCC(C#N)(c2ccc(OC)c(OC)c2)C(C)C)cc1OC	Sex	Male	-0.05959
COc1ccc(CCN(C)CCCC(C#N)(c2ccc(OC)c(OC)c2)C(C)C)cc1OC	Sex	Female	0.0
COc1ccc(CCN(C)CCCC(C#N)(c2ccc(OC)c(OC)c2)C(C)C)cc1OC	Age	Children	-0.00202
COc1ccc(CCN(C)CCCC(C#N)(c2ccc(OC)c(OC)c2)C(C)C)cc1OC	Age	Adolescent	0.0
COc1ccc(CCN(C)CCCC(C#N)(c2ccc(OC)c(OC)c2)C(C)C)cc1OC	Age	Adult	-0.00777
COc1ccc(CCN(C)CCCC(C#N)(c2ccc(OC)c(OC)c2)C(C)C)cc1OC	Age	Elderly	-0.10769
COc1ccc(CCN(C)CCCC(C#N)(c2ccc(OC)c(OC)c2)C(C)C)cc1OC	Weight	Low	-0.114
COc1ccc(CCN(C)CCCC(C#N)(c2ccc(OC)c(OC)c2)C(C)C)cc1OC	Weight	Average	-0.08936
COc1ccc(CCN(C)CCCC(C#N)(c2ccc(OC)c(OC)c2)C(C)C)cc1OC	Weight	High	-0.18381
COc1ccc2c3c1OC1C(=O)CCC4(O)C(C2)N(C)CCC314	Sex	Male	-0.09445
COc1ccc2c3c1OC1C(=O)CCC4(O)C(C2)N(C)CCC314	Sex	Female	0.0
COc1ccc2c3c1OC1C(=O)CCC4(O)C(C2)N(C)CCC314	Age	Children	-0.00276
COc1ccc2c3c1OC1C(=O)CCC4(O)C(C2)N(C)CCC314	Age	Adolescent	0.0
COc1ccc2c3c1OC1C(=O)CCC4(O)C(C2)N(C)CCC314	Age	Adult	-0.02353
COc1ccc2c3c1OC1C(=O)CCC4(O)C(C2)N(C)CCC314	Age	Elderly	-0.12019
COc1ccc2c3c1OC1C(=O)CCC4(O)C(C2)N(C)CCC314	Weight	Low	-0.16313
COc1ccc2c3c1OC1C(=O)CCC4(O)C(C2)N(C)CCC314	Weight	Average	-0.11738
COc1ccc2c3c1OC1C(=O)CCC4(O)C(C2)N(C)CCC314	Weight	High	-0.12616
Cc1cn2nc(-c3cc(=O)n4cc(N5CCNC6(CC6)C5)ccc4n3)cc(C)c2n1	Sex	Male	-0.10881
Cc1cn2nc(-c3cc(=O)n4cc(N5CCNC6(CC6)C5)ccc4n3)cc(C)c2n1	Sex	Female	0.0
Cc1cn2nc(-c3cc(=O)n4cc(N5CCNC6(CC6)C5)ccc4n3)cc(C)c2n1	Age	Children	-0.00285
Cc1cn2nc(-c3cc(=O)n4cc(N5CCNC6(CC6)C5)ccc4n3)cc(C)c2n1	Age	Adolescent	0.0
Cc1cn2nc(-c3cc(=O)n4cc(N5CCNC6(CC6)C5)ccc4n3)cc(C)c2n1	Age	Adult	-0.02455
Cc1cn2nc(-c3cc(=O)n4cc(N5CCNC6(CC6)C5)ccc4n3)cc(C)c2n1	Age	Elderly	-0.17327
Cc1cn2nc(-c3cc(=O)n4cc(N5CCNC6(CC6)C5)ccc4n3)cc(C)c2n1	Weight	Low	-0.15689
Cc1cn2nc(-c3cc(=O)n4cc(N5CCNC6(CC6)C5)ccc4n3)cc(C)c2n1	Weight	Average	-0.11365
Cc1cn2nc(-c3cc(=O)n4cc(N5CCNC6(CC6)C5)ccc4n3)cc(C)c2n1	Weight	High	-0.13109
Clc1cccc(Cl)c1NC1=NCCN1	Sex	Male	-0.09102
Clc1cccc(Cl)c1NC1=NCCN1	Sex	Female	0.0
Clc1cccc(Cl)c1NC1=NCCN1	Age	Children	-0.00265
Clc1cccc(Cl)c1NC1=NCCN1	Age	Adolescent	0.0
Clc1cccc(Cl)c1NC1=NCCN1	Age	Adult	-0.01516
Clc1cccc(Cl)c1NC1=NCCN1	Age	Elderly	-0.12648
Clc1cccc(Cl)c1NC1=NCCN1	Weight	Low	-0.14066
Clc1cccc(Cl)c1NC1=NCCN1	Weight	Average	-0.1218
Clc1cccc(Cl)c1NC1=NCCN1	Weight	High	-0.14945
Cn1c(=O)c2[nH]cnc2n(C)c1=O	Sex	Male	-0.11337
Cn1c(=O)c2[nH]cnc2n(C)c1=O	Sex	Female	0.0
Cn1c(=O)c2[nH]cnc2n(C)c1=O	Age	Children	-0.00264
Cn1c(=O)c2[nH]cnc2n(C)c1=O	Age	Adolescent	0.0
Cn1c(=O)c2[nH]cnc2n(C)c1=O	Age	Adult	-0.02336
Cn1c(=O)c2[nH]cnc2n(C)c1=O	Age	Elderly	-0.13661
Cn1c(=O)c2[nH]cnc2n(C)c1=O	Weight	Low	-0.14191
Cn1c(=O)c2[nH]cnc2n(C)c1=O	Weight	Average	-0.12595
Cn1c(=O)c2[nH]cnc2n(C)c1=O	Weight	High	-0.16262
FCOC(C(F)(F)F)C(F)(F)F	Sex	Male	-0.09404
FCOC(C(F)(F)F)C(F)(F)F	Sex	Female	0.0
FCOC(C(F)(F)F)C(F)(F)F	Age	Children	-0.00267
FCOC(C(F)(F)F)C(F)(F)F	Age	Adolescent	0.0
FCOC(C(F)(F)F)C(F)(F)F	Age	Adult	-0.02818
FCOC(C(F)(F)F)C(F)(F)F	Age	Elderly	-0.13585
FCOC(C(F)(F)F)C(F)(F)F	Weight	Low	-0.15622
FCOC(C(F)(F)F)C(F)(F)F	Weight	Average	-0.11149
FCOC(C(F)(F)F)C(F)(F)F	Weight	High	-0.1778
N=C(N=C(N)NCCCCCCN=C(N)N=C(N)Nc1ccc(Cl)cc1)Nc1ccc(Cl)cc1	Sex	Male	-0.09262
N=C(N=C(N)NCCCCCCN=C(N)N=C(N)Nc1ccc(Cl)cc1)Nc1ccc(Cl)cc1	Sex	Female	0.0
N=C(N=C(N)NCCCCCCN=C(N)N=C(N)Nc1ccc(Cl)cc1)Nc1ccc(Cl)cc1	Age	Children	-0.01225
N=C(N=C(N)NCCCCCCN=C(N)N=C(N)Nc1ccc(Cl)cc1)Nc1ccc(Cl)cc1	Age	Adolescent	0.0
N=C(N=C(N)NCCCCCCN=C(N)N=C(N)Nc1ccc(Cl)cc1)Nc1ccc(Cl)cc1	Age	Adult	-0.02511
N=C(N=C(N)NCCCCCCN=C(N)N=C(N)Nc1ccc(Cl)cc1)Nc1ccc(Cl)cc1	Age	Elderly	-0.13268
N=C(N=C(N)NCCCCCCN=C(N)N=C(N)Nc1ccc(Cl)cc1)Nc1ccc(Cl)cc1	Weight	Low	-0.1887
N=C(N=C(N)NCCCCCCN=C(N)N=C(N)Nc1ccc(Cl)cc1)Nc1ccc(Cl)cc1	Weight	Average	-0.12749
N=C(N=C(N)NCCCCCCN=C(N)N=C(N)Nc1ccc(Cl)cc1)Nc1ccc(Cl)cc1	Weight	High	-0.13298
NC(=O)CS(=O)C(c1ccccc1)c1ccccc1	Sex	Male	-0.06864
NC(=O)CS(=O)C(c1ccccc1)c1ccccc1	Sex	Female	0.0
NC(=O)CS(=O)C(c1ccccc1)c1ccccc1	Age	Children	-0.00201
NC(=O)CS(=O)C(c1ccccc1)c1ccccc1	Age	Adolescent	0.0
NC(=O)CS(=O)C(c1ccccc1)c1ccccc1	Age	Adult	-0.01918
NC(=O)CS(=O)C(c1ccccc1)c1ccccc1	Age	Elderly	-0.10803
NC(=O)CS(=O)C(c1ccccc1)c1ccccc1	Weight	Low	-0.12837
NC(=O)CS(=O)C(c1ccccc1)c1ccccc1	Weight	Average	-0.11946
NC(=O)CS(=O)C(c1ccccc1)c1ccccc1	Weight	High	-0.14437
C=C(C)C1CCC(C)=CC1c1c(O)cc(CCCCC)cc1O	Sex	Male	-0.08357
C=C(C)C1CCC(C)=CC1c1c(O)cc(CCCCC)cc1O	Sex	Female	0.0
C=C(C)C1CCC(C)=CC1c1c(O)cc(CCCCC)cc1O	Age	Children	-0.00278
C=C(C)C1CCC(C)=CC1c1c(O)cc(CCCCC)cc1O	Age	Adolescent	0.0
C=C(C)C1CCC(C)=CC1c1c(O)cc(CCCCC)cc1O	Age	Adult	-0.0154
C=C(C)C1CCC(C)=CC1c1c(O)cc(CCCCC)cc1O	Age	Elderly	-0.1379
C=C(C)C1CCC(C)=CC1c1c(O)cc(CCCCC)cc1O	Weight	Low	-0.14359
C=C(C)C1CCC(C)=CC1c1c(O)cc(CCCCC)cc1O	Weight	Average	-0.12382
C=C(C)C1CCC(C)=CC1c1c(O)cc(CCCCC)cc1O	Weight	High	-0.15571
C=CC[N+]1(C2CC3C4CCC5CC(O)C(N6CCOCC6)CC5(C)C4CCC3(C)C2OC(C)=O)CCCC1	Sex	Male	-0.03782
C=CC[N+]1(C2CC3C4CCC5CC(O)C(N6CCOCC6)CC5(C)C4CCC3(C)C2OC(C)=O)CCCC1	Sex	Female	0.0
C=CC[N+]1(C2CC3C4CCC5CC(O)C(N6CCOCC6)CC5(C)C4CCC3(C)C2OC(C)=O)CCCC1	Age	Children	-0.00283
C=CC[N+]1(C2CC3C4CCC5CC(O)C(N6CCOCC6)CC5(C)C4CCC3(C)C2OC(C)=O)CCCC1	Age	Adolescent	0.0
C=CC[N+]1(C2CC3C4CCC5CC(O)C(N6CCOCC6)CC5(C)C4CCC3(C)C2OC(C)=O)CCCC1	Age	Adult	-0.01274
C=CC[N+]1(C2CC3C4CCC5CC(O)C(N6CCOCC6)CC5(C)C4CCC3(C)C2OC(C)=O)CCCC1	Age	Elderly	-0.09121
C=CC[N+]1(C2CC3C4CCC5CC(O)C(N6CCOCC6)CC5(C)C4CCC3(C)C2OC(C)=O)CCCC1	Weight	Low	-0.12469
C=CC[N+]1(C2CC3C4CCC5CC(O)C(N6CCOCC6)CC5(C)C4CCC3(C)C2OC(C)=O)CCCC1	Weight	Average	-0.08779
C=CC[N+]1(C2CC3C4CCC5CC(O)C(N6CCOCC6)CC5(C)C4CCC3(C)C2OC(C)=O)CCCC1	Weight	High	-0.13354
CC(Cc1ccccc1)NC(=O)C(N)CCCCN	Sex	Male	-0.05333
CC(Cc1ccccc1)NC(=O)C(N)CCCCN	Sex	Female	0.0
CC(Cc1ccccc1)NC(=O)C(N)CCCCN	Age	Children	-0.00135
CC(Cc1ccccc1)NC(=O)C(N)CCCCN	Age	Adolescent	0.0
CC(Cc1ccccc1)NC(=O)C(N)CCCCN	Age	Adult	-0.01633
CC(Cc1ccccc1)NC(=O)C(N)CCCCN	Age	Elderly	-0.08848
CC(Cc1ccccc1)NC(=O)C(N)CCCCN	Weight	Low	-0.09896
CC(Cc1ccccc1)NC(=O)C(N)CCCCN	Weight	Average	-0.08598
CC(Cc1ccccc1)NC(=O)C(N)CCCCN	Weight	High	-0.10824
COC(=O)C(c1ccccc1)C1CCCCN1	Sex	Male	-0.08129
COC(=O)C(c1ccccc1)C1CCCCN1	Sex	Female	0.0
COC(=O)C(c1ccccc1)C1CCCCN1	Age	Children	-0.00214
COC(=O)C(c1ccccc1)C1CCCCN1	Age	Adolescent	0.0
COC(=O)C(c1ccccc1)C1CCCCN1	Age	Adult	-0.02286
COC(=O)C(c1ccccc1)C1CCCCN1	Age	Elderly	-0.15513
COC(=O)C(c1ccccc1)C1CCCCN1	Weight	Low	-0.1335
COC(=O)C(c1ccccc1)C1CCCCN1	Weight	Average	-0.13
COC(=O)C(c1ccccc1)C1CCCCN1	Weight	High	-0.16848
COc1cccc2c(O)c3c(c(O)c12)C(=O)C1=C(CC(O)(C(=O)CO)CC1OC1CC(N)C(O)C(C)O1)C3=O	Sex	Male	-0.14506
COc1cccc2c(O)c3c(c(O)c12)C(=O)C1=C(CC(O)(C(=O)CO)CC1OC1CC(N)C(O)C(C)O1)C3=O	Sex	Female	0.0
COc1cccc2c(O)c3c(c(O)c12)C(=O)C1=C(CC(O)(C(=O)CO)CC1OC1CC(N)C(O)C(C)O1)C3=O	Age	Children	-0.00276
COc1cccc2c(O)c3c(c(O)c12)C(=O)C1=C(CC(O)(C(=O)CO)CC1OC1CC(N)C(O)C(C)O1)C3=O	Age	Adolescent	0.0
COc1cccc2c(O)c3c(c(O)c12)C(=O)C1=C(CC(O)(C(=O)CO)CC1OC1CC(N)C(O)C(C)O1)C3=O	Age	Adult	-0.02218
COc1cccc2c(O)c3c(c(O)c12)C(=O)C1=C(CC(O)(C(=O)CO)CC1OC1CC(N)C(O)C(C)O1)C3=O	Age	Elderly	-0.12605
COc1cccc2c(O)c3c(c(O)c12)C(=O)C1=C(CC(O)(C(=O)CO)CC1OC1CC(N)C(O)C(C)O1)C3=O	Weight	Low	-0.11969
COc1cccc2c(O)c3c(c(O)c12)C(=O)C1=C(CC(O)(C(=O)CO)CC1OC1CC(N)C(O)C(C)O1)C3=O	Weight	Average	-0.09233
COc1cccc2c(O)c3c(c(O)c12)C(=O)C1=C(CC(O)(C(=O)CO)CC1OC1CC(N)C(O)C(C)O1)C3=O	Weight	High	-0.15731
COc1cccc2c(O)c3c(c(O)c12)C(=O)C1=C(CC(O)(C(C)=O)CC1OC1CC(N)C(O)C(C)O1)C3=O	Sex	Male	-0.13603
COc1cccc2c(O)c3c(c(O)c12)C(=O)C1=C(CC(O)(C(C)=O)CC1OC1CC(N)C(O)C(C)O1)C3=O	Sex	Female	0.0
COc1cccc2c(O)c3c(c(O)c12)C(=O)C1=C(CC(O)(C(C)=O)CC1OC1CC(N)C(O)C(C)O1)C3=O	Age	Children	-0.00281
COc1cccc2c(O)c3c(c(O)c12)C(=O)C1=C(CC(O)(C(C)=O)CC1OC1CC(N)C(O)C(C)O1)C3=O	Age	Adolescent	0.0
COc1cccc2c(O)c3c(c(O)c12)C(=O)C1=C(CC(O)(C(C)=O)CC1OC1CC(N)C(O)C(C)O1)C3=O	Age	Adult	-0.02165
COc1cccc2c(O)c3c(c(O)c12)C(=O)C1=C(CC(O)(C(C)=O)CC1OC1CC(N)C(O)C(C)O1)C3=O	Age	Elderly	-0.12619
COc1cccc2c(O)c3c(c(O)c12)C(=O)C1=C(CC(O)(C(C)=O)CC1OC1CC(N)C(O)C(C)O1)C3=O	Weight	Low	-0.11728
COc1cccc2c(O)c3c(c(O)c12)C(=O)C1=C(CC(O)(C(C)=O)CC1OC1CC(N)C(O)C(C)O1)C3=O	Weight	Average	-0.09267
COc1cccc2c(O)c3c(c(O)c12)C(=O)C1=C(CC(O)(C(C)=O)CC1OC1CC(N)C(O)C(C)O1)C3=O	Weight	High	-0.15542
Clc1ccc2nsnc2c1NC1=NCCN1	Sex	Male	-0.09636
Clc1ccc2nsnc2c1NC1=NCCN1	Sex	Female	0.0
Clc1ccc2nsnc2c1NC1=NCCN1	Age	Children	-0.00273
Clc1ccc2nsnc2c1NC1=NCCN1	Age	Adolescent	0.0
Clc1ccc2nsnc2c1NC1=NCCN1	Age	Adult	-0.01562
Clc1ccc2nsnc2c1NC1=NCCN1	Age	Elderly	-0.12428
Clc1ccc2nsnc2c1NC1=NCCN1	Weight	Low	-0.15765
Clc1ccc2nsnc2c1NC1=NCCN1	Weight	Average	-0.12232
Clc1ccc2nsnc2c1NC1=NCCN1	Weight	High	-0.14382
NCC1CCC(C(=O)O)CC1	Sex	Male	-0.07949
NCC1CCC(C(=O)O)CC1	Sex	Female	0.0
NCC1CCC(C(=O)O)CC1	Age	Children	-0.00247
NCC1CCC(C(=O)O)CC1	Age	Adolescent	0.0
NCC1CCC(C(=O)O)CC1	Age	Adult	-0.02491
NCC1CCC(C(=O)O)CC1	Age	Elderly	-0.11777
NCC1CCC(C(=O)O)CC1	Weight	Low	-0.14735
NCC1CCC(C(=O)O)CC1	Weight	Average	-0.1233
NCC1CCC(C(=O)O)CC1	Weight	High	-0.15101
O=C(O)c1ccc(-n2nc(-c3ccccc3O)nc2-c2ccccc2O)cc1	Sex	Male	-0.08964
O=C(O)c1ccc(-n2nc(-c3ccccc3O)nc2-c2ccccc2O)cc1	Sex	Female	0.0
O=C(O)c1ccc(-n2nc(-c3ccccc3O)nc2-c2ccccc2O)cc1	Age	Children	-0.00284
O=C(O)c1ccc(-n2nc(-c3ccccc3O)nc2-c2ccccc2O)cc1	Age	Adolescent	0.0
O=C(O)c1ccc(-n2nc(-c3ccccc3O)nc2-c2ccccc2O)cc1	Age	Adult	-0.0293
O=C(O)c1ccc(-n2nc(-c3ccccc3O)nc2-c2ccccc2O)cc1	Age	Elderly	-0.13303
O=C(O)c1ccc(-n2nc(-c3ccccc3O)nc2-c2ccccc2O)cc1	Weight	Low	-0.14713
O=C(O)c1ccc(-n2nc(-c3ccccc3O)nc2-c2ccccc2O)cc1	Weight	Average	-0.13567
O=C(O)c1ccc(-n2nc(-c3ccccc3O)nc2-c2ccccc2O)cc1	Weight	High	-0.12552
O=C1C(CCC(O)c2ccc(F)cc2)C(c2ccc(O)cc2)N1c1ccc(F)cc1	Sex	Male	-0.10705
O=C1C(CCC(O)c2ccc(F)cc2)C(c2ccc(O)cc2)N1c1ccc(F)cc1	Sex	Female	0.0
O=C1C(CCC(O)c2ccc(F)cc2)C(c2ccc(O)cc2)N1c1ccc(F)cc1	Age	Children	-0.00198
O=C1C(CCC(O)c2ccc(F)cc2)C(c2ccc(O)cc2)N1c1ccc(F)cc1	Age	Adolescent	0.0
O=C1C(CCC(O)c2ccc(F)cc2)C(c2ccc(O)cc2)N1c1ccc(F)cc1	Age	Adult	-0.02733
O=C1C(CCC(O)c2ccc(F)cc2)C(c2ccc(O)cc2)N1c1ccc(F)cc1	Age	Elderly	-0.18068
O=C1C(CCC(O)c2ccc(F)cc2)C(c2ccc(O)cc2)N1c1ccc(F)cc1	Weight	Low	-0.13639
O=C1C(CCC(O)c2ccc(F)cc2)C(c2ccc(O)cc2)N1c1ccc(F)cc1	Weight	Average	-0.12155
O=C1C(CCC(O)c2ccc(F)cc2)C(c2ccc(O)cc2)N1c1ccc(F)cc1	Weight	High	-0.16153
CC1(C)OC2COC3(COS(N)(=O)=O)OC(C)(C)OC3C2O1	Sex	Male	-0.09954
CC1(C)OC2COC3(COS(N)(=O)=O)OC(C)(C)OC3C2O1	Sex	Female	0.0
CC1(C)OC2COC3(COS(N)(=O)=O)OC(C)(C)OC3C2O1	Age	Children	-0.00285
CC1(C)OC2COC3(COS(N)(=O)=O)OC(C)(C)OC3C2O1	Age	Adolescent	0.0
CC1(C)OC2COC3(COS(N)(=O)=O)OC(C)(C)OC3C2O1	Age	Adult	-0.0237
CC1(C)OC2COC3(COS(N)(=O)=O)OC(C)(C)OC3C2O1	Age	Elderly	-0.12022
CC1(C)OC2COC3(COS(N)(=O)=O)OC(C)(C)OC3C2O1	Weight	Low	-0.15983
CC1(C)OC2COC3(COS(N)(=O)=O)OC(C)(C)OC3C2O1	Weight	Average	-0.10874
CC1(C)OC2COC3(COS(N)(=O)=O)OC(C)(C)OC3C2O1	Weight	High	-0.12036
CNC(=O)c1ccccc1Sc1ccc2c(C=Cc3ccccn3)[nH]nc2c1	Sex	Male	-0.06625
CNC(=O)c1ccccc1Sc1ccc2c(C=Cc3ccccn3)[nH]nc2c1	Sex	Female	0.0
CNC(=O)c1ccccc1Sc1ccc2c(C=Cc3ccccn3)[nH]nc2c1	Age	Children	-0.00279
CNC(=O)c1ccccc1Sc1ccc2c(C=Cc3ccccn3)[nH]nc2c1	Age	Adolescent	0.0
CNC(=O)c1ccccc1Sc1ccc2c(C=Cc3ccccn3)[nH]nc2c1	Age	Adult	-0.02007
CNC(=O)c1ccccc1Sc1ccc2c(C=Cc3ccccn3)[nH]nc2c1	Age	Elderly	-0.09594
CNC(=O)c1ccccc1Sc1ccc2c(C=Cc3ccccn3)[nH]nc2c1	Weight	Low	-0.12983
CNC(=O)c1ccccc1Sc1ccc2c(C=Cc3ccccn3)[nH]nc2c1	Weight	Average	-0.08722
CNC(=O)c1ccccc1Sc1ccc2c(C=Cc3ccccn3)[nH]nc2c1	Weight	High	-0.14283
Brc1c(NC2=NCCN2)ccc2nccnc12	Sex	Male	-0.0865
Brc1c(NC2=NCCN2)ccc2nccnc12	Sex	Female	0.0
Brc1c(NC2=NCCN2)ccc2nccnc12	Age	Children	-0.00284
Brc1c(NC2=NCCN2)ccc2nccnc12	Age	Adolescent	0.0
Brc1c(NC2=NCCN2)ccc2nccnc12	Age	Adult	-0.01567
Brc1c(NC2=NCCN2)ccc2nccnc12	Age	Elderly	-0.11776
Brc1c(NC2=NCCN2)ccc2nccnc12	Weight	Low	-0.16552
Brc1c(NC2=NCCN2)ccc2nccnc12	Weight	Average	-0.12314
Brc1c(NC2=NCCN2)ccc2nccnc12	Weight	High	-0.13511
C=C1C(=CC=C2CCCC3(C)C2CCC3C(C)CCCC(C)(C)O)CC(O)CC1O	Sex	Male	-0.05613
C=C1C(=CC=C2CCCC3(C)C2CCC3C(C)CCCC(C)(C)O)CC(O)CC1O	Sex	Female	0.0
C=C1C(=CC=C2CCCC3(C)C2CCC3C(C)CCCC(C)(C)O)CC(O)CC1O	Age	Children	0.03673
C=C1C(=CC=C2CCCC3(C)C2CCC3C(C)CCCC(C)(C)O)CC(O)CC1O	Age	Adolescent	0.0
C=C1C(=CC=C2CCCC3(C)C2CCC3C(C)CCCC(C)(C)O)CC(O)CC1O	Age	Adult	-0.01517
C=C1C(=CC=C2CCCC3(C)C2CCC3C(C)CCCC(C)(C)O)CC(O)CC1O	Age	Elderly	-0.08555
C=C1C(=CC=C2CCCC3(C)C2CCC3C(C)CCCC(C)(C)O)CC(O)CC1O	Weight	Low	-0.10683
C=C1C(=CC=C2CCCC3(C)C2CCC3C(C)CCCC(C)(C)O)CC(O)CC1O	Weight	Average	-0.0941
C=C1C(=CC=C2CCCC3(C)C2CCC3C(C)CCCC(C)(C)O)CC(O)CC1O	Weight	High	-0.0961
C=CCN1CCC23c4c5ccc(O)c4OC2C(=O)CCC3(O)C1C5	Sex	Male	-0.13336
C=CCN1CCC23c4c5ccc(O)c4OC2C(=O)CCC3(O)C1C5	Sex	Female	0.0
C=CCN1CCC23c4c5ccc(O)c4OC2C(=O)CCC3(O)C1C5	Age	Children	-0.00286
C=CCN1CCC23c4c5ccc(O)c4OC2C(=O)CCC3(O)C1C5	Age	Adolescent	0.0
C=CCN1CCC23c4c5ccc(O)c4OC2C(=O)CCC3(O)C1C5	Age	Adult	-0.02625
C=CCN1CCC23c4c5ccc(O)c4OC2C(=O)CCC3(O)C1C5	Age	Elderly	-0.11815
C=CCN1CCC23c4c5ccc(O)c4OC2C(=O)CCC3(O)C1C5	Weight	Low	-0.1531
C=CCN1CCC23c4c5ccc(O)c4OC2C(=O)CCC3(O)C1C5	Weight	Average	-0.1154
C=CCN1CCC23c4c5ccc(O)c4OC2C(=O)CCC3(O)C1C5	Weight	High	-0.1286
CC(=O)Oc1ccccc1C(=O)O	Sex	Male	-0.0711
CC(=O)Oc1ccccc1C(=O)O	Sex	Female	0.0
CC(=O)Oc1ccccc1C(=O)O	Age	Children	0.0
CC(=O)Oc1ccccc1C(=O)O	Age	Adolescent	0.0
CC(=O)Oc1ccccc1C(=O)O	Age	Adult	-0.02172
CC(=O)Oc1ccccc1C(=O)O	Age	Elderly	-0.11559
CC(=O)Oc1ccccc1C(=O)O	Weight	Low	-0.10715
CC(=O)Oc1ccccc1C(=O)O	Weight	Average	-0.08499
CC(=O)Oc1ccccc1C(=O)O	Weight	High	-0.12745
CC(C)(C)NC(=O)C1CCC2C3CCC4NC(=O)C=CC4(C)C3CCC12C	Sex	Male	-0.03119
CC(C)(C)NC(=O)C1CCC2C3CCC4NC(=O)C=CC4(C)C3CCC12C	Sex	Female	0.0
CC(C)(C)NC(=O)C1CCC2C3CCC4NC(=O)C=CC4(C)C3CCC12C	Age	Children	-0.00257
CC(C)(C)NC(=O)C1CCC2C3CCC4NC(=O)C=CC4(C)C3CCC12C	Age	Adolescent	0.0
CC(C)(C)NC(=O)C1CCC2C3CCC4NC(=O)C=CC4(C)C3CCC12C	Age	Adult	-0.0131
CC(C)(C)NC(=O)C1CCC2C3CCC4NC(=O)C=CC4(C)C3CCC12C	Age	Elderly	-0.06545
CC(C)(C)NC(=O)C1CCC2C3CCC4NC(=O)C=CC4(C)C3CCC12C	Weight	Low	-0.1148
CC(C)(C)NC(=O)C1CCC2C3CCC4NC(=O)C=CC4(C)C3CCC12C	Weight	Average	-0.05669
CC(C)(C)NC(=O)C1CCC2C3CCC4NC(=O)C=CC4(C)C3CCC12C	Weight	High	-0.11702
CC(C)(N)Cc1ccccc1	Sex	Male	-0.08634
CC(C)(N)Cc1ccccc1	Sex	Female	0.0
CC(C)(N)Cc1ccccc1	Age	Children	-0.00275
CC(C)(N)Cc1ccccc1	Age	Adolescent	0.0
CC(C)(N)Cc1ccccc1	Age	Adult	-0.02904
CC(C)(N)Cc1ccccc1	Age	Elderly	-0.14911
CC(C)(N)Cc1ccccc1	Weight	Low	-0.14596
CC(C)(N)Cc1ccccc1	Weight	Average	-0.13845
CC(C)(N)Cc1ccccc1	Weight	High	-0.18092
CC(CCC(=O)O)C1CCC2C3C(O)CC4CC(O)CCC4(C)C3CCC12C	Sex	Male	-0.02969
CC(CCC(=O)O)C1CCC2C3C(O)CC4CC(O)CCC4(C)C3CCC12C	Sex	Female	0.0
CC(CCC(=O)O)C1CCC2C3C(O)CC4CC(O)CCC4(C)C3CCC12C	Age	Children	-0.00271
CC(CCC(=O)O)C1CCC2C3C(O)CC4CC(O)CCC4(C)C3CCC12C	Age	Adolescent	0.0
CC(CCC(=O)O)C1CCC2C3C(O)CC4CC(O)CCC4(C)C3CCC12C	Age	Adult	-0.02169
CC(CCC(=O)O)C1CCC2C3C(O)CC4CC(O)CCC4(C)C3CCC12C	Age	Elderly	-0.10458
CC(CCC(=O)O)C1CCC2C3C(O)CC4CC(O)CCC4(C)C3CCC12C	Weight	Low	-0.13677
CC(CCC(=O)O)C1CCC2C3C(O)CC4CC(O)CCC4(C)C3CCC12C	Weight	Average	-0.10198
CC(CCC(=O)O)C1CCC2C3C(O)CC4CC(O)CCC4(C)C3CCC12C	Weight	High	-0.13671
CC(CCc1ccccc1)NCC(O)c1ccc(O)c(C(N)=O)c1	Sex	Male	-0.05128
CC(CCc1ccccc1)NCC(O)c1ccc(O)c(C(N)=O)c1	Sex	Female	0.0
CC(CCc1ccccc1)NCC(O)c1ccc(O)c(C(N)=O)c1	Age	Children	-0.00235
CC(CCc1ccccc1)NCC(O)c1ccc(O)c(C(N)=O)c1	Age	Adolescent	0.0
CC(CCc1ccccc1)NCC(O)c1ccc(O)c(C(N)=O)c1	Age	Adult	-0.01371
CC(CCc1ccccc1)NCC(O)c1ccc(O)c(C(N)=O)c1	Age	Elderly	-0.09002
CC(CCc1ccccc1)NCC(O)c1ccc(O)c(C(N)=O)c1	Weight	Low	-0.08802
CC(CCc1ccccc1)NCC(O)c1ccc(O)c(C(N)=O)c1	Weight	Average	-0.08208
CC(CCc1ccccc1)NCC(O)c1ccc(O)c(C(N)=O)c1	Weight	High	-0.09845
CC1(C)SC2C(NC(=O)Cc3ccccc3)C(=O)N2C1C(=O)O	Sex	Male	-0.07264
CC1(C)SC2C(NC(=O)Cc3ccccc3)C(=O)N2C1C(=O)O	Sex	Female	0.0
CC1(C)SC2C(NC(=O)Cc3ccccc3)C(=O)N2C1C(=O)O	Age	Children	-0.00286
CC1(C)SC2C(NC(=O)Cc3ccccc3)C(=O)N2C1C(=O)O	Age	Adolescent	0.0
CC1(C)SC2C(NC(=O)Cc3ccccc3)C(=O)N2C1C(=O)O	Age	Adult	-0.0254
CC1(C)SC2C(NC(=O)Cc3ccccc3)C(=O)N2C1C(=O)O	Age	Elderly	-0.11906
CC1(C)SC2C(NC(=O)Cc3ccccc3)C(=O)N2C1C(=O)O	Weight	Low	-0.12448
CC1(C)SC2C(NC(=O)Cc3ccccc3)C(=O)N2C1C(=O)O	Weight	Average	-0.12599
CC1(C)SC2C(NC(=O)Cc3ccccc3)C(=O)N2C1C(=O)O	Weight	High	-0.14955
CC12OC(CC1(O)CO)n1c3ccccc3c3c4c(c5c6ccccc6n2c5c31)CNC4=O	Sex	Male	-0.0747
CC12OC(CC1(O)CO)n1c3ccccc3c3c4c(c5c6ccccc6n2c5c31)CNC4=O	Sex	Female	0.0
CC12OC(CC1(O)CO)n1c3ccccc3c3c4c(c5c6ccccc6n2c5c31)CNC4=O	Age	Children	-0.00112
CC12OC(CC1(O)CO)n1c3ccccc3c3c4c(c5c6ccccc6n2c5c31)CNC4=O	Age	Adolescent	0.0
CC12OC(CC1(O)CO)n1c3ccccc3c3c4c(c5c6ccccc6n2c5c31)CNC4=O	Age	Adult	-0.01584
CC12OC(CC1(O)CO)n1c3ccccc3c3c4c(c5c6ccccc6n2c5c31)CNC4=O	Age	Elderly	-0.09977
CC12OC(CC1(O)CO)n1c3ccccc3c3c4c(c5c6ccccc6n2c5c31)CNC4=O	Weight	Low	-0.10754
CC12OC(CC1(O)CO)n1c3ccccc3c3c4c(c5c6ccccc6n2c5c31)CNC4=O	Weight	Average	-0.07722
CC12OC(CC1(O)CO)n1c3ccccc3c3c4c(c5c6ccccc6n2c5c31)CNC4=O	Weight	High	-0.11105
CC1C(=NC(=O)C(NOC(C)(C)C(=O)O)c2csc(N)n2)C(=O)N1S(=O)(=O)O	Sex	Male	-0.09754
CC1C(=NC(=O)C(NOC(C)(C)C(=O)O)c2csc(N)n2)C(=O)N1S(=O)(=O)O	Sex	Female	0.0
CC1C(=NC(=O)C(NOC(C)(C)C(=O)O)c2csc(N)n2)C(=O)N1S(=O)(=O)O	Age	Children	-0.00286
CC1C(=NC(=O)C(NOC(C)(C)C(=O)O)c2csc(N)n2)C(=O)N1S(=O)(=O)O	Age	Adolescent	0.0
CC1C(=NC(=O)C(NOC(C)(C)C(=O)O)c2csc(N)n2)C(=O)N1S(=O)(=O)O	Age	Adult	-0.0174
CC1C(=NC(=O)C(NOC(C)(C)C(=O)O)c2csc(N)n2)C(=O)N1S(=O)(=O)O	Age	Elderly	-0.12857
CC1C(=NC(=O)C(NOC(C)(C)C(=O)O)c2csc(N)n2)C(=O)N1S(=O)(=O)O	Weight	Low	-0.07198
CC1C(=NC(=O)C(NOC(C)(C)C(=O)O)c2csc(N)n2)C(=O)N1S(=O)(=O)O	Weight	Average	-0.12246
CC1C(=NC(=O)C(NOC(C)(C)C(=O)O)c2csc(N)n2)C(=O)N1S(=O)(=O)O	Weight	High	-0.16782
CC1CCOC2Cn3cc(C(=O)NCc4ccc(F)cc4F)c(=O)c(O)c3C(=O)N12	Sex	Male	-0.10436
CC1CCOC2Cn3cc(C(=O)NCc4ccc(F)cc4F)c(=O)c(O)c3C(=O)N12	Sex	Female	0.0
CC1CCOC2Cn3cc(C(=O)NCc4ccc(F)cc4F)c(=O)c(O)c3C(=O)N12	Age	Children	-0.00283
CC1CCOC2Cn3cc(C(=O)NCc4ccc(F)cc4F)c(=O)c(O)c3C(=O)N12	Age	Adolescent	0.0
CC1CCOC2Cn3cc(C(=O)NCc4ccc(F)cc4F)c(=O)c(O)c3C(=O)N12	Age	Adult	-0.02299
CC1CCOC2Cn3cc(C(=O)NCc4ccc(F)cc4F)c(=O)c(O)c3C(=O)N12	Age	Elderly	-0.13456
CC1CCOC2Cn3cc(C(=O)NCc4ccc(F)cc4F)c(=O)c(O)c3C(=O)N12	Weight	Low	-0.11785
CC1CCOC2Cn3cc(C(=O)NCc4ccc(F)cc4F)c(=O)c(O)c3C(=O)N12	Weight	Average	-0.0873
CC1CCOC2Cn3cc(C(=O)NCc4ccc(F)cc4F)c(=O)c(O)c3C(=O)N12	Weight	High	-0.1428
CC1COc2c(N3CCN(C)CC3)c(F)cc3c(=O)c(C(=O)O)cn1c23	Sex	Male	-0.08838
CC1COc2c(N3CCN(C)CC3)c(F)cc3c(=O)c(C(=O)O)cn1c23	Sex	Female	0.0
CC1COc2c(N3CCN(C)CC3)c(F)cc3c(=O)c(C(=O)O)cn1c23	Age	Children	-0.00262
CC1COc2c(N3CCN(C)CC3)c(F)cc3c(=O)c(C(=O)O)cn1c23	Age	Adolescent	0.0
CC1COc2c(N3CCN(C)CC3)c(F)cc3c(=O)c(C(=O)O)cn1c23	Age	Adult	-0.02386
CC1COc2c(N3CCN(C)CC3)c(F)cc3c(=O)c(C(=O)O)cn1c23	Age	Elderly	-0.11546
CC1COc2c(N3CCN(C)CC3)c(F)cc3c(=O)c(C(=O)O)cn1c23	Weight	Low	-0.11464
CC1COc2c(N3CCN(C)CC3)c(F)cc3c(=O)c(C(=O)O)cn1c23	Weight	Average	-0.09415
CC1COc2c(N3CCN(C)CC3)c(F)cc3c(=O)c(C(=O)O)cn1c23	Weight	High	-0.10561
CCCNC(C)C(=O)Nc1c(C)csc1C(=O)OC	Sex	Male	-0.0699
CCCNC(C)C(=O)Nc1c(C)csc1C(=O)OC	Sex	Female	0.0
CCCNC(C)C(=O)Nc1c(C)csc1C(=O)OC	Age	Children	-0.00285
CCCNC(C)C(=O)Nc1c(C)csc1C(=O)OC	Age	Adolescent	0.0
CCCNC(C)C(=O)Nc1c(C)csc1C(=O)OC	Age	Adult	-0.02501
CCCNC(C)C(=O)Nc1c(C)csc1C(=O)OC	Age	Elderly	-0.08108
CCCNC(C)C(=O)Nc1c(C)csc1C(=O)OC	Weight	Low	-0.15736
CCCNC(C)C(=O)Nc1c(C)csc1C(=O)OC	Weight	Average	-0.13256
CCCNC(C)C(=O)Nc1c(C)csc1C(=O)OC	Weight	High	-0.14334
CCCNCC(O)COc1ccccc1C(=O)CCc1ccccc1	Sex	Male	-0.04347
CCCNCC(O)COc1ccccc1C(=O)CCc1ccccc1	Sex	Female	0.0
CCCNCC(O)COc1ccccc1C(=O)CCc1ccccc1	Age	Children	-0.00128
CCCNCC(O)COc1ccccc1C(=O)CCc1ccccc1	Age	Adolescent	0.0
CCCNCC(O)COc1ccccc1C(=O)CCc1ccccc1	Age	Adult	-0.01028
CCCNCC(O)COc1ccccc1C(=O)CCc1ccccc1	Age	Elderly	-0.06873
CCCNCC(O)COc1ccccc1C(=O)CCc1ccccc1	Weight	Low	-0.06439
CCCNCC(O)COc1ccccc1C(=O)CCc1ccccc1	Weight	Average	-0.06235
CCCNCC(O)COc1ccccc1C(=O)CCc1ccccc1	Weight	High	-0.08407
CCCc1nn(C)c2c(=O)[nH]c(-c3cc(S(=O)(=O)N4CCN(C)CC4)ccc3OCC)nc12	Sex	Male	-0.10782
CCCc1nn(C)c2c(=O)[nH]c(-c3cc(S(=O)(=O)N4CCN(C)CC4)ccc3OCC)nc12	Sex	Female	0.0
CCCc1nn(C)c2c(=O)[nH]c(-c3cc(S(=O)(=O)N4CCN(C)CC4)ccc3OCC)nc12	Age	Children	-0.0027
CCCc1nn(C)c2c(=O)[nH]c(-c3cc(S(=O)(=O)N4CCN(C)CC4)ccc3OCC)nc12	Age	Adolescent	0.0
CCCc1nn(C)c2c(=O)[nH]c(-c3cc(S(=O)(=O)N4CCN(C)CC4)ccc3OCC)nc12	Age	Adult	-0.02508
CCCc1nn(C)c2c(=O)[nH]c(-c3cc(S(=O)(=O)N4CCN(C)CC4)ccc3OCC)nc12	Age	Elderly	-0.13435
CCCc1nn(C)c2c(=O)[nH]c(-c3cc(S(=O)(=O)N4CCN(C)CC4)ccc3OCC)nc12	Weight	Low	-0.12095
CCCc1nn(C)c2c(=O)[nH]c(-c3cc(S(=O)(=O)N4CCN(C)CC4)ccc3OCC)nc12	Weight	Average	-0.09829
CCCc1nn(C)c2c(=O)[nH]c(-c3cc(S(=O)(=O)N4CCN(C)CC4)ccc3OCC)nc12	Weight	High	-0.12867
CCN(Cc1ccncc1)C(=O)C(CO)c1ccccc1	Sex	Male	-0.04979
CCN(Cc1ccncc1)C(=O)C(CO)c1ccccc1	Sex	Female	0.0
CCN(Cc1ccncc1)C(=O)C(CO)c1ccccc1	Age	Children	-0.00254
CCN(Cc1ccncc1)C(=O)C(CO)c1ccccc1	Age	Adolescent	0.0
CCN(Cc1ccncc1)C(=O)C(CO)c1ccccc1	Age	Adult	-0.02209
CCN(Cc1ccncc1)C(=O)C(CO)c1ccccc1	Age	Elderly	-0.1072
CCN(Cc1ccncc1)C(=O)C(CO)c1ccccc1	Weight	Low	-0.12256
CCN(Cc1ccncc1)C(=O)C(CO)c1ccccc1	Weight	Average	-0.10064
CCN(Cc1ccncc1)C(=O)C(CO)c1ccccc1	Weight	High	-0.1349
CCOC(=O)C(C)CC(Cc1ccc(-c2ccccc2)cc1)NC(=O)CCC(=O)O	Sex	Male	-0.06438
CCOC(=O)C(C)CC(Cc1ccc(-c2ccccc2)cc1)NC(=O)CCC(=O)O	Sex	Female	0.0
CCOC(=O)C(C)CC(Cc1ccc(-c2ccccc2)cc1)NC(=O)CCC(=O)O	Age	Children	-0.0026
CCOC(=O)C(C)CC(Cc1ccc(-c2ccccc2)cc1)NC(=O)CCC(=O)O	Age	Adolescent	0.0
CCOC(=O)C(C)CC(Cc1ccc(-c2ccccc2)cc1)NC(=O)CCC(=O)O	Age	Adult	-0.02366
CCOC(=O)C(C)CC(Cc1ccc(-c2ccccc2)cc1)NC(=O)CCC(=O)O	Age	Elderly	-0.13759
CCOC(=O)C(C)CC(Cc1ccc(-c2ccccc2)cc1)NC(=O)CCC(=O)O	Weight	Low	-0.12331
CCOC(=O)C(C)CC(Cc1ccc(-c2ccccc2)cc1)NC(=O)CCC(=O)O	Weight	Average	-0.10719
CCOC(=O)C(C)CC(Cc1ccc(-c2ccccc2)cc1)NC(=O)CCC(=O)O	Weight	High	-0.17024
CCOC(=O)C(CCc1ccccc1)NC(C)C(=O)N1CCCC1C(=O)O	Sex	Male	-0.07459
CCOC(=O)C(CCc1ccccc1)NC(C)C(=O)N1CCCC1C(=O)O	Sex	Female	0.0
CCOC(=O)C(CCc1ccccc1)NC(C)C(=O)N1CCCC1C(=O)O	Age	Children	-0.00222
CCOC(=O)C(CCc1ccccc1)NC(C)C(=O)N1CCCC1C(=O)O	Age	Adolescent	0.0
CCOC(=O)C(CCc1ccccc1)NC(C)C(=O)N1CCCC1C(=O)O	Age	Adult	-0.02186
CCOC(=O)C(CCc1ccccc1)NC(C)C(=O)N1CCCC1C(=O)O	Age	Elderly	-0.12456
CCOC(=O)C(CCc1ccccc1)NC(C)C(=O)N1CCCC1C(=O)O	Weight	Low	-0.14305
CCOC(=O)C(CCc1ccccc1)NC(C)C(=O)N1CCCC1C(=O)O	Weight	Average	-0.1282
CCOC(=O)C(CCc1ccccc1)NC(C)C(=O)N1CCCC1C(=O)O	Weight	High	-0.16713
COc1c(C)c2c(c(O)c1CC=C(C)CCC(=O)OCCN1CCOCC1)C(=O)OC2	Sex	Male	-0.08234
COc1c(C)c2c(c(O)c1CC=C(C)CCC(=O)OCCN1CCOCC1)C(=O)OC2	Sex	Female	0.0
COc1c(C)c2c(c(O)c1CC=C(C)CCC(=O)OCCN1CCOCC1)C(=O)OC2	Age	Children	-0.00225
COc1c(C)c2c(c(O)c1CC=C(C)CCC(=O)OCCN1CCOCC1)C(=O)OC2	Age	Adolescent	0.0
COc1c(C)c2c(c(O)c1CC=C(C)CCC(=O)OCCN1CCOCC1)C(=O)OC2	Age	Adult	-0.0222
COc1c(C)c2c(c(O)c1CC=C(C)CCC(=O)OCCN1CCOCC1)C(=O)OC2	Age	Elderly	-0.11236
COc1c(C)c2c(c(O)c1CC=C(C)CCC(=O)OCCN1CCOCC1)C(=O)OC2	Weight	Low	-0.12754
COc1c(C)c2c(c(O)c1CC=C(C)CCC(=O)OCCN1CCOCC1)C(=O)OC2	Weight	Average	-0.1191
COc1c(C)c2c(c(O)c1CC=C(C)CCC(=O)OCCN1CCOCC1)C(=O)OC2	Weight	High	-0.1401
COc1c(N2CC3CCCNC3C2)c(F)cc2c(=O)c(C(=O)O)cn(C3CC3)c12	Sex	Male	-0.11117
COc1c(N2CC3CCCNC3C2)c(F)cc2c(=O)c(C(=O)O)cn(C3CC3)c12	Sex	Female	0.0
COc1c(N2CC3CCCNC3C2)c(F)cc2c(=O)c(C(=O)O)cn(C3CC3)c12	Age	Children	-0.00285
COc1c(N2CC3CCCNC3C2)c(F)cc2c(=O)c(C(=O)O)cn(C3CC3)c12	Age	Adolescent	0.0
COc1c(N2CC3CCCNC3C2)c(F)cc2c(=O)c(C(=O)O)cn(C3CC3)c12	Age	Adult	-0.02684
COc1c(N2CC3CCCNC3C2)c(F)cc2c(=O)c(C(=O)O)cn(C3CC3)c12	Age	Elderly	-0.18363
COc1c(N2CC3CCCNC3C2)c(F)cc2c(=O)c(C(=O)O)cn(C3CC3)c12	Weight	Low	-0.15901
COc1c(N2CC3CCCNC3C2)c(F)cc2c(=O)c(C(=O)O)cn(C3CC3)c12	Weight	Average	-0.1119
COc1c(N2CC3CCCNC3C2)c(F)cc2c(=O)c(C(=O)O)cn(C3CC3)c12	Weight	High	-0.13892
COc1ccc2c(c1)C13CCCCC1C(C2)N(C)CC3	Sex	Male	-0.09701
COc1ccc2c(c1)C13CCCCC1C(C2)N(C)CC3	Sex	Female	0.0
COc1ccc2c(c1)C13CCCCC1C(C2)N(C)CC3	Age	Children	-0.00232
COc1ccc2c(c1)C13CCCCC1C(C2)N(C)CC3	Age	Adolescent	0.0
COc1ccc2c(c1)C13CCCCC1C(C2)N(C)CC3	Age	Adult	-0.02558
COc1ccc2c(c1)C13CCCCC1C(C2)N(C)CC3	Age	Elderly	-0.13919
COc1ccc2c(c1)C13CCCCC1C(C2)N(C)CC3	Weight	Low	-0.14503
COc1ccc2c(c1)C13CCCCC1C(C2)N(C)CC3	Weight	Average	-0.11704
COc1ccc2c(c1)C13CCCCC1C(C2)N(C)CC3	Weight	High	-0.15846
COc1ccc2c3c1OC1C(=O)CCC4C(C2)N(C)CCC314	Sex	Male	-0.09877
COc1ccc2c3c1OC1C(=O)CCC4C(C2)N(C)CCC314	Sex	Female	0.0
COc1ccc2c3c1OC1C(=O)CCC4C(C2)N(C)CCC314	Age	Children	-0.00272
COc1ccc2c3c1OC1C(=O)CCC4C(C2)N(C)CCC314	Age	Adolescent	0.0
COc1ccc2c3c1OC1C(=O)CCC4C(C2)N(C)CCC314	Age	Adult	-0.02645
COc1ccc2c3c1OC1C(=O)CCC4C(C2)N(C)CCC314	Age	Elderly	-0.13826
COc1ccc2c3c1OC1C(=O)CCC4C(C2)N(C)CCC314	Weight	Low	-0.16544
COc1ccc2c3c1OC1C(=O)CCC4C(C2)N(C)CCC314	Weight	Average	-0.11845
COc1ccc2c3c1OC1C(=O)CCC4C(C2)N(C)CCC314	Weight	High	-0.15914
COc1ccc2c3c1OC1C(O)C=CC4C(C2)N(C)CCC341	Sex	Male	-0.10012
COc1ccc2c3c1OC1C(O)C=CC4C(C2)N(C)CCC341	Sex	Female	0.0
COc1ccc2c3c1OC1C(O)C=CC4C(C2)N(C)CCC341	Age	Children	-0.00277
COc1ccc2c3c1OC1C(O)C=CC4C(C2)N(C)CCC341	Age	Adolescent	0.0
COc1ccc2c3c1OC1C(O)C=CC4C(C2)N(C)CCC341	Age	Adult	-0.03209
COc1ccc2c3c1OC1C(O)C=CC4C(C2)N(C)CCC341	Age	Elderly	-0.13609
COc1ccc2c3c1OC1C(O)C=CC4C(C2)N(C)CCC341	Weight	Low	-0.16099
COc1ccc2c3c1OC1C(O)C=CC4C(C2)N(C)CCC341	Weight	Average	-0.0892
COc1ccc2c3c1OC1C(O)C=CC4C(C2)N(C)CCC341	Weight	High	-0.1481
Fc1ccc(C2CCNCC2COc2ccc3c(c2)OCO3)cc1	Sex	Male	-0.08955
Fc1ccc(C2CCNCC2COc2ccc3c(c2)OCO3)cc1	Sex	Female	0.0
Fc1ccc(C2CCNCC2COc2ccc3c(c2)OCO3)cc1	Age	Children	-0.00286
Fc1ccc(C2CCNCC2COc2ccc3c(c2)OCO3)cc1	Age	Adolescent	0.0
Fc1ccc(C2CCNCC2COc2ccc3c(c2)OCO3)cc1	Age	Adult	-0.01892
Fc1ccc(C2CCNCC2COc2ccc3c(c2)OCO3)cc1	Age	Elderly	-0.09012
Fc1ccc(C2CCNCC2COc2ccc3c(c2)OCO3)cc1	Weight	Low	-0.13968
Fc1ccc(C2CCNCC2COc2ccc3c(c2)OCO3)cc1	Weight	Average	-0.10381
Fc1ccc(C2CCNCC2COc2ccc3c(c2)OCO3)cc1	Weight	High	-0.13383
O=C(NCc1c(F)cc(F)cc1F)c1cn2c(c(O)c1=O)C(=O)N1C3CCC(C3)OC1C2	Sex	Male	-0.10526
O=C(NCc1c(F)cc(F)cc1F)c1cn2c(c(O)c1=O)C(=O)N1C3CCC(C3)OC1C2	Sex	Female	0.0
O=C(NCc1c(F)cc(F)cc1F)c1cn2c(c(O)c1=O)C(=O)N1C3CCC(C3)OC1C2	Age	Children	-0.00283
O=C(NCc1c(F)cc(F)cc1F)c1cn2c(c(O)c1=O)C(=O)N1C3CCC(C3)OC1C2	Age	Adolescent	0.0
O=C(NCc1c(F)cc(F)cc1F)c1cn2c(c(O)c1=O)C(=O)N1C3CCC(C3)OC1C2	Age	Adult	-0.02377
O=C(NCc1c(F)cc(F)cc1F)c1cn2c(c(O)c1=O)C(=O)N1C3CCC(C3)OC1C2	Age	Elderly	-0.18581
O=C(NCc1c(F)cc(F)cc1F)c1cn2c(c(O)c1=O)C(=O)N1C3CCC(C3)OC1C2	Weight	Low	-0.13115
O=C(NCc1c(F)cc(F)cc1F)c1cn2c(c(O)c1=O)C(=O)N1C3CCC(C3)OC1C2	Weight	Average	-0.101
O=C(NCc1c(F)cc(F)cc1F)c1cn2c(c(O)c1=O)C(=O)N1C3CCC(C3)OC1C2	Weight	High	-0.14962
O=C(O)Cc1ccccc1Nc1c(Cl)cccc1Cl	Sex	Male	-0.08261
O=C(O)Cc1ccccc1Nc1c(Cl)cccc1Cl	Sex	Female	0.0
O=C(O)Cc1ccccc1Nc1c(Cl)cccc1Cl	Age	Children	-0.00234
O=C(O)Cc1ccccc1Nc1c(Cl)cccc1Cl	Age	Adolescent	0.0
O=C(O)Cc1ccccc1Nc1c(Cl)cccc1Cl	Age	Adult	-0.02496
O=C(O)Cc1ccccc1Nc1c(Cl)cccc1Cl	Age	Elderly	-0.1261
O=C(O)Cc1ccccc1Nc1c(Cl)cccc1Cl	Weight	Low	-0.12234
O=C(O)Cc1ccccc1Nc1c(Cl)cccc1Cl	Weight	Average	-0.11782
O=C(O)Cc1ccccc1Nc1c(Cl)cccc1Cl	Weight	High	-0.14437
O=C(O)c1cn(C2CC2)c2cc(N3CCNCC3)c(F)cc2c1=O	Sex	Male	-0.11606
O=C(O)c1cn(C2CC2)c2cc(N3CCNCC3)c(F)cc2c1=O	Sex	Female	0.0
O=C(O)c1cn(C2CC2)c2cc(N3CCNCC3)c(F)cc2c1=O	Age	Children	-0.0027
O=C(O)c1cn(C2CC2)c2cc(N3CCNCC3)c(F)cc2c1=O	Age	Adolescent	0.0
O=C(O)c1cn(C2CC2)c2cc(N3CCNCC3)c(F)cc2c1=O	Age	Adult	-0.02635
O=C(O)c1cn(C2CC2)c2cc(N3CCNCC3)c(F)cc2c1=O	Age	Elderly	-0.16403
O=C(O)c1cn(C2CC2)c2cc(N3CCNCC3)c(F)cc2c1=O	Weight	Low	-0.15104
O=C(O)c1cn(C2CC2)c2cc(N3CCNCC3)c(F)cc2c1=O	Weight	Average	-0.1118
O=C(O)c1cn(C2CC2)c2cc(N3CCNCC3)c(F)cc2c1=O	Weight	High	-0.14064
c1ccc2c(c1)CCCC2C1=NCCN1	Sex	Male	-0.08846
c1ccc2c(c1)CCCC2C1=NCCN1	Sex	Female	0.0
c1ccc2c(c1)CCCC2C1=NCCN1	Age	Children	-0.00233
c1ccc2c(c1)CCCC2C1=NCCN1	Age	Adolescent	0.0
c1ccc2c(c1)CCCC2C1=NCCN1	Age	Adult	-0.02036
c1ccc2c(c1)CCCC2C1=NCCN1	Age	Elderly	-0.127
c1ccc2c(c1)CCCC2C1=NCCN1	Weight	Low	-0.13166
c1ccc2c(c1)CCCC2C1=NCCN1	Weight	Average	-0.12117
c1ccc2c(c1)CCCC2C1=NCCN1	Weight	High	-0.15123
CC(C)N=c1cc2n(-c3ccc(Cl)cc3)c3ccccc3nc-2cc1Nc1ccc(Cl)cc1	Sex	Male	-0.10952
CC(C)N=c1cc2n(-c3ccc(Cl)cc3)c3ccccc3nc-2cc1Nc1ccc(Cl)cc1	Sex	Female	0.0
CC(C)N=c1cc2n(-c3ccc(Cl)cc3)c3ccccc3nc-2cc1Nc1ccc(Cl)cc1	Age	Children	-0.00258
CC(C)N=c1cc2n(-c3ccc(Cl)cc3)c3ccccc3nc-2cc1Nc1ccc(Cl)cc1	Age	Adolescent	0.0
CC(C)N=c1cc2n(-c3ccc(Cl)cc3)c3ccccc3nc-2cc1Nc1ccc(Cl)cc1	Age	Adult	-0.01368
CC(C)N=c1cc2n(-c3ccc(Cl)cc3)c3ccccc3nc-2cc1Nc1ccc(Cl)cc1	Age	Elderly	-0.12547
CC(C)N=c1cc2n(-c3ccc(Cl)cc3)c3ccccc3nc-2cc1Nc1ccc(Cl)cc1	Weight	Low	-0.13888
CC(C)N=c1cc2n(-c3ccc(Cl)cc3)c3ccccc3nc-2cc1Nc1ccc(Cl)cc1	Weight	Average	-0.10609
CC(C)N=c1cc2n(-c3ccc(Cl)cc3)c3ccccc3nc-2cc1Nc1ccc(Cl)cc1	Weight	High	-0.15244
CCC1CN(C(=O)NCC(F)(F)F)CC1c1cnc2cnc3[nH]ccc3n12	Sex	Male	-0.0537
CCC1CN(C(=O)NCC(F)(F)F)CC1c1cnc2cnc3[nH]ccc3n12	Sex	Female	0.0
CCC1CN(C(=O)NCC(F)(F)F)CC1c1cnc2cnc3[nH]ccc3n12	Age	Children	-0.00232
CCC1CN(C(=O)NCC(F)(F)F)CC1c1cnc2cnc3[nH]ccc3n12	Age	Adolescent	0.0
CCC1CN(C(=O)NCC(F)(F)F)CC1c1cnc2cnc3[nH]ccc3n12	Age	Adult	-0.02238
CCC1CN(C(=O)NCC(F)(F)F)CC1c1cnc2cnc3[nH]ccc3n12	Age	Elderly	-0.1142
CCC1CN(C(=O)NCC(F)(F)F)CC1c1cnc2cnc3[nH]ccc3n12	Weight	Low	-0.15225
CCC1CN(C(=O)NCC(F)(F)F)CC1c1cnc2cnc3[nH]ccc3n12	Weight	Average	-0.13033
CCC1CN(C(=O)NCC(F)(F)F)CC1c1cnc2cnc3[nH]ccc3n12	Weight	High	-0.19178
FC(F)OC(Cl)C(F)(F)F	Sex	Male	-0.08694
FC(F)OC(Cl)C(F)(F)F	Sex	Female	0.0
FC(F)OC(Cl)C(F)(F)F	Age	Children	-0.00226
FC(F)OC(Cl)C(F)(F)F	Age	Adolescent	0.0
FC(F)OC(Cl)C(F)(F)F	Age	Adult	-0.02774
FC(F)OC(Cl)C(F)(F)F	Age	Elderly	-0.12339
FC(F)OC(Cl)C(F)(F)F	Weight	Low	-0.15811
FC(F)OC(Cl)C(F)(F)F	Weight	Average	-0.10772
FC(F)OC(Cl)C(F)(F)F	Weight	High	-0.18121
OC(CNCC(O)C1CCc2cc(F)ccc2O1)C1CCc2cc(F)ccc2O1	Sex	Male	-0.08779
OC(CNCC(O)C1CCc2cc(F)ccc2O1)C1CCc2cc(F)ccc2O1	Sex	Female	0.0
OC(CNCC(O)C1CCc2cc(F)ccc2O1)C1CCc2cc(F)ccc2O1	Age	Children	-0.00118
OC(CNCC(O)C1CCc2cc(F)ccc2O1)C1CCc2cc(F)ccc2O1	Age	Adolescent	0.0
OC(CNCC(O)C1CCc2cc(F)ccc2O1)C1CCc2cc(F)ccc2O1	Age	Adult	-0.01296
OC(CNCC(O)C1CCc2cc(F)ccc2O1)C1CCc2cc(F)ccc2O1	Age	Elderly	-0.1096
OC(CNCC(O)C1CCc2cc(F)ccc2O1)C1CCc2cc(F)ccc2O1	Weight	Low	-0.1293
OC(CNCC(O)C1CCc2cc(F)ccc2O1)C1CCc2cc(F)ccc2O1	Weight	Average	-0.08548
OC(CNCC(O)C1CCc2cc(F)ccc2O1)C1CCc2cc(F)ccc2O1	Weight	High	-0.16482
CC(=O)N(O)CCCCCNC(=O)CCC(=O)N(O)CCCCCNC(=O)CCC(=O)N(O)CCCCCN	Sex	Male	-0.05357
CC(=O)N(O)CCCCCNC(=O)CCC(=O)N(O)CCCCCNC(=O)CCC(=O)N(O)CCCCCN	Sex	Female	0.0
CC(=O)N(O)CCCCCNC(=O)CCC(=O)N(O)CCCCCNC(=O)CCC(=O)N(O)CCCCCN	Age	Children	-0.00127
CC(=O)N(O)CCCCCNC(=O)CCC(=O)N(O)CCCCCNC(=O)CCC(=O)N(O)CCCCCN	Age	Adolescent	0.0
CC(=O)N(O)CCCCCNC(=O)CCC(=O)N(O)CCCCCNC(=O)CCC(=O)N(O)CCCCCN	Age	Adult	-0.01016
CC(=O)N(O)CCCCCNC(=O)CCC(=O)N(O)CCCCCNC(=O)CCC(=O)N(O)CCCCCN	Age	Elderly	-0.069
CC(=O)N(O)CCCCCNC(=O)CCC(=O)N(O)CCCCCNC(=O)CCC(=O)N(O)CCCCCN	Weight	Low	-0.08297
CC(=O)N(O)CCCCCNC(=O)CCC(=O)N(O)CCCCCNC(=O)CCC(=O)N(O)CCCCCN	Weight	Average	-0.07454
CC(=O)N(O)CCCCCNC(=O)CCC(=O)N(O)CCCCCNC(=O)CCC(=O)N(O)CCCCCN	Weight	High	-0.07879
CC(C(=O)O)c1cccc(C(=O)c2ccccc2)c1	Sex	Male	-0.07169
CC(C(=O)O)c1cccc(C(=O)c2ccccc2)c1	Sex	Female	0.0
CC(C(=O)O)c1cccc(C(=O)c2ccccc2)c1	Age	Children	0.0
CC(C(=O)O)c1cccc(C(=O)c2ccccc2)c1	Age	Adolescent	0.0
CC(C(=O)O)c1cccc(C(=O)c2ccccc2)c1	Age	Adult	-0.02485
CC(C(=O)O)c1cccc(C(=O)c2ccccc2)c1	Age	Elderly	-0.13811
CC(C(=O)O)c1cccc(C(=O)c2ccccc2)c1	Weight	Low	-0.12342
CC(C(=O)O)c1cccc(C(=O)c2ccccc2)c1	Weight	Average	-0.1095
CC(C(=O)O)c1cccc(C(=O)c2ccccc2)c1	Weight	High	-0.13985
CC(C)c1nc(CN(C)C(=O)NC(CCN2CCOCC2)C(=O)NC(CCC(Cc2ccccc2)NC(=O)OCc2cncs2)Cc2ccccc2)cs1	Sex	Male	-0.08343
CC(C)c1nc(CN(C)C(=O)NC(CCN2CCOCC2)C(=O)NC(CCC(Cc2ccccc2)NC(=O)OCc2cncs2)Cc2ccccc2)cs1	Sex	Female	0.0
CC(C)c1nc(CN(C)C(=O)NC(CCN2CCOCC2)C(=O)NC(CCC(Cc2ccccc2)NC(=O)OCc2cncs2)Cc2ccccc2)cs1	Age	Children	-0.00169
CC(C)c1nc(CN(C)C(=O)NC(CCN2CCOCC2)C(=O)NC(CCC(Cc2ccccc2)NC(=O)OCc2cncs2)Cc2ccccc2)cs1	Age	Adolescent	0.0
CC(C)c1nc(CN(C)C(=O)NC(CCN2CCOCC2)C(=O)NC(CCC(Cc2ccccc2)NC(=O)OCc2cncs2)Cc2ccccc2)cs1	Age	Adult	-0.01847
CC(C)c1nc(CN(C)C(=O)NC(CCN2CCOCC2)C(=O)NC(CCC(Cc2ccccc2)NC(=O)OCc2cncs2)Cc2ccccc2)cs1	Age	Elderly	-0.11846
CC(C)c1nc(CN(C)C(=O)NC(CCN2CCOCC2)C(=O)NC(CCC(Cc2ccccc2)NC(=O)OCc2cncs2)Cc2ccccc2)cs1	Weight	Low	-0.17154
CC(C)c1nc(CN(C)C(=O)NC(CCN2CCOCC2)C(=O)NC(CCC(Cc2ccccc2)NC(=O)OCc2cncs2)Cc2ccccc2)cs1	Weight	Average	-0.13646
CC(C)c1nc(CN(C)C(=O)NC(CCN2CCOCC2)C(=O)NC(CCC(Cc2ccccc2)NC(=O)OCc2cncs2)Cc2ccccc2)cs1	Weight	High	-0.16701
CC(C)n1nccc1-c1ncccc1COc1cccc(O)c1C=O	Sex	Male	-0.09256
CC(C)n1nccc1-c1ncccc1COc1cccc(O)c1C=O	Sex	Female	0.0
CC(C)n1nccc1-c1ncccc1COc1cccc(O)c1C=O	Age	Children	-0.00254
CC(C)n1nccc1-c1ncccc1COc1cccc(O)c1C=O	Age	Adolescent	0.0
CC(C)n1nccc1-c1ncccc1COc1cccc(O)c1C=O	Age	Adult	-0.0256
CC(C)n1nccc1-c1ncccc1COc1cccc(O)c1C=O	Age	Elderly	-0.12791
CC(C)n1nccc1-c1ncccc1COc1cccc(O)c1C=O	Weight	Low	-0.11522
CC(C)n1nccc1-c1ncccc1COc1cccc(O)c1C=O	Weight	Average	-0.06208
CC(C)n1nccc1-c1ncccc1COc1cccc(O)c1C=O	Weight	High	-0.13424
CC(C=CC(C)C(C)(C)O)C1CCC2C(=CC=C3CC(O)CC(O)C3)CCCC21C	Sex	Male	-0.06713
CC(C=CC(C)C(C)(C)O)C1CCC2C(=CC=C3CC(O)CC(O)C3)CCCC21C	Sex	Female	0.0
CC(C=CC(C)C(C)(C)O)C1CCC2C(=CC=C3CC(O)CC(O)C3)CCCC21C	Age	Children	0.03786
CC(C=CC(C)C(C)(C)O)C1CCC2C(=CC=C3CC(O)CC(O)C3)CCCC21C	Age	Adolescent	0.0
CC(C=CC(C)C(C)(C)O)C1CCC2C(=CC=C3CC(O)CC(O)C3)CCCC21C	Age	Adult	-0.02186
CC(C=CC(C)C(C)(C)O)C1CCC2C(=CC=C3CC(O)CC(O)C3)CCCC21C	Age	Elderly	-0.11348
CC(C=CC(C)C(C)(C)O)C1CCC2C(=CC=C3CC(O)CC(O)C3)CCCC21C	Weight	Low	-0.1221
CC(C=CC(C)C(C)(C)O)C1CCC2C(=CC=C3CC(O)CC(O)C3)CCCC21C	Weight	Average	-0.10147
CC(C=CC(C)C(C)(C)O)C1CCC2C(=CC=C3CC(O)CC(O)C3)CCCC21C	Weight	High	-0.11897
CCOC(=O)C(CCc1ccccc1)NC(C)C(=O)N1C(C(=O)O)CC2CCCC21	Sex	Male	-0.06529
CCOC(=O)C(CCc1ccccc1)NC(C)C(=O)N1C(C(=O)O)CC2CCCC21	Sex	Female	0.0
CCOC(=O)C(CCc1ccccc1)NC(C)C(=O)N1C(C(=O)O)CC2CCCC21	Age	Children	-0.002
CCOC(=O)C(CCc1ccccc1)NC(C)C(=O)N1C(C(=O)O)CC2CCCC21	Age	Adolescent	0.0
CCOC(=O)C(CCc1ccccc1)NC(C)C(=O)N1C(C(=O)O)CC2CCCC21	Age	Adult	-0.01593
CCOC(=O)C(CCc1ccccc1)NC(C)C(=O)N1C(C(=O)O)CC2CCCC21	Age	Elderly	-0.11615
CCOC(=O)C(CCc1ccccc1)NC(C)C(=O)N1C(C(=O)O)CC2CCCC21	Weight	Low	-0.12608
CCOC(=O)C(CCc1ccccc1)NC(C)C(=O)N1C(C(=O)O)CC2CCCC21	Weight	Average	-0.11113
CCOC(=O)C(CCc1ccccc1)NC(C)C(=O)N1C(C(=O)O)CC2CCCC21	Weight	High	-0.13633
CCOC(=O)C(CCc1ccccc1)NC(C)C(=O)N1C(C(=O)O)CC2CCCCC21	Sex	Male	-0.06396
CCOC(=O)C(CCc1ccccc1)NC(C)C(=O)N1C(C(=O)O)CC2CCCCC21	Sex	Female	0.0
CCOC(=O)C(CCc1ccccc1)NC(C)C(=O)N1C(C(=O)O)CC2CCCCC21	Age	Children	-0.00188
CCOC(=O)C(CCc1ccccc1)NC(C)C(=O)N1C(C(=O)O)CC2CCCCC21	Age	Adolescent	0.0
CCOC(=O)C(CCc1ccccc1)NC(C)C(=O)N1C(C(=O)O)CC2CCCCC21	Age	Adult	-0.01555
CCOC(=O)C(CCc1ccccc1)NC(C)C(=O)N1C(C(=O)O)CC2CCCCC21	Age	Elderly	-0.11423
CCOC(=O)C(CCc1ccccc1)NC(C)C(=O)N1C(C(=O)O)CC2CCCCC21	Weight	Low	-0.12251
CCOC(=O)C(CCc1ccccc1)NC(C)C(=O)N1C(C(=O)O)CC2CCCCC21	Weight	Average	-0.10901
CCOC(=O)C(CCc1ccccc1)NC(C)C(=O)N1C(C(=O)O)CC2CCCCC21	Weight	High	-0.13392
CN1CCC23c4c5ccc(O)c4OC2C(=O)CCC3(O)C1C5	Sex	Male	-0.09574
CN1CCC23c4c5ccc(O)c4OC2C(=O)CCC3(O)C1C5	Sex	Female	0.0
CN1CCC23c4c5ccc(O)c4OC2C(=O)CCC3(O)C1C5	Age	Children	-0.00276
CN1CCC23c4c5ccc(O)c4OC2C(=O)CCC3(O)C1C5	Age	Adolescent	0.0
CN1CCC23c4c5ccc(O)c4OC2C(=O)CCC3(O)C1C5	Age	Adult	-0.02665
CN1CCC23c4c5ccc(O)c4OC2C(=O)CCC3(O)C1C5	Age	Elderly	-0.119
CN1CCC23c4c5ccc(O)c4OC2C(=O)CCC3(O)C1C5	Weight	Low	-0.16642
CN1CCC23c4c5ccc(O)c4OC2C(=O)CCC3(O)C1C5	Weight	Average	-0.11834
CN1CCC23c4c5ccc(O)c4OC2C(=O)CCC3(O)C1C5	Weight	High	-0.13135
CNC(C)Cc1ccccc1	Sex	Male	-0.08093
CNC(C)Cc1ccccc1	Sex	Female	0.0
CNC(C)Cc1ccccc1	Age	Children	-0.00162
CNC(C)Cc1ccccc1	Age	Adolescent	0.0
CNC(C)Cc1ccccc1	Age	Adult	-0.02306
CNC(C)Cc1ccccc1	Age	Elderly	-0.13506
CNC(C)Cc1ccccc1	Weight	Low	-0.13353
CNC(C)Cc1ccccc1	Weight	Average	-0.12191
CNC(C)Cc1ccccc1	Weight	High	-0.15709
COC(=O)C(c1ccccc1)C1CCCCN1C(=O)OC[n+]1cccc(C(=O)NC(CO)C(=O)[O-])c1	Sex	Male	-0.05581
COC(=O)C(c1ccccc1)C1CCCCN1C(=O)OC[n+]1cccc(C(=O)NC(CO)C(=O)[O-])c1	Sex	Female	0.0
COC(=O)C(c1ccccc1)C1CCCCN1C(=O)OC[n+]1cccc(C(=O)NC(CO)C(=O)[O-])c1	Age	Children	0.0
COC(=O)C(c1ccccc1)C1CCCCN1C(=O)OC[n+]1cccc(C(=O)NC(CO)C(=O)[O-])c1	Age	Adolescent	0.0
COC(=O)C(c1ccccc1)C1CCCCN1C(=O)OC[n+]1cccc(C(=O)NC(CO)C(=O)[O-])c1	Age	Adult	-0.02552
COC(=O)C(c1ccccc1)C1CCCCN1C(=O)OC[n+]1cccc(C(=O)NC(CO)C(=O)[O-])c1	Age	Elderly	-0.14618
COC(=O)C(c1ccccc1)C1CCCCN1C(=O)OC[n+]1cccc(C(=O)NC(CO)C(=O)[O-])c1	Weight	Low	-0.09636
COC(=O)C(c1ccccc1)C1CCCCN1C(=O)OC[n+]1cccc(C(=O)NC(CO)C(=O)[O-])c1	Weight	Average	-0.11513
COC(=O)C(c1ccccc1)C1CCCCN1C(=O)OC[n+]1cccc(C(=O)NC(CO)C(=O)[O-])c1	Weight	High	-0.14491
COCCCCC(=NOCCN)c1ccc(C(F)(F)F)cc1	Sex	Male	-0.06483
COCCCCC(=NOCCN)c1ccc(C(F)(F)F)cc1	Sex	Female	0.0
COCCCCC(=NOCCN)c1ccc(C(F)(F)F)cc1	Age	Children	0.0
COCCCCC(=NOCCN)c1ccc(C(F)(F)F)cc1	Age	Adolescent	0.0
COCCCCC(=NOCCN)c1ccc(C(F)(F)F)cc1	Age	Adult	-0.02321
COCCCCC(=NOCCN)c1ccc(C(F)(F)F)cc1	Age	Elderly	-0.15807
COCCCCC(=NOCCN)c1ccc(C(F)(F)F)cc1	Weight	Low	-0.13722
COCCCCC(=NOCCN)c1ccc(C(F)(F)F)cc1	Weight	Average	-0.1083
COCCCCC(=NOCCN)c1ccc(C(F)(F)F)cc1	Weight	High	-0.14501
COc1ccc(C2Sc3ccccc3N(CCN(C)C)C(=O)C2OC(C)=O)cc1	Sex	Male	-0.03503
COc1ccc(C2Sc3ccccc3N(CCN(C)C)C(=O)C2OC(C)=O)cc1	Sex	Female	0.0
COc1ccc(C2Sc3ccccc3N(CCN(C)C)C(=O)C2OC(C)=O)cc1	Age	Children	-0.00122
COc1ccc(C2Sc3ccccc3N(CCN(C)C)C(=O)C2OC(C)=O)cc1	Age	Adolescent	0.0
COc1ccc(C2Sc3ccccc3N(CCN(C)C)C(=O)C2OC(C)=O)cc1	Age	Adult	-0.00805
COc1ccc(C2Sc3ccccc3N(CCN(C)C)C(=O)C2OC(C)=O)cc1	Age	Elderly	-0.07292
COc1ccc(C2Sc3ccccc3N(CCN(C)C)C(=O)C2OC(C)=O)cc1	Weight	Low	-0.07181
COc1ccc(C2Sc3ccccc3N(CCN(C)C)C(=O)C2OC(C)=O)cc1	Weight	Average	-0.08389
COc1ccc(C2Sc3ccccc3N(CCN(C)C)C(=O)C2OC(C)=O)cc1	Weight	High	-0.10493
Cn1c(=O)c2c(ncn2C)n(C)c1=O	Sex	Male	-0.09815
Cn1c(=O)c2c(ncn2C)n(C)c1=O	Sex	Female	0.0
Cn1c(=O)c2c(ncn2C)n(C)c1=O	Age	Children	-0.00184
Cn1c(=O)c2c(ncn2C)n(C)c1=O	Age	Adolescent	0.0
Cn1c(=O)c2c(ncn2C)n(C)c1=O	Age	Adult	-0.01679
Cn1c(=O)c2c(ncn2C)n(C)c1=O	Age	Elderly	-0.10677
Cn1c(=O)c2c(ncn2C)n(C)c1=O	Weight	Low	-0.1182
Cn1c(=O)c2c(ncn2C)n(C)c1=O	Weight	Average	-0.10012
Cn1c(=O)c2c(ncn2C)n(C)c1=O	Weight	High	-0.13334
NCCCCC(NC(CCc1ccccc1)C(=O)O)C(=O)N1CCCC1C(=O)O	Sex	Male	-0.06306
NCCCCC(NC(CCc1ccccc1)C(=O)O)C(=O)N1CCCC1C(=O)O	Sex	Female	0.0
NCCCCC(NC(CCc1ccccc1)C(=O)O)C(=O)N1CCCC1C(=O)O	Age	Children	-0.00284
NCCCCC(NC(CCc1ccccc1)C(=O)O)C(=O)N1CCCC1C(=O)O	Age	Adolescent	0.0
NCCCCC(NC(CCc1ccccc1)C(=O)O)C(=O)N1CCCC1C(=O)O	Age	Adult	-0.02214
NCCCCC(NC(CCc1ccccc1)C(=O)O)C(=O)N1CCCC1C(=O)O	Age	Elderly	-0.12081
NCCCCC(NC(CCc1ccccc1)C(=O)O)C(=O)N1CCCC1C(=O)O	Weight	Low	-0.14018
NCCCCC(NC(CCc1ccccc1)C(=O)O)C(=O)N1CCCC1C(=O)O	Weight	Average	-0.12061
NCCCCC(NC(CCc1ccccc1)C(=O)O)C(=O)N1CCCC1C(=O)O	Weight	High	-0.14923
CC(=O)C1(O)C=C2C(=O)c3c(c(O)c4ccccc4c3O)C(=O)C2C(OC2CC(N)C(O)C(C)O2)C1	Sex	Male	-0.11634
CC(=O)C1(O)C=C2C(=O)c3c(c(O)c4ccccc4c3O)C(=O)C2C(OC2CC(N)C(O)C(C)O2)C1	Sex	Female	0.0
CC(=O)C1(O)C=C2C(=O)c3c(c(O)c4ccccc4c3O)C(=O)C2C(OC2CC(N)C(O)C(C)O2)C1	Age	Children	-0.00271
CC(=O)C1(O)C=C2C(=O)c3c(c(O)c4ccccc4c3O)C(=O)C2C(OC2CC(N)C(O)C(C)O2)C1	Age	Adolescent	0.0
CC(=O)C1(O)C=C2C(=O)c3c(c(O)c4ccccc4c3O)C(=O)C2C(OC2CC(N)C(O)C(C)O2)C1	Age	Adult	-0.01922
CC(=O)C1(O)C=C2C(=O)c3c(c(O)c4ccccc4c3O)C(=O)C2C(OC2CC(N)C(O)C(C)O2)C1	Age	Elderly	-0.11068
CC(=O)C1(O)C=C2C(=O)c3c(c(O)c4ccccc4c3O)C(=O)C2C(OC2CC(N)C(O)C(C)O2)C1	Weight	Low	-0.11523
CC(=O)C1(O)C=C2C(=O)c3c(c(O)c4ccccc4c3O)C(=O)C2C(OC2CC(N)C(O)C(C)O2)C1	Weight	Average	-0.07577
CC(=O)C1(O)C=C2C(=O)c3c(c(O)c4ccccc4c3O)C(=O)C2C(OC2CC(N)C(O)C(C)O2)C1	Weight	High	-0.17083
CC(=O)Oc1cc2c(s1)CCN(C(C(=O)C1CC1)c1ccccc1F)C2	Sex	Male	-0.03645
CC(=O)Oc1cc2c(s1)CCN(C(C(=O)C1CC1)c1ccccc1F)C2	Sex	Female	0.0
CC(=O)Oc1cc2c(s1)CCN(C(C(=O)C1CC1)c1ccccc1F)C2	Age	Children	0.0
CC(=O)Oc1cc2c(s1)CCN(C(C(=O)C1CC1)c1ccccc1F)C2	Age	Adolescent	0.0
CC(=O)Oc1cc2c(s1)CCN(C(C(=O)C1CC1)c1ccccc1F)C2	Age	Adult	-0.02141
CC(=O)Oc1cc2c(s1)CCN(C(C(=O)C1CC1)c1ccccc1F)C2	Age	Elderly	-0.11955
CC(=O)Oc1cc2c(s1)CCN(C(C(=O)C1CC1)c1ccccc1F)C2	Weight	Low	-0.11016
CC(=O)Oc1cc2c(s1)CCN(C(C(=O)C1CC1)c1ccccc1F)C2	Weight	Average	-0.05703
CC(=O)Oc1cc2c(s1)CCN(C(C(=O)C1CC1)c1ccccc1F)C2	Weight	High	-0.12004
CC(C)OC(=O)CCCC=CCC1C(O)CC(O)C1CCC(O)CCc1ccccc1	Sex	Male	-0.07245
CC(C)OC(=O)CCCC=CCC1C(O)CC(O)C1CCC(O)CCc1ccccc1	Sex	Female	0.0
CC(C)OC(=O)CCCC=CCC1C(O)CC(O)C1CCC(O)CCc1ccccc1	Age	Children	-0.00234
CC(C)OC(=O)CCCC=CCC1C(O)CC(O)C1CCC(O)CCc1ccccc1	Age	Adolescent	0.0
CC(C)OC(=O)CCCC=CCC1C(O)CC(O)C1CCC(O)CCc1ccccc1	Age	Adult	-0.0119
CC(C)OC(=O)CCCC=CCC1C(O)CC(O)C1CCC(O)CCc1ccccc1	Age	Elderly	-0.14433
CC(C)OC(=O)CCCC=CCC1C(O)CC(O)C1CCC(O)CCc1ccccc1	Weight	Low	-0.13096
CC(C)OC(=O)CCCC=CCC1C(O)CC(O)C1CCC(O)CCc1ccccc1	Weight	Average	-0.1044
CC(C)OC(=O)CCCC=CCC1C(O)CC(O)C1CCC(O)CCc1ccccc1	Weight	High	-0.15246
CC(OC1OCCN(Cc2n[nH]c(=O)[nH]2)C1c1ccc(F)cc1)c1cc(C(F)(F)F)cc(C(F)(F)F)c1	Sex	Male	-0.12032
CC(OC1OCCN(Cc2n[nH]c(=O)[nH]2)C1c1ccc(F)cc1)c1cc(C(F)(F)F)cc(C(F)(F)F)c1	Sex	Female	0.0
CC(OC1OCCN(Cc2n[nH]c(=O)[nH]2)C1c1ccc(F)cc1)c1cc(C(F)(F)F)cc(C(F)(F)F)c1	Age	Children	-0.00282
CC(OC1OCCN(Cc2n[nH]c(=O)[nH]2)C1c1ccc(F)cc1)c1cc(C(F)(F)F)cc(C(F)(F)F)c1	Age	Adolescent	0.0
CC(OC1OCCN(Cc2n[nH]c(=O)[nH]2)C1c1ccc(F)cc1)c1cc(C(F)(F)F)cc(C(F)(F)F)c1	Age	Adult	-0.03154
CC(OC1OCCN(Cc2n[nH]c(=O)[nH]2)C1c1ccc(F)cc1)c1cc(C(F)(F)F)cc(C(F)(F)F)c1	Age	Elderly	-0.10674
CC(OC1OCCN(Cc2n[nH]c(=O)[nH]2)C1c1ccc(F)cc1)c1cc(C(F)(F)F)cc(C(F)(F)F)c1	Weight	Low	-0.16714
CC(OC1OCCN(Cc2n[nH]c(=O)[nH]2)C1c1ccc(F)cc1)c1cc(C(F)(F)F)cc(C(F)(F)F)c1	Weight	Average	-0.14342
CC(OC1OCCN(Cc2n[nH]c(=O)[nH]2)C1c1ccc(F)cc1)c1cc(C(F)(F)F)cc(C(F)(F)F)c1	Weight	High	-0.18969
CC(OC1OCCN(Cc2nc(=O)n(P(=O)(O)O)[nH]2)C1c1ccc(F)cc1)c1cc(C(F)(F)F)cc(C(F)(F)F)c1	Sex	Male	-0.10674
CC(OC1OCCN(Cc2nc(=O)n(P(=O)(O)O)[nH]2)C1c1ccc(F)cc1)c1cc(C(F)(F)F)cc(C(F)(F)F)c1	Sex	Female	0.0
CC(OC1OCCN(Cc2nc(=O)n(P(=O)(O)O)[nH]2)C1c1ccc(F)cc1)c1cc(C(F)(F)F)cc(C(F)(F)F)c1	Age	Children	-0.00286
CC(OC1OCCN(Cc2nc(=O)n(P(=O)(O)O)[nH]2)C1c1ccc(F)cc1)c1cc(C(F)(F)F)cc(C(F)(F)F)c1	Age	Adolescent	0.0
CC(OC1OCCN(Cc2nc(=O)n(P(=O)(O)O)[nH]2)C1c1ccc(F)cc1)c1cc(C(F)(F)F)cc(C(F)(F)F)c1	Age	Adult	-0.02776
CC(OC1OCCN(Cc2nc(=O)n(P(=O)(O)O)[nH]2)C1c1ccc(F)cc1)c1cc(C(F)(F)F)cc(C(F)(F)F)c1	Age	Elderly	-0.0816
CC(OC1OCCN(Cc2nc(=O)n(P(=O)(O)O)[nH]2)C1c1ccc(F)cc1)c1cc(C(F)(F)F)cc(C(F)(F)F)c1	Weight	Low	-0.16138
CC(OC1OCCN(Cc2nc(=O)n(P(=O)(O)O)[nH]2)C1c1ccc(F)cc1)c1cc(C(F)(F)F)cc(C(F)(F)F)c1	Weight	Average	-0.14451
CC(OC1OCCN(Cc2nc(=O)n(P(=O)(O)O)[nH]2)C1c1ccc(F)cc1)c1cc(C(F)(F)F)cc(C(F)(F)F)c1	Weight	High	-0.18435
CC12C=CC(=O)NC1CCC1C2CCC2(C)C(C(=O)Nc3cc(C(F)(F)F)ccc3C(F)(F)F)CCC12	Sex	Male	-0.02732
CC12C=CC(=O)NC1CCC1C2CCC2(C)C(C(=O)Nc3cc(C(F)(F)F)ccc3C(F)(F)F)CCC12	Sex	Female	0.0
CC12C=CC(=O)NC1CCC1C2CCC2(C)C(C(=O)Nc3cc(C(F)(F)F)ccc3C(F)(F)F)CCC12	Age	Children	-0.00285
CC12C=CC(=O)NC1CCC1C2CCC2(C)C(C(=O)Nc3cc(C(F)(F)F)ccc3C(F)(F)F)CCC12	Age	Adolescent	0.0
CC12C=CC(=O)NC1CCC1C2CCC2(C)C(C(=O)Nc3cc(C(F)(F)F)ccc3C(F)(F)F)CCC12	Age	Adult	-0.01768
CC12C=CC(=O)NC1CCC1C2CCC2(C)C(C(=O)Nc3cc(C(F)(F)F)ccc3C(F)(F)F)CCC12	Age	Elderly	-0.07828
CC12C=CC(=O)NC1CCC1C2CCC2(C)C(C(=O)Nc3cc(C(F)(F)F)ccc3C(F)(F)F)CCC12	Weight	Low	-0.12176
CC12C=CC(=O)NC1CCC1C2CCC2(C)C(C(=O)Nc3cc(C(F)(F)F)ccc3C(F)(F)F)CCC12	Weight	Average	-0.08266
CC12C=CC(=O)NC1CCC1C2CCC2(C)C(C(=O)Nc3cc(C(F)(F)F)ccc3C(F)(F)F)CCC12	Weight	High	-0.13624
CCCSc1nc(NC2CC2c2ccc(F)c(F)c2)c2nnn(C3CC(OCCO)C(O)C3O)c2n1	Sex	Male	-0.06794
CCCSc1nc(NC2CC2c2ccc(F)c(F)c2)c2nnn(C3CC(OCCO)C(O)C3O)c2n1	Sex	Female	0.0
CCCSc1nc(NC2CC2c2ccc(F)c(F)c2)c2nnn(C3CC(OCCO)C(O)C3O)c2n1	Age	Children	-0.00165
CCCSc1nc(NC2CC2c2ccc(F)c(F)c2)c2nnn(C3CC(OCCO)C(O)C3O)c2n1	Age	Adolescent	0.0
CCCSc1nc(NC2CC2c2ccc(F)c(F)c2)c2nnn(C3CC(OCCO)C(O)C3O)c2n1	Age	Adult	-0.02156
CCCSc1nc(NC2CC2c2ccc(F)c(F)c2)c2nnn(C3CC(OCCO)C(O)C3O)c2n1	Age	Elderly	-0.11342
CCCSc1nc(NC2CC2c2ccc(F)c(F)c2)c2nnn(C3CC(OCCO)C(O)C3O)c2n1	Weight	Low	-0.12239
CCCSc1nc(NC2CC2c2ccc(F)c(F)c2)c2nnn(C3CC(OCCO)C(O)C3O)c2n1	Weight	Average	-0.09883
CCCSc1nc(NC2CC2c2ccc(F)c(F)c2)c2nnn(C3CC(OCCO)C(O)C3O)c2n1	Weight	High	-0.13726
CCCc1nc(C)c2c(=O)[nH]c(-c3cc(S(=O)(=O)N4CCN(CC)CC4)ccc3OCC)nn12	Sex	Male	-0.1018
CCCc1nc(C)c2c(=O)[nH]c(-c3cc(S(=O)(=O)N4CCN(CC)CC4)ccc3OCC)nn12	Sex	Female	0.0
CCCc1nc(C)c2c(=O)[nH]c(-c3cc(S(=O)(=O)N4CCN(CC)CC4)ccc3OCC)nn12	Age	Children	-0.00266
CCCc1nc(C)c2c(=O)[nH]c(-c3cc(S(=O)(=O)N4CCN(CC)CC4)ccc3OCC)nn12	Age	Adolescent	0.0
CCCc1nc(C)c2c(=O)[nH]c(-c3cc(S(=O)(=O)N4CCN(CC)CC4)ccc3OCC)nn12	Age	Adult	-0.02539
CCCc1nc(C)c2c(=O)[nH]c(-c3cc(S(=O)(=O)N4CCN(CC)CC4)ccc3OCC)nn12	Age	Elderly	-0.13453
CCCc1nc(C)c2c(=O)[nH]c(-c3cc(S(=O)(=O)N4CCN(CC)CC4)ccc3OCC)nn12	Weight	Low	-0.13108
CCCc1nc(C)c2c(=O)[nH]c(-c3cc(S(=O)(=O)N4CCN(CC)CC4)ccc3OCC)nn12	Weight	Average	-0.10399
CCCc1nc(C)c2c(=O)[nH]c(-c3cc(S(=O)(=O)N4CCN(CC)CC4)ccc3OCC)nn12	Weight	High	-0.13998
CCOc1cc(CC(=O)NC(CC(C)C)c2ccccc2N2CCCCC2)ccc1C(=O)O	Sex	Male	-0.04955
CCOc1cc(CC(=O)NC(CC(C)C)c2ccccc2N2CCCCC2)ccc1C(=O)O	Sex	Female	0.0
CCOc1cc(CC(=O)NC(CC(C)C)c2ccccc2N2CCCCC2)ccc1C(=O)O	Age	Children	-0.00204
CCOc1cc(CC(=O)NC(CC(C)C)c2ccccc2N2CCCCC2)ccc1C(=O)O	Age	Adolescent	0.0
CCOc1cc(CC(=O)NC(CC(C)C)c2ccccc2N2CCCCC2)ccc1C(=O)O	Age	Adult	-0.02132
CCOc1cc(CC(=O)NC(CC(C)C)c2ccccc2N2CCCCC2)ccc1C(=O)O	Age	Elderly	-0.12873
CCOc1cc(CC(=O)NC(CC(C)C)c2ccccc2N2CCCCC2)ccc1C(=O)O	Weight	Low	-0.12042
CCOc1cc(CC(=O)NC(CC(C)C)c2ccccc2N2CCCCC2)ccc1C(=O)O	Weight	Average	-0.11297
CCOc1cc(CC(=O)NC(CC(C)C)c2ccccc2N2CCCCC2)ccc1C(=O)O	Weight	High	-0.12804
CCc1ccc(CCOc2ccc(Cc3sc(=O)[nH]c3O)cc2)nc1	Sex	Male	-0.0797
CCc1ccc(CCOc2ccc(Cc3sc(=O)[nH]c3O)cc2)nc1	Sex	Female	0.0
CCc1ccc(CCOc2ccc(Cc3sc(=O)[nH]c3O)cc2)nc1	Age	Children	-0.00274
CCc1ccc(CCOc2ccc(Cc3sc(=O)[nH]c3O)cc2)nc1	Age	Adolescent	0.0
CCc1ccc(CCOc2ccc(Cc3sc(=O)[nH]c3O)cc2)nc1	Age	Adult	-0.02668
CCc1ccc(CCOc2ccc(Cc3sc(=O)[nH]c3O)cc2)nc1	Age	Elderly	-0.12972
CCc1ccc(CCOc2ccc(Cc3sc(=O)[nH]c3O)cc2)nc1	Weight	Low	-0.1625
CCc1ccc(CCOc2ccc(Cc3sc(=O)[nH]c3O)cc2)nc1	Weight	Average	-0.12806
CCc1ccc(CCOc2ccc(Cc3sc(=O)[nH]c3O)cc2)nc1	Weight	High	-0.16151
CN(CCOc1ccc(Cc2sc(=O)[nH]c2O)cc1)c1ccccn1	Sex	Male	-0.06451
CN(CCOc1ccc(Cc2sc(=O)[nH]c2O)cc1)c1ccccn1	Sex	Female	0.0
CN(CCOc1ccc(Cc2sc(=O)[nH]c2O)cc1)c1ccccn1	Age	Children	-0.00168
CN(CCOc1ccc(Cc2sc(=O)[nH]c2O)cc1)c1ccccn1	Age	Adolescent	0.0
CN(CCOc1ccc(Cc2sc(=O)[nH]c2O)cc1)c1ccccn1	Age	Adult	-0.01892
CN(CCOc1ccc(Cc2sc(=O)[nH]c2O)cc1)c1ccccn1	Age	Elderly	-0.11297
CN(CCOc1ccc(Cc2sc(=O)[nH]c2O)cc1)c1ccccn1	Weight	Low	-0.12639
CN(CCOc1ccc(Cc2sc(=O)[nH]c2O)cc1)c1ccccn1	Weight	Average	-0.10944
CN(CCOc1ccc(Cc2sc(=O)[nH]c2O)cc1)c1ccccn1	Weight	High	-0.1578
CN(CCOc1ccc(NS(C)(=O)=O)cc1)CCc1ccc(NS(C)(=O)=O)cc1	Sex	Male	-0.05972
CN(CCOc1ccc(NS(C)(=O)=O)cc1)CCc1ccc(NS(C)(=O)=O)cc1	Sex	Female	0.0
CN(CCOc1ccc(NS(C)(=O)=O)cc1)CCc1ccc(NS(C)(=O)=O)cc1	Age	Children	-0.00185
CN(CCOc1ccc(NS(C)(=O)=O)cc1)CCc1ccc(NS(C)(=O)=O)cc1	Age	Adolescent	0.0
CN(CCOc1ccc(NS(C)(=O)=O)cc1)CCc1ccc(NS(C)(=O)=O)cc1	Age	Adult	-0.01575
CN(CCOc1ccc(NS(C)(=O)=O)cc1)CCc1ccc(NS(C)(=O)=O)cc1	Age	Elderly	-0.10205
CN(CCOc1ccc(NS(C)(=O)=O)cc1)CCc1ccc(NS(C)(=O)=O)cc1	Weight	Low	-0.13383
CN(CCOc1ccc(NS(C)(=O)=O)cc1)CCc1ccc(NS(C)(=O)=O)cc1	Weight	Average	-0.09795
CN(CCOc1ccc(NS(C)(=O)=O)cc1)CCc1ccc(NS(C)(=O)=O)cc1	Weight	High	-0.13009
CN1CCc2cccc3c2C1Cc1ccc(O)c(O)c1-3	Sex	Male	-0.08889
CN1CCc2cccc3c2C1Cc1ccc(O)c(O)c1-3	Sex	Female	0.0
CN1CCc2cccc3c2C1Cc1ccc(O)c(O)c1-3	Age	Children	-0.00285
CN1CCc2cccc3c2C1Cc1ccc(O)c(O)c1-3	Age	Adolescent	0.0
CN1CCc2cccc3c2C1Cc1ccc(O)c(O)c1-3	Age	Adult	-0.02268
CN1CCc2cccc3c2C1Cc1ccc(O)c(O)c1-3	Age	Elderly	-0.13739
CN1CCc2cccc3c2C1Cc1ccc(O)c(O)c1-3	Weight	Low	-0.13676
CN1CCc2cccc3c2C1Cc1ccc(O)c(O)c1-3	Weight	Average	-0.11549
CN1CCc2cccc3c2C1Cc1ccc(O)c(O)c1-3	Weight	High	-0.16051
CN1CCc2nc(C(=O)NC3CC(C(=O)N(C)C)CCC3NC(=O)C(=O)Nc3ccc(Cl)cn3)sc2C1	Sex	Male	-0.07038
CN1CCc2nc(C(=O)NC3CC(C(=O)N(C)C)CCC3NC(=O)C(=O)Nc3ccc(Cl)cn3)sc2C1	Sex	Female	0.0
CN1CCc2nc(C(=O)NC3CC(C(=O)N(C)C)CCC3NC(=O)C(=O)Nc3ccc(Cl)cn3)sc2C1	Age	Children	-0.0017
CN1CCc2nc(C(=O)NC3CC(C(=O)N(C)C)CCC3NC(=O)C(=O)Nc3ccc(Cl)cn3)sc2C1	Age	Adolescent	0.0
CN1CCc2nc(C(=O)NC3CC(C(=O)N(C)C)CCC3NC(=O)C(=O)Nc3ccc(Cl)cn3)sc2C1	Age	Adult	-0.02457
CN1CCc2nc(C(=O)NC3CC(C(=O)N(C)C)CCC3NC(=O)C(=O)Nc3ccc(Cl)cn3)sc2C1	Age	Elderly	-0.16944
CN1CCc2nc(C(=O)NC3CC(C(=O)N(C)C)CCC3NC(=O)C(=O)Nc3ccc(Cl)cn3)sc2C1	Weight	Low	-0.10081
CN1CCc2nc(C(=O)NC3CC(C(=O)N(C)C)CCC3NC(=O)C(=O)Nc3ccc(Cl)cn3)sc2C1	Weight	Average	-0.07328
CN1CCc2nc(C(=O)NC3CC(C(=O)N(C)C)CCC3NC(=O)C(=O)Nc3ccc(Cl)cn3)sc2C1	Weight	High	-0.11606
COC(=O)NC(C(=O)N1CCCC1c1nc(-c2ccc(-c3ccc(-c4c[nH]c(C5CCCN5C(=O)C(NC(=O)OC)C(C)C)n4)cc3)cc2)c[nH]1)C(C)C	Sex	Male	-0.0402
COC(=O)NC(C(=O)N1CCCC1c1nc(-c2ccc(-c3ccc(-c4c[nH]c(C5CCCN5C(=O)C(NC(=O)OC)C(C)C)n4)cc3)cc2)c[nH]1)C(C)C	Sex	Female	0.0
COC(=O)NC(C(=O)N1CCCC1c1nc(-c2ccc(-c3ccc(-c4c[nH]c(C5CCCN5C(=O)C(NC(=O)OC)C(C)C)n4)cc3)cc2)c[nH]1)C(C)C	Age	Children	0.03294
COC(=O)NC(C(=O)N1CCCC1c1nc(-c2ccc(-c3ccc(-c4c[nH]c(C5CCCN5C(=O)C(NC(=O)OC)C(C)C)n4)cc3)cc2)c[nH]1)C(C)C	Age	Adolescent	0.0
COC(=O)NC(C(=O)N1CCCC1c1nc(-c2ccc(-c3ccc(-c4c[nH]c(C5CCCN5C(=O)C(NC(=O)OC)C(C)C)n4)cc3)cc2)c[nH]1)C(C)C	Age	Adult	-0.03191
COC(=O)NC(C(=O)N1CCCC1c1nc(-c2ccc(-c3ccc(-c4c[nH]c(C5CCCN5C(=O)C(NC(=O)OC)C(C)C)n4)cc3)cc2)c[nH]1)C(C)C	Age	Elderly	-0.1006
COC(=O)NC(C(=O)N1CCCC1c1nc(-c2ccc(-c3ccc(-c4c[nH]c(C5CCCN5C(=O)C(NC(=O)OC)C(C)C)n4)cc3)cc2)c[nH]1)C(C)C	Weight	Low	-0.15258
COC(=O)NC(C(=O)N1CCCC1c1nc(-c2ccc(-c3ccc(-c4c[nH]c(C5CCCN5C(=O)C(NC(=O)OC)C(C)C)n4)cc3)cc2)c[nH]1)C(C)C	Weight	Average	-0.10258
COC(=O)NC(C(=O)N1CCCC1c1nc(-c2ccc(-c3ccc(-c4c[nH]c(C5CCCN5C(=O)C(NC(=O)OC)C(C)C)n4)cc3)cc2)c[nH]1)C(C)C	Weight	High	-0.16458
COC1C(N(C)C(=O)c2ccccc2)CC2OC1(C)n1c3ccccc3c3c4c(c5c6ccccc6n2c5c31)C(=O)NC4	Sex	Male	-0.07728
COC1C(N(C)C(=O)c2ccccc2)CC2OC1(C)n1c3ccccc3c3c4c(c5c6ccccc6n2c5c31)C(=O)NC4	Sex	Female	0.0
COC1C(N(C)C(=O)c2ccccc2)CC2OC1(C)n1c3ccccc3c3c4c(c5c6ccccc6n2c5c31)C(=O)NC4	Age	Children	-0.0025
COC1C(N(C)C(=O)c2ccccc2)CC2OC1(C)n1c3ccccc3c3c4c(c5c6ccccc6n2c5c31)C(=O)NC4	Age	Adolescent	0.0
COC1C(N(C)C(=O)c2ccccc2)CC2OC1(C)n1c3ccccc3c3c4c(c5c6ccccc6n2c5c31)C(=O)NC4	Age	Adult	-0.01718
COC1C(N(C)C(=O)c2ccccc2)CC2OC1(C)n1c3ccccc3c3c4c(c5c6ccccc6n2c5c31)C(=O)NC4	Age	Elderly	-0.09459
COC1C(N(C)C(=O)c2ccccc2)CC2OC1(C)n1c3ccccc3c3c4c(c5c6ccccc6n2c5c31)C(=O)NC4	Weight	Low	-0.12258
COC1C(N(C)C(=O)c2ccccc2)CC2OC1(C)n1c3ccccc3c3c4c(c5c6ccccc6n2c5c31)C(=O)NC4	Weight	Average	-0.10267
COC1C(N(C)C(=O)c2ccccc2)CC2OC1(C)n1c3ccccc3c3c4c(c5c6ccccc6n2c5c31)C(=O)NC4	Weight	High	-0.13204
COC1C=COC2(C)Oc3c(C)c(O)c4c(O)c(c5c(nc6cc(C)ccn65)c4c3C2=O)NC(=O)C(C)=CC=CC(C)C(O)C(C)C(O)C(C)C(OC(C)=O)C1C	Sex	Male	-0.00619
COC1C=COC2(C)Oc3c(C)c(O)c4c(O)c(c5c(nc6cc(C)ccn65)c4c3C2=O)NC(=O)C(C)=CC=CC(C)C(O)C(C)C(O)C(C)C(OC(C)=O)C1C	Sex	Female	0.0
COC1C=COC2(C)Oc3c(C)c(O)c4c(O)c(c5c(nc6cc(C)ccn65)c4c3C2=O)NC(=O)C(C)=CC=CC(C)C(O)C(C)C(O)C(C)C(OC(C)=O)C1C	Age	Children	0.03631
COC1C=COC2(C)Oc3c(C)c(O)c4c(O)c(c5c(nc6cc(C)ccn65)c4c3C2=O)NC(=O)C(C)=CC=CC(C)C(O)C(C)C(O)C(C)C(OC(C)=O)C1C	Age	Adolescent	0.0
COC1C=COC2(C)Oc3c(C)c(O)c4c(O)c(c5c(nc6cc(C)ccn65)c4c3C2=O)NC(=O)C(C)=CC=CC(C)C(O)C(C)C(O)C(C)C(OC(C)=O)C1C	Age	Adult	-0.02772
COC1C=COC2(C)Oc3c(C)c(O)c4c(O)c(c5c(nc6cc(C)ccn65)c4c3C2=O)NC(=O)C(C)=CC=CC(C)C(O)C(C)C(O)C(C)C(OC(C)=O)C1C	Age	Elderly	-0.08026
COC1C=COC2(C)Oc3c(C)c(O)c4c(O)c(c5c(nc6cc(C)ccn65)c4c3C2=O)NC(=O)C(C)=CC=CC(C)C(O)C(C)C(O)C(C)C(OC(C)=O)C1C	Weight	Low	-0.05887
COC1C=COC2(C)Oc3c(C)c(O)c4c(O)c(c5c(nc6cc(C)ccn65)c4c3C2=O)NC(=O)C(C)=CC=CC(C)C(O)C(C)C(O)C(C)C(OC(C)=O)C1C	Weight	Average	-0.10399
COC1C=COC2(C)Oc3c(C)c(O)c4c(O)c(c5c(nc6cc(C)ccn65)c4c3C2=O)NC(=O)C(C)=CC=CC(C)C(O)C(C)C(O)C(C)C(OC(C)=O)C1C	Weight	High	-0.13209
COc1c(OCCCN2CCOCC2)ccc2c3n(c(=NC(=O)c4cnc(N)nc4)nc12)CCN3	Sex	Male	-0.10344
COc1c(OCCCN2CCOCC2)ccc2c3n(c(=NC(=O)c4cnc(N)nc4)nc12)CCN3	Sex	Female	0.0
COc1c(OCCCN2CCOCC2)ccc2c3n(c(=NC(=O)c4cnc(N)nc4)nc12)CCN3	Age	Children	-0.00285
COc1c(OCCCN2CCOCC2)ccc2c3n(c(=NC(=O)c4cnc(N)nc4)nc12)CCN3	Age	Adolescent	0.0
COc1c(OCCCN2CCOCC2)ccc2c3n(c(=NC(=O)c4cnc(N)nc4)nc12)CCN3	Age	Adult	-0.02661
COc1c(OCCCN2CCOCC2)ccc2c3n(c(=NC(=O)c4cnc(N)nc4)nc12)CCN3	Age	Elderly	-0.15254
COc1c(OCCCN2CCOCC2)ccc2c3n(c(=NC(=O)c4cnc(N)nc4)nc12)CCN3	Weight	Low	-0.16831
COc1c(OCCCN2CCOCC2)ccc2c3n(c(=NC(=O)c4cnc(N)nc4)nc12)CCN3	Weight	Average	-0.11262
COc1c(OCCCN2CCOCC2)ccc2c3n(c(=NC(=O)c4cnc(N)nc4)nc12)CCN3	Weight	High	-0.14881
C[N+]1(C)C2CC(OC(=O)C(O)(c3cccs3)c3cccs3)CC1C1OC12	Sex	Male	-0.07647
C[N+]1(C)C2CC(OC(=O)C(O)(c3cccs3)c3cccs3)CC1C1OC12	Sex	Female	0.0
C[N+]1(C)C2CC(OC(=O)C(O)(c3cccs3)c3cccs3)CC1C1OC12	Age	Children	0.04035
C[N+]1(C)C2CC(OC(=O)C(O)(c3cccs3)c3cccs3)CC1C1OC12	Age	Adolescent	0.0
C[N+]1(C)C2CC(OC(=O)C(O)(c3cccs3)c3cccs3)CC1C1OC12	Age	Adult	-0.0311
C[N+]1(C)C2CC(OC(=O)C(O)(c3cccs3)c3cccs3)CC1C1OC12	Age	Elderly	-0.13161
C[N+]1(C)C2CC(OC(=O)C(O)(c3cccs3)c3cccs3)CC1C1OC12	Weight	Low	-0.1363
C[N+]1(C)C2CC(OC(=O)C(O)(c3cccs3)c3cccs3)CC1C1OC12	Weight	Average	-0.1296
C[N+]1(C)C2CC(OC(=O)C(O)(c3cccs3)c3cccs3)CC1C1OC12	Weight	High	-0.17235
Cc1[nH]c2ccccc2c1CCNCc1ccc(C=CC(O)=NO)cc1	Sex	Male	-0.07901
Cc1[nH]c2ccccc2c1CCNCc1ccc(C=CC(O)=NO)cc1	Sex	Female	0.0
Cc1[nH]c2ccccc2c1CCNCc1ccc(C=CC(O)=NO)cc1	Age	Children	-0.00236
Cc1[nH]c2ccccc2c1CCNCc1ccc(C=CC(O)=NO)cc1	Age	Adolescent	0.0
Cc1[nH]c2ccccc2c1CCNCc1ccc(C=CC(O)=NO)cc1	Age	Adult	-0.02498
Cc1[nH]c2ccccc2c1CCNCc1ccc(C=CC(O)=NO)cc1	Age	Elderly	-0.11695
Cc1[nH]c2ccccc2c1CCNCc1ccc(C=CC(O)=NO)cc1	Weight	Low	-0.11019
Cc1[nH]c2ccccc2c1CCNCc1ccc(C=CC(O)=NO)cc1	Weight	Average	-0.12343
Cc1[nH]c2ccccc2c1CCNCc1ccc(C=CC(O)=NO)cc1	Weight	High	-0.15283
Cc1ccc(-n2[nH]c(C)c(N=Nc3cccc(-c4cccc(C(=O)O)c4)c3O)c2=O)cc1C	Sex	Male	-0.08315
Cc1ccc(-n2[nH]c(C)c(N=Nc3cccc(-c4cccc(C(=O)O)c4)c3O)c2=O)cc1C	Sex	Female	0.0
Cc1ccc(-n2[nH]c(C)c(N=Nc3cccc(-c4cccc(C(=O)O)c4)c3O)c2=O)cc1C	Age	Children	-0.00271
Cc1ccc(-n2[nH]c(C)c(N=Nc3cccc(-c4cccc(C(=O)O)c4)c3O)c2=O)cc1C	Age	Adolescent	0.0
Cc1ccc(-n2[nH]c(C)c(N=Nc3cccc(-c4cccc(C(=O)O)c4)c3O)c2=O)cc1C	Age	Adult	-0.02239
Cc1ccc(-n2[nH]c(C)c(N=Nc3cccc(-c4cccc(C(=O)O)c4)c3O)c2=O)cc1C	Age	Elderly	-0.12637
Cc1ccc(-n2[nH]c(C)c(N=Nc3cccc(-c4cccc(C(=O)O)c4)c3O)c2=O)cc1C	Weight	Low	-0.12589
Cc1ccc(-n2[nH]c(C)c(N=Nc3cccc(-c4cccc(C(=O)O)c4)c3O)c2=O)cc1C	Weight	Average	-0.10069
Cc1ccc(-n2[nH]c(C)c(N=Nc3cccc(-c4cccc(C(=O)O)c4)c3O)c2=O)cc1C	Weight	High	-0.16369
Cn1c(CCCC(=O)O)nc2cc(N(CCCl)CCCl)ccc21	Sex	Male	-0.03431
Cn1c(CCCC(=O)O)nc2cc(N(CCCl)CCCl)ccc21	Sex	Female	0.0
Cn1c(CCCC(=O)O)nc2cc(N(CCCl)CCCl)ccc21	Age	Children	-0.00108
Cn1c(CCCC(=O)O)nc2cc(N(CCCl)CCCl)ccc21	Age	Adolescent	0.0
Cn1c(CCCC(=O)O)nc2cc(N(CCCl)CCCl)ccc21	Age	Adult	-0.00996
Cn1c(CCCC(=O)O)nc2cc(N(CCCl)CCCl)ccc21	Age	Elderly	-0.05645
Cn1c(CCCC(=O)O)nc2cc(N(CCCl)CCCl)ccc21	Weight	Low	-0.08513
Cn1c(CCCC(=O)O)nc2cc(N(CCCl)CCCl)ccc21	Weight	Average	-0.05405
Cn1c(CCCC(=O)O)nc2cc(N(CCCl)CCCl)ccc21	Weight	High	-0.09272
FC(F)OC(F)C(F)(F)F	Sex	Male	-0.08584
FC(F)OC(F)C(F)(F)F	Sex	Female	0.0
FC(F)OC(F)C(F)(F)F	Age	Children	-0.00215
FC(F)OC(F)C(F)(F)F	Age	Adolescent	0.0
FC(F)OC(F)C(F)(F)F	Age	Adult	-0.02735
FC(F)OC(F)C(F)(F)F	Age	Elderly	-0.12224
FC(F)OC(F)C(F)(F)F	Weight	Low	-0.15686
FC(F)OC(F)C(F)(F)F	Weight	Average	-0.10605
FC(F)OC(F)C(F)(F)F	Weight	High	-0.17382
NC(=O)c1cccc2cn(-c3ccc(C4CCCNC4)cc3)nc12	Sex	Male	-0.11285
NC(=O)c1cccc2cn(-c3ccc(C4CCCNC4)cc3)nc12	Sex	Female	0.0
NC(=O)c1cccc2cn(-c3ccc(C4CCCNC4)cc3)nc12	Age	Children	-0.00283
NC(=O)c1cccc2cn(-c3ccc(C4CCCNC4)cc3)nc12	Age	Adolescent	0.0
NC(=O)c1cccc2cn(-c3ccc(C4CCCNC4)cc3)nc12	Age	Adult	-0.03335
NC(=O)c1cccc2cn(-c3ccc(C4CCCNC4)cc3)nc12	Age	Elderly	-0.11462
NC(=O)c1cccc2cn(-c3ccc(C4CCCNC4)cc3)nc12	Weight	Low	-0.14829
NC(=O)c1cccc2cn(-c3ccc(C4CCCNC4)cc3)nc12	Weight	Average	-0.13827
NC(=O)c1cccc2cn(-c3ccc(C4CCCNC4)cc3)nc12	Weight	High	-0.14316
NC(O)=NO	Sex	Male	-0.0875
NC(O)=NO	Sex	Female	0.0
NC(O)=NO	Age	Children	-0.00262
NC(O)=NO	Age	Adolescent	0.0
NC(O)=NO	Age	Adult	-0.02634
NC(O)=NO	Age	Elderly	-0.13998
NC(O)=NO	Weight	Low	-0.1668
NC(O)=NO	Weight	Average	-0.13618
NC(O)=NO	Weight	High	-0.16157
O=C(CCCCCCC(O)=NO)Nc1ccccc1	Sex	Male	-0.08435
O=C(CCCCCCC(O)=NO)Nc1ccccc1	Sex	Female	0.0
O=C(CCCCCCC(O)=NO)Nc1ccccc1	Age	Children	-0.00281
O=C(CCCCCCC(O)=NO)Nc1ccccc1	Age	Adolescent	0.0
O=C(CCCCCCC(O)=NO)Nc1ccccc1	Age	Adult	-0.02373
O=C(CCCCCCC(O)=NO)Nc1ccccc1	Age	Elderly	-0.13476
O=C(CCCCCCC(O)=NO)Nc1ccccc1	Weight	Low	-0.13281
O=C(CCCCCCC(O)=NO)Nc1ccccc1	Weight	Average	-0.13014
O=C(CCCCCCC(O)=NO)Nc1ccccc1	Weight	High	-0.15474
O=C(Nc1c(Cl)cncc1Cl)c1ccc(OC(F)F)c(OCC2CC2)c1	Sex	Male	-0.07266
O=C(Nc1c(Cl)cncc1Cl)c1ccc(OC(F)F)c(OCC2CC2)c1	Sex	Female	0.0
O=C(Nc1c(Cl)cncc1Cl)c1ccc(OC(F)F)c(OCC2CC2)c1	Age	Children	0.04082
O=C(Nc1c(Cl)cncc1Cl)c1ccc(OC(F)F)c(OCC2CC2)c1	Age	Adolescent	0.0
O=C(Nc1c(Cl)cncc1Cl)c1ccc(OC(F)F)c(OCC2CC2)c1	Age	Adult	-0.02573
O=C(Nc1c(Cl)cncc1Cl)c1ccc(OC(F)F)c(OCC2CC2)c1	Age	Elderly	-0.08977
O=C(Nc1c(Cl)cncc1Cl)c1ccc(OC(F)F)c(OCC2CC2)c1	Weight	Low	-0.16118
O=C(Nc1c(Cl)cncc1Cl)c1ccc(OC(F)F)c(OCC2CC2)c1	Weight	Average	-0.10151
O=C(Nc1c(Cl)cncc1Cl)c1ccc(OC(F)F)c(OCC2CC2)c1	Weight	High	-0.1461
O=C(O)c1ccc2nc(-c3cc(Cl)cc(Cl)c3)oc2c1	Sex	Male	-0.07894
O=C(O)c1ccc2nc(-c3cc(Cl)cc(Cl)c3)oc2c1	Sex	Female	0.0
O=C(O)c1ccc2nc(-c3cc(Cl)cc(Cl)c3)oc2c1	Age	Children	-0.00265
O=C(O)c1ccc2nc(-c3cc(Cl)cc(Cl)c3)oc2c1	Age	Adolescent	0.0
O=C(O)c1ccc2nc(-c3cc(Cl)cc(Cl)c3)oc2c1	Age	Adult	-0.02813
O=C(O)c1ccc2nc(-c3cc(Cl)cc(Cl)c3)oc2c1	Age	Elderly	-0.13509
O=C(O)c1ccc2nc(-c3cc(Cl)cc(Cl)c3)oc2c1	Weight	Low	-0.16344
O=C(O)c1ccc2nc(-c3cc(Cl)cc(Cl)c3)oc2c1	Weight	Average	-0.10469
O=C(O)c1ccc2nc(-c3cc(Cl)cc(Cl)c3)oc2c1	Weight	High	-0.15501
O=C(OC1C[N+]2(CCCOc3ccccc3)CCC1CC2)C(O)(c1cccs1)c1cccs1	Sex	Male	-0.06687
O=C(OC1C[N+]2(CCCOc3ccccc3)CCC1CC2)C(O)(c1cccs1)c1cccs1	Sex	Female	0.0
O=C(OC1C[N+]2(CCCOc3ccccc3)CCC1CC2)C(O)(c1cccs1)c1cccs1	Age	Children	0.04084
O=C(OC1C[N+]2(CCCOc3ccccc3)CCC1CC2)C(O)(c1cccs1)c1cccs1	Age	Adolescent	0.0
O=C(OC1C[N+]2(CCCOc3ccccc3)CCC1CC2)C(O)(c1cccs1)c1cccs1	Age	Adult	-0.03013
O=C(OC1C[N+]2(CCCOc3ccccc3)CCC1CC2)C(O)(c1cccs1)c1cccs1	Age	Elderly	-0.12902
O=C(OC1C[N+]2(CCCOc3ccccc3)CCC1CC2)C(O)(c1cccs1)c1cccs1	Weight	Low	-0.12655
O=C(OC1C[N+]2(CCCOc3ccccc3)CCC1CC2)C(O)(c1cccs1)c1cccs1	Weight	Average	-0.12484
O=C(OC1C[N+]2(CCCOc3ccccc3)CCC1CC2)C(O)(c1cccs1)c1cccs1	Weight	High	-0.13615
O=C1CCC2(O)C3Cc4ccc(O)c5c4C2(CCN3CC2CC2)C1O5	Sex	Male	-0.12009
O=C1CCC2(O)C3Cc4ccc(O)c5c4C2(CCN3CC2CC2)C1O5	Sex	Female	0.0
O=C1CCC2(O)C3Cc4ccc(O)c5c4C2(CCN3CC2CC2)C1O5	Age	Children	-0.00253
O=C1CCC2(O)C3Cc4ccc(O)c5c4C2(CCN3CC2CC2)C1O5	Age	Adolescent	0.0
O=C1CCC2(O)C3Cc4ccc(O)c5c4C2(CCN3CC2CC2)C1O5	Age	Adult	-0.02705
O=C1CCC2(O)C3Cc4ccc(O)c5c4C2(CCN3CC2CC2)C1O5	Age	Elderly	-0.12362
O=C1CCC2(O)C3Cc4ccc(O)c5c4C2(CCN3CC2CC2)C1O5	Weight	Low	-0.15801
O=C1CCC2(O)C3Cc4ccc(O)c5c4C2(CCN3CC2CC2)C1O5	Weight	Average	-0.1237
O=C1CCC2(O)C3Cc4ccc(O)c5c4C2(CCN3CC2CC2)C1O5	Weight	High	-0.13897
O=[N+]([O-])OC1COC2C(O)COC12	Sex	Male	-0.08709
O=[N+]([O-])OC1COC2C(O)COC12	Sex	Female	0.0
O=[N+]([O-])OC1COC2C(O)COC12	Age	Children	-0.00286
O=[N+]([O-])OC1COC2C(O)COC12	Age	Adolescent	0.0
O=[N+]([O-])OC1COC2C(O)COC12	Age	Adult	-0.02634
O=[N+]([O-])OC1COC2C(O)COC12	Age	Elderly	-0.14309
O=[N+]([O-])OC1COC2C(O)COC12	Weight	Low	-0.15366
O=[N+]([O-])OC1COC2C(O)COC12	Weight	Average	-0.13055
O=[N+]([O-])OC1COC2C(O)COC12	Weight	High	-0.15581
O=[N+]([O-])OCC(CO[N+](=O)[O-])O[N+](=O)[O-]	Sex	Male	-0.08542
O=[N+]([O-])OCC(CO[N+](=O)[O-])O[N+](=O)[O-]	Sex	Female	0.0
O=[N+]([O-])OCC(CO[N+](=O)[O-])O[N+](=O)[O-]	Age	Children	-0.0026
O=[N+]([O-])OCC(CO[N+](=O)[O-])O[N+](=O)[O-]	Age	Adolescent	0.0
O=[N+]([O-])OCC(CO[N+](=O)[O-])O[N+](=O)[O-]	Age	Adult	-0.02483
O=[N+]([O-])OCC(CO[N+](=O)[O-])O[N+](=O)[O-]	Age	Elderly	-0.13701
O=[N+]([O-])OCC(CO[N+](=O)[O-])O[N+](=O)[O-]	Weight	Low	-0.16185
O=[N+]([O-])OCC(CO[N+](=O)[O-])O[N+](=O)[O-]	Weight	Average	-0.13229
O=[N+]([O-])OCC(CO[N+](=O)[O-])O[N+](=O)[O-]	Weight	High	-0.16262
O=c1[nH]cnc2[nH]ncc12	Sex	Male	-0.09724
O=c1[nH]cnc2[nH]ncc12	Sex	Female	0.0
O=c1[nH]cnc2[nH]ncc12	Age	Children	-0.00286
O=c1[nH]cnc2[nH]ncc12	Age	Adolescent	0.0
O=c1[nH]cnc2[nH]ncc12	Age	Adult	-0.02008
O=c1[nH]cnc2[nH]ncc12	Age	Elderly	-0.12779
O=c1[nH]cnc2[nH]ncc12	Weight	Low	-0.14954
O=c1[nH]cnc2[nH]ncc12	Weight	Average	-0.11428
O=c1[nH]cnc2[nH]ncc12	Weight	High	-0.15273
OC(c1ccccc1)(c1ccccc1)C12CC[N+](CCOCc3ccccc3)(CC1)CC2	Sex	Male	-0.06918
OC(c1ccccc1)(c1ccccc1)C12CC[N+](CCOCc3ccccc3)(CC1)CC2	Sex	Female	0.0
OC(c1ccccc1)(c1ccccc1)C12CC[N+](CCOCc3ccccc3)(CC1)CC2	Age	Children	0.04077
OC(c1ccccc1)(c1ccccc1)C12CC[N+](CCOCc3ccccc3)(CC1)CC2	Age	Adolescent	0.0
OC(c1ccccc1)(c1ccccc1)C12CC[N+](CCOCc3ccccc3)(CC1)CC2	Age	Adult	-0.02639
OC(c1ccccc1)(c1ccccc1)C12CC[N+](CCOCc3ccccc3)(CC1)CC2	Age	Elderly	-0.14762
OC(c1ccccc1)(c1ccccc1)C12CC[N+](CCOCc3ccccc3)(CC1)CC2	Weight	Low	-0.13277
OC(c1ccccc1)(c1ccccc1)C12CC[N+](CCOCc3ccccc3)(CC1)CC2	Weight	Average	-0.1231
OC(c1ccccc1)(c1ccccc1)C12CC[N+](CCOCc3ccccc3)(CC1)CC2	Weight	High	-0.162
OCC1NCC(O)C(O)C1O	Sex	Male	-0.09351
OCC1NCC(O)C(O)C1O	Sex	Female	0.0
OCC1NCC(O)C(O)C1O	Age	Children	-0.00202
OCC1NCC(O)C(O)C1O	Age	Adolescent	0.0
OCC1NCC(O)C(O)C1O	Age	Adult	-0.02019
OCC1NCC(O)C(O)C1O	Age	Elderly	-0.09405
OCC1NCC(O)C(O)C1O	Weight	Low	-0.15204
OCC1NCC(O)C(O)C1O	Weight	Average	-0.11716
OCC1NCC(O)C(O)C1O	Weight	High	-0.16712
C=C1C(=CC=C2CCCC3(C)C2CCC3C(C)C=CC(C)C(C)C)CC(O)CC1O	Sex	Male	-0.06857
C=C1C(=CC=C2CCCC3(C)C2CCC3C(C)C=CC(C)C(C)C)CC(O)CC1O	Sex	Female	0.0
C=C1C(=CC=C2CCCC3(C)C2CCC3C(C)C=CC(C)C(C)C)CC(O)CC1O	Age	Children	-0.00257
C=C1C(=CC=C2CCCC3(C)C2CCC3C(C)C=CC(C)C(C)C)CC(O)CC1O	Age	Adolescent	0.0
C=C1C(=CC=C2CCCC3(C)C2CCC3C(C)C=CC(C)C(C)C)CC(O)CC1O	Age	Adult	-0.02371
C=C1C(=CC=C2CCCC3(C)C2CCC3C(C)C=CC(C)C(C)C)CC(O)CC1O	Age	Elderly	-0.109
C=C1C(=CC=C2CCCC3(C)C2CCC3C(C)C=CC(C)C(C)C)CC(O)CC1O	Weight	Low	-0.11165
C=C1C(=CC=C2CCCC3(C)C2CCC3C(C)C=CC(C)C(C)C)CC(O)CC1O	Weight	Average	-0.11723
C=C1C(=CC=C2CCCC3(C)C2CCC3C(C)C=CC(C)C(C)C)CC(O)CC1O	Weight	High	-0.124
CC1COC2Cn3cc(C(=O)NCc4ccc(F)cc4F)c(=O)c(O)c3C(=O)N12	Sex	Male	-0.09538
CC1COC2Cn3cc(C(=O)NCc4ccc(F)cc4F)c(=O)c(O)c3C(=O)N12	Sex	Female	0.0
CC1COC2Cn3cc(C(=O)NCc4ccc(F)cc4F)c(=O)c(O)c3C(=O)N12	Age	Children	-0.00286
CC1COC2Cn3cc(C(=O)NCc4ccc(F)cc4F)c(=O)c(O)c3C(=O)N12	Age	Adolescent	0.0
CC1COC2Cn3cc(C(=O)NCc4ccc(F)cc4F)c(=O)c(O)c3C(=O)N12	Age	Adult	-0.02319
CC1COC2Cn3cc(C(=O)NCc4ccc(F)cc4F)c(=O)c(O)c3C(=O)N12	Age	Elderly	-0.13491
CC1COC2Cn3cc(C(=O)NCc4ccc(F)cc4F)c(=O)c(O)c3C(=O)N12	Weight	Low	-0.12996
CC1COC2Cn3cc(C(=O)NCc4ccc(F)cc4F)c(=O)c(O)c3C(=O)N12	Weight	Average	-0.09147
CC1COC2Cn3cc(C(=O)NCc4ccc(F)cc4F)c(=O)c(O)c3C(=O)N12	Weight	High	-0.14106
CCOC(=O)C(CCc1ccccc1)NC(C)C(=O)N1Cc2ccccc2CC1C(=O)O	Sex	Male	-0.07214
CCOC(=O)C(CCc1ccccc1)NC(C)C(=O)N1Cc2ccccc2CC1C(=O)O	Sex	Female	0.0
CCOC(=O)C(CCc1ccccc1)NC(C)C(=O)N1Cc2ccccc2CC1C(=O)O	Age	Children	-0.00218
CCOC(=O)C(CCc1ccccc1)NC(C)C(=O)N1Cc2ccccc2CC1C(=O)O	Age	Adolescent	0.0
CCOC(=O)C(CCc1ccccc1)NC(C)C(=O)N1Cc2ccccc2CC1C(=O)O	Age	Adult	-0.02135
CCOC(=O)C(CCc1ccccc1)NC(C)C(=O)N1Cc2ccccc2CC1C(=O)O	Age	Elderly	-0.12847
CCOC(=O)C(CCc1ccccc1)NC(C)C(=O)N1Cc2ccccc2CC1C(=O)O	Weight	Low	-0.1399
CCOC(=O)C(CCc1ccccc1)NC(C)C(=O)N1Cc2ccccc2CC1C(=O)O	Weight	Average	-0.11708
CCOC(=O)C(CCc1ccccc1)NC(C)C(=O)N1Cc2ccccc2CC1C(=O)O	Weight	High	-0.16422
CCON=C(C(=O)NC1C(=O)N2C(C(=O)[O-])=C(Sc3nc(-c4cc[n+](C)cc4)cs3)CSC12)c1nsc(NP(=O)(O)O)n1	Sex	Male	-0.07593
CCON=C(C(=O)NC1C(=O)N2C(C(=O)[O-])=C(Sc3nc(-c4cc[n+](C)cc4)cs3)CSC12)c1nsc(NP(=O)(O)O)n1	Sex	Female	0.0
CCON=C(C(=O)NC1C(=O)N2C(C(=O)[O-])=C(Sc3nc(-c4cc[n+](C)cc4)cs3)CSC12)c1nsc(NP(=O)(O)O)n1	Age	Children	-0.00172
CCON=C(C(=O)NC1C(=O)N2C(C(=O)[O-])=C(Sc3nc(-c4cc[n+](C)cc4)cs3)CSC12)c1nsc(NP(=O)(O)O)n1	Age	Adolescent	0.0
CCON=C(C(=O)NC1C(=O)N2C(C(=O)[O-])=C(Sc3nc(-c4cc[n+](C)cc4)cs3)CSC12)c1nsc(NP(=O)(O)O)n1	Age	Adult	-0.01746
CCON=C(C(=O)NC1C(=O)N2C(C(=O)[O-])=C(Sc3nc(-c4cc[n+](C)cc4)cs3)CSC12)c1nsc(NP(=O)(O)O)n1	Age	Elderly	-0.17381
CCON=C(C(=O)NC1C(=O)N2C(C(=O)[O-])=C(Sc3nc(-c4cc[n+](C)cc4)cs3)CSC12)c1nsc(NP(=O)(O)O)n1	Weight	Low	-0.1169
CCON=C(C(=O)NC1C(=O)N2C(C(=O)[O-])=C(Sc3nc(-c4cc[n+](C)cc4)cs3)CSC12)c1nsc(NP(=O)(O)O)n1	Weight	Average	-0.07739
CCON=C(C(=O)NC1C(=O)N2C(C(=O)[O-])=C(Sc3nc(-c4cc[n+](C)cc4)cs3)CSC12)c1nsc(NP(=O)(O)O)n1	Weight	High	-0.10501
N#Cc1ccc2[nH]cc(CCCCN3CCN(c4ccc5oc(C(N)=O)cc5c4)CC3)c2c1	Sex	Male	-0.09261
N#Cc1ccc2[nH]cc(CCCCN3CCN(c4ccc5oc(C(N)=O)cc5c4)CC3)c2c1	Sex	Female	0.0
N#Cc1ccc2[nH]cc(CCCCN3CCN(c4ccc5oc(C(N)=O)cc5c4)CC3)c2c1	Age	Children	-0.00283
N#Cc1ccc2[nH]cc(CCCCN3CCN(c4ccc5oc(C(N)=O)cc5c4)CC3)c2c1	Age	Adolescent	0.0
N#Cc1ccc2[nH]cc(CCCCN3CCN(c4ccc5oc(C(N)=O)cc5c4)CC3)c2c1	Age	Adult	-0.02363
N#Cc1ccc2[nH]cc(CCCCN3CCN(c4ccc5oc(C(N)=O)cc5c4)CC3)c2c1	Age	Elderly	-0.10002
N#Cc1ccc2[nH]cc(CCCCN3CCN(c4ccc5oc(C(N)=O)cc5c4)CC3)c2c1	Weight	Low	-0.17455
N#Cc1ccc2[nH]cc(CCCCN3CCN(c4ccc5oc(C(N)=O)cc5c4)CC3)c2c1	Weight	Average	-0.10178
N#Cc1ccc2[nH]cc(CCCCN3CCN(c4ccc5oc(C(N)=O)cc5c4)CC3)c2c1	Weight	High	-0.12879
O=C(O)c1cccnc1	Sex	Male	-0.09169
O=C(O)c1cccnc1	Sex	Female	0.0
O=C(O)c1cccnc1	Age	Children	-0.00263
O=C(O)c1cccnc1	Age	Adolescent	0.0
O=C(O)c1cccnc1	Age	Adult	-0.02807
O=C(O)c1cccnc1	Age	Elderly	-0.12549
O=C(O)c1cccnc1	Weight	Low	-0.14042
O=C(O)c1cccnc1	Weight	Average	-0.12456
O=C(O)c1cccnc1	Weight	High	-0.15644
OC(c1cc(C(F)(F)F)nc2c(C(F)(F)F)cccc12)C1CCCCN1	Sex	Male	-0.0837
OC(c1cc(C(F)(F)F)nc2c(C(F)(F)F)cccc12)C1CCCCN1	Sex	Female	0.0
OC(c1cc(C(F)(F)F)nc2c(C(F)(F)F)cccc12)C1CCCCN1	Age	Children	-0.00133
OC(c1cc(C(F)(F)F)nc2c(C(F)(F)F)cccc12)C1CCCCN1	Age	Adolescent	0.0
OC(c1cc(C(F)(F)F)nc2c(C(F)(F)F)cccc12)C1CCCCN1	Age	Adult	-0.02778
OC(c1cc(C(F)(F)F)nc2c(C(F)(F)F)cccc12)C1CCCCN1	Age	Elderly	-0.14778
OC(c1cc(C(F)(F)F)nc2c(C(F)(F)F)cccc12)C1CCCCN1	Weight	Low	-0.12014
OC(c1cc(C(F)(F)F)nc2c(C(F)(F)F)cccc12)C1CCCCN1	Weight	Average	-0.1165
OC(c1cc(C(F)(F)F)nc2c(C(F)(F)F)cccc12)C1CCCCN1	Weight	High	-0.15132
C=C1CCC(O)CC1=CC=C1CCCC2(C)C1CCC2C(C)CCCC(C)C	Sex	Male	-0.05277
C=C1CCC(O)CC1=CC=C1CCCC2(C)C1CCC2C(C)CCCC(C)C	Sex	Female	0.0
C=C1CCC(O)CC1=CC=C1CCCC2(C)C1CCC2C(C)CCCC(C)C	Age	Children	-0.00287
C=C1CCC(O)CC1=CC=C1CCCC2(C)C1CCC2C(C)CCCC(C)C	Age	Adolescent	0.0
C=C1CCC(O)CC1=CC=C1CCCC2(C)C1CCC2C(C)CCCC(C)C	Age	Adult	-0.02148
C=C1CCC(O)CC1=CC=C1CCCC2(C)C1CCC2C(C)CCCC(C)C	Age	Elderly	-0.08763
C=C1CCC(O)CC1=CC=C1CCCC2(C)C1CCC2C(C)CCCC(C)C	Weight	Low	-0.12297
C=C1CCC(O)CC1=CC=C1CCCC2(C)C1CCC2C(C)CCCC(C)C	Weight	Average	-0.10367
C=C1CCC(O)CC1=CC=C1CCCC2(C)C1CCC2C(C)CCCC(C)C	Weight	High	-0.11718
CN1c2ccccc2C(NCCCCCCC(=O)O)c2ccc(Cl)cc2S1(=O)=O	Sex	Male	-0.09503
CN1c2ccccc2C(NCCCCCCC(=O)O)c2ccc(Cl)cc2S1(=O)=O	Sex	Female	0.0
CN1c2ccccc2C(NCCCCCCC(=O)O)c2ccc(Cl)cc2S1(=O)=O	Age	Children	-0.0027
CN1c2ccccc2C(NCCCCCCC(=O)O)c2ccc(Cl)cc2S1(=O)=O	Age	Adolescent	0.0
CN1c2ccccc2C(NCCCCCCC(=O)O)c2ccc(Cl)cc2S1(=O)=O	Age	Adult	-0.02658
CN1c2ccccc2C(NCCCCCCC(=O)O)c2ccc(Cl)cc2S1(=O)=O	Age	Elderly	-0.15987
CN1c2ccccc2C(NCCCCCCC(=O)O)c2ccc(Cl)cc2S1(=O)=O	Weight	Low	-0.08729
CN1c2ccccc2C(NCCCCCCC(=O)O)c2ccc(Cl)cc2S1(=O)=O	Weight	Average	-0.1278
CN1c2ccccc2C(NCCCCCCC(=O)O)c2ccc(Cl)cc2S1(=O)=O	Weight	High	-0.15853
COC(=O)CC(O)(CCCC(C)(C)O)C(=O)OC1C(OC)=CC23CCCN2CCc2cc4c(cc2C13)OCO4	Sex	Male	-0.0642
COC(=O)CC(O)(CCCC(C)(C)O)C(=O)OC1C(OC)=CC23CCCN2CCc2cc4c(cc2C13)OCO4	Sex	Female	0.0
COC(=O)CC(O)(CCCC(C)(C)O)C(=O)OC1C(OC)=CC23CCCN2CCc2cc4c(cc2C13)OCO4	Age	Children	0.03221
COC(=O)CC(O)(CCCC(C)(C)O)C(=O)OC1C(OC)=CC23CCCN2CCc2cc4c(cc2C13)OCO4	Age	Adolescent	0.0
COC(=O)CC(O)(CCCC(C)(C)O)C(=O)OC1C(OC)=CC23CCCN2CCc2cc4c(cc2C13)OCO4	Age	Adult	-0.01323
COC(=O)CC(O)(CCCC(C)(C)O)C(=O)OC1C(OC)=CC23CCCN2CCc2cc4c(cc2C13)OCO4	Age	Elderly	-0.11766
COC(=O)CC(O)(CCCC(C)(C)O)C(=O)OC1C(OC)=CC23CCCN2CCc2cc4c(cc2C13)OCO4	Weight	Low	-0.13958
COC(=O)CC(O)(CCCC(C)(C)O)C(=O)OC1C(OC)=CC23CCCN2CCc2cc4c(cc2C13)OCO4	Weight	Average	-0.10463
COC(=O)CC(O)(CCCC(C)(C)O)C(=O)OC1C(OC)=CC23CCCN2CCc2cc4c(cc2C13)OCO4	Weight	High	-0.1317
NC(=O)c1ccc2c(c1O)C13CCN(CC4CC4)C(C2)C1(O)CCC(=O)C3	Sex	Male	-0.11294
NC(=O)c1ccc2c(c1O)C13CCN(CC4CC4)C(C2)C1(O)CCC(=O)C3	Sex	Female	0.0
NC(=O)c1ccc2c(c1O)C13CCN(CC4CC4)C(C2)C1(O)CCC(=O)C3	Age	Children	-0.0027
NC(=O)c1ccc2c(c1O)C13CCN(CC4CC4)C(C2)C1(O)CCC(=O)C3	Age	Adolescent	0.0
NC(=O)c1ccc2c(c1O)C13CCN(CC4CC4)C(C2)C1(O)CCC(=O)C3	Age	Adult	-0.02461
NC(=O)c1ccc2c(c1O)C13CCN(CC4CC4)C(C2)C1(O)CCC(=O)C3	Age	Elderly	-0.12116
NC(=O)c1ccc2c(c1O)C13CCN(CC4CC4)C(C2)C1(O)CCC(=O)C3	Weight	Low	-0.14776
NC(=O)c1ccc2c(c1O)C13CCN(CC4CC4)C(C2)C1(O)CCC(=O)C3	Weight	Average	-0.1192
NC(=O)c1ccc2c(c1O)C13CCN(CC4CC4)C(C2)C1(O)CCC(=O)C3	Weight	High	-0.13442
C=C(c1ccc(C(=O)O)cc1)c1cc2c(cc1C)C(C)(C)CCC2(C)C	Sex	Male	-0.09751
C=C(c1ccc(C(=O)O)cc1)c1cc2c(cc1C)C(C)(C)CCC2(C)C	Sex	Female	0.0
C=C(c1ccc(C(=O)O)cc1)c1cc2c(cc1C)C(C)(C)CCC2(C)C	Age	Children	-0.00285
C=C(c1ccc(C(=O)O)cc1)c1cc2c(cc1C)C(C)(C)CCC2(C)C	Age	Adolescent	0.0
C=C(c1ccc(C(=O)O)cc1)c1cc2c(cc1C)C(C)(C)CCC2(C)C	Age	Adult	-0.02907
C=C(c1ccc(C(=O)O)cc1)c1cc2c(cc1C)C(C)(C)CCC2(C)C	Age	Elderly	-0.13425
C=C(c1ccc(C(=O)O)cc1)c1cc2c(cc1C)C(C)(C)CCC2(C)C	Weight	Low	-0.16256
C=C(c1ccc(C(=O)O)cc1)c1cc2c(cc1C)C(C)(C)CCC2(C)C	Weight	Average	-0.13048
C=C(c1ccc(C(=O)O)cc1)c1cc2c(cc1C)C(C)(C)CCC2(C)C	Weight	High	-0.1668
C=C1C(=CC=C2CCCC3(C)C2CCC3C(C)C=CC(O)C2CC2)CC(O)CC1O	Sex	Male	-0.07485
C=C1C(=CC=C2CCCC3(C)C2CCC3C(C)C=CC(O)C2CC2)CC(O)CC1O	Sex	Female	0.0
C=C1C(=CC=C2CCCC3(C)C2CCC3C(C)C=CC(O)C2CC2)CC(O)CC1O	Age	Children	-0.00282
C=C1C(=CC=C2CCCC3(C)C2CCC3C(C)C=CC(O)C2CC2)CC(O)CC1O	Age	Adolescent	0.0
C=C1C(=CC=C2CCCC3(C)C2CCC3C(C)C=CC(O)C2CC2)CC(O)CC1O	Age	Adult	-0.02492
C=C1C(=CC=C2CCCC3(C)C2CCC3C(C)C=CC(O)C2CC2)CC(O)CC1O	Age	Elderly	-0.1046
C=C1C(=CC=C2CCCC3(C)C2CCC3C(C)C=CC(O)C2CC2)CC(O)CC1O	Weight	Low	-0.12363
C=C1C(=CC=C2CCCC3(C)C2CCC3C(C)C=CC(O)C2CC2)CC(O)CC1O	Weight	Average	-0.117
C=C1C(=CC=C2CCCC3(C)C2CCC3C(C)C=CC(O)C2CC2)CC(O)CC1O	Weight	High	-0.11988
C=CCN1CCC23c4c5ccc(O)c4OC2C(OCCOCCOCCOCCOCCOCCOCCOC)CCC3(O)C1C5	Sex	Male	-0.11214
C=CCN1CCC23c4c5ccc(O)c4OC2C(OCCOCCOCCOCCOCCOCCOCCOC)CCC3(O)C1C5	Sex	Female	0.0
C=CCN1CCC23c4c5ccc(O)c4OC2C(OCCOCCOCCOCCOCCOCCOCCOC)CCC3(O)C1C5	Age	Children	-0.00276
C=CCN1CCC23c4c5ccc(O)c4OC2C(OCCOCCOCCOCCOCCOCCOCCOC)CCC3(O)C1C5	Age	Adolescent	0.0
C=CCN1CCC23c4c5ccc(O)c4OC2C(OCCOCCOCCOCCOCCOCCOCCOC)CCC3(O)C1C5	Age	Adult	-0.02532
C=CCN1CCC23c4c5ccc(O)c4OC2C(OCCOCCOCCOCCOCCOCCOCCOC)CCC3(O)C1C5	Age	Elderly	-0.11971
C=CCN1CCC23c4c5ccc(O)c4OC2C(OCCOCCOCCOCCOCCOCCOCCOC)CCC3(O)C1C5	Weight	Low	-0.14749
C=CCN1CCC23c4c5ccc(O)c4OC2C(OCCOCCOCCOCCOCCOCCOCCOC)CCC3(O)C1C5	Weight	Average	-0.09927
C=CCN1CCC23c4c5ccc(O)c4OC2C(OCCOCCOCCOCCOCCOCCOCCOC)CCC3(O)C1C5	Weight	High	-0.14302
C=c1c(N)c(O)c2c(c1O)N1CC3NC3C1(OC)C=2COC(N)=O	Sex	Male	-0.06941
C=c1c(N)c(O)c2c(c1O)N1CC3NC3C1(OC)C=2COC(N)=O	Sex	Female	0.0
C=c1c(N)c(O)c2c(c1O)N1CC3NC3C1(OC)C=2COC(N)=O	Age	Children	-0.00281
C=c1c(N)c(O)c2c(c1O)N1CC3NC3C1(OC)C=2COC(N)=O	Age	Adolescent	0.0
C=c1c(N)c(O)c2c(c1O)N1CC3NC3C1(OC)C=2COC(N)=O	Age	Adult	-0.0245
C=c1c(N)c(O)c2c(c1O)N1CC3NC3C1(OC)C=2COC(N)=O	Age	Elderly	-0.10552
C=c1c(N)c(O)c2c(c1O)N1CC3NC3C1(OC)C=2COC(N)=O	Weight	Low	-0.14066
C=c1c(N)c(O)c2c(c1O)N1CC3NC3C1(OC)C=2COC(N)=O	Weight	Average	-0.11817
C=c1c(N)c(O)c2c(c1O)N1CC3NC3C1(OC)C=2COC(N)=O	Weight	High	-0.13197
CC(=O)CCCCn1c(=O)c2c(ncn2C)n(C)c1=O	Sex	Male	-0.08583
CC(=O)CCCCn1c(=O)c2c(ncn2C)n(C)c1=O	Sex	Female	0.0
CC(=O)CCCCn1c(=O)c2c(ncn2C)n(C)c1=O	Age	Children	-0.00206
CC(=O)CCCCn1c(=O)c2c(ncn2C)n(C)c1=O	Age	Adolescent	0.0
CC(=O)CCCCn1c(=O)c2c(ncn2C)n(C)c1=O	Age	Adult	-0.01738
CC(=O)CCCCn1c(=O)c2c(ncn2C)n(C)c1=O	Age	Elderly	-0.12181
CC(=O)CCCCn1c(=O)c2c(ncn2C)n(C)c1=O	Weight	Low	-0.13286
CC(=O)CCCCn1c(=O)c2c(ncn2C)n(C)c1=O	Weight	Average	-0.11258
CC(=O)CCCCn1c(=O)c2c(ncn2C)n(C)c1=O	Weight	High	-0.14734
CC(=O)NCCCS(=O)(=O)O	Sex	Male	-0.0738
CC(=O)NCCCS(=O)(=O)O	Sex	Female	0.0
CC(=O)NCCCS(=O)(=O)O	Age	Children	-0.00268
CC(=O)NCCCS(=O)(=O)O	Age	Adolescent	0.0
CC(=O)NCCCS(=O)(=O)O	Age	Adult	-0.02258
CC(=O)NCCCS(=O)(=O)O	Age	Elderly	-0.13101
CC(=O)NCCCS(=O)(=O)O	Weight	Low	-0.15935
CC(=O)NCCCS(=O)(=O)O	Weight	Average	-0.12323
CC(=O)NCCCS(=O)(=O)O	Weight	High	-0.15014
CC(=O)OC1CC2CCC3C(CCC4(C)C3CC([N+]3(C)CCCCC3)C4OC(C)=O)C2(C)CC1N1CCCCC1	Sex	Male	-0.03031
CC(=O)OC1CC2CCC3C(CCC4(C)C3CC([N+]3(C)CCCCC3)C4OC(C)=O)C2(C)CC1N1CCCCC1	Sex	Female	0.0
CC(=O)OC1CC2CCC3C(CCC4(C)C3CC([N+]3(C)CCCCC3)C4OC(C)=O)C2(C)CC1N1CCCCC1	Age	Children	-0.00174
CC(=O)OC1CC2CCC3C(CCC4(C)C3CC([N+]3(C)CCCCC3)C4OC(C)=O)C2(C)CC1N1CCCCC1	Age	Adolescent	0.0
CC(=O)OC1CC2CCC3C(CCC4(C)C3CC([N+]3(C)CCCCC3)C4OC(C)=O)C2(C)CC1N1CCCCC1	Age	Adult	-0.00242
CC(=O)OC1CC2CCC3C(CCC4(C)C3CC([N+]3(C)CCCCC3)C4OC(C)=O)C2(C)CC1N1CCCCC1	Age	Elderly	-0.08205
CC(=O)OC1CC2CCC3C(CCC4(C)C3CC([N+]3(C)CCCCC3)C4OC(C)=O)C2(C)CC1N1CCCCC1	Weight	Low	-0.12082
CC(=O)OC1CC2CCC3C(CCC4(C)C3CC([N+]3(C)CCCCC3)C4OC(C)=O)C2(C)CC1N1CCCCC1	Weight	Average	-0.09962
CC(=O)OC1CC2CCC3C(CCC4(C)C3CC([N+]3(C)CCCCC3)C4OC(C)=O)C2(C)CC1N1CCCCC1	Weight	High	-0.14706
CC(=O)Oc1ccc2c3c1OC1C(OC(C)=O)C=CC4C(C2)N(C)CCC341	Sex	Male	-0.07566
CC(=O)Oc1ccc2c3c1OC1C(OC(C)=O)C=CC4C(C2)N(C)CCC341	Sex	Female	0.0
CC(=O)Oc1ccc2c3c1OC1C(OC(C)=O)C=CC4C(C2)N(C)CCC341	Age	Children	0.0
CC(=O)Oc1ccc2c3c1OC1C(OC(C)=O)C=CC4C(C2)N(C)CCC341	Age	Adolescent	0.0
CC(=O)Oc1ccc2c3c1OC1C(OC(C)=O)C=CC4C(C2)N(C)CCC341	Age	Adult	-0.02823
CC(=O)Oc1ccc2c3c1OC1C(OC(C)=O)C=CC4C(C2)N(C)CCC341	Age	Elderly	-0.10211
CC(=O)Oc1ccc2c3c1OC1C(OC(C)=O)C=CC4C(C2)N(C)CCC341	Weight	Low	-0.10785
CC(=O)Oc1ccc2c3c1OC1C(OC(C)=O)C=CC4C(C2)N(C)CCC341	Weight	Average	-0.05335
CC(=O)Oc1ccc2c3c1OC1C(OC(C)=O)C=CC4C(C2)N(C)CCC341	Weight	High	-0.11138
CC(C(=O)O)c1ccc(-c2ccccc2)c(F)c1	Sex	Male	-0.08509
CC(C(=O)O)c1ccc(-c2ccccc2)c(F)c1	Sex	Female	0.0
CC(C(=O)O)c1ccc(-c2ccccc2)c(F)c1	Age	Children	-0.00278
CC(C(=O)O)c1ccc(-c2ccccc2)c(F)c1	Age	Adolescent	0.0
CC(C(=O)O)c1ccc(-c2ccccc2)c(F)c1	Age	Adult	-0.02598
CC(C(=O)O)c1ccc(-c2ccccc2)c(F)c1	Age	Elderly	-0.15246
CC(C(=O)O)c1ccc(-c2ccccc2)c(F)c1	Weight	Low	-0.13031
CC(C(=O)O)c1ccc(-c2ccccc2)c(F)c1	Weight	Average	-0.1067
CC(C(=O)O)c1ccc(-c2ccccc2)c(F)c1	Weight	High	-0.1546
CC(C)(NC(=O)C1CC2(O)C3Cc4ccc(O)c5c4C2(CCN3CC2CC2)C(O5)C1=O)c1nc(-c2ccccc2)no1	Sex	Male	-0.07259
CC(C)(NC(=O)C1CC2(O)C3Cc4ccc(O)c5c4C2(CCN3CC2CC2)C(O5)C1=O)c1nc(-c2ccccc2)no1	Sex	Female	0.0
CC(C)(NC(=O)C1CC2(O)C3Cc4ccc(O)c5c4C2(CCN3CC2CC2)C(O5)C1=O)c1nc(-c2ccccc2)no1	Age	Children	-0.00236
CC(C)(NC(=O)C1CC2(O)C3Cc4ccc(O)c5c4C2(CCN3CC2CC2)C(O5)C1=O)c1nc(-c2ccccc2)no1	Age	Adolescent	0.0
CC(C)(NC(=O)C1CC2(O)C3Cc4ccc(O)c5c4C2(CCN3CC2CC2)C(O5)C1=O)c1nc(-c2ccccc2)no1	Age	Adult	-0.02207
CC(C)(NC(=O)C1CC2(O)C3Cc4ccc(O)c5c4C2(CCN3CC2CC2)C(O5)C1=O)c1nc(-c2ccccc2)no1	Age	Elderly	-0.08419
CC(C)(NC(=O)C1CC2(O)C3Cc4ccc(O)c5c4C2(CCN3CC2CC2)C(O5)C1=O)c1nc(-c2ccccc2)no1	Weight	Low	-0.10212
CC(C)(NC(=O)C1CC2(O)C3Cc4ccc(O)c5c4C2(CCN3CC2CC2)C(O5)C1=O)c1nc(-c2ccccc2)no1	Weight	Average	-0.06854
CC(C)(NC(=O)C1CC2(O)C3Cc4ccc(O)c5c4C2(CCN3CC2CC2)C(O5)C1=O)c1nc(-c2ccccc2)no1	Weight	High	-0.14956
CC(C)N=C(N)N=C(N)Nc1ccc(Cl)cc1	Sex	Male	-0.08453
CC(C)N=C(N)N=C(N)Nc1ccc(Cl)cc1	Sex	Female	0.0
CC(C)N=C(N)N=C(N)Nc1ccc(Cl)cc1	Age	Children	-0.00281
CC(C)N=C(N)N=C(N)Nc1ccc(Cl)cc1	Age	Adolescent	0.0
CC(C)N=C(N)N=C(N)Nc1ccc(Cl)cc1	Age	Adult	-0.02643
CC(C)N=C(N)N=C(N)Nc1ccc(Cl)cc1	Age	Elderly	-0.168
CC(C)N=C(N)N=C(N)Nc1ccc(Cl)cc1	Weight	Low	-0.16024
CC(C)N=C(N)N=C(N)Nc1ccc(Cl)cc1	Weight	Average	-0.11728
CC(C)N=C(N)N=C(N)Nc1ccc(Cl)cc1	Weight	High	-0.16457
CC(OC(=O)NCC1(CC(=O)O)CCCCC1)OC(=O)C(C)C	Sex	Male	-0.08258
CC(OC(=O)NCC1(CC(=O)O)CCCCC1)OC(=O)C(C)C	Sex	Female	0.0
CC(OC(=O)NCC1(CC(=O)O)CCCCC1)OC(=O)C(C)C	Age	Children	-0.00254
CC(OC(=O)NCC1(CC(=O)O)CCCCC1)OC(=O)C(C)C	Age	Adolescent	0.0
CC(OC(=O)NCC1(CC(=O)O)CCCCC1)OC(=O)C(C)C	Age	Adult	-0.00782
CC(OC(=O)NCC1(CC(=O)O)CCCCC1)OC(=O)C(C)C	Age	Elderly	-0.12026
CC(OC(=O)NCC1(CC(=O)O)CCCCC1)OC(=O)C(C)C	Weight	Low	-0.15
CC(OC(=O)NCC1(CC(=O)O)CCCCC1)OC(=O)C(C)C	Weight	Average	-0.12763
CC(OC(=O)NCC1(CC(=O)O)CCCCC1)OC(=O)C(C)C	Weight	High	-0.15958
CC(OCC1(c2ccccc2)CCC2(CCC(=O)N2)CN1)c1cc(C(F)(F)F)cc(C(F)(F)F)c1	Sex	Male	-0.0853
CC(OCC1(c2ccccc2)CCC2(CCC(=O)N2)CN1)c1cc(C(F)(F)F)cc(C(F)(F)F)c1	Sex	Female	0.0
CC(OCC1(c2ccccc2)CCC2(CCC(=O)N2)CN1)c1cc(C(F)(F)F)cc(C(F)(F)F)c1	Age	Children	0.04037
CC(OCC1(c2ccccc2)CCC2(CCC(=O)N2)CN1)c1cc(C(F)(F)F)cc(C(F)(F)F)c1	Age	Adolescent	0.0
CC(OCC1(c2ccccc2)CCC2(CCC(=O)N2)CN1)c1cc(C(F)(F)F)cc(C(F)(F)F)c1	Age	Adult	-0.02371
CC(OCC1(c2ccccc2)CCC2(CCC(=O)N2)CN1)c1cc(C(F)(F)F)cc(C(F)(F)F)c1	Age	Elderly	-0.13201
CC(OCC1(c2ccccc2)CCC2(CCC(=O)N2)CN1)c1cc(C(F)(F)F)cc(C(F)(F)F)c1	Weight	Low	-0.13154
CC(OCC1(c2ccccc2)CCC2(CCC(=O)N2)CN1)c1cc(C(F)(F)F)cc(C(F)(F)F)c1	Weight	Average	-0.13917
CC(OCC1(c2ccccc2)CCC2(CCC(=O)N2)CN1)c1cc(C(F)(F)F)cc(C(F)(F)F)c1	Weight	High	-0.15903
CC1CCC(C(C)C)C(O)C1	Sex	Male	-0.10048
CC1CCC(C(C)C)C(O)C1	Sex	Female	0.0
CC1CCC(C(C)C)C(O)C1	Age	Children	-0.00287
CC1CCC(C(C)C)C(O)C1	Age	Adolescent	0.0
CC1CCC(C(C)C)C(O)C1	Age	Adult	-0.02655
CC1CCC(C(C)C)C(O)C1	Age	Elderly	-0.14517
CC1CCC(C(C)C)C(O)C1	Weight	Low	-0.16526
CC1CCC(C(C)C)C(O)C1	Weight	Average	-0.12931
CC1CCC(C(C)C)C(O)C1	Weight	High	-0.16235
CC1CCC2C(C)C(OC(=O)CCC(=O)O)OC3OC4(C)CCC1C32OO4	Sex	Male	-0.01609
CC1CCC2C(C)C(OC(=O)CCC(=O)O)OC3OC4(C)CCC1C32OO4	Sex	Female	0.0
CC1CCC2C(C)C(OC(=O)CCC(=O)O)OC3OC4(C)CCC1C32OO4	Age	Children	-0.00287
CC1CCC2C(C)C(OC(=O)CCC(=O)O)OC3OC4(C)CCC1C32OO4	Age	Adolescent	0.0
CC1CCC2C(C)C(OC(=O)CCC(=O)O)OC3OC4(C)CCC1C32OO4	Age	Adult	-0.02947
CC1CCC2C(C)C(OC(=O)CCC(=O)O)OC3OC4(C)CCC1C32OO4	Age	Elderly	-0.1066
CC1CCC2C(C)C(OC(=O)CCC(=O)O)OC3OC4(C)CCC1C32OO4	Weight	Low	-0.13604
CC1CCC2C(C)C(OC(=O)CCC(=O)O)OC3OC4(C)CCC1C32OO4	Weight	Average	-0.13306
CC1CCC2C(C)C(OC(=O)CCC(=O)O)OC3OC4(C)CCC1C32OO4	Weight	High	-0.15109
CCC1=C(C)c2cc3[nH]c(cc4[nH]c(cc5nc(cc1n2)C(C)=C5C(C)O)c(C)c4CCC(=O)O)c(CCC(=O)O)c3C	Sex	Male	-0.08701
CCC1=C(C)c2cc3[nH]c(cc4[nH]c(cc5nc(cc1n2)C(C)=C5C(C)O)c(C)c4CCC(=O)O)c(CCC(=O)O)c3C	Sex	Female	0.0
CCC1=C(C)c2cc3[nH]c(cc4[nH]c(cc5nc(cc1n2)C(C)=C5C(C)O)c(C)c4CCC(=O)O)c(CCC(=O)O)c3C	Age	Children	-0.00243
CCC1=C(C)c2cc3[nH]c(cc4[nH]c(cc5nc(cc1n2)C(C)=C5C(C)O)c(C)c4CCC(=O)O)c(CCC(=O)O)c3C	Age	Adolescent	0.0
CCC1=C(C)c2cc3[nH]c(cc4[nH]c(cc5nc(cc1n2)C(C)=C5C(C)O)c(C)c4CCC(=O)O)c(CCC(=O)O)c3C	Age	Adult	-0.01379
CCC1=C(C)c2cc3[nH]c(cc4[nH]c(cc5nc(cc1n2)C(C)=C5C(C)O)c(C)c4CCC(=O)O)c(CCC(=O)O)c3C	Age	Elderly	-0.14774
CCC1=C(C)c2cc3[nH]c(cc4[nH]c(cc5nc(cc1n2)C(C)=C5C(C)O)c(C)c4CCC(=O)O)c(CCC(=O)O)c3C	Weight	Low	-0.12058
CCC1=C(C)c2cc3[nH]c(cc4[nH]c(cc5nc(cc1n2)C(C)=C5C(C)O)c(C)c4CCC(=O)O)c(CCC(=O)O)c3C	Weight	Average	-0.11615
CCC1=C(C)c2cc3[nH]c(cc4[nH]c(cc5nc(cc1n2)C(C)=C5C(C)O)c(C)c4CCC(=O)O)c(CCC(=O)O)c3C	Weight	High	-0.14781
CCC1C(O)C2C3CCC(C(C)CCC(=O)O)C3(C)CCC2C2(C)CCC(O)CC12	Sex	Male	-0.03416
CCC1C(O)C2C3CCC(C(C)CCC(=O)O)C3(C)CCC2C2(C)CCC(O)CC12	Sex	Female	0.0
CCC1C(O)C2C3CCC(C(C)CCC(=O)O)C3(C)CCC2C2(C)CCC(O)CC12	Age	Children	-0.00287
CCC1C(O)C2C3CCC(C(C)CCC(=O)O)C3(C)CCC2C2(C)CCC(O)CC12	Age	Adolescent	0.0
CCC1C(O)C2C3CCC(C(C)CCC(=O)O)C3(C)CCC2C2(C)CCC(O)CC12	Age	Adult	-0.01828
CCC1C(O)C2C3CCC(C(C)CCC(=O)O)C3(C)CCC2C2(C)CCC(O)CC12	Age	Elderly	-0.08786
CCC1C(O)C2C3CCC(C(C)CCC(=O)O)C3(C)CCC2C2(C)CCC(O)CC12	Weight	Low	-0.11816
CCC1C(O)C2C3CCC(C(C)CCC(=O)O)C3(C)CCC2C2(C)CCC(O)CC12	Weight	Average	-0.09049
CCC1C(O)C2C3CCC(C(C)CCC(=O)O)C3(C)CCC2C2(C)CCC(O)CC12	Weight	High	-0.12617
CCCCC(CC)COC(=O)C(C#N)=C(c1ccccc1)c1ccccc1	Sex	Male	-0.06358
CCCCC(CC)COC(=O)C(C#N)=C(c1ccccc1)c1ccccc1	Sex	Female	0.0
CCCCC(CC)COC(=O)C(C#N)=C(c1ccccc1)c1ccccc1	Age	Children	-0.00166
CCCCC(CC)COC(=O)C(C#N)=C(c1ccccc1)c1ccccc1	Age	Adolescent	0.0
CCCCC(CC)COC(=O)C(C#N)=C(c1ccccc1)c1ccccc1	Age	Adult	-0.01391
CCCCC(CC)COC(=O)C(C#N)=C(c1ccccc1)c1ccccc1	Age	Elderly	-0.09694
CCCCC(CC)COC(=O)C(C#N)=C(c1ccccc1)c1ccccc1	Weight	Low	-0.11674
CCCCC(CC)COC(=O)C(C#N)=C(c1ccccc1)c1ccccc1	Weight	Average	-0.11405
CCCCC(CC)COC(=O)C(C#N)=C(c1ccccc1)c1ccccc1	Weight	High	-0.12355
CCCCCc1cc(O)c2c(c1)OC(C)(C)C1CCC(C)=CC21	Sex	Male	-0.06785
CCCCCc1cc(O)c2c(c1)OC(C)(C)C1CCC(C)=CC21	Sex	Female	0.0
CCCCCc1cc(O)c2c(c1)OC(C)(C)C1CCC(C)=CC21	Age	Children	-0.00282
CCCCCc1cc(O)c2c(c1)OC(C)(C)C1CCC(C)=CC21	Age	Adolescent	0.0
CCCCCc1cc(O)c2c(c1)OC(C)(C)C1CCC(C)=CC21	Age	Adult	-0.01143
CCCCCc1cc(O)c2c(c1)OC(C)(C)C1CCC(C)=CC21	Age	Elderly	-0.08549
CCCCCc1cc(O)c2c(c1)OC(C)(C)C1CCC(C)=CC21	Weight	Low	-0.11118
CCCCCc1cc(O)c2c(c1)OC(C)(C)C1CCC(C)=CC21	Weight	Average	-0.09406
CCCCCc1cc(O)c2c(c1)OC(C)(C)C1CCC(C)=CC21	Weight	High	-0.11601
CCCNC(C)C(=O)Nc1ccccc1C	Sex	Male	-0.09298
CCCNC(C)C(=O)Nc1ccccc1C	Sex	Female	0.0
CCCNC(C)C(=O)Nc1ccccc1C	Age	Children	-0.00275
CCCNC(C)C(=O)Nc1ccccc1C	Age	Adolescent	0.0
CCCNC(C)C(=O)Nc1ccccc1C	Age	Adult	-0.02427
CCCNC(C)C(=O)Nc1ccccc1C	Age	Elderly	-0.12372
CCCNC(C)C(=O)Nc1ccccc1C	Weight	Low	-0.12013
CCCNC(C)C(=O)Nc1ccccc1C	Weight	Average	-0.1306
CCCNC(C)C(=O)Nc1ccccc1C	Weight	High	-0.19434
CCN(CC)CCOC(=O)C1(C2CCCCC2)CCCCC1	Sex	Male	-0.05628
CCN(CC)CCOC(=O)C1(C2CCCCC2)CCCCC1	Sex	Female	0.0
CCN(CC)CCOC(=O)C1(C2CCCCC2)CCCCC1	Age	Children	-0.00172
CCN(CC)CCOC(=O)C1(C2CCCCC2)CCCCC1	Age	Adolescent	0.0
CCN(CC)CCOC(=O)C1(C2CCCCC2)CCCCC1	Age	Adult	-0.0149
CCN(CC)CCOC(=O)C1(C2CCCCC2)CCCCC1	Age	Elderly	-0.10393
CCN(CC)CCOC(=O)C1(C2CCCCC2)CCCCC1	Weight	Low	-0.11846
CCN(CC)CCOC(=O)C1(C2CCCCC2)CCCCC1	Weight	Average	-0.09388
CCN(CC)CCOC(=O)C1(C2CCCCC2)CCCCC1	Weight	High	-0.11614
CCc1cccc2c3c([nH]c12)C(CC)(CC(=O)O)OCC3	Sex	Male	-0.08298
CCc1cccc2c3c([nH]c12)C(CC)(CC(=O)O)OCC3	Sex	Female	0.0
CCc1cccc2c3c([nH]c12)C(CC)(CC(=O)O)OCC3	Age	Children	-0.0025
CCc1cccc2c3c([nH]c12)C(CC)(CC(=O)O)OCC3	Age	Adolescent	0.0
CCc1cccc2c3c([nH]c12)C(CC)(CC(=O)O)OCC3	Age	Adult	-0.02267
CCc1cccc2c3c([nH]c12)C(CC)(CC(=O)O)OCC3	Age	Elderly	-0.14417
CCc1cccc2c3c([nH]c12)C(CC)(CC(=O)O)OCC3	Weight	Low	-0.15207
CCc1cccc2c3c([nH]c12)C(CC)(CC(=O)O)OCC3	Weight	Average	-0.12197
CCc1cccc2c3c([nH]c12)C(CC)(CC(=O)O)OCC3	Weight	High	-0.17128
CN1CCC23CCCCC2C1Cc1ccc(O)cc13	Sex	Male	-0.08649
CN1CCC23CCCCC2C1Cc1ccc(O)cc13	Sex	Female	0.0
CN1CCC23CCCCC2C1Cc1ccc(O)cc13	Age	Children	-0.00269
CN1CCC23CCCCC2C1Cc1ccc(O)cc13	Age	Adolescent	0.0
CN1CCC23CCCCC2C1Cc1ccc(O)cc13	Age	Adult	-0.02584
CN1CCC23CCCCC2C1Cc1ccc(O)cc13	Age	Elderly	-0.12735
CN1CCC23CCCCC2C1Cc1ccc(O)cc13	Weight	Low	-0.14122
CN1CCC23CCCCC2C1Cc1ccc(O)cc13	Weight	Average	-0.1127
CN1CCC23CCCCC2C1Cc1ccc(O)cc13	Weight	High	-0.15118
CNNCc1ccc(C(=O)NC(C)C)cc1	Sex	Male	-0.0842
CNNCc1ccc(C(=O)NC(C)C)cc1	Sex	Female	0.0
CNNCc1ccc(C(=O)NC(C)C)cc1	Age	Children	-0.00183
CNNCc1ccc(C(=O)NC(C)C)cc1	Age	Adolescent	0.0
CNNCc1ccc(C(=O)NC(C)C)cc1	Age	Adult	-0.02004
CNNCc1ccc(C(=O)NC(C)C)cc1	Age	Elderly	-0.12783
CNNCc1ccc(C(=O)NC(C)C)cc1	Weight	Low	-0.14351
CNNCc1ccc(C(=O)NC(C)C)cc1	Weight	Average	-0.12243
CNNCc1ccc(C(=O)NC(C)C)cc1	Weight	High	-0.14749
CON=C1CN(c2nc3c(cc2F)c(=O)c(C(=O)O)cn3C2CC2)CC1CN	Sex	Male	-0.09582
CON=C1CN(c2nc3c(cc2F)c(=O)c(C(=O)O)cn3C2CC2)CC1CN	Sex	Female	0.0
CON=C1CN(c2nc3c(cc2F)c(=O)c(C(=O)O)cn3C2CC2)CC1CN	Age	Children	-0.00284
CON=C1CN(c2nc3c(cc2F)c(=O)c(C(=O)O)cn3C2CC2)CC1CN	Age	Adolescent	0.0
CON=C1CN(c2nc3c(cc2F)c(=O)c(C(=O)O)cn3C2CC2)CC1CN	Age	Adult	-0.03044
CON=C1CN(c2nc3c(cc2F)c(=O)c(C(=O)O)cn3C2CC2)CC1CN	Age	Elderly	-0.13623
CON=C1CN(c2nc3c(cc2F)c(=O)c(C(=O)O)cn3C2CC2)CC1CN	Weight	Low	-0.13849
CON=C1CN(c2nc3c(cc2F)c(=O)c(C(=O)O)cn3C2CC2)CC1CN	Weight	Average	-0.09715
CON=C1CN(c2nc3c(cc2F)c(=O)c(C(=O)O)cn3C2CC2)CC1CN	Weight	High	-0.15613
COc1ccc(CN(C(=O)C(N)Cc2c(C)cc(C(N)=O)cc2C)C(C)c2nc(-c3ccccc3)c[nH]2)cc1C(=O)O	Sex	Male	-0.05774
COc1ccc(CN(C(=O)C(N)Cc2c(C)cc(C(N)=O)cc2C)C(C)c2nc(-c3ccccc3)c[nH]2)cc1C(=O)O	Sex	Female	0.0
COc1ccc(CN(C(=O)C(N)Cc2c(C)cc(C(N)=O)cc2C)C(C)c2nc(-c3ccccc3)c[nH]2)cc1C(=O)O	Age	Children	-0.00207
COc1ccc(CN(C(=O)C(N)Cc2c(C)cc(C(N)=O)cc2C)C(C)c2nc(-c3ccccc3)c[nH]2)cc1C(=O)O	Age	Adolescent	0.0
COc1ccc(CN(C(=O)C(N)Cc2c(C)cc(C(N)=O)cc2C)C(C)c2nc(-c3ccccc3)c[nH]2)cc1C(=O)O	Age	Adult	-0.01752
COc1ccc(CN(C(=O)C(N)Cc2c(C)cc(C(N)=O)cc2C)C(C)c2nc(-c3ccccc3)c[nH]2)cc1C(=O)O	Age	Elderly	-0.10637
COc1ccc(CN(C(=O)C(N)Cc2c(C)cc(C(N)=O)cc2C)C(C)c2nc(-c3ccccc3)c[nH]2)cc1C(=O)O	Weight	Low	-0.04759
COc1ccc(CN(C(=O)C(N)Cc2c(C)cc(C(N)=O)cc2C)C(C)c2nc(-c3ccccc3)c[nH]2)cc1C(=O)O	Weight	Average	-0.09164
COc1ccc(CN(C(=O)C(N)Cc2c(C)cc(C(N)=O)cc2C)C(C)c2nc(-c3ccccc3)c[nH]2)cc1C(=O)O	Weight	High	-0.14269
COc1cccc(N2CCN(C3=Nc4c(F)cccc4C(CC(=O)O)N3c3cc(C(F)(F)F)ccc3OC)CC2)c1	Sex	Male	-0.06824
COc1cccc(N2CCN(C3=Nc4c(F)cccc4C(CC(=O)O)N3c3cc(C(F)(F)F)ccc3OC)CC2)c1	Sex	Female	0.0
COc1cccc(N2CCN(C3=Nc4c(F)cccc4C(CC(=O)O)N3c3cc(C(F)(F)F)ccc3OC)CC2)c1	Age	Children	-0.00241
COc1cccc(N2CCN(C3=Nc4c(F)cccc4C(CC(=O)O)N3c3cc(C(F)(F)F)ccc3OC)CC2)c1	Age	Adolescent	0.0
COc1cccc(N2CCN(C3=Nc4c(F)cccc4C(CC(=O)O)N3c3cc(C(F)(F)F)ccc3OC)CC2)c1	Age	Adult	-0.01418
COc1cccc(N2CCN(C3=Nc4c(F)cccc4C(CC(=O)O)N3c3cc(C(F)(F)F)ccc3OC)CC2)c1	Age	Elderly	-0.12574
COc1cccc(N2CCN(C3=Nc4c(F)cccc4C(CC(=O)O)N3c3cc(C(F)(F)F)ccc3OC)CC2)c1	Weight	Low	-0.09955
COc1cccc(N2CCN(C3=Nc4c(F)cccc4C(CC(=O)O)N3c3cc(C(F)(F)F)ccc3OC)CC2)c1	Weight	Average	-0.09992
COc1cccc(N2CCN(C3=Nc4c(F)cccc4C(CC(=O)O)N3c3cc(C(F)(F)F)ccc3OC)CC2)c1	Weight	High	-0.09943
C[N+]1(CC2CC2)CCC23c4c5ccc(O)c4OC2C(=O)CCC3(O)C1C5	Sex	Male	-0.0554
C[N+]1(CC2CC2)CCC23c4c5ccc(O)c4OC2C(=O)CCC3(O)C1C5	Sex	Female	0.0
C[N+]1(CC2CC2)CCC23c4c5ccc(O)c4OC2C(=O)CCC3(O)C1C5	Age	Children	0.03035
C[N+]1(CC2CC2)CCC23c4c5ccc(O)c4OC2C(=O)CCC3(O)C1C5	Age	Adolescent	0.0
C[N+]1(CC2CC2)CCC23c4c5ccc(O)c4OC2C(=O)CCC3(O)C1C5	Age	Adult	-0.0249
C[N+]1(CC2CC2)CCC23c4c5ccc(O)c4OC2C(=O)CCC3(O)C1C5	Age	Elderly	-0.08064
C[N+]1(CC2CC2)CCC23c4c5ccc(O)c4OC2C(=O)CCC3(O)C1C5	Weight	Low	-0.12555
C[N+]1(CC2CC2)CCC23c4c5ccc(O)c4OC2C(=O)CCC3(O)C1C5	Weight	Average	-0.08908
C[N+]1(CC2CC2)CCC23c4c5ccc(O)c4OC2C(=O)CCC3(O)C1C5	Weight	High	-0.1095
Cc1ccc(N(CC2=NCCN2)c2cccc(O)c2)cc1	Sex	Male	-0.03364
Cc1ccc(N(CC2=NCCN2)c2cccc(O)c2)cc1	Sex	Female	0.0
Cc1ccc(N(CC2=NCCN2)c2cccc(O)c2)cc1	Age	Children	-0.00164
Cc1ccc(N(CC2=NCCN2)c2cccc(O)c2)cc1	Age	Adolescent	0.0
Cc1ccc(N(CC2=NCCN2)c2cccc(O)c2)cc1	Age	Adult	-0.01478
Cc1ccc(N(CC2=NCCN2)c2cccc(O)c2)cc1	Age	Elderly	-0.07683
Cc1ccc(N(CC2=NCCN2)c2cccc(O)c2)cc1	Weight	Low	-0.06339
Cc1ccc(N(CC2=NCCN2)c2cccc(O)c2)cc1	Weight	Average	-0.06841
Cc1ccc(N(CC2=NCCN2)c2cccc(O)c2)cc1	Weight	High	-0.08533
Cc1ncc(OCC2(c3cccc(F)c3)CC2C(=O)Nc2ccc(F)cn2)c(C)n1	Sex	Male	-0.09832
Cc1ncc(OCC2(c3cccc(F)c3)CC2C(=O)Nc2ccc(F)cn2)c(C)n1	Sex	Female	0.0
Cc1ncc(OCC2(c3cccc(F)c3)CC2C(=O)Nc2ccc(F)cn2)c(C)n1	Age	Children	-0.00212
Cc1ncc(OCC2(c3cccc(F)c3)CC2C(=O)Nc2ccc(F)cn2)c(C)n1	Age	Adolescent	0.0
Cc1ncc(OCC2(c3cccc(F)c3)CC2C(=O)Nc2ccc(F)cn2)c(C)n1	Age	Adult	-0.01671
Cc1ncc(OCC2(c3cccc(F)c3)CC2C(=O)Nc2ccc(F)cn2)c(C)n1	Age	Elderly	-0.11539
Cc1ncc(OCC2(c3cccc(F)c3)CC2C(=O)Nc2ccc(F)cn2)c(C)n1	Weight	Low	-0.11192
Cc1ncc(OCC2(c3cccc(F)c3)CC2C(=O)Nc2ccc(F)cn2)c(C)n1	Weight	Average	-0.10212
Cc1ncc(OCC2(c3cccc(F)c3)CC2C(=O)Nc2ccc(F)cn2)c(C)n1	Weight	High	-0.12868
Cn1cc(-c2cc3c(N4CCN(c5ncc(C(C)(N)c6ccc(F)cc6)cn5)CC4)ncnn3c2)cn1	Sex	Male	-0.0733
Cn1cc(-c2cc3c(N4CCN(c5ncc(C(C)(N)c6ccc(F)cc6)cn5)CC4)ncnn3c2)cn1	Sex	Female	0.0
Cn1cc(-c2cc3c(N4CCN(c5ncc(C(C)(N)c6ccc(F)cc6)cn5)CC4)ncnn3c2)cn1	Age	Children	-0.00251
Cn1cc(-c2cc3c(N4CCN(c5ncc(C(C)(N)c6ccc(F)cc6)cn5)CC4)ncnn3c2)cn1	Age	Adolescent	0.0
Cn1cc(-c2cc3c(N4CCN(c5ncc(C(C)(N)c6ccc(F)cc6)cn5)CC4)ncnn3c2)cn1	Age	Adult	-0.02648
Cn1cc(-c2cc3c(N4CCN(c5ncc(C(C)(N)c6ccc(F)cc6)cn5)CC4)ncnn3c2)cn1	Age	Elderly	-0.08441
Cn1cc(-c2cc3c(N4CCN(c5ncc(C(C)(N)c6ccc(F)cc6)cn5)CC4)ncnn3c2)cn1	Weight	Low	-0.14298
Cn1cc(-c2cc3c(N4CCN(c5ncc(C(C)(N)c6ccc(F)cc6)cn5)CC4)ncnn3c2)cn1	Weight	Average	-0.08339
Cn1cc(-c2cc3c(N4CCN(c5ncc(C(C)(N)c6ccc(F)cc6)cn5)CC4)ncnn3c2)cn1	Weight	High	-0.15209
NC(=O)C1CCC2CN1C(=O)N2OS(=O)(=O)O	Sex	Male	-0.08904
NC(=O)C1CCC2CN1C(=O)N2OS(=O)(=O)O	Sex	Female	0.0
NC(=O)C1CCC2CN1C(=O)N2OS(=O)(=O)O	Age	Children	-0.00236
NC(=O)C1CCC2CN1C(=O)N2OS(=O)(=O)O	Age	Adolescent	0.0
NC(=O)C1CCC2CN1C(=O)N2OS(=O)(=O)O	Age	Adult	-0.02536
NC(=O)C1CCC2CN1C(=O)N2OS(=O)(=O)O	Age	Elderly	-0.15186
NC(=O)C1CCC2CN1C(=O)N2OS(=O)(=O)O	Weight	Low	-0.16301
NC(=O)C1CCC2CN1C(=O)N2OS(=O)(=O)O	Weight	Average	-0.12394
NC(=O)C1CCC2CN1C(=O)N2OS(=O)(=O)O	Weight	High	-0.16461
NC(=O)OCC(N)Cc1ccccc1	Sex	Male	-0.07494
NC(=O)OCC(N)Cc1ccccc1	Sex	Female	0.0
NC(=O)OCC(N)Cc1ccccc1	Age	Children	-0.00255
NC(=O)OCC(N)Cc1ccccc1	Age	Adolescent	0.0
NC(=O)OCC(N)Cc1ccccc1	Age	Adult	-0.01826
NC(=O)OCC(N)Cc1ccccc1	Age	Elderly	-0.10673
NC(=O)OCC(N)Cc1ccccc1	Weight	Low	-0.12496
NC(=O)OCC(N)Cc1ccccc1	Weight	Average	-0.1146
NC(=O)OCC(N)Cc1ccccc1	Weight	High	-0.13378
NC1CCCCN(c2c(F)cc3c(=O)c(C(=O)O)cn(C4CC4)c3c2Cl)C1	Sex	Male	-0.11078
NC1CCCCN(c2c(F)cc3c(=O)c(C(=O)O)cn(C4CC4)c3c2Cl)C1	Sex	Female	0.0
NC1CCCCN(c2c(F)cc3c(=O)c(C(=O)O)cn(C4CC4)c3c2Cl)C1	Age	Children	-0.00286
NC1CCCCN(c2c(F)cc3c(=O)c(C(=O)O)cn(C4CC4)c3c2Cl)C1	Age	Adolescent	0.0
NC1CCCCN(c2c(F)cc3c(=O)c(C(=O)O)cn(C4CC4)c3c2Cl)C1	Age	Adult	-0.02712
NC1CCCCN(c2c(F)cc3c(=O)c(C(=O)O)cn(C4CC4)c3c2Cl)C1	Age	Elderly	-0.16559
NC1CCCCN(c2c(F)cc3c(=O)c(C(=O)O)cn(C4CC4)c3c2Cl)C1	Weight	Low	-0.15108
NC1CCCCN(c2c(F)cc3c(=O)c(C(=O)O)cn(C4CC4)c3c2Cl)C1	Weight	Average	-0.10957
NC1CCCCN(c2c(F)cc3c(=O)c(C(=O)O)cn(C4CC4)c3c2Cl)C1	Weight	High	-0.13053
NNCCc1ccccc1	Sex	Male	-0.07202
NNCCc1ccccc1	Sex	Female	0.0
NNCCc1ccccc1	Age	Children	-0.00237
NNCCc1ccccc1	Age	Adolescent	0.0
NNCCc1ccccc1	Age	Adult	-0.01963
NNCCc1ccccc1	Age	Elderly	-0.13342
NNCCc1ccccc1	Weight	Low	-0.13348
NNCCc1ccccc1	Weight	Average	-0.123
NNCCc1ccccc1	Weight	High	-0.15487
NS(=O)(=O)Cc1noc2ccccc12	Sex	Male	-0.07225
NS(=O)(=O)Cc1noc2ccccc12	Sex	Female	0.0
NS(=O)(=O)Cc1noc2ccccc12	Age	Children	-0.00285
NS(=O)(=O)Cc1noc2ccccc12	Age	Adolescent	0.0
NS(=O)(=O)Cc1noc2ccccc12	Age	Adult	-0.02523
NS(=O)(=O)Cc1noc2ccccc12	Age	Elderly	-0.13221
NS(=O)(=O)Cc1noc2ccccc12	Weight	Low	-0.13553
NS(=O)(=O)Cc1noc2ccccc12	Weight	Average	-0.11961
NS(=O)(=O)Cc1noc2ccccc12	Weight	High	-0.15446
O=C(CCCc1ccccc1)OCC(COC(=O)CCCc1ccccc1)OC(=O)CCCc1ccccc1	Sex	Male	-0.06988
O=C(CCCc1ccccc1)OCC(COC(=O)CCCc1ccccc1)OC(=O)CCCc1ccccc1	Sex	Female	0.0
O=C(CCCc1ccccc1)OCC(COC(=O)CCCc1ccccc1)OC(=O)CCCc1ccccc1	Age	Children	-0.00269
O=C(CCCc1ccccc1)OCC(COC(=O)CCCc1ccccc1)OC(=O)CCCc1ccccc1	Age	Adolescent	0.0
O=C(CCCc1ccccc1)OCC(COC(=O)CCCc1ccccc1)OC(=O)CCCc1ccccc1	Age	Adult	-0.02438
O=C(CCCc1ccccc1)OCC(COC(=O)CCCc1ccccc1)OC(=O)CCCc1ccccc1	Age	Elderly	-0.13954
O=C(CCCc1ccccc1)OCC(COC(=O)CCCc1ccccc1)OC(=O)CCCc1ccccc1	Weight	Low	-0.14451
O=C(CCCc1ccccc1)OCC(COC(=O)CCCc1ccccc1)OC(=O)CCCc1ccccc1	Weight	Average	-0.13587
O=C(CCCc1ccccc1)OCC(COC(=O)CCCc1ccccc1)OC(=O)CCCc1ccccc1	Weight	High	-0.11772
O=C(O)CCCc1ccc(N(CCCl)CCCl)cc1	Sex	Male	-0.07428
O=C(O)CCCc1ccc(N(CCCl)CCCl)cc1	Sex	Female	0.0
O=C(O)CCCc1ccc(N(CCCl)CCCl)cc1	Age	Children	-0.00281
O=C(O)CCCc1ccc(N(CCCl)CCCl)cc1	Age	Adolescent	0.0
O=C(O)CCCc1ccc(N(CCCl)CCCl)cc1	Age	Adult	-0.01668
O=C(O)CCCc1ccc(N(CCCl)CCCl)cc1	Age	Elderly	-0.11631
O=C(O)CCCc1ccc(N(CCCl)CCCl)cc1	Weight	Low	-0.13675
O=C(O)CCCc1ccc(N(CCCl)CCCl)cc1	Weight	Average	-0.08222
O=C(O)CCCc1ccc(N(CCCl)CCCl)cc1	Weight	High	-0.14333
O=C(O)CNC(=O)c1ncc(-c2cccc(Cl)c2)cc1O	Sex	Male	-0.09166
O=C(O)CNC(=O)c1ncc(-c2cccc(Cl)c2)cc1O	Sex	Female	0.0
O=C(O)CNC(=O)c1ncc(-c2cccc(Cl)c2)cc1O	Age	Children	-0.00278
O=C(O)CNC(=O)c1ncc(-c2cccc(Cl)c2)cc1O	Age	Adolescent	0.0
O=C(O)CNC(=O)c1ncc(-c2cccc(Cl)c2)cc1O	Age	Adult	-0.02668
O=C(O)CNC(=O)c1ncc(-c2cccc(Cl)c2)cc1O	Age	Elderly	-0.11656
O=C(O)CNC(=O)c1ncc(-c2cccc(Cl)c2)cc1O	Weight	Low	-0.12638
O=C(O)CNC(=O)c1ncc(-c2cccc(Cl)c2)cc1O	Weight	Average	-0.07554
O=C(O)CNC(=O)c1ncc(-c2cccc(Cl)c2)cc1O	Weight	High	-0.11914
O=C(O)c1ccccc1O	Sex	Male	-0.08877
O=C(O)c1ccccc1O	Sex	Female	0.0
O=C(O)c1ccccc1O	Age	Children	-0.00286
O=C(O)c1ccccc1O	Age	Adolescent	0.0
O=C(O)c1ccccc1O	Age	Adult	-0.02683
O=C(O)c1ccccc1O	Age	Elderly	-0.14824
O=C(O)c1ccccc1O	Weight	Low	-0.14633
O=C(O)c1ccccc1O	Weight	Average	-0.13799
O=C(O)c1ccccc1O	Weight	High	-0.17104
O=S(=O)(Nc1ccccc1)c1cccc(C=CC(O)=NO)c1	Sex	Male	-0.07286
O=S(=O)(Nc1ccccc1)c1cccc(C=CC(O)=NO)c1	Sex	Female	0.0
O=S(=O)(Nc1ccccc1)c1cccc(C=CC(O)=NO)c1	Age	Children	-0.00282
O=S(=O)(Nc1ccccc1)c1cccc(C=CC(O)=NO)c1	Age	Adolescent	0.0
O=S(=O)(Nc1ccccc1)c1cccc(C=CC(O)=NO)c1	Age	Adult	-0.01873
O=S(=O)(Nc1ccccc1)c1cccc(C=CC(O)=NO)c1	Age	Elderly	-0.11912
O=S(=O)(Nc1ccccc1)c1cccc(C=CC(O)=NO)c1	Weight	Low	-0.12397
O=S(=O)(Nc1ccccc1)c1cccc(C=CC(O)=NO)c1	Weight	Average	-0.10934
O=S(=O)(Nc1ccccc1)c1cccc(C=CC(O)=NO)c1	Weight	High	-0.14636
O=[N+]([O-])OC1COC2C(O[N+](=O)[O-])COC12	Sex	Male	-0.08628
O=[N+]([O-])OC1COC2C(O[N+](=O)[O-])COC12	Sex	Female	0.0
O=[N+]([O-])OC1COC2C(O[N+](=O)[O-])COC12	Age	Children	-0.00287
O=[N+]([O-])OC1COC2C(O[N+](=O)[O-])COC12	Age	Adolescent	0.0
O=[N+]([O-])OC1COC2C(O[N+](=O)[O-])COC12	Age	Adult	-0.02609
O=[N+]([O-])OC1COC2C(O[N+](=O)[O-])COC12	Age	Elderly	-0.13477
O=[N+]([O-])OC1COC2C(O[N+](=O)[O-])COC12	Weight	Low	-0.15212
O=[N+]([O-])OC1COC2C(O[N+](=O)[O-])COC12	Weight	Average	-0.13047
O=[N+]([O-])OC1COC2C(O[N+](=O)[O-])COC12	Weight	High	-0.15585
OCCN1CC(O)C(O)C(O)C1CO	Sex	Male	-0.08863
OCCN1CC(O)C(O)C(O)C1CO	Sex	Female	0.0
OCCN1CC(O)C(O)C(O)C1CO	Age	Children	-0.00251
OCCN1CC(O)C(O)C(O)C1CO	Age	Adolescent	0.0
OCCN1CC(O)C(O)C(O)C1CO	Age	Adult	-0.02362
OCCN1CC(O)C(O)C(O)C1CO	Age	Elderly	-0.13681
OCCN1CC(O)C(O)C(O)C1CO	Weight	Low	-0.16207
OCCN1CC(O)C(O)C(O)C1CO	Weight	Average	-0.12562
OCCN1CC(O)C(O)C(O)C1CO	Weight	High	-0.17681
Oc1c(C2=CCC(c3ccc(Cl)cc3)CC2)c(O)c2ccccc2c1O	Sex	Male	-0.09789
Oc1c(C2=CCC(c3ccc(Cl)cc3)CC2)c(O)c2ccccc2c1O	Sex	Female	0.0
Oc1c(C2=CCC(c3ccc(Cl)cc3)CC2)c(O)c2ccccc2c1O	Age	Children	-0.00259
Oc1c(C2=CCC(c3ccc(Cl)cc3)CC2)c(O)c2ccccc2c1O	Age	Adolescent	0.0
Oc1c(C2=CCC(c3ccc(Cl)cc3)CC2)c(O)c2ccccc2c1O	Age	Adult	-0.02825
Oc1c(C2=CCC(c3ccc(Cl)cc3)CC2)c(O)c2ccccc2c1O	Age	Elderly	-0.16392
Oc1c(C2=CCC(c3ccc(Cl)cc3)CC2)c(O)c2ccccc2c1O	Weight	Low	-0.13536
Oc1c(C2=CCC(c3ccc(Cl)cc3)CC2)c(O)c2ccccc2c1O	Weight	Average	-0.13285
Oc1c(C2=CCC(c3ccc(Cl)cc3)CC2)c(O)c2ccccc2c1O	Weight	High	-0.16902
c1ccc2c(CC3=NCCN3)cccc2c1	Sex	Male	-0.07682
c1ccc2c(CC3=NCCN3)cccc2c1	Sex	Female	0.0
c1ccc2c(CC3=NCCN3)cccc2c1	Age	Children	-0.00286
c1ccc2c(CC3=NCCN3)cccc2c1	Age	Adolescent	0.0
c1ccc2c(CC3=NCCN3)cccc2c1	Age	Adult	-0.02104
c1ccc2c(CC3=NCCN3)cccc2c1	Age	Elderly	-0.14283
c1ccc2c(CC3=NCCN3)cccc2c1	Weight	Low	-0.13711
c1ccc2c(CC3=NCCN3)cccc2c1	Weight	Average	-0.12653
c1ccc2c(CC3=NCCN3)cccc2c1	Weight	High	-0.16322
CC1CCCC(C)N1CCCC(O)(c1ccccc1)c1ccccn1	Sex	Male	-0.06834
CC1CCCC(C)N1CCCC(O)(c1ccccc1)c1ccccn1	Sex	Female	0.0
CC1CCCC(C)N1CCCC(O)(c1ccccc1)c1ccccn1	Age	Children	0.03971
CC1CCCC(C)N1CCCC(O)(c1ccccc1)c1ccccn1	Age	Adolescent	0.0
CC1CCCC(C)N1CCCC(O)(c1ccccc1)c1ccccn1	Age	Adult	-0.01832
CC1CCCC(C)N1CCCC(O)(c1ccccc1)c1ccccn1	Age	Elderly	-0.13319
CC1CCCC(C)N1CCCC(O)(c1ccccc1)c1ccccn1	Weight	Low	-0.13574
CC1CCCC(C)N1CCCC(O)(c1ccccc1)c1ccccn1	Weight	Average	-0.11907
CC1CCCC(C)N1CCCC(O)(c1ccccc1)c1ccccn1	Weight	High	-0.13515
CCNC(=O)CCCC=CCC1C(O)CC(O)C1C=CC(O)CCc1ccccc1	Sex	Male	-0.08424
CCNC(=O)CCCC=CCC1C(O)CC(O)C1C=CC(O)CCc1ccccc1	Sex	Female	0.0
CCNC(=O)CCCC=CCC1C(O)CC(O)C1C=CC(O)CCc1ccccc1	Age	Children	-0.00209
CCNC(=O)CCCC=CCC1C(O)CC(O)C1C=CC(O)CCc1ccccc1	Age	Adolescent	0.0
CCNC(=O)CCCC=CCC1C(O)CC(O)C1C=CC(O)CCc1ccccc1	Age	Adult	-0.01162
CCNC(=O)CCCC=CCC1C(O)CC(O)C1C=CC(O)CCc1ccccc1	Age	Elderly	-0.1334
CCNC(=O)CCCC=CCC1C(O)CC(O)C1C=CC(O)CCc1ccccc1	Weight	Low	-0.12039
CCNC(=O)CCCC=CCC1C(O)CC(O)C1C=CC(O)CCc1ccccc1	Weight	Average	-0.08159
CCNC(=O)CCCC=CCC1C(O)CC(O)C1C=CC(O)CCc1ccccc1	Weight	High	-0.14606
C=C1CCC(O)CC1=CC=C1CCCC2(C)C1CCC2C(C)CCCC(C)(C)O	Sex	Male	-0.04851
C=C1CCC(O)CC1=CC=C1CCCC2(C)C1CCC2C(C)CCCC(C)(C)O	Sex	Female	0.0
C=C1CCC(O)CC1=CC=C1CCCC2(C)C1CCC2C(C)CCCC(C)(C)O	Age	Children	0.04052
C=C1CCC(O)CC1=CC=C1CCCC2(C)C1CCC2C(C)CCCC(C)(C)O	Age	Adolescent	0.0
C=C1CCC(O)CC1=CC=C1CCCC2(C)C1CCC2C(C)CCCC(C)(C)O	Age	Adult	-0.01599
C=C1CCC(O)CC1=CC=C1CCCC2(C)C1CCC2C(C)CCCC(C)(C)O	Age	Elderly	-0.08851
C=C1CCC(O)CC1=CC=C1CCCC2(C)C1CCC2C(C)CCCC(C)(C)O	Weight	Low	-0.1164
C=C1CCC(O)CC1=CC=C1CCCC2(C)C1CCC2C(C)CCCC(C)(C)O	Weight	Average	-0.0998
C=C1CCC(O)CC1=CC=C1CCCC2(C)C1CCC2C(C)CCCC(C)(C)O	Weight	High	-0.1083
C=CC(=O)Nc1cc(Nc2ncc(C(=O)OC(C)C)c(-c3cn(C)c4ccccc34)n2)c(OC)cc1N(C)CCN(C)C	Sex	Male	-0.03962
C=CC(=O)Nc1cc(Nc2ncc(C(=O)OC(C)C)c(-c3cn(C)c4ccccc34)n2)c(OC)cc1N(C)CCN(C)C	Sex	Female	0.0
C=CC(=O)Nc1cc(Nc2ncc(C(=O)OC(C)C)c(-c3cn(C)c4ccccc34)n2)c(OC)cc1N(C)CCN(C)C	Age	Children	-0.0005
C=CC(=O)Nc1cc(Nc2ncc(C(=O)OC(C)C)c(-c3cn(C)c4ccccc34)n2)c(OC)cc1N(C)CCN(C)C	Age	Adolescent	0.0
C=CC(=O)Nc1cc(Nc2ncc(C(=O)OC(C)C)c(-c3cn(C)c4ccccc34)n2)c(OC)cc1N(C)CCN(C)C	Age	Adult	-0.0056
C=CC(=O)Nc1cc(Nc2ncc(C(=O)OC(C)C)c(-c3cn(C)c4ccccc34)n2)c(OC)cc1N(C)CCN(C)C	Age	Elderly	-0.0679
C=CC(=O)Nc1cc(Nc2ncc(C(=O)OC(C)C)c(-c3cn(C)c4ccccc34)n2)c(OC)cc1N(C)CCN(C)C	Weight	Low	-0.0387
C=CC(=O)Nc1cc(Nc2ncc(C(=O)OC(C)C)c(-c3cn(C)c4ccccc34)n2)c(OC)cc1N(C)CCN(C)C	Weight	Average	-0.03894
C=CC(=O)Nc1cc(Nc2ncc(C(=O)OC(C)C)c(-c3cn(C)c4ccccc34)n2)c(OC)cc1N(C)CCN(C)C	Weight	High	-0.05629
CCCCCCCCCCCCC[N+](C)(C)Cc1ccccc1	Sex	Male	-0.08195
CCCCCCCCCCCCC[N+](C)(C)Cc1ccccc1	Sex	Female	0.0
CCCCCCCCCCCCC[N+](C)(C)Cc1ccccc1	Age	Children	-0.00259
CCCCCCCCCCCCC[N+](C)(C)Cc1ccccc1	Age	Adolescent	0.0
CCCCCCCCCCCCC[N+](C)(C)Cc1ccccc1	Age	Adult	-0.01985
CCCCCCCCCCCCC[N+](C)(C)Cc1ccccc1	Age	Elderly	-0.13516
CCCCCCCCCCCCC[N+](C)(C)Cc1ccccc1	Weight	Low	-0.11069
CCCCCCCCCCCCC[N+](C)(C)Cc1ccccc1	Weight	Average	-0.12178
CCCCCCCCCCCCC[N+](C)(C)Cc1ccccc1	Weight	High	-0.15677
COc1cc(Nc2ncc(F)c(Nc3ccc4c(n3)N(COP(=O)(O)O)C(=O)C(C)(C)O4)n2)cc(OC)c1OC	Sex	Male	-0.0958
COc1cc(Nc2ncc(F)c(Nc3ccc4c(n3)N(COP(=O)(O)O)C(=O)C(C)(C)O4)n2)cc(OC)c1OC	Sex	Female	0.0
COc1cc(Nc2ncc(F)c(Nc3ccc4c(n3)N(COP(=O)(O)O)C(=O)C(C)(C)O4)n2)cc(OC)c1OC	Age	Children	-0.00224
COc1cc(Nc2ncc(F)c(Nc3ccc4c(n3)N(COP(=O)(O)O)C(=O)C(C)(C)O4)n2)cc(OC)c1OC	Age	Adolescent	0.0
COc1cc(Nc2ncc(F)c(Nc3ccc4c(n3)N(COP(=O)(O)O)C(=O)C(C)(C)O4)n2)cc(OC)c1OC	Age	Adult	-0.01041
COc1cc(Nc2ncc(F)c(Nc3ccc4c(n3)N(COP(=O)(O)O)C(=O)C(C)(C)O4)n2)cc(OC)c1OC	Age	Elderly	-0.06466
COc1cc(Nc2ncc(F)c(Nc3ccc4c(n3)N(COP(=O)(O)O)C(=O)C(C)(C)O4)n2)cc(OC)c1OC	Weight	Low	-0.12507
COc1cc(Nc2ncc(F)c(Nc3ccc4c(n3)N(COP(=O)(O)O)C(=O)C(C)(C)O4)n2)cc(OC)c1OC	Weight	Average	-0.09937
COc1cc(Nc2ncc(F)c(Nc3ccc4c(n3)N(COP(=O)(O)O)C(=O)C(C)(C)O4)n2)cc(OC)c1OC	Weight	High	-0.15386
OC1COC2C(O)COC12	Sex	Male	-0.09336
OC1COC2C(O)COC12	Sex	Female	0.0
OC1COC2C(O)COC12	Age	Children	-0.00282
OC1COC2C(O)COC12	Age	Adolescent	0.0
OC1COC2C(O)COC12	Age	Adult	-0.0268
OC1COC2C(O)COC12	Age	Elderly	-0.14787
OC1COC2C(O)COC12	Weight	Low	-0.16492
OC1COC2C(O)COC12	Weight	Average	-0.13485
OC1COC2C(O)COC12	Weight	High	-0.16118
CN(CCCl)CCCl	Sex	Male	-0.06887
CN(CCCl)CCCl	Sex	Female	0.0
CN(CCCl)CCCl	Age	Children	-0.00189
CN(CCCl)CCCl	Age	Adolescent	0.0
CN(CCCl)CCCl	Age	Adult	-0.01585
CN(CCCl)CCCl	Age	Elderly	-0.10727
CN(CCCl)CCCl	Weight	Low	-0.1356
CN(CCCl)CCCl	Weight	Average	-0.07642
CN(CCCl)CCCl	Weight	High	-0.13942
C=C1CCC(O)CC1=CC=C1CCCC2(C)C1CCC2C(C)C=CC(C)C(C)C	Sex	Male	-0.06053
C=C1CCC(O)CC1=CC=C1CCCC2(C)C1CCC2C(C)C=CC(C)C(C)C	Sex	Female	0.0
C=C1CCC(O)CC1=CC=C1CCCC2(C)C1CCC2C(C)C=CC(C)C(C)C	Age	Children	-0.00284
C=C1CCC(O)CC1=CC=C1CCCC2(C)C1CCC2C(C)C=CC(C)C(C)C	Age	Adolescent	0.0
C=C1CCC(O)CC1=CC=C1CCCC2(C)C1CCC2C(C)C=CC(C)C(C)C	Age	Adult	-0.02305
C=C1CCC(O)CC1=CC=C1CCCC2(C)C1CCC2C(C)C=CC(C)C(C)C	Age	Elderly	-0.11573
C=C1CCC(O)CC1=CC=C1CCCC2(C)C1CCC2C(C)C=CC(C)C(C)C	Weight	Low	-0.11979
C=C1CCC(O)CC1=CC=C1CCCC2(C)C1CCC2C(C)C=CC(C)C(C)C	Weight	Average	-0.12391
C=C1CCC(O)CC1=CC=C1CCCC2(C)C1CCC2C(C)C=CC(C)C(C)C	Weight	High	-0.13969
CC(N)(Cc1ccc(O)cc1)C(=O)O	Sex	Male	-0.08799
CC(N)(Cc1ccc(O)cc1)C(=O)O	Sex	Female	0.0
CC(N)(Cc1ccc(O)cc1)C(=O)O	Age	Children	-0.00284
CC(N)(Cc1ccc(O)cc1)C(=O)O	Age	Adolescent	0.0
CC(N)(Cc1ccc(O)cc1)C(=O)O	Age	Adult	-0.02915
CC(N)(Cc1ccc(O)cc1)C(=O)O	Age	Elderly	-0.15757
CC(N)(Cc1ccc(O)cc1)C(=O)O	Weight	Low	-0.12985
CC(N)(Cc1ccc(O)cc1)C(=O)O	Weight	Average	-0.14514
CC(N)(Cc1ccc(O)cc1)C(=O)O	Weight	High	-0.17855
CC(Oc1c(Cl)cccc1Cl)C1=NCCN1	Sex	Male	-0.07656
CC(Oc1c(Cl)cccc1Cl)C1=NCCN1	Sex	Female	0.0
CC(Oc1c(Cl)cccc1Cl)C1=NCCN1	Age	Children	-0.00151
CC(Oc1c(Cl)cccc1Cl)C1=NCCN1	Age	Adolescent	0.0
CC(Oc1c(Cl)cccc1Cl)C1=NCCN1	Age	Adult	-0.0127
CC(Oc1c(Cl)cccc1Cl)C1=NCCN1	Age	Elderly	-0.12019
CC(Oc1c(Cl)cccc1Cl)C1=NCCN1	Weight	Low	-0.11338
CC(Oc1c(Cl)cccc1Cl)C1=NCCN1	Weight	Average	-0.09381
CC(Oc1c(Cl)cccc1Cl)C1=NCCN1	Weight	High	-0.13452
CCC(=O)OC(OP(=O)(CCCCc1ccccc1)CC(=O)N1CC(C2CCCCC2)CC1C(=O)O)C(C)C	Sex	Male	-0.06247
CCC(=O)OC(OP(=O)(CCCCc1ccccc1)CC(=O)N1CC(C2CCCCC2)CC1C(=O)O)C(C)C	Sex	Female	0.0
CCC(=O)OC(OP(=O)(CCCCc1ccccc1)CC(=O)N1CC(C2CCCCC2)CC1C(=O)O)C(C)C	Age	Children	-0.00274
CCC(=O)OC(OP(=O)(CCCCc1ccccc1)CC(=O)N1CC(C2CCCCC2)CC1C(=O)O)C(C)C	Age	Adolescent	0.0
CCC(=O)OC(OP(=O)(CCCCc1ccccc1)CC(=O)N1CC(C2CCCCC2)CC1C(=O)O)C(C)C	Age	Adult	-0.0204
CCC(=O)OC(OP(=O)(CCCCc1ccccc1)CC(=O)N1CC(C2CCCCC2)CC1C(=O)O)C(C)C	Age	Elderly	-0.12959
CCC(=O)OC(OP(=O)(CCCCc1ccccc1)CC(=O)N1CC(C2CCCCC2)CC1C(=O)O)C(C)C	Weight	Low	-0.12855
CCC(=O)OC(OP(=O)(CCCCc1ccccc1)CC(=O)N1CC(C2CCCCC2)CC1C(=O)O)C(C)C	Weight	Average	-0.11985
CCC(=O)OC(OP(=O)(CCCCc1ccccc1)CC(=O)N1CC(C2CCCCC2)CC1C(=O)O)C(C)C	Weight	High	-0.12407
CN1CCC(COc2cnc(-c3cccc(Cn4nc(-c5cccc(C#N)c5)ccc4=O)c3)nc2)CC1	Sex	Male	-0.10291
CN1CCC(COc2cnc(-c3cccc(Cn4nc(-c5cccc(C#N)c5)ccc4=O)c3)nc2)CC1	Sex	Female	0.0
CN1CCC(COc2cnc(-c3cccc(Cn4nc(-c5cccc(C#N)c5)ccc4=O)c3)nc2)CC1	Age	Children	-0.00271
CN1CCC(COc2cnc(-c3cccc(Cn4nc(-c5cccc(C#N)c5)ccc4=O)c3)nc2)CC1	Age	Adolescent	0.0
CN1CCC(COc2cnc(-c3cccc(Cn4nc(-c5cccc(C#N)c5)ccc4=O)c3)nc2)CC1	Age	Adult	-0.02544
CN1CCC(COc2cnc(-c3cccc(Cn4nc(-c5cccc(C#N)c5)ccc4=O)c3)nc2)CC1	Age	Elderly	-0.10447
CN1CCC(COc2cnc(-c3cccc(Cn4nc(-c5cccc(C#N)c5)ccc4=O)c3)nc2)CC1	Weight	Low	-0.13296
CN1CCC(COc2cnc(-c3cccc(Cn4nc(-c5cccc(C#N)c5)ccc4=O)c3)nc2)CC1	Weight	Average	-0.09921
CN1CCC(COc2cnc(-c3cccc(Cn4nc(-c5cccc(C#N)c5)ccc4=O)c3)nc2)CC1	Weight	High	-0.12379
N#Cc1ccc(Oc2ccc3c(c2)COB3O)cc1	Sex	Male	-0.08712
N#Cc1ccc(Oc2ccc3c(c2)COB3O)cc1	Sex	Female	0.0
N#Cc1ccc(Oc2ccc3c(c2)COB3O)cc1	Age	Children	-0.00265
N#Cc1ccc(Oc2ccc3c(c2)COB3O)cc1	Age	Adolescent	0.0
N#Cc1ccc(Oc2ccc3c(c2)COB3O)cc1	Age	Adult	-0.02288
N#Cc1ccc(Oc2ccc3c(c2)COB3O)cc1	Age	Elderly	-0.0928
N#Cc1ccc(Oc2ccc3c(c2)COB3O)cc1	Weight	Low	-0.15532
N#Cc1ccc(Oc2ccc3c(c2)COB3O)cc1	Weight	Average	-0.09446
N#Cc1ccc(Oc2ccc3c(c2)COB3O)cc1	Weight	High	-0.13425
NCC(=O)CCC(=O)O	Sex	Male	-0.08511
NCC(=O)CCC(=O)O	Sex	Female	0.0
NCC(=O)CCC(=O)O	Age	Children	-0.00284
NCC(=O)CCC(=O)O	Age	Adolescent	0.0
NCC(=O)CCC(=O)O	Age	Adult	-0.02685
NCC(=O)CCC(=O)O	Age	Elderly	-0.1413
NCC(=O)CCC(=O)O	Weight	Low	-0.15868
NCC(=O)CCC(=O)O	Weight	Average	-0.1377
NCC(=O)CCC(=O)O	Weight	High	-0.16949
O=C(O)CCc1nc(-c2ccccc2)c(-c2ccccc2)o1	Sex	Male	-0.02768
O=C(O)CCc1nc(-c2ccccc2)c(-c2ccccc2)o1	Sex	Female	0.0
O=C(O)CCc1nc(-c2ccccc2)c(-c2ccccc2)o1	Age	Children	-0.00069
O=C(O)CCc1nc(-c2ccccc2)c(-c2ccccc2)o1	Age	Adolescent	0.0
O=C(O)CCc1nc(-c2ccccc2)c(-c2ccccc2)o1	Age	Adult	-0.01466
O=C(O)CCc1nc(-c2ccccc2)c(-c2ccccc2)o1	Age	Elderly	-0.0962
O=C(O)CCc1nc(-c2ccccc2)c(-c2ccccc2)o1	Weight	Low	-0.07844
O=C(O)CCc1nc(-c2ccccc2)c(-c2ccccc2)o1	Weight	Average	-0.06608
O=C(O)CCc1nc(-c2ccccc2)c(-c2ccccc2)o1	Weight	High	-0.10278
C=CC1=C(C(=O)O)N2C(=O)C(=NC(=O)C(NOCC(=O)O)c3csc(N)n3)C2SC1	Sex	Male	-0.09482
C=CC1=C(C(=O)O)N2C(=O)C(=NC(=O)C(NOCC(=O)O)c3csc(N)n3)C2SC1	Sex	Female	0.0
C=CC1=C(C(=O)O)N2C(=O)C(=NC(=O)C(NOCC(=O)O)c3csc(N)n3)C2SC1	Age	Children	-0.00273
C=CC1=C(C(=O)O)N2C(=O)C(=NC(=O)C(NOCC(=O)O)c3csc(N)n3)C2SC1	Age	Adolescent	0.0
C=CC1=C(C(=O)O)N2C(=O)C(=NC(=O)C(NOCC(=O)O)c3csc(N)n3)C2SC1	Age	Adult	-0.02515
C=CC1=C(C(=O)O)N2C(=O)C(=NC(=O)C(NOCC(=O)O)c3csc(N)n3)C2SC1	Age	Elderly	-0.12537
C=CC1=C(C(=O)O)N2C(=O)C(=NC(=O)C(NOCC(=O)O)c3csc(N)n3)C2SC1	Weight	Low	-0.04915
C=CC1=C(C(=O)O)N2C(=O)C(=NC(=O)C(NOCC(=O)O)c3csc(N)n3)C2SC1	Weight	Average	-0.10994
C=CC1=C(C(=O)O)N2C(=O)C(=NC(=O)C(NOCC(=O)O)c3csc(N)n3)C2SC1	Weight	High	-0.14302
CC(C)C1CCC(C(=O)NC(Cc2ccccc2)C(=O)O)CC1	Sex	Male	-0.07277
CC(C)C1CCC(C(=O)NC(Cc2ccccc2)C(=O)O)CC1	Sex	Female	0.0
CC(C)C1CCC(C(=O)NC(Cc2ccccc2)C(=O)O)CC1	Age	Children	-0.00286
CC(C)C1CCC(C(=O)NC(Cc2ccccc2)C(=O)O)CC1	Age	Adolescent	0.0
CC(C)C1CCC(C(=O)NC(Cc2ccccc2)C(=O)O)CC1	Age	Adult	-0.0233
CC(C)C1CCC(C(=O)NC(Cc2ccccc2)C(=O)O)CC1	Age	Elderly	-0.12021
CC(C)C1CCC(C(=O)NC(Cc2ccccc2)C(=O)O)CC1	Weight	Low	-0.12576
CC(C)C1CCC(C(=O)NC(Cc2ccccc2)C(=O)O)CC1	Weight	Average	-0.12284
CC(C)C1CCC(C(=O)NC(Cc2ccccc2)C(=O)O)CC1	Weight	High	-0.15903
CC(CCC(=O)O)C1CCC2C3C(O)CC4CC(O)CCC4(C)C3CC(O)C12C	Sex	Male	-0.07245
CC(CCC(=O)O)C1CCC2C3C(O)CC4CC(O)CCC4(C)C3CC(O)C12C	Sex	Female	0.0
CC(CCC(=O)O)C1CCC2C3C(O)CC4CC(O)CCC4(C)C3CC(O)C12C	Age	Children	-0.00247
CC(CCC(=O)O)C1CCC2C3C(O)CC4CC(O)CCC4(C)C3CC(O)C12C	Age	Adolescent	0.0
CC(CCC(=O)O)C1CCC2C3C(O)CC4CC(O)CCC4(C)C3CC(O)C12C	Age	Adult	-0.02421
CC(CCC(=O)O)C1CCC2C3C(O)CC4CC(O)CCC4(C)C3CC(O)C12C	Age	Elderly	-0.10337
CC(CCC(=O)O)C1CCC2C3C(O)CC4CC(O)CCC4(C)C3CC(O)C12C	Weight	Low	-0.1462
CC(CCC(=O)O)C1CCC2C3C(O)CC4CC(O)CCC4(C)C3CC(O)C12C	Weight	Average	-0.11906
CC(CCC(=O)O)C1CCC2C3C(O)CC4CC(O)CCC4(C)C3CC(O)C12C	Weight	High	-0.14877
CCCCCCC(C)(C)c1cc(O)c2c(c1)OC(C)(C)C1CCC(=O)CC21	Sex	Male	-0.08292
CCCCCCC(C)(C)c1cc(O)c2c(c1)OC(C)(C)C1CCC(=O)CC21	Sex	Female	0.0
CCCCCCC(C)(C)c1cc(O)c2c(c1)OC(C)(C)C1CCC(=O)CC21	Age	Children	-0.00286
CCCCCCC(C)(C)c1cc(O)c2c(c1)OC(C)(C)C1CCC(=O)CC21	Age	Adolescent	0.0
CCCCCCC(C)(C)c1cc(O)c2c(c1)OC(C)(C)C1CCC(=O)CC21	Age	Adult	-0.00902
CCCCCCC(C)(C)c1cc(O)c2c(c1)OC(C)(C)C1CCC(=O)CC21	Age	Elderly	-0.09758
CCCCCCC(C)(C)c1cc(O)c2c(c1)OC(C)(C)C1CCC(=O)CC21	Weight	Low	-0.13994
CCCCCCC(C)(C)c1cc(O)c2c(c1)OC(C)(C)C1CCC(=O)CC21	Weight	Average	-0.11963
CCCCCCC(C)(C)c1cc(O)c2c(c1)OC(C)(C)C1CCC(=O)CC21	Weight	High	-0.15702
C[n+]1ccccc1C=NO	Sex	Male	-0.10299
C[n+]1ccccc1C=NO	Sex	Female	0.0
C[n+]1ccccc1C=NO	Age	Children	-0.00286
C[n+]1ccccc1C=NO	Age	Adolescent	0.0
C[n+]1ccccc1C=NO	Age	Adult	-0.02538
C[n+]1ccccc1C=NO	Age	Elderly	-0.15975
C[n+]1ccccc1C=NO	Weight	Low	-0.14328
C[n+]1ccccc1C=NO	Weight	Average	-0.12968
C[n+]1ccccc1C=NO	Weight	High	-0.17355
NC(=O)OCC(COC(N)=O)c1ccccc1	Sex	Male	-0.07976
NC(=O)OCC(COC(N)=O)c1ccccc1	Sex	Female	0.0
NC(=O)OCC(COC(N)=O)c1ccccc1	Age	Children	-0.00269
NC(=O)OCC(COC(N)=O)c1ccccc1	Age	Adolescent	0.0
NC(=O)OCC(COC(N)=O)c1ccccc1	Age	Adult	-0.03214
NC(=O)OCC(COC(N)=O)c1ccccc1	Age	Elderly	-0.12876
NC(=O)OCC(COC(N)=O)c1ccccc1	Weight	Low	-0.14343
NC(=O)OCC(COC(N)=O)c1ccccc1	Weight	Average	-0.13388
NC(=O)OCC(COC(N)=O)c1ccccc1	Weight	High	-0.15895
NCC(=O)O	Sex	Male	-0.0845
NCC(=O)O	Sex	Female	0.0
NCC(=O)O	Age	Children	-0.00246
NCC(=O)O	Age	Adolescent	0.0
NCC(=O)O	Age	Adult	-0.0259
NCC(=O)O	Age	Elderly	-0.12392
NCC(=O)O	Weight	Low	-0.15255
NCC(=O)O	Weight	Average	-0.12734
NCC(=O)O	Weight	High	-0.15766
NCCCCCC(=O)O	Sex	Male	-0.08794
NCCCCCC(=O)O	Sex	Female	0.0
NCCCCCC(=O)O	Age	Children	-0.0027
NCCCCCC(=O)O	Age	Adolescent	0.0
NCCCCCC(=O)O	Age	Adult	-0.02627
NCCCCCC(=O)O	Age	Elderly	-0.1429
NCCCCCC(=O)O	Weight	Low	-0.14639
NCCCCCC(=O)O	Weight	Average	-0.12757
NCCCCCC(=O)O	Weight	High	-0.15202
O=C(NC1CCNCC1)C1CCC2CN1C(=O)N2OS(=O)(=O)O	Sex	Male	-0.08284
O=C(NC1CCNCC1)C1CCC2CN1C(=O)N2OS(=O)(=O)O	Sex	Female	0.0
O=C(NC1CCNCC1)C1CCC2CN1C(=O)N2OS(=O)(=O)O	Age	Children	-0.00238
O=C(NC1CCNCC1)C1CCC2CN1C(=O)N2OS(=O)(=O)O	Age	Adolescent	0.0
O=C(NC1CCNCC1)C1CCC2CN1C(=O)N2OS(=O)(=O)O	Age	Adult	-0.02474
O=C(NC1CCNCC1)C1CCC2CN1C(=O)N2OS(=O)(=O)O	Age	Elderly	-0.14625
O=C(NC1CCNCC1)C1CCC2CN1C(=O)N2OS(=O)(=O)O	Weight	Low	-0.11311
O=C(NC1CCNCC1)C1CCC2CN1C(=O)N2OS(=O)(=O)O	Weight	Average	-0.12162
O=C(NC1CCNCC1)C1CCC2CN1C(=O)N2OS(=O)(=O)O	Weight	High	-0.15965
OB1OCc2cc(F)ccc21	Sex	Male	-0.09815
OB1OCc2cc(F)ccc21	Sex	Female	0.0
OB1OCc2cc(F)ccc21	Age	Children	-0.00265
OB1OCc2cc(F)ccc21	Age	Adolescent	0.0
OB1OCc2cc(F)ccc21	Age	Adult	-0.02424
OB1OCc2cc(F)ccc21	Age	Elderly	-0.14407
OB1OCc2cc(F)ccc21	Weight	Low	-0.1626
OB1OCc2cc(F)ccc21	Weight	Average	-0.12379
OB1OCc2cc(F)ccc21	Weight	High	-0.17773
Nc1cc(Cl)c(NC2=NCCN2)c(Cl)c1	Sex	Male	-0.09077
Nc1cc(Cl)c(NC2=NCCN2)c(Cl)c1	Sex	Female	0.0
Nc1cc(Cl)c(NC2=NCCN2)c(Cl)c1	Age	Children	-0.00257
Nc1cc(Cl)c(NC2=NCCN2)c(Cl)c1	Age	Adolescent	0.0
Nc1cc(Cl)c(NC2=NCCN2)c(Cl)c1	Age	Adult	-0.01011
Nc1cc(Cl)c(NC2=NCCN2)c(Cl)c1	Age	Elderly	-0.12478
Nc1cc(Cl)c(NC2=NCCN2)c(Cl)c1	Weight	Low	-0.16087
Nc1cc(Cl)c(NC2=NCCN2)c(Cl)c1	Weight	Average	-0.12421
Nc1cc(Cl)c(NC2=NCCN2)c(Cl)c1	Weight	High	-0.15021
Oc1ccc2c3c1OC1C(O)CCC4(O)C(C2)N(CC2CCC2)CCC314	Sex	Male	-0.11516
Oc1ccc2c3c1OC1C(O)CCC4(O)C(C2)N(CC2CCC2)CCC314	Sex	Female	0.0
Oc1ccc2c3c1OC1C(O)CCC4(O)C(C2)N(CC2CCC2)CCC314	Age	Children	-0.00255
Oc1ccc2c3c1OC1C(O)CCC4(O)C(C2)N(CC2CCC2)CCC314	Age	Adolescent	0.0
Oc1ccc2c3c1OC1C(O)CCC4(O)C(C2)N(CC2CCC2)CCC314	Age	Adult	-0.02858
Oc1ccc2c3c1OC1C(O)CCC4(O)C(C2)N(CC2CCC2)CCC314	Age	Elderly	-0.11655
Oc1ccc2c3c1OC1C(O)CCC4(O)C(C2)N(CC2CCC2)CCC314	Weight	Low	-0.16072
Oc1ccc2c3c1OC1C(O)CCC4(O)C(C2)N(CC2CCC2)CCC314	Weight	Average	-0.11436
Oc1ccc2c3c1OC1C(O)CCC4(O)C(C2)N(CC2CCC2)CCC314	Weight	High	-0.17149
CC(=Cc1csc(C)n1)C1CC2OC2(C)CCCC(C)C(O)C(C)C(=O)C(C)(C)C(O)CC(=O)N1	Sex	Male	-0.0692
CC(=Cc1csc(C)n1)C1CC2OC2(C)CCCC(C)C(O)C(C)C(=O)C(C)(C)C(O)CC(=O)N1	Sex	Female	0.0
CC(=Cc1csc(C)n1)C1CC2OC2(C)CCCC(C)C(O)C(C)C(=O)C(C)(C)C(O)CC(=O)N1	Age	Children	-0.00257
CC(=Cc1csc(C)n1)C1CC2OC2(C)CCCC(C)C(O)C(C)C(=O)C(C)(C)C(O)CC(=O)N1	Age	Adolescent	0.0
CC(=Cc1csc(C)n1)C1CC2OC2(C)CCCC(C)C(O)C(C)C(=O)C(C)(C)C(O)CC(=O)N1	Age	Adult	-0.01802
CC(=Cc1csc(C)n1)C1CC2OC2(C)CCCC(C)C(O)C(C)C(=O)C(C)(C)C(O)CC(=O)N1	Age	Elderly	-0.04681
CC(=Cc1csc(C)n1)C1CC2OC2(C)CCCC(C)C(O)C(C)C(=O)C(C)(C)C(O)CC(=O)N1	Weight	Low	-0.09031
CC(=Cc1csc(C)n1)C1CC2OC2(C)CCCC(C)C(O)C(C)C(=O)C(C)(C)C(O)CC(=O)N1	Weight	Average	-0.07749
CC(=Cc1csc(C)n1)C1CC2OC2(C)CCCC(C)C(O)C(C)C(=O)C(C)(C)C(O)CC(=O)N1	Weight	High	-0.08991
CC(CCC(=O)O)C1CCC2C3CCC4CC(O)CCC4(C)C3CC(O)C12C	Sex	Male	-0.07286
CC(CCC(=O)O)C1CCC2C3CCC4CC(O)CCC4(C)C3CC(O)C12C	Sex	Female	0.0
CC(CCC(=O)O)C1CCC2C3CCC4CC(O)CCC4(C)C3CC(O)C12C	Age	Children	-0.00224
CC(CCC(=O)O)C1CCC2C3CCC4CC(O)CCC4(C)C3CC(O)C12C	Age	Adolescent	0.0
CC(CCC(=O)O)C1CCC2C3CCC4CC(O)CCC4(C)C3CC(O)C12C	Age	Adult	-0.02406
CC(CCC(=O)O)C1CCC2C3CCC4CC(O)CCC4(C)C3CC(O)C12C	Age	Elderly	-0.09819
CC(CCC(=O)O)C1CCC2C3CCC4CC(O)CCC4(C)C3CC(O)C12C	Weight	Low	-0.14689
CC(CCC(=O)O)C1CCC2C3CCC4CC(O)CCC4(C)C3CC(O)C12C	Weight	Average	-0.11403
CC(CCC(=O)O)C1CCC2C3CCC4CC(O)CCC4(C)C3CC(O)C12C	Weight	High	-0.14977
COCC1=C(C(=O)O)N2C(=O)C(=NC(=O)C(NOC)c3csc(N)n3)C2SC1	Sex	Male	-0.09259
COCC1=C(C(=O)O)N2C(=O)C(=NC(=O)C(NOC)c3csc(N)n3)C2SC1	Sex	Female	0.0
COCC1=C(C(=O)O)N2C(=O)C(=NC(=O)C(NOC)c3csc(N)n3)C2SC1	Age	Children	-0.00268
COCC1=C(C(=O)O)N2C(=O)C(=NC(=O)C(NOC)c3csc(N)n3)C2SC1	Age	Adolescent	0.0
COCC1=C(C(=O)O)N2C(=O)C(=NC(=O)C(NOC)c3csc(N)n3)C2SC1	Age	Adult	-0.02184
COCC1=C(C(=O)O)N2C(=O)C(=NC(=O)C(NOC)c3csc(N)n3)C2SC1	Age	Elderly	-0.13032
COCC1=C(C(=O)O)N2C(=O)C(=NC(=O)C(NOC)c3csc(N)n3)C2SC1	Weight	Low	-0.07905
COCC1=C(C(=O)O)N2C(=O)C(=NC(=O)C(NOC)c3csc(N)n3)C2SC1	Weight	Average	-0.11791
COCC1=C(C(=O)O)N2C(=O)C(=NC(=O)C(NOC)c3csc(N)n3)C2SC1	Weight	High	-0.14005
Cc1cc(C(=O)NNCc2ccccc2)no1	Sex	Male	-0.06186
Cc1cc(C(=O)NNCc2ccccc2)no1	Sex	Female	0.0
Cc1cc(C(=O)NNCc2ccccc2)no1	Age	Children	-0.00286
Cc1cc(C(=O)NNCc2ccccc2)no1	Age	Adolescent	0.0
Cc1cc(C(=O)NNCc2ccccc2)no1	Age	Adult	-0.03092
Cc1cc(C(=O)NNCc2ccccc2)no1	Age	Elderly	-0.11856
Cc1cc(C(=O)NNCc2ccccc2)no1	Weight	Low	-0.13652
Cc1cc(C(=O)NNCc2ccccc2)no1	Weight	Average	-0.12503
Cc1cc(C(=O)NNCc2ccccc2)no1	Weight	High	-0.14222
O=C(OOC(=O)c1ccccc1)c1ccccc1	Sex	Male	-0.10373
O=C(OOC(=O)c1ccccc1)c1ccccc1	Sex	Female	0.0
O=C(OOC(=O)c1ccccc1)c1ccccc1	Age	Children	-0.00208
O=C(OOC(=O)c1ccccc1)c1ccccc1	Age	Adolescent	0.0
O=C(OOC(=O)c1ccccc1)c1ccccc1	Age	Adult	-0.0218
O=C(OOC(=O)c1ccccc1)c1ccccc1	Age	Elderly	-0.13561
O=C(OOC(=O)c1ccccc1)c1ccccc1	Weight	Low	-0.12513
O=C(OOC(=O)c1ccccc1)c1ccccc1	Weight	Average	-0.12508
O=C(OOC(=O)c1ccccc1)c1ccccc1	Weight	High	-0.1602
OCC(O)c1oc(O)c(O)c1O	Sex	Male	-0.08378
OCC(O)c1oc(O)c(O)c1O	Sex	Female	0.0
OCC(O)c1oc(O)c(O)c1O	Age	Children	-0.00163
OCC(O)c1oc(O)c(O)c1O	Age	Adolescent	0.0
OCC(O)c1oc(O)c(O)c1O	Age	Adult	-0.02337
OCC(O)c1oc(O)c(O)c1O	Age	Elderly	-0.15422
OCC(O)c1oc(O)c(O)c1O	Weight	Low	-0.12821
OCC(O)c1oc(O)c(O)c1O	Weight	Average	-0.11143
OCC(O)c1oc(O)c(O)c1O	Weight	High	-0.15062
Oc1ccccc1	Sex	Male	-0.08499
Oc1ccccc1	Sex	Female	0.0
Oc1ccccc1	Age	Children	-0.0028
Oc1ccccc1	Age	Adolescent	0.0
Oc1ccccc1	Age	Adult	-0.02674
Oc1ccccc1	Age	Elderly	-0.15045
Oc1ccccc1	Weight	Low	-0.14626
Oc1ccccc1	Weight	Average	-0.13775
Oc1ccccc1	Weight	High	-0.17071
O=C(O)CCCCCCCC(=O)O	Sex	Male	-0.09239
O=C(O)CCCCCCCC(=O)O	Sex	Female	0.0
O=C(O)CCCCCCCC(=O)O	Age	Children	-0.00281
O=C(O)CCCCCCCC(=O)O	Age	Adolescent	0.0
O=C(O)CCCCCCCC(=O)O	Age	Adult	-0.02661
O=C(O)CCCCCCCC(=O)O	Age	Elderly	-0.13746
O=C(O)CCCCCCCC(=O)O	Weight	Low	-0.15178
O=C(O)CCCCCCCC(=O)O	Weight	Average	-0.1324
O=C(O)CCCCCCCC(=O)O	Weight	High	-0.16318
O=C(O)CCCCC1SCC2NC(=O)NC21	Sex	Male	-0.10614
O=C(O)CCCCC1SCC2NC(=O)NC21	Sex	Female	0.0
O=C(O)CCCCC1SCC2NC(=O)NC21	Age	Children	-0.00271
O=C(O)CCCCC1SCC2NC(=O)NC21	Age	Adolescent	0.0
O=C(O)CCCCC1SCC2NC(=O)NC21	Age	Adult	-0.02448
O=C(O)CCCCC1SCC2NC(=O)NC21	Age	Elderly	-0.13788
O=C(O)CCCCC1SCC2NC(=O)NC21	Weight	Low	-0.14977
O=C(O)CCCCC1SCC2NC(=O)NC21	Weight	Average	-0.12275
O=C(O)CCCCC1SCC2NC(=O)NC21	Weight	High	-0.1724
CC(C)(C)C(O)C=Cc1ccc2c(c1)OCO2	Sex	Male	-0.11113
CC(C)(C)C(O)C=Cc1ccc2c(c1)OCO2	Sex	Female	0.0
CC(C)(C)C(O)C=Cc1ccc2c(c1)OCO2	Age	Children	-0.00283
CC(C)(C)C(O)C=Cc1ccc2c(c1)OCO2	Age	Adolescent	0.0
CC(C)(C)C(O)C=Cc1ccc2c(c1)OCO2	Age	Adult	-0.01647
CC(C)(C)C(O)C=Cc1ccc2c(c1)OCO2	Age	Elderly	-0.12745
CC(C)(C)C(O)C=Cc1ccc2c(c1)OCO2	Weight	Low	-0.13603
CC(C)(C)C(O)C=Cc1ccc2c(c1)OCO2	Weight	Average	-0.10415
CC(C)(C)C(O)C=Cc1ccc2c(c1)OCO2	Weight	High	-0.15113
C=C(CC)C(=O)c1ccc(OCC(=O)O)c(Cl)c1Cl	Sex	Male	-0.09337
C=C(CC)C(=O)c1ccc(OCC(=O)O)c(Cl)c1Cl	Sex	Female	0.0
C=C(CC)C(=O)c1ccc(OCC(=O)O)c(Cl)c1Cl	Age	Children	-0.00265
C=C(CC)C(=O)c1ccc(OCC(=O)O)c(Cl)c1Cl	Age	Adolescent	0.0
C=C(CC)C(=O)c1ccc(OCC(=O)O)c(Cl)c1Cl	Age	Adult	-0.02629
C=C(CC)C(=O)c1ccc(OCC(=O)O)c(Cl)c1Cl	Age	Elderly	-0.13779
C=C(CC)C(=O)c1ccc(OCC(=O)O)c(Cl)c1Cl	Weight	Low	-0.15781
C=C(CC)C(=O)c1ccc(OCC(=O)O)c(Cl)c1Cl	Weight	Average	-0.13066
C=C(CC)C(=O)c1ccc(OCC(=O)O)c(Cl)c1Cl	Weight	High	-0.15071
COC1(NC(O)=c2sc(=C(C(N)=O)C(=O)O)s2)C(=O)N2C(C(=O)O)=C(CSc3nnnn3C)CSC21	Sex	Male	-0.07998
COC1(NC(O)=c2sc(=C(C(N)=O)C(=O)O)s2)C(=O)N2C(C(=O)O)=C(CSc3nnnn3C)CSC21	Sex	Female	0.0
COC1(NC(O)=c2sc(=C(C(N)=O)C(=O)O)s2)C(=O)N2C(C(=O)O)=C(CSc3nnnn3C)CSC21	Age	Children	-0.0025
COC1(NC(O)=c2sc(=C(C(N)=O)C(=O)O)s2)C(=O)N2C(C(=O)O)=C(CSc3nnnn3C)CSC21	Age	Adolescent	0.0
COC1(NC(O)=c2sc(=C(C(N)=O)C(=O)O)s2)C(=O)N2C(C(=O)O)=C(CSc3nnnn3C)CSC21	Age	Adult	-0.01769
COC1(NC(O)=c2sc(=C(C(N)=O)C(=O)O)s2)C(=O)N2C(C(=O)O)=C(CSc3nnnn3C)CSC21	Age	Elderly	-0.06076
COC1(NC(O)=c2sc(=C(C(N)=O)C(=O)O)s2)C(=O)N2C(C(=O)O)=C(CSc3nnnn3C)CSC21	Weight	Low	-0.14848
COC1(NC(O)=c2sc(=C(C(N)=O)C(=O)O)s2)C(=O)N2C(C(=O)O)=C(CSc3nnnn3C)CSC21	Weight	Average	-0.10361
COC1(NC(O)=c2sc(=C(C(N)=O)C(=O)O)s2)C(=O)N2C(C(=O)O)=C(CSc3nnnn3C)CSC21	Weight	High	-0.15021
COc1ccc(-c2ccc3cc(C(=O)O)ccc3c2)cc1C12CC3CC(CC(C3)C1)C2	Sex	Male	-0.09099
COc1ccc(-c2ccc3cc(C(=O)O)ccc3c2)cc1C12CC3CC(CC(C3)C1)C2	Sex	Female	0.0
COc1ccc(-c2ccc3cc(C(=O)O)ccc3c2)cc1C12CC3CC(CC(C3)C1)C2	Age	Children	-0.00283
COc1ccc(-c2ccc3cc(C(=O)O)ccc3c2)cc1C12CC3CC(CC(C3)C1)C2	Age	Adolescent	0.0
COc1ccc(-c2ccc3cc(C(=O)O)ccc3c2)cc1C12CC3CC(CC(C3)C1)C2	Age	Adult	-0.02768
COc1ccc(-c2ccc3cc(C(=O)O)ccc3c2)cc1C12CC3CC(CC(C3)C1)C2	Age	Elderly	-0.12196
COc1ccc(-c2ccc3cc(C(=O)O)ccc3c2)cc1C12CC3CC(CC(C3)C1)C2	Weight	Low	-0.15618
COc1ccc(-c2ccc3cc(C(=O)O)ccc3c2)cc1C12CC3CC(CC(C3)C1)C2	Weight	Average	-0.10417
COc1ccc(-c2ccc3cc(C(=O)O)ccc3c2)cc1C12CC3CC(CC(C3)C1)C2	Weight	High	-0.17075
COc1ccc2c3c1OC1C(O)CCC4C(C2)N(C)CCC341	Sex	Male	-0.09072
COc1ccc2c3c1OC1C(O)CCC4C(C2)N(C)CCC341	Sex	Female	0.0
COc1ccc2c3c1OC1C(O)CCC4C(C2)N(C)CCC341	Age	Children	-0.00286
COc1ccc2c3c1OC1C(O)CCC4C(C2)N(C)CCC341	Age	Adolescent	0.0
COc1ccc2c3c1OC1C(O)CCC4C(C2)N(C)CCC341	Age	Adult	-0.02674
COc1ccc2c3c1OC1C(O)CCC4C(C2)N(C)CCC341	Age	Elderly	-0.13717
COc1ccc2c3c1OC1C(O)CCC4C(C2)N(C)CCC341	Weight	Low	-0.15741
COc1ccc2c3c1OC1C(O)CCC4C(C2)N(C)CCC341	Weight	Average	-0.10141
COc1ccc2c3c1OC1C(O)CCC4C(C2)N(C)CCC341	Weight	High	-0.1546
O=C(O)CCCN1CCC(OC(c2ccc(Cl)cc2)c2ccccn2)CC1	Sex	Male	-0.07302
O=C(O)CCCN1CCC(OC(c2ccc(Cl)cc2)c2ccccn2)CC1	Sex	Female	0.0
O=C(O)CCCN1CCC(OC(c2ccc(Cl)cc2)c2ccccn2)CC1	Age	Children	0.04064
O=C(O)CCCN1CCC(OC(c2ccc(Cl)cc2)c2ccccn2)CC1	Age	Adolescent	0.0
O=C(O)CCCN1CCC(OC(c2ccc(Cl)cc2)c2ccccn2)CC1	Age	Adult	-0.02621
O=C(O)CCCN1CCC(OC(c2ccc(Cl)cc2)c2ccccn2)CC1	Age	Elderly	-0.16242
O=C(O)CCCN1CCC(OC(c2ccc(Cl)cc2)c2ccccn2)CC1	Weight	Low	-0.12645
O=C(O)CCCN1CCC(OC(c2ccc(Cl)cc2)c2ccccn2)CC1	Weight	Average	-0.1314
O=C(O)CCCN1CCC(OC(c2ccc(Cl)cc2)c2ccccn2)CC1	Weight	High	-0.14902
O=C(O)CCCc1ccccc1	Sex	Male	-0.07571
O=C(O)CCCc1ccccc1	Sex	Female	0.0
O=C(O)CCCc1ccccc1	Age	Children	-0.00281
O=C(O)CCCc1ccccc1	Age	Adolescent	0.0
O=C(O)CCCc1ccccc1	Age	Adult	-0.02213
O=C(O)CCCc1ccccc1	Age	Elderly	-0.14378
O=C(O)CCCc1ccccc1	Weight	Low	-0.13019
O=C(O)CCCc1ccccc1	Weight	Average	-0.12988
O=C(O)CCCc1ccccc1	Weight	High	-0.16264
O=C(O)Cc1ccccc1	Sex	Male	-0.08581
O=C(O)Cc1ccccc1	Sex	Female	0.0
O=C(O)Cc1ccccc1	Age	Children	-0.00282
O=C(O)Cc1ccccc1	Age	Adolescent	0.0
O=C(O)Cc1ccccc1	Age	Adult	-0.02619
O=C(O)Cc1ccccc1	Age	Elderly	-0.14231
O=C(O)Cc1ccccc1	Weight	Low	-0.13979
O=C(O)Cc1ccccc1	Weight	Average	-0.13086
O=C(O)Cc1ccccc1	Weight	High	-0.17137
O=C(O)c1ccccc1	Sex	Male	-0.08538
O=C(O)c1ccccc1	Sex	Female	0.0
O=C(O)c1ccccc1	Age	Children	-0.00284
O=C(O)c1ccccc1	Age	Adolescent	0.0
O=C(O)c1ccccc1	Age	Adult	-0.02931
O=C(O)c1ccccc1	Age	Elderly	-0.14305
O=C(O)c1ccccc1	Weight	Low	-0.14685
O=C(O)c1ccccc1	Weight	Average	-0.13825
O=C(O)c1ccccc1	Weight	High	-0.17118
O=c1[nH]c2cc(Cl)ccc2o1	Sex	Male	-0.10128
O=c1[nH]c2cc(Cl)ccc2o1	Sex	Female	0.0
O=c1[nH]c2cc(Cl)ccc2o1	Age	Children	-0.00285
O=c1[nH]c2cc(Cl)ccc2o1	Age	Adolescent	0.0
O=c1[nH]c2cc(Cl)ccc2o1	Age	Adult	-0.02686
O=c1[nH]c2cc(Cl)ccc2o1	Age	Elderly	-0.14631
O=c1[nH]c2cc(Cl)ccc2o1	Weight	Low	-0.15764
O=c1[nH]c2cc(Cl)ccc2o1	Weight	Average	-0.09013
O=c1[nH]c2cc(Cl)ccc2o1	Weight	High	-0.16065
CC(=O)OC1CC2CCC3C(CCC4(C)C3CC([N+]3(C)CCCCC3)C4OC(C)=O)C2(C)CC1[N+]1(C)CCCCC1	Sex	Male	-0.02662
CC(=O)OC1CC2CCC3C(CCC4(C)C3CC([N+]3(C)CCCCC3)C4OC(C)=O)C2(C)CC1[N+]1(C)CCCCC1	Sex	Female	0.0
CC(=O)OC1CC2CCC3C(CCC4(C)C3CC([N+]3(C)CCCCC3)C4OC(C)=O)C2(C)CC1[N+]1(C)CCCCC1	Age	Children	-0.00213
CC(=O)OC1CC2CCC3C(CCC4(C)C3CC([N+]3(C)CCCCC3)C4OC(C)=O)C2(C)CC1[N+]1(C)CCCCC1	Age	Adolescent	0.0
CC(=O)OC1CC2CCC3C(CCC4(C)C3CC([N+]3(C)CCCCC3)C4OC(C)=O)C2(C)CC1[N+]1(C)CCCCC1	Age	Adult	-0.00241
CC(=O)OC1CC2CCC3C(CCC4(C)C3CC([N+]3(C)CCCCC3)C4OC(C)=O)C2(C)CC1[N+]1(C)CCCCC1	Age	Elderly	-0.08738
CC(=O)OC1CC2CCC3C(CCC4(C)C3CC([N+]3(C)CCCCC3)C4OC(C)=O)C2(C)CC1[N+]1(C)CCCCC1	Weight	Low	-0.12456
CC(=O)OC1CC2CCC3C(CCC4(C)C3CC([N+]3(C)CCCCC3)C4OC(C)=O)C2(C)CC1[N+]1(C)CCCCC1	Weight	Average	-0.098
CC(=O)OC1CC2CCC3C(CCC4(C)C3CC([N+]3(C)CCCCC3)C4OC(C)=O)C2(C)CC1[N+]1(C)CCCCC1	Weight	High	-0.1467
NS(=O)(=O)c1cc2c(cc1C(F)(F)F)NC(Cc1ccccc1)NS2(=O)=O	Sex	Male	-0.05943
NS(=O)(=O)c1cc2c(cc1C(F)(F)F)NC(Cc1ccccc1)NS2(=O)=O	Sex	Female	0.0
NS(=O)(=O)c1cc2c(cc1C(F)(F)F)NC(Cc1ccccc1)NS2(=O)=O	Age	Children	-0.00207
NS(=O)(=O)c1cc2c(cc1C(F)(F)F)NC(Cc1ccccc1)NS2(=O)=O	Age	Adolescent	0.0
NS(=O)(=O)c1cc2c(cc1C(F)(F)F)NC(Cc1ccccc1)NS2(=O)=O	Age	Adult	-0.02208
NS(=O)(=O)c1cc2c(cc1C(F)(F)F)NC(Cc1ccccc1)NS2(=O)=O	Age	Elderly	-0.1341
NS(=O)(=O)c1cc2c(cc1C(F)(F)F)NC(Cc1ccccc1)NS2(=O)=O	Weight	Low	-0.09586
NS(=O)(=O)c1cc2c(cc1C(F)(F)F)NC(Cc1ccccc1)NS2(=O)=O	Weight	Average	-0.0772
NS(=O)(=O)c1cc2c(cc1C(F)(F)F)NC(Cc1ccccc1)NS2(=O)=O	Weight	High	-0.14463
CC(=O)C1CCC2C3CCC4CC(O)CCC4(C)C3CCC12C	Sex	Male	-0.00744
CC(=O)C1CCC2C3CCC4CC(O)CCC4(C)C3CCC12C	Sex	Female	0.0
CC(=O)C1CCC2C3CCC4CC(O)CCC4(C)C3CCC12C	Age	Children	-0.00246
CC(=O)C1CCC2C3CCC4CC(O)CCC4(C)C3CCC12C	Age	Adolescent	0.0
CC(=O)C1CCC2C3CCC4CC(O)CCC4(C)C3CCC12C	Age	Adult	-0.0201
CC(=O)C1CCC2C3CCC4CC(O)CCC4(C)C3CCC12C	Age	Elderly	-0.11496
CC(=O)C1CCC2C3CCC4CC(O)CCC4(C)C3CCC12C	Weight	Low	-0.14532
CC(=O)C1CCC2C3CCC4CC(O)CCC4(C)C3CCC12C	Weight	Average	-0.11162
CC(=O)C1CCC2C3CCC4CC(O)CCC4(C)C3CCC12C	Weight	High	-0.12663
CC(N)C(=O)NC(C)C(=O)NC1C2CN(c3nc4c(cc3F)c(=O)c(C(=O)O)cn4-c3ccc(F)cc3F)CC21	Sex	Male	-0.09005
CC(N)C(=O)NC(C)C(=O)NC1C2CN(c3nc4c(cc3F)c(=O)c(C(=O)O)cn4-c3ccc(F)cc3F)CC21	Sex	Female	0.0
CC(N)C(=O)NC(C)C(=O)NC1C2CN(c3nc4c(cc3F)c(=O)c(C(=O)O)cn4-c3ccc(F)cc3F)CC21	Age	Children	-0.00228
CC(N)C(=O)NC(C)C(=O)NC1C2CN(c3nc4c(cc3F)c(=O)c(C(=O)O)cn4-c3ccc(F)cc3F)CC21	Age	Adolescent	0.0
CC(N)C(=O)NC(C)C(=O)NC1C2CN(c3nc4c(cc3F)c(=O)c(C(=O)O)cn4-c3ccc(F)cc3F)CC21	Age	Adult	-0.0181
CC(N)C(=O)NC(C)C(=O)NC1C2CN(c3nc4c(cc3F)c(=O)c(C(=O)O)cn4-c3ccc(F)cc3F)CC21	Age	Elderly	-0.10964
CC(N)C(=O)NC(C)C(=O)NC1C2CN(c3nc4c(cc3F)c(=O)c(C(=O)O)cn4-c3ccc(F)cc3F)CC21	Weight	Low	-0.10888
CC(N)C(=O)NC(C)C(=O)NC1C2CN(c3nc4c(cc3F)c(=O)c(C(=O)O)cn4-c3ccc(F)cc3F)CC21	Weight	Average	-0.07388
CC(N)C(=O)NC(C)C(=O)NC1C2CN(c3nc4c(cc3F)c(=O)c(C(=O)O)cn4-c3ccc(F)cc3F)CC21	Weight	High	-0.12322
CC1(C)C(C=C(Cl)Cl)C1C(=O)OCc1cccc(Oc2ccccc2)c1	Sex	Male	-0.08027
CC1(C)C(C=C(Cl)Cl)C1C(=O)OCc1cccc(Oc2ccccc2)c1	Sex	Female	0.0
CC1(C)C(C=C(Cl)Cl)C1C(=O)OCc1cccc(Oc2ccccc2)c1	Age	Children	-0.00167
CC1(C)C(C=C(Cl)Cl)C1C(=O)OCc1cccc(Oc2ccccc2)c1	Age	Adolescent	0.0
CC1(C)C(C=C(Cl)Cl)C1C(=O)OCc1cccc(Oc2ccccc2)c1	Age	Adult	-0.01794
CC1(C)C(C=C(Cl)Cl)C1C(=O)OCc1cccc(Oc2ccccc2)c1	Age	Elderly	-0.10676
CC1(C)C(C=C(Cl)Cl)C1C(=O)OCc1cccc(Oc2ccccc2)c1	Weight	Low	-0.11322
CC1(C)C(C=C(Cl)Cl)C1C(=O)OCc1cccc(Oc2ccccc2)c1	Weight	Average	-0.08921
CC1(C)C(C=C(Cl)Cl)C1C(=O)OCc1cccc(Oc2ccccc2)c1	Weight	High	-0.12443
CCCCCCOC(C)c1cccc(-c2csc(NC(=O)c3cc(Cl)c(C=C(C)C(=O)O)c(Cl)c3)n2)c1OC	Sex	Male	-0.03133
CCCCCCOC(C)c1cccc(-c2csc(NC(=O)c3cc(Cl)c(C=C(C)C(=O)O)c(Cl)c3)n2)c1OC	Sex	Female	0.0
CCCCCCOC(C)c1cccc(-c2csc(NC(=O)c3cc(Cl)c(C=C(C)C(=O)O)c(Cl)c3)n2)c1OC	Age	Children	-0.00121
CCCCCCOC(C)c1cccc(-c2csc(NC(=O)c3cc(Cl)c(C=C(C)C(=O)O)c(Cl)c3)n2)c1OC	Age	Adolescent	0.0
CCCCCCOC(C)c1cccc(-c2csc(NC(=O)c3cc(Cl)c(C=C(C)C(=O)O)c(Cl)c3)n2)c1OC	Age	Adult	-0.00483
CCCCCCOC(C)c1cccc(-c2csc(NC(=O)c3cc(Cl)c(C=C(C)C(=O)O)c(Cl)c3)n2)c1OC	Age	Elderly	-0.04
CCCCCCOC(C)c1cccc(-c2csc(NC(=O)c3cc(Cl)c(C=C(C)C(=O)O)c(Cl)c3)n2)c1OC	Weight	Low	-0.03028
CCCCCCOC(C)c1cccc(-c2csc(NC(=O)c3cc(Cl)c(C=C(C)C(=O)O)c(Cl)c3)n2)c1OC	Weight	Average	-0.06052
CCCCCCOC(C)c1cccc(-c2csc(NC(=O)c3cc(Cl)c(C=C(C)C(=O)O)c(Cl)c3)n2)c1OC	Weight	High	-0.06427
CCn1c(=O)c2c(nc(C=Cc3ccc(OC)c(OC)c3)n2C)n(CC)c1=O	Sex	Male	-0.09391
CCn1c(=O)c2c(nc(C=Cc3ccc(OC)c(OC)c3)n2C)n(CC)c1=O	Sex	Female	0.0
CCn1c(=O)c2c(nc(C=Cc3ccc(OC)c(OC)c3)n2C)n(CC)c1=O	Age	Children	-0.00282
CCn1c(=O)c2c(nc(C=Cc3ccc(OC)c(OC)c3)n2C)n(CC)c1=O	Age	Adolescent	0.0
CCn1c(=O)c2c(nc(C=Cc3ccc(OC)c(OC)c3)n2C)n(CC)c1=O	Age	Adult	-0.02484
CCn1c(=O)c2c(nc(C=Cc3ccc(OC)c(OC)c3)n2C)n(CC)c1=O	Age	Elderly	-0.12641
CCn1c(=O)c2c(nc(C=Cc3ccc(OC)c(OC)c3)n2C)n(CC)c1=O	Weight	Low	-0.12804
CCn1c(=O)c2c(nc(C=Cc3ccc(OC)c(OC)c3)n2C)n(CC)c1=O	Weight	Average	-0.11852
CCn1c(=O)c2c(nc(C=Cc3ccc(OC)c(OC)c3)n2C)n(CC)c1=O	Weight	High	-0.1441
CCn1cc(C(=O)O)c(=O)c2cc(F)c(N3CCNCC3)cc21	Sex	Male	-0.09845
CCn1cc(C(=O)O)c(=O)c2cc(F)c(N3CCNCC3)cc21	Sex	Female	0.0
CCn1cc(C(=O)O)c(=O)c2cc(F)c(N3CCNCC3)cc21	Age	Children	-0.00231
CCn1cc(C(=O)O)c(=O)c2cc(F)c(N3CCNCC3)cc21	Age	Adolescent	0.0
CCn1cc(C(=O)O)c(=O)c2cc(F)c(N3CCNCC3)cc21	Age	Adult	-0.02468
CCn1cc(C(=O)O)c(=O)c2cc(F)c(N3CCNCC3)cc21	Age	Elderly	-0.11811
CCn1cc(C(=O)O)c(=O)c2cc(F)c(N3CCNCC3)cc21	Weight	Low	-0.1377
CCn1cc(C(=O)O)c(=O)c2cc(F)c(N3CCNCC3)cc21	Weight	Average	-0.10204
CCn1cc(C(=O)O)c(=O)c2cc(F)c(N3CCNCC3)cc21	Weight	High	-0.12924
CCn1cc(C(=O)O)c(=O)c2ccc(C)nc21	Sex	Male	-0.10972
CCn1cc(C(=O)O)c(=O)c2ccc(C)nc21	Sex	Female	0.0
CCn1cc(C(=O)O)c(=O)c2ccc(C)nc21	Age	Children	-0.00287
CCn1cc(C(=O)O)c(=O)c2ccc(C)nc21	Age	Adolescent	0.0
CCn1cc(C(=O)O)c(=O)c2ccc(C)nc21	Age	Adult	-0.02753
CCn1cc(C(=O)O)c(=O)c2ccc(C)nc21	Age	Elderly	-0.13676
CCn1cc(C(=O)O)c(=O)c2ccc(C)nc21	Weight	Low	-0.15898
CCn1cc(C(=O)O)c(=O)c2ccc(C)nc21	Weight	Average	-0.11745
CCn1cc(C(=O)O)c(=O)c2ccc(C)nc21	Weight	High	-0.14817
O=C(O)CNCP(=O)(O)O	Sex	Male	-0.08755
O=C(O)CNCP(=O)(O)O	Sex	Female	0.0
O=C(O)CNCP(=O)(O)O	Age	Children	-0.0028
O=C(O)CNCP(=O)(O)O	Age	Adolescent	0.0
O=C(O)CNCP(=O)(O)O	Age	Adult	-0.02681
O=C(O)CNCP(=O)(O)O	Age	Elderly	-0.12732
O=C(O)CNCP(=O)(O)O	Weight	Low	-0.15315
O=C(O)CNCP(=O)(O)O	Weight	Average	-0.13508
O=C(O)CNCP(=O)(O)O	Weight	High	-0.16053
CC(=O)Nc1ccc(O)cc1	Sex	Male	-0.08289
CC(=O)Nc1ccc(O)cc1	Sex	Female	-0.00795
CC(=O)Nc1ccc(O)cc1	Age	Children	-0.06602
CC(=O)Nc1ccc(O)cc1	Age	Adolescent	-0.02169
CC(=O)Nc1ccc(O)cc1	Age	Adult	-0.06739
CC(=O)Nc1ccc(O)cc1	Age	Elderly	-0.16381
CC(=O)Nc1ccc(O)cc1	Weight	Low	-0.17526
CC(=O)Nc1ccc(O)cc1	Weight	Average	-0.20762
CC(=O)Nc1ccc(O)cc1	Weight	High	-0.21216
CC(C)(C)NCC(O)c1ccc(O)c(CO)c1	Sex	Male	-0.09535
CC(C)(C)NCC(O)c1ccc(O)c(CO)c1	Sex	Female	-0.00511
CC(C)(C)NCC(O)c1ccc(O)c(CO)c1	Age	Children	-0.05733
CC(C)(C)NCC(O)c1ccc(O)c(CO)c1	Age	Adolescent	-0.01396
CC(C)(C)NCC(O)c1ccc(O)c(CO)c1	Age	Adult	-0.04838
CC(C)(C)NCC(O)c1ccc(O)c(CO)c1	Age	Elderly	-0.2279
CC(C)(C)NCC(O)c1ccc(O)c(CO)c1	Weight	Low	-0.14966
CC(C)(C)NCC(O)c1ccc(O)c(CO)c1	Weight	Average	-0.14745
CC(C)(C)NCC(O)c1ccc(O)c(CO)c1	Weight	High	-0.21549
CC(C)NCC(O)COc1cccc2ccccc12	Sex	Male	-0.05456
CC(C)NCC(O)COc1cccc2ccccc12	Sex	Female	-0.00288
CC(C)NCC(O)COc1cccc2ccccc12	Age	Children	-0.02733
CC(C)NCC(O)COc1cccc2ccccc12	Age	Adolescent	-0.00971
CC(C)NCC(O)COc1cccc2ccccc12	Age	Adult	-0.02377
CC(C)NCC(O)COc1cccc2ccccc12	Age	Elderly	-0.06853
CC(C)NCC(O)COc1cccc2ccccc12	Weight	Low	-0.05641
CC(C)NCC(O)COc1cccc2ccccc12	Weight	Average	-0.0779
CC(C)NCC(O)COc1cccc2ccccc12	Weight	High	-0.10057
CCC(C(N)=O)N1CCCC1=O	Sex	Male	-0.13136
CCC(C(N)=O)N1CCCC1=O	Sex	Female	-0.01197
CCC(C(N)=O)N1CCCC1=O	Age	Children	-0.09955
CCC(C(N)=O)N1CCCC1=O	Age	Adolescent	-0.03567
CCC(C(N)=O)N1CCCC1=O	Age	Adult	-0.07349
CCC(C(N)=O)N1CCCC1=O	Age	Elderly	-0.26603
CCC(C(N)=O)N1CCCC1=O	Weight	Low	-0.23571
CCC(C(N)=O)N1CCCC1=O	Weight	Average	-0.25291
CCC(C(N)=O)N1CCCC1=O	Weight	High	-0.31502
CCCCCCC(=O)OCC(COC(=O)CCCCCC)OC(=O)CCCCCC	Sex	Male	-0.08188
CCCCCCC(=O)OCC(COC(=O)CCCCCC)OC(=O)CCCCCC	Sex	Female	-0.00688
CCCCCCC(=O)OCC(COC(=O)CCCCCC)OC(=O)CCCCCC	Age	Children	-0.09834
CCCCCCC(=O)OCC(COC(=O)CCCCCC)OC(=O)CCCCCC	Age	Adolescent	-0.02905
CCCCCCC(=O)OCC(COC(=O)CCCCCC)OC(=O)CCCCCC	Age	Adult	-0.04397
CCCCCCC(=O)OCC(COC(=O)CCCCCC)OC(=O)CCCCCC	Age	Elderly	-0.12461
CCCCCCC(=O)OCC(COC(=O)CCCCCC)OC(=O)CCCCCC	Weight	Low	-0.16057
CCCCCCC(=O)OCC(COC(=O)CCCCCC)OC(=O)CCCCCC	Weight	Average	-0.12406
CCCCCCC(=O)OCC(COC(=O)CCCCCC)OC(=O)CCCCCC	Weight	High	-0.15507
CN1C(=O)CN=C(c2ccccc2)c2cc(Cl)ccc21	Sex	Male	-0.11058
CN1C(=O)CN=C(c2ccccc2)c2cc(Cl)ccc21	Sex	Female	-0.01459
CN1C(=O)CN=C(c2ccccc2)c2cc(Cl)ccc21	Age	Children	-0.04777
CN1C(=O)CN=C(c2ccccc2)c2cc(Cl)ccc21	Age	Adolescent	-0.0109
CN1C(=O)CN=C(c2ccccc2)c2cc(Cl)ccc21	Age	Adult	-0.04629
CN1C(=O)CN=C(c2ccccc2)c2cc(Cl)ccc21	Age	Elderly	-0.27509
CN1C(=O)CN=C(c2ccccc2)c2cc(Cl)ccc21	Weight	Low	-0.12371
CN1C(=O)CN=C(c2ccccc2)c2cc(Cl)ccc21	Weight	Average	-0.20791
CN1C(=O)CN=C(c2ccccc2)c2cc(Cl)ccc21	Weight	High	-0.25539
CN=C(C[N+](=O)[O-])NCCSCc1ccc(CN(C)C)o1	Sex	Male	-0.10373
CN=C(C[N+](=O)[O-])NCCSCc1ccc(CN(C)C)o1	Sex	Female	-0.01006
CN=C(C[N+](=O)[O-])NCCSCc1ccc(CN(C)C)o1	Age	Children	-0.05548
CN=C(C[N+](=O)[O-])NCCSCc1ccc(CN(C)C)o1	Age	Adolescent	-0.02603
CN=C(C[N+](=O)[O-])NCCSCc1ccc(CN(C)C)o1	Age	Adult	-0.06063
CN=C(C[N+](=O)[O-])NCCSCc1ccc(CN(C)C)o1	Age	Elderly	-0.1897
CN=C(C[N+](=O)[O-])NCCSCc1ccc(CN(C)C)o1	Weight	Low	-0.27222
CN=C(C[N+](=O)[O-])NCCSCc1ccc(CN(C)C)o1	Weight	Average	-0.22245
CN=C(C[N+](=O)[O-])NCCSCc1ccc(CN(C)C)o1	Weight	High	-0.25667
CNCC(O)c1ccc(O)c(O)c1	Sex	Male	-0.11084
CNCC(O)c1ccc(O)c(O)c1	Sex	Female	-0.00901
CNCC(O)c1ccc(O)c(O)c1	Age	Children	-0.0593
CNCC(O)c1ccc(O)c(O)c1	Age	Adolescent	-0.0163
CNCC(O)c1ccc(O)c(O)c1	Age	Adult	-0.06069
CNCC(O)c1ccc(O)c(O)c1	Age	Elderly	-0.24436
CNCC(O)c1ccc(O)c(O)c1	Weight	Low	-0.18709
CNCC(O)c1ccc(O)c(O)c1	Weight	Average	-0.19186
CNCC(O)c1ccc(O)c(O)c1	Weight	High	-0.24834
COCCc1ccc(OCC(O)CNC(C)C)cc1	Sex	Male	-0.07512
COCCc1ccc(OCC(O)CNC(C)C)cc1	Sex	Female	-0.00543
COCCc1ccc(OCC(O)CNC(C)C)cc1	Age	Children	-0.05764
COCCc1ccc(OCC(O)CNC(C)C)cc1	Age	Adolescent	-0.01585
COCCc1ccc(OCC(O)CNC(C)C)cc1	Age	Adult	-0.05001
COCCc1ccc(OCC(O)CNC(C)C)cc1	Age	Elderly	-0.17104
COCCc1ccc(OCC(O)CNC(C)C)cc1	Weight	Low	-0.13373
COCCc1ccc(OCC(O)CNC(C)C)cc1	Weight	Average	-0.11001
COCCc1ccc(OCC(O)CNC(C)C)cc1	Weight	High	-0.16047
COc1cc(C2c3cc4c(cc3C(OC3OC5COC(C)OC5C(O)C3O)C3COC(=O)C23)OCO4)cc(OC)c1O	Sex	Male	-0.11381
COc1cc(C2c3cc4c(cc3C(OC3OC5COC(C)OC5C(O)C3O)C3COC(=O)C23)OCO4)cc(OC)c1O	Sex	Female	-0.01275
COc1cc(C2c3cc4c(cc3C(OC3OC5COC(C)OC5C(O)C3O)C3COC(=O)C23)OCO4)cc(OC)c1O	Age	Children	-0.05206
COc1cc(C2c3cc4c(cc3C(OC3OC5COC(C)OC5C(O)C3O)C3COC(=O)C23)OCO4)cc(OC)c1O	Age	Adolescent	-0.04958
COc1cc(C2c3cc4c(cc3C(OC3OC5COC(C)OC5C(O)C3O)C3COC(=O)C23)OCO4)cc(OC)c1O	Age	Adult	-0.05611
COc1cc(C2c3cc4c(cc3C(OC3OC5COC(C)OC5C(O)C3O)C3COC(=O)C23)OCO4)cc(OC)c1O	Age	Elderly	-0.1454
COc1cc(C2c3cc4c(cc3C(OC3OC5COC(C)OC5C(O)C3O)C3COC(=O)C23)OCO4)cc(OC)c1O	Weight	Low	-0.11843
COc1cc(C2c3cc4c(cc3C(OC3OC5COC(C)OC5C(O)C3O)C3COC(=O)C23)OCO4)cc(OC)c1O	Weight	Average	-0.10045
COc1cc(C2c3cc4c(cc3C(OC3OC5COC(C)OC5C(O)C3O)C3COC(=O)C23)OCO4)cc(OC)c1O	Weight	High	-0.22597
COc1ccc(C(CN(C)C)C2(O)CCCCC2)cc1	Sex	Male	-0.11839
COc1ccc(C(CN(C)C)C2(O)CCCCC2)cc1	Sex	Female	-0.00956
COc1ccc(C(CN(C)C)C2(O)CCCCC2)cc1	Age	Children	-0.06246
COc1ccc(C(CN(C)C)C2(O)CCCCC2)cc1	Age	Adolescent	-0.01345
COc1ccc(C(CN(C)C)C2(O)CCCCC2)cc1	Age	Adult	-0.03725
COc1ccc(C(CN(C)C)C2(O)CCCCC2)cc1	Age	Elderly	-0.22767
COc1ccc(C(CN(C)C)C2(O)CCCCC2)cc1	Weight	Low	-0.24554
COc1ccc(C(CN(C)C)C2(O)CCCCC2)cc1	Weight	Average	-0.20721
COc1ccc(C(CN(C)C)C2(O)CCCCC2)cc1	Weight	High	-0.19854
COc1cccc(C2(O)CCCCC2CN(C)C)c1	Sex	Male	-0.06417
COc1cccc(C2(O)CCCCC2CN(C)C)c1	Sex	Female	-0.00964
COc1cccc(C2(O)CCCCC2CN(C)C)c1	Age	Children	-0.05433
COc1cccc(C2(O)CCCCC2CN(C)C)c1	Age	Adolescent	-0.01307
COc1cccc(C2(O)CCCCC2CN(C)C)c1	Age	Adult	-0.06054
COc1cccc(C2(O)CCCCC2CN(C)C)c1	Age	Elderly	-0.24594
COc1cccc(C2(O)CCCCC2CN(C)C)c1	Weight	Low	-0.20294
COc1cccc(C2(O)CCCCC2CN(C)C)c1	Weight	Average	-0.19418
COc1cccc(C2(O)CCCCC2CN(C)C)c1	Weight	High	-0.23818
Cc1cc2c(s1)Nc1ccccc1N=C2N1CCN(C)CC1	Sex	Male	-0.08233
Cc1cc2c(s1)Nc1ccccc1N=C2N1CCN(C)CC1	Sex	Female	-0.00379
Cc1cc2c(s1)Nc1ccccc1N=C2N1CCN(C)CC1	Age	Children	-0.03471
Cc1cc2c(s1)Nc1ccccc1N=C2N1CCN(C)CC1	Age	Adolescent	-0.00802
Cc1cc2c(s1)Nc1ccccc1N=C2N1CCN(C)CC1	Age	Adult	-0.05493
Cc1cc2c(s1)Nc1ccccc1N=C2N1CCN(C)CC1	Age	Elderly	-0.14066
Cc1cc2c(s1)Nc1ccccc1N=C2N1CCN(C)CC1	Weight	Low	-0.10366
Cc1cc2c(s1)Nc1ccccc1N=C2N1CCN(C)CC1	Weight	Average	-0.1112
Cc1cc2c(s1)Nc1ccccc1N=C2N1CCN(C)CC1	Weight	High	-0.16123
Cc1nc2n(c(=O)c1CCN1CCC(c3noc4cc(F)ccc34)CC1)CCCC2	Sex	Male	-0.10393
Cc1nc2n(c(=O)c1CCN1CCC(c3noc4cc(F)ccc34)CC1)CCCC2	Sex	Female	-0.00973
Cc1nc2n(c(=O)c1CCN1CCC(c3noc4cc(F)ccc34)CC1)CCCC2	Age	Children	-0.04215
Cc1nc2n(c(=O)c1CCN1CCC(c3noc4cc(F)ccc34)CC1)CCCC2	Age	Adolescent	-0.02744
Cc1nc2n(c(=O)c1CCN1CCC(c3noc4cc(F)ccc34)CC1)CCCC2	Age	Adult	-0.10718
Cc1nc2n(c(=O)c1CCN1CCC(c3noc4cc(F)ccc34)CC1)CCCC2	Age	Elderly	-0.15012
Cc1nc2n(c(=O)c1CCN1CCC(c3noc4cc(F)ccc34)CC1)CCCC2	Weight	Low	-0.18116
Cc1nc2n(c(=O)c1CCN1CCC(c3noc4cc(F)ccc34)CC1)CCCC2	Weight	Average	-0.09304
Cc1nc2n(c(=O)c1CCN1CCC(c3noc4cc(F)ccc34)CC1)CCCC2	Weight	High	-0.18974
Cc1nccn1CC1CCc2c(c3ccccc3n2C)C1=O	Sex	Male	-0.04861
Cc1nccn1CC1CCc2c(c3ccccc3n2C)C1=O	Sex	Female	-0.00663
Cc1nccn1CC1CCc2c(c3ccccc3n2C)C1=O	Age	Children	-0.05315
Cc1nccn1CC1CCc2c(c3ccccc3n2C)C1=O	Age	Adolescent	-0.01814
Cc1nccn1CC1CCc2c(c3ccccc3n2C)C1=O	Age	Adult	-0.06221
Cc1nccn1CC1CCc2c(c3ccccc3n2C)C1=O	Age	Elderly	-0.1716
Cc1nccn1CC1CCc2c(c3ccccc3n2C)C1=O	Weight	Low	-0.16205
Cc1nccn1CC1CCc2c(c3ccccc3n2C)C1=O	Weight	Average	-0.11737
Cc1nccn1CC1CCc2c(c3ccccc3n2C)C1=O	Weight	High	-0.21798
NC(=O)N1c2ccccc2C=Cc2ccccc21	Sex	Male	-0.06287
NC(=O)N1c2ccccc2C=Cc2ccccc21	Sex	Female	-0.00942
NC(=O)N1c2ccccc2C=Cc2ccccc21	Age	Children	-0.04431
NC(=O)N1c2ccccc2C=Cc2ccccc21	Age	Adolescent	-0.00316
NC(=O)N1c2ccccc2C=Cc2ccccc21	Age	Adult	-0.04554
NC(=O)N1c2ccccc2C=Cc2ccccc21	Age	Elderly	-0.16859
NC(=O)N1c2ccccc2C=Cc2ccccc21	Weight	Low	-0.1576
NC(=O)N1c2ccccc2C=Cc2ccccc21	Weight	Average	-0.1705
NC(=O)N1c2ccccc2C=Cc2ccccc21	Weight	High	-0.23496
Nc1nnc(-c2cccc(Cl)c2Cl)c(N)n1	Sex	Male	-0.08639
Nc1nnc(-c2cccc(Cl)c2Cl)c(N)n1	Sex	Female	-0.01039
Nc1nnc(-c2cccc(Cl)c2Cl)c(N)n1	Age	Children	-0.04997
Nc1nnc(-c2cccc(Cl)c2Cl)c(N)n1	Age	Adolescent	-0.01461
Nc1nnc(-c2cccc(Cl)c2Cl)c(N)n1	Age	Adult	-0.05446
Nc1nnc(-c2cccc(Cl)c2Cl)c(N)n1	Age	Elderly	-0.26969
Nc1nnc(-c2cccc(Cl)c2Cl)c(N)n1	Weight	Low	-0.2286
Nc1nnc(-c2cccc(Cl)c2Cl)c(N)n1	Weight	Average	-0.22449
Nc1nnc(-c2cccc(Cl)c2Cl)c(N)n1	Weight	High	-0.26122
O=C(NC(CO)C(O)c1ccc([N+](=O)[O-])cc1)C(Cl)Cl	Sex	Male	-0.06858
O=C(NC(CO)C(O)c1ccc([N+](=O)[O-])cc1)C(Cl)Cl	Sex	Female	-0.00746
O=C(NC(CO)C(O)c1ccc([N+](=O)[O-])cc1)C(Cl)Cl	Age	Children	-0.08078
O=C(NC(CO)C(O)c1ccc([N+](=O)[O-])cc1)C(Cl)Cl	Age	Adolescent	-0.01882
O=C(NC(CO)C(O)c1ccc([N+](=O)[O-])cc1)C(Cl)Cl	Age	Adult	-0.06747
O=C(NC(CO)C(O)c1ccc([N+](=O)[O-])cc1)C(Cl)Cl	Age	Elderly	-0.18658
O=C(NC(CO)C(O)c1ccc([N+](=O)[O-])cc1)C(Cl)Cl	Weight	Low	-0.20003
O=C(NC(CO)C(O)c1ccc([N+](=O)[O-])cc1)C(Cl)Cl	Weight	Average	-0.2213
O=C(NC(CO)C(O)c1ccc([N+](=O)[O-])cc1)C(Cl)Cl	Weight	High	-0.26686
O=C(O)COCCN1CCN(C(c2ccccc2)c2ccc(Cl)cc2)CC1	Sex	Male	-0.07903
O=C(O)COCCN1CCN(C(c2ccccc2)c2ccc(Cl)cc2)CC1	Sex	Female	-0.00877
O=C(O)COCCN1CCN(C(c2ccccc2)c2ccc(Cl)cc2)CC1	Age	Children	-0.06391
O=C(O)COCCN1CCN(C(c2ccccc2)c2ccc(Cl)cc2)CC1	Age	Adolescent	-0.00134
O=C(O)COCCN1CCN(C(c2ccccc2)c2ccc(Cl)cc2)CC1	Age	Adult	-0.03815
O=C(O)COCCN1CCN(C(c2ccccc2)c2ccc(Cl)cc2)CC1	Age	Elderly	-0.21429
O=C(O)COCCN1CCN(C(c2ccccc2)c2ccc(Cl)cc2)CC1	Weight	Low	-0.18265
O=C(O)COCCN1CCN(C(c2ccccc2)c2ccc(Cl)cc2)CC1	Weight	Average	-0.21185
O=C(O)COCCN1CCN(C(c2ccccc2)c2ccc(Cl)cc2)CC1	Weight	High	-0.27304
O=C1CCc2ccc(OCCCCN3CCN(c4cccc(Cl)c4Cl)CC3)cc2N1	Sex	Male	-0.0919
O=C1CCc2ccc(OCCCCN3CCN(c4cccc(Cl)c4Cl)CC3)cc2N1	Sex	Female	-0.0164
O=C1CCc2ccc(OCCCCN3CCN(c4cccc(Cl)c4Cl)CC3)cc2N1	Age	Children	-0.06574
O=C1CCc2ccc(OCCCCN3CCN(c4cccc(Cl)c4Cl)CC3)cc2N1	Age	Adolescent	-0.03292
O=C1CCc2ccc(OCCCCN3CCN(c4cccc(Cl)c4Cl)CC3)cc2N1	Age	Adult	-0.08121
O=C1CCc2ccc(OCCCCN3CCN(c4cccc(Cl)c4Cl)CC3)cc2N1	Age	Elderly	-0.17348
O=C1CCc2ccc(OCCCCN3CCN(c4cccc(Cl)c4Cl)CC3)cc2N1	Weight	Low	-0.17754
O=C1CCc2ccc(OCCCCN3CCN(c4cccc(Cl)c4Cl)CC3)cc2N1	Weight	Average	-0.16455
O=C1CCc2ccc(OCCCCN3CCN(c4cccc(Cl)c4Cl)CC3)cc2N1	Weight	High	-0.21252
O=C1NC(=O)C(c2ccccc2)(c2ccccc2)N1	Sex	Male	-0.07806
O=C1NC(=O)C(c2ccccc2)(c2ccccc2)N1	Sex	Female	-0.01691
O=C1NC(=O)C(c2ccccc2)(c2ccccc2)N1	Age	Children	-0.06391
O=C1NC(=O)C(c2ccccc2)(c2ccccc2)N1	Age	Adolescent	-0.02299
O=C1NC(=O)C(c2ccccc2)(c2ccccc2)N1	Age	Adult	-0.06853
O=C1NC(=O)C(c2ccccc2)(c2ccccc2)N1	Age	Elderly	-0.26704
O=C1NC(=O)C(c2ccccc2)(c2ccccc2)N1	Weight	Low	-0.20867
O=C1NC(=O)C(c2ccccc2)(c2ccccc2)N1	Weight	Average	-0.26325
O=C1NC(=O)C(c2ccccc2)(c2ccccc2)N1	Weight	High	-0.34355
O=C1NC(c2ccccc2)(c2ccccc2)C(=O)N1COP(=O)(O)O	Sex	Male	-0.08398
O=C1NC(c2ccccc2)(c2ccccc2)C(=O)N1COP(=O)(O)O	Sex	Female	-0.0202
O=C1NC(c2ccccc2)(c2ccccc2)C(=O)N1COP(=O)(O)O	Age	Children	-0.0676
O=C1NC(c2ccccc2)(c2ccccc2)C(=O)N1COP(=O)(O)O	Age	Adolescent	-0.01981
O=C1NC(c2ccccc2)(c2ccccc2)C(=O)N1COP(=O)(O)O	Age	Adult	-0.07685
O=C1NC(c2ccccc2)(c2ccccc2)C(=O)N1COP(=O)(O)O	Age	Elderly	-0.24907
O=C1NC(c2ccccc2)(c2ccccc2)C(=O)N1COP(=O)(O)O	Weight	Low	-0.21643
O=C1NC(c2ccccc2)(c2ccccc2)C(=O)N1COP(=O)(O)O	Weight	Average	-0.20633
O=C1NC(c2ccccc2)(c2ccccc2)C(=O)N1COP(=O)(O)O	Weight	High	-0.28293
OCCOCCN1CCN(C(c2ccccc2)c2ccc(Cl)cc2)CC1	Sex	Male	-0.06768
OCCOCCN1CCN(C(c2ccccc2)c2ccc(Cl)cc2)CC1	Sex	Female	-0.01082
OCCOCCN1CCN(C(c2ccccc2)c2ccc(Cl)cc2)CC1	Age	Children	-0.05217
OCCOCCN1CCN(C(c2ccccc2)c2ccc(Cl)cc2)CC1	Age	Adolescent	-0.00221
OCCOCCN1CCN(C(c2ccccc2)c2ccc(Cl)cc2)CC1	Age	Adult	-0.03853
OCCOCCN1CCN(C(c2ccccc2)c2ccc(Cl)cc2)CC1	Age	Elderly	-0.20847
OCCOCCN1CCN(C(c2ccccc2)c2ccc(Cl)cc2)CC1	Weight	Low	-0.18192
OCCOCCN1CCN(C(c2ccccc2)c2ccc(Cl)cc2)CC1	Weight	Average	-0.17876
OCCOCCN1CCN(C(c2ccccc2)c2ccc(Cl)cc2)CC1	Weight	High	-0.24146
OCCOCCN1CCN(C2=Nc3ccccc3Sc3ccccc32)CC1	Sex	Male	-0.06624
OCCOCCN1CCN(C2=Nc3ccccc3Sc3ccccc32)CC1	Sex	Female	-0.00136
OCCOCCN1CCN(C2=Nc3ccccc3Sc3ccccc32)CC1	Age	Children	-0.02658
OCCOCCN1CCN(C2=Nc3ccccc3Sc3ccccc32)CC1	Age	Adolescent	-0.00734
OCCOCCN1CCN(C2=Nc3ccccc3Sc3ccccc32)CC1	Age	Adult	-0.02837
OCCOCCN1CCN(C2=Nc3ccccc3Sc3ccccc32)CC1	Age	Elderly	-0.12051
OCCOCCN1CCN(C2=Nc3ccccc3Sc3ccccc32)CC1	Weight	Low	-0.1163
OCCOCCN1CCN(C2=Nc3ccccc3Sc3ccccc32)CC1	Weight	Average	-0.08845
OCCOCCN1CCN(C2=Nc3ccccc3Sc3ccccc32)CC1	Weight	High	-0.10497
CN1C(=O)CC(=O)N(c2ccccc2)c2cc(Cl)ccc21	Sex	Male	-0.09103
CN1C(=O)CC(=O)N(c2ccccc2)c2cc(Cl)ccc21	Sex	Female	-0.01174
CN1C(=O)CC(=O)N(c2ccccc2)c2cc(Cl)ccc21	Age	Children	-0.06253
CN1C(=O)CC(=O)N(c2ccccc2)c2cc(Cl)ccc21	Age	Adolescent	-0.01016
CN1C(=O)CC(=O)N(c2ccccc2)c2cc(Cl)ccc21	Age	Adult	-0.07855
CN1C(=O)CC(=O)N(c2ccccc2)c2cc(Cl)ccc21	Age	Elderly	-0.23297
CN1C(=O)CC(=O)N(c2ccccc2)c2cc(Cl)ccc21	Weight	Low	-0.11892
CN1C(=O)CC(=O)N(c2ccccc2)c2cc(Cl)ccc21	Weight	Average	-0.21484
CN1C(=O)CC(=O)N(c2ccccc2)c2cc(Cl)ccc21	Weight	High	-0.23825
CN1CC(=O)N2C(Cc3c([nH]c4ccccc34)C2c2ccc3c(c2)OCO3)C1=O	Sex	Male	-0.14465
CN1CC(=O)N2C(Cc3c([nH]c4ccccc34)C2c2ccc3c(c2)OCO3)C1=O	Sex	Female	-0.01076
CN1CC(=O)N2C(Cc3c([nH]c4ccccc34)C2c2ccc3c(c2)OCO3)C1=O	Age	Children	-0.05341
CN1CC(=O)N2C(Cc3c([nH]c4ccccc34)C2c2ccc3c(c2)OCO3)C1=O	Age	Adolescent	-0.01742
CN1CC(=O)N2C(Cc3c([nH]c4ccccc34)C2c2ccc3c(c2)OCO3)C1=O	Age	Adult	-0.05281
CN1CC(=O)N2C(Cc3c([nH]c4ccccc34)C2c2ccc3c(c2)OCO3)C1=O	Age	Elderly	-0.20236
CN1CC(=O)N2C(Cc3c([nH]c4ccccc34)C2c2ccc3c(c2)OCO3)C1=O	Weight	Low	-0.17571
CN1CC(=O)N2C(Cc3c([nH]c4ccccc34)C2c2ccc3c(c2)OCO3)C1=O	Weight	Average	-0.15887
CN1CC(=O)N2C(Cc3c([nH]c4ccccc34)C2c2ccc3c(c2)OCO3)C1=O	Weight	High	-0.2891
CNCC(O)c1cccc(O)c1	Sex	Male	-0.09374
CNCC(O)c1cccc(O)c1	Sex	Female	-0.0069
CNCC(O)c1cccc(O)c1	Age	Children	-0.04949
CNCC(O)c1cccc(O)c1	Age	Adolescent	-0.0185
CNCC(O)c1cccc(O)c1	Age	Adult	-0.04803
CNCC(O)c1cccc(O)c1	Age	Elderly	-0.19932
CNCC(O)c1cccc(O)c1	Weight	Low	-0.13081
CNCC(O)c1cccc(O)c1	Weight	Average	-0.16357
CNCC(O)c1cccc(O)c1	Weight	High	-0.20969
OCc1cc(C(O)CNCCCCCCOCCCCc2ccccc2)ccc1O	Sex	Male	-0.0725
OCc1cc(C(O)CNCCCCCCOCCCCc2ccccc2)ccc1O	Sex	Female	-0.00582
OCc1cc(C(O)CNCCCCCCOCCCCc2ccccc2)ccc1O	Age	Children	-0.04425
OCc1cc(C(O)CNCCCCCCOCCCCc2ccccc2)ccc1O	Age	Adolescent	-0.0106
OCc1cc(C(O)CNCCCCCCOCCCCc2ccccc2)ccc1O	Age	Adult	-0.02339
OCc1cc(C(O)CNCCCCCCOCCCCc2ccccc2)ccc1O	Age	Elderly	-0.14138
OCc1cc(C(O)CNCCCCCCOCCCCc2ccccc2)ccc1O	Weight	Low	-0.10582
OCc1cc(C(O)CNCCCCCCOCCCCc2ccccc2)ccc1O	Weight	Average	-0.08415
OCc1cc(C(O)CNCCCCCCOCCCCc2ccccc2)ccc1O	Weight	High	-0.14388
S=c1[nH]cnc2[nH]cnc12	Sex	Male	-0.07533
S=c1[nH]cnc2[nH]cnc12	Sex	Female	-0.01982
S=c1[nH]cnc2[nH]cnc12	Age	Children	-0.07661
S=c1[nH]cnc2[nH]cnc12	Age	Adolescent	-0.02849
S=c1[nH]cnc2[nH]cnc12	Age	Adult	-0.07897
S=c1[nH]cnc2[nH]cnc12	Age	Elderly	-0.24661
S=c1[nH]cnc2[nH]cnc12	Weight	Low	-0.24899
S=c1[nH]cnc2[nH]cnc12	Weight	Average	-0.26144
S=c1[nH]cnc2[nH]cnc12	Weight	High	-0.29891
CCCCCCCCc1ccc(CCC(N)(CO)CO)cc1	Sex	Male	-0.1155
CCCCCCCCc1ccc(CCC(N)(CO)CO)cc1	Sex	Female	-0.00626
CCCCCCCCc1ccc(CCC(N)(CO)CO)cc1	Age	Children	-0.07474
CCCCCCCCc1ccc(CCC(N)(CO)CO)cc1	Age	Adolescent	-0.02033
CCCCCCCCc1ccc(CCC(N)(CO)CO)cc1	Age	Adult	-0.07142
CCCCCCCCc1ccc(CCC(N)(CO)CO)cc1	Age	Elderly	-0.23074
CCCCCCCCc1ccc(CCC(N)(CO)CO)cc1	Weight	Low	-0.27111
CCCCCCCCc1ccc(CCC(N)(CO)CO)cc1	Weight	Average	-0.19728
CCCCCCCCc1ccc(CCC(N)(CO)CO)cc1	Weight	High	-0.28202
CN(C)C(=O)c1cc2cnc(Nc3ccc(N4CCNCC4)cn3)nc2n1C1CCCC1	Sex	Male	-0.10462
CN(C)C(=O)c1cc2cnc(Nc3ccc(N4CCNCC4)cn3)nc2n1C1CCCC1	Sex	Female	-0.00971
CN(C)C(=O)c1cc2cnc(Nc3ccc(N4CCNCC4)cn3)nc2n1C1CCCC1	Age	Children	-0.06755
CN(C)C(=O)c1cc2cnc(Nc3ccc(N4CCNCC4)cn3)nc2n1C1CCCC1	Age	Adolescent	-0.0363
CN(C)C(=O)c1cc2cnc(Nc3ccc(N4CCNCC4)cn3)nc2n1C1CCCC1	Age	Adult	-0.06696
CN(C)C(=O)c1cc2cnc(Nc3ccc(N4CCNCC4)cn3)nc2n1C1CCCC1	Age	Elderly	-0.2291
CN(C)C(=O)c1cc2cnc(Nc3ccc(N4CCNCC4)cn3)nc2n1C1CCCC1	Weight	Low	-0.23432
CN(C)C(=O)c1cc2cnc(Nc3ccc(N4CCNCC4)cn3)nc2n1C1CCCC1	Weight	Average	-0.18349
CN(C)C(=O)c1cc2cnc(Nc3ccc(N4CCNCC4)cn3)nc2n1C1CCCC1	Weight	High	-0.18611
CC(C)NCC(O)COc1ccc(CC(N)=O)cc1	Sex	Male	-0.10329
CC(C)NCC(O)COc1ccc(CC(N)=O)cc1	Sex	Female	-0.00695
CC(C)NCC(O)COc1ccc(CC(N)=O)cc1	Age	Children	-0.07463
CC(C)NCC(O)COc1ccc(CC(N)=O)cc1	Age	Adolescent	-0.01864
CC(C)NCC(O)COc1ccc(CC(N)=O)cc1	Age	Adult	-0.04688
CC(C)NCC(O)COc1ccc(CC(N)=O)cc1	Age	Elderly	-0.19507
CC(C)NCC(O)COc1ccc(CC(N)=O)cc1	Weight	Low	-0.11457
CC(C)NCC(O)COc1ccc(CC(N)=O)cc1	Weight	Average	-0.14599
CC(C)NCC(O)COc1ccc(CC(N)=O)cc1	Weight	High	-0.18514
CC(C)NCC(O)COc1ccc(COCCOC(C)C)cc1	Sex	Male	-0.07255
CC(C)NCC(O)COc1ccc(COCCOC(C)C)cc1	Sex	Female	-0.00445
CC(C)NCC(O)COc1ccc(COCCOC(C)C)cc1	Age	Children	-0.05536
CC(C)NCC(O)COc1ccc(COCCOC(C)C)cc1	Age	Adolescent	-0.01546
CC(C)NCC(O)COc1ccc(COCCOC(C)C)cc1	Age	Adult	-0.05181
CC(C)NCC(O)COc1ccc(COCCOC(C)C)cc1	Age	Elderly	-0.1598
CC(C)NCC(O)COc1ccc(COCCOC(C)C)cc1	Weight	Low	-0.11717
CC(C)NCC(O)COc1ccc(COCCOC(C)C)cc1	Weight	Average	-0.10673
CC(C)NCC(O)COc1ccc(COCCOC(C)C)cc1	Weight	High	-0.15454
CC(C)NCC(O)c1ccc(NS(C)(=O)=O)cc1	Sex	Male	-0.04368
CC(C)NCC(O)c1ccc(NS(C)(=O)=O)cc1	Sex	Female	-0.00352
CC(C)NCC(O)c1ccc(NS(C)(=O)=O)cc1	Age	Children	-0.02972
CC(C)NCC(O)c1ccc(NS(C)(=O)=O)cc1	Age	Adolescent	-0.01034
CC(C)NCC(O)c1ccc(NS(C)(=O)=O)cc1	Age	Adult	-0.02456
CC(C)NCC(O)c1ccc(NS(C)(=O)=O)cc1	Age	Elderly	-0.10241
CC(C)NCC(O)c1ccc(NS(C)(=O)=O)cc1	Weight	Low	-0.09021
CC(C)NCC(O)c1ccc(NS(C)(=O)=O)cc1	Weight	Average	-0.07428
CC(C)NCC(O)c1ccc(NS(C)(=O)=O)cc1	Weight	High	-0.10061
CC(C)NCC(O)c1ccc(O)c(O)c1	Sex	Male	-0.10191
CC(C)NCC(O)c1ccc(O)c(O)c1	Sex	Female	-0.00712
CC(C)NCC(O)c1ccc(O)c(O)c1	Age	Children	-0.06011
CC(C)NCC(O)c1ccc(O)c(O)c1	Age	Adolescent	-0.01665
CC(C)NCC(O)c1ccc(O)c(O)c1	Age	Adult	-0.05685
CC(C)NCC(O)c1ccc(O)c(O)c1	Age	Elderly	-0.24196
CC(C)NCC(O)c1ccc(O)c(O)c1	Weight	Low	-0.18398
CC(C)NCC(O)c1ccc(O)c(O)c1	Weight	Average	-0.18468
CC(C)NCC(O)c1ccc(O)c(O)c1	Weight	High	-0.21291
CC(C=CC1=C(C)CCCC1(C)C)=CC=CC(C)=CC(=O)O	Sex	Male	-0.07591
CC(C=CC1=C(C)CCCC1(C)C)=CC=CC(C)=CC(=O)O	Sex	Female	-0.00835
CC(C=CC1=C(C)CCCC1(C)C)=CC=CC(C)=CC(=O)O	Age	Children	-0.05937
CC(C=CC1=C(C)CCCC1(C)C)=CC=CC(C)=CC(=O)O	Age	Adolescent	-0.03027
CC(C=CC1=C(C)CCCC1(C)C)=CC=CC(C)=CC(=O)O	Age	Adult	-0.05908
CC(C=CC1=C(C)CCCC1(C)C)=CC=CC(C)=CC(=O)O	Age	Elderly	-0.22507
CC(C=CC1=C(C)CCCC1(C)C)=CC=CC(C)=CC(=O)O	Weight	Low	-0.26594
CC(C=CC1=C(C)CCCC1(C)C)=CC=CC(C)=CC(=O)O	Weight	Average	-0.15821
CC(C=CC1=C(C)CCCC1(C)C)=CC=CC(C)=CC(=O)O	Weight	High	-0.23894
CC(CCc1ccc(O)cc1)NCCc1ccc(O)c(O)c1	Sex	Male	-0.12076
CC(CCc1ccc(O)cc1)NCCc1ccc(O)c(O)c1	Sex	Female	-0.01244
CC(CCc1ccc(O)cc1)NCCc1ccc(O)c(O)c1	Age	Children	-0.09001
CC(CCc1ccc(O)cc1)NCCc1ccc(O)c(O)c1	Age	Adolescent	-0.0282
CC(CCc1ccc(O)cc1)NCCc1ccc(O)c(O)c1	Age	Adult	-0.08727
CC(CCc1ccc(O)cc1)NCCc1ccc(O)c(O)c1	Age	Elderly	-0.23027
CC(CCc1ccc(O)cc1)NCCc1ccc(O)c(O)c1	Weight	Low	-0.29227
CC(CCc1ccc(O)cc1)NCCc1ccc(O)c(O)c1	Weight	Average	-0.21861
CC(CCc1ccc(O)cc1)NCCc1ccc(O)c(O)c1	Weight	High	-0.2845
CC(O)C1C(=O)N2C(C(=O)O)=C(SC3CNC(C(=O)N(C)C)C3)C(C)C12	Sex	Male	-0.09586
CC(O)C1C(=O)N2C(C(=O)O)=C(SC3CNC(C(=O)N(C)C)C3)C(C)C12	Sex	Female	-0.01161
CC(O)C1C(=O)N2C(C(=O)O)=C(SC3CNC(C(=O)N(C)C)C3)C(C)C12	Age	Children	-0.07865
CC(O)C1C(=O)N2C(C(=O)O)=C(SC3CNC(C(=O)N(C)C)C3)C(C)C12	Age	Adolescent	-0.03761
CC(O)C1C(=O)N2C(C(=O)O)=C(SC3CNC(C(=O)N(C)C)C3)C(C)C12	Age	Adult	-0.02906
CC(O)C1C(=O)N2C(C(=O)O)=C(SC3CNC(C(=O)N(C)C)C3)C(C)C12	Age	Elderly	-0.21641
CC(O)C1C(=O)N2C(C(=O)O)=C(SC3CNC(C(=O)N(C)C)C3)C(C)C12	Weight	Low	-0.18478
CC(O)C1C(=O)N2C(C(=O)O)=C(SC3CNC(C(=O)N(C)C)C3)C(C)C12	Weight	Average	-0.23341
CC(O)C1C(=O)N2C(C(=O)O)=C(SC3CNC(C(=O)N(C)C)C3)C(C)C12	Weight	High	-0.26052
CC1CCN(C(=O)CC#N)CC1N(C)c1ncnc2[nH]ccc12	Sex	Male	-0.1199
CC1CCN(C(=O)CC#N)CC1N(C)c1ncnc2[nH]ccc12	Sex	Female	-0.01166
CC1CCN(C(=O)CC#N)CC1N(C)c1ncnc2[nH]ccc12	Age	Children	-0.08078
CC1CCN(C(=O)CC#N)CC1N(C)c1ncnc2[nH]ccc12	Age	Adolescent	-0.02257
CC1CCN(C(=O)CC#N)CC1N(C)c1ncnc2[nH]ccc12	Age	Adult	-0.07643
CC1CCN(C(=O)CC#N)CC1N(C)c1ncnc2[nH]ccc12	Age	Elderly	-0.22767
CC1CCN(C(=O)CC#N)CC1N(C)c1ncnc2[nH]ccc12	Weight	Low	-0.24454
CC1CCN(C(=O)CC#N)CC1N(C)c1ncnc2[nH]ccc12	Weight	Average	-0.21823
CC1CCN(C(=O)CC#N)CC1N(C)c1ncnc2[nH]ccc12	Weight	High	-0.23991
CC1c2cccc(O)c2C(=O)C2C(=O)C3(O)C(=O)C(C(N)=O)C(=O)C(N(C)C)C3C(O)C21	Sex	Male	-0.08352
CC1c2cccc(O)c2C(=O)C2C(=O)C3(O)C(=O)C(C(N)=O)C(=O)C(N(C)C)C3C(O)C21	Sex	Female	-0.006
CC1c2cccc(O)c2C(=O)C2C(=O)C3(O)C(=O)C(C(N)=O)C(=O)C(N(C)C)C3C(O)C21	Age	Children	-0.02924
CC1c2cccc(O)c2C(=O)C2C(=O)C3(O)C(=O)C(C(N)=O)C(=O)C(N(C)C)C3C(O)C21	Age	Adolescent	-0.01665
CC1c2cccc(O)c2C(=O)C2C(=O)C3(O)C(=O)C(C(N)=O)C(=O)C(N(C)C)C3C(O)C21	Age	Adult	-0.02737
CC1c2cccc(O)c2C(=O)C2C(=O)C3(O)C(=O)C(C(N)=O)C(=O)C(N(C)C)C3C(O)C21	Age	Elderly	-0.10185
CC1c2cccc(O)c2C(=O)C2C(=O)C3(O)C(=O)C(C(N)=O)C(=O)C(N(C)C)C3C(O)C21	Weight	Low	-0.14084
CC1c2cccc(O)c2C(=O)C2C(=O)C3(O)C(=O)C(C(N)=O)C(=O)C(N(C)C)C3C(O)C21	Weight	Average	-0.09271
CC1c2cccc(O)c2C(=O)C2C(=O)C3(O)C(=O)C(C(N)=O)C(=O)C(N(C)C)C3C(O)C21	Weight	High	-0.19391
CCC(=O)N(c1ccccc1)C1(C(=O)OC)CCN(CCC(=O)OC)CC1	Sex	Male	-0.06384
CCC(=O)N(c1ccccc1)C1(C(=O)OC)CCN(CCC(=O)OC)CC1	Sex	Female	-0.01045
CCC(=O)N(c1ccccc1)C1(C(=O)OC)CCN(CCC(=O)OC)CC1	Age	Children	-0.05059
CCC(=O)N(c1ccccc1)C1(C(=O)OC)CCN(CCC(=O)OC)CC1	Age	Adolescent	-0.02257
CCC(=O)N(c1ccccc1)C1(C(=O)OC)CCN(CCC(=O)OC)CC1	Age	Adult	-0.04451
CCC(=O)N(c1ccccc1)C1(C(=O)OC)CCN(CCC(=O)OC)CC1	Age	Elderly	-0.17175
CCC(=O)N(c1ccccc1)C1(C(=O)OC)CCN(CCC(=O)OC)CC1	Weight	Low	-0.15692
CCC(=O)N(c1ccccc1)C1(C(=O)OC)CCN(CCC(=O)OC)CC1	Weight	Average	-0.21532
CCC(=O)N(c1ccccc1)C1(C(=O)OC)CCN(CCC(=O)OC)CC1	Weight	High	-0.23261
CCC1(c2ccccc2)C(=O)NC(=O)NC1=O	Sex	Male	-0.10774
CCC1(c2ccccc2)C(=O)NC(=O)NC1=O	Sex	Female	-0.01842
CCC1(c2ccccc2)C(=O)NC(=O)NC1=O	Age	Children	-0.08464
CCC1(c2ccccc2)C(=O)NC(=O)NC1=O	Age	Adolescent	-0.0198
CCC1(c2ccccc2)C(=O)NC(=O)NC1=O	Age	Adult	-0.06914
CCC1(c2ccccc2)C(=O)NC(=O)NC1=O	Age	Elderly	-0.26793
CCC1(c2ccccc2)C(=O)NC(=O)NC1=O	Weight	Low	-0.24234
CCC1(c2ccccc2)C(=O)NC(=O)NC1=O	Weight	Average	-0.22704
CCC1(c2ccccc2)C(=O)NC(=O)NC1=O	Weight	High	-0.33072
CN(C)C(N)=NC(=N)N	Sex	Male	-0.10607
CN(C)C(N)=NC(=N)N	Sex	Female	-0.01135
CN(C)C(N)=NC(=N)N	Age	Children	-0.07294
CN(C)C(N)=NC(=N)N	Age	Adolescent	-0.02319
CN(C)C(N)=NC(=N)N	Age	Adult	-0.06081
CN(C)C(N)=NC(=N)N	Age	Elderly	-0.26857
CN(C)C(N)=NC(=N)N	Weight	Low	-0.24614
CN(C)C(N)=NC(=N)N	Weight	Average	-0.2443
CN(C)C(N)=NC(=N)N	Weight	High	-0.27456
CN(C)CCCN1c2ccccc2CCc2ccccc21	Sex	Male	-0.04519
CN(C)CCCN1c2ccccc2CCc2ccccc21	Sex	Female	-0.00139
CN(C)CCCN1c2ccccc2CCc2ccccc21	Age	Children	-0.0154
CN(C)CCCN1c2ccccc2CCc2ccccc21	Age	Adolescent	-0.00216
CN(C)CCCN1c2ccccc2CCc2ccccc21	Age	Adult	-0.01876
CN(C)CCCN1c2ccccc2CCc2ccccc21	Age	Elderly	-0.09548
CN(C)CCCN1c2ccccc2CCc2ccccc21	Weight	Low	-0.09821
CN(C)CCCN1c2ccccc2CCc2ccccc21	Weight	Average	-0.10201
CN(C)CCCN1c2ccccc2CCc2ccccc21	Weight	High	-0.09019
CN1CCCC1c1cccnc1	Sex	Male	-0.09975
CN1CCCC1c1cccnc1	Sex	Female	-0.01352
CN1CCCC1c1cccnc1	Age	Children	-0.06255
CN1CCCC1c1cccnc1	Age	Adolescent	-0.00652
CN1CCCC1c1cccnc1	Age	Adult	-0.10412
CN1CCCC1c1cccnc1	Age	Elderly	-0.2618
CN1CCCC1c1cccnc1	Weight	Low	-0.2379
CN1CCCC1c1cccnc1	Weight	Average	-0.25268
CN1CCCC1c1cccnc1	Weight	High	-0.29338
CN1CCN(C2=Nc3cc(Cl)ccc3Nc3ccccc32)CC1	Sex	Male	-0.08298
CN1CCN(C2=Nc3cc(Cl)ccc3Nc3ccccc32)CC1	Sex	Female	-0.00877
CN1CCN(C2=Nc3cc(Cl)ccc3Nc3ccccc32)CC1	Age	Children	-0.04797
CN1CCN(C2=Nc3cc(Cl)ccc3Nc3ccccc32)CC1	Age	Adolescent	-0.00858
CN1CCN(C2=Nc3cc(Cl)ccc3Nc3ccccc32)CC1	Age	Adult	-0.07489
CN1CCN(C2=Nc3cc(Cl)ccc3Nc3ccccc32)CC1	Age	Elderly	-0.17003
CN1CCN(C2=Nc3cc(Cl)ccc3Nc3ccccc32)CC1	Weight	Low	-0.12835
CN1CCN(C2=Nc3cc(Cl)ccc3Nc3ccccc32)CC1	Weight	Average	-0.13806
CN1CCN(C2=Nc3cc(Cl)ccc3Nc3ccccc32)CC1	Weight	High	-0.17943
CNCCC(Oc1cccc2ccccc12)c1cccs1	Sex	Male	-0.10566
CNCCC(Oc1cccc2ccccc12)c1cccs1	Sex	Female	-0.00768
CNCCC(Oc1cccc2ccccc12)c1cccs1	Age	Children	-0.06758
CNCCC(Oc1cccc2ccccc12)c1cccs1	Age	Adolescent	-0.02119
CNCCC(Oc1cccc2ccccc12)c1cccs1	Age	Adult	-0.04811
CNCCC(Oc1cccc2ccccc12)c1cccs1	Age	Elderly	-0.14054
CNCCC(Oc1cccc2ccccc12)c1cccs1	Weight	Low	-0.13683
CNCCC(Oc1cccc2ccccc12)c1cccs1	Weight	Average	-0.13904
CNCCC(Oc1cccc2ccccc12)c1cccs1	Weight	High	-0.18762
COC(=O)CCc1ccc(OCC(O)CNC(C)C)cc1	Sex	Male	-0.09838
COC(=O)CCc1ccc(OCC(O)CNC(C)C)cc1	Sex	Female	-0.00674
COC(=O)CCc1ccc(OCC(O)CNC(C)C)cc1	Age	Children	-0.06967
COC(=O)CCc1ccc(OCC(O)CNC(C)C)cc1	Age	Adolescent	-0.0174
COC(=O)CCc1ccc(OCC(O)CNC(C)C)cc1	Age	Adult	-0.03781
COC(=O)CCc1ccc(OCC(O)CNC(C)C)cc1	Age	Elderly	-0.1415
COC(=O)CCc1ccc(OCC(O)CNC(C)C)cc1	Weight	Low	-0.13043
COC(=O)CCc1ccc(OCC(O)CNC(C)C)cc1	Weight	Average	-0.13661
COC(=O)CCc1ccc(OCC(O)CNC(C)C)cc1	Weight	High	-0.17794
COc1cc(N)c(Cl)cc1C(=O)NC1CCN(CCCOc2ccc(F)cc2)CC1OC	Sex	Male	-0.11271
COc1cc(N)c(Cl)cc1C(=O)NC1CCN(CCCOc2ccc(F)cc2)CC1OC	Sex	Female	-0.00833
COc1cc(N)c(Cl)cc1C(=O)NC1CCN(CCCOc2ccc(F)cc2)CC1OC	Age	Children	-0.04653
COc1cc(N)c(Cl)cc1C(=O)NC1CCN(CCCOc2ccc(F)cc2)CC1OC	Age	Adolescent	-0.01661
COc1cc(N)c(Cl)cc1C(=O)NC1CCN(CCCOc2ccc(F)cc2)CC1OC	Age	Adult	-0.06612
COc1cc(N)c(Cl)cc1C(=O)NC1CCN(CCCOc2ccc(F)cc2)CC1OC	Age	Elderly	-0.17886
COc1cc(N)c(Cl)cc1C(=O)NC1CCN(CCCOc2ccc(F)cc2)CC1OC	Weight	Low	-0.1281
COc1cc(N)c(Cl)cc1C(=O)NC1CCN(CCCOc2ccc(F)cc2)CC1OC	Weight	Average	-0.14896
COc1cc(N)c(Cl)cc1C(=O)NC1CCN(CCCOc2ccc(F)cc2)CC1OC	Weight	High	-0.12857
COc1ccc(CC(C)NCC(O)c2ccc(O)c(NC=O)c2)cc1	Sex	Male	-0.0934
COc1ccc(CC(C)NCC(O)c2ccc(O)c(NC=O)c2)cc1	Sex	Female	-0.00658
COc1ccc(CC(C)NCC(O)c2ccc(O)c(NC=O)c2)cc1	Age	Children	-0.05612
COc1ccc(CC(C)NCC(O)c2ccc(O)c(NC=O)c2)cc1	Age	Adolescent	-0.01267
COc1ccc(CC(C)NCC(O)c2ccc(O)c(NC=O)c2)cc1	Age	Adult	-0.04425
COc1ccc(CC(C)NCC(O)c2ccc(O)c(NC=O)c2)cc1	Age	Elderly	-0.1697
COc1ccc(CC(C)NCC(O)c2ccc(O)c(NC=O)c2)cc1	Weight	Low	-0.15887
COc1ccc(CC(C)NCC(O)c2ccc(O)c(NC=O)c2)cc1	Weight	Average	-0.13844
COc1ccc(CC(C)NCC(O)c2ccc(O)c(NC=O)c2)cc1	Weight	High	-0.14643
Cc1ccc(O)c(C(CCN(C(C)C)C(C)C)c2ccccc2)c1	Sex	Male	-0.11309
Cc1ccc(O)c(C(CCN(C(C)C)C(C)C)c2ccccc2)c1	Sex	Female	-0.00413
Cc1ccc(O)c(C(CCN(C(C)C)C(C)C)c2ccccc2)c1	Age	Children	-0.05308
Cc1ccc(O)c(C(CCN(C(C)C)C(C)C)c2ccccc2)c1	Age	Adolescent	-0.0206
Cc1ccc(O)c(C(CCN(C(C)C)C(C)C)c2ccccc2)c1	Age	Adult	-0.05042
Cc1ccc(O)c(C(CCN(C(C)C)C(C)C)c2ccccc2)c1	Age	Elderly	-0.20157
Cc1ccc(O)c(C(CCN(C(C)C)C(C)C)c2ccccc2)c1	Weight	Low	-0.18563
Cc1ccc(O)c(C(CCN(C(C)C)C(C)C)c2ccccc2)c1	Weight	Average	-0.15024
Cc1ccc(O)c(C(CCN(C(C)C)C(C)C)c2ccccc2)c1	Weight	High	-0.17059
Cc1nc2n(c(=O)c1CCN1CCC(c3noc4cc(F)ccc34)CC1)CCCC2O	Sex	Male	-0.15194
Cc1nc2n(c(=O)c1CCN1CCC(c3noc4cc(F)ccc34)CC1)CCCC2O	Sex	Female	-0.01074
Cc1nc2n(c(=O)c1CCN1CCC(c3noc4cc(F)ccc34)CC1)CCCC2O	Age	Children	-0.03308
Cc1nc2n(c(=O)c1CCN1CCC(c3noc4cc(F)ccc34)CC1)CCCC2O	Age	Adolescent	-0.01873
Cc1nc2n(c(=O)c1CCN1CCC(c3noc4cc(F)ccc34)CC1)CCCC2O	Age	Adult	-0.09088
Cc1nc2n(c(=O)c1CCN1CCC(c3noc4cc(F)ccc34)CC1)CCCC2O	Age	Elderly	-0.15441
Cc1nc2n(c(=O)c1CCN1CCC(c3noc4cc(F)ccc34)CC1)CCCC2O	Weight	Low	-0.17172
Cc1nc2n(c(=O)c1CCN1CCC(c3noc4cc(F)ccc34)CC1)CCCC2O	Weight	Average	-0.08699
Cc1nc2n(c(=O)c1CCN1CCC(c3noc4cc(F)ccc34)CC1)CCCC2O	Weight	High	-0.19211
Cc1nnc(C(=O)NC(C)(C)c2nc(C(=O)NCc3ccc(F)cc3)c(O)c(=O)n2C)o1	Sex	Male	-0.09601
Cc1nnc(C(=O)NC(C)(C)c2nc(C(=O)NCc3ccc(F)cc3)c(O)c(=O)n2C)o1	Sex	Female	-0.01302
Cc1nnc(C(=O)NC(C)(C)c2nc(C(=O)NCc3ccc(F)cc3)c(O)c(=O)n2C)o1	Age	Children	-0.06949
Cc1nnc(C(=O)NC(C)(C)c2nc(C(=O)NCc3ccc(F)cc3)c(O)c(=O)n2C)o1	Age	Adolescent	-0.029
Cc1nnc(C(=O)NC(C)(C)c2nc(C(=O)NCc3ccc(F)cc3)c(O)c(=O)n2C)o1	Age	Adult	-0.08892
Cc1nnc(C(=O)NC(C)(C)c2nc(C(=O)NCc3ccc(F)cc3)c(O)c(=O)n2C)o1	Age	Elderly	-0.16552
Cc1nnc(C(=O)NC(C)(C)c2nc(C(=O)NCc3ccc(F)cc3)c(O)c(=O)n2C)o1	Weight	Low	-0.18115
Cc1nnc(C(=O)NC(C)(C)c2nc(C(=O)NCc3ccc(F)cc3)c(O)c(=O)n2C)o1	Weight	Average	-0.16178
Cc1nnc(C(=O)NC(C)(C)c2nc(C(=O)NCc3ccc(F)cc3)c(O)c(=O)n2C)o1	Weight	High	-0.19947
Cc1oncc1C(=O)Nc1ccc(C(F)(F)F)cc1	Sex	Male	-0.09243
Cc1oncc1C(=O)Nc1ccc(C(F)(F)F)cc1	Sex	Female	-0.00961
Cc1oncc1C(=O)Nc1ccc(C(F)(F)F)cc1	Age	Children	-0.08045
Cc1oncc1C(=O)Nc1ccc(C(F)(F)F)cc1	Age	Adolescent	-0.02116
Cc1oncc1C(=O)Nc1ccc(C(F)(F)F)cc1	Age	Adult	-0.09983
Cc1oncc1C(=O)Nc1ccc(C(F)(F)F)cc1	Age	Elderly	-0.19088
Cc1oncc1C(=O)Nc1ccc(C(F)(F)F)cc1	Weight	Low	-0.16653
Cc1oncc1C(=O)Nc1ccc(C(F)(F)F)cc1	Weight	Average	-0.11927
Cc1oncc1C(=O)Nc1ccc(C(F)(F)F)cc1	Weight	High	-0.23093
N=C(CCSCc1csc(N=C(N)N)n1)NS(N)(=O)=O	Sex	Male	-0.12206
N=C(CCSCc1csc(N=C(N)N)n1)NS(N)(=O)=O	Sex	Female	-0.00725
N=C(CCSCc1csc(N=C(N)N)n1)NS(N)(=O)=O	Age	Children	-0.06303
N=C(CCSCc1csc(N=C(N)N)n1)NS(N)(=O)=O	Age	Adolescent	-0.04108
N=C(CCSCc1csc(N=C(N)N)n1)NS(N)(=O)=O	Age	Adult	-0.04882
N=C(CCSCc1csc(N=C(N)N)n1)NS(N)(=O)=O	Age	Elderly	-0.1585
N=C(CCSCc1csc(N=C(N)N)n1)NS(N)(=O)=O	Weight	Low	-0.12938
N=C(CCSCc1csc(N=C(N)N)n1)NS(N)(=O)=O	Weight	Average	-0.15424
N=C(CCSCc1csc(N=C(N)N)n1)NS(N)(=O)=O	Weight	High	-0.20633
N=C(N)c1ccc(OCCCCCOc2ccc(C(=N)N)cc2)cc1	Sex	Male	-0.07781
N=C(N)c1ccc(OCCCCCOc2ccc(C(=N)N)cc2)cc1	Sex	Female	-0.00934
N=C(N)c1ccc(OCCCCCOc2ccc(C(=N)N)cc2)cc1	Age	Children	-0.05498
N=C(N)c1ccc(OCCCCCOc2ccc(C(=N)N)cc2)cc1	Age	Adolescent	-0.00829
N=C(N)c1ccc(OCCCCCOc2ccc(C(=N)N)cc2)cc1	Age	Adult	-0.04792
N=C(N)c1ccc(OCCCCCOc2ccc(C(=N)N)cc2)cc1	Age	Elderly	-0.21226
N=C(N)c1ccc(OCCCCCOc2ccc(C(=N)N)cc2)cc1	Weight	Low	-0.14055
N=C(N)c1ccc(OCCCCCOc2ccc(C(=N)N)cc2)cc1	Weight	Average	-0.12749
N=C(N)c1ccc(OCCCCCOc2ccc(C(=N)N)cc2)cc1	Weight	High	-0.17015
NC(=O)N1c2ccccc2CC(=O)c2ccccc21	Sex	Male	-0.04969
NC(=O)N1c2ccccc2CC(=O)c2ccccc21	Sex	Female	-0.0106
NC(=O)N1c2ccccc2CC(=O)c2ccccc21	Age	Children	-0.06435
NC(=O)N1c2ccccc2CC(=O)c2ccccc21	Age	Adolescent	-0.01855
NC(=O)N1c2ccccc2CC(=O)c2ccccc21	Age	Adult	-0.04681
NC(=O)N1c2ccccc2CC(=O)c2ccccc21	Age	Elderly	-0.15386
NC(=O)N1c2ccccc2CC(=O)c2ccccc21	Weight	Low	-0.15388
NC(=O)N1c2ccccc2CC(=O)c2ccccc21	Weight	Average	-0.17583
NC(=O)N1c2ccccc2CC(=O)c2ccccc21	Weight	High	-0.24187
NCC(O)c1ccc(O)c(O)c1	Sex	Male	-0.14101
NCC(O)c1ccc(O)c(O)c1	Sex	Female	-0.01148
NCC(O)c1ccc(O)c(O)c1	Age	Children	-0.08828
NCC(O)c1ccc(O)c(O)c1	Age	Adolescent	-0.01977
NCC(O)c1ccc(O)c(O)c1	Age	Adult	-0.09359
NCC(O)c1ccc(O)c(O)c1	Age	Elderly	-0.33298
NCC(O)c1ccc(O)c(O)c1	Weight	Low	-0.27519
NCC(O)c1ccc(O)c(O)c1	Weight	Average	-0.26286
NCC(O)c1ccc(O)c(O)c1	Weight	High	-0.32697
Nc1nc(=S)c2[nH]cnc2[nH]1	Sex	Male	-0.09416
Nc1nc(=S)c2[nH]cnc2[nH]1	Sex	Female	-0.01598
Nc1nc(=S)c2[nH]cnc2[nH]1	Age	Children	-0.07069
Nc1nc(=S)c2[nH]cnc2[nH]1	Age	Adolescent	-0.03444
Nc1nc(=S)c2[nH]cnc2[nH]1	Age	Adult	-0.07336
Nc1nc(=S)c2[nH]cnc2[nH]1	Age	Elderly	-0.2285
Nc1nc(=S)c2[nH]cnc2[nH]1	Weight	Low	-0.25014
Nc1nc(=S)c2[nH]cnc2[nH]1	Weight	Average	-0.23057
Nc1nc(=S)c2[nH]cnc2[nH]1	Weight	High	-0.26207
O=C([O-])CCCO	Sex	Male	-0.10152
O=C([O-])CCCO	Sex	Female	-0.00985
O=C([O-])CCCO	Age	Children	-0.07536
O=C([O-])CCCO	Age	Adolescent	-0.02593
O=C([O-])CCCO	Age	Adult	-0.05445
O=C([O-])CCCO	Age	Elderly	-0.18383
O=C([O-])CCCO	Weight	Low	-0.18704
O=C([O-])CCCO	Weight	Average	-0.1899
O=C([O-])CCCO	Weight	High	-0.23354
O=c1n(CCCN2CCN(c3cccc(Cl)c3)CC2)nc2ccccn12	Sex	Male	-0.09037
O=c1n(CCCN2CCN(c3cccc(Cl)c3)CC2)nc2ccccn12	Sex	Female	-0.00916
O=c1n(CCCN2CCN(c3cccc(Cl)c3)CC2)nc2ccccn12	Age	Children	-0.04891
O=c1n(CCCN2CCN(c3cccc(Cl)c3)CC2)nc2ccccn12	Age	Adolescent	-0.00987
O=c1n(CCCN2CCN(c3cccc(Cl)c3)CC2)nc2ccccn12	Age	Adult	-0.10548
O=c1n(CCCN2CCN(c3cccc(Cl)c3)CC2)nc2ccccn12	Age	Elderly	-0.20274
O=c1n(CCCN2CCN(c3cccc(Cl)c3)CC2)nc2ccccn12	Weight	Low	-0.12862
O=c1n(CCCN2CCN(c3cccc(Cl)c3)CC2)nc2ccccn12	Weight	Average	-0.22936
O=c1n(CCCN2CCN(c3cccc(Cl)c3)CC2)nc2ccccn12	Weight	High	-0.23055
OCc1cc(C(O)CNCCCCCCOCCOCc2c(Cl)cccc2Cl)ccc1O	Sex	Male	-0.09629
OCc1cc(C(O)CNCCCCCCOCCOCc2c(Cl)cccc2Cl)ccc1O	Sex	Female	-0.00514
OCc1cc(C(O)CNCCCCCCOCCOCc2c(Cl)cccc2Cl)ccc1O	Age	Children	-0.05095
OCc1cc(C(O)CNCCCCCCOCCOCc2c(Cl)cccc2Cl)ccc1O	Age	Adolescent	-0.01459
OCc1cc(C(O)CNCCCCCCOCCOCc2c(Cl)cccc2Cl)ccc1O	Age	Adult	-0.04987
OCc1cc(C(O)CNCCCCCCOCCOCc2c(Cl)cccc2Cl)ccc1O	Age	Elderly	-0.1923
OCc1cc(C(O)CNCCCCCCOCCOCc2c(Cl)cccc2Cl)ccc1O	Weight	Low	-0.1286
OCc1cc(C(O)CNCCCCCCOCCOCc2c(Cl)cccc2Cl)ccc1O	Weight	Average	-0.11702
OCc1cc(C(O)CNCCCCCCOCCOCc2c(Cl)cccc2Cl)ccc1O	Weight	High	-0.17643
Oc1cn2c(n1)Nc1ccc(Cl)c(Cl)c1C2	Sex	Male	-0.03333
Oc1cn2c(n1)Nc1ccc(Cl)c(Cl)c1C2	Sex	Female	-0.01988
Oc1cn2c(n1)Nc1ccc(Cl)c(Cl)c1C2	Age	Children	-0.06531
Oc1cn2c(n1)Nc1ccc(Cl)c(Cl)c1C2	Age	Adolescent	-0.0279
Oc1cn2c(n1)Nc1ccc(Cl)c(Cl)c1C2	Age	Adult	-0.0679
Oc1cn2c(n1)Nc1ccc(Cl)c(Cl)c1C2	Age	Elderly	-0.19869
Oc1cn2c(n1)Nc1ccc(Cl)c(Cl)c1C2	Weight	Low	-0.21613
Oc1cn2c(n1)Nc1ccc(Cl)c(Cl)c1C2	Weight	Average	-0.16597
Oc1cn2c(n1)Nc1ccc(Cl)c(Cl)c1C2	Weight	High	-0.18335
CN(C)c1ccc(O)c2c1CC1CC3C(N(C)C)C(=O)C(C(N)=O)C(=O)C3(O)C(=O)C1C2=O	Sex	Male	-0.088
CN(C)c1ccc(O)c2c1CC1CC3C(N(C)C)C(=O)C(C(N)=O)C(=O)C3(O)C(=O)C1C2=O	Sex	Female	-0.0074
CN(C)c1ccc(O)c2c1CC1CC3C(N(C)C)C(=O)C(C(N)=O)C(=O)C3(O)C(=O)C1C2=O	Age	Children	-0.04167
CN(C)c1ccc(O)c2c1CC1CC3C(N(C)C)C(=O)C(C(N)=O)C(=O)C3(O)C(=O)C1C2=O	Age	Adolescent	-0.02078
CN(C)c1ccc(O)c2c1CC1CC3C(N(C)C)C(=O)C(C(N)=O)C(=O)C3(O)C(=O)C1C2=O	Age	Adult	-0.02726
CN(C)c1ccc(O)c2c1CC1CC3C(N(C)C)C(=O)C(C(N)=O)C(=O)C3(O)C(=O)C1C2=O	Age	Elderly	-0.12004
CN(C)c1ccc(O)c2c1CC1CC3C(N(C)C)C(=O)C(C(N)=O)C(=O)C3(O)C(=O)C1C2=O	Weight	Low	-0.18086
CN(C)c1ccc(O)c2c1CC1CC3C(N(C)C)C(=O)C(C(N)=O)C(=O)C3(O)C(=O)C1C2=O	Weight	Average	-0.14471
CN(C)c1ccc(O)c2c1CC1CC3C(N(C)C)C(=O)C(C(N)=O)C(=O)C3(O)C(=O)C1C2=O	Weight	High	-0.17833
CC(=O)C(C#N)C(=O)Nc1ccc(C(F)(F)F)cc1	Sex	Male	-0.10961
CC(=O)C(C#N)C(=O)Nc1ccc(C(F)(F)F)cc1	Sex	Female	-0.0101
CC(=O)C(C#N)C(=O)Nc1ccc(C(F)(F)F)cc1	Age	Children	-0.08772
CC(=O)C(C#N)C(=O)Nc1ccc(C(F)(F)F)cc1	Age	Adolescent	-0.02527
CC(=O)C(C#N)C(=O)Nc1ccc(C(F)(F)F)cc1	Age	Adult	-0.09144
CC(=O)C(C#N)C(=O)Nc1ccc(C(F)(F)F)cc1	Age	Elderly	-0.17037
CC(=O)C(C#N)C(=O)Nc1ccc(C(F)(F)F)cc1	Weight	Low	-0.18357
CC(=O)C(C#N)C(=O)Nc1ccc(C(F)(F)F)cc1	Weight	Average	-0.16419
CC(=O)C(C#N)C(=O)Nc1ccc(C(F)(F)F)cc1	Weight	High	-0.24037
CC(C=CC1=C(C)CCCC1(C)C)=CC=CC(C)=CCO	Sex	Male	-0.08578
CC(C=CC1=C(C)CCCC1(C)C)=CC=CC(C)=CCO	Sex	Female	-0.00679
CC(C=CC1=C(C)CCCC1(C)C)=CC=CC(C)=CCO	Age	Children	-0.05386
CC(C=CC1=C(C)CCCC1(C)C)=CC=CC(C)=CCO	Age	Adolescent	-0.03364
CC(C=CC1=C(C)CCCC1(C)C)=CC=CC(C)=CCO	Age	Adult	-0.06989
CC(C=CC1=C(C)CCCC1(C)C)=CC=CC(C)=CCO	Age	Elderly	-0.23235
CC(C=CC1=C(C)CCCC1(C)C)=CC=CC(C)=CCO	Weight	Low	-0.26606
CC(C=CC1=C(C)CCCC1(C)C)=CC=CC(C)=CCO	Weight	Average	-0.13831
CC(C=CC1=C(C)CCCC1(C)C)=CC=CC(C)=CCO	Weight	High	-0.22454
CC(CN1c2ccccc2Sc2ccccc21)N(C)C	Sex	Male	-0.08217
CC(CN1c2ccccc2Sc2ccccc21)N(C)C	Sex	Female	-0.00515
CC(CN1c2ccccc2Sc2ccccc21)N(C)C	Age	Children	-0.05739
CC(CN1c2ccccc2Sc2ccccc21)N(C)C	Age	Adolescent	-0.01147
CC(CN1c2ccccc2Sc2ccccc21)N(C)C	Age	Adult	-0.04019
CC(CN1c2ccccc2Sc2ccccc21)N(C)C	Age	Elderly	-0.21031
CC(CN1c2ccccc2Sc2ccccc21)N(C)C	Weight	Low	-0.18318
CC(CN1c2ccccc2Sc2ccccc21)N(C)C	Weight	Average	-0.19799
CC(CN1c2ccccc2Sc2ccccc21)N(C)C	Weight	High	-0.20077
CCCC(=O)Nc1ccc(OCC(O)CNC(C)C)c(C(C)=O)c1	Sex	Male	-0.06643
CCCC(=O)Nc1ccc(OCC(O)CNC(C)C)c(C(C)=O)c1	Sex	Female	-0.00227
CCCC(=O)Nc1ccc(OCC(O)CNC(C)C)c(C(C)=O)c1	Age	Children	-0.03386
CCCC(=O)Nc1ccc(OCC(O)CNC(C)C)c(C(C)=O)c1	Age	Adolescent	-0.01215
CCCC(=O)Nc1ccc(OCC(O)CNC(C)C)c(C(C)=O)c1	Age	Adult	-0.02504
CCCC(=O)Nc1ccc(OCC(O)CNC(C)C)c(C(C)=O)c1	Age	Elderly	-0.08151
CCCC(=O)Nc1ccc(OCC(O)CNC(C)C)c(C(C)=O)c1	Weight	Low	-0.05117
CCCC(=O)Nc1ccc(OCC(O)CNC(C)C)c(C(C)=O)c1	Weight	Average	-0.06881
CCCC(=O)Nc1ccc(OCC(O)CNC(C)C)c(C(C)=O)c1	Weight	High	-0.08977
CCCC(C)(COC(N)=O)COC(=O)NC(C)C	Sex	Male	-0.10369
CCCC(C)(COC(N)=O)COC(=O)NC(C)C	Sex	Female	-0.00772
CCCC(C)(COC(N)=O)COC(=O)NC(C)C	Age	Children	-0.0704
CCCC(C)(COC(N)=O)COC(=O)NC(C)C	Age	Adolescent	-0.02383
CCCC(C)(COC(N)=O)COC(=O)NC(C)C	Age	Adult	-0.03411
CCCC(C)(COC(N)=O)COC(=O)NC(C)C	Age	Elderly	-0.15782
CCCC(C)(COC(N)=O)COC(=O)NC(C)C	Weight	Low	-0.15487
CCCC(C)(COC(N)=O)COC(=O)NC(C)C	Weight	Average	-0.13908
CCCC(C)(COC(N)=O)COC(=O)NC(C)C	Weight	High	-0.15204
CCCC1CC(=O)N(C(CC)C(N)=O)C1	Sex	Male	-0.1195
CCCC1CC(=O)N(C(CC)C(N)=O)C1	Sex	Female	-0.01016
CCCC1CC(=O)N(C(CC)C(N)=O)C1	Age	Children	-0.10655
CCCC1CC(=O)N(C(CC)C(N)=O)C1	Age	Adolescent	-0.0365
CCCC1CC(=O)N(C(CC)C(N)=O)C1	Age	Adult	-0.06165
CCCC1CC(=O)N(C(CC)C(N)=O)C1	Age	Elderly	-0.2359
CCCC1CC(=O)N(C(CC)C(N)=O)C1	Weight	Low	-0.2035
CCCC1CC(=O)N(C(CC)C(N)=O)C1	Weight	Average	-0.2169
CCCC1CC(=O)N(C(CC)C(N)=O)C1	Weight	High	-0.27661
CN(C)CC(c1ccc(O)cc1)C1(O)CCCCC1	Sex	Male	-0.12998
CN(C)CC(c1ccc(O)cc1)C1(O)CCCCC1	Sex	Female	-0.01006
CN(C)CC(c1ccc(O)cc1)C1(O)CCCCC1	Age	Children	-0.06354
CN(C)CC(c1ccc(O)cc1)C1(O)CCCCC1	Age	Adolescent	-0.01348
CN(C)CC(c1ccc(O)cc1)C1(O)CCCCC1	Age	Adult	-0.04968
CN(C)CC(c1ccc(O)cc1)C1(O)CCCCC1	Age	Elderly	-0.23532
CN(C)CC(c1ccc(O)cc1)C1(O)CCCCC1	Weight	Low	-0.27869
CN(C)CC(c1ccc(O)cc1)C1(O)CCCCC1	Weight	Average	-0.2428
CN(C)CC(c1ccc(O)cc1)C1(O)CCCCC1	Weight	High	-0.2565
CN(C)P(=O)(OCC1CNCC(n2ccc(N)nc2=O)O1)N1CCN(C(=O)OCCOCCOCCO)CC1	Sex	Male	-0.13369
CN(C)P(=O)(OCC1CNCC(n2ccc(N)nc2=O)O1)N1CCN(C(=O)OCCOCCOCCO)CC1	Sex	Female	-0.00577
CN(C)P(=O)(OCC1CNCC(n2ccc(N)nc2=O)O1)N1CCN(C(=O)OCCOCCOCCO)CC1	Age	Children	-0.05065
CN(C)P(=O)(OCC1CNCC(n2ccc(N)nc2=O)O1)N1CCN(C(=O)OCCOCCOCCO)CC1	Age	Adolescent	-0.02436
CN(C)P(=O)(OCC1CNCC(n2ccc(N)nc2=O)O1)N1CCN(C(=O)OCCOCCOCCO)CC1	Age	Adult	-0.03302
CN(C)P(=O)(OCC1CNCC(n2ccc(N)nc2=O)O1)N1CCN(C(=O)OCCOCCOCCO)CC1	Age	Elderly	-0.10813
CN(C)P(=O)(OCC1CNCC(n2ccc(N)nc2=O)O1)N1CCN(C(=O)OCCOCCOCCO)CC1	Weight	Low	-0.17587
CN(C)P(=O)(OCC1CNCC(n2ccc(N)nc2=O)O1)N1CCN(C(=O)OCCOCCOCCO)CC1	Weight	Average	-0.12431
CN(C)P(=O)(OCC1CNCC(n2ccc(N)nc2=O)O1)N1CCN(C(=O)OCCOCCOCCO)CC1	Weight	High	-0.13271
CNC(C)C(O)c1ccccc1	Sex	Male	-0.07717
CNC(C)C(O)c1ccccc1	Sex	Female	-0.01193
CNC(C)C(O)c1ccccc1	Age	Children	-0.0793
CNC(C)C(O)c1ccccc1	Age	Adolescent	-0.01489
CNC(C)C(O)c1ccccc1	Age	Adult	-0.06313
CNC(C)C(O)c1ccccc1	Age	Elderly	-0.21762
CNC(C)C(O)c1ccccc1	Weight	Low	-0.16996
CNC(C)C(O)c1ccccc1	Weight	Average	-0.20662
CNC(C)C(O)c1ccccc1	Weight	High	-0.25981
COc1cc2c(cc1Cc1cccc(Cl)c1F)c(=O)c(C(=O)O)cn2C(CO)C(C)C	Sex	Male	-0.10774
COc1cc2c(cc1Cc1cccc(Cl)c1F)c(=O)c(C(=O)O)cn2C(CO)C(C)C	Sex	Female	-0.00629
COc1cc2c(cc1Cc1cccc(Cl)c1F)c(=O)c(C(=O)O)cn2C(CO)C(C)C	Age	Children	-0.10152
COc1cc2c(cc1Cc1cccc(Cl)c1F)c(=O)c(C(=O)O)cn2C(CO)C(C)C	Age	Adolescent	-0.02435
COc1cc2c(cc1Cc1cccc(Cl)c1F)c(=O)c(C(=O)O)cn2C(CO)C(C)C	Age	Adult	-0.0527
COc1cc2c(cc1Cc1cccc(Cl)c1F)c(=O)c(C(=O)O)cn2C(CO)C(C)C	Age	Elderly	-0.1706
COc1cc2c(cc1Cc1cccc(Cl)c1F)c(=O)c(C(=O)O)cn2C(CO)C(C)C	Weight	Low	-0.22823
COc1cc2c(cc1Cc1cccc(Cl)c1F)c(=O)c(C(=O)O)cn2C(CO)C(C)C	Weight	Average	-0.19375
COc1cc2c(cc1Cc1cccc(Cl)c1F)c(=O)c(C(=O)O)cn2C(CO)C(C)C	Weight	High	-0.19658
N#CCC(C1CCCC1)n1cc(-c2ncnc3[nH]ccc23)cn1	Sex	Male	-0.08388
N#CCC(C1CCCC1)n1cc(-c2ncnc3[nH]ccc23)cn1	Sex	Female	-0.01159
N#CCC(C1CCCC1)n1cc(-c2ncnc3[nH]ccc23)cn1	Age	Children	-0.07636
N#CCC(C1CCCC1)n1cc(-c2ncnc3[nH]ccc23)cn1	Age	Adolescent	-0.01458
N#CCC(C1CCCC1)n1cc(-c2ncnc3[nH]ccc23)cn1	Age	Adult	-0.09078
N#CCC(C1CCCC1)n1cc(-c2ncnc3[nH]ccc23)cn1	Age	Elderly	-0.18915
N#CCC(C1CCCC1)n1cc(-c2ncnc3[nH]ccc23)cn1	Weight	Low	-0.12488
N#CCC(C1CCCC1)n1cc(-c2ncnc3[nH]ccc23)cn1	Weight	Average	-0.1553
N#CCC(C1CCCC1)n1cc(-c2ncnc3[nH]ccc23)cn1	Weight	High	-0.19965
NCCc1ccc(O)c(O)c1	Sex	Male	-0.12721
NCCc1ccc(O)c(O)c1	Sex	Female	-0.00972
NCCc1ccc(O)c(O)c1	Age	Children	-0.07257
NCCc1ccc(O)c(O)c1	Age	Adolescent	-0.02403
NCCc1ccc(O)c(O)c1	Age	Adult	-0.09945
NCCc1ccc(O)c(O)c1	Age	Elderly	-0.26666
NCCc1ccc(O)c(O)c1	Weight	Low	-0.31408
NCCc1ccc(O)c(O)c1	Weight	Average	-0.25669
NCCc1ccc(O)c(O)c1	Weight	High	-0.31635
CC(=O)NC1C(N=C(N)N)C=C(C(=O)O)OC1C(O)C(O)CO	Sex	Male	-0.09604
CC(=O)NC1C(N=C(N)N)C=C(C(=O)O)OC1C(O)C(O)CO	Sex	Female	-0.00854
CC(=O)NC1C(N=C(N)N)C=C(C(=O)O)OC1C(O)C(O)CO	Age	Children	-0.08244
CC(=O)NC1C(N=C(N)N)C=C(C(=O)O)OC1C(O)C(O)CO	Age	Adolescent	-0.02382
CC(=O)NC1C(N=C(N)N)C=C(C(=O)O)OC1C(O)C(O)CO	Age	Adult	-0.0415
CC(=O)NC1C(N=C(N)N)C=C(C(=O)O)OC1C(O)C(O)CO	Age	Elderly	-0.15809
CC(=O)NC1C(N=C(N)N)C=C(C(=O)O)OC1C(O)C(O)CO	Weight	Low	-0.11427
CC(=O)NC1C(N=C(N)N)C=C(C(=O)O)OC1C(O)C(O)CO	Weight	Average	-0.16379
CC(=O)NC1C(N=C(N)N)C=C(C(=O)O)OC1C(O)C(O)CO	Weight	High	-0.1945
CC(=O)c1c(C)c2cnc(Nc3ccc(N4CCNCC4)cn3)nc2n(C2CCCC2)c1=O	Sex	Male	-0.0938
CC(=O)c1c(C)c2cnc(Nc3ccc(N4CCNCC4)cn3)nc2n(C2CCCC2)c1=O	Sex	Female	-0.00868
CC(=O)c1c(C)c2cnc(Nc3ccc(N4CCNCC4)cn3)nc2n(C2CCCC2)c1=O	Age	Children	-0.08655
CC(=O)c1c(C)c2cnc(Nc3ccc(N4CCNCC4)cn3)nc2n(C2CCCC2)c1=O	Age	Adolescent	-0.0333
CC(=O)c1c(C)c2cnc(Nc3ccc(N4CCNCC4)cn3)nc2n(C2CCCC2)c1=O	Age	Adult	-0.08349
CC(=O)c1c(C)c2cnc(Nc3ccc(N4CCNCC4)cn3)nc2n(C2CCCC2)c1=O	Age	Elderly	-0.21352
CC(=O)c1c(C)c2cnc(Nc3ccc(N4CCNCC4)cn3)nc2n(C2CCCC2)c1=O	Weight	Low	-0.23722
CC(=O)c1c(C)c2cnc(Nc3ccc(N4CCNCC4)cn3)nc2n(C2CCCC2)c1=O	Weight	Average	-0.22348
CC(=O)c1c(C)c2cnc(Nc3ccc(N4CCNCC4)cn3)nc2n(C2CCCC2)c1=O	Weight	High	-0.20809
CC(C)=c1nc(N(C)S(C)(=O)=O)nc(-c2ccc(F)cc2)c1=CCC(O)CC(O)CC(=O)O	Sex	Male	-0.04314
CC(C)=c1nc(N(C)S(C)(=O)=O)nc(-c2ccc(F)cc2)c1=CCC(O)CC(O)CC(=O)O	Sex	Female	-0.0066
CC(C)=c1nc(N(C)S(C)(=O)=O)nc(-c2ccc(F)cc2)c1=CCC(O)CC(O)CC(=O)O	Age	Children	-0.05033
CC(C)=c1nc(N(C)S(C)(=O)=O)nc(-c2ccc(F)cc2)c1=CCC(O)CC(O)CC(=O)O	Age	Adolescent	-0.01916
CC(C)=c1nc(N(C)S(C)(=O)=O)nc(-c2ccc(F)cc2)c1=CCC(O)CC(O)CC(=O)O	Age	Adult	-0.02832
CC(C)=c1nc(N(C)S(C)(=O)=O)nc(-c2ccc(F)cc2)c1=CCC(O)CC(O)CC(=O)O	Age	Elderly	-0.08236
CC(C)=c1nc(N(C)S(C)(=O)=O)nc(-c2ccc(F)cc2)c1=CCC(O)CC(O)CC(=O)O	Weight	Low	-0.08955
CC(C)=c1nc(N(C)S(C)(=O)=O)nc(-c2ccc(F)cc2)c1=CCC(O)CC(O)CC(=O)O	Weight	Average	-0.07398
CC(C)=c1nc(N(C)S(C)(=O)=O)nc(-c2ccc(F)cc2)c1=CCC(O)CC(O)CC(=O)O	Weight	High	-0.13005
CC(C)c1c(C(=O)Nc2ccccc2)c(-c2ccccc2)c(-c2ccc(F)cc2)n1CCC(O)CC(O)CC(=O)O	Sex	Male	-0.05346
CC(C)c1c(C(=O)Nc2ccccc2)c(-c2ccccc2)c(-c2ccc(F)cc2)n1CCC(O)CC(O)CC(=O)O	Sex	Female	-0.0047
CC(C)c1c(C(=O)Nc2ccccc2)c(-c2ccccc2)c(-c2ccc(F)cc2)n1CCC(O)CC(O)CC(=O)O	Age	Children	-0.04494
CC(C)c1c(C(=O)Nc2ccccc2)c(-c2ccccc2)c(-c2ccc(F)cc2)n1CCC(O)CC(O)CC(=O)O	Age	Adolescent	-0.00813
CC(C)c1c(C(=O)Nc2ccccc2)c(-c2ccccc2)c(-c2ccc(F)cc2)n1CCC(O)CC(O)CC(=O)O	Age	Adult	-0.03998
CC(C)c1c(C(=O)Nc2ccccc2)c(-c2ccccc2)c(-c2ccc(F)cc2)n1CCC(O)CC(O)CC(=O)O	Age	Elderly	-0.08367
CC(C)c1c(C(=O)Nc2ccccc2)c(-c2ccccc2)c(-c2ccc(F)cc2)n1CCC(O)CC(O)CC(=O)O	Weight	Low	-0.06081
CC(C)c1c(C(=O)Nc2ccccc2)c(-c2ccccc2)c(-c2ccc(F)cc2)n1CCC(O)CC(O)CC(=O)O	Weight	Average	-0.07097
CC(C)c1c(C(=O)Nc2ccccc2)c(-c2ccccc2)c(-c2ccc(F)cc2)n1CCC(O)CC(O)CC(=O)O	Weight	High	-0.13419
CC(Cc1ccc(O)c(O)c1)(NN)C(=O)O	Sex	Male	-0.14074
CC(Cc1ccc(O)c(O)c1)(NN)C(=O)O	Sex	Female	-0.01101
CC(Cc1ccc(O)c(O)c1)(NN)C(=O)O	Age	Children	-0.09212
CC(Cc1ccc(O)c(O)c1)(NN)C(=O)O	Age	Adolescent	-0.03217
CC(Cc1ccc(O)c(O)c1)(NN)C(=O)O	Age	Adult	-0.09422
CC(Cc1ccc(O)c(O)c1)(NN)C(=O)O	Age	Elderly	-0.25221
CC(Cc1ccc(O)c(O)c1)(NN)C(=O)O	Weight	Low	-0.27345
CC(Cc1ccc(O)c(O)c1)(NN)C(=O)O	Weight	Average	-0.25263
CC(Cc1ccc(O)c(O)c1)(NN)C(=O)O	Weight	High	-0.31271
CC(O)C1C(=O)N2C(C(=O)O)=C(SCCN=CN)CC12	Sex	Male	-0.09466
CC(O)C1C(=O)N2C(C(=O)O)=C(SCCN=CN)CC12	Sex	Female	-0.00866
CC(O)C1C(=O)N2C(C(=O)O)=C(SCCN=CN)CC12	Age	Children	-0.10269
CC(O)C1C(=O)N2C(C(=O)O)=C(SCCN=CN)CC12	Age	Adolescent	-0.04504
CC(O)C1C(=O)N2C(C(=O)O)=C(SCCN=CN)CC12	Age	Adult	-0.07075
CC(O)C1C(=O)N2C(C(=O)O)=C(SCCN=CN)CC12	Age	Elderly	-0.23039
CC(O)C1C(=O)N2C(C(=O)O)=C(SCCN=CN)CC12	Weight	Low	-0.20854
CC(O)C1C(=O)N2C(C(=O)O)=C(SCCN=CN)CC12	Weight	Average	-0.22439
CC(O)C1C(=O)N2C(C(=O)O)=C(SCCN=CN)CC12	Weight	High	-0.24136
CCC1=NC(=O)C2CSSCCC=CC(CC(=O)NC(C(C)C)C(=O)N2)OC(=O)C(C(C)C)NC1=O	Sex	Male	-0.0709
CCC1=NC(=O)C2CSSCCC=CC(CC(=O)NC(C(C)C)C(=O)N2)OC(=O)C(C(C)C)NC1=O	Sex	Female	-0.00602
CCC1=NC(=O)C2CSSCCC=CC(CC(=O)NC(C(C)C)C(=O)N2)OC(=O)C(C(C)C)NC1=O	Age	Children	-0.04974
CCC1=NC(=O)C2CSSCCC=CC(CC(=O)NC(C(C)C)C(=O)N2)OC(=O)C(C(C)C)NC1=O	Age	Adolescent	-0.01909
CCC1=NC(=O)C2CSSCCC=CC(CC(=O)NC(C(C)C)C(=O)N2)OC(=O)C(C(C)C)NC1=O	Age	Adult	-0.04573
CCC1=NC(=O)C2CSSCCC=CC(CC(=O)NC(C(C)C)C(=O)N2)OC(=O)C(C(C)C)NC1=O	Age	Elderly	-0.12384
CCC1=NC(=O)C2CSSCCC=CC(CC(=O)NC(C(C)C)C(=O)N2)OC(=O)C(C(C)C)NC1=O	Weight	Low	-0.11371
CCC1=NC(=O)C2CSSCCC=CC(CC(=O)NC(C(C)C)C(=O)N2)OC(=O)C(C(C)C)NC1=O	Weight	Average	-0.16104
CCC1=NC(=O)C2CSSCCC=CC(CC(=O)NC(C(C)C)C(=O)N2)OC(=O)C(C(C)C)NC1=O	Weight	High	-0.13904
CCS(=O)(=O)N1CC(CC#N)(n2cc(-c3ncnc4[nH]ccc34)cn2)C1	Sex	Male	-0.08936
CCS(=O)(=O)N1CC(CC#N)(n2cc(-c3ncnc4[nH]ccc34)cn2)C1	Sex	Female	-0.01372
CCS(=O)(=O)N1CC(CC#N)(n2cc(-c3ncnc4[nH]ccc34)cn2)C1	Age	Children	-0.07114
CCS(=O)(=O)N1CC(CC#N)(n2cc(-c3ncnc4[nH]ccc34)cn2)C1	Age	Adolescent	-0.0299
CCS(=O)(=O)N1CC(CC#N)(n2cc(-c3ncnc4[nH]ccc34)cn2)C1	Age	Adult	-0.08052
CCS(=O)(=O)N1CC(CC#N)(n2cc(-c3ncnc4[nH]ccc34)cn2)C1	Age	Elderly	-0.21016
CCS(=O)(=O)N1CC(CC#N)(n2cc(-c3ncnc4[nH]ccc34)cn2)C1	Weight	Low	-0.16746
CCS(=O)(=O)N1CC(CC#N)(n2cc(-c3ncnc4[nH]ccc34)cn2)C1	Weight	Average	-0.13478
CCS(=O)(=O)N1CC(CC#N)(n2cc(-c3ncnc4[nH]ccc34)cn2)C1	Weight	High	-0.1987
CCc1cc2c(cc1CC)CC(NCC(O)c1ccc(O)c3[nH]c(=O)ccc13)C2	Sex	Male	-0.11057
CCc1cc2c(cc1CC)CC(NCC(O)c1ccc(O)c3[nH]c(=O)ccc13)C2	Sex	Female	-0.00432
CCc1cc2c(cc1CC)CC(NCC(O)c1ccc(O)c3[nH]c(=O)ccc13)C2	Age	Children	-0.06358
CCc1cc2c(cc1CC)CC(NCC(O)c1ccc(O)c3[nH]c(=O)ccc13)C2	Age	Adolescent	-0.01989
CCc1cc2c(cc1CC)CC(NCC(O)c1ccc(O)c3[nH]c(=O)ccc13)C2	Age	Adult	-0.04907
CCc1cc2c(cc1CC)CC(NCC(O)c1ccc(O)c3[nH]c(=O)ccc13)C2	Age	Elderly	-0.22223
CCc1cc2c(cc1CC)CC(NCC(O)c1ccc(O)c3[nH]c(=O)ccc13)C2	Weight	Low	-0.11677
CCc1cc2c(cc1CC)CC(NCC(O)c1ccc(O)c3[nH]c(=O)ccc13)C2	Weight	Average	-0.15309
CCc1cc2c(cc1CC)CC(NCC(O)c1ccc(O)c3[nH]c(=O)ccc13)C2	Weight	High	-0.28973
CCn1c(=O)c(-c2cc(NC(=O)Nc3ccccc3)c(F)cc2Br)cc2cnc(NC)cc21	Sex	Male	-0.11669
CCn1c(=O)c(-c2cc(NC(=O)Nc3ccccc3)c(F)cc2Br)cc2cnc(NC)cc21	Sex	Female	-0.00471
CCn1c(=O)c(-c2cc(NC(=O)Nc3ccccc3)c(F)cc2Br)cc2cnc(NC)cc21	Age	Children	-0.05024
CCn1c(=O)c(-c2cc(NC(=O)Nc3ccccc3)c(F)cc2Br)cc2cnc(NC)cc21	Age	Adolescent	-0.01772
CCn1c(=O)c(-c2cc(NC(=O)Nc3ccccc3)c(F)cc2Br)cc2cnc(NC)cc21	Age	Adult	-0.0514
CCn1c(=O)c(-c2cc(NC(=O)Nc3ccccc3)c(F)cc2Br)cc2cnc(NC)cc21	Age	Elderly	-0.09783
CCn1c(=O)c(-c2cc(NC(=O)Nc3ccccc3)c(F)cc2Br)cc2cnc(NC)cc21	Weight	Low	-0.10586
CCn1c(=O)c(-c2cc(NC(=O)Nc3ccccc3)c(F)cc2Br)cc2cnc(NC)cc21	Weight	Average	-0.05959
CCn1c(=O)c(-c2cc(NC(=O)Nc3ccccc3)c(F)cc2Br)cc2cnc(NC)cc21	Weight	High	-0.09071
CN(C)c1cc(CNCC(C)(C)C)c(O)c2c1CC1CC3C(N(C)C)C(=O)C(C(N)=O)C(=O)C3(O)C(=O)C1C2=O	Sex	Male	-0.09759
CN(C)c1cc(CNCC(C)(C)C)c(O)c2c1CC1CC3C(N(C)C)C(=O)C(C(N)=O)C(=O)C3(O)C(=O)C1C2=O	Sex	Female	-0.00559
CN(C)c1cc(CNCC(C)(C)C)c(O)c2c1CC1CC3C(N(C)C)C(=O)C(C(N)=O)C(=O)C3(O)C(=O)C1C2=O	Age	Children	-0.04169
CN(C)c1cc(CNCC(C)(C)C)c(O)c2c1CC1CC3C(N(C)C)C(=O)C(C(N)=O)C(=O)C3(O)C(=O)C1C2=O	Age	Adolescent	-0.02809
CN(C)c1cc(CNCC(C)(C)C)c(O)c2c1CC1CC3C(N(C)C)C(=O)C(C(N)=O)C(=O)C3(O)C(=O)C1C2=O	Age	Adult	-0.01663
CN(C)c1cc(CNCC(C)(C)C)c(O)c2c1CC1CC3C(N(C)C)C(=O)C(C(N)=O)C(=O)C3(O)C(=O)C1C2=O	Age	Elderly	-0.08684
CN(C)c1cc(CNCC(C)(C)C)c(O)c2c1CC1CC3C(N(C)C)C(=O)C(C(N)=O)C(=O)C3(O)C(=O)C1C2=O	Weight	Low	-0.09844
CN(C)c1cc(CNCC(C)(C)C)c(O)c2c1CC1CC3C(N(C)C)C(=O)C(C(N)=O)C(=O)C3(O)C(=O)C1C2=O	Weight	Average	-0.08813
CN(C)c1cc(CNCC(C)(C)C)c(O)c2c1CC1CC3C(N(C)C)C(=O)C(C(N)=O)C(=O)C3(O)C(=O)C1C2=O	Weight	High	-0.13174
CN1CC2c3ccccc3Oc3ccc(Cl)cc3C2C1	Sex	Male	-0.15998
CN1CC2c3ccccc3Oc3ccc(Cl)cc3C2C1	Sex	Female	-0.00916
CN1CC2c3ccccc3Oc3ccc(Cl)cc3C2C1	Age	Children	-0.05231
CN1CC2c3ccccc3Oc3ccc(Cl)cc3C2C1	Age	Adolescent	-0.00391
CN1CC2c3ccccc3Oc3ccc(Cl)cc3C2C1	Age	Adult	-0.06627
CN1CC2c3ccccc3Oc3ccc(Cl)cc3C2C1	Age	Elderly	-0.23254
CN1CC2c3ccccc3Oc3ccc(Cl)cc3C2C1	Weight	Low	-0.15892
CN1CC2c3ccccc3Oc3ccc(Cl)cc3C2C1	Weight	Average	-0.24658
CN1CC2c3ccccc3Oc3ccc(Cl)cc3C2C1	Weight	High	-0.26412
COC(=O)c1ccc2c(C(=Nc3ccc(N(C)C(=O)CN4CCN(C)CC4)cc3)c3ccccc3)c(O)[nH]c2c1	Sex	Male	-0.09536
COC(=O)c1ccc2c(C(=Nc3ccc(N(C)C(=O)CN4CCN(C)CC4)cc3)c3ccccc3)c(O)[nH]c2c1	Sex	Female	-0.00842
COC(=O)c1ccc2c(C(=Nc3ccc(N(C)C(=O)CN4CCN(C)CC4)cc3)c3ccccc3)c(O)[nH]c2c1	Age	Children	-0.03979
COC(=O)c1ccc2c(C(=Nc3ccc(N(C)C(=O)CN4CCN(C)CC4)cc3)c3ccccc3)c(O)[nH]c2c1	Age	Adolescent	-0.0107
COC(=O)c1ccc2c(C(=Nc3ccc(N(C)C(=O)CN4CCN(C)CC4)cc3)c3ccccc3)c(O)[nH]c2c1	Age	Adult	-0.03042
COC(=O)c1ccc2c(C(=Nc3ccc(N(C)C(=O)CN4CCN(C)CC4)cc3)c3ccccc3)c(O)[nH]c2c1	Age	Elderly	-0.1196
COC(=O)c1ccc2c(C(=Nc3ccc(N(C)C(=O)CN4CCN(C)CC4)cc3)c3ccccc3)c(O)[nH]c2c1	Weight	Low	-0.12772
COC(=O)c1ccc2c(C(=Nc3ccc(N(C)C(=O)CN4CCN(C)CC4)cc3)c3ccccc3)c(O)[nH]c2c1	Weight	Average	-0.14036
COC(=O)c1ccc2c(C(=Nc3ccc(N(C)C(=O)CN4CCN(C)CC4)cc3)c3ccccc3)c(O)[nH]c2c1	Weight	High	-0.17923
Cc1ccccc1-c1cc(N2CCN(C)CC2)ncc1N(C)C(=O)C(C)(C)c1cc(C(F)(F)F)cc(C(F)(F)F)c1	Sex	Male	-0.12312
Cc1ccccc1-c1cc(N2CCN(C)CC2)ncc1N(C)C(=O)C(C)(C)c1cc(C(F)(F)F)cc(C(F)(F)F)c1	Sex	Female	-0.00863
Cc1ccccc1-c1cc(N2CCN(C)CC2)ncc1N(C)C(=O)C(C)(C)c1cc(C(F)(F)F)cc(C(F)(F)F)c1	Age	Children	-0.06763
Cc1ccccc1-c1cc(N2CCN(C)CC2)ncc1N(C)C(=O)C(C)(C)c1cc(C(F)(F)F)cc(C(F)(F)F)c1	Age	Adolescent	-0.00248
Cc1ccccc1-c1cc(N2CCN(C)CC2)ncc1N(C)C(=O)C(C)(C)c1cc(C(F)(F)F)cc(C(F)(F)F)c1	Age	Adult	-0.07235
Cc1ccccc1-c1cc(N2CCN(C)CC2)ncc1N(C)C(=O)C(C)(C)c1cc(C(F)(F)F)cc(C(F)(F)F)c1	Age	Elderly	-0.19082
Cc1ccccc1-c1cc(N2CCN(C)CC2)ncc1N(C)C(=O)C(C)(C)c1cc(C(F)(F)F)cc(C(F)(F)F)c1	Weight	Low	-0.16019
Cc1ccccc1-c1cc(N2CCN(C)CC2)ncc1N(C)C(=O)C(C)(C)c1cc(C(F)(F)F)cc(C(F)(F)F)c1	Weight	Average	-0.14998
Cc1ccccc1-c1cc(N2CCN(C)CC2)ncc1N(C)C(=O)C(C)(C)c1cc(C(F)(F)F)cc(C(F)(F)F)c1	Weight	High	-0.26258
Cn1cnc([N+](=O)[O-])c1Sc1ncnc2[nH]cnc12	Sex	Male	-0.07055
Cn1cnc([N+](=O)[O-])c1Sc1ncnc2[nH]cnc12	Sex	Female	-0.01962
Cn1cnc([N+](=O)[O-])c1Sc1ncnc2[nH]cnc12	Age	Children	-0.07999
Cn1cnc([N+](=O)[O-])c1Sc1ncnc2[nH]cnc12	Age	Adolescent	-0.04229
Cn1cnc([N+](=O)[O-])c1Sc1ncnc2[nH]cnc12	Age	Adult	-0.08244
Cn1cnc([N+](=O)[O-])c1Sc1ncnc2[nH]cnc12	Age	Elderly	-0.24211
Cn1cnc([N+](=O)[O-])c1Sc1ncnc2[nH]cnc12	Weight	Low	-0.25824
Cn1cnc([N+](=O)[O-])c1Sc1ncnc2[nH]cnc12	Weight	Average	-0.24157
Cn1cnc([N+](=O)[O-])c1Sc1ncnc2[nH]cnc12	Weight	High	-0.26671
FC(F)(F)C(F)(F)C(F)(F)F	Sex	Male	-0.08013
FC(F)(F)C(F)(F)C(F)(F)F	Sex	Female	-0.01221
FC(F)(F)C(F)(F)C(F)(F)F	Age	Children	-0.08198
FC(F)(F)C(F)(F)C(F)(F)F	Age	Adolescent	-0.02822
FC(F)(F)C(F)(F)C(F)(F)F	Age	Adult	-0.0861
FC(F)(F)C(F)(F)C(F)(F)F	Age	Elderly	-0.22075
FC(F)(F)C(F)(F)C(F)(F)F	Weight	Low	-0.27328
FC(F)(F)C(F)(F)C(F)(F)F	Weight	Average	-0.21109
FC(F)(F)C(F)(F)C(F)(F)F	Weight	High	-0.28397
O=[N+]([O-])c1cn2c(n1)OCC(OCc1ccc(OC(F)(F)F)cc1)C2	Sex	Male	-0.08654
O=[N+]([O-])c1cn2c(n1)OCC(OCc1ccc(OC(F)(F)F)cc1)C2	Sex	Female	-0.01035
O=[N+]([O-])c1cn2c(n1)OCC(OCc1ccc(OC(F)(F)F)cc1)C2	Age	Children	-0.06749
O=[N+]([O-])c1cn2c(n1)OCC(OCc1ccc(OC(F)(F)F)cc1)C2	Age	Adolescent	-0.02954
O=[N+]([O-])c1cn2c(n1)OCC(OCc1ccc(OC(F)(F)F)cc1)C2	Age	Adult	-0.06952
O=[N+]([O-])c1cn2c(n1)OCC(OCc1ccc(OC(F)(F)F)cc1)C2	Age	Elderly	-0.16685
O=[N+]([O-])c1cn2c(n1)OCC(OCc1ccc(OC(F)(F)F)cc1)C2	Weight	Low	-0.19133
O=[N+]([O-])c1cn2c(n1)OCC(OCc1ccc(OC(F)(F)F)cc1)C2	Weight	Average	-0.09147
O=[N+]([O-])c1cn2c(n1)OCC(OCc1ccc(OC(F)(F)F)cc1)C2	Weight	High	-0.1568
c1cnc2cc3c(cc2n1)C1CNCC3C1	Sex	Male	-0.10795
c1cnc2cc3c(cc2n1)C1CNCC3C1	Sex	Female	-0.0157
c1cnc2cc3c(cc2n1)C1CNCC3C1	Age	Children	-0.0796
c1cnc2cc3c(cc2n1)C1CNCC3C1	Age	Adolescent	-0.02828
c1cnc2cc3c(cc2n1)C1CNCC3C1	Age	Adult	-0.12186
c1cnc2cc3c(cc2n1)C1CNCC3C1	Age	Elderly	-0.25818
c1cnc2cc3c(cc2n1)C1CNCC3C1	Weight	Low	-0.25896
c1cnc2cc3c(cc2n1)C1CNCC3C1	Weight	Average	-0.21209
c1cnc2cc3c(cc2n1)C1CNCC3C1	Weight	High	-0.28734
CC=C(C)C(=O)OC1C(C)=CC23C(=O)C(=CC(CO)C(O)C12O)C1C(CC3C)C1(C)C	Sex	Male	-0.08959
CC=C(C)C(=O)OC1C(C)=CC23C(=O)C(=CC(CO)C(O)C12O)C1C(CC3C)C1(C)C	Sex	Female	-0.00812
CC=C(C)C(=O)OC1C(C)=CC23C(=O)C(=CC(CO)C(O)C12O)C1C(CC3C)C1(C)C	Age	Children	-0.0788
CC=C(C)C(=O)OC1C(C)=CC23C(=O)C(=CC(CO)C(O)C12O)C1C(CC3C)C1(C)C	Age	Adolescent	-0.03696
CC=C(C)C(=O)OC1C(C)=CC23C(=O)C(=CC(CO)C(O)C12O)C1C(CC3C)C1(C)C	Age	Adult	-0.07845
CC=C(C)C(=O)OC1C(C)=CC23C(=O)C(=CC(CO)C(O)C12O)C1C(CC3C)C1(C)C	Age	Elderly	-0.11584
CC=C(C)C(=O)OC1C(C)=CC23C(=O)C(=CC(CO)C(O)C12O)C1C(CC3C)C1(C)C	Weight	Low	-0.09864
CC=C(C)C(=O)OC1C(C)=CC23C(=O)C(=CC(CO)C(O)C12O)C1C(CC3C)C1(C)C	Weight	Average	-0.08692
CC=C(C)C(=O)OC1C(C)=CC23C(=O)C(=CC(CO)C(O)C12O)C1C(CC3C)C1(C)C	Weight	High	-0.13948
CCC1CN2CCc3c([nH]c4cccc(OC)c34)C2CC1C(=COC)C(=O)OC	Sex	Male	-0.07214
CCC1CN2CCc3c([nH]c4cccc(OC)c34)C2CC1C(=COC)C(=O)OC	Sex	Female	-0.01147
CCC1CN2CCc3c([nH]c4cccc(OC)c34)C2CC1C(=COC)C(=O)OC	Age	Children	-0.0612
CCC1CN2CCc3c([nH]c4cccc(OC)c34)C2CC1C(=COC)C(=O)OC	Age	Adolescent	-0.01665
CCC1CN2CCc3c([nH]c4cccc(OC)c34)C2CC1C(=COC)C(=O)OC	Age	Adult	-0.04342
CCC1CN2CCc3c([nH]c4cccc(OC)c34)C2CC1C(=COC)C(=O)OC	Age	Elderly	-0.0995
CCC1CN2CCc3c([nH]c4cccc(OC)c34)C2CC1C(=COC)C(=O)OC	Weight	Low	-0.0931
CCC1CN2CCc3c([nH]c4cccc(OC)c34)C2CC1C(=COC)C(=O)OC	Weight	Average	-0.15064
CCC1CN2CCc3c([nH]c4cccc(OC)c34)C2CC1C(=COC)C(=O)OC	Weight	High	-0.19075
CCCCS(=O)(=O)NC(Cc1ccc(OCCCCC2CCNCC2)cc1)C(=O)O	Sex	Male	-0.05724
CCCCS(=O)(=O)NC(Cc1ccc(OCCCCC2CCNCC2)cc1)C(=O)O	Sex	Female	-0.00544
CCCCS(=O)(=O)NC(Cc1ccc(OCCCCC2CCNCC2)cc1)C(=O)O	Age	Children	-0.08081
CCCCS(=O)(=O)NC(Cc1ccc(OCCCCC2CCNCC2)cc1)C(=O)O	Age	Adolescent	-0.03032
CCCCS(=O)(=O)NC(Cc1ccc(OCCCCC2CCNCC2)cc1)C(=O)O	Age	Adult	-0.05607
CCCCS(=O)(=O)NC(Cc1ccc(OCCCCC2CCNCC2)cc1)C(=O)O	Age	Elderly	-0.15397
CCCCS(=O)(=O)NC(Cc1ccc(OCCCCC2CCNCC2)cc1)C(=O)O	Weight	Low	-0.14797
CCCCS(=O)(=O)NC(Cc1ccc(OCCCCC2CCNCC2)cc1)C(=O)O	Weight	Average	-0.10079
CCCCS(=O)(=O)NC(Cc1ccc(OCCCCC2CCNCC2)cc1)C(=O)O	Weight	High	-0.17366
CCN(CC)C(=O)C(C#N)=Cc1cc(O)c(O)c([N+](=O)[O-])c1	Sex	Male	-0.09874
CCN(CC)C(=O)C(C#N)=Cc1cc(O)c(O)c([N+](=O)[O-])c1	Sex	Female	-0.01404
CCN(CC)C(=O)C(C#N)=Cc1cc(O)c(O)c([N+](=O)[O-])c1	Age	Children	-0.06341
CCN(CC)C(=O)C(C#N)=Cc1cc(O)c(O)c([N+](=O)[O-])c1	Age	Adolescent	-0.03816
CCN(CC)C(=O)C(C#N)=Cc1cc(O)c(O)c([N+](=O)[O-])c1	Age	Adult	-0.08757
CCN(CC)C(=O)C(C#N)=Cc1cc(O)c(O)c([N+](=O)[O-])c1	Age	Elderly	-0.2034
CCN(CC)C(=O)C(C#N)=Cc1cc(O)c(O)c([N+](=O)[O-])c1	Weight	Low	-0.20334
CCN(CC)C(=O)C(C#N)=Cc1cc(O)c(O)c([N+](=O)[O-])c1	Weight	Average	-0.19093
CCN(CC)C(=O)C(C#N)=Cc1cc(O)c(O)c([N+](=O)[O-])c1	Weight	High	-0.27782
CCN(CC)C(=O)C1(c2ccccc2)CC1CN	Sex	Male	-0.07114
CCN(CC)C(=O)C1(c2ccccc2)CC1CN	Sex	Female	-0.00627
CCN(CC)C(=O)C1(c2ccccc2)CC1CN	Age	Children	-0.0468
CCN(CC)C(=O)C1(c2ccccc2)CC1CN	Age	Adolescent	-0.01455
CCN(CC)C(=O)C1(c2ccccc2)CC1CN	Age	Adult	-0.01864
CCN(CC)C(=O)C1(c2ccccc2)CC1CN	Age	Elderly	-0.19366
CCN(CC)C(=O)C1(c2ccccc2)CC1CN	Weight	Low	-0.21882
CCN(CC)C(=O)C1(c2ccccc2)CC1CN	Weight	Average	-0.19157
CCN(CC)C(=O)C1(c2ccccc2)CC1CN	Weight	High	-0.24905
CN(C)CCCN1c2ccccc2CCc2ccc(Cl)cc21	Sex	Male	-0.05344
CN(C)CCCN1c2ccccc2CCc2ccc(Cl)cc21	Sex	Female	-0.00155
CN(C)CCCN1c2ccccc2CCc2ccc(Cl)cc21	Age	Children	-0.01924
CN(C)CCCN1c2ccccc2CCc2ccc(Cl)cc21	Age	Adolescent	-0.00163
CN(C)CCCN1c2ccccc2CCc2ccc(Cl)cc21	Age	Adult	-0.02476
CN(C)CCCN1c2ccccc2CCc2ccc(Cl)cc21	Age	Elderly	-0.1064
CN(C)CCCN1c2ccccc2CCc2ccc(Cl)cc21	Weight	Low	-0.08188
CN(C)CCCN1c2ccccc2CCc2ccc(Cl)cc21	Weight	Average	-0.10093
CN(C)CCCN1c2ccccc2CCc2ccc(Cl)cc21	Weight	High	-0.08726
CN(C)c1ccc2nc3ccc(=[N+](C)C)cc-3sc2c1	Sex	Male	-0.13064
CN(C)c1ccc2nc3ccc(=[N+](C)C)cc-3sc2c1	Sex	Female	-0.01089
CN(C)c1ccc2nc3ccc(=[N+](C)C)cc-3sc2c1	Age	Children	-0.06743
CN(C)c1ccc2nc3ccc(=[N+](C)C)cc-3sc2c1	Age	Adolescent	-0.02288
CN(C)c1ccc2nc3ccc(=[N+](C)C)cc-3sc2c1	Age	Adult	-0.07626
CN(C)c1ccc2nc3ccc(=[N+](C)C)cc-3sc2c1	Age	Elderly	-0.2316
CN(C)c1ccc2nc3ccc(=[N+](C)C)cc-3sc2c1	Weight	Low	-0.18769
CN(C)c1ccc2nc3ccc(=[N+](C)C)cc-3sc2c1	Weight	Average	-0.1521
CN(C)c1ccc2nc3ccc(=[N+](C)C)cc-3sc2c1	Weight	High	-0.23372
CN1CCN(c2nc(C3=C(c4c[nH]c5ccccc45)C(=O)NC3=O)c3ccccc3n2)CC1	Sex	Male	-0.0931
CN1CCN(c2nc(C3=C(c4c[nH]c5ccccc45)C(=O)NC3=O)c3ccccc3n2)CC1	Sex	Female	-0.00886
CN1CCN(c2nc(C3=C(c4c[nH]c5ccccc45)C(=O)NC3=O)c3ccccc3n2)CC1	Age	Children	-0.08018
CN1CCN(c2nc(C3=C(c4c[nH]c5ccccc45)C(=O)NC3=O)c3ccccc3n2)CC1	Age	Adolescent	-0.02366
CN1CCN(c2nc(C3=C(c4c[nH]c5ccccc45)C(=O)NC3=O)c3ccccc3n2)CC1	Age	Adult	-0.07745
CN1CCN(c2nc(C3=C(c4c[nH]c5ccccc45)C(=O)NC3=O)c3ccccc3n2)CC1	Age	Elderly	-0.22316
CN1CCN(c2nc(C3=C(c4c[nH]c5ccccc45)C(=O)NC3=O)c3ccccc3n2)CC1	Weight	Low	-0.23383
CN1CCN(c2nc(C3=C(c4c[nH]c5ccccc45)C(=O)NC3=O)c3ccccc3n2)CC1	Weight	Average	-0.24391
CN1CCN(c2nc(C3=C(c4c[nH]c5ccccc45)C(=O)NC3=O)c3ccccc3n2)CC1	Weight	High	-0.2492
CNC(=O)c1ccc(N2C(=S)N(c3cnc(C#N)c(C(F)(F)F)c3)C(=O)C23CCC3)cc1F	Sex	Male	-0.08881
CNC(=O)c1ccc(N2C(=S)N(c3cnc(C#N)c(C(F)(F)F)c3)C(=O)C23CCC3)cc1F	Sex	Female	-0.01496
CNC(=O)c1ccc(N2C(=S)N(c3cnc(C#N)c(C(F)(F)F)c3)C(=O)C23CCC3)cc1F	Age	Children	-0.07121
CNC(=O)c1ccc(N2C(=S)N(c3cnc(C#N)c(C(F)(F)F)c3)C(=O)C23CCC3)cc1F	Age	Adolescent	-0.03919
CNC(=O)c1ccc(N2C(=S)N(c3cnc(C#N)c(C(F)(F)F)c3)C(=O)C23CCC3)cc1F	Age	Adult	-0.14357
CNC(=O)c1ccc(N2C(=S)N(c3cnc(C#N)c(C(F)(F)F)c3)C(=O)C23CCC3)cc1F	Age	Elderly	-0.17153
CNC(=O)c1ccc(N2C(=S)N(c3cnc(C#N)c(C(F)(F)F)c3)C(=O)C23CCC3)cc1F	Weight	Low	-0.26022
CNC(=O)c1ccc(N2C(=S)N(c3cnc(C#N)c(C(F)(F)F)c3)C(=O)C23CCC3)cc1F	Weight	Average	-0.16088
CNC(=O)c1ccc(N2C(=S)N(c3cnc(C#N)c(C(F)(F)F)c3)C(=O)C23CCC3)cc1F	Weight	High	-0.24178
COc1cc(C)c(C=CC(C)=CC=CC(C)=CC(=O)O)c(C)c1C	Sex	Male	-0.10113
COc1cc(C)c(C=CC(C)=CC=CC(C)=CC(=O)O)c(C)c1C	Sex	Female	-0.00668
COc1cc(C)c(C=CC(C)=CC=CC(C)=CC(=O)O)c(C)c1C	Age	Children	-0.07998
COc1cc(C)c(C=CC(C)=CC=CC(C)=CC(=O)O)c(C)c1C	Age	Adolescent	-0.02589
COc1cc(C)c(C=CC(C)=CC=CC(C)=CC(=O)O)c(C)c1C	Age	Adult	-0.05712
COc1cc(C)c(C=CC(C)=CC=CC(C)=CC(=O)O)c(C)c1C	Age	Elderly	-0.19431
COc1cc(C)c(C=CC(C)=CC=CC(C)=CC(=O)O)c(C)c1C	Weight	Low	-0.19432
COc1cc(C)c(C=CC(C)=CC=CC(C)=CC(=O)O)c(C)c1C	Weight	Average	-0.09324
COc1cc(C)c(C=CC(C)=CC=CC(C)=CC(=O)O)c(C)c1C	Weight	High	-0.22541
COc1cc2nc(N(C)CCCNC(=O)C3CCCO3)nc(N)c2cc1OC	Sex	Male	-0.06785
COc1cc2nc(N(C)CCCNC(=O)C3CCCO3)nc(N)c2cc1OC	Sex	Female	-0.00106
COc1cc2nc(N(C)CCCNC(=O)C3CCCO3)nc(N)c2cc1OC	Age	Children	-0.03112
COc1cc2nc(N(C)CCCNC(=O)C3CCCO3)nc(N)c2cc1OC	Age	Adolescent	-0.01006
COc1cc2nc(N(C)CCCNC(=O)C3CCCO3)nc(N)c2cc1OC	Age	Adult	-0.0236
COc1cc2nc(N(C)CCCNC(=O)C3CCCO3)nc(N)c2cc1OC	Age	Elderly	-0.0765
COc1cc2nc(N(C)CCCNC(=O)C3CCCO3)nc(N)c2cc1OC	Weight	Low	-0.08433
COc1cc2nc(N(C)CCCNC(=O)C3CCCO3)nc(N)c2cc1OC	Weight	Average	-0.06494
COc1cc2nc(N(C)CCCNC(=O)C3CCCO3)nc(N)c2cc1OC	Weight	High	-0.04895
COc1cc2nc(N3CCN(C(=O)C4CCCO4)CC3)nc(N)c2cc1OC	Sex	Male	-0.10667
COc1cc2nc(N3CCN(C(=O)C4CCCO4)CC3)nc(N)c2cc1OC	Sex	Female	-0.0078
COc1cc2nc(N3CCN(C(=O)C4CCCO4)CC3)nc(N)c2cc1OC	Age	Children	-0.06517
COc1cc2nc(N3CCN(C(=O)C4CCCO4)CC3)nc(N)c2cc1OC	Age	Adolescent	-0.0281
COc1cc2nc(N3CCN(C(=O)C4CCCO4)CC3)nc(N)c2cc1OC	Age	Adult	-0.06229
COc1cc2nc(N3CCN(C(=O)C4CCCO4)CC3)nc(N)c2cc1OC	Age	Elderly	-0.19622
COc1cc2nc(N3CCN(C(=O)C4CCCO4)CC3)nc(N)c2cc1OC	Weight	Low	-0.18358
COc1cc2nc(N3CCN(C(=O)C4CCCO4)CC3)nc(N)c2cc1OC	Weight	Average	-0.16316
COc1cc2nc(N3CCN(C(=O)C4CCCO4)CC3)nc(N)c2cc1OC	Weight	High	-0.17474
COc1cc2nc(N3CCN(C(=O)C4COc5ccccc5O4)CC3)nc(N)c2cc1OC	Sex	Male	-0.08554
COc1cc2nc(N3CCN(C(=O)C4COc5ccccc5O4)CC3)nc(N)c2cc1OC	Sex	Female	-0.00686
COc1cc2nc(N3CCN(C(=O)C4COc5ccccc5O4)CC3)nc(N)c2cc1OC	Age	Children	-0.04648
COc1cc2nc(N3CCN(C(=O)C4COc5ccccc5O4)CC3)nc(N)c2cc1OC	Age	Adolescent	-0.01185
COc1cc2nc(N3CCN(C(=O)C4COc5ccccc5O4)CC3)nc(N)c2cc1OC	Age	Adult	-0.05337
COc1cc2nc(N3CCN(C(=O)C4COc5ccccc5O4)CC3)nc(N)c2cc1OC	Age	Elderly	-0.18964
COc1cc2nc(N3CCN(C(=O)C4COc5ccccc5O4)CC3)nc(N)c2cc1OC	Weight	Low	-0.13573
COc1cc2nc(N3CCN(C(=O)C4COc5ccccc5O4)CC3)nc(N)c2cc1OC	Weight	Average	-0.14335
COc1cc2nc(N3CCN(C(=O)C4COc5ccccc5O4)CC3)nc(N)c2cc1OC	Weight	High	-0.17753
Cc1cnc(NC(=O)C2C(=O)c3ccccc3S(=O)(=O)N2C)s1	Sex	Male	-0.07189
Cc1cnc(NC(=O)C2C(=O)c3ccccc3S(=O)(=O)N2C)s1	Sex	Female	-0.01395
Cc1cnc(NC(=O)C2C(=O)c3ccccc3S(=O)(=O)N2C)s1	Age	Children	-0.06359
Cc1cnc(NC(=O)C2C(=O)c3ccccc3S(=O)(=O)N2C)s1	Age	Adolescent	-0.02812
Cc1cnc(NC(=O)C2C(=O)c3ccccc3S(=O)(=O)N2C)s1	Age	Adult	-0.06632
Cc1cnc(NC(=O)C2C(=O)c3ccccc3S(=O)(=O)N2C)s1	Age	Elderly	-0.12753
Cc1cnc(NC(=O)C2C(=O)c3ccccc3S(=O)(=O)N2C)s1	Weight	Low	-0.04053
Cc1cnc(NC(=O)C2C(=O)c3ccccc3S(=O)(=O)N2C)s1	Weight	Average	-0.15797
Cc1cnc(NC(=O)C2C(=O)c3ccccc3S(=O)(=O)N2C)s1	Weight	High	-0.21473
Cn1c(Cn2ccc(C(F)(F)F)c(Oc3cc(Cl)cc(C#N)c3)c2=O)n[nH]c1=O	Sex	Male	-0.0744
Cn1c(Cn2ccc(C(F)(F)F)c(Oc3cc(Cl)cc(C#N)c3)c2=O)n[nH]c1=O	Sex	Female	-0.01421
Cn1c(Cn2ccc(C(F)(F)F)c(Oc3cc(Cl)cc(C#N)c3)c2=O)n[nH]c1=O	Age	Children	-0.04055
Cn1c(Cn2ccc(C(F)(F)F)c(Oc3cc(Cl)cc(C#N)c3)c2=O)n[nH]c1=O	Age	Adolescent	-0.01446
Cn1c(Cn2ccc(C(F)(F)F)c(Oc3cc(Cl)cc(C#N)c3)c2=O)n[nH]c1=O	Age	Adult	-0.08512
Cn1c(Cn2ccc(C(F)(F)F)c(Oc3cc(Cl)cc(C#N)c3)c2=O)n[nH]c1=O	Age	Elderly	-0.09862
Cn1c(Cn2ccc(C(F)(F)F)c(Oc3cc(Cl)cc(C#N)c3)c2=O)n[nH]c1=O	Weight	Low	-0.15878
Cn1c(Cn2ccc(C(F)(F)F)c(Oc3cc(Cl)cc(C#N)c3)c2=O)n[nH]c1=O	Weight	Average	-0.06341
Cn1c(Cn2ccc(C(F)(F)F)c(Oc3cc(Cl)cc(C#N)c3)c2=O)n[nH]c1=O	Weight	High	-0.14645
NC(CO)(CO)CO	Sex	Male	-0.10099
NC(CO)(CO)CO	Sex	Female	-0.01147
NC(CO)(CO)CO	Age	Children	-0.07975
NC(CO)(CO)CO	Age	Adolescent	-0.0368
NC(CO)(CO)CO	Age	Adult	-0.08916
NC(CO)(CO)CO	Age	Elderly	-0.23567
NC(CO)(CO)CO	Weight	Low	-0.26775
NC(CO)(CO)CO	Weight	Average	-0.21307
NC(CO)(CO)CO	Weight	High	-0.26361
O=C(O)CC(O)CC(O)C=Cc1c(C2CC2)nc2ccccc2c1-c1ccc(F)cc1	Sex	Male	-0.05366
O=C(O)CC(O)CC(O)C=Cc1c(C2CC2)nc2ccccc2c1-c1ccc(F)cc1	Sex	Female	-0.01141
O=C(O)CC(O)CC(O)C=Cc1c(C2CC2)nc2ccccc2c1-c1ccc(F)cc1	Age	Children	-0.08091
O=C(O)CC(O)CC(O)C=Cc1c(C2CC2)nc2ccccc2c1-c1ccc(F)cc1	Age	Adolescent	-0.02085
O=C(O)CC(O)CC(O)C=Cc1c(C2CC2)nc2ccccc2c1-c1ccc(F)cc1	Age	Adult	-0.07853
O=C(O)CC(O)CC(O)C=Cc1c(C2CC2)nc2ccccc2c1-c1ccc(F)cc1	Age	Elderly	-0.13415
O=C(O)CC(O)CC(O)C=Cc1c(C2CC2)nc2ccccc2c1-c1ccc(F)cc1	Weight	Low	-0.07671
O=C(O)CC(O)CC(O)C=Cc1c(C2CC2)nc2ccccc2c1-c1ccc(F)cc1	Weight	Average	-0.09104
O=C(O)CC(O)CC(O)C=Cc1c(C2CC2)nc2ccccc2c1-c1ccc(F)cc1	Weight	High	-0.20447
C=CCC1(CC(C)C)C(=O)NC(=O)NC1=O	Sex	Male	-0.11779
C=CCC1(CC(C)C)C(=O)NC(=O)NC1=O	Sex	Female	-0.01103
C=CCC1(CC(C)C)C(=O)NC(=O)NC1=O	Age	Children	-0.08929
C=CCC1(CC(C)C)C(=O)NC(=O)NC1=O	Age	Adolescent	-0.03084
C=CCC1(CC(C)C)C(=O)NC(=O)NC1=O	Age	Adult	-0.03882
C=CCC1(CC(C)C)C(=O)NC(=O)NC1=O	Age	Elderly	-0.18398
C=CCC1(CC(C)C)C(=O)NC(=O)NC1=O	Weight	Low	-0.20304
C=CCC1(CC(C)C)C(=O)NC(=O)NC1=O	Weight	Average	-0.15183
C=CCC1(CC(C)C)C(=O)NC(=O)NC1=O	Weight	High	-0.21549
CC(C)OC(=O)C(C)(C)Oc1ccc(C(=O)c2ccc(Cl)cc2)cc1	Sex	Male	-0.08408
CC(C)OC(=O)C(C)(C)Oc1ccc(C(=O)c2ccc(Cl)cc2)cc1	Sex	Female	-0.00966
CC(C)OC(=O)C(C)(C)Oc1ccc(C(=O)c2ccc(Cl)cc2)cc1	Age	Children	-0.08712
CC(C)OC(=O)C(C)(C)Oc1ccc(C(=O)c2ccc(Cl)cc2)cc1	Age	Adolescent	-0.01336
CC(C)OC(=O)C(C)(C)Oc1ccc(C(=O)c2ccc(Cl)cc2)cc1	Age	Adult	-0.07106
CC(C)OC(=O)C(C)(C)Oc1ccc(C(=O)c2ccc(Cl)cc2)cc1	Age	Elderly	-0.19832
CC(C)OC(=O)C(C)(C)Oc1ccc(C(=O)c2ccc(Cl)cc2)cc1	Weight	Low	-0.20017
CC(C)OC(=O)C(C)(C)Oc1ccc(C(=O)c2ccc(Cl)cc2)cc1	Weight	Average	-0.15664
CC(C)OC(=O)C(C)(C)Oc1ccc(C(=O)c2ccc(Cl)cc2)cc1	Weight	High	-0.20542
CCCC(C)(COC(N)=O)COC(N)=O	Sex	Male	-0.09727
CCCC(C)(COC(N)=O)COC(N)=O	Sex	Female	-0.00716
CCCC(C)(COC(N)=O)COC(N)=O	Age	Children	-0.06337
CCCC(C)(COC(N)=O)COC(N)=O	Age	Adolescent	-0.0209
CCCC(C)(COC(N)=O)COC(N)=O	Age	Adult	-0.03578
CCCC(C)(COC(N)=O)COC(N)=O	Age	Elderly	-0.19312
CCCC(C)(COC(N)=O)COC(N)=O	Weight	Low	-0.18572
CCCC(C)(COC(N)=O)COC(N)=O	Weight	Average	-0.1534
CCCC(C)(COC(N)=O)COC(N)=O	Weight	High	-0.18689
C=CC(=O)N1CCN(c2nc(=O)n(-c3c(C)ccnc3C(C)C)c3nc(-c4c(O)cccc4F)c(F)cc23)C(C)C1	Sex	Male	-0.069
C=CC(=O)N1CCN(c2nc(=O)n(-c3c(C)ccnc3C(C)C)c3nc(-c4c(O)cccc4F)c(F)cc23)C(C)C1	Sex	Female	-0.00806
C=CC(=O)N1CCN(c2nc(=O)n(-c3c(C)ccnc3C(C)C)c3nc(-c4c(O)cccc4F)c(F)cc23)C(C)C1	Age	Children	-0.05428
C=CC(=O)N1CCN(c2nc(=O)n(-c3c(C)ccnc3C(C)C)c3nc(-c4c(O)cccc4F)c(F)cc23)C(C)C1	Age	Adolescent	-0.03103
C=CC(=O)N1CCN(c2nc(=O)n(-c3c(C)ccnc3C(C)C)c3nc(-c4c(O)cccc4F)c(F)cc23)C(C)C1	Age	Adult	-0.04829
C=CC(=O)N1CCN(c2nc(=O)n(-c3c(C)ccnc3C(C)C)c3nc(-c4c(O)cccc4F)c(F)cc23)C(C)C1	Age	Elderly	-0.10705
C=CC(=O)N1CCN(c2nc(=O)n(-c3c(C)ccnc3C(C)C)c3nc(-c4c(O)cccc4F)c(F)cc23)C(C)C1	Weight	Low	-0.10745
C=CC(=O)N1CCN(c2nc(=O)n(-c3c(C)ccnc3C(C)C)c3nc(-c4c(O)cccc4F)c(F)cc23)C(C)C1	Weight	Average	-0.06059
C=CC(=O)N1CCN(c2nc(=O)n(-c3c(C)ccnc3C(C)C)c3nc(-c4c(O)cccc4F)c(F)cc23)C(C)C1	Weight	High	-0.10026
C=Cc1c(C)c2[nH]c1=Cc1[nH]c(c(CCC(=O)O)c1C)C=c1[nH]c(c(C)c1CCC(=O)OC)=CC1=NC(=C3C=CC(C(=O)OC)=C(C(=O)OC)C13C)C=2	Sex	Male	-0.04847
C=Cc1c(C)c2[nH]c1=Cc1[nH]c(c(CCC(=O)O)c1C)C=c1[nH]c(c(C)c1CCC(=O)OC)=CC1=NC(=C3C=CC(C(=O)OC)=C(C(=O)OC)C13C)C=2	Sex	Female	-0.01022
C=Cc1c(C)c2[nH]c1=Cc1[nH]c(c(CCC(=O)O)c1C)C=c1[nH]c(c(C)c1CCC(=O)OC)=CC1=NC(=C3C=CC(C(=O)OC)=C(C(=O)OC)C13C)C=2	Age	Children	-0.06432
C=Cc1c(C)c2[nH]c1=Cc1[nH]c(c(CCC(=O)O)c1C)C=c1[nH]c(c(C)c1CCC(=O)OC)=CC1=NC(=C3C=CC(C(=O)OC)=C(C(=O)OC)C13C)C=2	Age	Adolescent	-0.02826
C=Cc1c(C)c2[nH]c1=Cc1[nH]c(c(CCC(=O)O)c1C)C=c1[nH]c(c(C)c1CCC(=O)OC)=CC1=NC(=C3C=CC(C(=O)OC)=C(C(=O)OC)C13C)C=2	Age	Adult	-0.05119
C=Cc1c(C)c2[nH]c1=Cc1[nH]c(c(CCC(=O)O)c1C)C=c1[nH]c(c(C)c1CCC(=O)OC)=CC1=NC(=C3C=CC(C(=O)OC)=C(C(=O)OC)C13C)C=2	Age	Elderly	-0.09608
C=Cc1c(C)c2[nH]c1=Cc1[nH]c(c(CCC(=O)O)c1C)C=c1[nH]c(c(C)c1CCC(=O)OC)=CC1=NC(=C3C=CC(C(=O)OC)=C(C(=O)OC)C13C)C=2	Weight	Low	-0.09379
C=Cc1c(C)c2[nH]c1=Cc1[nH]c(c(CCC(=O)O)c1C)C=c1[nH]c(c(C)c1CCC(=O)OC)=CC1=NC(=C3C=CC(C(=O)OC)=C(C(=O)OC)C13C)C=2	Weight	Average	-0.07302
C=Cc1c(C)c2[nH]c1=Cc1[nH]c(c(CCC(=O)O)c1C)C=c1[nH]c(c(C)c1CCC(=O)OC)=CC1=NC(=C3C=CC(C(=O)OC)=C(C(=O)OC)C13C)C=2	Weight	High	-0.14773
CC(=O)OC1Cc2ccccc2N(C(N)=O)c2ccccc21	Sex	Male	-0.08646
CC(=O)OC1Cc2ccccc2N(C(N)=O)c2ccccc21	Sex	Female	-0.00379
CC(=O)OC1Cc2ccccc2N(C(N)=O)c2ccccc21	Age	Children	-0.05069
CC(=O)OC1Cc2ccccc2N(C(N)=O)c2ccccc21	Age	Adolescent	-0.00492
CC(=O)OC1Cc2ccccc2N(C(N)=O)c2ccccc21	Age	Adult	-0.03687
CC(=O)OC1Cc2ccccc2N(C(N)=O)c2ccccc21	Age	Elderly	-0.14697
CC(=O)OC1Cc2ccccc2N(C(N)=O)c2ccccc21	Weight	Low	-0.12011
CC(=O)OC1Cc2ccccc2N(C(N)=O)c2ccccc21	Weight	Average	-0.15376
CC(=O)OC1Cc2ccccc2N(C(N)=O)c2ccccc21	Weight	High	-0.1813
CC(C)=CCN1CCC2(C)c3cc(O)ccc3CC1C2C	Sex	Male	-0.09132
CC(C)=CCN1CCC2(C)c3cc(O)ccc3CC1C2C	Sex	Female	-0.00896
CC(C)=CCN1CCC2(C)c3cc(O)ccc3CC1C2C	Age	Children	-0.07461
CC(C)=CCN1CCC2(C)c3cc(O)ccc3CC1C2C	Age	Adolescent	-0.04194
CC(C)=CCN1CCC2(C)c3cc(O)ccc3CC1C2C	Age	Adult	-0.10432
CC(C)=CCN1CCC2(C)c3cc(O)ccc3CC1C2C	Age	Elderly	-0.22925
CC(C)=CCN1CCC2(C)c3cc(O)ccc3CC1C2C	Weight	Low	-0.21616
CC(C)=CCN1CCC2(C)c3cc(O)ccc3CC1C2C	Weight	Average	-0.20091
CC(C)=CCN1CCC2(C)c3cc(O)ccc3CC1C2C	Weight	High	-0.22535
CC(C)NCC(O)COc1ccc(CCOCC2CC2)cc1	Sex	Male	-0.05694
CC(C)NCC(O)COc1ccc(CCOCC2CC2)cc1	Sex	Female	-0.00296
CC(C)NCC(O)COc1ccc(CCOCC2CC2)cc1	Age	Children	-0.04177
CC(C)NCC(O)COc1ccc(CCOCC2CC2)cc1	Age	Adolescent	-0.01398
CC(C)NCC(O)COc1ccc(CCOCC2CC2)cc1	Age	Adult	-0.03413
CC(C)NCC(O)COc1ccc(CCOCC2CC2)cc1	Age	Elderly	-0.09571
CC(C)NCC(O)COc1ccc(CCOCC2CC2)cc1	Weight	Low	-0.09788
CC(C)NCC(O)COc1ccc(CCOCC2CC2)cc1	Weight	Average	-0.07603
CC(C)NCC(O)COc1ccc(CCOCC2CC2)cc1	Weight	High	-0.11198
CC(C)n1c(C=CC(O)CC(O)CC(=O)O)c(-c2ccc(F)cc2)c2ccccc21	Sex	Male	-0.05659
CC(C)n1c(C=CC(O)CC(O)CC(=O)O)c(-c2ccc(F)cc2)c2ccccc21	Sex	Female	-0.00974
CC(C)n1c(C=CC(O)CC(O)CC(=O)O)c(-c2ccc(F)cc2)c2ccccc21	Age	Children	-0.07606
CC(C)n1c(C=CC(O)CC(O)CC(=O)O)c(-c2ccc(F)cc2)c2ccccc21	Age	Adolescent	-0.0105
CC(C)n1c(C=CC(O)CC(O)CC(=O)O)c(-c2ccc(F)cc2)c2ccccc21	Age	Adult	-0.07035
CC(C)n1c(C=CC(O)CC(O)CC(=O)O)c(-c2ccc(F)cc2)c2ccccc21	Age	Elderly	-0.15638
CC(C)n1c(C=CC(O)CC(O)CC(=O)O)c(-c2ccc(F)cc2)c2ccccc21	Weight	Low	-0.10101
CC(C)n1c(C=CC(O)CC(O)CC(=O)O)c(-c2ccc(F)cc2)c2ccccc21	Weight	Average	-0.12456
CC(C)n1c(C=CC(O)CC(O)CC(=O)O)c(-c2ccc(F)cc2)c2ccccc21	Weight	High	-0.21142
CC(Cc1cc2c(c(C(N)=O)c1)N(CCCO)CC2)NCCOc1ccccc1OCC(F)(F)F	Sex	Male	-0.05023
CC(Cc1cc2c(c(C(N)=O)c1)N(CCCO)CC2)NCCOc1ccccc1OCC(F)(F)F	Sex	Female	-0.00734
CC(Cc1cc2c(c(C(N)=O)c1)N(CCCO)CC2)NCCOc1ccccc1OCC(F)(F)F	Age	Children	-0.04599
CC(Cc1cc2c(c(C(N)=O)c1)N(CCCO)CC2)NCCOc1ccccc1OCC(F)(F)F	Age	Adolescent	-0.00564
CC(Cc1cc2c(c(C(N)=O)c1)N(CCCO)CC2)NCCOc1ccccc1OCC(F)(F)F	Age	Adult	-0.03542
CC(Cc1cc2c(c(C(N)=O)c1)N(CCCO)CC2)NCCOc1ccccc1OCC(F)(F)F	Age	Elderly	-0.09665
CC(Cc1cc2c(c(C(N)=O)c1)N(CCCO)CC2)NCCOc1ccccc1OCC(F)(F)F	Weight	Low	-0.06953
CC(Cc1cc2c(c(C(N)=O)c1)N(CCCO)CC2)NCCOc1ccccc1OCC(F)(F)F	Weight	Average	-0.0702
CC(Cc1cc2c(c(C(N)=O)c1)N(CCCO)CC2)NCCOc1ccccc1OCC(F)(F)F	Weight	High	-0.09705
CC(O)C1C(=O)N2C(C(=O)O)=C(SC3CNC(C(=O)Nc4cccc(C(=O)O)c4)C3)C(C)C12	Sex	Male	-0.10713
CC(O)C1C(=O)N2C(C(=O)O)=C(SC3CNC(C(=O)Nc4cccc(C(=O)O)c4)C3)C(C)C12	Sex	Female	-0.01041
CC(O)C1C(=O)N2C(C(=O)O)=C(SC3CNC(C(=O)Nc4cccc(C(=O)O)c4)C3)C(C)C12	Age	Children	-0.07524
CC(O)C1C(=O)N2C(C(=O)O)=C(SC3CNC(C(=O)Nc4cccc(C(=O)O)c4)C3)C(C)C12	Age	Adolescent	-0.02582
CC(O)C1C(=O)N2C(C(=O)O)=C(SC3CNC(C(=O)Nc4cccc(C(=O)O)c4)C3)C(C)C12	Age	Adult	-0.06582
CC(O)C1C(=O)N2C(C(=O)O)=C(SC3CNC(C(=O)Nc4cccc(C(=O)O)c4)C3)C(C)C12	Age	Elderly	-0.12269
CC(O)C1C(=O)N2C(C(=O)O)=C(SC3CNC(C(=O)Nc4cccc(C(=O)O)c4)C3)C(C)C12	Weight	Low	-0.10632
CC(O)C1C(=O)N2C(C(=O)O)=C(SC3CNC(C(=O)Nc4cccc(C(=O)O)c4)C3)C(C)C12	Weight	Average	-0.14865
CC(O)C1C(=O)N2C(C(=O)O)=C(SC3CNC(C(=O)Nc4cccc(C(=O)O)c4)C3)C(C)C12	Weight	High	-0.19621
CC12CCC(CC1=O)C2(C)C	Sex	Male	-0.10169
CC12CCC(CC1=O)C2(C)C	Sex	Female	-0.01403
CC12CCC(CC1=O)C2(C)C	Age	Children	-0.0621
CC12CCC(CC1=O)C2(C)C	Age	Adolescent	-0.04059
CC12CCC(CC1=O)C2(C)C	Age	Adult	-0.08186
CC12CCC(CC1=O)C2(C)C	Age	Elderly	-0.20365
CC12CCC(CC1=O)C2(C)C	Weight	Low	-0.25349
CC12CCC(CC1=O)C2(C)C	Weight	Average	-0.23653
CC12CCC(CC1=O)C2(C)C	Weight	High	-0.27562
CC12CCC3c4ccc(O)cc4CCC3C1CCC2O	Sex	Male	-0.02477
CC12CCC3c4ccc(O)cc4CCC3C1CCC2O	Sex	Female	-0.00749
CC12CCC3c4ccc(O)cc4CCC3C1CCC2O	Age	Children	-0.05253
CC12CCC3c4ccc(O)cc4CCC3C1CCC2O	Age	Adolescent	-0.0385
CC12CCC3c4ccc(O)cc4CCC3C1CCC2O	Age	Adult	-0.08081
CC12CCC3c4ccc(O)cc4CCC3C1CCC2O	Age	Elderly	-0.16061
CC12CCC3c4ccc(O)cc4CCC3C1CCC2O	Weight	Low	-0.24085
CC12CCC3c4ccc(O)cc4CCC3C1CCC2O	Weight	Average	-0.19807
CC12CCC3c4ccc(O)cc4CCC3C1CCC2O	Weight	High	-0.17012
CC1C(c2ccccc2)OCCN1C	Sex	Male	-0.10222
CC1C(c2ccccc2)OCCN1C	Sex	Female	-0.01009
CC1C(c2ccccc2)OCCN1C	Age	Children	-0.06992
CC1C(c2ccccc2)OCCN1C	Age	Adolescent	-0.01693
CC1C(c2ccccc2)OCCN1C	Age	Adult	-0.08351
CC1C(c2ccccc2)OCCN1C	Age	Elderly	-0.2449
CC1C(c2ccccc2)OCCN1C	Weight	Low	-0.215
CC1C(c2ccccc2)OCCN1C	Weight	Average	-0.24095
CC1C(c2ccccc2)OCCN1C	Weight	High	-0.30506
CC1CN(CC(Cc2ccccc2)C(=O)NCC(=O)O)CCC1(C)c1cccc(O)c1	Sex	Male	-0.06859
CC1CN(CC(Cc2ccccc2)C(=O)NCC(=O)O)CCC1(C)c1cccc(O)c1	Sex	Female	-0.01175
CC1CN(CC(Cc2ccccc2)C(=O)NCC(=O)O)CCC1(C)c1cccc(O)c1	Age	Children	-0.09382
CC1CN(CC(Cc2ccccc2)C(=O)NCC(=O)O)CCC1(C)c1cccc(O)c1	Age	Adolescent	-0.03723
CC1CN(CC(Cc2ccccc2)C(=O)NCC(=O)O)CCC1(C)c1cccc(O)c1	Age	Adult	-0.08511
CC1CN(CC(Cc2ccccc2)C(=O)NCC(=O)O)CCC1(C)c1cccc(O)c1	Age	Elderly	-0.15926
CC1CN(CC(Cc2ccccc2)C(=O)NCC(=O)O)CCC1(C)c1cccc(O)c1	Weight	Low	-0.17942
CC1CN(CC(Cc2ccccc2)C(=O)NCC(=O)O)CCC1(C)c1cccc(O)c1	Weight	Average	-0.25813
CC1CN(CC(Cc2ccccc2)C(=O)NCC(=O)O)CCC1(C)c1cccc(O)c1	Weight	High	-0.25584
CCC(CC)C(NC(C)=O)C1C(N=C(N)N)CC(C(=O)O)C1O	Sex	Male	-0.04984
CCC(CC)C(NC(C)=O)C1C(N=C(N)N)CC(C(=O)O)C1O	Sex	Female	-0.00263
CCC(CC)C(NC(C)=O)C1C(N=C(N)N)CC(C(=O)O)C1O	Age	Children	-0.03639
CCC(CC)C(NC(C)=O)C1C(N=C(N)N)CC(C(=O)O)C1O	Age	Adolescent	-0.00997
CCC(CC)C(NC(C)=O)C1C(N=C(N)N)CC(C(=O)O)C1O	Age	Adult	-0.02296
CCC(CC)C(NC(C)=O)C1C(N=C(N)N)CC(C(=O)O)C1O	Age	Elderly	-0.06918
CCC(CC)C(NC(C)=O)C1C(N=C(N)N)CC(C(=O)O)C1O	Weight	Low	-0.06384
CCC(CC)C(NC(C)=O)C1C(N=C(N)N)CC(C(=O)O)C1O	Weight	Average	-0.05779
CCC(CC)C(NC(C)=O)C1C(N=C(N)N)CC(C(=O)O)C1O	Weight	High	-0.10885
CCCCCCCCCCCCOCCOCCOCCOCCOCCOCCOCCOCCOCCO	Sex	Male	-0.10202
CCCCCCCCCCCCOCCOCCOCCOCCOCCOCCOCCOCCOCCO	Sex	Female	-0.0146
CCCCCCCCCCCCOCCOCCOCCOCCOCCOCCOCCOCCOCCO	Age	Children	-0.07022
CCCCCCCCCCCCOCCOCCOCCOCCOCCOCCOCCOCCOCCO	Age	Adolescent	-0.02588
CCCCCCCCCCCCOCCOCCOCCOCCOCCOCCOCCOCCOCCO	Age	Adult	-0.05954
CCCCCCCCCCCCOCCOCCOCCOCCOCCOCCOCCOCCOCCO	Age	Elderly	-0.22133
CCCCCCCCCCCCOCCOCCOCCOCCOCCOCCOCCOCCOCCO	Weight	Low	-0.20045
CCCCCCCCCCCCOCCOCCOCCOCCOCCOCCOCCOCCOCCO	Weight	Average	-0.1502
CCCCCCCCCCCCOCCOCCOCCOCCOCCOCCOCCOCCOCCO	Weight	High	-0.23093
CCCCCON=O	Sex	Male	-0.08057
CCCCCON=O	Sex	Female	-0.01006
CCCCCON=O	Age	Children	-0.06409
CCCCCON=O	Age	Adolescent	-0.03131
CCCCCON=O	Age	Adult	-0.05979
CCCCCON=O	Age	Elderly	-0.20965
CCCCCON=O	Weight	Low	-0.20686
CCCCCON=O	Weight	Average	-0.16364
CCCCCON=O	Weight	High	-0.21836
CCCS(=O)(=O)NC1CC(N(C)c2ncnc3[nH]ccc23)C1	Sex	Male	-0.1299
CCCS(=O)(=O)NC1CC(N(C)c2ncnc3[nH]ccc23)C1	Sex	Female	-0.01281
CCCS(=O)(=O)NC1CC(N(C)c2ncnc3[nH]ccc23)C1	Age	Children	-0.07003
CCCS(=O)(=O)NC1CC(N(C)c2ncnc3[nH]ccc23)C1	Age	Adolescent	-0.02884
CCCS(=O)(=O)NC1CC(N(C)c2ncnc3[nH]ccc23)C1	Age	Adult	-0.05719
CCCS(=O)(=O)NC1CC(N(C)c2ncnc3[nH]ccc23)C1	Age	Elderly	-0.25553
CCCS(=O)(=O)NC1CC(N(C)c2ncnc3[nH]ccc23)C1	Weight	Low	-0.19544
CCCS(=O)(=O)NC1CC(N(C)c2ncnc3[nH]ccc23)C1	Weight	Average	-0.19367
CCCS(=O)(=O)NC1CC(N(C)c2ncnc3[nH]ccc23)C1	Weight	High	-0.25075
CCN(CC)CCOc1ccc(C(=C(Cl)c2ccccc2)c2ccccc2)cc1	Sex	Male	-0.05126
CCN(CC)CCOc1ccc(C(=C(Cl)c2ccccc2)c2ccccc2)cc1	Sex	Female	-0.00437
CCN(CC)CCOc1ccc(C(=C(Cl)c2ccccc2)c2ccccc2)cc1	Age	Children	-0.04291
CCN(CC)CCOc1ccc(C(=C(Cl)c2ccccc2)c2ccccc2)cc1	Age	Adolescent	-0.00448
CCN(CC)CCOc1ccc(C(=C(Cl)c2ccccc2)c2ccccc2)cc1	Age	Adult	-0.05201
CCN(CC)CCOc1ccc(C(=C(Cl)c2ccccc2)c2ccccc2)cc1	Age	Elderly	-0.1395
CCN(CC)CCOc1ccc(C(=C(Cl)c2ccccc2)c2ccccc2)cc1	Weight	Low	-0.13371
CCN(CC)CCOc1ccc(C(=C(Cl)c2ccccc2)c2ccccc2)cc1	Weight	Average	-0.09414
CCN(CC)CCOc1ccc(C(=C(Cl)c2ccccc2)c2ccccc2)cc1	Weight	High	-0.10908
CCO	Sex	Male	-0.10049
CCO	Sex	Female	-0.01131
CCO	Age	Children	-0.07463
CCO	Age	Adolescent	-0.0295
CCO	Age	Adult	-0.07098
CCO	Age	Elderly	-0.20648
CCO	Weight	Low	-0.23898
CCO	Weight	Average	-0.2092
CCO	Weight	High	-0.26778
CCOC(=O)C(N)Cc1ccc(-c2cc(OC(c3ccc(Cl)cc3-n3ccc(C)n3)C(F)(F)F)nc(N)n2)cc1	Sex	Male	-0.11062
CCOC(=O)C(N)Cc1ccc(-c2cc(OC(c3ccc(Cl)cc3-n3ccc(C)n3)C(F)(F)F)nc(N)n2)cc1	Sex	Female	-0.00693
CCOC(=O)C(N)Cc1ccc(-c2cc(OC(c3ccc(Cl)cc3-n3ccc(C)n3)C(F)(F)F)nc(N)n2)cc1	Age	Children	-0.07296
CCOC(=O)C(N)Cc1ccc(-c2cc(OC(c3ccc(Cl)cc3-n3ccc(C)n3)C(F)(F)F)nc(N)n2)cc1	Age	Adolescent	-0.02042
CCOC(=O)C(N)Cc1ccc(-c2cc(OC(c3ccc(Cl)cc3-n3ccc(C)n3)C(F)(F)F)nc(N)n2)cc1	Age	Adult	-0.04912
CCOC(=O)C(N)Cc1ccc(-c2cc(OC(c3ccc(Cl)cc3-n3ccc(C)n3)C(F)(F)F)nc(N)n2)cc1	Age	Elderly	-0.13133
CCOC(=O)C(N)Cc1ccc(-c2cc(OC(c3ccc(Cl)cc3-n3ccc(C)n3)C(F)(F)F)nc(N)n2)cc1	Weight	Low	-0.14288
CCOC(=O)C(N)Cc1ccc(-c2cc(OC(c3ccc(Cl)cc3-n3ccc(C)n3)C(F)(F)F)nc(N)n2)cc1	Weight	Average	-0.06918
CCOC(=O)C(N)Cc1ccc(-c2cc(OC(c3ccc(Cl)cc3-n3ccc(C)n3)C(F)(F)F)nc(N)n2)cc1	Weight	High	-0.21082
CCc1nc(N)nc(N)c1-c1ccc(Cl)cc1	Sex	Male	-0.09326
CCc1nc(N)nc(N)c1-c1ccc(Cl)cc1	Sex	Female	-0.01028
CCc1nc(N)nc(N)c1-c1ccc(Cl)cc1	Age	Children	-0.05626
CCc1nc(N)nc(N)c1-c1ccc(Cl)cc1	Age	Adolescent	-0.01225
CCc1nc(N)nc(N)c1-c1ccc(Cl)cc1	Age	Adult	-0.06483
CCc1nc(N)nc(N)c1-c1ccc(Cl)cc1	Age	Elderly	-0.25472
CCc1nc(N)nc(N)c1-c1ccc(Cl)cc1	Weight	Low	-0.17052
CCc1nc(N)nc(N)c1-c1ccc(Cl)cc1	Weight	Average	-0.16514
CCc1nc(N)nc(N)c1-c1ccc(Cl)cc1	Weight	High	-0.24321
CN(C)CCCN1c2ccccc2Sc2ccc(Cl)cc21	Sex	Male	-0.04398
CN(C)CCCN1c2ccccc2Sc2ccc(Cl)cc21	Sex	Female	-0.00172
CN(C)CCCN1c2ccccc2Sc2ccc(Cl)cc21	Age	Children	-0.02041
CN(C)CCCN1c2ccccc2Sc2ccc(Cl)cc21	Age	Adolescent	-0.00446
CN(C)CCCN1c2ccccc2Sc2ccc(Cl)cc21	Age	Adult	-0.02576
CN(C)CCCN1c2ccccc2Sc2ccc(Cl)cc21	Age	Elderly	-0.11143
CN(C)CCCN1c2ccccc2Sc2ccc(Cl)cc21	Weight	Low	-0.09549
CN(C)CCCN1c2ccccc2Sc2ccc(Cl)cc21	Weight	Average	-0.11279
CN(C)CCCN1c2ccccc2Sc2ccc(Cl)cc21	Weight	High	-0.08583
CN(C)c1cc(NC(=O)CNC(C)(C)C)c(O)c2c1CC1CC3C(N(C)C)C(=O)C(C(N)=O)C(=O)C3(O)C(=O)C1C2=O	Sex	Male	-0.0841
CN(C)c1cc(NC(=O)CNC(C)(C)C)c(O)c2c1CC1CC3C(N(C)C)C(=O)C(C(N)=O)C(=O)C3(O)C(=O)C1C2=O	Sex	Female	-0.00406
CN(C)c1cc(NC(=O)CNC(C)(C)C)c(O)c2c1CC1CC3C(N(C)C)C(=O)C(C(N)=O)C(=O)C3(O)C(=O)C1C2=O	Age	Children	-0.04295
CN(C)c1cc(NC(=O)CNC(C)(C)C)c(O)c2c1CC1CC3C(N(C)C)C(=O)C(C(N)=O)C(=O)C3(O)C(=O)C1C2=O	Age	Adolescent	-0.02201
CN(C)c1cc(NC(=O)CNC(C)(C)C)c(O)c2c1CC1CC3C(N(C)C)C(=O)C(C(N)=O)C(=O)C3(O)C(=O)C1C2=O	Age	Adult	-0.02431
CN(C)c1cc(NC(=O)CNC(C)(C)C)c(O)c2c1CC1CC3C(N(C)C)C(=O)C(C(N)=O)C(=O)C3(O)C(=O)C1C2=O	Age	Elderly	-0.08323
CN(C)c1cc(NC(=O)CNC(C)(C)C)c(O)c2c1CC1CC3C(N(C)C)C(=O)C(C(N)=O)C(=O)C3(O)C(=O)C1C2=O	Weight	Low	-0.05575
CN(C)c1cc(NC(=O)CNC(C)(C)C)c(O)c2c1CC1CC3C(N(C)C)C(=O)C(C(N)=O)C(=O)C3(O)C(=O)C1C2=O	Weight	Average	-0.09167
CN(C)c1cc(NC(=O)CNC(C)(C)C)c(O)c2c1CC1CC3C(N(C)C)C(=O)C(C(N)=O)C(=O)C3(O)C(=O)C1C2=O	Weight	High	-0.13359
CN1C(=O)CC(C)(c2ccccc2)C1=O	Sex	Male	-0.07064
CN1C(=O)CC(C)(c2ccccc2)C1=O	Sex	Female	-0.01439
CN1C(=O)CC(C)(c2ccccc2)C1=O	Age	Children	-0.0617
CN1C(=O)CC(C)(c2ccccc2)C1=O	Age	Adolescent	-0.0221
CN1C(=O)CC(C)(c2ccccc2)C1=O	Age	Adult	-0.06254
CN1C(=O)CC(C)(c2ccccc2)C1=O	Age	Elderly	-0.2597
CN1C(=O)CC(C)(c2ccccc2)C1=O	Weight	Low	-0.21568
CN1C(=O)CC(C)(c2ccccc2)C1=O	Weight	Average	-0.23624
CN1C(=O)CC(C)(c2ccccc2)C1=O	Weight	High	-0.29873
CN1CCN(C(=O)OC2c3nccnc3C(=O)N2c2ccc(Cl)cn2)CC1	Sex	Male	-0.12725
CN1CCN(C(=O)OC2c3nccnc3C(=O)N2c2ccc(Cl)cn2)CC1	Sex	Female	-0.00707
CN1CCN(C(=O)OC2c3nccnc3C(=O)N2c2ccc(Cl)cn2)CC1	Age	Children	-0.0729
CN1CCN(C(=O)OC2c3nccnc3C(=O)N2c2ccc(Cl)cn2)CC1	Age	Adolescent	-0.02123
CN1CCN(C(=O)OC2c3nccnc3C(=O)N2c2ccc(Cl)cn2)CC1	Age	Adult	-0.07235
CN1CCN(C(=O)OC2c3nccnc3C(=O)N2c2ccc(Cl)cn2)CC1	Age	Elderly	-0.17561
CN1CCN(C(=O)OC2c3nccnc3C(=O)N2c2ccc(Cl)cn2)CC1	Weight	Low	-0.13559
CN1CCN(C(=O)OC2c3nccnc3C(=O)N2c2ccc(Cl)cn2)CC1	Weight	Average	-0.19348
CN1CCN(C(=O)OC2c3nccnc3C(=O)N2c2ccc(Cl)cn2)CC1	Weight	High	-0.18309
CN1CCN(CCCN2c3ccccc3Sc3ccc(Cl)cc32)CC1	Sex	Male	-0.08305
CN1CCN(CCCN2c3ccccc3Sc3ccc(Cl)cc32)CC1	Sex	Female	-0.00562
CN1CCN(CCCN2c3ccccc3Sc3ccc(Cl)cc32)CC1	Age	Children	-0.04659
CN1CCN(CCCN2c3ccccc3Sc3ccc(Cl)cc32)CC1	Age	Adolescent	-0.00796
CN1CCN(CCCN2c3ccccc3Sc3ccc(Cl)cc32)CC1	Age	Adult	-0.08698
CN1CCN(CCCN2c3ccccc3Sc3ccc(Cl)cc32)CC1	Age	Elderly	-0.21931
CN1CCN(CCCN2c3ccccc3Sc3ccc(Cl)cc32)CC1	Weight	Low	-0.14194
CN1CCN(CCCN2c3ccccc3Sc3ccc(Cl)cc32)CC1	Weight	Average	-0.19215
CN1CCN(CCCN2c3ccccc3Sc3ccc(Cl)cc32)CC1	Weight	High	-0.21708
CN=C(NC#N)NCCSCc1[nH]cnc1C	Sex	Male	-0.05741
CN=C(NC#N)NCCSCc1[nH]cnc1C	Sex	Female	-0.01254
CN=C(NC#N)NCCSCc1[nH]cnc1C	Age	Children	-0.07172
CN=C(NC#N)NCCSCc1[nH]cnc1C	Age	Adolescent	-0.03501
CN=C(NC#N)NCCSCc1[nH]cnc1C	Age	Adult	-0.07061
CN=C(NC#N)NCCSCc1[nH]cnc1C	Age	Elderly	-0.16512
CN=C(NC#N)NCCSCc1[nH]cnc1C	Weight	Low	-0.17689
CN=C(NC#N)NCCSCc1[nH]cnc1C	Weight	Average	-0.15448
CN=C(NC#N)NCCSCc1[nH]cnc1C	Weight	High	-0.22178
CNC(=O)c1ccc(-c2cnc3ncc(Cc4ccc5ncccc5c4)n3n2)cc1F	Sex	Male	-0.11657
CNC(=O)c1ccc(-c2cnc3ncc(Cc4ccc5ncccc5c4)n3n2)cc1F	Sex	Female	-0.01361
CNC(=O)c1ccc(-c2cnc3ncc(Cc4ccc5ncccc5c4)n3n2)cc1F	Age	Children	-0.0606
CNC(=O)c1ccc(-c2cnc3ncc(Cc4ccc5ncccc5c4)n3n2)cc1F	Age	Adolescent	-0.03337
CNC(=O)c1ccc(-c2cnc3ncc(Cc4ccc5ncccc5c4)n3n2)cc1F	Age	Adult	-0.0773
CNC(=O)c1ccc(-c2cnc3ncc(Cc4ccc5ncccc5c4)n3n2)cc1F	Age	Elderly	-0.17004
CNC(=O)c1ccc(-c2cnc3ncc(Cc4ccc5ncccc5c4)n3n2)cc1F	Weight	Low	-0.13918
CNC(=O)c1ccc(-c2cnc3ncc(Cc4ccc5ncccc5c4)n3n2)cc1F	Weight	Average	-0.07023
CNC(=O)c1ccc(-c2cnc3ncc(Cc4ccc5ncccc5c4)n3n2)cc1F	Weight	High	-0.18088
CSc1ccc2c(c1)N(CCC1CCCCN1C)c1ccccc1S2	Sex	Male	-0.05592
CSc1ccc2c(c1)N(CCC1CCCCN1C)c1ccccc1S2	Sex	Female	-0.00894
CSc1ccc2c(c1)N(CCC1CCCCN1C)c1ccccc1S2	Age	Children	-0.04655
CSc1ccc2c(c1)N(CCC1CCCCN1C)c1ccccc1S2	Age	Adolescent	-0.00544
CSc1ccc2c(c1)N(CCC1CCCCN1C)c1ccccc1S2	Age	Adult	-0.08214
CSc1ccc2c(c1)N(CCC1CCCCN1C)c1ccccc1S2	Age	Elderly	-0.20678
CSc1ccc2c(c1)N(CCC1CCCCN1C)c1ccccc1S2	Weight	Low	-0.18571
CSc1ccc2c(c1)N(CCC1CCCCN1C)c1ccccc1S2	Weight	Average	-0.20453
CSc1ccc2c(c1)N(CCC1CCCCN1C)c1ccccc1S2	Weight	High	-0.22809
Cc1ccc(-n2nccn2)c(C(=O)N2CCN(c3nc4cc(Cl)ccc4o3)CCC2C)c1	Sex	Male	-0.1248
Cc1ccc(-n2nccn2)c(C(=O)N2CCN(c3nc4cc(Cl)ccc4o3)CCC2C)c1	Sex	Female	-0.01412
Cc1ccc(-n2nccn2)c(C(=O)N2CCN(c3nc4cc(Cl)ccc4o3)CCC2C)c1	Age	Children	-0.0732
Cc1ccc(-n2nccn2)c(C(=O)N2CCN(c3nc4cc(Cl)ccc4o3)CCC2C)c1	Age	Adolescent	-0.01476
Cc1ccc(-n2nccn2)c(C(=O)N2CCN(c3nc4cc(Cl)ccc4o3)CCC2C)c1	Age	Adult	-0.10007
Cc1ccc(-n2nccn2)c(C(=O)N2CCN(c3nc4cc(Cl)ccc4o3)CCC2C)c1	Age	Elderly	-0.16059
Cc1ccc(-n2nccn2)c(C(=O)N2CCN(c3nc4cc(Cl)ccc4o3)CCC2C)c1	Weight	Low	-0.17744
Cc1ccc(-n2nccn2)c(C(=O)N2CCN(c3nc4cc(Cl)ccc4o3)CCC2C)c1	Weight	Average	-0.16109
Cc1ccc(-n2nccn2)c(C(=O)N2CCN(c3nc4cc(Cl)ccc4o3)CCC2C)c1	Weight	High	-0.18765
Cc1ccc(C(=CCN2CCCC2)c2ccccn2)cc1	Sex	Male	-0.07907
Cc1ccc(C(=CCN2CCCC2)c2ccccn2)cc1	Sex	Female	-0.01455
Cc1ccc(C(=CCN2CCCC2)c2ccccn2)cc1	Age	Children	-0.07194
Cc1ccc(C(=CCN2CCCC2)c2ccccn2)cc1	Age	Adolescent	-0.01756
Cc1ccc(C(=CCN2CCCC2)c2ccccn2)cc1	Age	Adult	-0.08721
Cc1ccc(C(=CCN2CCCC2)c2ccccn2)cc1	Age	Elderly	-0.24786
Cc1ccc(C(=CCN2CCCC2)c2ccccn2)cc1	Weight	Low	-0.20836
Cc1ccc(C(=CCN2CCCC2)c2ccccn2)cc1	Weight	Average	-0.1928
Cc1ccc(C(=CCN2CCCC2)c2ccccn2)cc1	Weight	High	-0.21083
Cc1cccc(CN2CCN(C(c3ccccc3)c3ccc(Cl)cc3)CC2)c1	Sex	Male	-0.08472
Cc1cccc(CN2CCN(C(c3ccccc3)c3ccc(Cl)cc3)CC2)c1	Sex	Female	-0.01094
Cc1cccc(CN2CCN(C(c3ccccc3)c3ccc(Cl)cc3)CC2)c1	Age	Children	-0.07797
Cc1cccc(CN2CCN(C(c3ccccc3)c3ccc(Cl)cc3)CC2)c1	Age	Adolescent	-0.00283
Cc1cccc(CN2CCN(C(c3ccccc3)c3ccc(Cl)cc3)CC2)c1	Age	Adult	-0.07735
Cc1cccc(CN2CCN(C(c3ccccc3)c3ccc(Cl)cc3)CC2)c1	Age	Elderly	-0.22802
Cc1cccc(CN2CCN(C(c3ccccc3)c3ccc(Cl)cc3)CC2)c1	Weight	Low	-0.20921
Cc1cccc(CN2CCN(C(c3ccccc3)c3ccc(Cl)cc3)CC2)c1	Weight	Average	-0.22383
Cc1cccc(CN2CCN(C(c3ccccc3)c3ccc(Cl)cc3)CC2)c1	Weight	High	-0.29507
Cc1cnc(Nc2ccc(OCCN3CCCC3)cc2)nc1Nc1cccc(S(=O)(=O)NC(C)(C)C)c1	Sex	Male	-0.08258
Cc1cnc(Nc2ccc(OCCN3CCCC3)cc2)nc1Nc1cccc(S(=O)(=O)NC(C)(C)C)c1	Sex	Female	-0.00493
Cc1cnc(Nc2ccc(OCCN3CCCC3)cc2)nc1Nc1cccc(S(=O)(=O)NC(C)(C)C)c1	Age	Children	-0.05175
Cc1cnc(Nc2ccc(OCCN3CCCC3)cc2)nc1Nc1cccc(S(=O)(=O)NC(C)(C)C)c1	Age	Adolescent	-0.02556
Cc1cnc(Nc2ccc(OCCN3CCCC3)cc2)nc1Nc1cccc(S(=O)(=O)NC(C)(C)C)c1	Age	Adult	-0.05519
Cc1cnc(Nc2ccc(OCCN3CCCC3)cc2)nc1Nc1cccc(S(=O)(=O)NC(C)(C)C)c1	Age	Elderly	-0.16885
Cc1cnc(Nc2ccc(OCCN3CCCC3)cc2)nc1Nc1cccc(S(=O)(=O)NC(C)(C)C)c1	Weight	Low	-0.10746
Cc1cnc(Nc2ccc(OCCN3CCCC3)cc2)nc1Nc1cccc(S(=O)(=O)NC(C)(C)C)c1	Weight	Average	-0.10322
Cc1cnc(Nc2ccc(OCCN3CCCC3)cc2)nc1Nc1cccc(S(=O)(=O)NC(C)(C)C)c1	Weight	High	-0.10382
Clc1ccc(CCCOCCCN2CCCCC2)cc1	Sex	Male	-0.10256
Clc1ccc(CCCOCCCN2CCCCC2)cc1	Sex	Female	-0.00916
Clc1ccc(CCCOCCCN2CCCCC2)cc1	Age	Children	-0.04714
Clc1ccc(CCCOCCCN2CCCCC2)cc1	Age	Adolescent	-0.01372
Clc1ccc(CCCOCCCN2CCCCC2)cc1	Age	Adult	-0.07031
Clc1ccc(CCCOCCCN2CCCCC2)cc1	Age	Elderly	-0.25417
Clc1ccc(CCCOCCCN2CCCCC2)cc1	Weight	Low	-0.19217
Clc1ccc(CCCOCCCN2CCCCC2)cc1	Weight	Average	-0.18745
Clc1ccc(CCCOCCCN2CCCCC2)cc1	Weight	High	-0.22094
N#Cc1ccnc(N2C(=O)CCC2C(=O)N(c2cncc(F)c2)C(C(=O)NC2CC(F)(F)C2)c2ccccc2Cl)c1	Sex	Male	-0.06772
N#Cc1ccnc(N2C(=O)CCC2C(=O)N(c2cncc(F)c2)C(C(=O)NC2CC(F)(F)C2)c2ccccc2Cl)c1	Sex	Female	-0.00816
N#Cc1ccnc(N2C(=O)CCC2C(=O)N(c2cncc(F)c2)C(C(=O)NC2CC(F)(F)C2)c2ccccc2Cl)c1	Age	Children	-0.05604
N#Cc1ccnc(N2C(=O)CCC2C(=O)N(c2cncc(F)c2)C(C(=O)NC2CC(F)(F)C2)c2ccccc2Cl)c1	Age	Adolescent	-0.01323
N#Cc1ccnc(N2C(=O)CCC2C(=O)N(c2cncc(F)c2)C(C(=O)NC2CC(F)(F)C2)c2ccccc2Cl)c1	Age	Adult	-0.07772
N#Cc1ccnc(N2C(=O)CCC2C(=O)N(c2cncc(F)c2)C(C(=O)NC2CC(F)(F)C2)c2ccccc2Cl)c1	Age	Elderly	-0.14632
N#Cc1ccnc(N2C(=O)CCC2C(=O)N(c2cncc(F)c2)C(C(=O)NC2CC(F)(F)C2)c2ccccc2Cl)c1	Weight	Low	-0.05444
N#Cc1ccnc(N2C(=O)CCC2C(=O)N(c2cncc(F)c2)C(C(=O)NC2CC(F)(F)C2)c2ccccc2Cl)c1	Weight	Average	-0.08382
N#Cc1ccnc(N2C(=O)CCC2C(=O)N(c2cncc(F)c2)C(C(=O)NC2CC(F)(F)C2)c2ccccc2Cl)c1	Weight	High	-0.15398
NC1CC1c1ccccc1	Sex	Male	-0.06371
NC1CC1c1ccccc1	Sex	Female	-0.01132
NC1CC1c1ccccc1	Age	Children	-0.06677
NC1CC1c1ccccc1	Age	Adolescent	-0.01536
NC1CC1c1ccccc1	Age	Adult	-0.07482
NC1CC1c1ccccc1	Age	Elderly	-0.24471
NC1CC1c1ccccc1	Weight	Low	-0.21524
NC1CC1c1ccccc1	Weight	Average	-0.22843
NC1CC1c1ccccc1	Weight	High	-0.28297
NCCS	Sex	Male	-0.10998
NCCS	Sex	Female	-0.01174
NCCS	Age	Children	-0.0784
NCCS	Age	Adolescent	-0.02402
NCCS	Age	Adult	-0.08061
NCCS	Age	Elderly	-0.25016
NCCS	Weight	Low	-0.29048
NCCS	Weight	Average	-0.24093
NCCS	Weight	High	-0.28944
Nc1c(CC(=O)O)cccc1C(=O)c1ccc(Br)cc1	Sex	Male	-0.10962
Nc1c(CC(=O)O)cccc1C(=O)c1ccc(Br)cc1	Sex	Female	-0.01244
Nc1c(CC(=O)O)cccc1C(=O)c1ccc(Br)cc1	Age	Children	-0.06595
Nc1c(CC(=O)O)cccc1C(=O)c1ccc(Br)cc1	Age	Adolescent	-0.04572
Nc1c(CC(=O)O)cccc1C(=O)c1ccc(Br)cc1	Age	Adult	-0.0676
Nc1c(CC(=O)O)cccc1C(=O)c1ccc(Br)cc1	Age	Elderly	-0.2487
Nc1c(CC(=O)O)cccc1C(=O)c1ccc(Br)cc1	Weight	Low	-0.21795
Nc1c(CC(=O)O)cccc1C(=O)c1ccc(Br)cc1	Weight	Average	-0.24704
Nc1c(CC(=O)O)cccc1C(=O)c1ccc(Br)cc1	Weight	High	-0.27715
Nc1nc(N)c2nc(-c3ccccc3)c(N)nc2n1	Sex	Male	-0.07196
Nc1nc(N)c2nc(-c3ccccc3)c(N)nc2n1	Sex	Female	-0.01146
Nc1nc(N)c2nc(-c3ccccc3)c(N)nc2n1	Age	Children	-0.05912
Nc1nc(N)c2nc(-c3ccccc3)c(N)nc2n1	Age	Adolescent	-0.01287
Nc1nc(N)c2nc(-c3ccccc3)c(N)nc2n1	Age	Adult	-0.05023
Nc1nc(N)c2nc(-c3ccccc3)c(N)nc2n1	Age	Elderly	-0.23738
Nc1nc(N)c2nc(-c3ccccc3)c(N)nc2n1	Weight	Low	-0.15799
Nc1nc(N)c2nc(-c3ccccc3)c(N)nc2n1	Weight	Average	-0.18687
Nc1nc(N)c2nc(-c3ccccc3)c(N)nc2n1	Weight	High	-0.25706
O=C(Nc1cnn2ccc(N3CCCC3c3cc(F)ccc3F)nc12)N1CCC(O)C1	Sex	Male	-0.12748
O=C(Nc1cnn2ccc(N3CCCC3c3cc(F)ccc3F)nc12)N1CCC(O)C1	Sex	Female	-0.00916
O=C(Nc1cnn2ccc(N3CCCC3c3cc(F)ccc3F)nc12)N1CCC(O)C1	Age	Children	-0.05134
O=C(Nc1cnn2ccc(N3CCCC3c3cc(F)ccc3F)nc12)N1CCC(O)C1	Age	Adolescent	-0.01682
O=C(Nc1cnn2ccc(N3CCCC3c3cc(F)ccc3F)nc12)N1CCC(O)C1	Age	Adult	-0.06889
O=C(Nc1cnn2ccc(N3CCCC3c3cc(F)ccc3F)nc12)N1CCC(O)C1	Age	Elderly	-0.12213
O=C(Nc1cnn2ccc(N3CCCC3c3cc(F)ccc3F)nc12)N1CCC(O)C1	Weight	Low	-0.121
O=C(Nc1cnn2ccc(N3CCCC3c3cc(F)ccc3F)nc12)N1CCC(O)C1	Weight	Average	-0.11426
O=C(Nc1cnn2ccc(N3CCCC3c3cc(F)ccc3F)nc12)N1CCC(O)C1	Weight	High	-0.17607
O=c1[nH]c2ccccc2n1CCCN1CCC(n2c(=O)[nH]c3cc(Cl)ccc32)CC1	Sex	Male	-0.08028
O=c1[nH]c2ccccc2n1CCCN1CCC(n2c(=O)[nH]c3cc(Cl)ccc32)CC1	Sex	Female	-0.00836
O=c1[nH]c2ccccc2n1CCCN1CCC(n2c(=O)[nH]c3cc(Cl)ccc32)CC1	Age	Children	-0.04731
O=c1[nH]c2ccccc2n1CCCN1CCC(n2c(=O)[nH]c3cc(Cl)ccc32)CC1	Age	Adolescent	-0.01427
O=c1[nH]c2ccccc2n1CCCN1CCC(n2c(=O)[nH]c3cc(Cl)ccc32)CC1	Age	Adult	-0.09743
O=c1[nH]c2ccccc2n1CCCN1CCC(n2c(=O)[nH]c3cc(Cl)ccc32)CC1	Age	Elderly	-0.20938
O=c1[nH]c2ccccc2n1CCCN1CCC(n2c(=O)[nH]c3cc(Cl)ccc32)CC1	Weight	Low	-0.14917
O=c1[nH]c2ccccc2n1CCCN1CCC(n2c(=O)[nH]c3cc(Cl)ccc32)CC1	Weight	Average	-0.1334
O=c1[nH]c2ccccc2n1CCCN1CCC(n2c(=O)[nH]c3cc(Cl)ccc32)CC1	Weight	High	-0.20909
OCCN1CCN(CCC=C2c3ccccc3Sc3ccc(Cl)cc32)CC1	Sex	Male	-0.11537
OCCN1CCN(CCC=C2c3ccccc3Sc3ccc(Cl)cc32)CC1	Sex	Female	-0.00893
OCCN1CCN(CCC=C2c3ccccc3Sc3ccc(Cl)cc32)CC1	Age	Children	-0.05844
OCCN1CCN(CCC=C2c3ccccc3Sc3ccc(Cl)cc32)CC1	Age	Adolescent	-0.0201
OCCN1CCN(CCC=C2c3ccccc3Sc3ccc(Cl)cc32)CC1	Age	Adult	-0.10563
OCCN1CCN(CCC=C2c3ccccc3Sc3ccc(Cl)cc32)CC1	Age	Elderly	-0.25781
OCCN1CCN(CCC=C2c3ccccc3Sc3ccc(Cl)cc32)CC1	Weight	Low	-0.13936
OCCN1CCN(CCC=C2c3ccccc3Sc3ccc(Cl)cc32)CC1	Weight	Average	-0.21812
OCCN1CCN(CCC=C2c3ccccc3Sc3ccc(Cl)cc32)CC1	Weight	High	-0.25511
OCCN1CCN(CCCN2c3ccccc3Sc3ccc(C(F)(F)F)cc32)CC1	Sex	Male	-0.07285
OCCN1CCN(CCCN2c3ccccc3Sc3ccc(C(F)(F)F)cc32)CC1	Sex	Female	-0.00699
OCCN1CCN(CCCN2c3ccccc3Sc3ccc(C(F)(F)F)cc32)CC1	Age	Children	-0.0481
OCCN1CCN(CCCN2c3ccccc3Sc3ccc(C(F)(F)F)cc32)CC1	Age	Adolescent	-0.01294
OCCN1CCN(CCCN2c3ccccc3Sc3ccc(C(F)(F)F)cc32)CC1	Age	Adult	-0.08579
OCCN1CCN(CCCN2c3ccccc3Sc3ccc(C(F)(F)F)cc32)CC1	Age	Elderly	-0.19679
OCCN1CCN(CCCN2c3ccccc3Sc3ccc(C(F)(F)F)cc32)CC1	Weight	Low	-0.15382
OCCN1CCN(CCCN2c3ccccc3Sc3ccc(C(F)(F)F)cc32)CC1	Weight	Average	-0.10879
OCCN1CCN(CCCN2c3ccccc3Sc3ccc(C(F)(F)F)cc32)CC1	Weight	High	-0.22388
OCCN1CCN(CCCN2c3ccccc3Sc3ccc(Cl)cc32)CC1	Sex	Male	-0.06595
OCCN1CCN(CCCN2c3ccccc3Sc3ccc(Cl)cc32)CC1	Sex	Female	-0.00785
OCCN1CCN(CCCN2c3ccccc3Sc3ccc(Cl)cc32)CC1	Age	Children	-0.04455
OCCN1CCN(CCCN2c3ccccc3Sc3ccc(Cl)cc32)CC1	Age	Adolescent	-0.00954
OCCN1CCN(CCCN2c3ccccc3Sc3ccc(Cl)cc32)CC1	Age	Adult	-0.08585
OCCN1CCN(CCCN2c3ccccc3Sc3ccc(Cl)cc32)CC1	Age	Elderly	-0.2045
OCCN1CCN(CCCN2c3ccccc3Sc3ccc(Cl)cc32)CC1	Weight	Low	-0.13909
OCCN1CCN(CCCN2c3ccccc3Sc3ccc(Cl)cc32)CC1	Weight	Average	-0.15851
OCCN1CCN(CCCN2c3ccccc3Sc3ccc(Cl)cc32)CC1	Weight	High	-0.20212
CC12CCC3c4ccc(OC(=O)N(CCCl)CCCl)cc4CCC3C1CCC2O	Sex	Male	-0.03715
CC12CCC3c4ccc(OC(=O)N(CCCl)CCCl)cc4CCC3C1CCC2O	Sex	Female	-0.00212
CC12CCC3c4ccc(OC(=O)N(CCCl)CCCl)cc4CCC3C1CCC2O	Age	Children	-0.04903
CC12CCC3c4ccc(OC(=O)N(CCCl)CCCl)cc4CCC3C1CCC2O	Age	Adolescent	-0.0296
CC12CCC3c4ccc(OC(=O)N(CCCl)CCCl)cc4CCC3C1CCC2O	Age	Adult	-0.0482
CC12CCC3c4ccc(OC(=O)N(CCCl)CCCl)cc4CCC3C1CCC2O	Age	Elderly	-0.1129
CC12CCC3c4ccc(OC(=O)N(CCCl)CCCl)cc4CCC3C1CCC2O	Weight	Low	-0.20038
CC12CCC3c4ccc(OC(=O)N(CCCl)CCCl)cc4CCC3C1CCC2O	Weight	Average	-0.04814
CC12CCC3c4ccc(OC(=O)N(CCCl)CCCl)cc4CCC3C1CCC2O	Weight	High	-0.13333
CC(=O)Nc1nnc(S(N)(=O)=O)s1	Sex	Male	-0.11331
CC(=O)Nc1nnc(S(N)(=O)=O)s1	Sex	Female	-0.00398
CC(=O)Nc1nnc(S(N)(=O)=O)s1	Age	Children	-0.05222
CC(=O)Nc1nnc(S(N)(=O)=O)s1	Age	Adolescent	-0.02184
CC(=O)Nc1nnc(S(N)(=O)=O)s1	Age	Adult	-0.04529
CC(=O)Nc1nnc(S(N)(=O)=O)s1	Age	Elderly	-0.11954
CC(=O)Nc1nnc(S(N)(=O)=O)s1	Weight	Low	-0.1301
CC(=O)Nc1nnc(S(N)(=O)=O)s1	Weight	Average	-0.1251
CC(=O)Nc1nnc(S(N)(=O)=O)s1	Weight	High	-0.20525
CC(O)C1C(=O)N2C(C(=O)O)=C(SC3CNC(CNS(N)(=O)=O)C3)C(C)C12	Sex	Male	-0.09857
CC(O)C1C(=O)N2C(C(=O)O)=C(SC3CNC(CNS(N)(=O)=O)C3)C(C)C12	Sex	Female	-0.00591
CC(O)C1C(=O)N2C(C(=O)O)=C(SC3CNC(CNS(N)(=O)=O)C3)C(C)C12	Age	Children	-0.08601
CC(O)C1C(=O)N2C(C(=O)O)=C(SC3CNC(CNS(N)(=O)=O)C3)C(C)C12	Age	Adolescent	-0.04814
CC(O)C1C(=O)N2C(C(=O)O)=C(SC3CNC(CNS(N)(=O)=O)C3)C(C)C12	Age	Adult	-0.03526
CC(O)C1C(=O)N2C(C(=O)O)=C(SC3CNC(CNS(N)(=O)=O)C3)C(C)C12	Age	Elderly	-0.22106
CC(O)C1C(=O)N2C(C(=O)O)=C(SC3CNC(CNS(N)(=O)=O)C3)C(C)C12	Weight	Low	-0.1941
CC(O)C1C(=O)N2C(C(=O)O)=C(SC3CNC(CNS(N)(=O)=O)C3)C(C)C12	Weight	Average	-0.19455
CC(O)C1C(=O)N2C(C(=O)O)=C(SC3CNC(CNS(N)(=O)=O)C3)C(C)C12	Weight	High	-0.27135
CCC1(c2ccccc2)C(=O)NCNC1=O	Sex	Male	-0.09866
CCC1(c2ccccc2)C(=O)NCNC1=O	Sex	Female	-0.0146
CCC1(c2ccccc2)C(=O)NCNC1=O	Age	Children	-0.08262
CCC1(c2ccccc2)C(=O)NCNC1=O	Age	Adolescent	-0.02278
CCC1(c2ccccc2)C(=O)NCNC1=O	Age	Adult	-0.0726
CCC1(c2ccccc2)C(=O)NCNC1=O	Age	Elderly	-0.26138
CCC1(c2ccccc2)C(=O)NCNC1=O	Weight	Low	-0.23543
CCC1(c2ccccc2)C(=O)NCNC1=O	Weight	Average	-0.22139
CCC1(c2ccccc2)C(=O)NCNC1=O	Weight	High	-0.30704
CCOC(=O)C(Cc1ccc(F)cc1)NC(=O)C(N)Cc1ccc(N(CCCl)CCCl)cc1	Sex	Male	-0.08355
CCOC(=O)C(Cc1ccc(F)cc1)NC(=O)C(N)Cc1ccc(N(CCCl)CCCl)cc1	Sex	Female	-0.00729
CCOC(=O)C(Cc1ccc(F)cc1)NC(=O)C(N)Cc1ccc(N(CCCl)CCCl)cc1	Age	Children	-0.07026
CCOC(=O)C(Cc1ccc(F)cc1)NC(=O)C(N)Cc1ccc(N(CCCl)CCCl)cc1	Age	Adolescent	-0.01955
CCOC(=O)C(Cc1ccc(F)cc1)NC(=O)C(N)Cc1ccc(N(CCCl)CCCl)cc1	Age	Adult	-0.04691
CCOC(=O)C(Cc1ccc(F)cc1)NC(=O)C(N)Cc1ccc(N(CCCl)CCCl)cc1	Age	Elderly	-0.08875
CCOC(=O)C(Cc1ccc(F)cc1)NC(=O)C(N)Cc1ccc(N(CCCl)CCCl)cc1	Weight	Low	-0.16374
CCOC(=O)C(Cc1ccc(F)cc1)NC(=O)C(N)Cc1ccc(N(CCCl)CCCl)cc1	Weight	Average	-0.06481
CCOC(=O)C(Cc1ccc(F)cc1)NC(=O)C(N)Cc1ccc(N(CCCl)CCCl)cc1	Weight	High	-0.14655
CCOc1ncc(C)c2c1C(c1ccc(C#N)cc1OC)C(C(N)=O)C(C)=N2	Sex	Male	-0.0494
CCOc1ncc(C)c2c1C(c1ccc(C#N)cc1OC)C(C(N)=O)C(C)=N2	Sex	Female	-0.00309
CCOc1ncc(C)c2c1C(c1ccc(C#N)cc1OC)C(C(N)=O)C(C)=N2	Age	Children	-0.03377
CCOc1ncc(C)c2c1C(c1ccc(C#N)cc1OC)C(C(N)=O)C(C)=N2	Age	Adolescent	-0.01143
CCOc1ncc(C)c2c1C(c1ccc(C#N)cc1OC)C(C(N)=O)C(C)=N2	Age	Adult	-0.0411
CCOc1ncc(C)c2c1C(c1ccc(C#N)cc1OC)C(C(N)=O)C(C)=N2	Age	Elderly	-0.0854
CCOc1ncc(C)c2c1C(c1ccc(C#N)cc1OC)C(C(N)=O)C(C)=N2	Weight	Low	-0.09721
CCOc1ncc(C)c2c1C(c1ccc(C#N)cc1OC)C(C(N)=O)C(C)=N2	Weight	Average	-0.07113
CCOc1ncc(C)c2c1C(c1ccc(C#N)cc1OC)C(C(N)=O)C(C)=N2	Weight	High	-0.08247
NC(=O)C1(N2CCCCC2)CCN(CCCC(=O)c2ccc(F)cc2)CC1	Sex	Male	-0.05357
NC(=O)C1(N2CCCCC2)CCN(CCCC(=O)c2ccc(F)cc2)CC1	Sex	Female	-0.00883
NC(=O)C1(N2CCCCC2)CCN(CCCC(=O)c2ccc(F)cc2)CC1	Age	Children	-0.03389
NC(=O)C1(N2CCCCC2)CCN(CCCC(=O)c2ccc(F)cc2)CC1	Age	Adolescent	-0.01014
NC(=O)C1(N2CCCCC2)CCN(CCCC(=O)c2ccc(F)cc2)CC1	Age	Adult	-0.0437
NC(=O)C1(N2CCCCC2)CCN(CCCC(=O)c2ccc(F)cc2)CC1	Age	Elderly	-0.16465
NC(=O)C1(N2CCCCC2)CCN(CCCC(=O)c2ccc(F)cc2)CC1	Weight	Low	-0.14479
NC(=O)C1(N2CCCCC2)CCN(CCCC(=O)c2ccc(F)cc2)CC1	Weight	Average	-0.13496
NC(=O)C1(N2CCCCC2)CCN(CCCC(=O)c2ccc(F)cc2)CC1	Weight	High	-0.20658
O=c1[nH]c(O)cn1N=Cc1ccc(-c2ccc([N+](=O)[O-])cc2)o1	Sex	Male	-0.04843
O=c1[nH]c(O)cn1N=Cc1ccc(-c2ccc([N+](=O)[O-])cc2)o1	Sex	Female	-0.01478
O=c1[nH]c(O)cn1N=Cc1ccc(-c2ccc([N+](=O)[O-])cc2)o1	Age	Children	-0.06867
O=c1[nH]c(O)cn1N=Cc1ccc(-c2ccc([N+](=O)[O-])cc2)o1	Age	Adolescent	-0.02902
O=c1[nH]c(O)cn1N=Cc1ccc(-c2ccc([N+](=O)[O-])cc2)o1	Age	Adult	-0.08269
O=c1[nH]c(O)cn1N=Cc1ccc(-c2ccc([N+](=O)[O-])cc2)o1	Age	Elderly	-0.21993
O=c1[nH]c(O)cn1N=Cc1ccc(-c2ccc([N+](=O)[O-])cc2)o1	Weight	Low	-0.22198
O=c1[nH]c(O)cn1N=Cc1ccc(-c2ccc([N+](=O)[O-])cc2)o1	Weight	Average	-0.1869
O=c1[nH]c(O)cn1N=Cc1ccc(-c2ccc([N+](=O)[O-])cc2)o1	Weight	High	-0.25233
CC(C)(C)NCC(O)c1cc(Cl)c(N)c(Cl)c1	Sex	Male	-0.10914
CC(C)(C)NCC(O)c1cc(Cl)c(N)c(Cl)c1	Sex	Female	-0.00754
CC(C)(C)NCC(O)c1cc(Cl)c(N)c(Cl)c1	Age	Children	-0.0652
CC(C)(C)NCC(O)c1cc(Cl)c(N)c(Cl)c1	Age	Adolescent	-0.02809
CC(C)(C)NCC(O)c1cc(Cl)c(N)c(Cl)c1	Age	Adult	-0.05867
CC(C)(C)NCC(O)c1cc(Cl)c(N)c(Cl)c1	Age	Elderly	-0.25582
CC(C)(C)NCC(O)c1cc(Cl)c(N)c(Cl)c1	Weight	Low	-0.15432
CC(C)(C)NCC(O)c1cc(Cl)c(N)c(Cl)c1	Weight	Average	-0.19017
CC(C)(C)NCC(O)c1cc(Cl)c(N)c(Cl)c1	Weight	High	-0.2422
CC(C)(C)NCC(O)c1cc(O)cc(O)c1	Sex	Male	-0.08848
CC(C)(C)NCC(O)c1cc(O)cc(O)c1	Sex	Female	-0.00663
CC(C)(C)NCC(O)c1cc(O)cc(O)c1	Age	Children	-0.05842
CC(C)(C)NCC(O)c1cc(O)cc(O)c1	Age	Adolescent	-0.02121
CC(C)(C)NCC(O)c1cc(O)cc(O)c1	Age	Adult	-0.05605
CC(C)(C)NCC(O)c1cc(O)cc(O)c1	Age	Elderly	-0.22743
CC(C)(C)NCC(O)c1cc(O)cc(O)c1	Weight	Low	-0.13121
CC(C)(C)NCC(O)c1cc(O)cc(O)c1	Weight	Average	-0.16916
CC(C)(C)NCC(O)c1cc(O)cc(O)c1	Weight	High	-0.22637
CC(C)(C)c1cc(NC(=O)Nc2ccc(-c3cn4c(n3)sc3cc(OCCN5CCOCC5)ccc34)cc2)no1	Sex	Male	-0.11879
CC(C)(C)c1cc(NC(=O)Nc2ccc(-c3cn4c(n3)sc3cc(OCCN5CCOCC5)ccc34)cc2)no1	Sex	Female	-0.00591
CC(C)(C)c1cc(NC(=O)Nc2ccc(-c3cn4c(n3)sc3cc(OCCN5CCOCC5)ccc34)cc2)no1	Age	Children	-0.05484
CC(C)(C)c1cc(NC(=O)Nc2ccc(-c3cn4c(n3)sc3cc(OCCN5CCOCC5)ccc34)cc2)no1	Age	Adolescent	-0.02889
CC(C)(C)c1cc(NC(=O)Nc2ccc(-c3cn4c(n3)sc3cc(OCCN5CCOCC5)ccc34)cc2)no1	Age	Adult	-0.06733
CC(C)(C)c1cc(NC(=O)Nc2ccc(-c3cn4c(n3)sc3cc(OCCN5CCOCC5)ccc34)cc2)no1	Age	Elderly	-0.10216
CC(C)(C)c1cc(NC(=O)Nc2ccc(-c3cn4c(n3)sc3cc(OCCN5CCOCC5)ccc34)cc2)no1	Weight	Low	-0.08273
CC(C)(C)c1cc(NC(=O)Nc2ccc(-c3cn4c(n3)sc3cc(OCCN5CCOCC5)ccc34)cc2)no1	Weight	Average	-0.06022
CC(C)(C)c1cc(NC(=O)Nc2ccc(-c3cn4c(n3)sc3cc(OCCN5CCOCC5)ccc34)cc2)no1	Weight	High	-0.09236
CC(C)(Oc1ccc(C(=O)c2ccc(Cl)cc2)cc1)C(=O)O	Sex	Male	-0.07556
CC(C)(Oc1ccc(C(=O)c2ccc(Cl)cc2)cc1)C(=O)O	Sex	Female	-0.00953
CC(C)(Oc1ccc(C(=O)c2ccc(Cl)cc2)cc1)C(=O)O	Age	Children	-0.0768
CC(C)(Oc1ccc(C(=O)c2ccc(Cl)cc2)cc1)C(=O)O	Age	Adolescent	-0.01462
CC(C)(Oc1ccc(C(=O)c2ccc(Cl)cc2)cc1)C(=O)O	Age	Adult	-0.08236
CC(C)(Oc1ccc(C(=O)c2ccc(Cl)cc2)cc1)C(=O)O	Age	Elderly	-0.2235
CC(C)(Oc1ccc(C(=O)c2ccc(Cl)cc2)cc1)C(=O)O	Weight	Low	-0.21326
CC(C)(Oc1ccc(C(=O)c2ccc(Cl)cc2)cc1)C(=O)O	Weight	Average	-0.18296
CC(C)(Oc1ccc(C(=O)c2ccc(Cl)cc2)cc1)C(=O)O	Weight	High	-0.22156
CC(Cc1ccc(O)cc1)NCC(O)c1cc(O)cc(O)c1	Sex	Male	-0.08215
CC(Cc1ccc(O)cc1)NCC(O)c1cc(O)cc(O)c1	Sex	Female	-0.00562
CC(Cc1ccc(O)cc1)NCC(O)c1cc(O)cc(O)c1	Age	Children	-0.04534
CC(Cc1ccc(O)cc1)NCC(O)c1cc(O)cc(O)c1	Age	Adolescent	-0.01243
CC(Cc1ccc(O)cc1)NCC(O)c1cc(O)cc(O)c1	Age	Adult	-0.03601
CC(Cc1ccc(O)cc1)NCC(O)c1cc(O)cc(O)c1	Age	Elderly	-0.16801
CC(Cc1ccc(O)cc1)NCC(O)c1cc(O)cc(O)c1	Weight	Low	-0.12233
CC(Cc1ccc(O)cc1)NCC(O)c1cc(O)cc(O)c1	Weight	Average	-0.13885
CC(Cc1ccc(O)cc1)NCC(O)c1cc(O)cc(O)c1	Weight	High	-0.16783
CC(N)(Cc1ccc(O)c(O)c1)C(=O)O	Sex	Male	-0.1312
CC(N)(Cc1ccc(O)c(O)c1)C(=O)O	Sex	Female	-0.00967
CC(N)(Cc1ccc(O)c(O)c1)C(=O)O	Age	Children	-0.08642
CC(N)(Cc1ccc(O)c(O)c1)C(=O)O	Age	Adolescent	-0.02689
CC(N)(Cc1ccc(O)c(O)c1)C(=O)O	Age	Adult	-0.09269
CC(N)(Cc1ccc(O)c(O)c1)C(=O)O	Age	Elderly	-0.27071
CC(N)(Cc1ccc(O)c(O)c1)C(=O)O	Weight	Low	-0.26271
CC(N)(Cc1ccc(O)c(O)c1)C(=O)O	Weight	Average	-0.24484
CC(N)(Cc1ccc(O)c(O)c1)C(=O)O	Weight	High	-0.32583
CCC(=O)N(c1ccccc1)C1(COC)CCN(CCc2cccs2)CC1	Sex	Male	-0.06384
CCC(=O)N(c1ccccc1)C1(COC)CCN(CCc2cccs2)CC1	Sex	Female	-0.00401
CCC(=O)N(c1ccccc1)C1(COC)CCN(CCc2cccs2)CC1	Age	Children	-0.04467
CCC(=O)N(c1ccccc1)C1(COC)CCN(CCc2cccs2)CC1	Age	Adolescent	-0.01984
CCC(=O)N(c1ccccc1)C1(COC)CCN(CCc2cccs2)CC1	Age	Adult	-0.0437
CCC(=O)N(c1ccccc1)C1(COC)CCN(CCc2cccs2)CC1	Age	Elderly	-0.17512
CCC(=O)N(c1ccccc1)C1(COC)CCN(CCc2cccs2)CC1	Weight	Low	-0.24273
CCC(=O)N(c1ccccc1)C1(COC)CCN(CCc2cccs2)CC1	Weight	Average	-0.21283
CCC(=O)N(c1ccccc1)C1(COC)CCN(CCc2cccs2)CC1	Weight	High	-0.24693
CCC1(C)CC(=O)NC1=O	Sex	Male	-0.10053
CCC1(C)CC(=O)NC1=O	Sex	Female	-0.01591
CCC1(C)CC(=O)NC1=O	Age	Children	-0.08137
CCC1(C)CC(=O)NC1=O	Age	Adolescent	-0.04216
CCC1(C)CC(=O)NC1=O	Age	Adult	-0.07401
CCC1(C)CC(=O)NC1=O	Age	Elderly	-0.22116
CCC1(C)CC(=O)NC1=O	Weight	Low	-0.27932
CCC1(C)CC(=O)NC1=O	Weight	Average	-0.25025
CCC1(C)CC(=O)NC1=O	Weight	High	-0.32974
CCCCC(CC)COC(=O)CC(C(=O)OCC(CC)CCCC)S(=O)(=O)O	Sex	Male	-0.09664
CCCCC(CC)COC(=O)CC(C(=O)OCC(CC)CCCC)S(=O)(=O)O	Sex	Female	-0.00875
CCCCC(CC)COC(=O)CC(C(=O)OCC(CC)CCCC)S(=O)(=O)O	Age	Children	-0.11167
CCCCC(CC)COC(=O)CC(C(=O)OCC(CC)CCCC)S(=O)(=O)O	Age	Adolescent	-0.04506
CCCCC(CC)COC(=O)CC(C(=O)OCC(CC)CCCC)S(=O)(=O)O	Age	Adult	-0.04492
CCCCC(CC)COC(=O)CC(C(=O)OCC(CC)CCCC)S(=O)(=O)O	Age	Elderly	-0.17583
CCCCC(CC)COC(=O)CC(C(=O)OCC(CC)CCCC)S(=O)(=O)O	Weight	Low	-0.21558
CCCCC(CC)COC(=O)CC(C(=O)OCC(CC)CCCC)S(=O)(=O)O	Weight	Average	-0.14039
CCCCC(CC)COC(=O)CC(C(=O)OCC(CC)CCCC)S(=O)(=O)O	Weight	High	-0.18932
CCCCCCCCCCCCCCCC[n+]1ccccc1	Sex	Male	-0.08685
CCCCCCCCCCCCCCCC[n+]1ccccc1	Sex	Female	-0.00907
CCCCCCCCCCCCCCCC[n+]1ccccc1	Age	Children	-0.05952
CCCCCCCCCCCCCCCC[n+]1ccccc1	Age	Adolescent	-0.02098
CCCCCCCCCCCCCCCC[n+]1ccccc1	Age	Adult	-0.06809
CCCCCCCCCCCCCCCC[n+]1ccccc1	Age	Elderly	-0.21482
CCCCCCCCCCCCCCCC[n+]1ccccc1	Weight	Low	-0.17832
CCCCCCCCCCCCCCCC[n+]1ccccc1	Weight	Average	-0.14661
CCCCCCCCCCCCCCCC[n+]1ccccc1	Weight	High	-0.2561
CN(C)C1C(=O)C(C(N)=O)C(=O)C2(O)C(=O)C3C(=O)c4c(O)cccc4C(C)(O)C3CC12	Sex	Male	-0.09554
CN(C)C1C(=O)C(C(N)=O)C(=O)C2(O)C(=O)C3C(=O)c4c(O)cccc4C(C)(O)C3CC12	Sex	Female	-0.00949
CN(C)C1C(=O)C(C(N)=O)C(=O)C2(O)C(=O)C3C(=O)c4c(O)cccc4C(C)(O)C3CC12	Age	Children	-0.04824
CN(C)C1C(=O)C(C(N)=O)C(=O)C2(O)C(=O)C3C(=O)c4c(O)cccc4C(C)(O)C3CC12	Age	Adolescent	-0.02715
CN(C)C1C(=O)C(C(N)=O)C(=O)C2(O)C(=O)C3C(=O)c4c(O)cccc4C(C)(O)C3CC12	Age	Adult	-0.04233
CN(C)C1C(=O)C(C(N)=O)C(=O)C2(O)C(=O)C3C(=O)c4c(O)cccc4C(C)(O)C3CC12	Age	Elderly	-0.15507
CN(C)C1C(=O)C(C(N)=O)C(=O)C2(O)C(=O)C3C(=O)c4c(O)cccc4C(C)(O)C3CC12	Weight	Low	-0.2192
CN(C)C1C(=O)C(C(N)=O)C(=O)C2(O)C(=O)C3C(=O)c4c(O)cccc4C(C)(O)C3CC12	Weight	Average	-0.18965
CN(C)C1C(=O)C(C(N)=O)C(=O)C2(O)C(=O)C3C(=O)c4c(O)cccc4C(C)(O)C3CC12	Weight	High	-0.23981
CNC(=O)c1c(I)c(NC(C)=O)c(I)c(C(=O)O)c1I	Sex	Male	-0.0278
CNC(=O)c1c(I)c(NC(C)=O)c(I)c(C(=O)O)c1I	Sex	Female	-0.00358
CNC(=O)c1c(I)c(NC(C)=O)c(I)c(C(=O)O)c1I	Age	Children	-0.01996
CNC(=O)c1c(I)c(NC(C)=O)c(I)c(C(=O)O)c1I	Age	Adolescent	-0.00907
CNC(=O)c1c(I)c(NC(C)=O)c(I)c(C(=O)O)c1I	Age	Adult	-0.01522
CNC(=O)c1c(I)c(NC(C)=O)c(I)c(C(=O)O)c1I	Age	Elderly	-0.03371
CNC(=O)c1c(I)c(NC(C)=O)c(I)c(C(=O)O)c1I	Weight	Low	-0.08521
CNC(=O)c1c(I)c(NC(C)=O)c(I)c(C(=O)O)c1I	Weight	Average	-0.0853
CNC(=O)c1c(I)c(NC(C)=O)c(I)c(C(=O)O)c1I	Weight	High	-0.09236
Cc1cc(C2CCCCC2)n(O)c(=O)c1	Sex	Male	-0.07628
Cc1cc(C2CCCCC2)n(O)c(=O)c1	Sex	Female	-0.0141
Cc1cc(C2CCCCC2)n(O)c(=O)c1	Age	Children	-0.0832
Cc1cc(C2CCCCC2)n(O)c(=O)c1	Age	Adolescent	-0.03156
Cc1cc(C2CCCCC2)n(O)c(=O)c1	Age	Adult	-0.09656
Cc1cc(C2CCCCC2)n(O)c(=O)c1	Age	Elderly	-0.23964
Cc1cc(C2CCCCC2)n(O)c(=O)c1	Weight	Low	-0.24519
Cc1cc(C2CCCCC2)n(O)c(=O)c1	Weight	Average	-0.23659
Cc1cc(C2CCCCC2)n(O)c(=O)c1	Weight	High	-0.28426
NC(=O)Cc1cccc(C(=O)c2ccccc2)c1N	Sex	Male	-0.12026
NC(=O)Cc1cccc(C(=O)c2ccccc2)c1N	Sex	Female	-0.01478
NC(=O)Cc1cccc(C(=O)c2ccccc2)c1N	Age	Children	-0.06811
NC(=O)Cc1cccc(C(=O)c2ccccc2)c1N	Age	Adolescent	-0.0242
NC(=O)Cc1cccc(C(=O)c2ccccc2)c1N	Age	Adult	-0.08882
NC(=O)Cc1cccc(C(=O)c2ccccc2)c1N	Age	Elderly	-0.23878
NC(=O)Cc1cccc(C(=O)c2ccccc2)c1N	Weight	Low	-0.18428
NC(=O)Cc1cccc(C(=O)c2ccccc2)c1N	Weight	Average	-0.22466
NC(=O)Cc1cccc(C(=O)c2ccccc2)c1N	Weight	High	-0.27413
NCCO	Sex	Male	-0.10022
NCCO	Sex	Female	-0.01186
NCCO	Age	Children	-0.07491
NCCO	Age	Adolescent	-0.02624
NCCO	Age	Adult	-0.07389
NCCO	Age	Elderly	-0.24451
NCCO	Weight	Low	-0.27576
NCCO	Weight	Average	-0.22104
NCCO	Weight	High	-0.27827
O=C1CCCC(=O)C1C(=O)c1ccc(C(F)(F)F)cc1[N+](=O)[O-]	Sex	Male	-0.10084
O=C1CCCC(=O)C1C(=O)c1ccc(C(F)(F)F)cc1[N+](=O)[O-]	Sex	Female	-0.01385
O=C1CCCC(=O)C1C(=O)c1ccc(C(F)(F)F)cc1[N+](=O)[O-]	Age	Children	-0.07703
O=C1CCCC(=O)C1C(=O)c1ccc(C(F)(F)F)cc1[N+](=O)[O-]	Age	Adolescent	-0.02494
O=C1CCCC(=O)C1C(=O)c1ccc(C(F)(F)F)cc1[N+](=O)[O-]	Age	Adult	-0.09946
O=C1CCCC(=O)C1C(=O)c1ccc(C(F)(F)F)cc1[N+](=O)[O-]	Age	Elderly	-0.21301
O=C1CCCC(=O)C1C(=O)c1ccc(C(F)(F)F)cc1[N+](=O)[O-]	Weight	Low	-0.27672
O=C1CCCC(=O)C1C(=O)c1ccc(C(F)(F)F)cc1[N+](=O)[O-]	Weight	Average	-0.192
O=C1CCCC(=O)C1C(=O)c1ccc(C(F)(F)F)cc1[N+](=O)[O-]	Weight	High	-0.27325
C#CC1(O)CCC2C3CCC4=CCCCC4C3C(=C)CC21CC	Sex	Male	-0.02788
C#CC1(O)CCC2C3CCC4=CCCCC4C3C(=C)CC21CC	Sex	Female	-0.00768
C#CC1(O)CCC2C3CCC4=CCCCC4C3C(=C)CC21CC	Age	Children	-0.02652
C#CC1(O)CCC2C3CCC4=CCCCC4C3C(=C)CC21CC	Age	Adolescent	-0.04538
C#CC1(O)CCC2C3CCC4=CCCCC4C3C(=C)CC21CC	Age	Adult	-0.01312
C#CC1(O)CCC2C3CCC4=CCCCC4C3C(=C)CC21CC	Age	Elderly	-0.10923
C#CC1(O)CCC2C3CCC4=CCCCC4C3C(=C)CC21CC	Weight	Low	-0.1901
C#CC1(O)CCC2C3CCC4=CCCCC4C3C(=C)CC21CC	Weight	Average	-0.16593
C#CC1(O)CCC2C3CCC4=CCCCC4C3C(=C)CC21CC	Weight	High	-0.19586
NC(=O)N1c2ccccc2CC(O)c2ccccc21	Sex	Male	-0.09558
NC(=O)N1c2ccccc2CC(O)c2ccccc21	Sex	Female	-0.00869
NC(=O)N1c2ccccc2CC(O)c2ccccc21	Age	Children	-0.04873
NC(=O)N1c2ccccc2CC(O)c2ccccc21	Age	Adolescent	-0.00499
NC(=O)N1c2ccccc2CC(O)c2ccccc21	Age	Adult	-0.04785
NC(=O)N1c2ccccc2CC(O)c2ccccc21	Age	Elderly	-0.19497
NC(=O)N1c2ccccc2CC(O)c2ccccc21	Weight	Low	-0.16019
NC(=O)N1c2ccccc2CC(O)c2ccccc21	Weight	Average	-0.19785
NC(=O)N1c2ccccc2CC(O)c2ccccc21	Weight	High	-0.23754
C#CC1(O)CCC2C3CCC4=CC(=NO)CCC4C3CCC21CC	Sex	Male	-0.02715
C#CC1(O)CCC2C3CCC4=CC(=NO)CCC4C3CCC21CC	Sex	Female	-0.00646
C#CC1(O)CCC2C3CCC4=CC(=NO)CCC4C3CCC21CC	Age	Children	-0.03117
C#CC1(O)CCC2C3CCC4=CC(=NO)CCC4C3CCC21CC	Age	Adolescent	-0.0542
C#CC1(O)CCC2C3CCC4=CC(=NO)CCC4C3CCC21CC	Age	Adult	-0.04332
C#CC1(O)CCC2C3CCC4=CC(=NO)CCC4C3CCC21CC	Age	Elderly	-0.13002
C#CC1(O)CCC2C3CCC4=CC(=NO)CCC4C3CCC21CC	Weight	Low	-0.19986
C#CC1(O)CCC2C3CCC4=CC(=NO)CCC4C3CCC21CC	Weight	Average	-0.18376
C#CC1(O)CCC2C3CCC4=CC(=NO)CCC4C3CCC21CC	Weight	High	-0.21465
O=C(c1ccc(OCCN2CCCCC2)cc1)c1c(-c2ccc(O)cc2)sc2cc(O)ccc12	Sex	Male	-0.07531
O=C(c1ccc(OCCN2CCCCC2)cc1)c1c(-c2ccc(O)cc2)sc2cc(O)ccc12	Sex	Female	-0.00489
O=C(c1ccc(OCCN2CCCCC2)cc1)c1c(-c2ccc(O)cc2)sc2cc(O)ccc12	Age	Children	-0.05063
O=C(c1ccc(OCCN2CCCCC2)cc1)c1c(-c2ccc(O)cc2)sc2cc(O)ccc12	Age	Adolescent	-0.02067
O=C(c1ccc(OCCN2CCCCC2)cc1)c1c(-c2ccc(O)cc2)sc2cc(O)ccc12	Age	Adult	-0.05328
O=C(c1ccc(OCCN2CCCCC2)cc1)c1c(-c2ccc(O)cc2)sc2cc(O)ccc12	Age	Elderly	-0.12952
O=C(c1ccc(OCCN2CCCCC2)cc1)c1c(-c2ccc(O)cc2)sc2cc(O)ccc12	Weight	Low	-0.14135
O=C(c1ccc(OCCN2CCCCC2)cc1)c1c(-c2ccc(O)cc2)sc2cc(O)ccc12	Weight	Average	-0.10451
O=C(c1ccc(OCCN2CCCCC2)cc1)c1c(-c2ccc(O)cc2)sc2cc(O)ccc12	Weight	High	-0.14169
OCCOc1ccc(C(=C(CCCl)c2ccccc2)c2ccccc2)cc1	Sex	Male	-0.05684
OCCOc1ccc(C(=C(CCCl)c2ccccc2)c2ccccc2)cc1	Sex	Female	-0.0118
OCCOc1ccc(C(=C(CCCl)c2ccccc2)c2ccccc2)cc1	Age	Children	-0.06297
OCCOc1ccc(C(=C(CCCl)c2ccccc2)c2ccccc2)cc1	Age	Adolescent	-0.00932
OCCOc1ccc(C(=C(CCCl)c2ccccc2)c2ccccc2)cc1	Age	Adult	-0.07032
OCCOc1ccc(C(=C(CCCl)c2ccccc2)c2ccccc2)cc1	Age	Elderly	-0.17728
OCCOc1ccc(C(=C(CCCl)c2ccccc2)c2ccccc2)cc1	Weight	Low	-0.10149
OCCOc1ccc(C(=C(CCCl)c2ccccc2)c2ccccc2)cc1	Weight	Average	-0.02603
OCCOc1ccc(C(=C(CCCl)c2ccccc2)c2ccccc2)cc1	Weight	High	-0.15221
Cc1sc2c(c1C)C(c1ccc(Cl)cc1)=NC(CC(=O)NCCCN1CCN(C)CC1)c1nnc(C)n1-2	Sex	Male	-0.04676
Cc1sc2c(c1C)C(c1ccc(Cl)cc1)=NC(CC(=O)NCCCN1CCN(C)CC1)c1nnc(C)n1-2	Sex	Female	-0.00546
Cc1sc2c(c1C)C(c1ccc(Cl)cc1)=NC(CC(=O)NCCCN1CCN(C)CC1)c1nnc(C)n1-2	Age	Children	-0.05486
Cc1sc2c(c1C)C(c1ccc(Cl)cc1)=NC(CC(=O)NCCCN1CCN(C)CC1)c1nnc(C)n1-2	Age	Adolescent	-0.01682
Cc1sc2c(c1C)C(c1ccc(Cl)cc1)=NC(CC(=O)NCCCN1CCN(C)CC1)c1nnc(C)n1-2	Age	Adult	-0.05951
Cc1sc2c(c1C)C(c1ccc(Cl)cc1)=NC(CC(=O)NCCCN1CCN(C)CC1)c1nnc(C)n1-2	Age	Elderly	-0.19159
Cc1sc2c(c1C)C(c1ccc(Cl)cc1)=NC(CC(=O)NCCCN1CCN(C)CC1)c1nnc(C)n1-2	Weight	Low	-0.07906
Cc1sc2c(c1C)C(c1ccc(Cl)cc1)=NC(CC(=O)NCCCN1CCN(C)CC1)c1nnc(C)n1-2	Weight	Average	-0.13899
Cc1sc2c(c1C)C(c1ccc(Cl)cc1)=NC(CC(=O)NCCCN1CCN(C)CC1)c1nnc(C)n1-2	Weight	High	-0.15893
CC12CCC3c4ccc(O)cc4CCC3C1C(O)C(O)C2O	Sex	Male	-0.05368
CC12CCC3c4ccc(O)cc4CCC3C1C(O)C(O)C2O	Sex	Female	-0.0061
CC12CCC3c4ccc(O)cc4CCC3C1C(O)C(O)C2O	Age	Children	-0.0391
CC12CCC3c4ccc(O)cc4CCC3C1C(O)C(O)C2O	Age	Adolescent	-0.04367
CC12CCC3c4ccc(O)cc4CCC3C1C(O)C(O)C2O	Age	Adult	-0.07359
CC12CCC3c4ccc(O)cc4CCC3C1C(O)C(O)C2O	Age	Elderly	-0.12635
CC12CCC3c4ccc(O)cc4CCC3C1C(O)C(O)C2O	Weight	Low	-0.22197
CC12CCC3c4ccc(O)cc4CCC3C1C(O)C(O)C2O	Weight	Average	-0.15689
CC12CCC3c4ccc(O)cc4CCC3C1C(O)C(O)C2O	Weight	High	-0.2045
CC12CCC3c4ccc(O)cc4CCC3C1CC(O)C2O	Sex	Male	-0.06868
CC12CCC3c4ccc(O)cc4CCC3C1CC(O)C2O	Sex	Female	-0.00886
CC12CCC3c4ccc(O)cc4CCC3C1CC(O)C2O	Age	Children	-0.05917
CC12CCC3c4ccc(O)cc4CCC3C1CC(O)C2O	Age	Adolescent	-0.04986
CC12CCC3c4ccc(O)cc4CCC3C1CC(O)C2O	Age	Adult	-0.08053
CC12CCC3c4ccc(O)cc4CCC3C1CC(O)C2O	Age	Elderly	-0.15605
CC12CCC3c4ccc(O)cc4CCC3C1CC(O)C2O	Weight	Low	-0.23698
CC12CCC3c4ccc(O)cc4CCC3C1CC(O)C2O	Weight	Average	-0.18509
CC12CCC3c4ccc(O)cc4CCC3C1CC(O)C2O	Weight	High	-0.18423
CC12CCC3c4ccc(O)cc4CCC3C1CCC2OC(=O)CCC1CCCC1	Sex	Male	-0.05616
CC12CCC3c4ccc(O)cc4CCC3C1CCC2OC(=O)CCC1CCCC1	Sex	Female	-0.00724
CC12CCC3c4ccc(O)cc4CCC3C1CCC2OC(=O)CCC1CCCC1	Age	Children	-0.06388
CC12CCC3c4ccc(O)cc4CCC3C1CCC2OC(=O)CCC1CCCC1	Age	Adolescent	-0.04673
CC12CCC3c4ccc(O)cc4CCC3C1CCC2OC(=O)CCC1CCCC1	Age	Adult	-0.05469
CC12CCC3c4ccc(O)cc4CCC3C1CCC2OC(=O)CCC1CCCC1	Age	Elderly	-0.10225
CC12CCC3c4ccc(O)cc4CCC3C1CCC2OC(=O)CCC1CCCC1	Weight	Low	-0.20432
CC12CCC3c4ccc(O)cc4CCC3C1CCC2OC(=O)CCC1CCCC1	Weight	Average	-0.14045
CC12CCC3c4ccc(O)cc4CCC3C1CCC2OC(=O)CCC1CCCC1	Weight	High	-0.15968
CCCC(C)C1(CC)C(=O)NC(=S)NC1=O	Sex	Male	-0.09286
CCCC(C)C1(CC)C(=O)NC(=S)NC1=O	Sex	Female	-0.00987
CCCC(C)C1(CC)C(=O)NC(=S)NC1=O	Age	Children	-0.07345
CCCC(C)C1(CC)C(=O)NC(=S)NC1=O	Age	Adolescent	-0.02892
CCCC(C)C1(CC)C(=O)NC(=S)NC1=O	Age	Adult	-0.05157
CCCC(C)C1(CC)C(=O)NC(=S)NC1=O	Age	Elderly	-0.1961
CCCC(C)C1(CC)C(=O)NC(=S)NC1=O	Weight	Low	-0.25121
CCCC(C)C1(CC)C(=O)NC(=S)NC1=O	Weight	Average	-0.18194
CCCC(C)C1(CC)C(=O)NC(=S)NC1=O	Weight	High	-0.27066
CCN(C(C)=O)c1cccc(-c2ccnc3c(C#N)cnn23)c1	Sex	Male	-0.09723
CCN(C(C)=O)c1cccc(-c2ccnc3c(C#N)cnn23)c1	Sex	Female	-0.00448
CCN(C(C)=O)c1cccc(-c2ccnc3c(C#N)cnn23)c1	Age	Children	-0.04075
CCN(C(C)=O)c1cccc(-c2ccnc3c(C#N)cnn23)c1	Age	Adolescent	-0.00772
CCN(C(C)=O)c1cccc(-c2ccnc3c(C#N)cnn23)c1	Age	Adult	-0.0701
CCN(C(C)=O)c1cccc(-c2ccnc3c(C#N)cnn23)c1	Age	Elderly	-0.14504
CCN(C(C)=O)c1cccc(-c2ccnc3c(C#N)cnn23)c1	Weight	Low	-0.14674
CCN(C(C)=O)c1cccc(-c2ccnc3c(C#N)cnn23)c1	Weight	Average	-0.11987
CCN(C(C)=O)c1cccc(-c2ccnc3c(C#N)cnn23)c1	Weight	High	-0.21037
CCN(CC)c1ccc(C(=C2C=CC(=[N+](CC)CC)C=C2)c2cc(S(=O)(=O)O)ccc2S(=O)(=O)[O-])cc1	Sex	Male	-0.06373
CCN(CC)c1ccc(C(=C2C=CC(=[N+](CC)CC)C=C2)c2cc(S(=O)(=O)O)ccc2S(=O)(=O)[O-])cc1	Sex	Female	-0.00861
CCN(CC)c1ccc(C(=C2C=CC(=[N+](CC)CC)C=C2)c2cc(S(=O)(=O)O)ccc2S(=O)(=O)[O-])cc1	Age	Children	-0.04462
CCN(CC)c1ccc(C(=C2C=CC(=[N+](CC)CC)C=C2)c2cc(S(=O)(=O)O)ccc2S(=O)(=O)[O-])cc1	Age	Adolescent	-0.01532
CCN(CC)c1ccc(C(=C2C=CC(=[N+](CC)CC)C=C2)c2cc(S(=O)(=O)O)ccc2S(=O)(=O)[O-])cc1	Age	Adult	-0.06561
CCN(CC)c1ccc(C(=C2C=CC(=[N+](CC)CC)C=C2)c2cc(S(=O)(=O)O)ccc2S(=O)(=O)[O-])cc1	Age	Elderly	-0.12226
CCN(CC)c1ccc(C(=C2C=CC(=[N+](CC)CC)C=C2)c2cc(S(=O)(=O)O)ccc2S(=O)(=O)[O-])cc1	Weight	Low	-0.1412
CCN(CC)c1ccc(C(=C2C=CC(=[N+](CC)CC)C=C2)c2cc(S(=O)(=O)O)ccc2S(=O)(=O)[O-])cc1	Weight	Average	-0.12561
CCN(CC)c1ccc(C(=C2C=CC(=[N+](CC)CC)C=C2)c2cc(S(=O)(=O)O)ccc2S(=O)(=O)[O-])cc1	Weight	High	-0.20489
CN1CCN(C(c2ccccc2)c2ccccc2)CC1	Sex	Male	-0.08244
CN1CCN(C(c2ccccc2)c2ccccc2)CC1	Sex	Female	-0.0072
CN1CCN(C(c2ccccc2)c2ccccc2)CC1	Age	Children	-0.05928
CN1CCN(C(c2ccccc2)c2ccccc2)CC1	Age	Adolescent	-0.00113
CN1CCN(C(c2ccccc2)c2ccccc2)CC1	Age	Adult	-0.05053
CN1CCN(C(c2ccccc2)c2ccccc2)CC1	Age	Elderly	-0.23271
CN1CCN(C(c2ccccc2)c2ccccc2)CC1	Weight	Low	-0.2092
CN1CCN(C(c2ccccc2)c2ccccc2)CC1	Weight	Average	-0.22177
CN1CCN(C(c2ccccc2)c2ccccc2)CC1	Weight	High	-0.29334
CNCCCN1c2ccccc2CCc2ccccc21	Sex	Male	-0.08241
CNCCCN1c2ccccc2CCc2ccccc21	Sex	Female	-0.00816
CNCCCN1c2ccccc2CCc2ccccc21	Age	Children	-0.02856
CNCCCN1c2ccccc2CCc2ccccc21	Age	Adolescent	-0.01139
CNCCCN1c2ccccc2CCc2ccccc21	Age	Adult	-0.051
CNCCCN1c2ccccc2CCc2ccccc21	Age	Elderly	-0.17054
CNCCCN1c2ccccc2CCc2ccccc21	Weight	Low	-0.15584
CNCCCN1c2ccccc2CCc2ccccc21	Weight	Average	-0.16904
CNCCCN1c2ccccc2CCc2ccccc21	Weight	High	-0.25862
CON(C)Cc1ccc(O)c2c1CC1CC3C(N(C)C)C(=O)C(C(N)=O)C(=O)C3(O)C(=O)C1C2=O	Sex	Male	-0.10409
CON(C)Cc1ccc(O)c2c1CC1CC3C(N(C)C)C(=O)C(C(N)=O)C(=O)C3(O)C(=O)C1C2=O	Sex	Female	-0.00758
CON(C)Cc1ccc(O)c2c1CC1CC3C(N(C)C)C(=O)C(C(N)=O)C(=O)C3(O)C(=O)C1C2=O	Age	Children	-0.04814
CON(C)Cc1ccc(O)c2c1CC1CC3C(N(C)C)C(=O)C(C(N)=O)C(=O)C3(O)C(=O)C1C2=O	Age	Adolescent	-0.01812
CON(C)Cc1ccc(O)c2c1CC1CC3C(N(C)C)C(=O)C(C(N)=O)C(=O)C3(O)C(=O)C1C2=O	Age	Adult	-0.01359
CON(C)Cc1ccc(O)c2c1CC1CC3C(N(C)C)C(=O)C(C(N)=O)C(=O)C3(O)C(=O)C1C2=O	Age	Elderly	-0.1128
CON(C)Cc1ccc(O)c2c1CC1CC3C(N(C)C)C(=O)C(C(N)=O)C(=O)C3(O)C(=O)C1C2=O	Weight	Low	-0.17861
CON(C)Cc1ccc(O)c2c1CC1CC3C(N(C)C)C(=O)C(C(N)=O)C(=O)C3(O)C(=O)C1C2=O	Weight	Average	-0.11248
CON(C)Cc1ccc(O)c2c1CC1CC3C(N(C)C)C(=O)C(C(N)=O)C(=O)C3(O)C(=O)C1C2=O	Weight	High	-0.15157
Cc1ncc(CO)c(CO)c1O	Sex	Male	-0.11539
Cc1ncc(CO)c(CO)c1O	Sex	Female	-0.00784
Cc1ncc(CO)c(CO)c1O	Age	Children	-0.08121
Cc1ncc(CO)c(CO)c1O	Age	Adolescent	-0.02883
Cc1ncc(CO)c(CO)c1O	Age	Adult	-0.07365
Cc1ncc(CO)c(CO)c1O	Age	Elderly	-0.27161
Cc1ncc(CO)c(CO)c1O	Weight	Low	-0.22931
Cc1ncc(CO)c(CO)c1O	Weight	Average	-0.19464
Cc1ncc(CO)c(CO)c1O	Weight	High	-0.25855
Nc1ccc(N=Nc2ccccc2)c(N)n1	Sex	Male	-0.09714
Nc1ccc(N=Nc2ccccc2)c(N)n1	Sex	Female	-0.01271
Nc1ccc(N=Nc2ccccc2)c(N)n1	Age	Children	-0.06632
Nc1ccc(N=Nc2ccccc2)c(N)n1	Age	Adolescent	-0.01821
Nc1ccc(N=Nc2ccccc2)c(N)n1	Age	Adult	-0.08236
Nc1ccc(N=Nc2ccccc2)c(N)n1	Age	Elderly	-0.21438
Nc1ccc(N=Nc2ccccc2)c(N)n1	Weight	Low	-0.21639
Nc1ccc(N=Nc2ccccc2)c(N)n1	Weight	Average	-0.20899
Nc1ccc(N=Nc2ccccc2)c(N)n1	Weight	High	-0.24088
Oc1ccc2c(c1)C13CCCCC1(O)C(C2)N(CC1CCC1)CC3	Sex	Male	-0.10505
Oc1ccc2c(c1)C13CCCCC1(O)C(C2)N(CC1CCC1)CC3	Sex	Female	-0.00602
Oc1ccc2c(c1)C13CCCCC1(O)C(C2)N(CC1CCC1)CC3	Age	Children	-0.05293
Oc1ccc2c(c1)C13CCCCC1(O)C(C2)N(CC1CCC1)CC3	Age	Adolescent	-0.0301
Oc1ccc2c(c1)C13CCCCC1(O)C(C2)N(CC1CCC1)CC3	Age	Adult	-0.09198
Oc1ccc2c(c1)C13CCCCC1(O)C(C2)N(CC1CCC1)CC3	Age	Elderly	-0.2334
Oc1ccc2c(c1)C13CCCCC1(O)C(C2)N(CC1CCC1)CC3	Weight	Low	-0.2468
Oc1ccc2c(c1)C13CCCCC1(O)C(C2)N(CC1CCC1)CC3	Weight	Average	-0.23984
Oc1ccc2c(c1)C13CCCCC1(O)C(C2)N(CC1CCC1)CC3	Weight	High	-0.27523
CC(C)(F)CC(NC(c1ccc(-c2ccc(S(C)(=O)=O)cc2)cc1)C(F)(F)F)C(=O)NC1(C#N)CC1	Sex	Male	-0.07283
CC(C)(F)CC(NC(c1ccc(-c2ccc(S(C)(=O)=O)cc2)cc1)C(F)(F)F)C(=O)NC1(C#N)CC1	Sex	Female	-0.00801
CC(C)(F)CC(NC(c1ccc(-c2ccc(S(C)(=O)=O)cc2)cc1)C(F)(F)F)C(=O)NC1(C#N)CC1	Age	Children	-0.05393
CC(C)(F)CC(NC(c1ccc(-c2ccc(S(C)(=O)=O)cc2)cc1)C(F)(F)F)C(=O)NC1(C#N)CC1	Age	Adolescent	-0.02149
CC(C)(F)CC(NC(c1ccc(-c2ccc(S(C)(=O)=O)cc2)cc1)C(F)(F)F)C(=O)NC1(C#N)CC1	Age	Adult	-0.06088
CC(C)(F)CC(NC(c1ccc(-c2ccc(S(C)(=O)=O)cc2)cc1)C(F)(F)F)C(=O)NC1(C#N)CC1	Age	Elderly	-0.16061
CC(C)(F)CC(NC(c1ccc(-c2ccc(S(C)(=O)=O)cc2)cc1)C(F)(F)F)C(=O)NC1(C#N)CC1	Weight	Low	-0.1904
CC(C)(F)CC(NC(c1ccc(-c2ccc(S(C)(=O)=O)cc2)cc1)C(F)(F)F)C(=O)NC1(C#N)CC1	Weight	Average	-0.08965
CC(C)(F)CC(NC(c1ccc(-c2ccc(S(C)(=O)=O)cc2)cc1)C(F)(F)F)C(=O)NC1(C#N)CC1	Weight	High	-0.24094
CC12CCC3c4ccc(OS(=O)(=O)O)cc4CCC3C1CCC2=O	Sex	Male	-0.05436
CC12CCC3c4ccc(OS(=O)(=O)O)cc4CCC3C1CCC2=O	Sex	Female	-0.01103
CC12CCC3c4ccc(OS(=O)(=O)O)cc4CCC3C1CCC2=O	Age	Children	-0.04903
CC12CCC3c4ccc(OS(=O)(=O)O)cc4CCC3C1CCC2=O	Age	Adolescent	-0.05614
CC12CCC3c4ccc(OS(=O)(=O)O)cc4CCC3C1CCC2=O	Age	Adult	-0.07116
CC12CCC3c4ccc(OS(=O)(=O)O)cc4CCC3C1CCC2=O	Age	Elderly	-0.1726
CC12CCC3c4ccc(OS(=O)(=O)O)cc4CCC3C1CCC2=O	Weight	Low	-0.21294
CC12CCC3c4ccc(OS(=O)(=O)O)cc4CCC3C1CCC2=O	Weight	Average	-0.15844
CC12CCC3c4ccc(OS(=O)(=O)O)cc4CCC3C1CCC2=O	Weight	High	-0.19899
CN1CCN(CCC=C2c3ccccc3Sc3ccc(S(=O)(=O)N(C)C)cc32)CC1	Sex	Male	-0.12687
CN1CCN(CCC=C2c3ccccc3Sc3ccc(S(=O)(=O)N(C)C)cc32)CC1	Sex	Female	-0.00869
CN1CCN(CCC=C2c3ccccc3Sc3ccc(S(=O)(=O)N(C)C)cc32)CC1	Age	Children	-0.04141
CN1CCN(CCC=C2c3ccccc3Sc3ccc(S(=O)(=O)N(C)C)cc32)CC1	Age	Adolescent	-0.01955
CN1CCN(CCC=C2c3ccccc3Sc3ccc(S(=O)(=O)N(C)C)cc32)CC1	Age	Adult	-0.04997
CN1CCN(CCC=C2c3ccccc3Sc3ccc(S(=O)(=O)N(C)C)cc32)CC1	Age	Elderly	-0.19375
CN1CCN(CCC=C2c3ccccc3Sc3ccc(S(=O)(=O)N(C)C)cc32)CC1	Weight	Low	-0.17953
CN1CCN(CCC=C2c3ccccc3Sc3ccc(S(=O)(=O)N(C)C)cc32)CC1	Weight	Average	-0.19436
CN1CCN(CCC=C2c3ccccc3Sc3ccc(S(=O)(=O)N(C)C)cc32)CC1	Weight	High	-0.22295
CC(C)NCC(O)COc1cccc2[nH]ccc12	Sex	Male	-0.05135
CC(C)NCC(O)COc1cccc2[nH]ccc12	Sex	Female	-0.00481
CC(C)NCC(O)COc1cccc2[nH]ccc12	Age	Children	-0.03194
CC(C)NCC(O)COc1cccc2[nH]ccc12	Age	Adolescent	-0.01
CC(C)NCC(O)COc1cccc2[nH]ccc12	Age	Adult	-0.0231
CC(C)NCC(O)COc1cccc2[nH]ccc12	Age	Elderly	-0.07188
CC(C)NCC(O)COc1cccc2[nH]ccc12	Weight	Low	-0.07453
CC(C)NCC(O)COc1cccc2[nH]ccc12	Weight	Average	-0.08311
CC(C)NCC(O)COc1cccc2[nH]ccc12	Weight	High	-0.12664
COc1ccccc1N1CCN(CCCNc2cc(=O)n(C)c(=O)n2C)CC1	Sex	Male	-0.09912
COc1ccccc1N1CCN(CCCNc2cc(=O)n(C)c(=O)n2C)CC1	Sex	Female	-0.00782
COc1ccccc1N1CCN(CCCNc2cc(=O)n(C)c(=O)n2C)CC1	Age	Children	-0.05932
COc1ccccc1N1CCN(CCCNc2cc(=O)n(C)c(=O)n2C)CC1	Age	Adolescent	-0.01692
COc1ccccc1N1CCN(CCCNc2cc(=O)n(C)c(=O)n2C)CC1	Age	Adult	-0.07053
COc1ccccc1N1CCN(CCCNc2cc(=O)n(C)c(=O)n2C)CC1	Age	Elderly	-0.15224
COc1ccccc1N1CCN(CCCNc2cc(=O)n(C)c(=O)n2C)CC1	Weight	Low	-0.16423
COc1ccccc1N1CCN(CCCNc2cc(=O)n(C)c(=O)n2C)CC1	Weight	Average	-0.18785
COc1ccccc1N1CCN(CCCNc2cc(=O)n(C)c(=O)n2C)CC1	Weight	High	-0.18754
Cc1[nH]cnc1CN1CCc2c(c3ccccc3n2C)C1=O	Sex	Male	-0.09156
Cc1[nH]cnc1CN1CCc2c(c3ccccc3n2C)C1=O	Sex	Female	-0.0053
Cc1[nH]cnc1CN1CCc2c(c3ccccc3n2C)C1=O	Age	Children	-0.06776
Cc1[nH]cnc1CN1CCc2c(c3ccccc3n2C)C1=O	Age	Adolescent	-0.02407
Cc1[nH]cnc1CN1CCc2c(c3ccccc3n2C)C1=O	Age	Adult	-0.07049
Cc1[nH]cnc1CN1CCc2c(c3ccccc3n2C)C1=O	Age	Elderly	-0.21215
Cc1[nH]cnc1CN1CCc2c(c3ccccc3n2C)C1=O	Weight	Low	-0.18521
Cc1[nH]cnc1CN1CCc2c(c3ccccc3n2C)C1=O	Weight	Average	-0.24014
Cc1[nH]cnc1CN1CCc2c(c3ccccc3n2C)C1=O	Weight	High	-0.2733
NC(N)=O	Sex	Male	-0.09845
NC(N)=O	Sex	Female	-0.01404
NC(N)=O	Age	Children	-0.08408
NC(N)=O	Age	Adolescent	-0.02491
NC(N)=O	Age	Adult	-0.0725
NC(N)=O	Age	Elderly	-0.22922
NC(N)=O	Weight	Low	-0.24985
NC(N)=O	Weight	Average	-0.25272
NC(N)=O	Weight	High	-0.29189
O=C1c2ccccc2C(=O)C1c1ccc(F)cc1	Sex	Male	-0.0791
O=C1c2ccccc2C(=O)C1c1ccc(F)cc1	Sex	Female	-0.01837
O=C1c2ccccc2C(=O)C1c1ccc(F)cc1	Age	Children	-0.06427
O=C1c2ccccc2C(=O)C1c1ccc(F)cc1	Age	Adolescent	-0.01657
O=C1c2ccccc2C(=O)C1c1ccc(F)cc1	Age	Adult	-0.0776
O=C1c2ccccc2C(=O)C1c1ccc(F)cc1	Age	Elderly	-0.19964
O=C1c2ccccc2C(=O)C1c1ccc(F)cc1	Weight	Low	-0.20392
O=C1c2ccccc2C(=O)C1c1ccc(F)cc1	Weight	Average	-0.22428
O=C1c2ccccc2C(=O)C1c1ccc(F)cc1	Weight	High	-0.34854
CN1CCN(CCCN2c3ccccc3Sc3ccc(C(F)(F)F)cc32)CC1	Sex	Male	-0.08757
CN1CCN(CCCN2c3ccccc3Sc3ccc(C(F)(F)F)cc32)CC1	Sex	Female	-0.00518
CN1CCN(CCCN2c3ccccc3Sc3ccc(C(F)(F)F)cc32)CC1	Age	Children	-0.05042
CN1CCN(CCCN2c3ccccc3Sc3ccc(C(F)(F)F)cc32)CC1	Age	Adolescent	-0.01201
CN1CCN(CCCN2c3ccccc3Sc3ccc(C(F)(F)F)cc32)CC1	Age	Adult	-0.09034
CN1CCN(CCCN2c3ccccc3Sc3ccc(C(F)(F)F)cc32)CC1	Age	Elderly	-0.21056
CN1CCN(CCCN2c3ccccc3Sc3ccc(C(F)(F)F)cc32)CC1	Weight	Low	-0.16846
CN1CCN(CCCN2c3ccccc3Sc3ccc(C(F)(F)F)cc32)CC1	Weight	Average	-0.14163
CN1CCN(CCCN2c3ccccc3Sc3ccc(C(F)(F)F)cc32)CC1	Weight	High	-0.25158
COC(=O)c1ccccc1O	Sex	Male	-0.09095
COC(=O)c1ccccc1O	Sex	Female	-0.01257
COC(=O)c1ccccc1O	Age	Children	-0.07539
COC(=O)c1ccccc1O	Age	Adolescent	-0.02469
COC(=O)c1ccccc1O	Age	Adult	-0.07007
COC(=O)c1ccccc1O	Age	Elderly	-0.20224
COC(=O)c1ccccc1O	Weight	Low	-0.22187
COC(=O)c1ccccc1O	Weight	Average	-0.20222
COC(=O)c1ccccc1O	Weight	High	-0.26307
NCCNCCNCCN	Sex	Male	-0.11643
NCCNCCNCCN	Sex	Female	-0.01126
NCCNCCNCCN	Age	Children	-0.07813
NCCNCCNCCN	Age	Adolescent	-0.03136
NCCNCCNCCN	Age	Adult	-0.0764
NCCNCCNCCN	Age	Elderly	-0.22274
NCCNCCNCCN	Weight	Low	-0.26263
NCCNCCNCCN	Weight	Average	-0.24628
NCCNCCNCCN	Weight	High	-0.30048
Nc1cc(C(F)(F)F)c(-c2cc(N3CCOCC3)nc(N3CCOCC3)n2)cn1	Sex	Male	-0.14317
Nc1cc(C(F)(F)F)c(-c2cc(N3CCOCC3)nc(N3CCOCC3)n2)cn1	Sex	Female	-0.01486
Nc1cc(C(F)(F)F)c(-c2cc(N3CCOCC3)nc(N3CCOCC3)n2)cn1	Age	Children	-0.07102
Nc1cc(C(F)(F)F)c(-c2cc(N3CCOCC3)nc(N3CCOCC3)n2)cn1	Age	Adolescent	-0.03274
Nc1cc(C(F)(F)F)c(-c2cc(N3CCOCC3)nc(N3CCOCC3)n2)cn1	Age	Adult	-0.1061
Nc1cc(C(F)(F)F)c(-c2cc(N3CCOCC3)nc(N3CCOCC3)n2)cn1	Age	Elderly	-0.22623
Nc1cc(C(F)(F)F)c(-c2cc(N3CCOCC3)nc(N3CCOCC3)n2)cn1	Weight	Low	-0.22161
Nc1cc(C(F)(F)F)c(-c2cc(N3CCOCC3)nc(N3CCOCC3)n2)cn1	Weight	Average	-0.17505
Nc1cc(C(F)(F)F)c(-c2cc(N3CCOCC3)nc(N3CCOCC3)n2)cn1	Weight	High	-0.23926
CN1CCN(C2=Nc3ccccc3Oc3ccc(Cl)cc32)CC1	Sex	Male	-0.10018
CN1CCN(C2=Nc3ccccc3Oc3ccc(Cl)cc32)CC1	Sex	Female	-0.00271
CN1CCN(C2=Nc3ccccc3Oc3ccc(Cl)cc32)CC1	Age	Children	-0.03589
CN1CCN(C2=Nc3ccccc3Oc3ccc(Cl)cc32)CC1	Age	Adolescent	-0.00368
CN1CCN(C2=Nc3ccccc3Oc3ccc(Cl)cc32)CC1	Age	Adult	-0.04388
CN1CCN(C2=Nc3ccccc3Oc3ccc(Cl)cc32)CC1	Age	Elderly	-0.13915
CN1CCN(C2=Nc3ccccc3Oc3ccc(Cl)cc32)CC1	Weight	Low	-0.09331
CN1CCN(C2=Nc3ccccc3Oc3ccc(Cl)cc32)CC1	Weight	Average	-0.10599
CN1CCN(C2=Nc3ccccc3Oc3ccc(Cl)cc32)CC1	Weight	High	-0.12162
CC(=O)Nc1c(I)c(NC(C)=O)c(I)c(C(=O)O)c1I	Sex	Male	-0.04687
CC(=O)Nc1c(I)c(NC(C)=O)c(I)c(C(=O)O)c1I	Sex	Female	-0.00451
CC(=O)Nc1c(I)c(NC(C)=O)c(I)c(C(=O)O)c1I	Age	Children	-0.03701
CC(=O)Nc1c(I)c(NC(C)=O)c(I)c(C(=O)O)c1I	Age	Adolescent	-0.01791
CC(=O)Nc1c(I)c(NC(C)=O)c(I)c(C(=O)O)c1I	Age	Adult	-0.02734
CC(=O)Nc1c(I)c(NC(C)=O)c(I)c(C(=O)O)c1I	Age	Elderly	-0.07018
CC(=O)Nc1c(I)c(NC(C)=O)c(I)c(C(=O)O)c1I	Weight	Low	-0.13298
CC(=O)Nc1c(I)c(NC(C)=O)c(I)c(C(=O)O)c1I	Weight	Average	-0.1501
CC(=O)Nc1c(I)c(NC(C)=O)c(I)c(C(=O)O)c1I	Weight	High	-0.15092
CC(NCCc1ccc(O)cc1)C(O)c1ccc(O)cc1	Sex	Male	-0.08092
CC(NCCc1ccc(O)cc1)C(O)c1ccc(O)cc1	Sex	Female	-0.01218
CC(NCCc1ccc(O)cc1)C(O)c1ccc(O)cc1	Age	Children	-0.08869
CC(NCCc1ccc(O)cc1)C(O)c1ccc(O)cc1	Age	Adolescent	-0.02766
CC(NCCc1ccc(O)cc1)C(O)c1ccc(O)cc1	Age	Adult	-0.07564
CC(NCCc1ccc(O)cc1)C(O)c1ccc(O)cc1	Age	Elderly	-0.20527
CC(NCCc1ccc(O)cc1)C(O)c1ccc(O)cc1	Weight	Low	-0.24085
CC(NCCc1ccc(O)cc1)C(O)c1ccc(O)cc1	Weight	Average	-0.23043
CC(NCCc1ccc(O)cc1)C(O)c1ccc(O)cc1	Weight	High	-0.26473
CC1(C)C(=CC=CC=CC=CC2=[N+](CCCCS(=O)(=O)[O-])c3ccc4ccccc4c3C2(C)C)N(CCCCS(=O)(=O)O)c2ccc3ccccc3c21	Sex	Male	-0.09146
CC1(C)C(=CC=CC=CC=CC2=[N+](CCCCS(=O)(=O)[O-])c3ccc4ccccc4c3C2(C)C)N(CCCCS(=O)(=O)O)c2ccc3ccccc3c21	Sex	Female	-0.0089
CC1(C)C(=CC=CC=CC=CC2=[N+](CCCCS(=O)(=O)[O-])c3ccc4ccccc4c3C2(C)C)N(CCCCS(=O)(=O)O)c2ccc3ccccc3c21	Age	Children	-0.05545
CC1(C)C(=CC=CC=CC=CC2=[N+](CCCCS(=O)(=O)[O-])c3ccc4ccccc4c3C2(C)C)N(CCCCS(=O)(=O)O)c2ccc3ccccc3c21	Age	Adolescent	-0.02783
CC1(C)C(=CC=CC=CC=CC2=[N+](CCCCS(=O)(=O)[O-])c3ccc4ccccc4c3C2(C)C)N(CCCCS(=O)(=O)O)c2ccc3ccccc3c21	Age	Adult	-0.05066
CC1(C)C(=CC=CC=CC=CC2=[N+](CCCCS(=O)(=O)[O-])c3ccc4ccccc4c3C2(C)C)N(CCCCS(=O)(=O)O)c2ccc3ccccc3c21	Age	Elderly	-0.14069
CC1(C)C(=CC=CC=CC=CC2=[N+](CCCCS(=O)(=O)[O-])c3ccc4ccccc4c3C2(C)C)N(CCCCS(=O)(=O)O)c2ccc3ccccc3c21	Weight	Low	-0.14914
CC1(C)C(=CC=CC=CC=CC2=[N+](CCCCS(=O)(=O)[O-])c3ccc4ccccc4c3C2(C)C)N(CCCCS(=O)(=O)O)c2ccc3ccccc3c21	Weight	Average	-0.08513
CC1(C)C(=CC=CC=CC=CC2=[N+](CCCCS(=O)(=O)[O-])c3ccc4ccccc4c3C2(C)C)N(CCCCS(=O)(=O)O)c2ccc3ccccc3c21	Weight	High	-0.18858
CCCC(C)C1(CC)C(=O)NC(=O)NC1=O	Sex	Male	-0.11363
CCCC(C)C1(CC)C(=O)NC(=O)NC1=O	Sex	Female	-0.01365
CCCC(C)C1(CC)C(=O)NC(=O)NC1=O	Age	Children	-0.10034
CCCC(C)C1(CC)C(=O)NC(=O)NC1=O	Age	Adolescent	-0.03599
CCCC(C)C1(CC)C(=O)NC(=O)NC1=O	Age	Adult	-0.0742
CCCC(C)C1(CC)C(=O)NC(=O)NC1=O	Age	Elderly	-0.22504
CCCC(C)C1(CC)C(=O)NC(=O)NC1=O	Weight	Low	-0.2727
CCCC(C)C1(CC)C(=O)NC(=O)NC1=O	Weight	Average	-0.20617
CCCC(C)C1(CC)C(=O)NC(=O)NC1=O	Weight	High	-0.30956
CCCCCCCCCCCCCCCCCCCCCCO	Sex	Male	-0.10163
CCCCCCCCCCCCCCCCCCCCCCO	Sex	Female	-0.00956
CCCCCCCCCCCCCCCCCCCCCCO	Age	Children	-0.08348
CCCCCCCCCCCCCCCCCCCCCCO	Age	Adolescent	-0.03019
CCCCCCCCCCCCCCCCCCCCCCO	Age	Adult	-0.06427
CCCCCCCCCCCCCCCCCCCCCCO	Age	Elderly	-0.22608
CCCCCCCCCCCCCCCCCCCCCCO	Weight	Low	-0.23624
CCCCCCCCCCCCCCCCCCCCCCO	Weight	Average	-0.19002
CCCCCCCCCCCCCCCCCCCCCCO	Weight	High	-0.2695
CC[N+](C)(C)c1cccc(O)c1	Sex	Male	-0.14247
CC[N+](C)(C)c1cccc(O)c1	Sex	Female	-0.01085
CC[N+](C)(C)c1cccc(O)c1	Age	Children	-0.06739
CC[N+](C)(C)c1cccc(O)c1	Age	Adolescent	-0.02752
CC[N+](C)(C)c1cccc(O)c1	Age	Adult	-0.08612
CC[N+](C)(C)c1cccc(O)c1	Age	Elderly	-0.2634
CC[N+](C)(C)c1cccc(O)c1	Weight	Low	-0.24628
CC[N+](C)(C)c1cccc(O)c1	Weight	Average	-0.22506
CC[N+](C)(C)c1cccc(O)c1	Weight	High	-0.32854
Cc1ccsc1C(=CCCN1CCCC(C(=O)O)C1)c1sccc1C	Sex	Male	-0.12299
Cc1ccsc1C(=CCCN1CCCC(C(=O)O)C1)c1sccc1C	Sex	Female	-0.00927
Cc1ccsc1C(=CCCN1CCCC(C(=O)O)C1)c1sccc1C	Age	Children	-0.06301
Cc1ccsc1C(=CCCN1CCCC(C(=O)O)C1)c1sccc1C	Age	Adolescent	-0.02321
Cc1ccsc1C(=CCCN1CCCC(C(=O)O)C1)c1sccc1C	Age	Adult	-0.06361
Cc1ccsc1C(=CCCN1CCCC(C(=O)O)C1)c1sccc1C	Age	Elderly	-0.2823
Cc1ccsc1C(=CCCN1CCCC(C(=O)O)C1)c1sccc1C	Weight	Low	-0.27022
Cc1ccsc1C(=CCCN1CCCC(C(=O)O)C1)c1sccc1C	Weight	Average	-0.22984
Cc1ccsc1C(=CCCN1CCCC(C(=O)O)C1)c1sccc1C	Weight	High	-0.29721
OC(CCN1CCCCC1)(c1ccccc1)C1CC2C=CC1C2	Sex	Male	-0.10653
OC(CCN1CCCCC1)(c1ccccc1)C1CC2C=CC1C2	Sex	Female	-0.0129
OC(CCN1CCCCC1)(c1ccccc1)C1CC2C=CC1C2	Age	Children	-0.05863
OC(CCN1CCCCC1)(c1ccccc1)C1CC2C=CC1C2	Age	Adolescent	-0.01278
OC(CCN1CCCCC1)(c1ccccc1)C1CC2C=CC1C2	Age	Adult	-0.05807
OC(CCN1CCCCC1)(c1ccccc1)C1CC2C=CC1C2	Age	Elderly	-0.31359
OC(CCN1CCCCC1)(c1ccccc1)C1CC2C=CC1C2	Weight	Low	-0.23682
OC(CCN1CCCCC1)(c1ccccc1)C1CC2C=CC1C2	Weight	Average	-0.22625
OC(CCN1CCCCC1)(c1ccccc1)C1CC2C=CC1C2	Weight	High	-0.29066
CC(=O)Nc1cccc(-n2c(=O)n(C3CC3)c(=O)c3c(Nc4ccc(I)cc4F)n(C)c(=O)c(C)c32)c1	Sex	Male	-0.14095
CC(=O)Nc1cccc(-n2c(=O)n(C3CC3)c(=O)c3c(Nc4ccc(I)cc4F)n(C)c(=O)c(C)c32)c1	Sex	Female	-0.0993
CC(=O)Nc1cccc(-n2c(=O)n(C3CC3)c(=O)c3c(Nc4ccc(I)cc4F)n(C)c(=O)c(C)c32)c1	Age	Children	-0.19614
CC(=O)Nc1cccc(-n2c(=O)n(C3CC3)c(=O)c3c(Nc4ccc(I)cc4F)n(C)c(=O)c(C)c32)c1	Age	Adolescent	-0.20685
CC(=O)Nc1cccc(-n2c(=O)n(C3CC3)c(=O)c3c(Nc4ccc(I)cc4F)n(C)c(=O)c(C)c32)c1	Age	Adult	-0.19699
CC(=O)Nc1cccc(-n2c(=O)n(C3CC3)c(=O)c3c(Nc4ccc(I)cc4F)n(C)c(=O)c(C)c32)c1	Age	Elderly	-0.23018
CC(=O)Nc1cccc(-n2c(=O)n(C3CC3)c(=O)c3c(Nc4ccc(I)cc4F)n(C)c(=O)c(C)c32)c1	Weight	Low	-0.33162
CC(=O)Nc1cccc(-n2c(=O)n(C3CC3)c(=O)c3c(Nc4ccc(I)cc4F)n(C)c(=O)c(C)c32)c1	Weight	Average	-0.38534
CC(=O)Nc1cccc(-n2c(=O)n(C3CC3)c(=O)c3c(Nc4ccc(I)cc4F)n(C)c(=O)c(C)c32)c1	Weight	High	-0.49972
CC(C)OC(=O)OCOP(=O)(COC(C)Cn1cnc2c(N)ncnc21)OCOC(=O)OC(C)C	Sex	Male	-0.21144
CC(C)OC(=O)OCOP(=O)(COC(C)Cn1cnc2c(N)ncnc21)OCOC(=O)OC(C)C	Sex	Female	0.0099
CC(C)OC(=O)OCOP(=O)(COC(C)Cn1cnc2c(N)ncnc21)OCOC(=O)OC(C)C	Age	Children	-0.36022
CC(C)OC(=O)OCOP(=O)(COC(C)Cn1cnc2c(N)ncnc21)OCOC(=O)OC(C)C	Age	Adolescent	-0.0837
CC(C)OC(=O)OCOP(=O)(COC(C)Cn1cnc2c(N)ncnc21)OCOC(=O)OC(C)C	Age	Adult	-0.11342
CC(C)OC(=O)OCOP(=O)(COC(C)Cn1cnc2c(N)ncnc21)OCOC(=O)OC(C)C	Age	Elderly	-0.40953
CC(C)OC(=O)OCOP(=O)(COC(C)Cn1cnc2c(N)ncnc21)OCOC(=O)OC(C)C	Weight	Low	-0.38303
CC(C)OC(=O)OCOP(=O)(COC(C)Cn1cnc2c(N)ncnc21)OCOC(=O)OC(C)C	Weight	Average	-0.35264
CC(C)OC(=O)OCOP(=O)(COC(C)Cn1cnc2c(N)ncnc21)OCOC(=O)OC(C)C	Weight	High	-0.3421
CC(Cn1cnc2c(N)ncnc21)OCP(=O)(O)O	Sex	Male	-0.17011
CC(Cn1cnc2c(N)ncnc21)OCP(=O)(O)O	Sex	Female	0.0014
CC(Cn1cnc2c(N)ncnc21)OCP(=O)(O)O	Age	Children	-0.35247
CC(Cn1cnc2c(N)ncnc21)OCP(=O)(O)O	Age	Adolescent	-0.07478
CC(Cn1cnc2c(N)ncnc21)OCP(=O)(O)O	Age	Adult	-0.0868
CC(Cn1cnc2c(N)ncnc21)OCP(=O)(O)O	Age	Elderly	-0.48419
CC(Cn1cnc2c(N)ncnc21)OCP(=O)(O)O	Weight	Low	-0.41845
CC(Cn1cnc2c(N)ncnc21)OCP(=O)(O)O	Weight	Average	-0.36571
CC(Cn1cnc2c(N)ncnc21)OCP(=O)(O)O	Weight	High	-0.35556
CC1(C)SC2C(NC(=O)C(N)c3ccc(O)cc3)C(=O)N2C1C(=O)O	Sex	Male	-0.24939
CC1(C)SC2C(NC(=O)C(N)c3ccc(O)cc3)C(=O)N2C1C(=O)O	Sex	Female	-0.06074
CC1(C)SC2C(NC(=O)C(N)c3ccc(O)cc3)C(=O)N2C1C(=O)O	Age	Children	-0.27938
CC1(C)SC2C(NC(=O)C(N)c3ccc(O)cc3)C(=O)N2C1C(=O)O	Age	Adolescent	-0.19409
CC1(C)SC2C(NC(=O)C(N)c3ccc(O)cc3)C(=O)N2C1C(=O)O	Age	Adult	-0.12142
CC1(C)SC2C(NC(=O)C(N)c3ccc(O)cc3)C(=O)N2C1C(=O)O	Age	Elderly	-0.28629
CC1(C)SC2C(NC(=O)C(N)c3ccc(O)cc3)C(=O)N2C1C(=O)O	Weight	Low	-0.43901
CC1(C)SC2C(NC(=O)C(N)c3ccc(O)cc3)C(=O)N2C1C(=O)O	Weight	Average	-0.45829
CC1(C)SC2C(NC(=O)C(N)c3ccc(O)cc3)C(=O)N2C1C(=O)O	Weight	High	-0.45127
CCC(C(C)O)n1ncn(-c2ccc(N3CCN(c4ccc(OCC5COC(Cn6cncn6)(c6ccc(F)cc6F)C5)cc4)CC3)cc2)c1=O	Sex	Male	-0.12875
CCC(C(C)O)n1ncn(-c2ccc(N3CCN(c4ccc(OCC5COC(Cn6cncn6)(c6ccc(F)cc6F)C5)cc4)CC3)cc2)c1=O	Sex	Female	-0.00849
CCC(C(C)O)n1ncn(-c2ccc(N3CCN(c4ccc(OCC5COC(Cn6cncn6)(c6ccc(F)cc6F)C5)cc4)CC3)cc2)c1=O	Age	Children	-0.1996
CCC(C(C)O)n1ncn(-c2ccc(N3CCN(c4ccc(OCC5COC(Cn6cncn6)(c6ccc(F)cc6F)C5)cc4)CC3)cc2)c1=O	Age	Adolescent	-0.12471
CCC(C(C)O)n1ncn(-c2ccc(N3CCN(c4ccc(OCC5COC(Cn6cncn6)(c6ccc(F)cc6F)C5)cc4)CC3)cc2)c1=O	Age	Adult	-0.18749
CCC(C(C)O)n1ncn(-c2ccc(N3CCN(c4ccc(OCC5COC(Cn6cncn6)(c6ccc(F)cc6F)C5)cc4)CC3)cc2)c1=O	Age	Elderly	-0.25569
CCC(C(C)O)n1ncn(-c2ccc(N3CCN(c4ccc(OCC5COC(Cn6cncn6)(c6ccc(F)cc6F)C5)cc4)CC3)cc2)c1=O	Weight	Low	-0.18701
CCC(C(C)O)n1ncn(-c2ccc(N3CCN(c4ccc(OCC5COC(Cn6cncn6)(c6ccc(F)cc6F)C5)cc4)CC3)cc2)c1=O	Weight	Average	-0.15168
CCC(C(C)O)n1ncn(-c2ccc(N3CCN(c4ccc(OCC5COC(Cn6cncn6)(c6ccc(F)cc6F)C5)cc4)CC3)cc2)c1=O	Weight	High	-0.26512
CCC(CC)COC(=O)C(C)NP(=O)(OCC1OC(C#N)(c2ccc3c(N)ncnn23)C(O)C1O)Oc1ccccc1	Sex	Male	-0.09498
CCC(CC)COC(=O)C(C)NP(=O)(OCC1OC(C#N)(c2ccc3c(N)ncnn23)C(O)C1O)Oc1ccccc1	Sex	Female	-0.03104
CCC(CC)COC(=O)C(C)NP(=O)(OCC1OC(C#N)(c2ccc3c(N)ncnn23)C(O)C1O)Oc1ccccc1	Age	Children	-0.25005
CCC(CC)COC(=O)C(C)NP(=O)(OCC1OC(C#N)(c2ccc3c(N)ncnn23)C(O)C1O)Oc1ccccc1	Age	Adolescent	-0.11882
CCC(CC)COC(=O)C(C)NP(=O)(OCC1OC(C#N)(c2ccc3c(N)ncnn23)C(O)C1O)Oc1ccccc1	Age	Adult	-0.08564
CCC(CC)COC(=O)C(C)NP(=O)(OCC1OC(C#N)(c2ccc3c(N)ncnn23)C(O)C1O)Oc1ccccc1	Age	Elderly	-0.22549
CCC(CC)COC(=O)C(C)NP(=O)(OCC1OC(C#N)(c2ccc3c(N)ncnn23)C(O)C1O)Oc1ccccc1	Weight	Low	-0.26348
CCC(CC)COC(=O)C(C)NP(=O)(OCC1OC(C#N)(c2ccc3c(N)ncnn23)C(O)C1O)Oc1ccccc1	Weight	Average	-0.21775
CCC(CC)COC(=O)C(C)NP(=O)(OCC1OC(C#N)(c2ccc3c(N)ncnn23)C(O)C1O)Oc1ccccc1	Weight	High	-0.27429
CCC1OC(=O)C(C)C(OC2CC(C)(OC)C(O)C(C)O2)C(C)C(OC2OC(C)CC(N(C)C)C2O)C(C)(O)CC(C)CN(C)C(C)C(O)C1(C)O	Sex	Male	-0.12395
CCC1OC(=O)C(C)C(OC2CC(C)(OC)C(O)C(C)O2)C(C)C(OC2OC(C)CC(N(C)C)C2O)C(C)(O)CC(C)CN(C)C(C)C(O)C1(C)O	Sex	Female	0.0067
CCC1OC(=O)C(C)C(OC2CC(C)(OC)C(O)C(C)O2)C(C)C(OC2OC(C)CC(N(C)C)C2O)C(C)(O)CC(C)CN(C)C(C)C(O)C1(C)O	Age	Children	-0.13778
CCC1OC(=O)C(C)C(OC2CC(C)(OC)C(O)C(C)O2)C(C)C(OC2OC(C)CC(N(C)C)C2O)C(C)(O)CC(C)CN(C)C(C)C(O)C1(C)O	Age	Adolescent	-0.15747
CCC1OC(=O)C(C)C(OC2CC(C)(OC)C(O)C(C)O2)C(C)C(OC2OC(C)CC(N(C)C)C2O)C(C)(O)CC(C)CN(C)C(C)C(O)C1(C)O	Age	Adult	-0.0568
CCC1OC(=O)C(C)C(OC2CC(C)(OC)C(O)C(C)O2)C(C)C(OC2OC(C)CC(N(C)C)C2O)C(C)(O)CC(C)CN(C)C(C)C(O)C1(C)O	Age	Elderly	-0.14492
CCC1OC(=O)C(C)C(OC2CC(C)(OC)C(O)C(C)O2)C(C)C(OC2OC(C)CC(N(C)C)C2O)C(C)(O)CC(C)CN(C)C(C)C(O)C1(C)O	Weight	Low	-0.2314
CCC1OC(=O)C(C)C(OC2CC(C)(OC)C(O)C(C)O2)C(C)C(OC2OC(C)CC(N(C)C)C2O)C(C)(O)CC(C)CN(C)C(C)C(O)C1(C)O	Weight	Average	-0.23142
CCC1OC(=O)C(C)C(OC2CC(C)(OC)C(O)C(C)O2)C(C)C(OC2OC(C)CC(N(C)C)C2O)C(C)(O)CC(C)CN(C)C(C)C(O)C1(C)O	Weight	High	-0.29058
CCCC(CCC)C(=O)O	Sex	Male	-0.17625
CCCC(CCC)C(=O)O	Sex	Female	-0.00825
CCCC(CCC)C(=O)O	Age	Children	-0.3542
CCCC(CCC)C(=O)O	Age	Adolescent	-0.11098
CCCC(CCC)C(=O)O	Age	Adult	-0.05702
CCCC(CCC)C(=O)O	Age	Elderly	-0.291
CCCC(CCC)C(=O)O	Weight	Low	-0.46043
CCCC(CCC)C(=O)O	Weight	Average	-0.38321
CCCC(CCC)C(=O)O	Weight	High	-0.326
CCCCc1oc2ccccc2c1C(=O)c1cc(I)c(OCCN(CC)CC)c(I)c1	Sex	Male	-0.14499
CCCCc1oc2ccccc2c1C(=O)c1cc(I)c(OCCN(CC)CC)c(I)c1	Sex	Female	-0.02475
CCCCc1oc2ccccc2c1C(=O)c1cc(I)c(OCCN(CC)CC)c(I)c1	Age	Children	-0.08243
CCCCc1oc2ccccc2c1C(=O)c1cc(I)c(OCCN(CC)CC)c(I)c1	Age	Adolescent	-0.05476
CCCCc1oc2ccccc2c1C(=O)c1cc(I)c(OCCN(CC)CC)c(I)c1	Age	Adult	-0.10257
CCCCc1oc2ccccc2c1C(=O)c1cc(I)c(OCCN(CC)CC)c(I)c1	Age	Elderly	-0.13964
CCCCc1oc2ccccc2c1C(=O)c1cc(I)c(OCCN(CC)CC)c(I)c1	Weight	Low	-0.15053
CCCCc1oc2ccccc2c1C(=O)c1cc(I)c(OCCN(CC)CC)c(I)c1	Weight	Average	-0.04551
CCCCc1oc2ccccc2c1C(=O)c1cc(I)c(OCCN(CC)CC)c(I)c1	Weight	High	-0.20626
CCN1CCN(C(=O)NC(C(=O)NC2C(=O)N3C2SC(C)(C)C3C(=O)O)c2ccccc2)C(=O)C1=O	Sex	Male	-0.21306
CCN1CCN(C(=O)NC(C(=O)NC2C(=O)N3C2SC(C)(C)C3C(=O)O)c2ccccc2)C(=O)C1=O	Sex	Female	-0.01738
CCN1CCN(C(=O)NC(C(=O)NC2C(=O)N3C2SC(C)(C)C3C(=O)O)c2ccccc2)C(=O)C1=O	Age	Children	-0.25615
CCN1CCN(C(=O)NC(C(=O)NC2C(=O)N3C2SC(C)(C)C3C(=O)O)c2ccccc2)C(=O)C1=O	Age	Adolescent	-0.1291
CCN1CCN(C(=O)NC(C(=O)NC2C(=O)N3C2SC(C)(C)C3C(=O)O)c2ccccc2)C(=O)C1=O	Age	Adult	-0.06599
CCN1CCN(C(=O)NC(C(=O)NC2C(=O)N3C2SC(C)(C)C3C(=O)O)c2ccccc2)C(=O)C1=O	Age	Elderly	-0.3113
CCN1CCN(C(=O)NC(C(=O)NC2C(=O)N3C2SC(C)(C)C3C(=O)O)c2ccccc2)C(=O)C1=O	Weight	Low	-0.37284
CCN1CCN(C(=O)NC(C(=O)NC2C(=O)N3C2SC(C)(C)C3C(=O)O)c2ccccc2)C(=O)C1=O	Weight	Average	-0.39334
CCN1CCN(C(=O)NC(C(=O)NC2C(=O)N3C2SC(C)(C)C3C(=O)O)c2ccccc2)C(=O)C1=O	Weight	High	-0.44749
CN(C)CCCC1(c2ccc(F)cc2)OCc2cc(C#N)ccc21	Sex	Male	-0.09733
CN(C)CCCC1(c2ccc(F)cc2)OCc2cc(C#N)ccc21	Sex	Female	-0.01728
CN(C)CCCC1(c2ccc(F)cc2)OCc2cc(C#N)ccc21	Age	Children	-0.07051
CN(C)CCCC1(c2ccc(F)cc2)OCc2cc(C#N)ccc21	Age	Adolescent	-0.05588
CN(C)CCCC1(c2ccc(F)cc2)OCc2cc(C#N)ccc21	Age	Adult	-0.05108
CN(C)CCCC1(c2ccc(F)cc2)OCc2cc(C#N)ccc21	Age	Elderly	-0.16561
CN(C)CCCC1(c2ccc(F)cc2)OCc2cc(C#N)ccc21	Weight	Low	-0.31878
CN(C)CCCC1(c2ccc(F)cc2)OCc2cc(C#N)ccc21	Weight	Average	-0.19234
CN(C)CCCC1(c2ccc(F)cc2)OCc2cc(C#N)ccc21	Weight	High	-0.27931
CON=C(C(=O)NC1C(=O)N2C(C(=O)O)=C(COC(C)=O)CSC12)c1csc(N)n1	Sex	Male	-0.23819
CON=C(C(=O)NC1C(=O)N2C(C(=O)O)=C(COC(C)=O)CSC12)c1csc(N)n1	Sex	Female	-0.00422
CON=C(C(=O)NC1C(=O)N2C(C(=O)O)=C(COC(C)=O)CSC12)c1csc(N)n1	Age	Children	-0.31485
CON=C(C(=O)NC1C(=O)N2C(C(=O)O)=C(COC(C)=O)CSC12)c1csc(N)n1	Age	Adolescent	-0.21379
CON=C(C(=O)NC1C(=O)N2C(C(=O)O)=C(COC(C)=O)CSC12)c1csc(N)n1	Age	Adult	-0.04835
CON=C(C(=O)NC1C(=O)N2C(C(=O)O)=C(COC(C)=O)CSC12)c1csc(N)n1	Age	Elderly	-0.30594
CON=C(C(=O)NC1C(=O)N2C(C(=O)O)=C(COC(C)=O)CSC12)c1csc(N)n1	Weight	Low	-0.24679
CON=C(C(=O)NC1C(=O)N2C(C(=O)O)=C(COC(C)=O)CSC12)c1csc(N)n1	Weight	Average	-0.29526
CON=C(C(=O)NC1C(=O)N2C(C(=O)O)=C(COC(C)=O)CSC12)c1csc(N)n1	Weight	High	-0.31888
CON=C(C(=O)NC1C(=O)N2C(C(=O)O)=C(CSc3nc(=O)c(=O)[nH]n3C)CSC12)c1csc(N)n1	Sex	Male	-0.23932
CON=C(C(=O)NC1C(=O)N2C(C(=O)O)=C(CSc3nc(=O)c(=O)[nH]n3C)CSC12)c1csc(N)n1	Sex	Female	0.0042
CON=C(C(=O)NC1C(=O)N2C(C(=O)O)=C(CSc3nc(=O)c(=O)[nH]n3C)CSC12)c1csc(N)n1	Age	Children	-0.32625
CON=C(C(=O)NC1C(=O)N2C(C(=O)O)=C(CSc3nc(=O)c(=O)[nH]n3C)CSC12)c1csc(N)n1	Age	Adolescent	-0.19311
CON=C(C(=O)NC1C(=O)N2C(C(=O)O)=C(CSc3nc(=O)c(=O)[nH]n3C)CSC12)c1csc(N)n1	Age	Adult	-0.04259
CON=C(C(=O)NC1C(=O)N2C(C(=O)O)=C(CSc3nc(=O)c(=O)[nH]n3C)CSC12)c1csc(N)n1	Age	Elderly	-0.2501
CON=C(C(=O)NC1C(=O)N2C(C(=O)O)=C(CSc3nc(=O)c(=O)[nH]n3C)CSC12)c1csc(N)n1	Weight	Low	-0.25139
CON=C(C(=O)NC1C(=O)N2C(C(=O)O)=C(CSc3nc(=O)c(=O)[nH]n3C)CSC12)c1csc(N)n1	Weight	Average	-0.32034
CON=C(C(=O)NC1C(=O)N2C(C(=O)O)=C(CSc3nc(=O)c(=O)[nH]n3C)CSC12)c1csc(N)n1	Weight	High	-0.38456
COc1cc2c(cc1OC)CC(=O)N(CCCN(C)CC1Cc3cc(OC)c(OC)cc31)CC2	Sex	Male	-0.09268
COc1cc2c(cc1OC)CC(=O)N(CCCN(C)CC1Cc3cc(OC)c(OC)cc31)CC2	Sex	Female	-0.00188
COc1cc2c(cc1OC)CC(=O)N(CCCN(C)CC1Cc3cc(OC)c(OC)cc31)CC2	Age	Children	-0.09583
COc1cc2c(cc1OC)CC(=O)N(CCCN(C)CC1Cc3cc(OC)c(OC)cc31)CC2	Age	Adolescent	-0.05835
COc1cc2c(cc1OC)CC(=O)N(CCCN(C)CC1Cc3cc(OC)c(OC)cc31)CC2	Age	Adult	-0.02872
COc1cc2c(cc1OC)CC(=O)N(CCCN(C)CC1Cc3cc(OC)c(OC)cc31)CC2	Age	Elderly	-0.14823
COc1cc2c(cc1OC)CC(=O)N(CCCN(C)CC1Cc3cc(OC)c(OC)cc31)CC2	Weight	Low	-0.17922
COc1cc2c(cc1OC)CC(=O)N(CCCN(C)CC1Cc3cc(OC)c(OC)cc31)CC2	Weight	Average	-0.262
COc1cc2c(cc1OC)CC(=O)N(CCCN(C)CC1Cc3cc(OC)c(OC)cc31)CC2	Weight	High	-0.20624
COc1ccccc1Oc1c(NS(=O)(=O)c2ccc(C(C)(C)C)cc2)nc(-c2ncccn2)nc1OCCO	Sex	Male	-0.06686
COc1ccccc1Oc1c(NS(=O)(=O)c2ccc(C(C)(C)C)cc2)nc(-c2ncccn2)nc1OCCO	Sex	Female	-0.04855
COc1ccccc1Oc1c(NS(=O)(=O)c2ccc(C(C)(C)C)cc2)nc(-c2ncccn2)nc1OCCO	Age	Children	-0.19532
COc1ccccc1Oc1c(NS(=O)(=O)c2ccc(C(C)(C)C)cc2)nc(-c2ncccn2)nc1OCCO	Age	Adolescent	-0.11492
COc1ccccc1Oc1c(NS(=O)(=O)c2ccc(C(C)(C)C)cc2)nc(-c2ncccn2)nc1OCCO	Age	Adult	-0.10453
COc1ccccc1Oc1c(NS(=O)(=O)c2ccc(C(C)(C)C)cc2)nc(-c2ncccn2)nc1OCCO	Age	Elderly	-0.07271
COc1ccccc1Oc1c(NS(=O)(=O)c2ccc(C(C)(C)C)cc2)nc(-c2ncccn2)nc1OCCO	Weight	Low	-0.20444
COc1ccccc1Oc1c(NS(=O)(=O)c2ccc(C(C)(C)C)cc2)nc(-c2ncccn2)nc1OCCO	Weight	Average	-0.10727
COc1ccccc1Oc1c(NS(=O)(=O)c2ccc(C(C)(C)C)cc2)nc(-c2ncccn2)nc1OCCO	Weight	High	-0.18564
CS(=O)(=O)OCCCCOS(C)(=O)=O	Sex	Male	-0.06949
CS(=O)(=O)OCCCCOS(C)(=O)=O	Sex	Female	-0.02781
CS(=O)(=O)OCCCCOS(C)(=O)=O	Age	Children	-0.21858
CS(=O)(=O)OCCCCOS(C)(=O)=O	Age	Adolescent	-0.11377
CS(=O)(=O)OCCCCOS(C)(=O)=O	Age	Adult	-0.04403
CS(=O)(=O)OCCCCOS(C)(=O)=O	Age	Elderly	-0.20608
CS(=O)(=O)OCCCCOS(C)(=O)=O	Weight	Low	-0.35579
CS(=O)(=O)OCCCCOS(C)(=O)=O	Weight	Average	-0.18386
CS(=O)(=O)OCCCCOS(C)(=O)=O	Weight	High	-0.203
Cc1cn(C2CC(N=[N+]=[N-])C(CO)O2)c(=O)[nH]c1=O	Sex	Male	-0.25117
Cc1cn(C2CC(N=[N+]=[N-])C(CO)O2)c(=O)[nH]c1=O	Sex	Female	-0.00954
Cc1cn(C2CC(N=[N+]=[N-])C(CO)O2)c(=O)[nH]c1=O	Age	Children	-0.27247
Cc1cn(C2CC(N=[N+]=[N-])C(CO)O2)c(=O)[nH]c1=O	Age	Adolescent	-0.23813
Cc1cn(C2CC(N=[N+]=[N-])C(CO)O2)c(=O)[nH]c1=O	Age	Adult	-0.17405
Cc1cn(C2CC(N=[N+]=[N-])C(CO)O2)c(=O)[nH]c1=O	Age	Elderly	-0.29232
Cc1cn(C2CC(N=[N+]=[N-])C(CO)O2)c(=O)[nH]c1=O	Weight	Low	-0.36859
Cc1cn(C2CC(N=[N+]=[N-])C(CO)O2)c(=O)[nH]c1=O	Weight	Average	-0.34426
Cc1cn(C2CC(N=[N+]=[N-])C(CO)O2)c(=O)[nH]c1=O	Weight	High	-0.4996
Cn1cc[nH]c1=S	Sex	Male	-0.09658
Cn1cc[nH]c1=S	Sex	Female	-0.0357
Cn1cc[nH]c1=S	Age	Children	-0.21322
Cn1cc[nH]c1=S	Age	Adolescent	-0.08649
Cn1cc[nH]c1=S	Age	Adult	-0.11833
Cn1cc[nH]c1=S	Age	Elderly	-0.36441
Cn1cc[nH]c1=S	Weight	Low	-0.57
Cn1cc[nH]c1=S	Weight	Average	-0.48764
Cn1cc[nH]c1=S	Weight	High	-0.52445
NC(=O)NC(CCC(=O)O)C(=O)O	Sex	Male	-0.22018
NC(=O)NC(CCC(=O)O)C(=O)O	Sex	Female	-0.02819
NC(=O)NC(CCC(=O)O)C(=O)O	Age	Children	-0.36012
NC(=O)NC(CCC(=O)O)C(=O)O	Age	Adolescent	-0.15174
NC(=O)NC(CCC(=O)O)C(=O)O	Age	Adult	-0.01882
NC(=O)NC(CCC(=O)O)C(=O)O	Age	Elderly	-0.21956
NC(=O)NC(CCC(=O)O)C(=O)O	Weight	Low	-0.3695
NC(=O)NC(CCC(=O)O)C(=O)O	Weight	Average	-0.38492
NC(=O)NC(CCC(=O)O)C(=O)O	Weight	High	-0.30043
NCC1(CC(=O)O)CCCCC1	Sex	Male	-0.0957
NCC1(CC(=O)O)CCCCC1	Sex	Female	-0.06168
NCC1(CC(=O)O)CCCCC1	Age	Children	-0.24627
NCC1(CC(=O)O)CCCCC1	Age	Adolescent	-0.19677
NCC1(CC(=O)O)CCCCC1	Age	Adult	-0.04415
NCC1(CC(=O)O)CCCCC1	Age	Elderly	-0.28999
NCC1(CC(=O)O)CCCCC1	Weight	Low	-0.46562
NCC1(CC(=O)O)CCCCC1	Weight	Average	-0.35247
NCC1(CC(=O)O)CCCCC1	Weight	High	-0.2957
NCCC(O)(P(=O)(O)O)P(=O)(O)O	Sex	Male	-0.13893
NCCC(O)(P(=O)(O)O)P(=O)(O)O	Sex	Female	-0.04097
NCCC(O)(P(=O)(O)O)P(=O)(O)O	Age	Children	-0.26343
NCCC(O)(P(=O)(O)O)P(=O)(O)O	Age	Adolescent	-0.17836
NCCC(O)(P(=O)(O)O)P(=O)(O)O	Age	Adult	-0.0286
NCCC(O)(P(=O)(O)O)P(=O)(O)O	Age	Elderly	-0.31879
NCCC(O)(P(=O)(O)O)P(=O)(O)O	Weight	Low	-0.37575
NCCC(O)(P(=O)(O)O)P(=O)(O)O	Weight	Average	-0.2725
NCCC(O)(P(=O)(O)O)P(=O)(O)O	Weight	High	-0.30163
Nc1ccn(C2CSC(CO)O2)c(=O)n1	Sex	Male	-0.17709
Nc1ccn(C2CSC(CO)O2)c(=O)n1	Sex	Female	0.0143
Nc1ccn(C2CSC(CO)O2)c(=O)n1	Age	Children	-0.13155
Nc1ccn(C2CSC(CO)O2)c(=O)n1	Age	Adolescent	-0.12176
Nc1ccn(C2CSC(CO)O2)c(=O)n1	Age	Adult	-0.07766
Nc1ccn(C2CSC(CO)O2)c(=O)n1	Age	Elderly	-0.3442
Nc1ccn(C2CSC(CO)O2)c(=O)n1	Weight	Low	-0.37113
Nc1ccn(C2CSC(CO)O2)c(=O)n1	Weight	Average	-0.24474
Nc1ccn(C2CSC(CO)O2)c(=O)n1	Weight	High	-0.40954
Nc1ccn(C2OC(CO)C(O)C2O)c(=O)n1	Sex	Male	-0.2112
Nc1ccn(C2OC(CO)C(O)C2O)c(=O)n1	Sex	Female	0.02076
Nc1ccn(C2OC(CO)C(O)C2O)c(=O)n1	Age	Children	-0.1907
Nc1ccn(C2OC(CO)C(O)C2O)c(=O)n1	Age	Adolescent	-0.16103
Nc1ccn(C2OC(CO)C(O)C2O)c(=O)n1	Age	Adult	-0.11227
Nc1ccn(C2OC(CO)C(O)C2O)c(=O)n1	Age	Elderly	-0.44641
Nc1ccn(C2OC(CO)C(O)C2O)c(=O)n1	Weight	Low	-0.43837
Nc1ccn(C2OC(CO)C(O)C2O)c(=O)n1	Weight	Average	-0.3551
Nc1ccn(C2OC(CO)C(O)C2O)c(=O)n1	Weight	High	-0.50057
Nc1nc(=O)n(C2CSC(CO)O2)cc1F	Sex	Male	-0.24868
Nc1nc(=O)n(C2CSC(CO)O2)cc1F	Sex	Female	0.01265
Nc1nc(=O)n(C2CSC(CO)O2)cc1F	Age	Children	-0.25592
Nc1nc(=O)n(C2CSC(CO)O2)cc1F	Age	Adolescent	-0.1638
Nc1nc(=O)n(C2CSC(CO)O2)cc1F	Age	Adult	-0.13967
Nc1nc(=O)n(C2CSC(CO)O2)cc1F	Age	Elderly	-0.37641
Nc1nc(=O)n(C2CSC(CO)O2)cc1F	Weight	Low	-0.35983
Nc1nc(=O)n(C2CSC(CO)O2)cc1F	Weight	Average	-0.23059
Nc1nc(=O)n(C2CSC(CO)O2)cc1F	Weight	High	-0.4002
O=C(NCC1CCCCN1)c1cc(OCC(F)(F)F)ccc1OCC(F)(F)F	Sex	Male	-0.17405
O=C(NCC1CCCCN1)c1cc(OCC(F)(F)F)ccc1OCC(F)(F)F	Sex	Female	-0.08052
O=C(NCC1CCCCN1)c1cc(OCC(F)(F)F)ccc1OCC(F)(F)F	Age	Children	-0.22886
O=C(NCC1CCCCN1)c1cc(OCC(F)(F)F)ccc1OCC(F)(F)F	Age	Adolescent	-0.16608
O=C(NCC1CCCCN1)c1cc(OCC(F)(F)F)ccc1OCC(F)(F)F	Age	Adult	-0.18411
O=C(NCC1CCCCN1)c1cc(OCC(F)(F)F)ccc1OCC(F)(F)F	Age	Elderly	-0.2554
O=C(NCC1CCCCN1)c1cc(OCC(F)(F)F)ccc1OCC(F)(F)F	Weight	Low	-0.30169
O=C(NCC1CCCCN1)c1cc(OCC(F)(F)F)ccc1OCC(F)(F)F	Weight	Average	-0.19561
O=C(NCC1CCCCN1)c1cc(OCC(F)(F)F)ccc1OCC(F)(F)F	Weight	High	-0.33262
OCC1OC(O)C(O)C(O)C1O	Sex	Male	-0.11226
OCC1OC(O)C(O)C(O)C1O	Sex	Female	-0.01788
OCC1OC(O)C(O)C(O)C1O	Age	Children	-0.22998
OCC1OC(O)C(O)C(O)C1O	Age	Adolescent	-0.12441
OCC1OC(O)C(O)C(O)C1O	Age	Adult	-0.10631
OCC1OC(O)C(O)C(O)C1O	Age	Elderly	-0.31357
OCC1OC(O)C(O)C(O)C1O	Weight	Low	-0.45992
OCC1OC(O)C(O)C(O)C1O	Weight	Average	-0.23304
OCC1OC(O)C(O)C(O)C1O	Weight	High	-0.24837
C=CC1=C(C(=O)O)N2C(=O)C(NC(=O)C(=NO)c3csc(N)n3)C2SC1	Sex	Male	-0.20505
C=CC1=C(C(=O)O)N2C(=O)C(NC(=O)C(=NO)c3csc(N)n3)C2SC1	Sex	Female	-0.03231
C=CC1=C(C(=O)O)N2C(=O)C(NC(=O)C(=NO)c3csc(N)n3)C2SC1	Age	Children	-0.21002
C=CC1=C(C(=O)O)N2C(=O)C(NC(=O)C(=NO)c3csc(N)n3)C2SC1	Age	Adolescent	-0.19368
C=CC1=C(C(=O)O)N2C(=O)C(NC(=O)C(=NO)c3csc(N)n3)C2SC1	Age	Adult	-0.10395
C=CC1=C(C(=O)O)N2C(=O)C(NC(=O)C(=NO)c3csc(N)n3)C2SC1	Age	Elderly	-0.20968
C=CC1=C(C(=O)O)N2C(=O)C(NC(=O)C(=NO)c3csc(N)n3)C2SC1	Weight	Low	-0.20614
C=CC1=C(C(=O)O)N2C(=O)C(NC(=O)C(=NO)c3csc(N)n3)C2SC1	Weight	Average	-0.26815
C=CC1=C(C(=O)O)N2C(=O)C(NC(=O)C(=NO)c3csc(N)n3)C2SC1	Weight	High	-0.26703
CC(=O)CC(c1ccccc1)c1c(O)c2ccccc2oc1=O	Sex	Male	-0.26099
CC(=O)CC(c1ccccc1)c1c(O)c2ccccc2oc1=O	Sex	Female	-0.07912
CC(=O)CC(c1ccccc1)c1c(O)c2ccccc2oc1=O	Age	Children	-0.29272
CC(=O)CC(c1ccccc1)c1c(O)c2ccccc2oc1=O	Age	Adolescent	-0.14039
CC(=O)CC(c1ccccc1)c1c(O)c2ccccc2oc1=O	Age	Adult	-0.07783
CC(=O)CC(c1ccccc1)c1c(O)c2ccccc2oc1=O	Age	Elderly	-0.3472
CC(=O)CC(c1ccccc1)c1c(O)c2ccccc2oc1=O	Weight	Low	-0.42185
CC(=O)CC(c1ccccc1)c1c(O)c2ccccc2oc1=O	Weight	Average	-0.41227
CC(=O)CC(c1ccccc1)c1c(O)c2ccccc2oc1=O	Weight	High	-0.45589
CCC1OC(=O)C(C)C(OC2CC(C)(OC)C(O)C(C)O2)C(C)C(OC2OC(C)CC(N(C)C)C2O)C(C)(OC)CC(C)C(=O)C(C)C(O)C1(C)O	Sex	Male	-0.07921
CCC1OC(=O)C(C)C(OC2CC(C)(OC)C(O)C(C)O2)C(C)C(OC2OC(C)CC(N(C)C)C2O)C(C)(OC)CC(C)C(=O)C(C)C(O)C1(C)O	Sex	Female	-0.00097
CCC1OC(=O)C(C)C(OC2CC(C)(OC)C(O)C(C)O2)C(C)C(OC2OC(C)CC(N(C)C)C2O)C(C)(OC)CC(C)C(=O)C(C)C(O)C1(C)O	Age	Children	-0.08783
CCC1OC(=O)C(C)C(OC2CC(C)(OC)C(O)C(C)O2)C(C)C(OC2OC(C)CC(N(C)C)C2O)C(C)(OC)CC(C)C(=O)C(C)C(O)C1(C)O	Age	Adolescent	-0.13205
CCC1OC(=O)C(C)C(OC2CC(C)(OC)C(O)C(C)O2)C(C)C(OC2OC(C)CC(N(C)C)C2O)C(C)(OC)CC(C)C(=O)C(C)C(O)C1(C)O	Age	Adult	-0.03636
CCC1OC(=O)C(C)C(OC2CC(C)(OC)C(O)C(C)O2)C(C)C(OC2OC(C)CC(N(C)C)C2O)C(C)(OC)CC(C)C(=O)C(C)C(O)C1(C)O	Age	Elderly	-0.1024
CCC1OC(=O)C(C)C(OC2CC(C)(OC)C(O)C(C)O2)C(C)C(OC2OC(C)CC(N(C)C)C2O)C(C)(OC)CC(C)C(=O)C(C)C(O)C1(C)O	Weight	Low	-0.1759
CCC1OC(=O)C(C)C(OC2CC(C)(OC)C(O)C(C)O2)C(C)C(OC2OC(C)CC(N(C)C)C2O)C(C)(OC)CC(C)C(=O)C(C)C(O)C1(C)O	Weight	Average	-0.16965
CCC1OC(=O)C(C)C(OC2CC(C)(OC)C(O)C(C)O2)C(C)C(OC2OC(C)CC(N(C)C)C2O)C(C)(OC)CC(C)C(=O)C(C)C(O)C1(C)O	Weight	High	-0.17681
CCCNS(=O)(=O)Nc1ncnc(OCCOc2ncc(Br)cn2)c1-c1ccc(Br)cc1	Sex	Male	-0.10296
CCCNS(=O)(=O)Nc1ncnc(OCCOc2ncc(Br)cn2)c1-c1ccc(Br)cc1	Sex	Female	-0.03143
CCCNS(=O)(=O)Nc1ncnc(OCCOc2ncc(Br)cn2)c1-c1ccc(Br)cc1	Age	Children	-0.15014
CCCNS(=O)(=O)Nc1ncnc(OCCOc2ncc(Br)cn2)c1-c1ccc(Br)cc1	Age	Adolescent	-0.13236
CCCNS(=O)(=O)Nc1ncnc(OCCOc2ncc(Br)cn2)c1-c1ccc(Br)cc1	Age	Adult	-0.11467
CCCNS(=O)(=O)Nc1ncnc(OCCOc2ncc(Br)cn2)c1-c1ccc(Br)cc1	Age	Elderly	-0.29241
CCCNS(=O)(=O)Nc1ncnc(OCCOc2ncc(Br)cn2)c1-c1ccc(Br)cc1	Weight	Low	-0.27427
CCCNS(=O)(=O)Nc1ncnc(OCCOc2ncc(Br)cn2)c1-c1ccc(Br)cc1	Weight	Average	-0.17109
CCCNS(=O)(=O)Nc1ncnc(OCCOc2ncc(Br)cn2)c1-c1ccc(Br)cc1	Weight	High	-0.18805
NC(Cc1cc(I)c(Oc2cc(I)c(O)c(I)c2)c(I)c1)C(=O)O	Sex	Male	-0.24671
NC(Cc1cc(I)c(Oc2cc(I)c(O)c(I)c2)c(I)c1)C(=O)O	Sex	Female	-0.09422
NC(Cc1cc(I)c(Oc2cc(I)c(O)c(I)c2)c(I)c1)C(=O)O	Age	Children	-0.42784
NC(Cc1cc(I)c(Oc2cc(I)c(O)c(I)c2)c(I)c1)C(=O)O	Age	Adolescent	-0.14326
NC(Cc1cc(I)c(Oc2cc(I)c(O)c(I)c2)c(I)c1)C(=O)O	Age	Adult	-0.06248
NC(Cc1cc(I)c(Oc2cc(I)c(O)c(I)c2)c(I)c1)C(=O)O	Age	Elderly	-0.36473
NC(Cc1cc(I)c(Oc2cc(I)c(O)c(I)c2)c(I)c1)C(=O)O	Weight	Low	-0.47357
NC(Cc1cc(I)c(Oc2cc(I)c(O)c(I)c2)c(I)c1)C(=O)O	Weight	Average	-0.38955
NC(Cc1cc(I)c(Oc2cc(I)c(O)c(I)c2)c(I)c1)C(=O)O	Weight	High	-0.4383
Nc1nc(Cl)nc2c1ncn2C1OC(CO)C(O)C1F	Sex	Male	-0.23019
Nc1nc(Cl)nc2c1ncn2C1OC(CO)C(O)C1F	Sex	Female	-0.01273
Nc1nc(Cl)nc2c1ncn2C1OC(CO)C(O)C1F	Age	Children	-0.25805
Nc1nc(Cl)nc2c1ncn2C1OC(CO)C(O)C1F	Age	Adolescent	-0.14278
Nc1nc(Cl)nc2c1ncn2C1OC(CO)C(O)C1F	Age	Adult	-0.1743
Nc1nc(Cl)nc2c1ncn2C1OC(CO)C(O)C1F	Age	Elderly	-0.37492
Nc1nc(Cl)nc2c1ncn2C1OC(CO)C(O)C1F	Weight	Low	-0.38563
Nc1nc(Cl)nc2c1ncn2C1OC(CO)C(O)C1F	Weight	Average	-0.30011
Nc1nc(Cl)nc2c1ncn2C1OC(CO)C(O)C1F	Weight	High	-0.37248
Nc1nc(F)nc2c1ncn2C1OC(CO)C(O)C1O	Sex	Male	-0.23007
Nc1nc(F)nc2c1ncn2C1OC(CO)C(O)C1O	Sex	Female	-0.0144
Nc1nc(F)nc2c1ncn2C1OC(CO)C(O)C1O	Age	Children	-0.26494
Nc1nc(F)nc2c1ncn2C1OC(CO)C(O)C1O	Age	Adolescent	-0.15737
Nc1nc(F)nc2c1ncn2C1OC(CO)C(O)C1O	Age	Adult	-0.17583
Nc1nc(F)nc2c1ncn2C1OC(CO)C(O)C1O	Age	Elderly	-0.30033
Nc1nc(F)nc2c1ncn2C1OC(CO)C(O)C1O	Weight	Low	-0.4323
Nc1nc(F)nc2c1ncn2C1OC(CO)C(O)C1O	Weight	Average	-0.2886
Nc1nc(F)nc2c1ncn2C1OC(CO)C(O)C1O	Weight	High	-0.39585
Nc1nc(NC2CC2)c2ncn(C3C=CC(CO)C3)c2n1	Sex	Male	-0.18317
Nc1nc(NC2CC2)c2ncn(C3C=CC(CO)C3)c2n1	Sex	Female	-0.03269
Nc1nc(NC2CC2)c2ncn(C3C=CC(CO)C3)c2n1	Age	Children	-0.24636
Nc1nc(NC2CC2)c2ncn(C3C=CC(CO)C3)c2n1	Age	Adolescent	-0.17003
Nc1nc(NC2CC2)c2ncn(C3C=CC(CO)C3)c2n1	Age	Adult	-0.15921
Nc1nc(NC2CC2)c2ncn(C3C=CC(CO)C3)c2n1	Age	Elderly	-0.31627
Nc1nc(NC2CC2)c2ncn(C3C=CC(CO)C3)c2n1	Weight	Low	-0.30273
Nc1nc(NC2CC2)c2ncn(C3C=CC(CO)C3)c2n1	Weight	Average	-0.23626
Nc1nc(NC2CC2)c2ncn(C3C=CC(CO)C3)c2n1	Weight	High	-0.2752
O=P(O)(O)C(O)(Cn1ccnc1)P(=O)(O)O	Sex	Male	-0.19537
O=P(O)(O)C(O)(Cn1ccnc1)P(=O)(O)O	Sex	Female	-0.0387
O=P(O)(O)C(O)(Cn1ccnc1)P(=O)(O)O	Age	Children	-0.22178
O=P(O)(O)C(O)(Cn1ccnc1)P(=O)(O)O	Age	Adolescent	-0.14584
O=P(O)(O)C(O)(Cn1ccnc1)P(=O)(O)O	Age	Adult	-0.18684
O=P(O)(O)C(O)(Cn1ccnc1)P(=O)(O)O	Age	Elderly	-0.44426
O=P(O)(O)C(O)(Cn1ccnc1)P(=O)(O)O	Weight	Low	-0.42025
O=P(O)(O)C(O)(Cn1ccnc1)P(=O)(O)O	Weight	Average	-0.26139
O=P(O)(O)C(O)(Cn1ccnc1)P(=O)(O)O	Weight	High	-0.40835
CC(C)C(N)C(=O)OCCOCn1cnc2c(=O)[nH]c(N)nc21	Sex	Male	-0.28824
CC(C)C(N)C(=O)OCCOCn1cnc2c(=O)[nH]c(N)nc21	Sex	Female	0.03334
CC(C)C(N)C(=O)OCCOCn1cnc2c(=O)[nH]c(N)nc21	Age	Children	-0.3789
CC(C)C(N)C(=O)OCCOCn1cnc2c(=O)[nH]c(N)nc21	Age	Adolescent	-0.1315
CC(C)C(N)C(=O)OCCOCn1cnc2c(=O)[nH]c(N)nc21	Age	Adult	-0.09263
CC(C)C(N)C(=O)OCCOCn1cnc2c(=O)[nH]c(N)nc21	Age	Elderly	-0.32786
CC(C)C(N)C(=O)OCCOCn1cnc2c(=O)[nH]c(N)nc21	Weight	Low	-0.29396
CC(C)C(N)C(=O)OCCOCn1cnc2c(=O)[nH]c(N)nc21	Weight	Average	-0.32418
CC(C)C(N)C(=O)OCCOCn1cnc2c(=O)[nH]c(N)nc21	Weight	High	-0.40237
COc1cc(Cc2cnc(N)nc2N)cc(OC)c1OC	Sex	Male	-0.171
COc1cc(Cc2cnc(N)nc2N)cc(OC)c1OC	Sex	Female	-0.05452
COc1cc(Cc2cnc(N)nc2N)cc(OC)c1OC	Age	Children	-0.23947
COc1cc(Cc2cnc(N)nc2N)cc(OC)c1OC	Age	Adolescent	-0.05549
COc1cc(Cc2cnc(N)nc2N)cc(OC)c1OC	Age	Adult	0.00964
COc1cc(Cc2cnc(N)nc2N)cc(OC)c1OC	Age	Elderly	-0.31081
COc1cc(Cc2cnc(N)nc2N)cc(OC)c1OC	Weight	Low	-0.23334
COc1cc(Cc2cnc(N)nc2N)cc(OC)c1OC	Weight	Average	-0.15577
COc1cc(Cc2cnc(N)nc2N)cc(OC)c1OC	Weight	High	-0.17863
Nc1ncn(C2OC(CO)C(O)C2O)c(=O)n1	Sex	Male	-0.20149
Nc1ncn(C2OC(CO)C(O)C2O)c(=O)n1	Sex	Female	0.03458
Nc1ncn(C2OC(CO)C(O)C2O)c(=O)n1	Age	Children	-0.25503
Nc1ncn(C2OC(CO)C(O)C2O)c(=O)n1	Age	Adolescent	-0.18261
Nc1ncn(C2OC(CO)C(O)C2O)c(=O)n1	Age	Adult	-0.12671
Nc1ncn(C2OC(CO)C(O)C2O)c(=O)n1	Age	Elderly	-0.36683
Nc1ncn(C2OC(CO)C(O)C2O)c(=O)n1	Weight	Low	-0.36832
Nc1ncn(C2OC(CO)C(O)C2O)c(=O)n1	Weight	Average	-0.27423
Nc1ncn(C2OC(CO)C(O)C2O)c(=O)n1	Weight	High	-0.35959
CC(C)(C)c1nc(-c2cccc(NS(=O)(=O)c3c(F)cccc3F)c2F)c(-c2ccnc(N)n2)s1	Sex	Male	-0.13488
CC(C)(C)c1nc(-c2cccc(NS(=O)(=O)c3c(F)cccc3F)c2F)c(-c2ccnc(N)n2)s1	Sex	Female	-0.05716
CC(C)(C)c1nc(-c2cccc(NS(=O)(=O)c3c(F)cccc3F)c2F)c(-c2ccnc(N)n2)s1	Age	Children	-0.1569
CC(C)(C)c1nc(-c2cccc(NS(=O)(=O)c3c(F)cccc3F)c2F)c(-c2ccnc(N)n2)s1	Age	Adolescent	-0.15951
CC(C)(C)c1nc(-c2cccc(NS(=O)(=O)c3c(F)cccc3F)c2F)c(-c2ccnc(N)n2)s1	Age	Adult	-0.10108
CC(C)(C)c1nc(-c2cccc(NS(=O)(=O)c3c(F)cccc3F)c2F)c(-c2ccnc(N)n2)s1	Age	Elderly	-0.28051
CC(C)(C)c1nc(-c2cccc(NS(=O)(=O)c3c(F)cccc3F)c2F)c(-c2ccnc(N)n2)s1	Weight	Low	-0.19994
CC(C)(C)c1nc(-c2cccc(NS(=O)(=O)c3c(F)cccc3F)c2F)c(-c2ccnc(N)n2)s1	Weight	Average	-0.15682
CC(C)(C)c1nc(-c2cccc(NS(=O)(=O)c3c(F)cccc3F)c2F)c(-c2ccnc(N)n2)s1	Weight	High	-0.29169
CC(C)CC(CN)CC(=O)O	Sex	Male	-0.08396
CC(C)CC(CN)CC(=O)O	Sex	Female	-0.00926
CC(C)CC(CN)CC(=O)O	Age	Children	-0.29714
CC(C)CC(CN)CC(=O)O	Age	Adolescent	-0.03933
CC(C)CC(CN)CC(=O)O	Age	Adult	0.00687
CC(C)CC(CN)CC(=O)O	Age	Elderly	-0.15028
CC(C)CC(CN)CC(=O)O	Weight	Low	-0.38309
CC(C)CC(CN)CC(=O)O	Weight	Average	-0.31559
CC(C)CC(CN)CC(=O)O	Weight	High	-0.18907
CC1(C)SC2C(NC(=O)C(N)c3ccccc3)C(=O)N2C1C(=O)O	Sex	Male	-0.24467
CC1(C)SC2C(NC(=O)C(N)c3ccccc3)C(=O)N2C1C(=O)O	Sex	Female	-0.06448
CC1(C)SC2C(NC(=O)C(N)c3ccccc3)C(=O)N2C1C(=O)O	Age	Children	-0.26195
CC1(C)SC2C(NC(=O)C(N)c3ccccc3)C(=O)N2C1C(=O)O	Age	Adolescent	-0.1245
CC1(C)SC2C(NC(=O)C(N)c3ccccc3)C(=O)N2C1C(=O)O	Age	Adult	-0.108
CC1(C)SC2C(NC(=O)C(N)c3ccccc3)C(=O)N2C1C(=O)O	Age	Elderly	-0.3101
CC1(C)SC2C(NC(=O)C(N)c3ccccc3)C(=O)N2C1C(=O)O	Weight	Low	-0.38193
CC1(C)SC2C(NC(=O)C(N)c3ccccc3)C(=O)N2C1C(=O)O	Weight	Average	-0.41958
CC1(C)SC2C(NC(=O)C(N)c3ccccc3)C(=O)N2C1C(=O)O	Weight	High	-0.4161
CC1OC(OC2C(O)CC(OC3C(O)CC(OC4CCC5(C)C(CCC6C5CC(O)C5(C)C(C7=CC(=O)OC7)CCC65O)C4)OC3C)OC2C)CC(O)C1O	Sex	Male	-0.05855
CC1OC(OC2C(O)CC(OC3C(O)CC(OC4CCC5(C)C(CCC6C5CC(O)C5(C)C(C7=CC(=O)OC7)CCC65O)C4)OC3C)OC2C)CC(O)C1O	Sex	Female	-0.02423
CC1OC(OC2C(O)CC(OC3C(O)CC(OC4CCC5(C)C(CCC6C5CC(O)C5(C)C(C7=CC(=O)OC7)CCC65O)C4)OC3C)OC2C)CC(O)C1O	Age	Children	-0.05089
CC1OC(OC2C(O)CC(OC3C(O)CC(OC4CCC5(C)C(CCC6C5CC(O)C5(C)C(C7=CC(=O)OC7)CCC65O)C4)OC3C)OC2C)CC(O)C1O	Age	Adolescent	-0.1366
CC1OC(OC2C(O)CC(OC3C(O)CC(OC4CCC5(C)C(CCC6C5CC(O)C5(C)C(C7=CC(=O)OC7)CCC65O)C4)OC3C)OC2C)CC(O)C1O	Age	Adult	-0.10614
CC1OC(OC2C(O)CC(OC3C(O)CC(OC4CCC5(C)C(CCC6C5CC(O)C5(C)C(C7=CC(=O)OC7)CCC65O)C4)OC3C)OC2C)CC(O)C1O	Age	Elderly	-0.13476
CC1OC(OC2C(O)CC(OC3C(O)CC(OC4CCC5(C)C(CCC6C5CC(O)C5(C)C(C7=CC(=O)OC7)CCC65O)C4)OC3C)OC2C)CC(O)C1O	Weight	Low	-0.22844
CC1OC(OC2C(O)CC(OC3C(O)CC(OC4CCC5(C)C(CCC6C5CC(O)C5(C)C(C7=CC(=O)OC7)CCC65O)C4)OC3C)OC2C)CC(O)C1O	Weight	Average	-0.20589
CC1OC(OC2C(O)CC(OC3C(O)CC(OC4CCC5(C)C(CCC6C5CC(O)C5(C)C(C7=CC(=O)OC7)CCC65O)C4)OC3C)OC2C)CC(O)C1O	Weight	High	-0.22794
CCC(C)n1ncn(-c2ccc(N3CCN(c4ccc(OCC5COC(Cn6cncn6)(c6ccc(Cl)cc6Cl)O5)cc4)CC3)cc2)c1=O	Sex	Male	-0.19096
CCC(C)n1ncn(-c2ccc(N3CCN(c4ccc(OCC5COC(Cn6cncn6)(c6ccc(Cl)cc6Cl)O5)cc4)CC3)cc2)c1=O	Sex	Female	0.01856
CCC(C)n1ncn(-c2ccc(N3CCN(c4ccc(OCC5COC(Cn6cncn6)(c6ccc(Cl)cc6Cl)O5)cc4)CC3)cc2)c1=O	Age	Children	-0.24209
CCC(C)n1ncn(-c2ccc(N3CCN(c4ccc(OCC5COC(Cn6cncn6)(c6ccc(Cl)cc6Cl)O5)cc4)CC3)cc2)c1=O	Age	Adolescent	-0.15499
CCC(C)n1ncn(-c2ccc(N3CCN(c4ccc(OCC5COC(Cn6cncn6)(c6ccc(Cl)cc6Cl)O5)cc4)CC3)cc2)c1=O	Age	Adult	-0.17369
CCC(C)n1ncn(-c2ccc(N3CCN(c4ccc(OCC5COC(Cn6cncn6)(c6ccc(Cl)cc6Cl)O5)cc4)CC3)cc2)c1=O	Age	Elderly	-0.34721
CCC(C)n1ncn(-c2ccc(N3CCN(c4ccc(OCC5COC(Cn6cncn6)(c6ccc(Cl)cc6Cl)O5)cc4)CC3)cc2)c1=O	Weight	Low	-0.23228
CCC(C)n1ncn(-c2ccc(N3CCN(c4ccc(OCC5COC(Cn6cncn6)(c6ccc(Cl)cc6Cl)O5)cc4)CC3)cc2)c1=O	Weight	Average	-0.25317
CCC(C)n1ncn(-c2ccc(N3CCN(c4ccc(OCC5COC(Cn6cncn6)(c6ccc(Cl)cc6Cl)O5)cc4)CC3)cc2)c1=O	Weight	High	-0.27423
CCC1OC(=O)C(C)C(OC2CC(C)(OC)C(O)C(C)O2)C(C)C(OC2OC(C)CC(N(C)C)C2O)C(C)(O)CC(C)C(=O)C(C)C(O)C1(C)O	Sex	Male	-0.09881
CCC1OC(=O)C(C)C(OC2CC(C)(OC)C(O)C(C)O2)C(C)C(OC2OC(C)CC(N(C)C)C2O)C(C)(O)CC(C)C(=O)C(C)C(O)C1(C)O	Sex	Female	-0.00084
CCC1OC(=O)C(C)C(OC2CC(C)(OC)C(O)C(C)O2)C(C)C(OC2OC(C)CC(N(C)C)C2O)C(C)(O)CC(C)C(=O)C(C)C(O)C1(C)O	Age	Children	-0.11345
CCC1OC(=O)C(C)C(OC2CC(C)(OC)C(O)C(C)O2)C(C)C(OC2OC(C)CC(N(C)C)C2O)C(C)(O)CC(C)C(=O)C(C)C(O)C1(C)O	Age	Adolescent	-0.1654
CCC1OC(=O)C(C)C(OC2CC(C)(OC)C(O)C(C)O2)C(C)C(OC2OC(C)CC(N(C)C)C2O)C(C)(O)CC(C)C(=O)C(C)C(O)C1(C)O	Age	Adult	-0.04586
CCC1OC(=O)C(C)C(OC2CC(C)(OC)C(O)C(C)O2)C(C)C(OC2OC(C)CC(N(C)C)C2O)C(C)(O)CC(C)C(=O)C(C)C(O)C1(C)O	Age	Elderly	-0.12431
CCC1OC(=O)C(C)C(OC2CC(C)(OC)C(O)C(C)O2)C(C)C(OC2OC(C)CC(N(C)C)C2O)C(C)(O)CC(C)C(=O)C(C)C(O)C1(C)O	Weight	Low	-0.20656
CCC1OC(=O)C(C)C(OC2CC(C)(OC)C(O)C(C)O2)C(C)C(OC2OC(C)CC(N(C)C)C2O)C(C)(O)CC(C)C(=O)C(C)C(O)C1(C)O	Weight	Average	-0.19112
CCC1OC(=O)C(C)C(OC2CC(C)(OC)C(O)C(C)O2)C(C)C(OC2OC(C)CC(N(C)C)C2O)C(C)(O)CC(C)C(=O)C(C)C(O)C1(C)O	Weight	High	-0.21325
CCN(CC)CCCC(C)Nc1ccnc2cc(Cl)ccc12	Sex	Male	-0.06765
CCN(CC)CCCC(C)Nc1ccnc2cc(Cl)ccc12	Sex	Female	-0.021
CCN(CC)CCCC(C)Nc1ccnc2cc(Cl)ccc12	Age	Children	-0.07045
CCN(CC)CCCC(C)Nc1ccnc2cc(Cl)ccc12	Age	Adolescent	-0.03906
CCN(CC)CCCC(C)Nc1ccnc2cc(Cl)ccc12	Age	Adult	-0.06235
CCN(CC)CCCC(C)Nc1ccnc2cc(Cl)ccc12	Age	Elderly	-0.11797
CCN(CC)CCCC(C)Nc1ccnc2cc(Cl)ccc12	Weight	Low	-0.07279
CCN(CC)CCCC(C)Nc1ccnc2cc(Cl)ccc12	Weight	Average	-0.0578
CCN(CC)CCCC(C)Nc1ccnc2cc(Cl)ccc12	Weight	High	-0.06039
CCN(CC)CCNC(=O)c1cc(Cl)c(N)cc1OC	Sex	Male	-0.16263
CCN(CC)CCNC(=O)c1cc(Cl)c(N)cc1OC	Sex	Female	-0.04692
CCN(CC)CCNC(=O)c1cc(Cl)c(N)cc1OC	Age	Children	-0.14832
CCN(CC)CCNC(=O)c1cc(Cl)c(N)cc1OC	Age	Adolescent	-0.10817
CCN(CC)CCNC(=O)c1cc(Cl)c(N)cc1OC	Age	Adult	-0.01733
CCN(CC)CCNC(=O)c1cc(Cl)c(N)cc1OC	Age	Elderly	-0.28932
CCN(CC)CCNC(=O)c1cc(Cl)c(N)cc1OC	Weight	Low	-0.23213
CCN(CC)CCNC(=O)c1cc(Cl)c(N)cc1OC	Weight	Average	-0.12979
CCN(CC)CCNC(=O)c1cc(Cl)c(N)cc1OC	Weight	High	-0.22025
CCc1nc(C(N)=O)c(Nc2ccc(N3CCC(N4CCN(C)CC4)CC3)c(OC)c2)nc1NC1CCOCC1	Sex	Male	-0.15371
CCc1nc(C(N)=O)c(Nc2ccc(N3CCC(N4CCN(C)CC4)CC3)c(OC)c2)nc1NC1CCOCC1	Sex	Female	-0.00534
CCc1nc(C(N)=O)c(Nc2ccc(N3CCC(N4CCN(C)CC4)CC3)c(OC)c2)nc1NC1CCOCC1	Age	Children	-0.14179
CCc1nc(C(N)=O)c(Nc2ccc(N3CCC(N4CCN(C)CC4)CC3)c(OC)c2)nc1NC1CCOCC1	Age	Adolescent	-0.10232
CCc1nc(C(N)=O)c(Nc2ccc(N3CCC(N4CCN(C)CC4)CC3)c(OC)c2)nc1NC1CCOCC1	Age	Adult	-0.06821
CCc1nc(C(N)=O)c(Nc2ccc(N3CCC(N4CCN(C)CC4)CC3)c(OC)c2)nc1NC1CCOCC1	Age	Elderly	-0.2751
CCc1nc(C(N)=O)c(Nc2ccc(N3CCC(N4CCN(C)CC4)CC3)c(OC)c2)nc1NC1CCOCC1	Weight	Low	-0.20443
CCc1nc(C(N)=O)c(Nc2ccc(N3CCC(N4CCN(C)CC4)CC3)c(OC)c2)nc1NC1CCOCC1	Weight	Average	-0.27196
CCc1nc(C(N)=O)c(Nc2ccc(N3CCC(N4CCN(C)CC4)CC3)c(OC)c2)nc1NC1CCOCC1	Weight	High	-0.29448
COC(=O)C=CC(=O)OC	Sex	Male	-0.13119
COC(=O)C=CC(=O)OC	Sex	Female	-0.08905
COC(=O)C=CC(=O)OC	Age	Children	-0.2528
COC(=O)C=CC(=O)OC	Age	Adolescent	-0.18454
COC(=O)C=CC(=O)OC	Age	Adult	-0.06999
COC(=O)C=CC(=O)OC	Age	Elderly	-0.17922
COC(=O)C=CC(=O)OC	Weight	Low	-0.40987
COC(=O)C=CC(=O)OC	Weight	Average	-0.32512
COC(=O)C=CC(=O)OC	Weight	High	-0.24266
CON=C(C(=O)NC1C(=O)N2C(C(=O)O)=C(COC(N)=O)CSC12)c1ccco1	Sex	Male	-0.18538
CON=C(C(=O)NC1C(=O)N2C(C(=O)O)=C(COC(N)=O)CSC12)c1ccco1	Sex	Female	-0.02037
CON=C(C(=O)NC1C(=O)N2C(C(=O)O)=C(COC(N)=O)CSC12)c1ccco1	Age	Children	-0.28523
CON=C(C(=O)NC1C(=O)N2C(C(=O)O)=C(COC(N)=O)CSC12)c1ccco1	Age	Adolescent	-0.15539
CON=C(C(=O)NC1C(=O)N2C(C(=O)O)=C(COC(N)=O)CSC12)c1ccco1	Age	Adult	-0.07777
CON=C(C(=O)NC1C(=O)N2C(C(=O)O)=C(COC(N)=O)CSC12)c1ccco1	Age	Elderly	-0.27006
CON=C(C(=O)NC1C(=O)N2C(C(=O)O)=C(COC(N)=O)CSC12)c1ccco1	Weight	Low	-0.31367
CON=C(C(=O)NC1C(=O)N2C(C(=O)O)=C(COC(N)=O)CSC12)c1ccco1	Weight	Average	-0.3461
CON=C(C(=O)NC1C(=O)N2C(C(=O)O)=C(COC(N)=O)CSC12)c1ccco1	Weight	High	-0.45049
COc1cc2c(cc1OC)C(=O)C(CC1CCN(Cc3ccccc3)CC1)C2	Sex	Male	-0.17608
COc1cc2c(cc1OC)C(=O)C(CC1CCN(Cc3ccccc3)CC1)C2	Sex	Female	-0.03945
COc1cc2c(cc1OC)C(=O)C(CC1CCN(Cc3ccccc3)CC1)C2	Age	Children	-0.2128
COc1cc2c(cc1OC)C(=O)C(CC1CCN(Cc3ccccc3)CC1)C2	Age	Adolescent	-0.07526
COc1cc2c(cc1OC)C(=O)C(CC1CCN(Cc3ccccc3)CC1)C2	Age	Adult	-0.06762
COc1cc2c(cc1OC)C(=O)C(CC1CCN(Cc3ccccc3)CC1)C2	Age	Elderly	-0.38554
COc1cc2c(cc1OC)C(=O)C(CC1CCN(Cc3ccccc3)CC1)C2	Weight	Low	-0.3529
COc1cc2c(cc1OC)C(=O)C(CC1CCN(Cc3ccccc3)CC1)C2	Weight	Average	-0.36427
COc1cc2c(cc1OC)C(=O)C(CC1CCN(Cc3ccccc3)CC1)C2	Weight	High	-0.44301
COc1ccc2[nH]c(S(=O)Cc3ncc(C)c(OC)c3C)nc2c1	Sex	Male	-0.21931
COc1ccc2[nH]c(S(=O)Cc3ncc(C)c(OC)c3C)nc2c1	Sex	Female	-0.07146
COc1ccc2[nH]c(S(=O)Cc3ncc(C)c(OC)c3C)nc2c1	Age	Children	-0.2975
COc1ccc2[nH]c(S(=O)Cc3ncc(C)c(OC)c3C)nc2c1	Age	Adolescent	-0.1984
COc1ccc2[nH]c(S(=O)Cc3ncc(C)c(OC)c3C)nc2c1	Age	Adult	-0.14644
COc1ccc2[nH]c(S(=O)Cc3ncc(C)c(OC)c3C)nc2c1	Age	Elderly	-0.314
COc1ccc2[nH]c(S(=O)Cc3ncc(C)c(OC)c3C)nc2c1	Weight	Low	-0.30875
COc1ccc2[nH]c(S(=O)Cc3ncc(C)c(OC)c3C)nc2c1	Weight	Average	-0.18564
COc1ccc2[nH]c(S(=O)Cc3ncc(C)c(OC)c3C)nc2c1	Weight	High	-0.31947
COc1ccc2c(c1)c(CC(=O)O)c(C)n2C(=O)c1ccc(Cl)cc1	Sex	Male	-0.2058
COc1ccc2c(c1)c(CC(=O)O)c(C)n2C(=O)c1ccc(Cl)cc1	Sex	Female	-0.11512
COc1ccc2c(c1)c(CC(=O)O)c(C)n2C(=O)c1ccc(Cl)cc1	Age	Children	-0.32562
COc1ccc2c(c1)c(CC(=O)O)c(C)n2C(=O)c1ccc(Cl)cc1	Age	Adolescent	-0.11196
COc1ccc2c(c1)c(CC(=O)O)c(C)n2C(=O)c1ccc(Cl)cc1	Age	Adult	-0.08404
COc1ccc2c(c1)c(CC(=O)O)c(C)n2C(=O)c1ccc(Cl)cc1	Age	Elderly	-0.3654
COc1ccc2c(c1)c(CC(=O)O)c(C)n2C(=O)c1ccc(Cl)cc1	Weight	Low	-0.30544
COc1ccc2c(c1)c(CC(=O)O)c(C)n2C(=O)c1ccc(Cl)cc1	Weight	Average	-0.2834
COc1ccc2c(c1)c(CC(=O)O)c(C)n2C(=O)c1ccc(Cl)cc1	Weight	High	-0.27623
COc1nc(N)nc2c1ncn2C1OC(CO)C(O)C1O	Sex	Male	-0.17368
COc1nc(N)nc2c1ncn2C1OC(CO)C(O)C1O	Sex	Female	-0.00646
COc1nc(N)nc2c1ncn2C1OC(CO)C(O)C1O	Age	Children	-0.2825
COc1nc(N)nc2c1ncn2C1OC(CO)C(O)C1O	Age	Adolescent	-0.10581
COc1nc(N)nc2c1ncn2C1OC(CO)C(O)C1O	Age	Adult	-0.08129
COc1nc(N)nc2c1ncn2C1OC(CO)C(O)C1O	Age	Elderly	-0.34403
COc1nc(N)nc2c1ncn2C1OC(CO)C(O)C1O	Weight	Low	-0.37509
COc1nc(N)nc2c1ncn2C1OC(CO)C(O)C1O	Weight	Average	-0.26522
COc1nc(N)nc2c1ncn2C1OC(CO)C(O)C1O	Weight	High	-0.32809
Cc1c(OCC(F)(F)F)ccnc1CS(=O)c1nc2ccccc2[nH]1	Sex	Male	-0.14551
Cc1c(OCC(F)(F)F)ccnc1CS(=O)c1nc2ccccc2[nH]1	Sex	Female	-0.04932
Cc1c(OCC(F)(F)F)ccnc1CS(=O)c1nc2ccccc2[nH]1	Age	Children	-0.19112
Cc1c(OCC(F)(F)F)ccnc1CS(=O)c1nc2ccccc2[nH]1	Age	Adolescent	-0.09383
Cc1c(OCC(F)(F)F)ccnc1CS(=O)c1nc2ccccc2[nH]1	Age	Adult	-0.1586
Cc1c(OCC(F)(F)F)ccnc1CS(=O)c1nc2ccccc2[nH]1	Age	Elderly	-0.18641
Cc1c(OCC(F)(F)F)ccnc1CS(=O)c1nc2ccccc2[nH]1	Weight	Low	-0.23597
Cc1c(OCC(F)(F)F)ccnc1CS(=O)c1nc2ccccc2[nH]1	Weight	Average	-0.10005
Cc1c(OCC(F)(F)F)ccnc1CS(=O)c1nc2ccccc2[nH]1	Weight	High	-0.34083
Cc1cc(C)cc(OCC2CNC(=O)O2)c1	Sex	Male	-0.21706
Cc1cc(C)cc(OCC2CNC(=O)O2)c1	Sex	Female	-0.01796
Cc1cc(C)cc(OCC2CNC(=O)O2)c1	Age	Children	-0.27646
Cc1cc(C)cc(OCC2CNC(=O)O2)c1	Age	Adolescent	-0.24243
Cc1cc(C)cc(OCC2CNC(=O)O2)c1	Age	Adult	-0.14779
Cc1cc(C)cc(OCC2CNC(=O)O2)c1	Age	Elderly	-0.30012
Cc1cc(C)cc(OCC2CNC(=O)O2)c1	Weight	Low	-0.29493
Cc1cc(C)cc(OCC2CNC(=O)O2)c1	Weight	Average	-0.27032
Cc1cc(C)cc(OCC2CNC(=O)O2)c1	Weight	High	-0.42489
Cc1ccc(NC(=O)c2ccc(CN3CCN(C)CC3)cc2)cc1Nc1nccc(-c2cccnc2)n1	Sex	Male	-0.16493
Cc1ccc(NC(=O)c2ccc(CN3CCN(C)CC3)cc2)cc1Nc1nccc(-c2cccnc2)n1	Sex	Female	-0.07573
Cc1ccc(NC(=O)c2ccc(CN3CCN(C)CC3)cc2)cc1Nc1nccc(-c2cccnc2)n1	Age	Children	-0.17825
Cc1ccc(NC(=O)c2ccc(CN3CCN(C)CC3)cc2)cc1Nc1nccc(-c2cccnc2)n1	Age	Adolescent	-0.10761
Cc1ccc(NC(=O)c2ccc(CN3CCN(C)CC3)cc2)cc1Nc1nccc(-c2cccnc2)n1	Age	Adult	-0.13616
Cc1ccc(NC(=O)c2ccc(CN3CCN(C)CC3)cc2)cc1Nc1nccc(-c2cccnc2)n1	Age	Elderly	-0.17289
Cc1ccc(NC(=O)c2ccc(CN3CCN(C)CC3)cc2)cc1Nc1nccc(-c2cccnc2)n1	Weight	Low	-0.10217
Cc1ccc(NC(=O)c2ccc(CN3CCN(C)CC3)cc2)cc1Nc1nccc(-c2cccnc2)n1	Weight	Average	-0.14184
Cc1ccc(NC(=O)c2ccc(CN3CCN(C)CC3)cc2)cc1Nc1nccc(-c2cccnc2)n1	Weight	High	-0.16877
Cc1cn(-c2cc(NC(=O)c3ccc(C)c(Nc4nccc(-c5cccnc5)n4)c3)cc(C(F)(F)F)c2)cn1	Sex	Male	-0.15907
Cc1cn(-c2cc(NC(=O)c3ccc(C)c(Nc4nccc(-c5cccnc5)n4)c3)cc(C(F)(F)F)c2)cn1	Sex	Female	-0.10585
Cc1cn(-c2cc(NC(=O)c3ccc(C)c(Nc4nccc(-c5cccnc5)n4)c3)cc(C(F)(F)F)c2)cn1	Age	Children	-0.1971
Cc1cn(-c2cc(NC(=O)c3ccc(C)c(Nc4nccc(-c5cccnc5)n4)c3)cc(C(F)(F)F)c2)cn1	Age	Adolescent	-0.16737
Cc1cn(-c2cc(NC(=O)c3ccc(C)c(Nc4nccc(-c5cccnc5)n4)c3)cc(C(F)(F)F)c2)cn1	Age	Adult	-0.18438
Cc1cn(-c2cc(NC(=O)c3ccc(C)c(Nc4nccc(-c5cccnc5)n4)c3)cc(C(F)(F)F)c2)cn1	Age	Elderly	-0.11772
Cc1cn(-c2cc(NC(=O)c3ccc(C)c(Nc4nccc(-c5cccnc5)n4)c3)cc(C(F)(F)F)c2)cn1	Weight	Low	-0.10705
Cc1cn(-c2cc(NC(=O)c3ccc(C)c(Nc4nccc(-c5cccnc5)n4)c3)cc(C(F)(F)F)c2)cn1	Weight	Average	-0.09177
Cc1cn(-c2cc(NC(=O)c3ccc(C)c(Nc4nccc(-c5cccnc5)n4)c3)cc(C(F)(F)F)c2)cn1	Weight	High	-0.22539
Cc1cn(C2C=CC(CO)O2)c(=O)[nH]c1=O	Sex	Male	-0.19814
Cc1cn(C2C=CC(CO)O2)c(=O)[nH]c1=O	Sex	Female	-0.02556
Cc1cn(C2C=CC(CO)O2)c(=O)[nH]c1=O	Age	Children	-0.25349
Cc1cn(C2C=CC(CO)O2)c(=O)[nH]c1=O	Age	Adolescent	-0.19
Cc1cn(C2C=CC(CO)O2)c(=O)[nH]c1=O	Age	Adult	-0.12026
Cc1cn(C2C=CC(CO)O2)c(=O)[nH]c1=O	Age	Elderly	-0.21418
Cc1cn(C2C=CC(CO)O2)c(=O)[nH]c1=O	Weight	Low	-0.41964
Cc1cn(C2C=CC(CO)O2)c(=O)[nH]c1=O	Weight	Average	-0.42277
Cc1cn(C2C=CC(CO)O2)c(=O)[nH]c1=O	Weight	High	-0.55851
Cc1nn(C)cc1S(=O)(=O)NC(=O)c1ccc(-n2ccc(OCC(C)(C)C(F)(F)F)n2)nc1N1CC(C)CC1(C)C	Sex	Male	-0.15144
Cc1nn(C)cc1S(=O)(=O)NC(=O)c1ccc(-n2ccc(OCC(C)(C)C(F)(F)F)n2)nc1N1CC(C)CC1(C)C	Sex	Female	-0.02077
Cc1nn(C)cc1S(=O)(=O)NC(=O)c1ccc(-n2ccc(OCC(C)(C)C(F)(F)F)n2)nc1N1CC(C)CC1(C)C	Age	Children	-0.17745
Cc1nn(C)cc1S(=O)(=O)NC(=O)c1ccc(-n2ccc(OCC(C)(C)C(F)(F)F)n2)nc1N1CC(C)CC1(C)C	Age	Adolescent	-0.15785
Cc1nn(C)cc1S(=O)(=O)NC(=O)c1ccc(-n2ccc(OCC(C)(C)C(F)(F)F)n2)nc1N1CC(C)CC1(C)C	Age	Adult	-0.14826
Cc1nn(C)cc1S(=O)(=O)NC(=O)c1ccc(-n2ccc(OCC(C)(C)C(F)(F)F)n2)nc1N1CC(C)CC1(C)C	Age	Elderly	-0.129
Cc1nn(C)cc1S(=O)(=O)NC(=O)c1ccc(-n2ccc(OCC(C)(C)C(F)(F)F)n2)nc1N1CC(C)CC1(C)C	Weight	Low	-0.2286
Cc1nn(C)cc1S(=O)(=O)NC(=O)c1ccc(-n2ccc(OCC(C)(C)C(F)(F)F)n2)nc1N1CC(C)CC1(C)C	Weight	Average	-0.18343
Cc1nn(C)cc1S(=O)(=O)NC(=O)c1ccc(-n2ccc(OCC(C)(C)C(F)(F)F)n2)nc1N1CC(C)CC1(C)C	Weight	High	-0.245
Cn1nnc2c(C(N)=O)ncn2c1=O	Sex	Male	-0.17441
Cn1nnc2c(C(N)=O)ncn2c1=O	Sex	Female	-0.00509
Cn1nnc2c(C(N)=O)ncn2c1=O	Age	Children	-0.27472
Cn1nnc2c(C(N)=O)ncn2c1=O	Age	Adolescent	-0.16648
Cn1nnc2c(C(N)=O)ncn2c1=O	Age	Adult	-0.08558
Cn1nnc2c(C(N)=O)ncn2c1=O	Age	Elderly	-0.33669
Cn1nnc2c(C(N)=O)ncn2c1=O	Weight	Low	-0.46359
Cn1nnc2c(C(N)=O)ncn2c1=O	Weight	Average	-0.49214
Cn1nnc2c(C(N)=O)ncn2c1=O	Weight	High	-0.46334
NC(=O)CC(N)C(=O)O	Sex	Male	-0.15922
NC(=O)CC(N)C(=O)O	Sex	Female	-0.01945
NC(=O)CC(N)C(=O)O	Age	Children	-0.35174
NC(=O)CC(N)C(=O)O	Age	Adolescent	-0.05336
NC(=O)CC(N)C(=O)O	Age	Adult	-0.00628
NC(=O)CC(N)C(=O)O	Age	Elderly	-0.29664
NC(=O)CC(N)C(=O)O	Weight	Low	-0.43704
NC(=O)CC(N)C(=O)O	Weight	Average	-0.38845
NC(=O)CC(N)C(=O)O	Weight	High	-0.31214
NC(Cc1ccc(N(CCCl)CCCl)cc1)C(=O)O	Sex	Male	-0.08984
NC(Cc1ccc(N(CCCl)CCCl)cc1)C(=O)O	Sex	Female	-0.00604
NC(Cc1ccc(N(CCCl)CCCl)cc1)C(=O)O	Age	Children	-0.17846
NC(Cc1ccc(N(CCCl)CCCl)cc1)C(=O)O	Age	Adolescent	-0.01454
NC(Cc1ccc(N(CCCl)CCCl)cc1)C(=O)O	Age	Adult	-0.03302
NC(Cc1ccc(N(CCCl)CCCl)cc1)C(=O)O	Age	Elderly	-0.27061
NC(Cc1ccc(N(CCCl)CCCl)cc1)C(=O)O	Weight	Low	-0.46634
NC(Cc1ccc(N(CCCl)CCCl)cc1)C(=O)O	Weight	Average	-0.3338
NC(Cc1ccc(N(CCCl)CCCl)cc1)C(=O)O	Weight	High	-0.35716
NCC(CC(=O)O)c1ccc(Cl)cc1	Sex	Male	-0.16139
NCC(CC(=O)O)c1ccc(Cl)cc1	Sex	Female	-0.02275
NCC(CC(=O)O)c1ccc(Cl)cc1	Age	Children	-0.32703
NCC(CC(=O)O)c1ccc(Cl)cc1	Age	Adolescent	-0.02777
NCC(CC(=O)O)c1ccc(Cl)cc1	Age	Adult	-0.01523
NCC(CC(=O)O)c1ccc(Cl)cc1	Age	Elderly	-0.45597
NCC(CC(=O)O)c1ccc(Cl)cc1	Weight	Low	-0.39095
NCC(CC(=O)O)c1ccc(Cl)cc1	Weight	Average	-0.50358
NCC(CC(=O)O)c1ccc(Cl)cc1	Weight	High	-0.4752
Nc1ccn(C2OC(CO)C(O)C2(F)F)c(=O)n1	Sex	Male	-0.20195
Nc1ccn(C2OC(CO)C(O)C2(F)F)c(=O)n1	Sex	Female	0.00711
Nc1ccn(C2OC(CO)C(O)C2(F)F)c(=O)n1	Age	Children	-0.18556
Nc1ccn(C2OC(CO)C(O)C2(F)F)c(=O)n1	Age	Adolescent	-0.20478
Nc1ccn(C2OC(CO)C(O)C2(F)F)c(=O)n1	Age	Adult	-0.13452
Nc1ccn(C2OC(CO)C(O)C2(F)F)c(=O)n1	Age	Elderly	-0.40996
Nc1ccn(C2OC(CO)C(O)C2(F)F)c(=O)n1	Weight	Low	-0.4548
Nc1ccn(C2OC(CO)C(O)C2(F)F)c(=O)n1	Weight	Average	-0.32474
Nc1ccn(C2OC(CO)C(O)C2(F)F)c(=O)n1	Weight	High	-0.51055
Nc1nc(=O)c2ncn(COC(CO)CO)c2[nH]1	Sex	Male	-0.23286
Nc1nc(=O)c2ncn(COC(CO)CO)c2[nH]1	Sex	Female	0.04564
Nc1nc(=O)c2ncn(COC(CO)CO)c2[nH]1	Age	Children	-0.30966
Nc1nc(=O)c2ncn(COC(CO)CO)c2[nH]1	Age	Adolescent	-0.12296
Nc1nc(=O)c2ncn(COC(CO)CO)c2[nH]1	Age	Adult	-0.08886
Nc1nc(=O)c2ncn(COC(CO)CO)c2[nH]1	Age	Elderly	-0.36421
Nc1nc(=O)c2ncn(COC(CO)CO)c2[nH]1	Weight	Low	-0.26471
Nc1nc(=O)c2ncn(COC(CO)CO)c2[nH]1	Weight	Average	-0.2348
Nc1nc(=O)c2ncn(COC(CO)CO)c2[nH]1	Weight	High	-0.36424
Nc1ncnc2c1ncn2C1OC(CO)C(O)C1O	Sex	Male	-0.17249
Nc1ncnc2c1ncn2C1OC(CO)C(O)C1O	Sex	Female	0.00232
Nc1ncnc2c1ncn2C1OC(CO)C(O)C1O	Age	Children	-0.28688
Nc1ncnc2c1ncn2C1OC(CO)C(O)C1O	Age	Adolescent	-0.09924
Nc1ncnc2c1ncn2C1OC(CO)C(O)C1O	Age	Adult	-0.17492
Nc1ncnc2c1ncn2C1OC(CO)C(O)C1O	Age	Elderly	-0.45839
Nc1ncnc2c1ncn2C1OC(CO)C(O)C1O	Weight	Low	-0.48677
Nc1ncnc2c1ncn2C1OC(CO)C(O)C1O	Weight	Average	-0.3641
Nc1ncnc2c1ncn2C1OC(CO)C(O)C1O	Weight	High	-0.40511
O=C([O-])O	Sex	Male	-0.09957
O=C([O-])O	Sex	Female	-0.06513
O=C([O-])O	Age	Children	-0.23799
O=C([O-])O	Age	Adolescent	-0.1388
O=C([O-])O	Age	Adult	-0.0936
O=C([O-])O	Age	Elderly	-0.29069
O=C([O-])O	Weight	Low	-0.40752
O=C([O-])O	Weight	Average	-0.39389
O=C([O-])O	Weight	High	-0.32376
O=C1C=CC(=O)c2c1c(O)c1c(NCCNCCO)ccc(NCCNCCO)c1c2O	Sex	Male	-0.20745
O=C1C=CC(=O)c2c1c(O)c1c(NCCNCCO)ccc(NCCNCCO)c1c2O	Sex	Female	-0.04138
O=C1C=CC(=O)c2c1c(O)c1c(NCCNCCO)ccc(NCCNCCO)c1c2O	Age	Children	-0.19828
O=C1C=CC(=O)c2c1c(O)c1c(NCCNCCO)ccc(NCCNCCO)c1c2O	Age	Adolescent	-0.22857
O=C1C=CC(=O)c2c1c(O)c1c(NCCNCCO)ccc(NCCNCCO)c1c2O	Age	Adult	-0.15495
O=C1C=CC(=O)c2c1c(O)c1c(NCCNCCO)ccc(NCCNCCO)c1c2O	Age	Elderly	-0.35329
O=C1C=CC(=O)c2c1c(O)c1c(NCCNCCO)ccc(NCCNCCO)c1c2O	Weight	Low	-0.42651
O=C1C=CC(=O)c2c1c(O)c1c(NCCNCCO)ccc(NCCNCCO)c1c2O	Weight	Average	-0.41525
O=C1C=CC(=O)c2c1c(O)c1c(NCCNCCO)ccc(NCCNCCO)c1c2O	Weight	High	-0.48531
O=C=O	Sex	Male	-0.10332
O=C=O	Sex	Female	-0.04388
O=C=O	Age	Children	-0.21432
O=C=O	Age	Adolescent	-0.14276
O=C=O	Age	Adult	-0.09882
O=C=O	Age	Elderly	-0.26852
O=C=O	Weight	Low	-0.44215
O=C=O	Weight	Average	-0.34462
O=C=O	Weight	High	-0.31454
O=c1[nH]cc(F)c(=O)[nH]1	Sex	Male	-0.12992
O=c1[nH]cc(F)c(=O)[nH]1	Sex	Female	-0.08315
O=c1[nH]cc(F)c(=O)[nH]1	Age	Children	-0.18037
O=c1[nH]cc(F)c(=O)[nH]1	Age	Adolescent	-0.15822
O=c1[nH]cc(F)c(=O)[nH]1	Age	Adult	-0.1313
O=c1[nH]cc(F)c(=O)[nH]1	Age	Elderly	-0.32898
O=c1[nH]cc(F)c(=O)[nH]1	Weight	Low	-0.2775
O=c1[nH]cc(F)c(=O)[nH]1	Weight	Average	-0.33727
O=c1[nH]cc(F)c(=O)[nH]1	Weight	High	-0.42283
O=c1[nH]cnc2c1ncn2C1CCC(CO)O1	Sex	Male	-0.13455
O=c1[nH]cnc2c1ncn2C1CCC(CO)O1	Sex	Female	-0.01371
O=c1[nH]cnc2c1ncn2C1CCC(CO)O1	Age	Children	-0.22297
O=c1[nH]cnc2c1ncn2C1CCC(CO)O1	Age	Adolescent	-0.19559
O=c1[nH]cnc2c1ncn2C1CCC(CO)O1	Age	Adult	-0.18558
O=c1[nH]cnc2c1ncn2C1CCC(CO)O1	Age	Elderly	-0.28192
O=c1[nH]cnc2c1ncn2C1CCC(CO)O1	Weight	Low	-0.34249
O=c1[nH]cnc2c1ncn2C1CCC(CO)O1	Weight	Average	-0.33426
O=c1[nH]cnc2c1ncn2C1CCC(CO)O1	Weight	High	-0.43965
Cc1c(O)c(=O)ccn1C	Sex	Male	-0.18349
Cc1c(O)c(=O)ccn1C	Sex	Female	-0.05863
Cc1c(O)c(=O)ccn1C	Age	Children	-0.23102
Cc1c(O)c(=O)ccn1C	Age	Adolescent	-0.20221
Cc1c(O)c(=O)ccn1C	Age	Adult	-0.18258
Cc1c(O)c(=O)ccn1C	Age	Elderly	-0.4379
Cc1c(O)c(=O)ccn1C	Weight	Low	-0.56753
Cc1c(O)c(=O)ccn1C	Weight	Average	-0.53594
Cc1c(O)c(=O)ccn1C	Weight	High	-0.59242
Cc1ccc(C(=O)Nc2ccc(CN3CCN(C)CC3)c(C(F)(F)F)c2)cc1C#Cc1cnc2cccnn12	Sex	Male	-0.17392
Cc1ccc(C(=O)Nc2ccc(CN3CCN(C)CC3)c(C(F)(F)F)c2)cc1C#Cc1cnc2cccnn12	Sex	Female	-0.11379
Cc1ccc(C(=O)Nc2ccc(CN3CCN(C)CC3)c(C(F)(F)F)c2)cc1C#Cc1cnc2cccnn12	Age	Children	-0.26638
Cc1ccc(C(=O)Nc2ccc(CN3CCN(C)CC3)c(C(F)(F)F)c2)cc1C#Cc1cnc2cccnn12	Age	Adolescent	-0.20477
Cc1ccc(C(=O)Nc2ccc(CN3CCN(C)CC3)c(C(F)(F)F)c2)cc1C#Cc1cnc2cccnn12	Age	Adult	-0.21133
Cc1ccc(C(=O)Nc2ccc(CN3CCN(C)CC3)c(C(F)(F)F)c2)cc1C#Cc1cnc2cccnn12	Age	Elderly	-0.22927
Cc1ccc(C(=O)Nc2ccc(CN3CCN(C)CC3)c(C(F)(F)F)c2)cc1C#Cc1cnc2cccnn12	Weight	Low	-0.22744
Cc1ccc(C(=O)Nc2ccc(CN3CCN(C)CC3)c(C(F)(F)F)c2)cc1C#Cc1cnc2cccnn12	Weight	Average	-0.2521
Cc1ccc(C(=O)Nc2ccc(CN3CCN(C)CC3)c(C(F)(F)F)c2)cc1C#Cc1cnc2cccnn12	Weight	High	-0.31374
O=C(O)P(=O)(O)O	Sex	Male	-0.09566
O=C(O)P(=O)(O)O	Sex	Female	-0.06018
O=C(O)P(=O)(O)O	Age	Children	-0.23645
O=C(O)P(=O)(O)O	Age	Adolescent	-0.12874
O=C(O)P(=O)(O)O	Age	Adult	-0.05275
O=C(O)P(=O)(O)O	Age	Elderly	-0.2886
O=C(O)P(=O)(O)O	Weight	Low	-0.43463
O=C(O)P(=O)(O)O	Weight	Average	-0.39461
O=C(O)P(=O)(O)O	Weight	High	-0.34066
COc1ccc2cc(C(C)C(=O)O)ccc2c1	Sex	Male	-0.16138
COc1ccc2cc(C(C)C(=O)O)ccc2c1	Sex	Female	-0.03319
COc1ccc2cc(C(C)C(=O)O)ccc2c1	Age	Children	-0.27758
COc1ccc2cc(C(C)C(=O)O)ccc2c1	Age	Adolescent	-0.00248
COc1ccc2cc(C(C)C(=O)O)ccc2c1	Age	Adult	-0.04832
COc1ccc2cc(C(C)C(=O)O)ccc2c1	Age	Elderly	-0.26652
COc1ccc2cc(C(C)C(=O)O)ccc2c1	Weight	Low	-0.35316
COc1ccc2cc(C(C)C(=O)O)ccc2c1	Weight	Average	-0.28192
COc1ccc2cc(C(C)C(=O)O)ccc2c1	Weight	High	-0.35145
C=C1C(CO)C(O)CC1n1cnc2c(=O)[nH]c(N)nc21	Sex	Male	-0.22351
C=C1C(CO)C(O)CC1n1cnc2c(=O)[nH]c(N)nc21	Sex	Female	0.01113
C=C1C(CO)C(O)CC1n1cnc2c(=O)[nH]c(N)nc21	Age	Children	-0.27366
C=C1C(CO)C(O)CC1n1cnc2c(=O)[nH]c(N)nc21	Age	Adolescent	-0.19603
C=C1C(CO)C(O)CC1n1cnc2c(=O)[nH]c(N)nc21	Age	Adult	-0.11442
C=C1C(CO)C(O)CC1n1cnc2c(=O)[nH]c(N)nc21	Age	Elderly	-0.31886
C=C1C(CO)C(O)CC1n1cnc2c(=O)[nH]c(N)nc21	Weight	Low	-0.31811
C=C1C(CO)C(O)CC1n1cnc2c(=O)[nH]c(N)nc21	Weight	Average	-0.25593
C=C1C(CO)C(O)CC1n1cnc2c(=O)[nH]c(N)nc21	Weight	High	-0.45034
C=c1c(C(=O)NCCN(CC)CC)c(C)[nH]c1=Cc1c(O)[nH]c2ccc(F)cc12	Sex	Male	-0.10623
C=c1c(C(=O)NCCN(CC)CC)c(C)[nH]c1=Cc1c(O)[nH]c2ccc(F)cc12	Sex	Female	-0.05335
C=c1c(C(=O)NCCN(CC)CC)c(C)[nH]c1=Cc1c(O)[nH]c2ccc(F)cc12	Age	Children	-0.14807
C=c1c(C(=O)NCCN(CC)CC)c(C)[nH]c1=Cc1c(O)[nH]c2ccc(F)cc12	Age	Adolescent	-0.14893
C=c1c(C(=O)NCCN(CC)CC)c(C)[nH]c1=Cc1c(O)[nH]c2ccc(F)cc12	Age	Adult	-0.0997
C=c1c(C(=O)NCCN(CC)CC)c(C)[nH]c1=Cc1c(O)[nH]c2ccc(F)cc12	Age	Elderly	-0.11766
C=c1c(C(=O)NCCN(CC)CC)c(C)[nH]c1=Cc1c(O)[nH]c2ccc(F)cc12	Weight	Low	-0.28528
C=c1c(C(=O)NCCN(CC)CC)c(C)[nH]c1=Cc1c(O)[nH]c2ccc(F)cc12	Weight	Average	-0.14962
C=c1c(C(=O)NCCN(CC)CC)c(C)[nH]c1=Cc1c(O)[nH]c2ccc(F)cc12	Weight	High	-0.30007
CCC1=CC2CN(C1)Cc1c([nH]c3ccccc13)C(C(=O)OC)(c1cc3c(cc1OC)N(C)C1C(O)(C(=O)OC)C(OC(C)=O)C4(CC)C=CCN5CCC31C54)C2	Sex	Male	-0.09852
CCC1=CC2CN(C1)Cc1c([nH]c3ccccc13)C(C(=O)OC)(c1cc3c(cc1OC)N(C)C1C(O)(C(=O)OC)C(OC(C)=O)C4(CC)C=CCN5CCC31C54)C2	Sex	Female	-0.06743
CCC1=CC2CN(C1)Cc1c([nH]c3ccccc13)C(C(=O)OC)(c1cc3c(cc1OC)N(C)C1C(O)(C(=O)OC)C(OC(C)=O)C4(CC)C=CCN5CCC31C54)C2	Age	Children	-0.1459
CCC1=CC2CN(C1)Cc1c([nH]c3ccccc13)C(C(=O)OC)(c1cc3c(cc1OC)N(C)C1C(O)(C(=O)OC)C(OC(C)=O)C4(CC)C=CCN5CCC31C54)C2	Age	Adolescent	-0.10651
CCC1=CC2CN(C1)Cc1c([nH]c3ccccc13)C(C(=O)OC)(c1cc3c(cc1OC)N(C)C1C(O)(C(=O)OC)C(OC(C)=O)C4(CC)C=CCN5CCC31C54)C2	Age	Adult	-0.06056
CCC1=CC2CN(C1)Cc1c([nH]c3ccccc13)C(C(=O)OC)(c1cc3c(cc1OC)N(C)C1C(O)(C(=O)OC)C(OC(C)=O)C4(CC)C=CCN5CCC31C54)C2	Age	Elderly	-0.1249
CCC1=CC2CN(C1)Cc1c([nH]c3ccccc13)C(C(=O)OC)(c1cc3c(cc1OC)N(C)C1C(O)(C(=O)OC)C(OC(C)=O)C4(CC)C=CCN5CCC31C54)C2	Weight	Low	-0.15118
CCC1=CC2CN(C1)Cc1c([nH]c3ccccc13)C(C(=O)OC)(c1cc3c(cc1OC)N(C)C1C(O)(C(=O)OC)C(OC(C)=O)C4(CC)C=CCN5CCC31C54)C2	Weight	Average	-0.16374
CCC1=CC2CN(C1)Cc1c([nH]c3ccccc13)C(C(=O)OC)(c1cc3c(cc1OC)N(C)C1C(O)(C(=O)OC)C(OC(C)=O)C4(CC)C=CCN5CCC31C54)C2	Weight	High	-0.219
CN(C)N=Nc1[nH]cnc1C(N)=O	Sex	Male	-0.04586
CN(C)N=Nc1[nH]cnc1C(N)=O	Sex	Female	-0.01565
CN(C)N=Nc1[nH]cnc1C(N)=O	Age	Children	-0.13917
CN(C)N=Nc1[nH]cnc1C(N)=O	Age	Adolescent	-0.10969
CN(C)N=Nc1[nH]cnc1C(N)=O	Age	Adult	-0.0451
CN(C)N=Nc1[nH]cnc1C(N)=O	Age	Elderly	-0.20996
CN(C)N=Nc1[nH]cnc1C(N)=O	Weight	Low	-0.48399
CN(C)N=Nc1[nH]cnc1C(N)=O	Weight	Average	-0.36045
CN(C)N=Nc1[nH]cnc1C(N)=O	Weight	High	-0.29648
COC(=O)OCOc1c2n(ccc1=O)N(C1c3ccccc3SCc3c1ccc(F)c3F)C1COCCN1C2=O	Sex	Male	-0.19382
COC(=O)OCOc1c2n(ccc1=O)N(C1c3ccccc3SCc3c1ccc(F)c3F)C1COCCN1C2=O	Sex	Female	-0.0656
COC(=O)OCOc1c2n(ccc1=O)N(C1c3ccccc3SCc3c1ccc(F)c3F)C1COCCN1C2=O	Age	Children	-0.33672
COC(=O)OCOc1c2n(ccc1=O)N(C1c3ccccc3SCc3c1ccc(F)c3F)C1COCCN1C2=O	Age	Adolescent	-0.14209
COC(=O)OCOc1c2n(ccc1=O)N(C1c3ccccc3SCc3c1ccc(F)c3F)C1COCCN1C2=O	Age	Adult	-0.07858
COC(=O)OCOc1c2n(ccc1=O)N(C1c3ccccc3SCc3c1ccc(F)c3F)C1COCCN1C2=O	Age	Elderly	-0.27175
COC(=O)OCOc1c2n(ccc1=O)N(C1c3ccccc3SCc3c1ccc(F)c3F)C1COCCN1C2=O	Weight	Low	-0.38132
COC(=O)OCOc1c2n(ccc1=O)N(C1c3ccccc3SCc3c1ccc(F)c3F)C1COCCN1C2=O	Weight	Average	-0.28816
COC(=O)OCOc1c2n(ccc1=O)N(C1c3ccccc3SCc3c1ccc(F)c3F)C1COCCN1C2=O	Weight	High	-0.33847
COCCOCCCCCC(=O)NCCCCC(N)C(=O)O	Sex	Male	-0.08701
COCCOCCCCCC(=O)NCCCCC(N)C(=O)O	Sex	Female	-0.06768
COCCOCCCCCC(=O)NCCCCC(N)C(=O)O	Age	Children	-0.3102
COCCOCCCCCC(=O)NCCCCC(N)C(=O)O	Age	Adolescent	-0.1403
COCCOCCCCCC(=O)NCCCCC(N)C(=O)O	Age	Adult	-0.05045
COCCOCCCCCC(=O)NCCCCC(N)C(=O)O	Age	Elderly	-0.21441
COCCOCCCCCC(=O)NCCCCC(N)C(=O)O	Weight	Low	-0.28669
COCCOCCCCCC(=O)NCCCCC(N)C(=O)O	Weight	Average	-0.26715
COCCOCCCCCC(=O)NCCCCC(N)C(=O)O	Weight	High	-0.22755
COc1cc2c(cc1OC)C1CC(=O)C(CC(C)C)CN1CC2	Sex	Male	-0.24808
COc1cc2c(cc1OC)C1CC(=O)C(CC(C)C)CN1CC2	Sex	Female	-0.01827
COc1cc2c(cc1OC)C1CC(=O)C(CC(C)C)CN1CC2	Age	Children	-0.36581
COc1cc2c(cc1OC)C1CC(=O)C(CC(C)C)CN1CC2	Age	Adolescent	-0.11679
COc1cc2c(cc1OC)C1CC(=O)C(CC(C)C)CN1CC2	Age	Adult	-0.06818
COc1cc2c(cc1OC)C1CC(=O)C(CC(C)C)CN1CC2	Age	Elderly	-0.3885
COc1cc2c(cc1OC)C1CC(=O)C(CC(C)C)CN1CC2	Weight	Low	-0.38425
COc1cc2c(cc1OC)C1CC(=O)C(CC(C)C)CN1CC2	Weight	Average	-0.41671
COc1cc2c(cc1OC)C1CC(=O)C(CC(C)C)CN1CC2	Weight	High	-0.44982
Cc1cc(Nc2ncc(Cl)c(Nc3ccccc3S(=O)(=O)C(C)C)n2)c(OC(C)C)cc1C1CCNCC1	Sex	Male	-0.17878
Cc1cc(Nc2ncc(Cl)c(Nc3ccccc3S(=O)(=O)C(C)C)n2)c(OC(C)C)cc1C1CCNCC1	Sex	Female	-0.03964
Cc1cc(Nc2ncc(Cl)c(Nc3ccccc3S(=O)(=O)C(C)C)n2)c(OC(C)C)cc1C1CCNCC1	Age	Children	-0.18034
Cc1cc(Nc2ncc(Cl)c(Nc3ccccc3S(=O)(=O)C(C)C)n2)c(OC(C)C)cc1C1CCNCC1	Age	Adolescent	-0.12549
Cc1cc(Nc2ncc(Cl)c(Nc3ccccc3S(=O)(=O)C(C)C)n2)c(OC(C)C)cc1C1CCNCC1	Age	Adult	-0.08793
Cc1cc(Nc2ncc(Cl)c(Nc3ccccc3S(=O)(=O)C(C)C)n2)c(OC(C)C)cc1C1CCNCC1	Age	Elderly	-0.19518
Cc1cc(Nc2ncc(Cl)c(Nc3ccccc3S(=O)(=O)C(C)C)n2)c(OC(C)C)cc1C1CCNCC1	Weight	Low	-0.19334
Cc1cc(Nc2ncc(Cl)c(Nc3ccccc3S(=O)(=O)C(C)C)n2)c(OC(C)C)cc1C1CCNCC1	Weight	Average	-0.20906
Cc1cc(Nc2ncc(Cl)c(Nc3ccccc3S(=O)(=O)C(C)C)n2)c(OC(C)C)cc1C1CCNCC1	Weight	High	-0.21855
NC(=O)c1ncn(C2OC(CO)C(O)C2O)n1	Sex	Male	-0.20563
NC(=O)c1ncn(C2OC(CO)C(O)C2O)n1	Sex	Female	0.00649
NC(=O)c1ncn(C2OC(CO)C(O)C2O)n1	Age	Children	-0.32433
NC(=O)c1ncn(C2OC(CO)C(O)C2O)n1	Age	Adolescent	-0.17484
NC(=O)c1ncn(C2OC(CO)C(O)C2O)n1	Age	Adult	-0.16785
NC(=O)c1ncn(C2OC(CO)C(O)C2O)n1	Age	Elderly	-0.46445
NC(=O)c1ncn(C2OC(CO)C(O)C2O)n1	Weight	Low	-0.49984
NC(=O)c1ncn(C2OC(CO)C(O)C2O)n1	Weight	Average	-0.41597
NC(=O)c1ncn(C2OC(CO)C(O)C2O)n1	Weight	High	-0.42274
O=C(O)CC(O)(CC(=O)O)C(=O)[O-]	Sex	Male	-0.11996
O=C(O)CC(O)(CC(=O)O)C(=O)[O-]	Sex	Female	-0.04573
O=C(O)CC(O)(CC(=O)O)C(=O)[O-]	Age	Children	-0.25756
O=C(O)CC(O)(CC(=O)O)C(=O)[O-]	Age	Adolescent	-0.13744
O=C(O)CC(O)(CC(=O)O)C(=O)[O-]	Age	Adult	-0.10585
O=C(O)CC(O)(CC(=O)O)C(=O)[O-]	Age	Elderly	-0.29841
O=C(O)CC(O)(CC(=O)O)C(=O)[O-]	Weight	Low	-0.40005
O=C(O)CC(O)(CC(=O)O)C(=O)[O-]	Weight	Average	-0.35865
O=C(O)CC(O)(CC(=O)O)C(=O)[O-]	Weight	High	-0.35199
O=C1CCC(N2C(=O)c3ccccc3C2=O)C(=O)N1	Sex	Male	-0.09644
O=C1CCC(N2C(=O)c3ccccc3C2=O)C(=O)N1	Sex	Female	-0.04903
O=C1CCC(N2C(=O)c3ccccc3C2=O)C(=O)N1	Age	Children	-0.1299
O=C1CCC(N2C(=O)c3ccccc3C2=O)C(=O)N1	Age	Adolescent	-0.15064
O=C1CCC(N2C(=O)c3ccccc3C2=O)C(=O)N1	Age	Adult	-0.13669
O=C1CCC(N2C(=O)c3ccccc3C2=O)C(=O)N1	Age	Elderly	-0.36282
O=C1CCC(N2C(=O)c3ccccc3C2=O)C(=O)N1	Weight	Low	-0.45724
O=C1CCC(N2C(=O)c3ccccc3C2=O)C(=O)N1	Weight	Average	-0.45883
O=C1CCC(N2C(=O)c3ccccc3C2=O)C(=O)N1	Weight	High	-0.64509
OCC(O)C(O)C(O)C(O)CO	Sex	Male	-0.08225
OCC(O)C(O)C(O)C(O)CO	Sex	Female	-0.01523
OCC(O)C(O)C(O)C(O)CO	Age	Children	-0.1906
OCC(O)C(O)C(O)C(O)CO	Age	Adolescent	-0.03902
OCC(O)C(O)C(O)C(O)CO	Age	Adult	-0.05859
OCC(O)C(O)C(O)C(O)CO	Age	Elderly	-0.19147
OCC(O)C(O)C(O)C(O)CO	Weight	Low	-0.27634
OCC(O)C(O)C(O)C(O)CO	Weight	Average	-0.17926
OCC(O)C(O)C(O)C(O)CO	Weight	High	-0.16123
C=C1CC2CCC34CC5OC6C(OC7CCC(CC(=O)CC8C(CC9OC(CCC1O2)CC(C)C9=C)OC(CC(O)CN)C8OC)OC7C6O3)C5O4	Sex	Male	-0.04546
C=C1CC2CCC34CC5OC6C(OC7CCC(CC(=O)CC8C(CC9OC(CCC1O2)CC(C)C9=C)OC(CC(O)CN)C8OC)OC7C6O3)C5O4	Sex	Female	-0.0201
C=C1CC2CCC34CC5OC6C(OC7CCC(CC(=O)CC8C(CC9OC(CCC1O2)CC(C)C9=C)OC(CC(O)CN)C8OC)OC7C6O3)C5O4	Age	Children	-0.16092
C=C1CC2CCC34CC5OC6C(OC7CCC(CC(=O)CC8C(CC9OC(CCC1O2)CC(C)C9=C)OC(CC(O)CN)C8OC)OC7C6O3)C5O4	Age	Adolescent	-0.18226
C=C1CC2CCC34CC5OC6C(OC7CCC(CC(=O)CC8C(CC9OC(CCC1O2)CC(C)C9=C)OC(CC(O)CN)C8OC)OC7C6O3)C5O4	Age	Adult	-0.02414
C=C1CC2CCC34CC5OC6C(OC7CCC(CC(=O)CC8C(CC9OC(CCC1O2)CC(C)C9=C)OC(CC(O)CN)C8OC)OC7C6O3)C5O4	Age	Elderly	-0.17653
C=C1CC2CCC34CC5OC6C(OC7CCC(CC(=O)CC8C(CC9OC(CCC1O2)CC(C)C9=C)OC(CC(O)CN)C8OC)OC7C6O3)C5O4	Weight	Low	-0.23564
C=C1CC2CCC34CC5OC6C(OC7CCC(CC(=O)CC8C(CC9OC(CCC1O2)CC(C)C9=C)OC(CC(O)CN)C8OC)OC7C6O3)C5O4	Weight	Average	-0.17746
C=C1CC2CCC34CC5OC6C(OC7CCC(CC(=O)CC8C(CC9OC(CCC1O2)CC(C)C9=C)OC(CC(O)CN)C8OC)OC7C6O3)C5O4	Weight	High	-0.2365
C=CC(=O)Nc1cc(Nc2nccc(-c3cn(C)c4ccccc34)n2)c(OC)cc1N(C)CCN(C)C	Sex	Male	-0.08676
C=CC(=O)Nc1cc(Nc2nccc(-c3cn(C)c4ccccc34)n2)c(OC)cc1N(C)CCN(C)C	Sex	Female	-0.04094
C=CC(=O)Nc1cc(Nc2nccc(-c3cn(C)c4ccccc34)n2)c(OC)cc1N(C)CCN(C)C	Age	Children	-0.05309
C=CC(=O)Nc1cc(Nc2nccc(-c3cn(C)c4ccccc34)n2)c(OC)cc1N(C)CCN(C)C	Age	Adolescent	-0.03451
C=CC(=O)Nc1cc(Nc2nccc(-c3cn(C)c4ccccc34)n2)c(OC)cc1N(C)CCN(C)C	Age	Adult	-0.03601
C=CC(=O)Nc1cc(Nc2nccc(-c3cn(C)c4ccccc34)n2)c(OC)cc1N(C)CCN(C)C	Age	Elderly	-0.10102
C=CC(=O)Nc1cc(Nc2nccc(-c3cn(C)c4ccccc34)n2)c(OC)cc1N(C)CCN(C)C	Weight	Low	-0.1055
C=CC(=O)Nc1cc(Nc2nccc(-c3cn(C)c4ccccc34)n2)c(OC)cc1N(C)CCN(C)C	Weight	Average	-0.0588
C=CC(=O)Nc1cc(Nc2nccc(-c3cn(C)c4ccccc34)n2)c(OC)cc1N(C)CCN(C)C	Weight	High	-0.03627
CC(C)(C)NCC(O)COc1nsnc1N1CCOCC1	Sex	Male	-0.10387
CC(C)(C)NCC(O)COc1nsnc1N1CCOCC1	Sex	Female	-0.01424
CC(C)(C)NCC(O)COc1nsnc1N1CCOCC1	Age	Children	-0.17617
CC(C)(C)NCC(O)COc1nsnc1N1CCOCC1	Age	Adolescent	-0.0867
CC(C)(C)NCC(O)COc1nsnc1N1CCOCC1	Age	Adult	-0.05265
CC(C)(C)NCC(O)COc1nsnc1N1CCOCC1	Age	Elderly	-0.17804
CC(C)(C)NCC(O)COc1nsnc1N1CCOCC1	Weight	Low	-0.17176
CC(C)(C)NCC(O)COc1nsnc1N1CCOCC1	Weight	Average	-0.26499
CC(C)(C)NCC(O)COc1nsnc1N1CCOCC1	Weight	High	-0.22049
CC(C)C(N)C(=O)OCC(CO)OCn1cnc2c(=O)[nH]c(N)nc21	Sex	Male	-0.26864
CC(C)C(N)C(=O)OCC(CO)OCn1cnc2c(=O)[nH]c(N)nc21	Sex	Female	0.03081
CC(C)C(N)C(=O)OCC(CO)OCn1cnc2c(=O)[nH]c(N)nc21	Age	Children	-0.38579
CC(C)C(N)C(=O)OCC(CO)OCn1cnc2c(=O)[nH]c(N)nc21	Age	Adolescent	-0.15108
CC(C)C(N)C(=O)OCC(CO)OCn1cnc2c(=O)[nH]c(N)nc21	Age	Adult	-0.08734
CC(C)C(N)C(=O)OCC(CO)OCn1cnc2c(=O)[nH]c(N)nc21	Age	Elderly	-0.27953
CC(C)C(N)C(=O)OCC(CO)OCn1cnc2c(=O)[nH]c(N)nc21	Weight	Low	-0.32589
CC(C)C(N)C(=O)OCC(CO)OCn1cnc2c(=O)[nH]c(N)nc21	Weight	Average	-0.34407
CC(C)C(N)C(=O)OCC(CO)OCn1cnc2c(=O)[nH]c(N)nc21	Weight	High	-0.40587
CC(C)OC(=O)C(C)NP(=O)(COC(C)Cn1cnc2c(N)ncnc21)Oc1ccccc1	Sex	Male	-0.13783
CC(C)OC(=O)C(C)NP(=O)(COC(C)Cn1cnc2c(N)ncnc21)Oc1ccccc1	Sex	Female	-0.01835
CC(C)OC(=O)C(C)NP(=O)(COC(C)Cn1cnc2c(N)ncnc21)Oc1ccccc1	Age	Children	-0.26768
CC(C)OC(=O)C(C)NP(=O)(COC(C)Cn1cnc2c(N)ncnc21)Oc1ccccc1	Age	Adolescent	-0.04477
CC(C)OC(=O)C(C)NP(=O)(COC(C)Cn1cnc2c(N)ncnc21)Oc1ccccc1	Age	Adult	-0.07037
CC(C)OC(=O)C(C)NP(=O)(COC(C)Cn1cnc2c(N)ncnc21)Oc1ccccc1	Age	Elderly	-0.28168
CC(C)OC(=O)C(C)NP(=O)(COC(C)Cn1cnc2c(N)ncnc21)Oc1ccccc1	Weight	Low	-0.20147
CC(C)OC(=O)C(C)NP(=O)(COC(C)Cn1cnc2c(N)ncnc21)Oc1ccccc1	Weight	Average	-0.22701
CC(C)OC(=O)C(C)NP(=O)(COC(C)Cn1cnc2c(N)ncnc21)Oc1ccccc1	Weight	High	-0.27095
CC(C)OC(=O)C(C)NP(=O)(OCC1OC(n2ccc(=O)[nH]c2=O)C(C)(F)C1O)Oc1ccccc1	Sex	Male	-0.1941
CC(C)OC(=O)C(C)NP(=O)(OCC1OC(n2ccc(=O)[nH]c2=O)C(C)(F)C1O)Oc1ccccc1	Sex	Female	-0.04842
CC(C)OC(=O)C(C)NP(=O)(OCC1OC(n2ccc(=O)[nH]c2=O)C(C)(F)C1O)Oc1ccccc1	Age	Children	-0.27152
CC(C)OC(=O)C(C)NP(=O)(OCC1OC(n2ccc(=O)[nH]c2=O)C(C)(F)C1O)Oc1ccccc1	Age	Adolescent	-0.14829
CC(C)OC(=O)C(C)NP(=O)(OCC1OC(n2ccc(=O)[nH]c2=O)C(C)(F)C1O)Oc1ccccc1	Age	Adult	-0.11252
CC(C)OC(=O)C(C)NP(=O)(OCC1OC(n2ccc(=O)[nH]c2=O)C(C)(F)C1O)Oc1ccccc1	Age	Elderly	-0.19175
CC(C)OC(=O)C(C)NP(=O)(OCC1OC(n2ccc(=O)[nH]c2=O)C(C)(F)C1O)Oc1ccccc1	Weight	Low	-0.31286
CC(C)OC(=O)C(C)NP(=O)(OCC1OC(n2ccc(=O)[nH]c2=O)C(C)(F)C1O)Oc1ccccc1	Weight	Average	-0.29971
CC(C)OC(=O)C(C)NP(=O)(OCC1OC(n2ccc(=O)[nH]c2=O)C(C)(F)C1O)Oc1ccccc1	Weight	High	-0.44945
CCC1=C(C)CN(C(=O)NCCc2ccc(S(=O)(=O)NC(=O)NC3CCC(C)CC3)cc2)C1=O	Sex	Male	-0.23907
CCC1=C(C)CN(C(=O)NCCc2ccc(S(=O)(=O)NC(=O)NC3CCC(C)CC3)cc2)C1=O	Sex	Female	-0.03657
CCC1=C(C)CN(C(=O)NCCc2ccc(S(=O)(=O)NC(=O)NC3CCC(C)CC3)cc2)C1=O	Age	Children	-0.23195
CCC1=C(C)CN(C(=O)NCCc2ccc(S(=O)(=O)NC(=O)NC3CCC(C)CC3)cc2)C1=O	Age	Adolescent	-0.25184
CCC1=C(C)CN(C(=O)NCCc2ccc(S(=O)(=O)NC(=O)NC3CCC(C)CC3)cc2)C1=O	Age	Adult	-0.20746
CCC1=C(C)CN(C(=O)NCCc2ccc(S(=O)(=O)NC(=O)NC3CCC(C)CC3)cc2)C1=O	Age	Elderly	-0.19858
CCC1=C(C)CN(C(=O)NCCc2ccc(S(=O)(=O)NC(=O)NC3CCC(C)CC3)cc2)C1=O	Weight	Low	-0.35798
CCC1=C(C)CN(C(=O)NCCc2ccc(S(=O)(=O)NC(=O)NC3CCC(C)CC3)cc2)C1=O	Weight	Average	-0.35033
CCC1=C(C)CN(C(=O)NCCc2ccc(S(=O)(=O)NC(=O)NC3CCC(C)CC3)cc2)C1=O	Weight	High	-0.46746
CCCC(NC(C)C(=O)N1C(C(=O)O)CC2CCCCC21)C(=O)OCC	Sex	Male	-0.15692
CCCC(NC(C)C(=O)N1C(C(=O)O)CC2CCCCC21)C(=O)OCC	Sex	Female	0.00621
CCCC(NC(C)C(=O)N1C(C(=O)O)CC2CCCCC21)C(=O)OCC	Age	Children	-0.24063
CCCC(NC(C)C(=O)N1C(C(=O)O)CC2CCCCC21)C(=O)OCC	Age	Adolescent	-0.08966
CCCC(NC(C)C(=O)N1C(C(=O)O)CC2CCCCC21)C(=O)OCC	Age	Adult	-0.06073
CCCC(NC(C)C(=O)N1C(C(=O)O)CC2CCCCC21)C(=O)OCC	Age	Elderly	-0.18451
CCCC(NC(C)C(=O)N1C(C(=O)O)CC2CCCCC21)C(=O)OCC	Weight	Low	-0.22713
CCCC(NC(C)C(=O)N1C(C(=O)O)CC2CCCCC21)C(=O)OCC	Weight	Average	-0.22781
CCCC(NC(C)C(=O)N1C(C(=O)O)CC2CCCCC21)C(=O)OCC	Weight	High	-0.15621
CCCCCN(C)CCC(O)(P(=O)(O)O)P(=O)(O)O	Sex	Male	-0.04248
CCCCCN(C)CCC(O)(P(=O)(O)O)P(=O)(O)O	Sex	Female	0.00398
CCCCCN(C)CCC(O)(P(=O)(O)O)P(=O)(O)O	Age	Children	-0.06832
CCCCCN(C)CCC(O)(P(=O)(O)O)P(=O)(O)O	Age	Adolescent	-0.09271
CCCCCN(C)CCC(O)(P(=O)(O)O)P(=O)(O)O	Age	Adult	-0.01366
CCCCCN(C)CCC(O)(P(=O)(O)O)P(=O)(O)O	Age	Elderly	-0.10888
CCCCCN(C)CCC(O)(P(=O)(O)O)P(=O)(O)O	Weight	Low	-0.27084
CCCCCN(C)CCC(O)(P(=O)(O)O)P(=O)(O)O	Weight	Average	-0.12192
CCCCCN(C)CCC(O)(P(=O)(O)O)P(=O)(O)O	Weight	High	-0.11148
CCCCCOC(=O)Nc1nc(=O)n(C2OC(C)C(O)C2O)cc1F	Sex	Male	-0.20096
CCCCCOC(=O)Nc1nc(=O)n(C2OC(C)C(O)C2O)cc1F	Sex	Female	-0.00174
CCCCCOC(=O)Nc1nc(=O)n(C2OC(C)C(O)C2O)cc1F	Age	Children	-0.26208
CCCCCOC(=O)Nc1nc(=O)n(C2OC(C)C(O)C2O)cc1F	Age	Adolescent	-0.20191
CCCCCOC(=O)Nc1nc(=O)n(C2OC(C)C(O)C2O)cc1F	Age	Adult	-0.10068
CCCCCOC(=O)Nc1nc(=O)n(C2OC(C)C(O)C2O)cc1F	Age	Elderly	-0.22033
CCCCCOC(=O)Nc1nc(=O)n(C2OC(C)C(O)C2O)cc1F	Weight	Low	-0.22389
CCCCCOC(=O)Nc1nc(=O)n(C2OC(C)C(O)C2O)cc1F	Weight	Average	-0.1819
CCCCCOC(=O)Nc1nc(=O)n(C2OC(C)C(O)C2O)cc1F	Weight	High	-0.36619
CCCCc1oc2ccc(NS(C)(=O)=O)cc2c1C(=O)c1ccc(OCCCN(CCCC)CCCC)cc1	Sex	Male	-0.0854
CCCCc1oc2ccc(NS(C)(=O)=O)cc2c1C(=O)c1ccc(OCCCN(CCCC)CCCC)cc1	Sex	Female	-0.0198
CCCCc1oc2ccc(NS(C)(=O)=O)cc2c1C(=O)c1ccc(OCCCN(CCCC)CCCC)cc1	Age	Children	-0.06216
CCCCc1oc2ccc(NS(C)(=O)=O)cc2c1C(=O)c1ccc(OCCCN(CCCC)CCCC)cc1	Age	Adolescent	-0.0852
CCCCc1oc2ccc(NS(C)(=O)=O)cc2c1C(=O)c1ccc(OCCCN(CCCC)CCCC)cc1	Age	Adult	-0.04826
CCCCc1oc2ccc(NS(C)(=O)=O)cc2c1C(=O)c1ccc(OCCCN(CCCC)CCCC)cc1	Age	Elderly	-0.09558
CCCCc1oc2ccc(NS(C)(=O)=O)cc2c1C(=O)c1ccc(OCCCN(CCCC)CCCC)cc1	Weight	Low	-0.0965
CCCCc1oc2ccc(NS(C)(=O)=O)cc2c1C(=O)c1ccc(OCCCN(CCCC)CCCC)cc1	Weight	Average	-0.00699
CCCCc1oc2ccc(NS(C)(=O)=O)cc2c1C(=O)c1ccc(OCCCN(CCCC)CCCC)cc1	Weight	High	-0.08393
CCCS(=O)(=O)Nc1ccc(F)c(C(=O)c2c[nH]c3ncc(-c4ccc(Cl)cc4)cc23)c1F	Sex	Male	-0.14285
CCCS(=O)(=O)Nc1ccc(F)c(C(=O)c2c[nH]c3ncc(-c4ccc(Cl)cc4)cc23)c1F	Sex	Female	-0.07391
CCCS(=O)(=O)Nc1ccc(F)c(C(=O)c2c[nH]c3ncc(-c4ccc(Cl)cc4)cc23)c1F	Age	Children	-0.22563
CCCS(=O)(=O)Nc1ccc(F)c(C(=O)c2c[nH]c3ncc(-c4ccc(Cl)cc4)cc23)c1F	Age	Adolescent	-0.2041
CCCS(=O)(=O)Nc1ccc(F)c(C(=O)c2c[nH]c3ncc(-c4ccc(Cl)cc4)cc23)c1F	Age	Adult	-0.13087
CCCS(=O)(=O)Nc1ccc(F)c(C(=O)c2c[nH]c3ncc(-c4ccc(Cl)cc4)cc23)c1F	Age	Elderly	-0.2286
CCCS(=O)(=O)Nc1ccc(F)c(C(=O)c2c[nH]c3ncc(-c4ccc(Cl)cc4)cc23)c1F	Weight	Low	-0.20868
CCCS(=O)(=O)Nc1ccc(F)c(C(=O)c2c[nH]c3ncc(-c4ccc(Cl)cc4)cc23)c1F	Weight	Average	-0.13163
CCCS(=O)(=O)Nc1ccc(F)c(C(=O)c2c[nH]c3ncc(-c4ccc(Cl)cc4)cc23)c1F	Weight	High	-0.25214
CCOc1cc(C(CS(C)(=O)=O)N2C(=O)c3cccc(NC(C)=O)c3C2=O)ccc1OC	Sex	Male	-0.25948
CCOc1cc(C(CS(C)(=O)=O)N2C(=O)c3cccc(NC(C)=O)c3C2=O)ccc1OC	Sex	Female	-0.05645
CCOc1cc(C(CS(C)(=O)=O)N2C(=O)c3cccc(NC(C)=O)c3C2=O)ccc1OC	Age	Children	-0.34113
CCOc1cc(C(CS(C)(=O)=O)N2C(=O)c3cccc(NC(C)=O)c3C2=O)ccc1OC	Age	Adolescent	-0.14904
CCOc1cc(C(CS(C)(=O)=O)N2C(=O)c3cccc(NC(C)=O)c3C2=O)ccc1OC	Age	Adult	-0.10537
CCOc1cc(C(CS(C)(=O)=O)N2C(=O)c3cccc(NC(C)=O)c3C2=O)ccc1OC	Age	Elderly	-0.30151
CCOc1cc(C(CS(C)(=O)=O)N2C(=O)c3cccc(NC(C)=O)c3C2=O)ccc1OC	Weight	Low	-0.36233
CCOc1cc(C(CS(C)(=O)=O)N2C(=O)c3cccc(NC(C)=O)c3C2=O)ccc1OC	Weight	Average	-0.23879
CCOc1cc(C(CS(C)(=O)=O)N2C(=O)c3cccc(NC(C)=O)c3C2=O)ccc1OC	Weight	High	-0.41476
CCOc1ccc(Cc2cc(C34OCC(CO)(O3)C(O)C(O)C4O)ccc2Cl)cc1	Sex	Male	-0.18601
CCOc1ccc(Cc2cc(C34OCC(CO)(O3)C(O)C(O)C4O)ccc2Cl)cc1	Sex	Female	-0.04133
CCOc1ccc(Cc2cc(C34OCC(CO)(O3)C(O)C(O)C4O)ccc2Cl)cc1	Age	Children	-0.24103
CCOc1ccc(Cc2cc(C34OCC(CO)(O3)C(O)C(O)C4O)ccc2Cl)cc1	Age	Adolescent	-0.15054
CCOc1ccc(Cc2cc(C34OCC(CO)(O3)C(O)C(O)C4O)ccc2Cl)cc1	Age	Adult	-0.1178
CCOc1ccc(Cc2cc(C34OCC(CO)(O3)C(O)C(O)C4O)ccc2Cl)cc1	Age	Elderly	-0.35424
CCOc1ccc(Cc2cc(C34OCC(CO)(O3)C(O)C(O)C4O)ccc2Cl)cc1	Weight	Low	-0.31145
CCOc1ccc(Cc2cc(C34OCC(CO)(O3)C(O)C(O)C4O)ccc2Cl)cc1	Weight	Average	-0.26056
CCOc1ccc(Cc2cc(C34OCC(CO)(O3)C(O)C(O)C4O)ccc2Cl)cc1	Weight	High	-0.26585
CCOc1ccc(Cc2cc(C3OC(CO)C(O)C(O)C3O)ccc2Cl)cc1	Sex	Male	-0.1905
CCOc1ccc(Cc2cc(C3OC(CO)C(O)C(O)C3O)ccc2Cl)cc1	Sex	Female	-0.02336
CCOc1ccc(Cc2cc(C3OC(CO)C(O)C(O)C3O)ccc2Cl)cc1	Age	Children	-0.22783
CCOc1ccc(Cc2cc(C3OC(CO)C(O)C(O)C3O)ccc2Cl)cc1	Age	Adolescent	-0.08633
CCOc1ccc(Cc2cc(C3OC(CO)C(O)C(O)C3O)ccc2Cl)cc1	Age	Adult	-0.11406
CCOc1ccc(Cc2cc(C3OC(CO)C(O)C(O)C3O)ccc2Cl)cc1	Age	Elderly	-0.30512
CCOc1ccc(Cc2cc(C3OC(CO)C(O)C(O)C3O)ccc2Cl)cc1	Weight	Low	-0.23494
CCOc1ccc(Cc2cc(C3OC(CO)C(O)C(O)C3O)ccc2Cl)cc1	Weight	Average	-0.2504
CCOc1ccc(Cc2cc(C3OC(CO)C(O)C(O)C3O)ccc2Cl)cc1	Weight	High	-0.31521
CCc1cc(C(C)=NOCc2ccc(C3CCCCC3)c(C(F)(F)F)c2)ccc1CN1CC(C(=O)O)C1	Sex	Male	-0.12185
CCc1cc(C(C)=NOCc2ccc(C3CCCCC3)c(C(F)(F)F)c2)ccc1CN1CC(C(=O)O)C1	Sex	Female	-0.05927
CCc1cc(C(C)=NOCc2ccc(C3CCCCC3)c(C(F)(F)F)c2)ccc1CN1CC(C(=O)O)C1	Age	Children	-0.22117
CCc1cc(C(C)=NOCc2ccc(C3CCCCC3)c(C(F)(F)F)c2)ccc1CN1CC(C(=O)O)C1	Age	Adolescent	-0.13148
CCc1cc(C(C)=NOCc2ccc(C3CCCCC3)c(C(F)(F)F)c2)ccc1CN1CC(C(=O)O)C1	Age	Adult	-0.10182
CCc1cc(C(C)=NOCc2ccc(C3CCCCC3)c(C(F)(F)F)c2)ccc1CN1CC(C(=O)O)C1	Age	Elderly	-0.21227
CCc1cc(C(C)=NOCc2ccc(C3CCCCC3)c(C(F)(F)F)c2)ccc1CN1CC(C(=O)O)C1	Weight	Low	-0.28291
CCc1cc(C(C)=NOCc2ccc(C3CCCCC3)c(C(F)(F)F)c2)ccc1CN1CC(C(=O)O)C1	Weight	Average	-0.15362
CCc1cc(C(C)=NOCc2ccc(C3CCCCC3)c(C(F)(F)F)c2)ccc1CN1CC(C(=O)O)C1	Weight	High	-0.29476
CNC(=O)c1cnn(-c2nc(N)c3ncn(C4OC(CO)C(O)C4O)c3n2)c1	Sex	Male	-0.21981
CNC(=O)c1cnn(-c2nc(N)c3ncn(C4OC(CO)C(O)C4O)c3n2)c1	Sex	Female	-0.03663
CNC(=O)c1cnn(-c2nc(N)c3ncn(C4OC(CO)C(O)C4O)c3n2)c1	Age	Children	-0.29677
CNC(=O)c1cnn(-c2nc(N)c3ncn(C4OC(CO)C(O)C4O)c3n2)c1	Age	Adolescent	-0.22174
CNC(=O)c1cnn(-c2nc(N)c3ncn(C4OC(CO)C(O)C4O)c3n2)c1	Age	Adult	-0.1502
CNC(=O)c1cnn(-c2nc(N)c3ncn(C4OC(CO)C(O)C4O)c3n2)c1	Age	Elderly	-0.28861
CNC(=O)c1cnn(-c2nc(N)c3ncn(C4OC(CO)C(O)C4O)c3n2)c1	Weight	Low	-0.41916
CNC(=O)c1cnn(-c2nc(N)c3ncn(C4OC(CO)C(O)C4O)c3n2)c1	Weight	Average	-0.35168
CNC(=O)c1cnn(-c2nc(N)c3ncn(C4OC(CO)C(O)C4O)c3n2)c1	Weight	High	-0.38419
CNCC(O)C(O)C(O)C(O)CO	Sex	Male	-0.04557
CNCC(O)C(O)C(O)C(O)CO	Sex	Female	-0.01457
CNCC(O)C(O)C(O)C(O)CO	Age	Children	-0.10694
CNCC(O)C(O)C(O)C(O)CO	Age	Adolescent	-0.0321
CNCC(O)C(O)C(O)C(O)CO	Age	Adult	-0.02555
CNCC(O)C(O)C(O)C(O)CO	Age	Elderly	-0.0781
CNCC(O)C(O)C(O)C(O)CO	Weight	Low	-0.13711
CNCC(O)C(O)C(O)C(O)CO	Weight	Average	-0.1124
CNCC(O)C(O)C(O)C(O)CO	Weight	High	-0.08822
COCCCOc1cc(CC(CC(N)C(O)CC(C(=O)NCC(C)(C)C(N)=O)C(C)C)C(C)C)ccc1OC	Sex	Male	-0.1288
COCCCOc1cc(CC(CC(N)C(O)CC(C(=O)NCC(C)(C)C(N)=O)C(C)C)C(C)C)ccc1OC	Sex	Female	-0.06428
COCCCOc1cc(CC(CC(N)C(O)CC(C(=O)NCC(C)(C)C(N)=O)C(C)C)C(C)C)ccc1OC	Age	Children	-0.30178
COCCCOc1cc(CC(CC(N)C(O)CC(C(=O)NCC(C)(C)C(N)=O)C(C)C)C(C)C)ccc1OC	Age	Adolescent	-0.12309
COCCCOc1cc(CC(CC(N)C(O)CC(C(=O)NCC(C)(C)C(N)=O)C(C)C)C(C)C)ccc1OC	Age	Adult	-0.12011
COCCCOc1cc(CC(CC(N)C(O)CC(C(=O)NCC(C)(C)C(N)=O)C(C)C)C(C)C)ccc1OC	Age	Elderly	-0.16868
COCCCOc1cc(CC(CC(N)C(O)CC(C(=O)NCC(C)(C)C(N)=O)C(C)C)C(C)C)ccc1OC	Weight	Low	-0.36208
COCCCOc1cc(CC(CC(N)C(O)CC(C(=O)NCC(C)(C)C(N)=O)C(C)C)C(C)C)ccc1OC	Weight	Average	-0.344
COCCCOc1cc(CC(CC(N)C(O)CC(C(=O)NCC(C)(C)C(N)=O)C(C)C)C(C)C)ccc1OC	Weight	High	-0.31174
COCCCOc1ccnc(CS(=O)c2nc3ccccc3[nH]2)c1C	Sex	Male	-0.07121
COCCCOc1ccnc(CS(=O)c2nc3ccccc3[nH]2)c1C	Sex	Female	-0.02316
COCCCOc1ccnc(CS(=O)c2nc3ccccc3[nH]2)c1C	Age	Children	-0.15767
COCCCOc1ccnc(CS(=O)c2nc3ccccc3[nH]2)c1C	Age	Adolescent	-0.06539
COCCCOc1ccnc(CS(=O)c2nc3ccccc3[nH]2)c1C	Age	Adult	-0.06519
COCCCOc1ccnc(CS(=O)c2nc3ccccc3[nH]2)c1C	Age	Elderly	-0.13032
COCCCOc1ccnc(CS(=O)c2nc3ccccc3[nH]2)c1C	Weight	Low	-0.23333
COCCCOc1ccnc(CS(=O)c2nc3ccccc3[nH]2)c1C	Weight	Average	-0.08164
COCCCOc1ccnc(CS(=O)c2nc3ccccc3[nH]2)c1C	Weight	High	-0.24645
COc1cc(N2CCC(N3CCN(C)CC3)CC2)ccc1Nc1ncc(Cl)c(Nc2ccccc2P(C)(C)=O)n1	Sex	Male	-0.16463
COc1cc(N2CCC(N3CCN(C)CC3)CC2)ccc1Nc1ncc(Cl)c(Nc2ccccc2P(C)(C)=O)n1	Sex	Female	-0.02633
COc1cc(N2CCC(N3CCN(C)CC3)CC2)ccc1Nc1ncc(Cl)c(Nc2ccccc2P(C)(C)=O)n1	Age	Children	-0.13337
COc1cc(N2CCC(N3CCN(C)CC3)CC2)ccc1Nc1ncc(Cl)c(Nc2ccccc2P(C)(C)=O)n1	Age	Adolescent	-0.07624
COc1cc(N2CCC(N3CCN(C)CC3)CC2)ccc1Nc1ncc(Cl)c(Nc2ccccc2P(C)(C)=O)n1	Age	Adult	-0.09108
COc1cc(N2CCC(N3CCN(C)CC3)CC2)ccc1Nc1ncc(Cl)c(Nc2ccccc2P(C)(C)=O)n1	Age	Elderly	-0.28455
COc1cc(N2CCC(N3CCN(C)CC3)CC2)ccc1Nc1ncc(Cl)c(Nc2ccccc2P(C)(C)=O)n1	Weight	Low	-0.29916
COc1cc(N2CCC(N3CCN(C)CC3)CC2)ccc1Nc1ncc(Cl)c(Nc2ccccc2P(C)(C)=O)n1	Weight	Average	-0.32796
COc1cc(N2CCC(N3CCN(C)CC3)CC2)ccc1Nc1ncc(Cl)c(Nc2ccccc2P(C)(C)=O)n1	Weight	High	-0.23519
COc1ccc(CC(C)(C)NCC(O)c2cc(O)cc3c2OCC(=O)N3)cc1	Sex	Male	-0.1064
COc1ccc(CC(C)(C)NCC(O)c2cc(O)cc3c2OCC(=O)N3)cc1	Sex	Female	-0.02764
COc1ccc(CC(C)(C)NCC(O)c2cc(O)cc3c2OCC(=O)N3)cc1	Age	Children	-0.14777
COc1ccc(CC(C)(C)NCC(O)c2cc(O)cc3c2OCC(=O)N3)cc1	Age	Adolescent	-0.12028
COc1ccc(CC(C)(C)NCC(O)c2cc(O)cc3c2OCC(=O)N3)cc1	Age	Adult	-0.07358
COc1ccc(CC(C)(C)NCC(O)c2cc(O)cc3c2OCC(=O)N3)cc1	Age	Elderly	-0.12914
COc1ccc(CC(C)(C)NCC(O)c2cc(O)cc3c2OCC(=O)N3)cc1	Weight	Low	-0.20302
COc1ccc(CC(C)(C)NCC(O)c2cc(O)cc3c2OCC(=O)N3)cc1	Weight	Average	-0.14688
COc1ccc(CC(C)(C)NCC(O)c2cc(O)cc3c2OCC(=O)N3)cc1	Weight	High	-0.2779
COc1ccc2c(OC3CC4C(=O)NC5(C(=O)NS(=O)(=O)C6CC6)CC5C=CCCCCN(C)C(=O)C4C3)cc(-c3nc(C(C)C)cs3)nc2c1C	Sex	Male	-0.15996
COc1ccc2c(OC3CC4C(=O)NC5(C(=O)NS(=O)(=O)C6CC6)CC5C=CCCCCN(C)C(=O)C4C3)cc(-c3nc(C(C)C)cs3)nc2c1C	Sex	Female	-0.01803
COc1ccc2c(OC3CC4C(=O)NC5(C(=O)NS(=O)(=O)C6CC6)CC5C=CCCCCN(C)C(=O)C4C3)cc(-c3nc(C(C)C)cs3)nc2c1C	Age	Children	-0.1804
COc1ccc2c(OC3CC4C(=O)NC5(C(=O)NS(=O)(=O)C6CC6)CC5C=CCCCCN(C)C(=O)C4C3)cc(-c3nc(C(C)C)cs3)nc2c1C	Age	Adolescent	-0.16095
COc1ccc2c(OC3CC4C(=O)NC5(C(=O)NS(=O)(=O)C6CC6)CC5C=CCCCCN(C)C(=O)C4C3)cc(-c3nc(C(C)C)cs3)nc2c1C	Age	Adult	-0.07619
COc1ccc2c(OC3CC4C(=O)NC5(C(=O)NS(=O)(=O)C6CC6)CC5C=CCCCCN(C)C(=O)C4C3)cc(-c3nc(C(C)C)cs3)nc2c1C	Age	Elderly	-0.13314
COc1ccc2c(OC3CC4C(=O)NC5(C(=O)NS(=O)(=O)C6CC6)CC5C=CCCCCN(C)C(=O)C4C3)cc(-c3nc(C(C)C)cs3)nc2c1C	Weight	Low	-0.16664
COc1ccc2c(OC3CC4C(=O)NC5(C(=O)NS(=O)(=O)C6CC6)CC5C=CCCCCN(C)C(=O)C4C3)cc(-c3nc(C(C)C)cs3)nc2c1C	Weight	Average	-0.16454
COc1ccc2c(OC3CC4C(=O)NC5(C(=O)NS(=O)(=O)C6CC6)CC5C=CCCCCN(C)C(=O)C4C3)cc(-c3nc(C(C)C)cs3)nc2c1C	Weight	High	-0.22794
COc1ccccc1OCC(O)CN1CCN(CC(=O)Nc2c(C)cccc2C)CC1	Sex	Male	-0.05549
COc1ccccc1OCC(O)CN1CCN(CC(=O)Nc2c(C)cccc2C)CC1	Sex	Female	-0.02
COc1ccccc1OCC(O)CN1CCN(CC(=O)Nc2c(C)cccc2C)CC1	Age	Children	-0.1579
COc1ccccc1OCC(O)CN1CCN(CC(=O)Nc2c(C)cccc2C)CC1	Age	Adolescent	-0.05714
COc1ccccc1OCC(O)CN1CCN(CC(=O)Nc2c(C)cccc2C)CC1	Age	Adult	-0.03901
COc1ccccc1OCC(O)CN1CCN(CC(=O)Nc2c(C)cccc2C)CC1	Age	Elderly	-0.11219
COc1ccccc1OCC(O)CN1CCN(CC(=O)Nc2c(C)cccc2C)CC1	Weight	Low	-0.20184
COc1ccccc1OCC(O)CN1CCN(CC(=O)Nc2c(C)cccc2C)CC1	Weight	Average	-0.33206
COc1ccccc1OCC(O)CN1CCN(CC(=O)Nc2c(C)cccc2C)CC1	Weight	High	-0.24958
Cc1cc(C=CC#N)cc(C)c1Nc1ccnc(Nc2ccc(C#N)cc2)n1	Sex	Male	-0.18802
Cc1cc(C=CC#N)cc(C)c1Nc1ccnc(Nc2ccc(C#N)cc2)n1	Sex	Female	-0.10749
Cc1cc(C=CC#N)cc(C)c1Nc1ccnc(Nc2ccc(C#N)cc2)n1	Age	Children	-0.21132
Cc1cc(C=CC#N)cc(C)c1Nc1ccnc(Nc2ccc(C#N)cc2)n1	Age	Adolescent	-0.219
Cc1cc(C=CC#N)cc(C)c1Nc1ccnc(Nc2ccc(C#N)cc2)n1	Age	Adult	-0.21611
Cc1cc(C=CC#N)cc(C)c1Nc1ccnc(Nc2ccc(C#N)cc2)n1	Age	Elderly	-0.17731
Cc1cc(C=CC#N)cc(C)c1Nc1ccnc(Nc2ccc(C#N)cc2)n1	Weight	Low	-0.24797
Cc1cc(C=CC#N)cc(C)c1Nc1ccnc(Nc2ccc(C#N)cc2)n1	Weight	Average	-0.23486
Cc1cc(C=CC#N)cc(C)c1Nc1ccnc(Nc2ccc(C#N)cc2)n1	Weight	High	-0.19436
Cc1ccc(C2OC(CO)C(O)C(O)C2O)cc1Cc1ccc(-c2ccc(F)cc2)s1	Sex	Male	-0.11479
Cc1ccc(C2OC(CO)C(O)C(O)C2O)cc1Cc1ccc(-c2ccc(F)cc2)s1	Sex	Female	-0.04434
Cc1ccc(C2OC(CO)C(O)C(O)C2O)cc1Cc1ccc(-c2ccc(F)cc2)s1	Age	Children	-0.16786
Cc1ccc(C2OC(CO)C(O)C(O)C2O)cc1Cc1ccc(-c2ccc(F)cc2)s1	Age	Adolescent	-0.0905
Cc1ccc(C2OC(CO)C(O)C(O)C2O)cc1Cc1ccc(-c2ccc(F)cc2)s1	Age	Adult	-0.10159
Cc1ccc(C2OC(CO)C(O)C(O)C2O)cc1Cc1ccc(-c2ccc(F)cc2)s1	Age	Elderly	-0.19478
Cc1ccc(C2OC(CO)C(O)C(O)C2O)cc1Cc1ccc(-c2ccc(F)cc2)s1	Weight	Low	-0.26343
Cc1ccc(C2OC(CO)C(O)C(O)C2O)cc1Cc1ccc(-c2ccc(F)cc2)s1	Weight	Average	-0.2062
Cc1ccc(C2OC(CO)C(O)C(O)C2O)cc1Cc1ccc(-c2ccc(F)cc2)s1	Weight	High	-0.47876
Cc1ccc(Nc2nccc(N(C)c3ccc4c(C)n(C)nc4c3)n2)cc1S(N)(=O)=O	Sex	Male	-0.22109
Cc1ccc(Nc2nccc(N(C)c3ccc4c(C)n(C)nc4c3)n2)cc1S(N)(=O)=O	Sex	Female	-0.05019
Cc1ccc(Nc2nccc(N(C)c3ccc4c(C)n(C)nc4c3)n2)cc1S(N)(=O)=O	Age	Children	-0.164
Cc1ccc(Nc2nccc(N(C)c3ccc4c(C)n(C)nc4c3)n2)cc1S(N)(=O)=O	Age	Adolescent	-0.15204
Cc1ccc(Nc2nccc(N(C)c3ccc4c(C)n(C)nc4c3)n2)cc1S(N)(=O)=O	Age	Adult	-0.12411
Cc1ccc(Nc2nccc(N(C)c3ccc4c(C)n(C)nc4c3)n2)cc1S(N)(=O)=O	Age	Elderly	-0.28245
Cc1ccc(Nc2nccc(N(C)c3ccc4c(C)n(C)nc4c3)n2)cc1S(N)(=O)=O	Weight	Low	-0.23128
Cc1ccc(Nc2nccc(N(C)c3ccc4c(C)n(C)nc4c3)n2)cc1S(N)(=O)=O	Weight	Average	-0.18494
Cc1ccc(Nc2nccc(N(C)c3ccc4c(C)n(C)nc4c3)n2)cc1S(N)(=O)=O	Weight	High	-0.25613
Cc1nnc(SCC2=C(C(=O)O)N3C(=O)C(NC(=O)Cn4cnnn4)C3SC2)s1	Sex	Male	-0.23907
Cc1nnc(SCC2=C(C(=O)O)N3C(=O)C(NC(=O)Cn4cnnn4)C3SC2)s1	Sex	Female	-0.00496
Cc1nnc(SCC2=C(C(=O)O)N3C(=O)C(NC(=O)Cn4cnnn4)C3SC2)s1	Age	Children	-0.27297
Cc1nnc(SCC2=C(C(=O)O)N3C(=O)C(NC(=O)Cn4cnnn4)C3SC2)s1	Age	Adolescent	-0.17852
Cc1nnc(SCC2=C(C(=O)O)N3C(=O)C(NC(=O)Cn4cnnn4)C3SC2)s1	Age	Adult	-0.13622
Cc1nnc(SCC2=C(C(=O)O)N3C(=O)C(NC(=O)Cn4cnnn4)C3SC2)s1	Age	Elderly	-0.20382
Cc1nnc(SCC2=C(C(=O)O)N3C(=O)C(NC(=O)Cn4cnnn4)C3SC2)s1	Weight	Low	-0.33262
Cc1nnc(SCC2=C(C(=O)O)N3C(=O)C(NC(=O)Cn4cnnn4)C3SC2)s1	Weight	Average	-0.36528
Cc1nnc(SCC2=C(C(=O)O)N3C(=O)C(NC(=O)Cn4cnnn4)C3SC2)s1	Weight	High	-0.44229
N#CC1CC2CC2N1C(=O)C(N)C12CC3CC(CC(O)(C3)C1)C2	Sex	Male	-0.15157
N#CC1CC2CC2N1C(=O)C(N)C12CC3CC(CC(O)(C3)C1)C2	Sex	Female	-0.02006
N#CC1CC2CC2N1C(=O)C(N)C12CC3CC(CC(O)(C3)C1)C2	Age	Children	-0.28837
N#CC1CC2CC2N1C(=O)C(N)C12CC3CC(CC(O)(C3)C1)C2	Age	Adolescent	-0.11166
N#CC1CC2CC2N1C(=O)C(N)C12CC3CC(CC(O)(C3)C1)C2	Age	Adult	-0.12825
N#CC1CC2CC2N1C(=O)C(N)C12CC3CC(CC(O)(C3)C1)C2	Age	Elderly	-0.26029
N#CC1CC2CC2N1C(=O)C(N)C12CC3CC(CC(O)(C3)C1)C2	Weight	Low	-0.35661
N#CC1CC2CC2N1C(=O)C(N)C12CC3CC(CC(O)(C3)C1)C2	Weight	Average	-0.34095
N#CC1CC2CC2N1C(=O)C(N)C12CC3CC(CC(O)(C3)C1)C2	Weight	High	-0.30485
N#Cc1cccc(C(NCC2CC2)c2ccc(F)c(NC(=O)c3cc(C(F)(F)F)nn3-c3cccc(CN)c3)c2)c1	Sex	Male	-0.1564
N#Cc1cccc(C(NCC2CC2)c2ccc(F)c(NC(=O)c3cc(C(F)(F)F)nn3-c3cccc(CN)c3)c2)c1	Sex	Female	-0.07744
N#Cc1cccc(C(NCC2CC2)c2ccc(F)c(NC(=O)c3cc(C(F)(F)F)nn3-c3cccc(CN)c3)c2)c1	Age	Children	-0.22458
N#Cc1cccc(C(NCC2CC2)c2ccc(F)c(NC(=O)c3cc(C(F)(F)F)nn3-c3cccc(CN)c3)c2)c1	Age	Adolescent	-0.08559
N#Cc1cccc(C(NCC2CC2)c2ccc(F)c(NC(=O)c3cc(C(F)(F)F)nn3-c3cccc(CN)c3)c2)c1	Age	Adult	-0.11922
N#Cc1cccc(C(NCC2CC2)c2ccc(F)c(NC(=O)c3cc(C(F)(F)F)nn3-c3cccc(CN)c3)c2)c1	Age	Elderly	-0.22564
N#Cc1cccc(C(NCC2CC2)c2ccc(F)c(NC(=O)c3cc(C(F)(F)F)nn3-c3cccc(CN)c3)c2)c1	Weight	Low	-0.23229
N#Cc1cccc(C(NCC2CC2)c2ccc(F)c(NC(=O)c3cc(C(F)(F)F)nn3-c3cccc(CN)c3)c2)c1	Weight	Average	-0.09417
N#Cc1cccc(C(NCC2CC2)c2ccc(F)c(NC(=O)c3cc(C(F)(F)F)nn3-c3cccc(CN)c3)c2)c1	Weight	High	-0.25028
N=C1CCCN1Cc1[nH]c(=O)[nH]c(=O)c1Cl	Sex	Male	-0.13219
N=C1CCCN1Cc1[nH]c(=O)[nH]c(=O)c1Cl	Sex	Female	-0.00385
N=C1CCCN1Cc1[nH]c(=O)[nH]c(=O)c1Cl	Age	Children	-0.19662
N=C1CCCN1Cc1[nH]c(=O)[nH]c(=O)c1Cl	Age	Adolescent	-0.1659
N=C1CCCN1Cc1[nH]c(=O)[nH]c(=O)c1Cl	Age	Adult	-0.11194
N=C1CCCN1Cc1[nH]c(=O)[nH]c(=O)c1Cl	Age	Elderly	-0.17544
N=C1CCCN1Cc1[nH]c(=O)[nH]c(=O)c1Cl	Weight	Low	-0.30865
N=C1CCCN1Cc1[nH]c(=O)[nH]c(=O)c1Cl	Weight	Average	-0.3729
N=C1CCCN1Cc1[nH]c(=O)[nH]c(=O)c1Cl	Weight	High	-0.4299
NC(C(=O)O)C(O)c1ccc(O)c(O)c1	Sex	Male	-0.13795
NC(C(=O)O)C(O)c1ccc(O)c(O)c1	Sex	Female	-0.05005
NC(C(=O)O)C(O)c1ccc(O)c(O)c1	Age	Children	-0.18419
NC(C(=O)O)C(O)c1ccc(O)c(O)c1	Age	Adolescent	-0.00698
NC(C(=O)O)C(O)c1ccc(O)c(O)c1	Age	Adult	-0.06051
NC(C(=O)O)C(O)c1ccc(O)c(O)c1	Age	Elderly	-0.31512
NC(C(=O)O)C(O)c1ccc(O)c(O)c1	Weight	Low	-0.39873
NC(C(=O)O)C(O)c1ccc(O)c(O)c1	Weight	Average	-0.44771
NC(C(=O)O)C(O)c1ccc(O)c(O)c1	Weight	High	-0.50448
NC(CC(=O)N1CCn2c(nnc2C(F)(F)F)C1)Cc1cc(F)c(F)cc1F	Sex	Male	-0.23981
NC(CC(=O)N1CCn2c(nnc2C(F)(F)F)C1)Cc1cc(F)c(F)cc1F	Sex	Female	-0.04485
NC(CC(=O)N1CCn2c(nnc2C(F)(F)F)C1)Cc1cc(F)c(F)cc1F	Age	Children	-0.30702
NC(CC(=O)N1CCn2c(nnc2C(F)(F)F)C1)Cc1cc(F)c(F)cc1F	Age	Adolescent	-0.05601
NC(CC(=O)N1CCn2c(nnc2C(F)(F)F)C1)Cc1cc(F)c(F)cc1F	Age	Adult	-0.11028
NC(CC(=O)N1CCn2c(nnc2C(F)(F)F)C1)Cc1cc(F)c(F)cc1F	Age	Elderly	-0.35943
NC(CC(=O)N1CCn2c(nnc2C(F)(F)F)C1)Cc1cc(F)c(F)cc1F	Weight	Low	-0.29616
NC(CC(=O)N1CCn2c(nnc2C(F)(F)F)C1)Cc1cc(F)c(F)cc1F	Weight	Average	-0.26084
NC(CC(=O)N1CCn2c(nnc2C(F)(F)F)C1)Cc1cc(F)c(F)cc1F	Weight	High	-0.35452
NC(Cc1ccc(O)c(O)c1)C(=O)O	Sex	Male	-0.13775
NC(Cc1ccc(O)c(O)c1)C(=O)O	Sex	Female	-0.0282
NC(Cc1ccc(O)c(O)c1)C(=O)O	Age	Children	-0.23635
NC(Cc1ccc(O)c(O)c1)C(=O)O	Age	Adolescent	-0.03246
NC(Cc1ccc(O)c(O)c1)C(=O)O	Age	Adult	-0.06584
NC(Cc1ccc(O)c(O)c1)C(=O)O	Age	Elderly	-0.24417
NC(Cc1ccc(O)c(O)c1)C(=O)O	Weight	Low	-0.49027
NC(Cc1ccc(O)c(O)c1)C(=O)O	Weight	Average	-0.44534
NC(Cc1ccc(O)c(O)c1)C(=O)O	Weight	High	-0.52333
Nc1cccc2c1C(=O)N(C1CCC(=O)NC1=O)C2=O	Sex	Male	-0.116
Nc1cccc2c1C(=O)N(C1CCC(=O)NC1=O)C2=O	Sex	Female	-0.05885
Nc1cccc2c1C(=O)N(C1CCC(=O)NC1=O)C2=O	Age	Children	-0.18471
Nc1cccc2c1C(=O)N(C1CCC(=O)NC1=O)C2=O	Age	Adolescent	-0.18219
Nc1cccc2c1C(=O)N(C1CCC(=O)NC1=O)C2=O	Age	Adult	-0.11936
Nc1cccc2c1C(=O)N(C1CCC(=O)NC1=O)C2=O	Age	Elderly	-0.41142
Nc1cccc2c1C(=O)N(C1CCC(=O)NC1=O)C2=O	Weight	Low	-0.52011
Nc1cccc2c1C(=O)N(C1CCC(=O)NC1=O)C2=O	Weight	Average	-0.49535
Nc1cccc2c1C(=O)N(C1CCC(=O)NC1=O)C2=O	Weight	High	-0.63146
Nc1cccc2c1CN(C1CCC(=O)NC1=O)C2=O	Sex	Male	-0.11913
Nc1cccc2c1CN(C1CCC(=O)NC1=O)C2=O	Sex	Female	-0.03792
Nc1cccc2c1CN(C1CCC(=O)NC1=O)C2=O	Age	Children	-0.22094
Nc1cccc2c1CN(C1CCC(=O)NC1=O)C2=O	Age	Adolescent	-0.22603
Nc1cccc2c1CN(C1CCC(=O)NC1=O)C2=O	Age	Adult	-0.1151
Nc1cccc2c1CN(C1CCC(=O)NC1=O)C2=O	Age	Elderly	-0.39011
Nc1cccc2c1CN(C1CCC(=O)NC1=O)C2=O	Weight	Low	-0.51959
Nc1cccc2c1CN(C1CCC(=O)NC1=O)C2=O	Weight	Average	-0.43151
Nc1cccc2c1CN(C1CCC(=O)NC1=O)C2=O	Weight	High	-0.62361
Nc1ncn(C2CC(O)C(CO)O2)c(=O)n1	Sex	Male	-0.21091
Nc1ncn(C2CC(O)C(CO)O2)c(=O)n1	Sex	Female	0.03272
Nc1ncn(C2CC(O)C(CO)O2)c(=O)n1	Age	Children	-0.24728
Nc1ncn(C2CC(O)C(CO)O2)c(=O)n1	Age	Adolescent	-0.18314
Nc1ncn(C2CC(O)C(CO)O2)c(=O)n1	Age	Adult	-0.1553
Nc1ncn(C2CC(O)C(CO)O2)c(=O)n1	Age	Elderly	-0.37211
Nc1ncn(C2CC(O)C(CO)O2)c(=O)n1	Weight	Low	-0.33741
Nc1ncn(C2CC(O)C(CO)O2)c(=O)n1	Weight	Average	-0.20183
Nc1ncn(C2CC(O)C(CO)O2)c(=O)n1	Weight	High	-0.31903
O=C(c1ccc(F)c(F)c1Nc1ccc(I)cc1F)N1CC(O)(C2CCCCN2)C1	Sex	Male	-0.16286
O=C(c1ccc(F)c(F)c1Nc1ccc(I)cc1F)N1CC(O)(C2CCCCN2)C1	Sex	Female	-0.12542
O=C(c1ccc(F)c(F)c1Nc1ccc(I)cc1F)N1CC(O)(C2CCCCN2)C1	Age	Children	-0.25702
O=C(c1ccc(F)c(F)c1Nc1ccc(I)cc1F)N1CC(O)(C2CCCCN2)C1	Age	Adolescent	-0.21491
O=C(c1ccc(F)c(F)c1Nc1ccc(I)cc1F)N1CC(O)(C2CCCCN2)C1	Age	Adult	-0.20909
O=C(c1ccc(F)c(F)c1Nc1ccc(I)cc1F)N1CC(O)(C2CCCCN2)C1	Age	Elderly	-0.29339
O=C(c1ccc(F)c(F)c1Nc1ccc(I)cc1F)N1CC(O)(C2CCCCN2)C1	Weight	Low	-0.39304
O=C(c1ccc(F)c(F)c1Nc1ccc(I)cc1F)N1CC(O)(C2CCCCN2)C1	Weight	Average	-0.41643
O=C(c1ccc(F)c(F)c1Nc1ccc(I)cc1F)N1CC(O)(C2CCCCN2)C1	Weight	High	-0.47192
O=C1CCc2cc(OCCCCc3nnnn3C3CCCCC3)ccc2N1	Sex	Male	-0.07949
O=C1CCc2cc(OCCCCc3nnnn3C3CCCCC3)ccc2N1	Sex	Female	-0.00692
O=C1CCc2cc(OCCCCc3nnnn3C3CCCCC3)ccc2N1	Age	Children	-0.16956
O=C1CCc2cc(OCCCCc3nnnn3C3CCCCC3)ccc2N1	Age	Adolescent	-0.1662
O=C1CCc2cc(OCCCCc3nnnn3C3CCCCC3)ccc2N1	Age	Adult	-0.08682
O=C1CCc2cc(OCCCCc3nnnn3C3CCCCC3)ccc2N1	Age	Elderly	-0.21648
O=C1CCc2cc(OCCCCc3nnnn3C3CCCCC3)ccc2N1	Weight	Low	-0.24899
O=C1CCc2cc(OCCCCc3nnnn3C3CCCCC3)ccc2N1	Weight	Average	-0.19342
O=C1CCc2cc(OCCCCc3nnnn3C3CCCCC3)ccc2N1	Weight	High	-0.37804
O=C1c2cccc3c2C(CCC3)CN1C1CN2CCC1CC2	Sex	Male	-0.14932
O=C1c2cccc3c2C(CCC3)CN1C1CN2CCC1CC2	Sex	Female	0.00079
O=C1c2cccc3c2C(CCC3)CN1C1CN2CCC1CC2	Age	Children	-0.15551
O=C1c2cccc3c2C(CCC3)CN1C1CN2CCC1CC2	Age	Adolescent	-0.11589
O=C1c2cccc3c2C(CCC3)CN1C1CN2CCC1CC2	Age	Adult	-0.12108
O=C1c2cccc3c2C(CCC3)CN1C1CN2CCC1CC2	Age	Elderly	-0.22995
O=C1c2cccc3c2C(CCC3)CN1C1CN2CCC1CC2	Weight	Low	-0.28489
O=C1c2cccc3c2C(CCC3)CN1C1CN2CCC1CC2	Weight	Average	-0.27404
O=C1c2cccc3c2C(CCC3)CN1C1CN2CCC1CC2	Weight	High	-0.3065
O=c1[nH]c(=O)n(C2CC(O)C(CO)O2)cc1C(F)(F)F	Sex	Male	-0.16698
O=c1[nH]c(=O)n(C2CC(O)C(CO)O2)cc1C(F)(F)F	Sex	Female	-0.02625
O=c1[nH]c(=O)n(C2CC(O)C(CO)O2)cc1C(F)(F)F	Age	Children	-0.21079
O=c1[nH]c(=O)n(C2CC(O)C(CO)O2)cc1C(F)(F)F	Age	Adolescent	-0.17047
O=c1[nH]c(=O)n(C2CC(O)C(CO)O2)cc1C(F)(F)F	Age	Adult	-0.18645
O=c1[nH]c(=O)n(C2CC(O)C(CO)O2)cc1C(F)(F)F	Age	Elderly	-0.2168
O=c1[nH]c(=O)n(C2CC(O)C(CO)O2)cc1C(F)(F)F	Weight	Low	-0.3885
O=c1[nH]c(=O)n(C2CC(O)C(CO)O2)cc1C(F)(F)F	Weight	Average	-0.24299
O=c1[nH]c(=O)n(C2CC(O)C(CO)O2)cc1C(F)(F)F	Weight	High	-0.49423
OCC1OC(c2ccc(Cl)c(Cc3ccc(OC4CCOC4)cc3)c2)C(O)C(O)C1O	Sex	Male	-0.10409
OCC1OC(c2ccc(Cl)c(Cc3ccc(OC4CCOC4)cc3)c2)C(O)C(O)C1O	Sex	Female	-0.01712
OCC1OC(c2ccc(Cl)c(Cc3ccc(OC4CCOC4)cc3)c2)C(O)C(O)C1O	Age	Children	-0.09613
OCC1OC(c2ccc(Cl)c(Cc3ccc(OC4CCOC4)cc3)c2)C(O)C(O)C1O	Age	Adolescent	-0.0555
OCC1OC(c2ccc(Cl)c(Cc3ccc(OC4CCOC4)cc3)c2)C(O)C(O)C1O	Age	Adult	-0.07955
OCC1OC(c2ccc(Cl)c(Cc3ccc(OC4CCOC4)cc3)c2)C(O)C(O)C1O	Age	Elderly	-0.23033
OCC1OC(c2ccc(Cl)c(Cc3ccc(OC4CCOC4)cc3)c2)C(O)C(O)C1O	Weight	Low	-0.20067
OCC1OC(c2ccc(Cl)c(Cc3ccc(OC4CCOC4)cc3)c2)C(O)C(O)C1O	Weight	Average	-0.2223
OCC1OC(c2ccc(Cl)c(Cc3ccc(OC4CCOC4)cc3)c2)C(O)C(O)C1O	Weight	High	-0.3149
CC(=O)NC(CS)C(=O)O	Sex	Male	-0.11004
CC(=O)NC(CS)C(=O)O	Sex	Female	-0.01738
CC(=O)NC(CS)C(=O)O	Age	Children	-0.22043
CC(=O)NC(CS)C(=O)O	Age	Adolescent	-0.08889
CC(=O)NC(CS)C(=O)O	Age	Adult	-0.01947
CC(=O)NC(CS)C(=O)O	Age	Elderly	-0.08747
CC(=O)NC(CS)C(=O)O	Weight	Low	-0.38237
CC(=O)NC(CS)C(=O)O	Weight	Average	-0.32461
CC(=O)NC(CS)C(=O)O	Weight	High	-0.24988
CCC(=O)NCC1CC1c1cccc2c1CCO2	Sex	Male	-0.12358
CCC(=O)NCC1CC1c1cccc2c1CCO2	Sex	Female	-0.01095
CCC(=O)NCC1CC1c1cccc2c1CCO2	Age	Children	-0.07123
CCC(=O)NCC1CC1c1cccc2c1CCO2	Age	Adolescent	-0.17117
CCC(=O)NCC1CC1c1cccc2c1CCO2	Age	Adult	-0.04741
CCC(=O)NCC1CC1c1cccc2c1CCO2	Age	Elderly	-0.24765
CCC(=O)NCC1CC1c1cccc2c1CCO2	Weight	Low	-0.3496
CCC(=O)NCC1CC1c1cccc2c1CCO2	Weight	Average	-0.24325
CCC(=O)NCC1CC1c1cccc2c1CCO2	Weight	High	-0.36426
CCCCCCCCCCCC(CC1OC(=O)C1CCCCCC)OC(=O)C(CC(C)C)NC=O	Sex	Male	-0.25409
CCCCCCCCCCCC(CC1OC(=O)C1CCCCCC)OC(=O)C(CC(C)C)NC=O	Sex	Female	-0.01289
CCCCCCCCCCCC(CC1OC(=O)C1CCCCCC)OC(=O)C(CC(C)C)NC=O	Age	Children	-0.31603
CCCCCCCCCCCC(CC1OC(=O)C1CCCCCC)OC(=O)C(CC(C)C)NC=O	Age	Adolescent	-0.21425
CCCCCCCCCCCC(CC1OC(=O)C1CCCCCC)OC(=O)C(CC(C)C)NC=O	Age	Adult	-0.05513
CCCCCCCCCCCC(CC1OC(=O)C1CCCCCC)OC(=O)C(CC(C)C)NC=O	Age	Elderly	-0.18553
CCCCCCCCCCCC(CC1OC(=O)C1CCCCCC)OC(=O)C(CC(C)C)NC=O	Weight	Low	-0.27362
CCCCCCCCCCCC(CC1OC(=O)C1CCCCCC)OC(=O)C(CC(C)C)NC=O	Weight	Average	-0.2786
CCCCCCCCCCCC(CC1OC(=O)C1CCCCCC)OC(=O)C(CC(C)C)NC=O	Weight	High	-0.37138
CCNC1CN(CCCOC)S(=O)(=O)c2sc(S(N)(=O)=O)cc21	Sex	Male	-0.22344
CCNC1CN(CCCOC)S(=O)(=O)c2sc(S(N)(=O)=O)cc21	Sex	Female	-0.01337
CCNC1CN(CCCOC)S(=O)(=O)c2sc(S(N)(=O)=O)cc21	Age	Children	-0.22624
CCNC1CN(CCCOC)S(=O)(=O)c2sc(S(N)(=O)=O)cc21	Age	Adolescent	-0.14057
CCNC1CN(CCCOC)S(=O)(=O)c2sc(S(N)(=O)=O)cc21	Age	Adult	-0.09066
CCNC1CN(CCCOC)S(=O)(=O)c2sc(S(N)(=O)=O)cc21	Age	Elderly	-0.34246
CCNC1CN(CCCOC)S(=O)(=O)c2sc(S(N)(=O)=O)cc21	Weight	Low	-0.21007
CCNC1CN(CCCOC)S(=O)(=O)c2sc(S(N)(=O)=O)cc21	Weight	Average	-0.19896
CCNC1CN(CCCOC)S(=O)(=O)c2sc(S(N)(=O)=O)cc21	Weight	High	-0.29109
COc1cc2c(cc1OC)C1CC(OC(=O)C(N)C(C)C)C(CC(C)C)CN1CC2	Sex	Male	-0.21062
COc1cc2c(cc1OC)C1CC(OC(=O)C(N)C(C)C)C(CC(C)C)CN1CC2	Sex	Female	-0.03538
COc1cc2c(cc1OC)C1CC(OC(=O)C(N)C(C)C)C(CC(C)C)CN1CC2	Age	Children	-0.3574
COc1cc2c(cc1OC)C1CC(OC(=O)C(N)C(C)C)C(CC(C)C)CN1CC2	Age	Adolescent	-0.11049
COc1cc2c(cc1OC)C1CC(OC(=O)C(N)C(C)C)C(CC(C)C)CN1CC2	Age	Adult	-0.0365
COc1cc2c(cc1OC)C1CC(OC(=O)C(N)C(C)C)C(CC(C)C)CN1CC2	Age	Elderly	-0.30016
COc1cc2c(cc1OC)C1CC(OC(=O)C(N)C(C)C)C(CC(C)C)CN1CC2	Weight	Low	-0.31971
COc1cc2c(cc1OC)C1CC(OC(=O)C(N)C(C)C)C(CC(C)C)CN1CC2	Weight	Average	-0.36324
COc1cc2c(cc1OC)C1CC(OC(=O)C(N)C(C)C)C(CC(C)C)CN1CC2	Weight	High	-0.33959
Cc1cc(C#N)cc(C)c1Oc1nc(Nc2ccc(C#N)cc2)nc(N)c1Br	Sex	Male	-0.23349
Cc1cc(C#N)cc(C)c1Oc1nc(Nc2ccc(C#N)cc2)nc(N)c1Br	Sex	Female	-0.07235
Cc1cc(C#N)cc(C)c1Oc1nc(Nc2ccc(C#N)cc2)nc(N)c1Br	Age	Children	-0.22305
Cc1cc(C#N)cc(C)c1Oc1nc(Nc2ccc(C#N)cc2)nc(N)c1Br	Age	Adolescent	-0.14073
Cc1cc(C#N)cc(C)c1Oc1nc(Nc2ccc(C#N)cc2)nc(N)c1Br	Age	Adult	-0.13518
Cc1cc(C#N)cc(C)c1Oc1nc(Nc2ccc(C#N)cc2)nc(N)c1Br	Age	Elderly	-0.2942
Cc1cc(C#N)cc(C)c1Oc1nc(Nc2ccc(C#N)cc2)nc(N)c1Br	Weight	Low	-0.29406
Cc1cc(C#N)cc(C)c1Oc1nc(Nc2ccc(C#N)cc2)nc(N)c1Br	Weight	Average	-0.3148
Cc1cc(C#N)cc(C)c1Oc1nc(Nc2ccc(C#N)cc2)nc(N)c1Br	Weight	High	-0.38458
Cc1cccc(Nc2ccncc2S(=O)(=O)NC(=O)NC(C)C)c1	Sex	Male	-0.25922
Cc1cccc(Nc2ccncc2S(=O)(=O)NC(=O)NC(C)C)c1	Sex	Female	-0.13004
Cc1cccc(Nc2ccncc2S(=O)(=O)NC(=O)NC(C)C)c1	Age	Children	-0.30552
Cc1cccc(Nc2ccncc2S(=O)(=O)NC(=O)NC(C)C)c1	Age	Adolescent	-0.20036
Cc1cccc(Nc2ccncc2S(=O)(=O)NC(=O)NC(C)C)c1	Age	Adult	-0.25363
Cc1cccc(Nc2ccncc2S(=O)(=O)NC(=O)NC(C)C)c1	Age	Elderly	-0.30226
Cc1cccc(Nc2ccncc2S(=O)(=O)NC(=O)NC(C)C)c1	Weight	Low	-0.37941
Cc1cccc(Nc2ccncc2S(=O)(=O)NC(=O)NC(C)C)c1	Weight	Average	-0.3176
Cc1cccc(Nc2ccncc2S(=O)(=O)NC(=O)NC(C)C)c1	Weight	High	-0.43274
Cc1onc(-c2c(F)cccc2Cl)c1C(=O)NC1C(=O)N2C1SC(C)(C)C2C(=O)O	Sex	Male	-0.15612
Cc1onc(-c2c(F)cccc2Cl)c1C(=O)NC1C(=O)N2C1SC(C)(C)C2C(=O)O	Sex	Female	-0.07784
Cc1onc(-c2c(F)cccc2Cl)c1C(=O)NC1C(=O)N2C1SC(C)(C)C2C(=O)O	Age	Children	-0.28573
Cc1onc(-c2c(F)cccc2Cl)c1C(=O)NC1C(=O)N2C1SC(C)(C)C2C(=O)O	Age	Adolescent	-0.24945
Cc1onc(-c2c(F)cccc2Cl)c1C(=O)NC1C(=O)N2C1SC(C)(C)C2C(=O)O	Age	Adult	-0.19053
Cc1onc(-c2c(F)cccc2Cl)c1C(=O)NC1C(=O)N2C1SC(C)(C)C2C(=O)O	Age	Elderly	-0.29179
Cc1onc(-c2c(F)cccc2Cl)c1C(=O)NC1C(=O)N2C1SC(C)(C)C2C(=O)O	Weight	Low	-0.33546
Cc1onc(-c2c(F)cccc2Cl)c1C(=O)NC1C(=O)N2C1SC(C)(C)C2C(=O)O	Weight	Average	-0.3163
Cc1onc(-c2c(F)cccc2Cl)c1C(=O)NC1C(=O)N2C1SC(C)(C)C2C(=O)O	Weight	High	-0.34944
Nc1nc2ccc(OC(F)(F)F)cc2s1	Sex	Male	-0.14035
Nc1nc2ccc(OC(F)(F)F)cc2s1	Sex	Female	-0.00671
Nc1nc2ccc(OC(F)(F)F)cc2s1	Age	Children	-0.1389
Nc1nc2ccc(OC(F)(F)F)cc2s1	Age	Adolescent	-0.062
Nc1nc2ccc(OC(F)(F)F)cc2s1	Age	Adult	-0.10368
Nc1nc2ccc(OC(F)(F)F)cc2s1	Age	Elderly	-0.35424
Nc1nc2ccc(OC(F)(F)F)cc2s1	Weight	Low	-0.19155
Nc1nc2ccc(OC(F)(F)F)cc2s1	Weight	Average	-0.10256
Nc1nc2ccc(OC(F)(F)F)cc2s1	Weight	High	-0.3403
O=C(O)CC(O)(CC(=O)O)C(=O)O	Sex	Male	-0.10131
O=C(O)CC(O)(CC(=O)O)C(=O)O	Sex	Female	-0.05018
O=C(O)CC(O)(CC(=O)O)C(=O)O	Age	Children	-0.27952
O=C(O)CC(O)(CC(=O)O)C(=O)O	Age	Adolescent	-0.18658
O=C(O)CC(O)(CC(=O)O)C(=O)O	Age	Adult	-0.06119
O=C(O)CC(O)(CC(=O)O)C(=O)O	Age	Elderly	-0.27867
O=C(O)CC(O)(CC(=O)O)C(=O)O	Weight	Low	-0.39229
O=C(O)CC(O)(CC(=O)O)C(=O)O	Weight	Average	-0.36335
O=C(O)CC(O)(CC(=O)O)C(=O)O	Weight	High	-0.33337
O=C1OCCN1N=Cc1ccc([N+](=O)[O-])o1	Sex	Male	-0.17763
O=C1OCCN1N=Cc1ccc([N+](=O)[O-])o1	Sex	Female	-0.00873
O=C1OCCN1N=Cc1ccc([N+](=O)[O-])o1	Age	Children	-0.16442
O=C1OCCN1N=Cc1ccc([N+](=O)[O-])o1	Age	Adolescent	-0.17585
O=C1OCCN1N=Cc1ccc([N+](=O)[O-])o1	Age	Adult	-0.18286
O=C1OCCN1N=Cc1ccc([N+](=O)[O-])o1	Age	Elderly	-0.39126
O=C1OCCN1N=Cc1ccc([N+](=O)[O-])o1	Weight	Low	-0.42035
O=C1OCCN1N=Cc1ccc([N+](=O)[O-])o1	Weight	Average	-0.41685
O=C1OCCN1N=Cc1ccc([N+](=O)[O-])o1	Weight	High	-0.451
CC(C)Nc1nc2cc(Cl)c(Cl)cc2n1C1OC(CO)C(O)C1O	Sex	Male	-0.23223
CC(C)Nc1nc2cc(Cl)c(Cl)cc2n1C1OC(CO)C(O)C1O	Sex	Female	-0.02855
CC(C)Nc1nc2cc(Cl)c(Cl)cc2n1C1OC(CO)C(O)C1O	Age	Children	-0.23769
CC(C)Nc1nc2cc(Cl)c(Cl)cc2n1C1OC(CO)C(O)C1O	Age	Adolescent	-0.11231
CC(C)Nc1nc2cc(Cl)c(Cl)cc2n1C1OC(CO)C(O)C1O	Age	Adult	-0.2398
CC(C)Nc1nc2cc(Cl)c(Cl)cc2n1C1OC(CO)C(O)C1O	Age	Elderly	-0.28529
CC(C)Nc1nc2cc(Cl)c(Cl)cc2n1C1OC(CO)C(O)C1O	Weight	Low	-0.33388
CC(C)Nc1nc2cc(Cl)c(Cl)cc2n1C1OC(CO)C(O)C1O	Weight	Average	-0.22617
CC(C)Nc1nc2cc(Cl)c(Cl)cc2n1C1OC(CO)C(O)C1O	Weight	High	-0.19633
CC1CNc2c(cccc2S(=O)(=O)NC(CCCN=C(N)N)C(=O)N2CCC(C)CC2C(=O)O)C1	Sex	Male	-0.12784
CC1CNc2c(cccc2S(=O)(=O)NC(CCCN=C(N)N)C(=O)N2CCC(C)CC2C(=O)O)C1	Sex	Female	-0.00732
CC1CNc2c(cccc2S(=O)(=O)NC(CCCN=C(N)N)C(=O)N2CCC(C)CC2C(=O)O)C1	Age	Children	-0.22746
CC1CNc2c(cccc2S(=O)(=O)NC(CCCN=C(N)N)C(=O)N2CCC(C)CC2C(=O)O)C1	Age	Adolescent	-0.10578
CC1CNc2c(cccc2S(=O)(=O)NC(CCCN=C(N)N)C(=O)N2CCC(C)CC2C(=O)O)C1	Age	Adult	-0.05872
CC1CNc2c(cccc2S(=O)(=O)NC(CCCN=C(N)N)C(=O)N2CCC(C)CC2C(=O)O)C1	Age	Elderly	-0.23869
CC1CNc2c(cccc2S(=O)(=O)NC(CCCN=C(N)N)C(=O)N2CCC(C)CC2C(=O)O)C1	Weight	Low	-0.33294
CC1CNc2c(cccc2S(=O)(=O)NC(CCCN=C(N)N)C(=O)N2CCC(C)CC2C(=O)O)C1	Weight	Average	-0.30041
CC1CNc2c(cccc2S(=O)(=O)NC(CCCN=C(N)N)C(=O)N2CCC(C)CC2C(=O)O)C1	Weight	High	-0.47669
CCC(Nc1ncnc2[nH]cnc12)c1nc2cccc(F)c2c(=O)n1-c1ccccc1	Sex	Male	-0.16251
CCC(Nc1ncnc2[nH]cnc12)c1nc2cccc(F)c2c(=O)n1-c1ccccc1	Sex	Female	-0.06442
CCC(Nc1ncnc2[nH]cnc12)c1nc2cccc(F)c2c(=O)n1-c1ccccc1	Age	Children	-0.31869
CCC(Nc1ncnc2[nH]cnc12)c1nc2cccc(F)c2c(=O)n1-c1ccccc1	Age	Adolescent	-0.10219
CCC(Nc1ncnc2[nH]cnc12)c1nc2cccc(F)c2c(=O)n1-c1ccccc1	Age	Adult	-0.15899
CCC(Nc1ncnc2[nH]cnc12)c1nc2cccc(F)c2c(=O)n1-c1ccccc1	Age	Elderly	-0.25394
CCC(Nc1ncnc2[nH]cnc12)c1nc2cccc(F)c2c(=O)n1-c1ccccc1	Weight	Low	-0.38236
CCC(Nc1ncnc2[nH]cnc12)c1nc2cccc(F)c2c(=O)n1-c1ccccc1	Weight	Average	-0.27898
CCC(Nc1ncnc2[nH]cnc12)c1nc2cccc(F)c2c(=O)n1-c1ccccc1	Weight	High	-0.39311
CCN1CCCC1CNC(=O)c1cc(S(=O)(=O)CC)c(N)cc1OC	Sex	Male	-0.22099
CCN1CCCC1CNC(=O)c1cc(S(=O)(=O)CC)c(N)cc1OC	Sex	Female	-0.02693
CCN1CCCC1CNC(=O)c1cc(S(=O)(=O)CC)c(N)cc1OC	Age	Children	-0.28492
CCN1CCCC1CNC(=O)c1cc(S(=O)(=O)CC)c(N)cc1OC	Age	Adolescent	-0.1743
CCN1CCCC1CNC(=O)c1cc(S(=O)(=O)CC)c(N)cc1OC	Age	Adult	-0.12214
CCN1CCCC1CNC(=O)c1cc(S(=O)(=O)CC)c(N)cc1OC	Age	Elderly	-0.36347
CCN1CCCC1CNC(=O)c1cc(S(=O)(=O)CC)c(N)cc1OC	Weight	Low	-0.24926
CCN1CCCC1CNC(=O)c1cc(S(=O)(=O)CC)c(N)cc1OC	Weight	Average	-0.19983
CCN1CCCC1CNC(=O)c1cc(S(=O)(=O)CC)c(N)cc1OC	Weight	High	-0.26354
CON=C(C(=O)NC1C(=O)N2C(C(=O)[O-])=C(C[N+]3(C)CCCC3)CSC12)c1csc(N)n1	Sex	Male	-0.20568
CON=C(C(=O)NC1C(=O)N2C(C(=O)[O-])=C(C[N+]3(C)CCCC3)CSC12)c1csc(N)n1	Sex	Female	-0.0054
CON=C(C(=O)NC1C(=O)N2C(C(=O)[O-])=C(C[N+]3(C)CCCC3)CSC12)c1csc(N)n1	Age	Children	-0.27013
CON=C(C(=O)NC1C(=O)N2C(C(=O)[O-])=C(C[N+]3(C)CCCC3)CSC12)c1csc(N)n1	Age	Adolescent	-0.19743
CON=C(C(=O)NC1C(=O)N2C(C(=O)[O-])=C(C[N+]3(C)CCCC3)CSC12)c1csc(N)n1	Age	Adult	-0.09724
CON=C(C(=O)NC1C(=O)N2C(C(=O)[O-])=C(C[N+]3(C)CCCC3)CSC12)c1csc(N)n1	Age	Elderly	-0.24805
CON=C(C(=O)NC1C(=O)N2C(C(=O)[O-])=C(C[N+]3(C)CCCC3)CSC12)c1csc(N)n1	Weight	Low	-0.18574
CON=C(C(=O)NC1C(=O)N2C(C(=O)[O-])=C(C[N+]3(C)CCCC3)CSC12)c1csc(N)n1	Weight	Average	-0.18989
CON=C(C(=O)NC1C(=O)N2C(C(=O)[O-])=C(C[N+]3(C)CCCC3)CSC12)c1csc(N)n1	Weight	High	-0.2596
COc1c2occc2cc2ccc(=O)oc12	Sex	Male	-0.29638
COc1c2occc2cc2ccc(=O)oc12	Sex	Female	-0.06092
COc1c2occc2cc2ccc(=O)oc12	Age	Children	-0.24022
COc1c2occc2cc2ccc(=O)oc12	Age	Adolescent	-0.20583
COc1c2occc2cc2ccc(=O)oc12	Age	Adult	-0.12316
COc1c2occc2cc2ccc(=O)oc12	Age	Elderly	-0.39656
COc1c2occc2cc2ccc(=O)oc12	Weight	Low	-0.40066
COc1c2occc2cc2ccc(=O)oc12	Weight	Average	-0.30729
COc1c2occc2cc2ccc(=O)oc12	Weight	High	-0.43027
Cc1ccc(C)c(OCCCC(C)(C)C(=O)O)c1	Sex	Male	-0.14889
Cc1ccc(C)c(OCCCC(C)(C)C(=O)O)c1	Sex	Female	-0.05603
Cc1ccc(C)c(OCCCC(C)(C)C(=O)O)c1	Age	Children	-0.26252
Cc1ccc(C)c(OCCCC(C)(C)C(=O)O)c1	Age	Adolescent	-0.14487
Cc1ccc(C)c(OCCCC(C)(C)C(=O)O)c1	Age	Adult	-0.1406
Cc1ccc(C)c(OCCCC(C)(C)C(=O)O)c1	Age	Elderly	-0.3048
Cc1ccc(C)c(OCCCC(C)(C)C(=O)O)c1	Weight	Low	-0.31041
Cc1ccc(C)c(OCCCC(C)(C)C(=O)O)c1	Weight	Average	-0.30572
Cc1ccc(C)c(OCCCC(C)(C)C(=O)O)c1	Weight	High	-0.37776
Cc1cnc(C(=O)NCCc2ccc(S(=O)(=O)NC(=O)NC3CCCCC3)cc2)cn1	Sex	Male	-0.17307
Cc1cnc(C(=O)NCCc2ccc(S(=O)(=O)NC(=O)NC3CCCCC3)cc2)cn1	Sex	Female	-0.0948
Cc1cnc(C(=O)NCCc2ccc(S(=O)(=O)NC(=O)NC3CCCCC3)cc2)cn1	Age	Children	-0.26393
Cc1cnc(C(=O)NCCc2ccc(S(=O)(=O)NC(=O)NC3CCCCC3)cc2)cn1	Age	Adolescent	-0.24124
Cc1cnc(C(=O)NCCc2ccc(S(=O)(=O)NC(=O)NC3CCCCC3)cc2)cn1	Age	Adult	-0.24545
Cc1cnc(C(=O)NCCc2ccc(S(=O)(=O)NC(=O)NC3CCCCC3)cc2)cn1	Age	Elderly	-0.28402
Cc1cnc(C(=O)NCCc2ccc(S(=O)(=O)NC(=O)NC3CCCCC3)cc2)cn1	Weight	Low	-0.42485
Cc1cnc(C(=O)NCCc2ccc(S(=O)(=O)NC(=O)NC3CCCCC3)cc2)cn1	Weight	Average	-0.35452
Cc1cnc(C(=O)NCCc2ccc(S(=O)(=O)NC(=O)NC3CCCCC3)cc2)cn1	Weight	High	-0.34603
NC(Cc1cc(I)c(Oc2ccc(O)c(I)c2)c(I)c1)C(=O)O	Sex	Male	-0.23485
NC(Cc1cc(I)c(Oc2ccc(O)c(I)c2)c(I)c1)C(=O)O	Sex	Female	-0.08221
NC(Cc1cc(I)c(Oc2ccc(O)c(I)c2)c(I)c1)C(=O)O	Age	Children	-0.36912
NC(Cc1cc(I)c(Oc2ccc(O)c(I)c2)c(I)c1)C(=O)O	Age	Adolescent	-0.09412
NC(Cc1cc(I)c(Oc2ccc(O)c(I)c2)c(I)c1)C(=O)O	Age	Adult	-0.09535
NC(Cc1cc(I)c(Oc2ccc(O)c(I)c2)c(I)c1)C(=O)O	Age	Elderly	-0.40988
NC(Cc1cc(I)c(Oc2ccc(O)c(I)c2)c(I)c1)C(=O)O	Weight	Low	-0.48844
NC(Cc1cc(I)c(Oc2ccc(O)c(I)c2)c(I)c1)C(=O)O	Weight	Average	-0.43579
NC(Cc1cc(I)c(Oc2ccc(O)c(I)c2)c(I)c1)C(=O)O	Weight	High	-0.51106
NNc1nncc2ccccc12	Sex	Male	-0.23708
NNc1nncc2ccccc12	Sex	Female	-0.10206
NNc1nncc2ccccc12	Age	Children	-0.16909
NNc1nncc2ccccc12	Age	Adolescent	-0.07131
NNc1nncc2ccccc12	Age	Adult	-0.0887
NNc1nncc2ccccc12	Age	Elderly	-0.37889
NNc1nncc2ccccc12	Weight	Low	-0.41628
NNc1nncc2ccccc12	Weight	Average	-0.35936
NNc1nncc2ccccc12	Weight	High	-0.45225
Nc1nc(Cl)nc2c1ncn2C1CC(O)C(CO)O1	Sex	Male	-0.21948
Nc1nc(Cl)nc2c1ncn2C1CC(O)C(CO)O1	Sex	Female	-0.00659
Nc1nc(Cl)nc2c1ncn2C1CC(O)C(CO)O1	Age	Children	-0.2309
Nc1nc(Cl)nc2c1ncn2C1CC(O)C(CO)O1	Age	Adolescent	-0.13496
Nc1nc(Cl)nc2c1ncn2C1CC(O)C(CO)O1	Age	Adult	-0.1933
Nc1nc(Cl)nc2c1ncn2C1CC(O)C(CO)O1	Age	Elderly	-0.38439
Nc1nc(Cl)nc2c1ncn2C1CC(O)C(CO)O1	Weight	Low	-0.35953
Nc1nc(Cl)nc2c1ncn2C1CC(O)C(CO)O1	Weight	Average	-0.27078
Nc1nc(Cl)nc2c1ncn2C1CC(O)C(CO)O1	Weight	High	-0.30885
C=CC1CN2CCC1CC2C(O)c1ccnc2ccc(OC)cc12	Sex	Male	-0.15865
C=CC1CN2CCC1CC2C(O)c1ccnc2ccc(OC)cc12	Sex	Female	-0.04581
C=CC1CN2CCC1CC2C(O)c1ccnc2ccc(OC)cc12	Age	Children	-0.25764
C=CC1CN2CCC1CC2C(O)c1ccnc2ccc(OC)cc12	Age	Adolescent	-0.07387
C=CC1CN2CCC1CC2C(O)c1ccnc2ccc(OC)cc12	Age	Adult	-0.13601
C=CC1CN2CCC1CC2C(O)c1ccnc2ccc(OC)cc12	Age	Elderly	-0.36365
C=CC1CN2CCC1CC2C(O)c1ccnc2ccc(OC)cc12	Weight	Low	-0.23662
C=CC1CN2CCC1CC2C(O)c1ccnc2ccc(OC)cc12	Weight	Average	-0.20311
C=CC1CN2CCC1CC2C(O)c1ccnc2ccc(OC)cc12	Weight	High	-0.24813
CC(=O)CC(c1ccc([N+](=O)[O-])cc1)c1c(O)c2ccccc2oc1=O	Sex	Male	-0.20729
CC(=O)CC(c1ccc([N+](=O)[O-])cc1)c1c(O)c2ccccc2oc1=O	Sex	Female	-0.10549
CC(=O)CC(c1ccc([N+](=O)[O-])cc1)c1c(O)c2ccccc2oc1=O	Age	Children	-0.28805
CC(=O)CC(c1ccc([N+](=O)[O-])cc1)c1c(O)c2ccccc2oc1=O	Age	Adolescent	-0.12427
CC(=O)CC(c1ccc([N+](=O)[O-])cc1)c1c(O)c2ccccc2oc1=O	Age	Adult	-0.10702
CC(=O)CC(c1ccc([N+](=O)[O-])cc1)c1c(O)c2ccccc2oc1=O	Age	Elderly	-0.33812
CC(=O)CC(c1ccc([N+](=O)[O-])cc1)c1c(O)c2ccccc2oc1=O	Weight	Low	-0.42957
CC(=O)CC(c1ccc([N+](=O)[O-])cc1)c1c(O)c2ccccc2oc1=O	Weight	Average	-0.41587
CC(=O)CC(c1ccc([N+](=O)[O-])cc1)c1c(O)c2ccccc2oc1=O	Weight	High	-0.4791
CC(=O)N1CCN(c2ccc(OCC3COC(Cn4ccnc4)(c4ccc(Cl)cc4Cl)O3)cc2)CC1	Sex	Male	-0.17528
CC(=O)N1CCN(c2ccc(OCC3COC(Cn4ccnc4)(c4ccc(Cl)cc4Cl)O3)cc2)CC1	Sex	Female	-0.03411
CC(=O)N1CCN(c2ccc(OCC3COC(Cn4ccnc4)(c4ccc(Cl)cc4Cl)O3)cc2)CC1	Age	Children	-0.23431
CC(=O)N1CCN(c2ccc(OCC3COC(Cn4ccnc4)(c4ccc(Cl)cc4Cl)O3)cc2)CC1	Age	Adolescent	-0.19135
CC(=O)N1CCN(c2ccc(OCC3COC(Cn4ccnc4)(c4ccc(Cl)cc4Cl)O3)cc2)CC1	Age	Adult	-0.19878
CC(=O)N1CCN(c2ccc(OCC3COC(Cn4ccnc4)(c4ccc(Cl)cc4Cl)O3)cc2)CC1	Age	Elderly	-0.41267
CC(=O)N1CCN(c2ccc(OCC3COC(Cn4ccnc4)(c4ccc(Cl)cc4Cl)O3)cc2)CC1	Weight	Low	-0.29782
CC(=O)N1CCN(c2ccc(OCC3COC(Cn4ccnc4)(c4ccc(Cl)cc4Cl)O3)cc2)CC1	Weight	Average	-0.3059
CC(=O)N1CCN(c2ccc(OCC3COC(Cn4ccnc4)(c4ccc(Cl)cc4Cl)O3)cc2)CC1	Weight	High	-0.29681
CC(=O)O	Sex	Male	-0.0877
CC(=O)O	Sex	Female	-0.06189
CC(=O)O	Age	Children	-0.26692
CC(=O)O	Age	Adolescent	-0.16385
CC(=O)O	Age	Adult	-0.04318
CC(=O)O	Age	Elderly	-0.26874
CC(=O)O	Weight	Low	-0.55659
CC(=O)O	Weight	Average	-0.50153
CC(=O)O	Weight	High	-0.37075
CC(C)(C)C(=O)OCOP(=O)(COCCn1cnc2c(N)ncnc21)OCOC(=O)C(C)(C)C	Sex	Male	-0.16911
CC(C)(C)C(=O)OCOP(=O)(COCCn1cnc2c(N)ncnc21)OCOC(=O)C(C)(C)C	Sex	Female	-0.00328
CC(C)(C)C(=O)OCOP(=O)(COCCn1cnc2c(N)ncnc21)OCOC(=O)C(C)(C)C	Age	Children	-0.2802
CC(C)(C)C(=O)OCOP(=O)(COCCn1cnc2c(N)ncnc21)OCOC(=O)C(C)(C)C	Age	Adolescent	-0.10081
CC(C)(C)C(=O)OCOP(=O)(COCCn1cnc2c(N)ncnc21)OCOC(=O)C(C)(C)C	Age	Adult	-0.13793
CC(C)(C)C(=O)OCOP(=O)(COCCn1cnc2c(N)ncnc21)OCOC(=O)C(C)(C)C	Age	Elderly	-0.43706
CC(C)(C)C(=O)OCOP(=O)(COCCn1cnc2c(N)ncnc21)OCOC(=O)C(C)(C)C	Weight	Low	-0.34024
CC(C)(C)C(=O)OCOP(=O)(COCCn1cnc2c(N)ncnc21)OCOC(=O)C(C)(C)C	Weight	Average	-0.3691
CC(C)(C)C(=O)OCOP(=O)(COCCn1cnc2c(N)ncnc21)OCOC(=O)C(C)(C)C	Weight	High	-0.38616
CC(C)(CCCCCC(O)CCCCCC(C)(C)C(=O)O)C(=O)O	Sex	Male	-0.09346
CC(C)(CCCCCC(O)CCCCCC(C)(C)C(=O)O)C(=O)O	Sex	Female	-0.01589
CC(C)(CCCCCC(O)CCCCCC(C)(C)C(=O)O)C(=O)O	Age	Children	-0.26763
CC(C)(CCCCCC(O)CCCCCC(C)(C)C(=O)O)C(=O)O	Age	Adolescent	-0.0978
CC(C)(CCCCCC(O)CCCCCC(C)(C)C(=O)O)C(=O)O	Age	Adult	-0.04472
CC(C)(CCCCCC(O)CCCCCC(C)(C)C(=O)O)C(=O)O	Age	Elderly	-0.17707
CC(C)(CCCCCC(O)CCCCCC(C)(C)C(=O)O)C(=O)O	Weight	Low	-0.3305
CC(C)(CCCCCC(O)CCCCCC(C)(C)C(=O)O)C(=O)O	Weight	Average	-0.34388
CC(C)(CCCCCC(O)CCCCCC(C)(C)C(=O)O)C(=O)O	Weight	High	-0.28349
CC(C)(ON=C(C(=O)NC1C(=O)N2C(C(=O)[O-])=C(C[n+]3ccccc3)CSC12)c1csc(N)n1)C(=O)O	Sex	Male	-0.27912
CC(C)(ON=C(C(=O)NC1C(=O)N2C(C(=O)[O-])=C(C[n+]3ccccc3)CSC12)c1csc(N)n1)C(=O)O	Sex	Female	-0.006
CC(C)(ON=C(C(=O)NC1C(=O)N2C(C(=O)[O-])=C(C[n+]3ccccc3)CSC12)c1csc(N)n1)C(=O)O	Age	Children	-0.30902
CC(C)(ON=C(C(=O)NC1C(=O)N2C(C(=O)[O-])=C(C[n+]3ccccc3)CSC12)c1csc(N)n1)C(=O)O	Age	Adolescent	-0.22844
CC(C)(ON=C(C(=O)NC1C(=O)N2C(C(=O)[O-])=C(C[n+]3ccccc3)CSC12)c1csc(N)n1)C(=O)O	Age	Adult	-0.12544
CC(C)(ON=C(C(=O)NC1C(=O)N2C(C(=O)[O-])=C(C[n+]3ccccc3)CSC12)c1csc(N)n1)C(=O)O	Age	Elderly	-0.32288
CC(C)(ON=C(C(=O)NC1C(=O)N2C(C(=O)[O-])=C(C[n+]3ccccc3)CSC12)c1csc(N)n1)C(=O)O	Weight	Low	-0.21501
CC(C)(ON=C(C(=O)NC1C(=O)N2C(C(=O)[O-])=C(C[n+]3ccccc3)CSC12)c1csc(N)n1)C(=O)O	Weight	Average	-0.27161
CC(C)(ON=C(C(=O)NC1C(=O)N2C(C(=O)[O-])=C(C[n+]3ccccc3)CSC12)c1csc(N)n1)C(=O)O	Weight	High	-0.34282
CC(C)Cn1cnc2c(N)nc3ccccc3c21	Sex	Male	-0.12479
CC(C)Cn1cnc2c(N)nc3ccccc3c21	Sex	Female	-0.02966
CC(C)Cn1cnc2c(N)nc3ccccc3c21	Age	Children	-0.2415
CC(C)Cn1cnc2c(N)nc3ccccc3c21	Age	Adolescent	-0.00871
CC(C)Cn1cnc2c(N)nc3ccccc3c21	Age	Adult	-0.05785
CC(C)Cn1cnc2c(N)nc3ccccc3c21	Age	Elderly	-0.32965
CC(C)Cn1cnc2c(N)nc3ccccc3c21	Weight	Low	-0.40423
CC(C)Cn1cnc2c(N)nc3ccccc3c21	Weight	Average	-0.31274
CC(C)Cn1cnc2c(N)nc3ccccc3c21	Weight	High	-0.38658
CC(C)Nc1cccnc1N1CCN(C(=O)c2cc3cc(NS(C)(=O)=O)ccc3[nH]2)CC1	Sex	Male	-0.22417
CC(C)Nc1cccnc1N1CCN(C(=O)c2cc3cc(NS(C)(=O)=O)ccc3[nH]2)CC1	Sex	Female	-0.04816
CC(C)Nc1cccnc1N1CCN(C(=O)c2cc3cc(NS(C)(=O)=O)ccc3[nH]2)CC1	Age	Children	-0.24269
CC(C)Nc1cccnc1N1CCN(C(=O)c2cc3cc(NS(C)(=O)=O)ccc3[nH]2)CC1	Age	Adolescent	-0.14744
CC(C)Nc1cccnc1N1CCN(C(=O)c2cc3cc(NS(C)(=O)=O)ccc3[nH]2)CC1	Age	Adult	-0.2264
CC(C)Nc1cccnc1N1CCN(C(=O)c2cc3cc(NS(C)(=O)=O)ccc3[nH]2)CC1	Age	Elderly	-0.24791
CC(C)Nc1cccnc1N1CCN(C(=O)c2cc3cc(NS(C)(=O)=O)ccc3[nH]2)CC1	Weight	Low	-0.32311
CC(C)Nc1cccnc1N1CCN(C(=O)c2cc3cc(NS(C)(=O)=O)ccc3[nH]2)CC1	Weight	Average	-0.27043
CC(C)Nc1cccnc1N1CCN(C(=O)c2cc3cc(NS(C)(=O)=O)ccc3[nH]2)CC1	Weight	High	-0.35709
CC(C)O	Sex	Male	-0.0757
CC(C)O	Sex	Female	-0.04418
CC(C)O	Age	Children	-0.21555
CC(C)O	Age	Adolescent	-0.02114
CC(C)O	Age	Adult	-0.05799
CC(C)O	Age	Elderly	-0.21022
CC(C)O	Weight	Low	-0.31907
CC(C)O	Weight	Average	-0.26843
CC(C)O	Weight	High	-0.14539
CC(Nc1ncnc2[nH]cnc12)c1cc2cccc(Cl)c2c(=O)n1-c1ccccc1	Sex	Male	-0.22284
CC(Nc1ncnc2[nH]cnc12)c1cc2cccc(Cl)c2c(=O)n1-c1ccccc1	Sex	Female	-0.07498
CC(Nc1ncnc2[nH]cnc12)c1cc2cccc(Cl)c2c(=O)n1-c1ccccc1	Age	Children	-0.32189
CC(Nc1ncnc2[nH]cnc12)c1cc2cccc(Cl)c2c(=O)n1-c1ccccc1	Age	Adolescent	-0.14112
CC(Nc1ncnc2[nH]cnc12)c1cc2cccc(Cl)c2c(=O)n1-c1ccccc1	Age	Adult	-0.13854
CC(Nc1ncnc2[nH]cnc12)c1cc2cccc(Cl)c2c(=O)n1-c1ccccc1	Age	Elderly	-0.26927
CC(Nc1ncnc2[nH]cnc12)c1cc2cccc(Cl)c2c(=O)n1-c1ccccc1	Weight	Low	-0.44589
CC(Nc1ncnc2[nH]cnc12)c1cc2cccc(Cl)c2c(=O)n1-c1ccccc1	Weight	Average	-0.4302
CC(Nc1ncnc2[nH]cnc12)c1cc2cccc(Cl)c2c(=O)n1-c1ccccc1	Weight	High	-0.42164
CC(S)C(=O)NCC(=O)O	Sex	Male	-0.0901
CC(S)C(=O)NCC(=O)O	Sex	Female	-0.01832
CC(S)C(=O)NCC(=O)O	Age	Children	-0.22103
CC(S)C(=O)NCC(=O)O	Age	Adolescent	-0.06365
CC(S)C(=O)NCC(=O)O	Age	Adult	-0.03026
CC(S)C(=O)NCC(=O)O	Age	Elderly	-0.11378
CC(S)C(=O)NCC(=O)O	Weight	Low	-0.36382
CC(S)C(=O)NCC(=O)O	Weight	Average	-0.34963
CC(S)C(=O)NCC(=O)O	Weight	High	-0.22327
CC1(C)SC2C(NC(=O)COc3ccccc3)C(=O)N2C1C(=O)O	Sex	Male	-0.19314
CC1(C)SC2C(NC(=O)COc3ccccc3)C(=O)N2C1C(=O)O	Sex	Female	-0.09125
CC1(C)SC2C(NC(=O)COc3ccccc3)C(=O)N2C1C(=O)O	Age	Children	-0.18855
CC1(C)SC2C(NC(=O)COc3ccccc3)C(=O)N2C1C(=O)O	Age	Adolescent	-0.12422
CC1(C)SC2C(NC(=O)COc3ccccc3)C(=O)N2C1C(=O)O	Age	Adult	-0.13862
CC1(C)SC2C(NC(=O)COc3ccccc3)C(=O)N2C1C(=O)O	Age	Elderly	-0.21959
CC1(C)SC2C(NC(=O)COc3ccccc3)C(=O)N2C1C(=O)O	Weight	Low	-0.21399
CC1(C)SC2C(NC(=O)COc3ccccc3)C(=O)N2C1C(=O)O	Weight	Average	-0.24731
CC1(C)SC2C(NC(=O)COc3ccccc3)C(=O)N2C1C(=O)O	Weight	High	-0.25375
CC1=C(C(=O)O)N2C(=O)C(NC(=O)C(N)c3ccccc3)C2SC1	Sex	Male	-0.28908
CC1=C(C(=O)O)N2C(=O)C(NC(=O)C(N)c3ccccc3)C2SC1	Sex	Female	-0.04447
CC1=C(C(=O)O)N2C(=O)C(NC(=O)C(N)c3ccccc3)C2SC1	Age	Children	-0.31371
CC1=C(C(=O)O)N2C(=O)C(NC(=O)C(N)c3ccccc3)C2SC1	Age	Adolescent	-0.1266
CC1=C(C(=O)O)N2C(=O)C(NC(=O)C(N)c3ccccc3)C2SC1	Age	Adult	-0.13344
CC1=C(C(=O)O)N2C(=O)C(NC(=O)C(N)c3ccccc3)C2SC1	Age	Elderly	-0.30387
CC1=C(C(=O)O)N2C(=O)C(NC(=O)C(N)c3ccccc3)C2SC1	Weight	Low	-0.41881
CC1=C(C(=O)O)N2C(=O)C(NC(=O)C(N)c3ccccc3)C2SC1	Weight	Average	-0.4741
CC1=C(C(=O)O)N2C(=O)C(NC(=O)C(N)c3ccccc3)C2SC1	Weight	High	-0.47585
CCC(=O)NCCC1CCc2ccc3c(c21)CCO3	Sex	Male	-0.12479
CCC(=O)NCCC1CCc2ccc3c(c21)CCO3	Sex	Female	-0.03448
CCC(=O)NCCC1CCc2ccc3c(c21)CCO3	Age	Children	-0.08064
CCC(=O)NCCC1CCc2ccc3c(c21)CCO3	Age	Adolescent	-0.18196
CCC(=O)NCCC1CCc2ccc3c(c21)CCO3	Age	Adult	-0.09686
CCC(=O)NCCC1CCc2ccc3c(c21)CCO3	Age	Elderly	-0.23877
CCC(=O)NCCC1CCc2ccc3c(c21)CCO3	Weight	Low	-0.44411
CCC(=O)NCCC1CCc2ccc3c(c21)CCO3	Weight	Average	-0.30656
CCC(=O)NCCC1CCc2ccc3c(c21)CCO3	Weight	High	-0.37558
CCC(CO)NCCNC(CC)CO	Sex	Male	-0.17004
CCC(CO)NCCNC(CC)CO	Sex	Female	-0.05294
CCC(CO)NCCNC(CC)CO	Age	Children	-0.25001
CCC(CO)NCCNC(CC)CO	Age	Adolescent	-0.09818
CCC(CO)NCCNC(CC)CO	Age	Adult	-0.10272
CCC(CO)NCCNC(CC)CO	Age	Elderly	-0.17248
CCC(CO)NCCNC(CC)CO	Weight	Low	-0.31644
CCC(CO)NCCNC(CC)CO	Weight	Average	-0.18114
CCC(CO)NCCNC(CC)CO	Weight	High	-0.22477
CCC1C(=O)OCC1Cc1cncn1C	Sex	Male	-0.21962
CCC1C(=O)OCC1Cc1cncn1C	Sex	Female	0.00945
CCC1C(=O)OCC1Cc1cncn1C	Age	Children	-0.22658
CCC1C(=O)OCC1Cc1cncn1C	Age	Adolescent	-0.20854
CCC1C(=O)OCC1Cc1cncn1C	Age	Adult	-0.12732
CCC1C(=O)OCC1Cc1cncn1C	Age	Elderly	-0.40096
CCC1C(=O)OCC1Cc1cncn1C	Weight	Low	-0.38565
CCC1C(=O)OCC1Cc1cncn1C	Weight	Average	-0.30482
CCC1C(=O)OCC1Cc1cncn1C	Weight	High	-0.40448
CCCc1cc(=O)[nH]c(=S)[nH]1	Sex	Male	-0.28771
CCCc1cc(=O)[nH]c(=S)[nH]1	Sex	Female	0.01268
CCCc1cc(=O)[nH]c(=S)[nH]1	Age	Children	-0.29017
CCCc1cc(=O)[nH]c(=S)[nH]1	Age	Adolescent	-0.21453
CCCc1cc(=O)[nH]c(=S)[nH]1	Age	Adult	-0.16154
CCCc1cc(=O)[nH]c(=S)[nH]1	Age	Elderly	-0.32379
CCCc1cc(=O)[nH]c(=S)[nH]1	Weight	Low	-0.40837
CCCc1cc(=O)[nH]c(=S)[nH]1	Weight	Average	-0.27374
CCCc1cc(=O)[nH]c(=S)[nH]1	Weight	High	-0.46689
CCNC1CC(C)S(=O)(=O)c2sc(S(N)(=O)=O)cc21	Sex	Male	-0.24176
CCNC1CC(C)S(=O)(=O)c2sc(S(N)(=O)=O)cc21	Sex	Female	-0.01807
CCNC1CC(C)S(=O)(=O)c2sc(S(N)(=O)=O)cc21	Age	Children	-0.19321
CCNC1CC(C)S(=O)(=O)c2sc(S(N)(=O)=O)cc21	Age	Adolescent	-0.18127
CCNC1CC(C)S(=O)(=O)c2sc(S(N)(=O)=O)cc21	Age	Adult	-0.09477
CCNC1CC(C)S(=O)(=O)c2sc(S(N)(=O)=O)cc21	Age	Elderly	-0.3254
CCNC1CC(C)S(=O)(=O)c2sc(S(N)(=O)=O)cc21	Weight	Low	-0.25167
CCNC1CC(C)S(=O)(=O)c2sc(S(N)(=O)=O)cc21	Weight	Average	-0.21481
CCNC1CC(C)S(=O)(=O)c2sc(S(N)(=O)=O)cc21	Weight	High	-0.39044
CCOc1ccc2ccccc2c1C(=O)NC1C(=O)N2C1SC(C)(C)C2C(=O)O	Sex	Male	-0.24308
CCOc1ccc2ccccc2c1C(=O)NC1C(=O)N2C1SC(C)(C)C2C(=O)O	Sex	Female	-0.09365
CCOc1ccc2ccccc2c1C(=O)NC1C(=O)N2C1SC(C)(C)C2C(=O)O	Age	Children	-0.23273
CCOc1ccc2ccccc2c1C(=O)NC1C(=O)N2C1SC(C)(C)C2C(=O)O	Age	Adolescent	-0.20394
CCOc1ccc2ccccc2c1C(=O)NC1C(=O)N2C1SC(C)(C)C2C(=O)O	Age	Adult	-0.14022
CCOc1ccc2ccccc2c1C(=O)NC1C(=O)N2C1SC(C)(C)C2C(=O)O	Age	Elderly	-0.25509
CCOc1ccc2ccccc2c1C(=O)NC1C(=O)N2C1SC(C)(C)C2C(=O)O	Weight	Low	-0.29292
CCOc1ccc2ccccc2c1C(=O)NC1C(=O)N2C1SC(C)(C)C2C(=O)O	Weight	Average	-0.23678
CCOc1ccc2ccccc2c1C(=O)NC1C(=O)N2C1SC(C)(C)C2C(=O)O	Weight	High	-0.30625
COC(=O)C=CC(=O)OCCn1c(O)ccc1O	Sex	Male	-0.16276
COC(=O)C=CC(=O)OCCn1c(O)ccc1O	Sex	Female	-0.02556
COC(=O)C=CC(=O)OCCn1c(O)ccc1O	Age	Children	-0.23146
COC(=O)C=CC(=O)OCCn1c(O)ccc1O	Age	Adolescent	-0.11127
COC(=O)C=CC(=O)OCCn1c(O)ccc1O	Age	Adult	-0.05004
COC(=O)C=CC(=O)OCCn1c(O)ccc1O	Age	Elderly	-0.17423
COC(=O)C=CC(=O)OCCn1c(O)ccc1O	Weight	Low	-0.40477
COC(=O)C=CC(=O)OCCn1c(O)ccc1O	Weight	Average	-0.41084
COC(=O)C=CC(=O)OCCn1c(O)ccc1O	Weight	High	-0.44647
COC1(C(=O)NC(C)c2ccc(-n3cc(F)cn3)nc2)CCC(c2nc(C)cc(Nc3cc(C)[nH]n3)n2)CC1	Sex	Male	-0.2903
COC1(C(=O)NC(C)c2ccc(-n3cc(F)cn3)nc2)CCC(c2nc(C)cc(Nc3cc(C)[nH]n3)n2)CC1	Sex	Female	-0.07966
COC1(C(=O)NC(C)c2ccc(-n3cc(F)cn3)nc2)CCC(c2nc(C)cc(Nc3cc(C)[nH]n3)n2)CC1	Age	Children	-0.29698
COC1(C(=O)NC(C)c2ccc(-n3cc(F)cn3)nc2)CCC(c2nc(C)cc(Nc3cc(C)[nH]n3)n2)CC1	Age	Adolescent	-0.2333
COC1(C(=O)NC(C)c2ccc(-n3cc(F)cn3)nc2)CCC(c2nc(C)cc(Nc3cc(C)[nH]n3)n2)CC1	Age	Adult	-0.16559
COC1(C(=O)NC(C)c2ccc(-n3cc(F)cn3)nc2)CCC(c2nc(C)cc(Nc3cc(C)[nH]n3)n2)CC1	Age	Elderly	-0.23862
COC1(C(=O)NC(C)c2ccc(-n3cc(F)cn3)nc2)CCC(c2nc(C)cc(Nc3cc(C)[nH]n3)n2)CC1	Weight	Low	-0.26575
COC1(C(=O)NC(C)c2ccc(-n3cc(F)cn3)nc2)CCC(c2nc(C)cc(Nc3cc(C)[nH]n3)n2)CC1	Weight	Average	-0.29365
COC1(C(=O)NC(C)c2ccc(-n3cc(F)cn3)nc2)CCC(c2nc(C)cc(Nc3cc(C)[nH]n3)n2)CC1	Weight	High	-0.38682
COc1ccc(Cl)cc1C(=O)NCCc1ccc(S(=O)(=O)NC(=O)NC2CCCCC2)cc1	Sex	Male	-0.14752
COc1ccc(Cl)cc1C(=O)NCCc1ccc(S(=O)(=O)NC(=O)NC2CCCCC2)cc1	Sex	Female	-0.09727
COc1ccc(Cl)cc1C(=O)NCCc1ccc(S(=O)(=O)NC(=O)NC2CCCCC2)cc1	Age	Children	-0.25001
COc1ccc(Cl)cc1C(=O)NCCc1ccc(S(=O)(=O)NC(=O)NC2CCCCC2)cc1	Age	Adolescent	-0.14611
COc1ccc(Cl)cc1C(=O)NCCc1ccc(S(=O)(=O)NC(=O)NC2CCCCC2)cc1	Age	Adult	-0.15094
COc1ccc(Cl)cc1C(=O)NCCc1ccc(S(=O)(=O)NC(=O)NC2CCCCC2)cc1	Age	Elderly	-0.29002
COc1ccc(Cl)cc1C(=O)NCCc1ccc(S(=O)(=O)NC(=O)NC2CCCCC2)cc1	Weight	Low	-0.25208
COc1ccc(Cl)cc1C(=O)NCCc1ccc(S(=O)(=O)NC(=O)NC2CCCCC2)cc1	Weight	Average	-0.14974
COc1ccc(Cl)cc1C(=O)NCCc1ccc(S(=O)(=O)NC(=O)NC2CCCCC2)cc1	Weight	High	-0.17593
COc1ccccc1OCC(O)COC(N)=O	Sex	Male	-0.07875
COc1ccccc1OCC(O)COC(N)=O	Sex	Female	-0.03718
COc1ccccc1OCC(O)COC(N)=O	Age	Children	-0.20415
COc1ccccc1OCC(O)COC(N)=O	Age	Adolescent	-0.02627
COc1ccccc1OCC(O)COC(N)=O	Age	Adult	-0.02922
COc1ccccc1OCC(O)COC(N)=O	Age	Elderly	-0.32013
COc1ccccc1OCC(O)COC(N)=O	Weight	Low	-0.34099
COc1ccccc1OCC(O)COC(N)=O	Weight	Average	-0.3343
COc1ccccc1OCC(O)COC(N)=O	Weight	High	-0.22723
Cc1cn(C2CC(O)C(CO)O2)c(=O)[nH]c1=O	Sex	Male	-0.24968
Cc1cn(C2CC(O)C(CO)O2)c(=O)[nH]c1=O	Sex	Female	-0.01338
Cc1cn(C2CC(O)C(CO)O2)c(=O)[nH]c1=O	Age	Children	-0.28873
Cc1cn(C2CC(O)C(CO)O2)c(=O)[nH]c1=O	Age	Adolescent	-0.24728
Cc1cn(C2CC(O)C(CO)O2)c(=O)[nH]c1=O	Age	Adult	-0.18821
Cc1cn(C2CC(O)C(CO)O2)c(=O)[nH]c1=O	Age	Elderly	-0.30491
Cc1cn(C2CC(O)C(CO)O2)c(=O)[nH]c1=O	Weight	Low	-0.40739
Cc1cn(C2CC(O)C(CO)O2)c(=O)[nH]c1=O	Weight	Average	-0.36616
Cc1cn(C2CC(O)C(CO)O2)c(=O)[nH]c1=O	Weight	High	-0.54724
Cn1ncnc1C1c2n[nH]c(=O)c3cc(F)cc(c23)NC1c1ccc(F)cc1	Sex	Male	-0.14753
Cn1ncnc1C1c2n[nH]c(=O)c3cc(F)cc(c23)NC1c1ccc(F)cc1	Sex	Female	-0.04307
Cn1ncnc1C1c2n[nH]c(=O)c3cc(F)cc(c23)NC1c1ccc(F)cc1	Age	Children	-0.14238
Cn1ncnc1C1c2n[nH]c(=O)c3cc(F)cc(c23)NC1c1ccc(F)cc1	Age	Adolescent	-0.1534
Cn1ncnc1C1c2n[nH]c(=O)c3cc(F)cc(c23)NC1c1ccc(F)cc1	Age	Adult	-0.14858
Cn1ncnc1C1c2n[nH]c(=O)c3cc(F)cc(c23)NC1c1ccc(F)cc1	Age	Elderly	-0.16557
Cn1ncnc1C1c2n[nH]c(=O)c3cc(F)cc(c23)NC1c1ccc(F)cc1	Weight	Low	-0.21539
Cn1ncnc1C1c2n[nH]c(=O)c3cc(F)cc(c23)NC1c1ccc(F)cc1	Weight	Average	-0.26409
Cn1ncnc1C1c2n[nH]c(=O)c3cc(F)cc(c23)NC1c1ccc(F)cc1	Weight	High	-0.39131
NC(=O)CCC(N)C(=O)O	Sex	Male	-0.13454
NC(=O)CCC(N)C(=O)O	Sex	Female	-0.03297
NC(=O)CCC(N)C(=O)O	Age	Children	-0.32429
NC(=O)CCC(N)C(=O)O	Age	Adolescent	-0.09761
NC(=O)CCC(N)C(=O)O	Age	Adult	0.00674
NC(=O)CCC(N)C(=O)O	Age	Elderly	-0.26202
NC(=O)CCC(N)C(=O)O	Weight	Low	-0.36341
NC(=O)CCC(N)C(=O)O	Weight	Average	-0.34933
NC(=O)CCC(N)C(=O)O	Weight	High	-0.27497
NC(=O)c1cn(Cc2c(F)cccc2F)nn1	Sex	Male	-0.1696
NC(=O)c1cn(Cc2c(F)cccc2F)nn1	Sex	Female	-0.04027
NC(=O)c1cn(Cc2c(F)cccc2F)nn1	Age	Children	-0.21748
NC(=O)c1cn(Cc2c(F)cccc2F)nn1	Age	Adolescent	-0.04677
NC(=O)c1cn(Cc2c(F)cccc2F)nn1	Age	Adult	-0.1108
NC(=O)c1cn(Cc2c(F)cccc2F)nn1	Age	Elderly	-0.36352
NC(=O)c1cn(Cc2c(F)cccc2F)nn1	Weight	Low	-0.33253
NC(=O)c1cn(Cc2c(F)cccc2F)nn1	Weight	Average	-0.32889
NC(=O)c1cn(Cc2c(F)cccc2F)nn1	Weight	High	-0.37061
NCCCC(O)(P(=O)(O)O)P(=O)(O)O	Sex	Male	-0.09322
NCCCC(O)(P(=O)(O)O)P(=O)(O)O	Sex	Female	-0.01474
NCCCC(O)(P(=O)(O)O)P(=O)(O)O	Age	Children	-0.24567
NCCCC(O)(P(=O)(O)O)P(=O)(O)O	Age	Adolescent	-0.13611
NCCCC(O)(P(=O)(O)O)P(=O)(O)O	Age	Adult	0.00073
NCCCC(O)(P(=O)(O)O)P(=O)(O)O	Age	Elderly	-0.31062
NCCCC(O)(P(=O)(O)O)P(=O)(O)O	Weight	Low	-0.3465
NCCCC(O)(P(=O)(O)O)P(=O)(O)O	Weight	Average	-0.22146
NCCCC(O)(P(=O)(O)O)P(=O)(O)O	Weight	High	-0.27487
O=C(O)C=CC(=O)O	Sex	Male	-0.10531
O=C(O)C=CC(=O)O	Sex	Female	-0.06487
O=C(O)C=CC(=O)O	Age	Children	-0.23357
O=C(O)C=CC(=O)O	Age	Adolescent	-0.15712
O=C(O)C=CC(=O)O	Age	Adult	-0.07695
O=C(O)C=CC(=O)O	Age	Elderly	-0.26561
O=C(O)C=CC(=O)O	Weight	Low	-0.37972
O=C(O)C=CC(=O)O	Weight	Average	-0.37435
O=C(O)C=CC(=O)O	Weight	High	-0.29962
O=C(O)CCNC(=O)c1ccc(N=Nc2ccc(O)c(C(=O)O)c2)cc1	Sex	Male	-0.19843
O=C(O)CCNC(=O)c1ccc(N=Nc2ccc(O)c(C(=O)O)c2)cc1	Sex	Female	-0.10877
O=C(O)CCNC(=O)c1ccc(N=Nc2ccc(O)c(C(=O)O)c2)cc1	Age	Children	-0.23449
O=C(O)CCNC(=O)c1ccc(N=Nc2ccc(O)c(C(=O)O)c2)cc1	Age	Adolescent	-0.23339
O=C(O)CCNC(=O)c1ccc(N=Nc2ccc(O)c(C(=O)O)c2)cc1	Age	Adult	-0.20936
O=C(O)CCNC(=O)c1ccc(N=Nc2ccc(O)c(C(=O)O)c2)cc1	Age	Elderly	-0.30801
O=C(O)CCNC(=O)c1ccc(N=Nc2ccc(O)c(C(=O)O)c2)cc1	Weight	Low	-0.42971
O=C(O)CCNC(=O)c1ccc(N=Nc2ccc(O)c(C(=O)O)c2)cc1	Weight	Average	-0.37329
O=C(O)CCNC(=O)c1ccc(N=Nc2ccc(O)c(C(=O)O)c2)cc1	Weight	High	-0.44955
O=C(O)CSc1nnc(Br)n1-c1ccc(C2CC2)c2ccccc12	Sex	Male	-0.14007
O=C(O)CSc1nnc(Br)n1-c1ccc(C2CC2)c2ccccc12	Sex	Female	-0.07736
O=C(O)CSc1nnc(Br)n1-c1ccc(C2CC2)c2ccccc12	Age	Children	-0.17578
O=C(O)CSc1nnc(Br)n1-c1ccc(C2CC2)c2ccccc12	Age	Adolescent	-0.05674
O=C(O)CSc1nnc(Br)n1-c1ccc(C2CC2)c2ccccc12	Age	Adult	-0.15473
O=C(O)CSc1nnc(Br)n1-c1ccc(C2CC2)c2ccccc12	Age	Elderly	-0.33909
O=C(O)CSc1nnc(Br)n1-c1ccc(C2CC2)c2ccccc12	Weight	Low	-0.28023
O=C(O)CSc1nnc(Br)n1-c1ccc(C2CC2)c2ccccc12	Weight	Average	-0.30768
O=C(O)CSc1nnc(Br)n1-c1ccc(C2CC2)c2ccccc12	Weight	High	-0.35348
O=C([O-])C(O)C(O)C(O)C(O)CO	Sex	Male	-0.08854
O=C([O-])C(O)C(O)C(O)C(O)CO	Sex	Female	-0.01635
O=C([O-])C(O)C(O)C(O)C(O)CO	Age	Children	-0.23686
O=C([O-])C(O)C(O)C(O)C(O)CO	Age	Adolescent	-0.07395
O=C([O-])C(O)C(O)C(O)C(O)CO	Age	Adult	-0.04407
O=C([O-])C(O)C(O)C(O)C(O)CO	Age	Elderly	-0.17985
O=C([O-])C(O)C(O)C(O)C(O)CO	Weight	Low	-0.28391
O=C([O-])C(O)C(O)C(O)C(O)CO	Weight	Average	-0.28872
O=C([O-])C(O)C(O)C(O)C(O)CO	Weight	High	-0.21796
O=C1NC(O)CCN1C1OC(CO)C(O)C1(F)F	Sex	Male	-0.16805
O=C1NC(O)CCN1C1OC(CO)C(O)C1(F)F	Sex	Female	-0.01162
O=C1NC(O)CCN1C1OC(CO)C(O)C1(F)F	Age	Children	-0.25284
O=C1NC(O)CCN1C1OC(CO)C(O)C1(F)F	Age	Adolescent	-0.23666
O=C1NC(O)CCN1C1OC(CO)C(O)C1(F)F	Age	Adult	-0.1733
O=C1NC(O)CCN1C1OC(CO)C(O)C1(F)F	Age	Elderly	-0.27342
O=C1NC(O)CCN1C1OC(CO)C(O)C1(F)F	Weight	Low	-0.50007
O=C1NC(O)CCN1C1OC(CO)C(O)C1(F)F	Weight	Average	-0.42314
O=C1NC(O)CCN1C1OC(CO)C(O)C1(F)F	Weight	High	-0.57169
CCN1CCN(C(=O)NC(C(=O)NC2C(=O)N3C(C(=O)O)=C(CSc4nnnn4C)CSC23)c2ccc(O)cc2)C(=O)C1=O	Sex	Male	-0.18136
CCN1CCN(C(=O)NC(C(=O)NC2C(=O)N3C(C(=O)O)=C(CSc4nnnn4C)CSC23)c2ccc(O)cc2)C(=O)C1=O	Sex	Female	0.00148
CCN1CCN(C(=O)NC(C(=O)NC2C(=O)N3C(C(=O)O)=C(CSc4nnnn4C)CSC23)c2ccc(O)cc2)C(=O)C1=O	Age	Children	-0.29533
CCN1CCN(C(=O)NC(C(=O)NC2C(=O)N3C(C(=O)O)=C(CSc4nnnn4C)CSC23)c2ccc(O)cc2)C(=O)C1=O	Age	Adolescent	-0.16447
CCN1CCN(C(=O)NC(C(=O)NC2C(=O)N3C(C(=O)O)=C(CSc4nnnn4C)CSC23)c2ccc(O)cc2)C(=O)C1=O	Age	Adult	-0.05643
CCN1CCN(C(=O)NC(C(=O)NC2C(=O)N3C(C(=O)O)=C(CSc4nnnn4C)CSC23)c2ccc(O)cc2)C(=O)C1=O	Age	Elderly	-0.21099
CCN1CCN(C(=O)NC(C(=O)NC2C(=O)N3C(C(=O)O)=C(CSc4nnnn4C)CSC23)c2ccc(O)cc2)C(=O)C1=O	Weight	Low	-0.40816
CCN1CCN(C(=O)NC(C(=O)NC2C(=O)N3C(C(=O)O)=C(CSc4nnnn4C)CSC23)c2ccc(O)cc2)C(=O)C1=O	Weight	Average	-0.41473
CCN1CCN(C(=O)NC(C(=O)NC2C(=O)N3C(C(=O)O)=C(CSc4nnnn4C)CSC23)c2ccc(O)cc2)C(=O)C1=O	Weight	High	-0.4808
COc1cc(C(=O)NCc2ccc(OCCN(C)C)cc2)cc(OC)c1OC	Sex	Male	-0.16611
COc1cc(C(=O)NCc2ccc(OCCN(C)C)cc2)cc(OC)c1OC	Sex	Female	-0.07837
COc1cc(C(=O)NCc2ccc(OCCN(C)C)cc2)cc(OC)c1OC	Age	Children	-0.16977
COc1cc(C(=O)NCc2ccc(OCCN(C)C)cc2)cc(OC)c1OC	Age	Adolescent	-0.1282
COc1cc(C(=O)NCc2ccc(OCCN(C)C)cc2)cc(OC)c1OC	Age	Adult	-0.08059
COc1cc(C(=O)NCc2ccc(OCCN(C)C)cc2)cc(OC)c1OC	Age	Elderly	-0.15899
COc1cc(C(=O)NCc2ccc(OCCN(C)C)cc2)cc(OC)c1OC	Weight	Low	-0.31892
COc1cc(C(=O)NCc2ccc(OCCN(C)C)cc2)cc(OC)c1OC	Weight	Average	-0.2078
COc1cc(C(=O)NCc2ccc(OCCN(C)C)cc2)cc(OC)c1OC	Weight	High	-0.1819
O=C(O)CNC(=O)c1c(O)n(C2CCCCC2)c(=O)n(C2CCCCC2)c1=O	Sex	Male	-0.198
O=C(O)CNC(=O)c1c(O)n(C2CCCCC2)c(=O)n(C2CCCCC2)c1=O	Sex	Female	-0.06373
O=C(O)CNC(=O)c1c(O)n(C2CCCCC2)c(=O)n(C2CCCCC2)c1=O	Age	Children	-0.26051
O=C(O)CNC(=O)c1c(O)n(C2CCCCC2)c(=O)n(C2CCCCC2)c1=O	Age	Adolescent	-0.23018
O=C(O)CNC(=O)c1c(O)n(C2CCCCC2)c(=O)n(C2CCCCC2)c1=O	Age	Adult	-0.22372
O=C(O)CNC(=O)c1c(O)n(C2CCCCC2)c(=O)n(C2CCCCC2)c1=O	Age	Elderly	-0.27397
O=C(O)CNC(=O)c1c(O)n(C2CCCCC2)c(=O)n(C2CCCCC2)c1=O	Weight	Low	-0.42092
O=C(O)CNC(=O)c1c(O)n(C2CCCCC2)c(=O)n(C2CCCCC2)c1=O	Weight	Average	-0.3941
O=C(O)CNC(=O)c1c(O)n(C2CCCCC2)c(=O)n(C2CCCCC2)c1=O	Weight	High	-0.4277
CCN1CCN(Cc2ccc(Nc3ncc(F)c(-c4cc(F)c5nc(C)n(C(C)C)c5c4)n3)nc2)CC1	Sex	Male	-0.22397
CCN1CCN(Cc2ccc(Nc3ncc(F)c(-c4cc(F)c5nc(C)n(C(C)C)c5c4)n3)nc2)CC1	Sex	Female	-0.05045
CCN1CCN(Cc2ccc(Nc3ncc(F)c(-c4cc(F)c5nc(C)n(C(C)C)c5c4)n3)nc2)CC1	Age	Children	-0.27991
CCN1CCN(Cc2ccc(Nc3ncc(F)c(-c4cc(F)c5nc(C)n(C(C)C)c5c4)n3)nc2)CC1	Age	Adolescent	-0.18093
CCN1CCN(Cc2ccc(Nc3ncc(F)c(-c4cc(F)c5nc(C)n(C(C)C)c5c4)n3)nc2)CC1	Age	Adult	-0.16985
CCN1CCN(Cc2ccc(Nc3ncc(F)c(-c4cc(F)c5nc(C)n(C(C)C)c5c4)n3)nc2)CC1	Age	Elderly	-0.2202
CCN1CCN(Cc2ccc(Nc3ncc(F)c(-c4cc(F)c5nc(C)n(C(C)C)c5c4)n3)nc2)CC1	Weight	Low	-0.27464
CCN1CCN(Cc2ccc(Nc3ncc(F)c(-c4cc(F)c5nc(C)n(C(C)C)c5c4)n3)nc2)CC1	Weight	Average	-0.22461
CCN1CCN(Cc2ccc(Nc3ncc(F)c(-c4cc(F)c5nc(C)n(C(C)C)c5c4)n3)nc2)CC1	Weight	High	-0.19639
CC(=CC(=O)OCCCCCCCCC(=O)O)CC1OCC(CC2OC2C(C)C(C)O)C(O)C1O	Sex	Male	-0.08244
CC(=CC(=O)OCCCCCCCCC(=O)O)CC1OCC(CC2OC2C(C)C(C)O)C(O)C1O	Sex	Female	-0.0352
CC(=CC(=O)OCCCCCCCCC(=O)O)CC1OCC(CC2OC2C(C)C(C)O)C(O)C1O	Age	Children	-0.2706
CC(=CC(=O)OCCCCCCCCC(=O)O)CC1OCC(CC2OC2C(C)C(C)O)C(O)C1O	Age	Adolescent	-0.18189
CC(=CC(=O)OCCCCCCCCC(=O)O)CC1OCC(CC2OC2C(C)C(C)O)C(O)C1O	Age	Adult	-0.07137
CC(=CC(=O)OCCCCCCCCC(=O)O)CC1OCC(CC2OC2C(C)C(C)O)C(O)C1O	Age	Elderly	-0.26743
CC(=CC(=O)OCCCCCCCCC(=O)O)CC1OCC(CC2OC2C(C)C(C)O)C(O)C1O	Weight	Low	-0.21828
CC(=CC(=O)OCCCCCCCCC(=O)O)CC1OCC(CC2OC2C(C)C(C)O)C(O)C1O	Weight	Average	-0.17508
CC(=CC(=O)OCCCCCCCCC(=O)O)CC1OCC(CC2OC2C(C)C(C)O)C(O)C1O	Weight	High	-0.19208
CC(CN1CC(=O)NC(=O)C1)N1CC(=O)NC(=O)C1	Sex	Male	-0.10976
CC(CN1CC(=O)NC(=O)C1)N1CC(=O)NC(=O)C1	Sex	Female	-0.01396
CC(CN1CC(=O)NC(=O)C1)N1CC(=O)NC(=O)C1	Age	Children	-0.22191
CC(CN1CC(=O)NC(=O)C1)N1CC(=O)NC(=O)C1	Age	Adolescent	-0.14033
CC(CN1CC(=O)NC(=O)C1)N1CC(=O)NC(=O)C1	Age	Adult	-0.0417
CC(CN1CC(=O)NC(=O)C1)N1CC(=O)NC(=O)C1	Age	Elderly	-0.21092
CC(CN1CC(=O)NC(=O)C1)N1CC(=O)NC(=O)C1	Weight	Low	-0.43994
CC(CN1CC(=O)NC(=O)C1)N1CC(=O)NC(=O)C1	Weight	Average	-0.34376
CC(CN1CC(=O)NC(=O)C1)N1CC(=O)NC(=O)C1	Weight	High	-0.41441
CC12CCC3c4ccc(O)cc4CC(CCCCCCCCCS(=O)CCCC(F)(F)C(F)(F)F)C3C1CCC2O	Sex	Male	-0.06249
CC12CCC3c4ccc(O)cc4CC(CCCCCCCCCS(=O)CCCC(F)(F)C(F)(F)F)C3C1CCC2O	Sex	Female	-0.04848
CC12CCC3c4ccc(O)cc4CC(CCCCCCCCCS(=O)CCCC(F)(F)C(F)(F)F)C3C1CCC2O	Age	Children	-0.11393
CC12CCC3c4ccc(O)cc4CC(CCCCCCCCCS(=O)CCCC(F)(F)C(F)(F)F)C3C1CCC2O	Age	Adolescent	-0.16033
CC12CCC3c4ccc(O)cc4CC(CCCCCCCCCS(=O)CCCC(F)(F)C(F)(F)F)C3C1CCC2O	Age	Adult	-0.04251
CC12CCC3c4ccc(O)cc4CC(CCCCCCCCCS(=O)CCCC(F)(F)C(F)(F)F)C3C1CCC2O	Age	Elderly	-0.20037
CC12CCC3c4ccc(O)cc4CC(CCCCCCCCCS(=O)CCCC(F)(F)C(F)(F)F)C3C1CCC2O	Weight	Low	-0.37557
CC12CCC3c4ccc(O)cc4CC(CCCCCCCCCS(=O)CCCC(F)(F)C(F)(F)F)C3C1CCC2O	Weight	Average	-0.30658
CC12CCC3c4ccc(O)cc4CC(CCCCCCCCCS(=O)CCCC(F)(F)C(F)(F)F)C3C1CCC2O	Weight	High	-0.40299
CCOC(=O)c1c(CSc2ccccc2)n(C)c2cc(Br)c(O)c(CN(C)C)c12	Sex	Male	-0.12539
CCOC(=O)c1c(CSc2ccccc2)n(C)c2cc(Br)c(O)c(CN(C)C)c12	Sex	Female	-0.0819
CCOC(=O)c1c(CSc2ccccc2)n(C)c2cc(Br)c(O)c(CN(C)C)c12	Age	Children	-0.1704
CCOC(=O)c1c(CSc2ccccc2)n(C)c2cc(Br)c(O)c(CN(C)C)c12	Age	Adolescent	-0.04794
CCOC(=O)c1c(CSc2ccccc2)n(C)c2cc(Br)c(O)c(CN(C)C)c12	Age	Adult	-0.0693
CCOC(=O)c1c(CSc2ccccc2)n(C)c2cc(Br)c(O)c(CN(C)C)c12	Age	Elderly	-0.26863
CCOC(=O)c1c(CSc2ccccc2)n(C)c2cc(Br)c(O)c(CN(C)C)c12	Weight	Low	-0.25367
CCOC(=O)c1c(CSc2ccccc2)n(C)c2cc(Br)c(O)c(CN(C)C)c12	Weight	Average	-0.31452
CCOC(=O)c1c(CSc2ccccc2)n(C)c2cc(Br)c(O)c(CN(C)C)c12	Weight	High	-0.35531
COc1cc(CNC(=O)CCCCC=CC(C)C)ccc1O	Sex	Male	-0.23866
COc1cc(CNC(=O)CCCCC=CC(C)C)ccc1O	Sex	Female	-0.10809
COc1cc(CNC(=O)CCCCC=CC(C)C)ccc1O	Age	Children	-0.29347
COc1cc(CNC(=O)CCCCC=CC(C)C)ccc1O	Age	Adolescent	-0.16279
COc1cc(CNC(=O)CCCCC=CC(C)C)ccc1O	Age	Adult	-0.15069
COc1cc(CNC(=O)CCCCC=CC(C)C)ccc1O	Age	Elderly	-0.24897
COc1cc(CNC(=O)CCCCC=CC(C)C)ccc1O	Weight	Low	-0.41929
COc1cc(CNC(=O)CCCCC=CC(C)C)ccc1O	Weight	Average	-0.33004
COc1cc(CNC(=O)CCCCC=CC(C)C)ccc1O	Weight	High	-0.4201
COc1ccc(CNc2nc(N3CCCC3CO)ncc2C(=O)NCc2ncccn2)cc1Cl	Sex	Male	-0.2224
COc1ccc(CNc2nc(N3CCCC3CO)ncc2C(=O)NCc2ncccn2)cc1Cl	Sex	Female	-0.07455
COc1ccc(CNc2nc(N3CCCC3CO)ncc2C(=O)NCc2ncccn2)cc1Cl	Age	Children	-0.18387
COc1ccc(CNc2nc(N3CCCC3CO)ncc2C(=O)NCc2ncccn2)cc1Cl	Age	Adolescent	-0.16415
COc1ccc(CNc2nc(N3CCCC3CO)ncc2C(=O)NCc2ncccn2)cc1Cl	Age	Adult	-0.17836
COc1ccc(CNc2nc(N3CCCC3CO)ncc2C(=O)NCc2ncccn2)cc1Cl	Age	Elderly	-0.25602
COc1ccc(CNc2nc(N3CCCC3CO)ncc2C(=O)NCc2ncccn2)cc1Cl	Weight	Low	-0.26618
COc1ccc(CNc2nc(N3CCCC3CO)ncc2C(=O)NCc2ncccn2)cc1Cl	Weight	Average	-0.22808
COc1ccc(CNc2nc(N3CCCC3CO)ncc2C(=O)NCc2ncccn2)cc1Cl	Weight	High	-0.21461
COc1ccc(OC)c(C(O)CNC(=O)CN)c1	Sex	Male	-0.02668
COc1ccc(OC)c(C(O)CNC(=O)CN)c1	Sex	Female	-0.00895
COc1ccc(OC)c(C(O)CNC(=O)CN)c1	Age	Children	-0.05805
COc1ccc(OC)c(C(O)CNC(=O)CN)c1	Age	Adolescent	-0.01573
COc1ccc(OC)c(C(O)CNC(=O)CN)c1	Age	Adult	-0.0044
COc1ccc(OC)c(C(O)CNC(=O)CN)c1	Age	Elderly	-0.04879
COc1ccc(OC)c(C(O)CNC(=O)CN)c1	Weight	Low	-0.07388
COc1ccc(OC)c(C(O)CNC(=O)CN)c1	Weight	Average	-0.05248
COc1ccc(OC)c(C(O)CNC(=O)CN)c1	Weight	High	-0.07406
CS(=O)(=O)c1cccc(CC(NC(=O)c2c(Cl)cc3c(c2Cl)CCN(C(=O)c2ccc4ccoc4c2)C3)C(=O)O)c1	Sex	Male	-0.23016
CS(=O)(=O)c1cccc(CC(NC(=O)c2c(Cl)cc3c(c2Cl)CCN(C(=O)c2ccc4ccoc4c2)C3)C(=O)O)c1	Sex	Female	-0.06602
CS(=O)(=O)c1cccc(CC(NC(=O)c2c(Cl)cc3c(c2Cl)CCN(C(=O)c2ccc4ccoc4c2)C3)C(=O)O)c1	Age	Children	-0.28846
CS(=O)(=O)c1cccc(CC(NC(=O)c2c(Cl)cc3c(c2Cl)CCN(C(=O)c2ccc4ccoc4c2)C3)C(=O)O)c1	Age	Adolescent	-0.15821
CS(=O)(=O)c1cccc(CC(NC(=O)c2c(Cl)cc3c(c2Cl)CCN(C(=O)c2ccc4ccoc4c2)C3)C(=O)O)c1	Age	Adult	-0.09548
CS(=O)(=O)c1cccc(CC(NC(=O)c2c(Cl)cc3c(c2Cl)CCN(C(=O)c2ccc4ccoc4c2)C3)C(=O)O)c1	Age	Elderly	-0.20753
CS(=O)(=O)c1cccc(CC(NC(=O)c2c(Cl)cc3c(c2Cl)CCN(C(=O)c2ccc4ccoc4c2)C3)C(=O)O)c1	Weight	Low	-0.31907
CS(=O)(=O)c1cccc(CC(NC(=O)c2c(Cl)cc3c(c2Cl)CCN(C(=O)c2ccc4ccoc4c2)C3)C(=O)O)c1	Weight	Average	-0.29571
CS(=O)(=O)c1cccc(CC(NC(=O)c2c(Cl)cc3c(c2Cl)CCN(C(=O)c2ccc4ccoc4c2)C3)C(=O)O)c1	Weight	High	-0.29071
Cc1c(Cl)c(C)[n+]([O-])c(Cl)c1-c1noc(-c2cc(O)c(O)c([N+](=O)[O-])c2)n1	Sex	Male	-0.08254
Cc1c(Cl)c(C)[n+]([O-])c(Cl)c1-c1noc(-c2cc(O)c(O)c([N+](=O)[O-])c2)n1	Sex	Female	-0.0611
Cc1c(Cl)c(C)[n+]([O-])c(Cl)c1-c1noc(-c2cc(O)c(O)c([N+](=O)[O-])c2)n1	Age	Children	-0.19677
Cc1c(Cl)c(C)[n+]([O-])c(Cl)c1-c1noc(-c2cc(O)c(O)c([N+](=O)[O-])c2)n1	Age	Adolescent	-0.16142
Cc1c(Cl)c(C)[n+]([O-])c(Cl)c1-c1noc(-c2cc(O)c(O)c([N+](=O)[O-])c2)n1	Age	Adult	-0.194
Cc1c(Cl)c(C)[n+]([O-])c(Cl)c1-c1noc(-c2cc(O)c(O)c([N+](=O)[O-])c2)n1	Age	Elderly	-0.28641
Cc1c(Cl)c(C)[n+]([O-])c(Cl)c1-c1noc(-c2cc(O)c(O)c([N+](=O)[O-])c2)n1	Weight	Low	-0.28006
Cc1c(Cl)c(C)[n+]([O-])c(Cl)c1-c1noc(-c2cc(O)c(O)c([N+](=O)[O-])c2)n1	Weight	Average	-0.18445
Cc1c(Cl)c(C)[n+]([O-])c(Cl)c1-c1noc(-c2cc(O)c(O)c([N+](=O)[O-])c2)n1	Weight	High	-0.2564
Clc1ccc(COC(Cn2ccnc2)c2ccc(Cl)cc2Cl)c(Cl)c1	Sex	Male	-0.24459
Clc1ccc(COC(Cn2ccnc2)c2ccc(Cl)cc2Cl)c(Cl)c1	Sex	Female	-0.0457
Clc1ccc(COC(Cn2ccnc2)c2ccc(Cl)cc2Cl)c(Cl)c1	Age	Children	-0.25683
Clc1ccc(COC(Cn2ccnc2)c2ccc(Cl)cc2Cl)c(Cl)c1	Age	Adolescent	-0.03774
Clc1ccc(COC(Cn2ccnc2)c2ccc(Cl)cc2Cl)c(Cl)c1	Age	Adult	-0.18287
Clc1ccc(COC(Cn2ccnc2)c2ccc(Cl)cc2Cl)c(Cl)c1	Age	Elderly	-0.47247
Clc1ccc(COC(Cn2ccnc2)c2ccc(Cl)cc2Cl)c(Cl)c1	Weight	Low	-0.2617
Clc1ccc(COC(Cn2ccnc2)c2ccc(Cl)cc2Cl)c(Cl)c1	Weight	Average	-0.24671
Clc1ccc(COC(Cn2ccnc2)c2ccc(Cl)cc2Cl)c(Cl)c1	Weight	High	-0.31222
N#CCNC(=O)c1ccc(-c2ccnc(Nc3ccc(N4CCOCC4)cc3)n2)cc1	Sex	Male	-0.16094
N#CCNC(=O)c1ccc(-c2ccnc(Nc3ccc(N4CCOCC4)cc3)n2)cc1	Sex	Female	-0.02879
N#CCNC(=O)c1ccc(-c2ccnc(Nc3ccc(N4CCOCC4)cc3)n2)cc1	Age	Children	-0.19634
N#CCNC(=O)c1ccc(-c2ccnc(Nc3ccc(N4CCOCC4)cc3)n2)cc1	Age	Adolescent	-0.20441
N#CCNC(=O)c1ccc(-c2ccnc(Nc3ccc(N4CCOCC4)cc3)n2)cc1	Age	Adult	-0.13893
N#CCNC(=O)c1ccc(-c2ccnc(Nc3ccc(N4CCOCC4)cc3)n2)cc1	Age	Elderly	-0.29843
N#CCNC(=O)c1ccc(-c2ccnc(Nc3ccc(N4CCOCC4)cc3)n2)cc1	Weight	Low	-0.3479
N#CCNC(=O)c1ccc(-c2ccnc(Nc3ccc(N4CCOCC4)cc3)n2)cc1	Weight	Average	-0.2577
N#CCNC(=O)c1ccc(-c2ccnc(Nc3ccc(N4CCOCC4)cc3)n2)cc1	Weight	High	-0.27325
NCCCNCCSP(=O)(O)O	Sex	Male	-0.15017
NCCCNCCSP(=O)(O)O	Sex	Female	-0.05497
NCCCNCCSP(=O)(O)O	Age	Children	-0.2438
NCCCNCCSP(=O)(O)O	Age	Adolescent	-0.14262
NCCCNCCSP(=O)(O)O	Age	Adult	-0.05394
NCCCNCCSP(=O)(O)O	Age	Elderly	-0.28687
NCCCNCCSP(=O)(O)O	Weight	Low	-0.32793
NCCCNCCSP(=O)(O)O	Weight	Average	-0.23965
NCCCNCCSP(=O)(O)O	Weight	High	-0.26038
O=C(O)O	Sex	Male	-0.10007
O=C(O)O	Sex	Female	-0.05999
O=C(O)O	Age	Children	-0.24949
O=C(O)O	Age	Adolescent	-0.13834
O=C(O)O	Age	Adult	-0.06227
O=C(O)O	Age	Elderly	-0.31035
O=C(O)O	Weight	Low	-0.44739
O=C(O)O	Weight	Average	-0.42107
O=C(O)O	Weight	High	-0.34942
O=c1[nH]c(O)cn1N=Cc1ccc([N+](=O)[O-])o1	Sex	Male	-0.12676
O=c1[nH]c(O)cn1N=Cc1ccc([N+](=O)[O-])o1	Sex	Female	-0.05432
O=c1[nH]c(O)cn1N=Cc1ccc([N+](=O)[O-])o1	Age	Children	-0.16344
O=c1[nH]c(O)cn1N=Cc1ccc([N+](=O)[O-])o1	Age	Adolescent	-0.24138
O=c1[nH]c(O)cn1N=Cc1ccc([N+](=O)[O-])o1	Age	Adult	-0.21319
O=c1[nH]c(O)cn1N=Cc1ccc([N+](=O)[O-])o1	Age	Elderly	-0.35705
O=c1[nH]c(O)cn1N=Cc1ccc([N+](=O)[O-])o1	Weight	Low	-0.47939
O=c1[nH]c(O)cn1N=Cc1ccc([N+](=O)[O-])o1	Weight	Average	-0.44517
O=c1[nH]c(O)cn1N=Cc1ccc([N+](=O)[O-])o1	Weight	High	-0.56045
CC(CN(C)C)CN1c2ccccc2CCc2ccccc21	Sex	Male	-0.11557
CC(CN(C)C)CN1c2ccccc2CCc2ccccc21	Sex	Female	-0.0053
CC(CN(C)C)CN1c2ccccc2CCc2ccccc21	Age	Children	-0.10672
CC(CN(C)C)CN1c2ccccc2CCc2ccccc21	Age	Adolescent	-0.023
CC(CN(C)C)CN1c2ccccc2CCc2ccccc21	Age	Adult	-0.02698
CC(CN(C)C)CN1c2ccccc2CCc2ccccc21	Age	Elderly	-0.30367
CC(CN(C)C)CN1c2ccccc2CCc2ccccc21	Weight	Low	-0.38791
CC(CN(C)C)CN1c2ccccc2CCc2ccccc21	Weight	Average	-0.39252
CC(CN(C)C)CN1c2ccccc2CCc2ccccc21	Weight	High	-0.31204
CC1=C(C(=O)O)N2C(=O)C(NC(=O)C(N)c3ccc(O)cc3)C2SC1	Sex	Male	-0.26881
CC1=C(C(=O)O)N2C(=O)C(NC(=O)C(N)c3ccc(O)cc3)C2SC1	Sex	Female	-0.03101
CC1=C(C(=O)O)N2C(=O)C(NC(=O)C(N)c3ccc(O)cc3)C2SC1	Age	Children	-0.31029
CC1=C(C(=O)O)N2C(=O)C(NC(=O)C(N)c3ccc(O)cc3)C2SC1	Age	Adolescent	-0.17534
CC1=C(C(=O)O)N2C(=O)C(NC(=O)C(N)c3ccc(O)cc3)C2SC1	Age	Adult	-0.15595
CC1=C(C(=O)O)N2C(=O)C(NC(=O)C(N)c3ccc(O)cc3)C2SC1	Age	Elderly	-0.27025
CC1=C(C(=O)O)N2C(=O)C(NC(=O)C(N)c3ccc(O)cc3)C2SC1	Weight	Low	-0.4398
CC1=C(C(=O)O)N2C(=O)C(NC(=O)C(N)c3ccc(O)cc3)C2SC1	Weight	Average	-0.47167
CC1=C(C(=O)O)N2C(=O)C(NC(=O)C(N)c3ccc(O)cc3)C2SC1	Weight	High	-0.47245
CC1OC1P(=O)(O)O	Sex	Male	-0.12867
CC1OC1P(=O)(O)O	Sex	Female	-0.05162
CC1OC1P(=O)(O)O	Age	Children	-0.24584
CC1OC1P(=O)(O)O	Age	Adolescent	-0.2119
CC1OC1P(=O)(O)O	Age	Adult	-0.11703
CC1OC1P(=O)(O)O	Age	Elderly	-0.27388
CC1OC1P(=O)(O)O	Weight	Low	-0.55033
CC1OC1P(=O)(O)O	Weight	Average	-0.46632
CC1OC1P(=O)(O)O	Weight	High	-0.38746
COc1ccc2cc(CCC(C)=O)ccc2c1	Sex	Male	-0.1609
COc1ccc2cc(CCC(C)=O)ccc2c1	Sex	Female	-0.02171
COc1ccc2cc(CCC(C)=O)ccc2c1	Age	Children	-0.25124
COc1ccc2cc(CCC(C)=O)ccc2c1	Age	Adolescent	-0.10603
COc1ccc2cc(CCC(C)=O)ccc2c1	Age	Adult	-0.05999
COc1ccc2cc(CCC(C)=O)ccc2c1	Age	Elderly	-0.26272
COc1ccc2cc(CCC(C)=O)ccc2c1	Weight	Low	-0.37894
COc1ccc2cc(CCC(C)=O)ccc2c1	Weight	Average	-0.25524
COc1ccc2cc(CCC(C)=O)ccc2c1	Weight	High	-0.37041
Cc1onc(-c2c(Cl)cccc2Cl)c1C(=O)NC1C(=O)N2C1SC(C)(C)C2C(=O)O	Sex	Male	-0.13408
Cc1onc(-c2c(Cl)cccc2Cl)c1C(=O)NC1C(=O)N2C1SC(C)(C)C2C(=O)O	Sex	Female	-0.05757
Cc1onc(-c2c(Cl)cccc2Cl)c1C(=O)NC1C(=O)N2C1SC(C)(C)C2C(=O)O	Age	Children	-0.24577
Cc1onc(-c2c(Cl)cccc2Cl)c1C(=O)NC1C(=O)N2C1SC(C)(C)C2C(=O)O	Age	Adolescent	-0.24524
Cc1onc(-c2c(Cl)cccc2Cl)c1C(=O)NC1C(=O)N2C1SC(C)(C)C2C(=O)O	Age	Adult	-0.13443
Cc1onc(-c2c(Cl)cccc2Cl)c1C(=O)NC1C(=O)N2C1SC(C)(C)C2C(=O)O	Age	Elderly	-0.25556
Cc1onc(-c2c(Cl)cccc2Cl)c1C(=O)NC1C(=O)N2C1SC(C)(C)C2C(=O)O	Weight	Low	-0.36362
Cc1onc(-c2c(Cl)cccc2Cl)c1C(=O)NC1C(=O)N2C1SC(C)(C)C2C(=O)O	Weight	Average	-0.37186
Cc1onc(-c2c(Cl)cccc2Cl)c1C(=O)NC1C(=O)N2C1SC(C)(C)C2C(=O)O	Weight	High	-0.39192
NC(C(=O)NC1C(=O)N2C(C(=O)O)=C(Cl)CSC12)c1ccccc1	Sex	Male	-0.26492
NC(C(=O)NC1C(=O)N2C(C(=O)O)=C(Cl)CSC12)c1ccccc1	Sex	Female	-0.02081
NC(C(=O)NC1C(=O)N2C(C(=O)O)=C(Cl)CSC12)c1ccccc1	Age	Children	-0.29224
NC(C(=O)NC1C(=O)N2C(C(=O)O)=C(Cl)CSC12)c1ccccc1	Age	Adolescent	-0.10197
NC(C(=O)NC1C(=O)N2C(C(=O)O)=C(Cl)CSC12)c1ccccc1	Age	Adult	-0.10128
NC(C(=O)NC1C(=O)N2C(C(=O)O)=C(Cl)CSC12)c1ccccc1	Age	Elderly	-0.32848
NC(C(=O)NC1C(=O)N2C(C(=O)O)=C(Cl)CSC12)c1ccccc1	Weight	Low	-0.36119
NC(C(=O)NC1C(=O)N2C(C(=O)O)=C(Cl)CSC12)c1ccccc1	Weight	Average	-0.47687
NC(C(=O)NC1C(=O)N2C(C(=O)O)=C(Cl)CSC12)c1ccccc1	Weight	High	-0.46521
O=P(O)(O)C(O)P(=O)(O)O	Sex	Male	-0.09598
O=P(O)(O)C(O)P(=O)(O)O	Sex	Female	-0.05115
O=P(O)(O)C(O)P(=O)(O)O	Age	Children	-0.24084
O=P(O)(O)C(O)P(=O)(O)O	Age	Adolescent	-0.08535
O=P(O)(O)C(O)P(=O)(O)O	Age	Adult	-0.07237
O=P(O)(O)C(O)P(=O)(O)O	Age	Elderly	-0.22968
O=P(O)(O)C(O)P(=O)(O)O	Weight	Low	-0.3807
O=P(O)(O)C(O)P(=O)(O)O	Weight	Average	-0.37985
O=P(O)(O)C(O)P(=O)(O)O	Weight	High	-0.30956
CNC1CCc2[nH]c3ccc(C(N)=O)cc3c2C1	Sex	Male	-0.17265
CNC1CCc2[nH]c3ccc(C(N)=O)cc3c2C1	Sex	Female	-0.11845
CNC1CCc2[nH]c3ccc(C(N)=O)cc3c2C1	Age	Children	-0.28273
CNC1CCc2[nH]c3ccc(C(N)=O)cc3c2C1	Age	Adolescent	-0.20437
CNC1CCc2[nH]c3ccc(C(N)=O)cc3c2C1	Age	Adult	-0.11827
CNC1CCc2[nH]c3ccc(C(N)=O)cc3c2C1	Age	Elderly	-0.21149
CNC1CCc2[nH]c3ccc(C(N)=O)cc3c2C1	Weight	Low	-0.42124
CNC1CCc2[nH]c3ccc(C(N)=O)cc3c2C1	Weight	Average	-0.41076
CNC1CCc2[nH]c3ccc(C(N)=O)cc3c2C1	Weight	High	-0.46166
CC(=O)OC1(C(C)=O)CCC2C3=CC(Cl)=C4CC(=O)C5CC5C4(C)C3CCC21C	Sex	Male	-0.08243
CC(=O)OC1(C(C)=O)CCC2C3=CC(Cl)=C4CC(=O)C5CC5C4(C)C3CCC21C	Sex	Female	-0.09101
CC(=O)OC1(C(C)=O)CCC2C3=CC(Cl)=C4CC(=O)C5CC5C4(C)C3CCC21C	Age	Children	-0.10529
CC(=O)OC1(C(C)=O)CCC2C3=CC(Cl)=C4CC(=O)C5CC5C4(C)C3CCC21C	Age	Adolescent	-0.25593
CC(=O)OC1(C(C)=O)CCC2C3=CC(Cl)=C4CC(=O)C5CC5C4(C)C3CCC21C	Age	Adult	-0.15095
CC(=O)OC1(C(C)=O)CCC2C3=CC(Cl)=C4CC(=O)C5CC5C4(C)C3CCC21C	Age	Elderly	-0.23812
CC(=O)OC1(C(C)=O)CCC2C3=CC(Cl)=C4CC(=O)C5CC5C4(C)C3CCC21C	Weight	Low	-0.27597
CC(=O)OC1(C(C)=O)CCC2C3=CC(Cl)=C4CC(=O)C5CC5C4(C)C3CCC21C	Weight	Average	-0.34085
CC(=O)OC1(C(C)=O)CCC2C3=CC(Cl)=C4CC(=O)C5CC5C4(C)C3CCC21C	Weight	High	-0.25186
CC1OC2(CS1)CN1CCC2CC1	Sex	Male	-0.26866
CC1OC2(CS1)CN1CCC2CC1	Sex	Female	-0.08366
CC1OC2(CS1)CN1CCC2CC1	Age	Children	-0.2613
CC1OC2(CS1)CN1CCC2CC1	Age	Adolescent	-0.20425
CC1OC2(CS1)CN1CCC2CC1	Age	Adult	-0.22061
CC1OC2(CS1)CN1CCC2CC1	Age	Elderly	-0.26787
CC1OC2(CS1)CN1CCC2CC1	Weight	Low	-0.4287
CC1OC2(CS1)CN1CCC2CC1	Weight	Average	-0.39404
CC1OC2(CS1)CN1CCC2CC1	Weight	High	-0.37728
CCc1nc(C)ccc1O	Sex	Male	-0.25593
CCc1nc(C)ccc1O	Sex	Female	0.0063
CCc1nc(C)ccc1O	Age	Children	-0.20129
CCc1nc(C)ccc1O	Age	Adolescent	-0.12527
CCc1nc(C)ccc1O	Age	Adult	-0.17874
CCc1nc(C)ccc1O	Age	Elderly	-0.43959
CCc1nc(C)ccc1O	Weight	Low	-0.5066
CCc1nc(C)ccc1O	Weight	Average	-0.35196
CCc1nc(C)ccc1O	Weight	High	-0.53714
COC1(NC(=O)Cc2cccs2)C(=O)N2C(C(=O)O)=C(COC(N)=O)CSC21	Sex	Male	-0.21915
COC1(NC(=O)Cc2cccs2)C(=O)N2C(C(=O)O)=C(COC(N)=O)CSC21	Sex	Female	-0.02197
COC1(NC(=O)Cc2cccs2)C(=O)N2C(C(=O)O)=C(COC(N)=O)CSC21	Age	Children	-0.27322
COC1(NC(=O)Cc2cccs2)C(=O)N2C(C(=O)O)=C(COC(N)=O)CSC21	Age	Adolescent	-0.15212
COC1(NC(=O)Cc2cccs2)C(=O)N2C(C(=O)O)=C(COC(N)=O)CSC21	Age	Adult	-0.03217
COC1(NC(=O)Cc2cccs2)C(=O)N2C(C(=O)O)=C(COC(N)=O)CSC21	Age	Elderly	-0.36316
COC1(NC(=O)Cc2cccs2)C(=O)N2C(C(=O)O)=C(COC(N)=O)CSC21	Weight	Low	-0.34651
COC1(NC(=O)Cc2cccs2)C(=O)N2C(C(=O)O)=C(COC(N)=O)CSC21	Weight	Average	-0.43554
COC1(NC(=O)Cc2cccs2)C(=O)N2C(C(=O)O)=C(COC(N)=O)CSC21	Weight	High	-0.49574
OCC1OC(n2cnc3c2N=CNCC3O)CC1O	Sex	Male	-0.13759
OCC1OC(n2cnc3c2N=CNCC3O)CC1O	Sex	Female	0.00496
OCC1OC(n2cnc3c2N=CNCC3O)CC1O	Age	Children	-0.26806
OCC1OC(n2cnc3c2N=CNCC3O)CC1O	Age	Adolescent	-0.16516
OCC1OC(n2cnc3c2N=CNCC3O)CC1O	Age	Adult	-0.22358
OCC1OC(n2cnc3c2N=CNCC3O)CC1O	Age	Elderly	-0.3716
OCC1OC(n2cnc3c2N=CNCC3O)CC1O	Weight	Low	-0.4802
OCC1OC(n2cnc3c2N=CNCC3O)CC1O	Weight	Average	-0.27137
OCC1OC(n2cnc3c2N=CNCC3O)CC1O	Weight	High	-0.41754
CC(C)(S)C(N)C(=O)O	Sex	Male	-0.14393
CC(C)(S)C(N)C(=O)O	Sex	Female	-0.04589
CC(C)(S)C(N)C(=O)O	Age	Children	-0.3478
CC(C)(S)C(N)C(=O)O	Age	Adolescent	-0.09335
CC(C)(S)C(N)C(=O)O	Age	Adult	-0.05462
CC(C)(S)C(N)C(=O)O	Age	Elderly	-0.26626
CC(C)(S)C(N)C(=O)O	Weight	Low	-0.52575
CC(C)(S)C(N)C(=O)O	Weight	Average	-0.50436
CC(C)(S)C(N)C(=O)O	Weight	High	-0.38826
CC1OC(OC2C(O)CC(OC3C(O)CC(OC4CCC5(C)C(CCC6C5CCC5(C)C(C7=CC(=O)OC7)CCC65O)C4)OC3C)OC2C)CC(O)C1O	Sex	Male	-0.04856
CC1OC(OC2C(O)CC(OC3C(O)CC(OC4CCC5(C)C(CCC6C5CCC5(C)C(C7=CC(=O)OC7)CCC65O)C4)OC3C)OC2C)CC(O)C1O	Sex	Female	-0.02439
CC1OC(OC2C(O)CC(OC3C(O)CC(OC4CCC5(C)C(CCC6C5CCC5(C)C(C7=CC(=O)OC7)CCC65O)C4)OC3C)OC2C)CC(O)C1O	Age	Children	-0.04766
CC1OC(OC2C(O)CC(OC3C(O)CC(OC4CCC5(C)C(CCC6C5CCC5(C)C(C7=CC(=O)OC7)CCC65O)C4)OC3C)OC2C)CC(O)C1O	Age	Adolescent	-0.13082
CC1OC(OC2C(O)CC(OC3C(O)CC(OC4CCC5(C)C(CCC6C5CCC5(C)C(C7=CC(=O)OC7)CCC65O)C4)OC3C)OC2C)CC(O)C1O	Age	Adult	-0.10586
CC1OC(OC2C(O)CC(OC3C(O)CC(OC4CCC5(C)C(CCC6C5CCC5(C)C(C7=CC(=O)OC7)CCC65O)C4)OC3C)OC2C)CC(O)C1O	Age	Elderly	-0.11933
CC1OC(OC2C(O)CC(OC3C(O)CC(OC4CCC5(C)C(CCC6C5CCC5(C)C(C7=CC(=O)OC7)CCC65O)C4)OC3C)OC2C)CC(O)C1O	Weight	Low	-0.21773
CC1OC(OC2C(O)CC(OC3C(O)CC(OC4CCC5(C)C(CCC6C5CCC5(C)C(C7=CC(=O)OC7)CCC65O)C4)OC3C)OC2C)CC(O)C1O	Weight	Average	-0.19902
CC1OC(OC2C(O)CC(OC3C(O)CC(OC4CCC5(C)C(CCC6C5CCC5(C)C(C7=CC(=O)OC7)CCC65O)C4)OC3C)OC2C)CC(O)C1O	Weight	High	-0.22029
CNc1ccc(-c2nc3ccc(O)cc3s2)cc1[18F]	Sex	Male	-0.1707
CNc1ccc(-c2nc3ccc(O)cc3s2)cc1[18F]	Sex	Female	-0.05045
CNc1ccc(-c2nc3ccc(O)cc3s2)cc1[18F]	Age	Children	-0.13816
CNc1ccc(-c2nc3ccc(O)cc3s2)cc1[18F]	Age	Adolescent	-0.10938
CNc1ccc(-c2nc3ccc(O)cc3s2)cc1[18F]	Age	Adult	-0.15372
CNc1ccc(-c2nc3ccc(O)cc3s2)cc1[18F]	Age	Elderly	-0.30199
CNc1ccc(-c2nc3ccc(O)cc3s2)cc1[18F]	Weight	Low	-0.25586
CNc1ccc(-c2nc3ccc(O)cc3s2)cc1[18F]	Weight	Average	-0.20479
CNc1ccc(-c2nc3ccc(O)cc3s2)cc1[18F]	Weight	High	-0.31404
Cc1onc(-c2ccccc2)c1C(=O)NC1C(=O)N2C1SC(C)(C)C2C(=O)O	Sex	Male	-0.10308
Cc1onc(-c2ccccc2)c1C(=O)NC1C(=O)N2C1SC(C)(C)C2C(=O)O	Sex	Female	-0.07735
Cc1onc(-c2ccccc2)c1C(=O)NC1C(=O)N2C1SC(C)(C)C2C(=O)O	Age	Children	-0.2141
Cc1onc(-c2ccccc2)c1C(=O)NC1C(=O)N2C1SC(C)(C)C2C(=O)O	Age	Adolescent	-0.20669
Cc1onc(-c2ccccc2)c1C(=O)NC1C(=O)N2C1SC(C)(C)C2C(=O)O	Age	Adult	-0.11465
Cc1onc(-c2ccccc2)c1C(=O)NC1C(=O)N2C1SC(C)(C)C2C(=O)O	Age	Elderly	-0.22165
Cc1onc(-c2ccccc2)c1C(=O)NC1C(=O)N2C1SC(C)(C)C2C(=O)O	Weight	Low	-0.22445
Cc1onc(-c2ccccc2)c1C(=O)NC1C(=O)N2C1SC(C)(C)C2C(=O)O	Weight	Average	-0.26113
Cc1onc(-c2ccccc2)c1C(=O)NC1C(=O)N2C1SC(C)(C)C2C(=O)O	Weight	High	-0.30281
CC(=O)OCC1OC(n2ccc(=O)[nH]c2=O)C(OC(C)=O)C1OC(C)=O	Sex	Male	-0.19268
CC(=O)OCC1OC(n2ccc(=O)[nH]c2=O)C(OC(C)=O)C1OC(C)=O	Sex	Female	-0.00509
CC(=O)OCC1OC(n2ccc(=O)[nH]c2=O)C(OC(C)=O)C1OC(C)=O	Age	Children	-0.24798
CC(=O)OCC1OC(n2ccc(=O)[nH]c2=O)C(OC(C)=O)C1OC(C)=O	Age	Adolescent	-0.19116
CC(=O)OCC1OC(n2ccc(=O)[nH]c2=O)C(OC(C)=O)C1OC(C)=O	Age	Adult	-0.06857
CC(=O)OCC1OC(n2ccc(=O)[nH]c2=O)C(OC(C)=O)C1OC(C)=O	Age	Elderly	-0.22069
CC(=O)OCC1OC(n2ccc(=O)[nH]c2=O)C(OC(C)=O)C1OC(C)=O	Weight	Low	-0.40208
CC(=O)OCC1OC(n2ccc(=O)[nH]c2=O)C(OC(C)=O)C1OC(C)=O	Weight	Average	-0.40066
CC(=O)OCC1OC(n2ccc(=O)[nH]c2=O)C(OC(C)=O)C1OC(C)=O	Weight	High	-0.48808
CC(O)C(=O)O	Sex	Male	-0.08496
CC(O)C(=O)O	Sex	Female	-0.03696
CC(O)C(=O)O	Age	Children	-0.24371
CC(O)C(=O)O	Age	Adolescent	-0.04866
CC(O)C(=O)O	Age	Adult	-0.02784
CC(O)C(=O)O	Age	Elderly	-0.19654
CC(O)C(=O)O	Weight	Low	-0.33113
CC(O)C(=O)O	Weight	Average	-0.36118
CC(O)C(=O)O	Weight	High	-0.21312
CCC(c1ccccc1)c1c(O)c2ccccc2oc1=O	Sex	Male	-0.23583
CCC(c1ccccc1)c1c(O)c2ccccc2oc1=O	Sex	Female	-0.04108
CCC(c1ccccc1)c1c(O)c2ccccc2oc1=O	Age	Children	-0.23042
CCC(c1ccccc1)c1c(O)c2ccccc2oc1=O	Age	Adolescent	-0.08943
CCC(c1ccccc1)c1c(O)c2ccccc2oc1=O	Age	Adult	-0.10285
CCC(c1ccccc1)c1c(O)c2ccccc2oc1=O	Age	Elderly	-0.33115
CCC(c1ccccc1)c1c(O)c2ccccc2oc1=O	Weight	Low	-0.36132
CCC(c1ccccc1)c1c(O)c2ccccc2oc1=O	Weight	Average	-0.3108
CCC(c1ccccc1)c1c(O)c2ccccc2oc1=O	Weight	High	-0.41254
CCN1CCCC1CNC(=O)c1cc(S(N)(=O)=O)ccc1OC	Sex	Male	-0.2169
CCN1CCCC1CNC(=O)c1cc(S(N)(=O)=O)ccc1OC	Sex	Female	-0.02905
CCN1CCCC1CNC(=O)c1cc(S(N)(=O)=O)ccc1OC	Age	Children	-0.25758
CCN1CCCC1CNC(=O)c1cc(S(N)(=O)=O)ccc1OC	Age	Adolescent	-0.16362
CCN1CCCC1CNC(=O)c1cc(S(N)(=O)=O)ccc1OC	Age	Adult	-0.11758
CCN1CCCC1CNC(=O)c1cc(S(N)(=O)=O)ccc1OC	Age	Elderly	-0.35755
CCN1CCCC1CNC(=O)c1cc(S(N)(=O)=O)ccc1OC	Weight	Low	-0.31727
CCN1CCCC1CNC(=O)c1cc(S(N)(=O)=O)ccc1OC	Weight	Average	-0.26198
CCN1CCCC1CNC(=O)c1cc(S(N)(=O)=O)ccc1OC	Weight	High	-0.35859
COCCOC(=O)NCCCCC(N)C(=O)O	Sex	Male	-0.13996
COCCOC(=O)NCCCCC(N)C(=O)O	Sex	Female	-0.03043
COCCOC(=O)NCCCCC(N)C(=O)O	Age	Children	-0.3576
COCCOC(=O)NCCCCC(N)C(=O)O	Age	Adolescent	-0.07953
COCCOC(=O)NCCCCC(N)C(=O)O	Age	Adult	-0.02172
COCCOC(=O)NCCCCC(N)C(=O)O	Age	Elderly	-0.19835
COCCOC(=O)NCCCCC(N)C(=O)O	Weight	Low	-0.36209
COCCOC(=O)NCCCCC(N)C(=O)O	Weight	Average	-0.31504
COCCOC(=O)NCCCCC(N)C(=O)O	Weight	High	-0.24898
COc1cc(C(=O)NS(=O)(=O)c2ccccc2C)ccc1Cc1cn(C)c2ccc(NC(=O)OC3CCCC3)cc12	Sex	Male	-0.13533
COc1cc(C(=O)NS(=O)(=O)c2ccccc2C)ccc1Cc1cn(C)c2ccc(NC(=O)OC3CCCC3)cc12	Sex	Female	-0.14009
COc1cc(C(=O)NS(=O)(=O)c2ccccc2C)ccc1Cc1cn(C)c2ccc(NC(=O)OC3CCCC3)cc12	Age	Children	-0.24765
COc1cc(C(=O)NS(=O)(=O)c2ccccc2C)ccc1Cc1cn(C)c2ccc(NC(=O)OC3CCCC3)cc12	Age	Adolescent	-0.10315
COc1cc(C(=O)NS(=O)(=O)c2ccccc2C)ccc1Cc1cn(C)c2ccc(NC(=O)OC3CCCC3)cc12	Age	Adult	-0.11742
COc1cc(C(=O)NS(=O)(=O)c2ccccc2C)ccc1Cc1cn(C)c2ccc(NC(=O)OC3CCCC3)cc12	Age	Elderly	-0.14721
COc1cc(C(=O)NS(=O)(=O)c2ccccc2C)ccc1Cc1cn(C)c2ccc(NC(=O)OC3CCCC3)cc12	Weight	Low	-0.11469
COc1cc(C(=O)NS(=O)(=O)c2ccccc2C)ccc1Cc1cn(C)c2ccc(NC(=O)OC3CCCC3)cc12	Weight	Average	-0.11413
COc1cc(C(=O)NS(=O)(=O)c2ccccc2C)ccc1Cc1cn(C)c2ccc(NC(=O)OC3CCCC3)cc12	Weight	High	-0.15792
Clc1ccccc1C(c1ccccc1)(c1ccccc1)n1ccnc1	Sex	Male	-0.12011
Clc1ccccc1C(c1ccccc1)(c1ccccc1)n1ccnc1	Sex	Female	-0.05557
Clc1ccccc1C(c1ccccc1)(c1ccccc1)n1ccnc1	Age	Children	-0.1329
Clc1ccccc1C(c1ccccc1)(c1ccccc1)n1ccnc1	Age	Adolescent	-0.04984
Clc1ccccc1C(c1ccccc1)(c1ccccc1)n1ccnc1	Age	Adult	-0.16294
Clc1ccccc1C(c1ccccc1)(c1ccccc1)n1ccnc1	Age	Elderly	-0.46825
Clc1ccccc1C(c1ccccc1)(c1ccccc1)n1ccnc1	Weight	Low	-0.36292
Clc1ccccc1C(c1ccccc1)(c1ccccc1)n1ccnc1	Weight	Average	-0.33282
Clc1ccccc1C(c1ccccc1)(c1ccccc1)n1ccnc1	Weight	High	-0.45698
N=C(N)NCCN1CCCCCCC1	Sex	Male	-0.20248
N=C(N)NCCN1CCCCCCC1	Sex	Female	-0.03611
N=C(N)NCCN1CCCCCCC1	Age	Children	-0.26121
N=C(N)NCCN1CCCCCCC1	Age	Adolescent	-0.08974
N=C(N)NCCN1CCCCCCC1	Age	Adult	-0.09027
N=C(N)NCCN1CCCCCCC1	Age	Elderly	-0.26372
N=C(N)NCCN1CCCCCCC1	Weight	Low	-0.47008
N=C(N)NCCN1CCCCCCC1	Weight	Average	-0.40404
N=C(N)NCCN1CCCCCCC1	Weight	High	-0.28715
COc1ccc2[nH]cc(CCNC(C)=O)c2c1	Sex	Male	-0.24107
COc1ccc2[nH]cc(CCNC(C)=O)c2c1	Sex	Female	-0.09749
COc1ccc2[nH]cc(CCNC(C)=O)c2c1	Age	Children	-0.32904
COc1ccc2[nH]cc(CCNC(C)=O)c2c1	Age	Adolescent	-0.20589
COc1ccc2[nH]cc(CCNC(C)=O)c2c1	Age	Adult	-0.06965
COc1ccc2[nH]cc(CCNC(C)=O)c2c1	Age	Elderly	-0.3675
COc1ccc2[nH]cc(CCNC(C)=O)c2c1	Weight	Low	-0.45704
COc1ccc2[nH]cc(CCNC(C)=O)c2c1	Weight	Average	-0.34531
COc1ccc2[nH]cc(CCNC(C)=O)c2c1	Weight	High	-0.51529
O=CC(F)C(O)C(O)C(O)CO	Sex	Male	-0.09661
O=CC(F)C(O)C(O)C(O)CO	Sex	Female	-0.0213
O=CC(F)C(O)C(O)C(O)CO	Age	Children	-0.22328
O=CC(F)C(O)C(O)C(O)CO	Age	Adolescent	-0.07913
O=CC(F)C(O)C(O)C(O)CO	Age	Adult	-0.06065
O=CC(F)C(O)C(O)C(O)CO	Age	Elderly	-0.18885
O=CC(F)C(O)C(O)C(O)CO	Weight	Low	-0.30259
O=CC(F)C(O)C(O)C(O)CO	Weight	Average	-0.2018
O=CC(F)C(O)C(O)C(O)CO	Weight	High	-0.25635
CC(O)(P(=O)(O)O)P(=O)(O)O	Sex	Male	-0.07286
CC(O)(P(=O)(O)O)P(=O)(O)O	Sex	Female	-0.06305
CC(O)(P(=O)(O)O)P(=O)(O)O	Age	Children	-0.22577
CC(O)(P(=O)(O)O)P(=O)(O)O	Age	Adolescent	-0.16739
CC(O)(P(=O)(O)O)P(=O)(O)O	Age	Adult	-0.11816
CC(O)(P(=O)(O)O)P(=O)(O)O	Age	Elderly	-0.25747
CC(O)(P(=O)(O)O)P(=O)(O)O	Weight	Low	-0.57479
CC(O)(P(=O)(O)O)P(=O)(O)O	Weight	Average	-0.45212
CC(O)(P(=O)(O)O)P(=O)(O)O	Weight	High	-0.3923
CC(c1cc2ccccc2s1)N(O)C(N)=O	Sex	Male	-0.10888
CC(c1cc2ccccc2s1)N(O)C(N)=O	Sex	Female	-0.03083
CC(c1cc2ccccc2s1)N(O)C(N)=O	Age	Children	-0.10167
CC(c1cc2ccccc2s1)N(O)C(N)=O	Age	Adolescent	-0.01173
CC(c1cc2ccccc2s1)N(O)C(N)=O	Age	Adult	-0.03891
CC(c1cc2ccccc2s1)N(O)C(N)=O	Age	Elderly	-0.19443
CC(c1cc2ccccc2s1)N(O)C(N)=O	Weight	Low	-0.31873
CC(c1cc2ccccc2s1)N(O)C(N)=O	Weight	Average	-0.24497
CC(c1cc2ccccc2s1)N(O)C(N)=O	Weight	High	-0.25709
CC1(C)SC2C(NC(=O)C(C(=O)O)c3ccsc3)C(=O)N2C1C(=O)O	Sex	Male	-0.18341
CC1(C)SC2C(NC(=O)C(C(=O)O)c3ccsc3)C(=O)N2C1C(=O)O	Sex	Female	-0.04815
CC1(C)SC2C(NC(=O)C(C(=O)O)c3ccsc3)C(=O)N2C1C(=O)O	Age	Children	-0.20075
CC1(C)SC2C(NC(=O)C(C(=O)O)c3ccsc3)C(=O)N2C1C(=O)O	Age	Adolescent	-0.13664
CC1(C)SC2C(NC(=O)C(C(=O)O)c3ccsc3)C(=O)N2C1C(=O)O	Age	Adult	-0.10556
CC1(C)SC2C(NC(=O)C(C(=O)O)c3ccsc3)C(=O)N2C1C(=O)O	Age	Elderly	-0.19006
CC1(C)SC2C(NC(=O)C(C(=O)O)c3ccsc3)C(=O)N2C1C(=O)O	Weight	Low	-0.39949
CC1(C)SC2C(NC(=O)C(C(=O)O)c3ccsc3)C(=O)N2C1C(=O)O	Weight	Average	-0.44386
CC1(C)SC2C(NC(=O)C(C(=O)O)c3ccsc3)C(=O)N2C1C(=O)O	Weight	High	-0.36416
CC=CC1=C(C(=O)O)N2C(=O)C(NC(=O)C(N)c3ccc(O)cc3)C2SC1	Sex	Male	-0.24491
CC=CC1=C(C(=O)O)N2C(=O)C(NC(=O)C(N)c3ccc(O)cc3)C2SC1	Sex	Female	-0.04225
CC=CC1=C(C(=O)O)N2C(=O)C(NC(=O)C(N)c3ccc(O)cc3)C2SC1	Age	Children	-0.29146
CC=CC1=C(C(=O)O)N2C(=O)C(NC(=O)C(N)c3ccc(O)cc3)C2SC1	Age	Adolescent	-0.17338
CC=CC1=C(C(=O)O)N2C(=O)C(NC(=O)C(N)c3ccc(O)cc3)C2SC1	Age	Adult	-0.13135
CC=CC1=C(C(=O)O)N2C(=O)C(NC(=O)C(N)c3ccc(O)cc3)C2SC1	Age	Elderly	-0.24918
CC=CC1=C(C(=O)O)N2C(=O)C(NC(=O)C(N)c3ccc(O)cc3)C2SC1	Weight	Low	-0.38863
CC=CC1=C(C(=O)O)N2C(=O)C(NC(=O)C(N)c3ccc(O)cc3)C2SC1	Weight	Average	-0.42358
CC=CC1=C(C(=O)O)N2C(=O)C(NC(=O)C(N)c3ccc(O)cc3)C2SC1	Weight	High	-0.43037
CCCC=c1ncc(=CC(Cc2cccs2)C(=O)O)n1Cc1ccc(C(=O)O)cc1	Sex	Male	-0.19563
CCCC=c1ncc(=CC(Cc2cccs2)C(=O)O)n1Cc1ccc(C(=O)O)cc1	Sex	Female	-0.03918
CCCC=c1ncc(=CC(Cc2cccs2)C(=O)O)n1Cc1ccc(C(=O)O)cc1	Age	Children	-0.29883
CCCC=c1ncc(=CC(Cc2cccs2)C(=O)O)n1Cc1ccc(C(=O)O)cc1	Age	Adolescent	-0.12607
CCCC=c1ncc(=CC(Cc2cccs2)C(=O)O)n1Cc1ccc(C(=O)O)cc1	Age	Adult	-0.14395
CCCC=c1ncc(=CC(Cc2cccs2)C(=O)O)n1Cc1ccc(C(=O)O)cc1	Age	Elderly	-0.32558
CCCC=c1ncc(=CC(Cc2cccs2)C(=O)O)n1Cc1ccc(C(=O)O)cc1	Weight	Low	-0.32417
CCCC=c1ncc(=CC(Cc2cccs2)C(=O)O)n1Cc1ccc(C(=O)O)cc1	Weight	Average	-0.26815
CCCC=c1ncc(=CC(Cc2cccs2)C(=O)O)n1Cc1ccc(C(=O)O)cc1	Weight	High	-0.31815
CCN(CC)CCNC(=O)c1cc(S(C)(=O)=O)ccc1OC	Sex	Male	-0.14484
CCN(CC)CCNC(=O)c1cc(S(C)(=O)=O)ccc1OC	Sex	Female	-0.03938
CCN(CC)CCNC(=O)c1cc(S(C)(=O)=O)ccc1OC	Age	Children	-0.09726
CCN(CC)CCNC(=O)c1cc(S(C)(=O)=O)ccc1OC	Age	Adolescent	-0.08368
CCN(CC)CCNC(=O)c1cc(S(C)(=O)=O)ccc1OC	Age	Adult	-0.07303
CCN(CC)CCNC(=O)c1cc(S(C)(=O)=O)ccc1OC	Age	Elderly	-0.18296
CCN(CC)CCNC(=O)c1cc(S(C)(=O)=O)ccc1OC	Weight	Low	-0.25006
CCN(CC)CCNC(=O)c1cc(S(C)(=O)=O)ccc1OC	Weight	Average	-0.09822
CCN(CC)CCNC(=O)c1cc(S(C)(=O)=O)ccc1OC	Weight	High	-0.22751
CCOC(=O)C(CCc1ccccc1)NC(C)C(=O)N1Cc2cc(OC)c(OC)cc2CC1C(=O)O	Sex	Male	-0.0791
CCOC(=O)C(CCc1ccccc1)NC(C)C(=O)N1Cc2cc(OC)c(OC)cc2CC1C(=O)O	Sex	Female	-0.00508
CCOC(=O)C(CCc1ccccc1)NC(C)C(=O)N1Cc2cc(OC)c(OC)cc2CC1C(=O)O	Age	Children	-0.10488
CCOC(=O)C(CCc1ccccc1)NC(C)C(=O)N1Cc2cc(OC)c(OC)cc2CC1C(=O)O	Age	Adolescent	-0.02068
CCOC(=O)C(CCc1ccccc1)NC(C)C(=O)N1Cc2cc(OC)c(OC)cc2CC1C(=O)O	Age	Adult	-0.01352
CCOC(=O)C(CCc1ccccc1)NC(C)C(=O)N1Cc2cc(OC)c(OC)cc2CC1C(=O)O	Age	Elderly	-0.12505
CCOC(=O)C(CCc1ccccc1)NC(C)C(=O)N1Cc2cc(OC)c(OC)cc2CC1C(=O)O	Weight	Low	-0.07915
CCOC(=O)C(CCc1ccccc1)NC(C)C(=O)N1Cc2cc(OC)c(OC)cc2CC1C(=O)O	Weight	Average	-0.09093
CCOC(=O)C(CCc1ccccc1)NC(C)C(=O)N1Cc2cc(OC)c(OC)cc2CC1C(=O)O	Weight	High	-0.11241
Cc1ccc(S(=O)(=O)NC(=O)NN2CC3CCCC3C2)cc1	Sex	Male	-0.12216
Cc1ccc(S(=O)(=O)NC(=O)NN2CC3CCCC3C2)cc1	Sex	Female	-0.02262
Cc1ccc(S(=O)(=O)NC(=O)NN2CC3CCCC3C2)cc1	Age	Children	-0.13568
Cc1ccc(S(=O)(=O)NC(=O)NN2CC3CCCC3C2)cc1	Age	Adolescent	-0.14464
Cc1ccc(S(=O)(=O)NC(=O)NN2CC3CCCC3C2)cc1	Age	Adult	-0.10539
Cc1ccc(S(=O)(=O)NC(=O)NN2CC3CCCC3C2)cc1	Age	Elderly	-0.14312
Cc1ccc(S(=O)(=O)NC(=O)NN2CC3CCCC3C2)cc1	Weight	Low	-0.41082
Cc1ccc(S(=O)(=O)NC(=O)NN2CC3CCCC3C2)cc1	Weight	Average	-0.39994
Cc1ccc(S(=O)(=O)NC(=O)NN2CC3CCCC3C2)cc1	Weight	High	-0.3508
N=C(N)NCCCC(N)C(=O)O	Sex	Male	-0.22762
N=C(N)NCCCC(N)C(=O)O	Sex	Female	-0.04725
N=C(N)NCCCC(N)C(=O)O	Age	Children	-0.3595
N=C(N)NCCCC(N)C(=O)O	Age	Adolescent	-0.10574
N=C(N)NCCCC(N)C(=O)O	Age	Adult	-0.07407
N=C(N)NCCCC(N)C(=O)O	Age	Elderly	-0.27093
N=C(N)NCCCC(N)C(=O)O	Weight	Low	-0.43097
N=C(N)NCCCC(N)C(=O)O	Weight	Average	-0.42125
N=C(N)NCCCC(N)C(=O)O	Weight	High	-0.31755
NCCCCC(N)C(=O)O	Sex	Male	-0.14336
NCCCCC(N)C(=O)O	Sex	Female	-0.01454
NCCCCC(N)C(=O)O	Age	Children	-0.28132
NCCCCC(N)C(=O)O	Age	Adolescent	-0.03489
NCCCCC(N)C(=O)O	Age	Adult	-0.02169
NCCCCC(N)C(=O)O	Age	Elderly	-0.24975
NCCCCC(N)C(=O)O	Weight	Low	-0.30682
NCCCCC(N)C(=O)O	Weight	Average	-0.26788
NCCCCC(N)C(=O)O	Weight	High	-0.23871
Nc1ccn(CC(CO)OCP(=O)(O)O)c(=O)n1	Sex	Male	-0.20525
Nc1ccn(CC(CO)OCP(=O)(O)O)c(=O)n1	Sex	Female	0.01597
Nc1ccn(CC(CO)OCP(=O)(O)O)c(=O)n1	Age	Children	-0.22694
Nc1ccn(CC(CO)OCP(=O)(O)O)c(=O)n1	Age	Adolescent	-0.08689
Nc1ccn(CC(CO)OCP(=O)(O)O)c(=O)n1	Age	Adult	-0.06408
Nc1ccn(CC(CO)OCP(=O)(O)O)c(=O)n1	Age	Elderly	-0.45252
Nc1ccn(CC(CO)OCP(=O)(O)O)c(=O)n1	Weight	Low	-0.33779
Nc1ccn(CC(CO)OCP(=O)(O)O)c(=O)n1	Weight	Average	-0.29456
Nc1ccn(CC(CO)OCP(=O)(O)O)c(=O)n1	Weight	High	-0.41496
CC(C)(O)c1ccccc1CCC(SCC1(CC(=O)O)CC1)c1cccc(C=Cc2ccc3ccc(Cl)cc3n2)c1	Sex	Male	-0.06975
CC(C)(O)c1ccccc1CCC(SCC1(CC(=O)O)CC1)c1cccc(C=Cc2ccc3ccc(Cl)cc3n2)c1	Sex	Female	-0.00148
CC(C)(O)c1ccccc1CCC(SCC1(CC(=O)O)CC1)c1cccc(C=Cc2ccc3ccc(Cl)cc3n2)c1	Age	Children	-0.01569
CC(C)(O)c1ccccc1CCC(SCC1(CC(=O)O)CC1)c1cccc(C=Cc2ccc3ccc(Cl)cc3n2)c1	Age	Adolescent	0.00205
CC(C)(O)c1ccccc1CCC(SCC1(CC(=O)O)CC1)c1cccc(C=Cc2ccc3ccc(Cl)cc3n2)c1	Age	Adult	-0.0376
CC(C)(O)c1ccccc1CCC(SCC1(CC(=O)O)CC1)c1cccc(C=Cc2ccc3ccc(Cl)cc3n2)c1	Age	Elderly	-0.11802
CC(C)(O)c1ccccc1CCC(SCC1(CC(=O)O)CC1)c1cccc(C=Cc2ccc3ccc(Cl)cc3n2)c1	Weight	Low	-0.13333
CC(C)(O)c1ccccc1CCC(SCC1(CC(=O)O)CC1)c1cccc(C=Cc2ccc3ccc(Cl)cc3n2)c1	Weight	Average	-0.09402
CC(C)(O)c1ccccc1CCC(SCC1(CC(=O)O)CC1)c1cccc(C=Cc2ccc3ccc(Cl)cc3n2)c1	Weight	High	-0.17874
CC(C)[N+]1(C)C2CCC1CC(OC(=O)C(CO)c1ccccc1)C2	Sex	Male	-0.0889
CC(C)[N+]1(C)C2CCC1CC(OC(=O)C(CO)c1ccccc1)C2	Sex	Female	-0.00225
CC(C)[N+]1(C)C2CCC1CC(OC(=O)C(CO)c1ccccc1)C2	Age	Children	-0.04321
CC(C)[N+]1(C)C2CCC1CC(OC(=O)C(CO)c1ccccc1)C2	Age	Adolescent	0.00743
CC(C)[N+]1(C)C2CCC1CC(OC(=O)C(CO)c1ccccc1)C2	Age	Adult	-0.02133
CC(C)[N+]1(C)C2CCC1CC(OC(=O)C(CO)c1ccccc1)C2	Age	Elderly	-0.12243
CC(C)[N+]1(C)C2CCC1CC(OC(=O)C(CO)c1ccccc1)C2	Weight	Low	-0.15605
CC(C)[N+]1(C)C2CCC1CC(OC(=O)C(CO)c1ccccc1)C2	Weight	Average	-0.13991
CC(C)[N+]1(C)C2CCC1CC(OC(=O)C(CO)c1ccccc1)C2	Weight	High	-0.16896
CC1CC2C3CC=C4CC(=O)C=CC4(C)C3(F)C(O)CC2(C)C1(O)C(=O)CCl	Sex	Male	-0.06036
CC1CC2C3CC=C4CC(=O)C=CC4(C)C3(F)C(O)CC2(C)C1(O)C(=O)CCl	Sex	Female	-0.00056
CC1CC2C3CC=C4CC(=O)C=CC4(C)C3(F)C(O)CC2(C)C1(O)C(=O)CCl	Age	Children	-0.03071
CC1CC2C3CC=C4CC(=O)C=CC4(C)C3(F)C(O)CC2(C)C1(O)C(=O)CCl	Age	Adolescent	-0.00655
CC1CC2C3CC=C4CC(=O)C=CC4(C)C3(F)C(O)CC2(C)C1(O)C(=O)CCl	Age	Adult	-0.02114
CC1CC2C3CC=C4CC(=O)C=CC4(C)C3(F)C(O)CC2(C)C1(O)C(=O)CCl	Age	Elderly	-0.11427
CC1CC2C3CC=C4CC(=O)C=CC4(C)C3(F)C(O)CC2(C)C1(O)C(=O)CCl	Weight	Low	-0.14135
CC1CC2C3CC=C4CC(=O)C=CC4(C)C3(F)C(O)CC2(C)C1(O)C(=O)CCl	Weight	Average	-0.12773
CC1CC2C3CC=C4CC(=O)C=CC4(C)C3(F)C(O)CC2(C)C1(O)C(=O)CCl	Weight	High	-0.14165
CC1CC2C3CC=C4CC(=O)C=CC4(C)C3(F)C(O)CC2(C)C1(O)C(=O)CO	Sex	Male	-0.08216
CC1CC2C3CC=C4CC(=O)C=CC4(C)C3(F)C(O)CC2(C)C1(O)C(=O)CO	Sex	Female	-0.0006
CC1CC2C3CC=C4CC(=O)C=CC4(C)C3(F)C(O)CC2(C)C1(O)C(=O)CO	Age	Children	-0.03553
CC1CC2C3CC=C4CC(=O)C=CC4(C)C3(F)C(O)CC2(C)C1(O)C(=O)CO	Age	Adolescent	-0.0098
CC1CC2C3CC=C4CC(=O)C=CC4(C)C3(F)C(O)CC2(C)C1(O)C(=O)CO	Age	Adult	-0.02035
CC1CC2C3CC=C4CC(=O)C=CC4(C)C3(F)C(O)CC2(C)C1(O)C(=O)CO	Age	Elderly	-0.14573
CC1CC2C3CC=C4CC(=O)C=CC4(C)C3(F)C(O)CC2(C)C1(O)C(=O)CO	Weight	Low	-0.17698
CC1CC2C3CC=C4CC(=O)C=CC4(C)C3(F)C(O)CC2(C)C1(O)C(=O)CO	Weight	Average	-0.16185
CC1CC2C3CC=C4CC(=O)C=CC4(C)C3(F)C(O)CC2(C)C1(O)C(=O)CO	Weight	High	-0.17637
CCC(=O)C(CC(C)N(C)C)(c1ccccc1)c1ccccc1	Sex	Male	-0.11217
CCC(=O)C(CC(C)N(C)C)(c1ccccc1)c1ccccc1	Sex	Female	-0.00054
CCC(=O)C(CC(C)N(C)C)(c1ccccc1)c1ccccc1	Age	Children	-0.04424
CCC(=O)C(CC(C)N(C)C)(c1ccccc1)c1ccccc1	Age	Adolescent	0.00228
CCC(=O)C(CC(C)N(C)C)(c1ccccc1)c1ccccc1	Age	Adult	-0.03168
CCC(=O)C(CC(C)N(C)C)(c1ccccc1)c1ccccc1	Age	Elderly	-0.18032
CCC(=O)C(CC(C)N(C)C)(c1ccccc1)c1ccccc1	Weight	Low	-0.18647
CCC(=O)C(CC(C)N(C)C)(c1ccccc1)c1ccccc1	Weight	Average	-0.17994
CCC(=O)C(CC(C)N(C)C)(c1ccccc1)c1ccccc1	Weight	High	-0.20143
CCCCCC(O)C=CC1C(O)CC(=O)C1CC=CCCCC(=O)O	Sex	Male	-0.0159
CCCCCC(O)C=CC1C(O)CC(=O)C1CC=CCCCC(=O)O	Sex	Female	-0.00311
CCCCCC(O)C=CC1C(O)CC(=O)C1CC=CCCCC(=O)O	Age	Children	-0.03364
CCCCCC(O)C=CC1C(O)CC(=O)C1CC=CCCCC(=O)O	Age	Adolescent	-0.00523
CCCCCC(O)C=CC1C(O)CC(=O)C1CC=CCCCC(=O)O	Age	Adult	-0.01679
CCCCCC(O)C=CC1C(O)CC(=O)C1CC=CCCCC(=O)O	Age	Elderly	-0.10077
CCCCCC(O)C=CC1C(O)CC(=O)C1CC=CCCCC(=O)O	Weight	Low	-0.09401
CCCCCC(O)C=CC1C(O)CC(=O)C1CC=CCCCC(=O)O	Weight	Average	-0.09423
CCCCCC(O)C=CC1C(O)CC(=O)C1CC=CCCCC(=O)O	Weight	High	-0.11811
CCCCCC(O)C=CC1C(O)CC2OC(=CCCCC(=O)O)CC21	Sex	Male	-0.02099
CCCCCC(O)C=CC1C(O)CC2OC(=CCCCC(=O)O)CC21	Sex	Female	-0.00197
CCCCCC(O)C=CC1C(O)CC2OC(=CCCCC(=O)O)CC21	Age	Children	-0.03989
CCCCCC(O)C=CC1C(O)CC2OC(=CCCCC(=O)O)CC21	Age	Adolescent	-0.0064
CCCCCC(O)C=CC1C(O)CC2OC(=CCCCC(=O)O)CC21	Age	Adult	-0.02111
CCCCCC(O)C=CC1C(O)CC2OC(=CCCCC(=O)O)CC21	Age	Elderly	-0.11542
CCCCCC(O)C=CC1C(O)CC2OC(=CCCCC(=O)O)CC21	Weight	Low	-0.13881
CCCCCC(O)C=CC1C(O)CC2OC(=CCCCC(=O)O)CC21	Weight	Average	-0.13627
CCCCCC(O)C=CC1C(O)CC2OC(=CCCCC(=O)O)CC21	Weight	High	-0.1616
CCCCCC(O)CCC1C(O)CC2Cc3c(cccc3OCC(=O)O)CC21	Sex	Male	-0.08329
CCCCCC(O)CCC1C(O)CC2Cc3c(cccc3OCC(=O)O)CC21	Sex	Female	-0.00366
CCCCCC(O)CCC1C(O)CC2Cc3c(cccc3OCC(=O)O)CC21	Age	Children	-0.04288
CCCCCC(O)CCC1C(O)CC2Cc3c(cccc3OCC(=O)O)CC21	Age	Adolescent	0.00205
CCCCCC(O)CCC1C(O)CC2Cc3c(cccc3OCC(=O)O)CC21	Age	Adult	-0.01848
CCCCCC(O)CCC1C(O)CC2Cc3c(cccc3OCC(=O)O)CC21	Age	Elderly	-0.14872
CCCCCC(O)CCC1C(O)CC2Cc3c(cccc3OCC(=O)O)CC21	Weight	Low	-0.16187
CCCCCC(O)CCC1C(O)CC2Cc3c(cccc3OCC(=O)O)CC21	Weight	Average	-0.13667
CCCCCC(O)CCC1C(O)CC2Cc3c(cccc3OCC(=O)O)CC21	Weight	High	-0.18354
CCCCN1CCCCC1C(=O)Nc1c(C)cccc1C	Sex	Male	-0.04704
CCCCN1CCCCC1C(=O)Nc1c(C)cccc1C	Sex	Female	-0.00047
CCCCN1CCCCC1C(=O)Nc1c(C)cccc1C	Age	Children	-0.01855
CCCCN1CCCCC1C(=O)Nc1c(C)cccc1C	Age	Adolescent	0.00157
CCCCN1CCCCC1C(=O)Nc1c(C)cccc1C	Age	Adult	-0.01297
CCCCN1CCCCC1C(=O)Nc1c(C)cccc1C	Age	Elderly	-0.0717
CCCCN1CCCCC1C(=O)Nc1c(C)cccc1C	Weight	Low	-0.09642
CCCCN1CCCCC1C(=O)Nc1c(C)cccc1C	Weight	Average	-0.10736
CCCCN1CCCCC1C(=O)Nc1c(C)cccc1C	Weight	High	-0.15607
CCOC(=O)C1=C(COCCN)N=C(C)C(C(=O)OC)C1c1ccccc1Cl	Sex	Male	-0.08244
CCOC(=O)C1=C(COCCN)N=C(C)C(C(=O)OC)C1c1ccccc1Cl	Sex	Female	-0.00091
CCOC(=O)C1=C(COCCN)N=C(C)C(C(=O)OC)C1c1ccccc1Cl	Age	Children	-0.02724
CCOC(=O)C1=C(COCCN)N=C(C)C(C(=O)OC)C1c1ccccc1Cl	Age	Adolescent	0.00247
CCOC(=O)C1=C(COCCN)N=C(C)C(C(=O)OC)C1c1ccccc1Cl	Age	Adult	-0.01373
CCOC(=O)C1=C(COCCN)N=C(C)C(C(=O)OC)C1c1ccccc1Cl	Age	Elderly	-0.13376
CCOC(=O)C1=C(COCCN)N=C(C)C(C(=O)OC)C1c1ccccc1Cl	Weight	Low	-0.12598
CCOC(=O)C1=C(COCCN)N=C(C)C(C(=O)OC)C1c1ccccc1Cl	Weight	Average	-0.10743
CCOC(=O)C1=C(COCCN)N=C(C)C(C(=O)OC)C1c1ccccc1Cl	Weight	High	-0.16271
CCOC(=O)C1=CC(OC(CC)CC)C(NC(C)=O)C(N)C1	Sex	Male	-0.11297
CCOC(=O)C1=CC(OC(CC)CC)C(NC(C)=O)C(N)C1	Sex	Female	-0.00109
CCOC(=O)C1=CC(OC(CC)CC)C(NC(C)=O)C(N)C1	Age	Children	-0.03434
CCOC(=O)C1=CC(OC(CC)CC)C(NC(C)=O)C(N)C1	Age	Adolescent	-0.00329
CCOC(=O)C1=CC(OC(CC)CC)C(NC(C)=O)C(N)C1	Age	Adult	-0.02079
CCOC(=O)C1=CC(OC(CC)CC)C(NC(C)=O)C(N)C1	Age	Elderly	-0.12848
CCOC(=O)C1=CC(OC(CC)CC)C(NC(C)=O)C(N)C1	Weight	Low	-0.1498
CCOC(=O)C1=CC(OC(CC)CC)C(NC(C)=O)C(N)C1	Weight	Average	-0.15093
CCOC(=O)C1=CC(OC(CC)CC)C(NC(C)=O)C(N)C1	Weight	High	-0.17722
CN(C)C(=O)C(CCN1CCC(O)(c2ccc(Cl)cc2)CC1)(c1ccccc1)c1ccccc1	Sex	Male	-0.08755
CN(C)C(=O)C(CCN1CCC(O)(c2ccc(Cl)cc2)CC1)(c1ccccc1)c1ccccc1	Sex	Female	-0.00038
CN(C)C(=O)C(CCN1CCC(O)(c2ccc(Cl)cc2)CC1)(c1ccccc1)c1ccccc1	Age	Children	-0.02248
CN(C)C(=O)C(CCN1CCC(O)(c2ccc(Cl)cc2)CC1)(c1ccccc1)c1ccccc1	Age	Adolescent	0.00129
CN(C)C(=O)C(CCN1CCC(O)(c2ccc(Cl)cc2)CC1)(c1ccccc1)c1ccccc1	Age	Adult	-0.02369
CN(C)C(=O)C(CCN1CCC(O)(c2ccc(Cl)cc2)CC1)(c1ccccc1)c1ccccc1	Age	Elderly	-0.14386
CN(C)C(=O)C(CCN1CCC(O)(c2ccc(Cl)cc2)CC1)(c1ccccc1)c1ccccc1	Weight	Low	-0.14596
CN(C)C(=O)C(CCN1CCC(O)(c2ccc(Cl)cc2)CC1)(c1ccccc1)c1ccccc1	Weight	Average	-0.16082
CN(C)C(=O)C(CCN1CCC(O)(c2ccc(Cl)cc2)CC1)(c1ccccc1)c1ccccc1	Weight	High	-0.15462
CN(C)CCC=C1c2ccccc2CCc2ccccc21	Sex	Male	-0.0685
CN(C)CCC=C1c2ccccc2CCc2ccccc21	Sex	Female	-0.00163
CN(C)CCC=C1c2ccccc2CCc2ccccc21	Age	Children	-0.02906
CN(C)CCC=C1c2ccccc2CCc2ccccc21	Age	Adolescent	-0.00054
CN(C)CCC=C1c2ccccc2CCc2ccccc21	Age	Adult	-0.0208
CN(C)CCC=C1c2ccccc2CCc2ccccc21	Age	Elderly	-0.1097
CN(C)CCC=C1c2ccccc2CCc2ccccc21	Weight	Low	-0.15992
CN(C)CCC=C1c2ccccc2CCc2ccccc21	Weight	Average	-0.13938
CN(C)CCC=C1c2ccccc2CCc2ccccc21	Weight	High	-0.16308
CN(C)CCOC(c1ccccc1)c1ccccc1	Sex	Male	-0.08335
CN(C)CCOC(c1ccccc1)c1ccccc1	Sex	Female	-0.00154
CN(C)CCOC(c1ccccc1)c1ccccc1	Age	Children	-0.0309
CN(C)CCOC(c1ccccc1)c1ccccc1	Age	Adolescent	0.00455
CN(C)CCOC(c1ccccc1)c1ccccc1	Age	Adult	-0.0177
CN(C)CCOC(c1ccccc1)c1ccccc1	Age	Elderly	-0.13209
CN(C)CCOC(c1ccccc1)c1ccccc1	Weight	Low	-0.13194
CN(C)CCOC(c1ccccc1)c1ccccc1	Weight	Average	-0.11216
CN(C)CCOC(c1ccccc1)c1ccccc1	Weight	High	-0.13454
CN(Cc1cnc2nc(N)nc(N)c2n1)c1ccc(C(=O)NC(CCC(=O)O)C(=O)O)cc1	Sex	Male	-0.10093
CN(Cc1cnc2nc(N)nc(N)c2n1)c1ccc(C(=O)NC(CCC(=O)O)C(=O)O)cc1	Sex	Female	-0.00431
CN(Cc1cnc2nc(N)nc(N)c2n1)c1ccc(C(=O)NC(CCC(=O)O)C(=O)O)cc1	Age	Children	-0.03816
CN(Cc1cnc2nc(N)nc(N)c2n1)c1ccc(C(=O)NC(CCC(=O)O)C(=O)O)cc1	Age	Adolescent	0.00518
CN(Cc1cnc2nc(N)nc(N)c2n1)c1ccc(C(=O)NC(CCC(=O)O)C(=O)O)cc1	Age	Adult	-0.03805
CN(Cc1cnc2nc(N)nc(N)c2n1)c1ccc(C(=O)NC(CCC(=O)O)C(=O)O)cc1	Age	Elderly	-0.15563
CN(Cc1cnc2nc(N)nc(N)c2n1)c1ccc(C(=O)NC(CCC(=O)O)C(=O)O)cc1	Weight	Low	-0.12618
CN(Cc1cnc2nc(N)nc(N)c2n1)c1ccc(C(=O)NC(CCC(=O)O)C(=O)O)cc1	Weight	Average	-0.11288
CN(Cc1cnc2nc(N)nc(N)c2n1)c1ccc(C(=O)NC(CCC(=O)O)C(=O)O)cc1	Weight	High	-0.09399
CN1C2CCC1CC(OC(=O)C(CO)c1ccccc1)C2	Sex	Male	-0.08984
CN1C2CCC1CC(OC(=O)C(CO)c1ccccc1)C2	Sex	Female	-0.0005
CN1C2CCC1CC(OC(=O)C(CO)c1ccccc1)C2	Age	Children	-0.04186
CN1C2CCC1CC(OC(=O)C(CO)c1ccccc1)C2	Age	Adolescent	0.00752
CN1C2CCC1CC(OC(=O)C(CO)c1ccccc1)C2	Age	Adult	-0.02204
CN1C2CCC1CC(OC(=O)C(CO)c1ccccc1)C2	Age	Elderly	-0.14386
CN1C2CCC1CC(OC(=O)C(CO)c1ccccc1)C2	Weight	Low	-0.14783
CN1C2CCC1CC(OC(=O)C(CO)c1ccccc1)C2	Weight	Average	-0.14738
CN1C2CCC1CC(OC(=O)C(CO)c1ccccc1)C2	Weight	High	-0.1866
CNC1CCC(c2ccc(Cl)c(Cl)c2)c2ccccc21	Sex	Male	-0.10152
CNC1CCC(c2ccc(Cl)c(Cl)c2)c2ccccc21	Sex	Female	-0.00313
CNC1CCC(c2ccc(Cl)c(Cl)c2)c2ccccc21	Age	Children	-0.03651
CNC1CCC(c2ccc(Cl)c(Cl)c2)c2ccccc21	Age	Adolescent	0.00096
CNC1CCC(c2ccc(Cl)c(Cl)c2)c2ccccc21	Age	Adult	-0.02916
CNC1CCC(c2ccc(Cl)c(Cl)c2)c2ccccc21	Age	Elderly	-0.17613
CNC1CCC(c2ccc(Cl)c(Cl)c2)c2ccccc21	Weight	Low	-0.14746
CNC1CCC(c2ccc(Cl)c(Cl)c2)c2ccccc21	Weight	Average	-0.14093
CNC1CCC(c2ccc(Cl)c(Cl)c2)c2ccccc21	Weight	High	-0.19163
COC(=O)NC(C(=O)NC(Cc1ccccc1)C(O)CN(Cc1ccc(-c2ccccn2)cc1)NC(=O)C(NC(=O)OC)C(C)(C)C)C(C)(C)C	Sex	Male	-0.05899
COC(=O)NC(C(=O)NC(Cc1ccccc1)C(O)CN(Cc1ccc(-c2ccccn2)cc1)NC(=O)C(NC(=O)OC)C(C)(C)C)C(C)(C)C	Sex	Female	-0.0071
COC(=O)NC(C(=O)NC(Cc1ccccc1)C(O)CN(Cc1ccc(-c2ccccn2)cc1)NC(=O)C(NC(=O)OC)C(C)(C)C)C(C)(C)C	Age	Children	-0.03739
COC(=O)NC(C(=O)NC(Cc1ccccc1)C(O)CN(Cc1ccc(-c2ccccn2)cc1)NC(=O)C(NC(=O)OC)C(C)(C)C)C(C)(C)C	Age	Adolescent	0.00405
COC(=O)NC(C(=O)NC(Cc1ccccc1)C(O)CN(Cc1ccc(-c2ccccn2)cc1)NC(=O)C(NC(=O)OC)C(C)(C)C)C(C)(C)C	Age	Adult	-0.02639
COC(=O)NC(C(=O)NC(Cc1ccccc1)C(O)CN(Cc1ccc(-c2ccccn2)cc1)NC(=O)C(NC(=O)OC)C(C)(C)C)C(C)(C)C	Age	Elderly	-0.07891
COC(=O)NC(C(=O)NC(Cc1ccccc1)C(O)CN(Cc1ccc(-c2ccccn2)cc1)NC(=O)C(NC(=O)OC)C(C)(C)C)C(C)(C)C	Weight	Low	-0.0845
COC(=O)NC(C(=O)NC(Cc1ccccc1)C(O)CN(Cc1ccc(-c2ccccn2)cc1)NC(=O)C(NC(=O)OC)C(C)(C)C)C(C)(C)C	Weight	Average	-0.05371
COC(=O)NC(C(=O)NC(Cc1ccccc1)C(O)CN(Cc1ccc(-c2ccccn2)cc1)NC(=O)C(NC(=O)OC)C(C)(C)C)C(C)(C)C	Weight	High	-0.12403
C[N+]1(C)CCC(OC(=O)C(O)(c2ccccc2)C2CCCC2)C1	Sex	Male	-0.09237
C[N+]1(C)CCC(OC(=O)C(O)(c2ccccc2)C2CCCC2)C1	Sex	Female	-0.00053
C[N+]1(C)CCC(OC(=O)C(O)(c2ccccc2)C2CCCC2)C1	Age	Children	-0.02051
C[N+]1(C)CCC(OC(=O)C(O)(c2ccccc2)C2CCCC2)C1	Age	Adolescent	0.0029
C[N+]1(C)CCC(OC(=O)C(O)(c2ccccc2)C2CCCC2)C1	Age	Adult	-0.02977
C[N+]1(C)CCC(OC(=O)C(O)(c2ccccc2)C2CCCC2)C1	Age	Elderly	-0.15022
C[N+]1(C)CCC(OC(=O)C(O)(c2ccccc2)C2CCCC2)C1	Weight	Low	-0.18233
C[N+]1(C)CCC(OC(=O)C(O)(c2ccccc2)C2CCCC2)C1	Weight	Average	-0.14735
C[N+]1(C)CCC(OC(=O)C(O)(c2ccccc2)C2CCCC2)C1	Weight	High	-0.16656
O=P1(N(CCCl)CCCl)NCCCO1	Sex	Male	-0.06985
O=P1(N(CCCl)CCCl)NCCCO1	Sex	Female	-0.00033
O=P1(N(CCCl)CCCl)NCCCO1	Age	Children	-0.03121
O=P1(N(CCCl)CCCl)NCCCO1	Age	Adolescent	-0.00128
O=P1(N(CCCl)CCCl)NCCCO1	Age	Adult	-0.01635
O=P1(N(CCCl)CCCl)NCCCO1	Age	Elderly	-0.12406
O=P1(N(CCCl)CCCl)NCCCO1	Weight	Low	-0.1617
O=P1(N(CCCl)CCCl)NCCCO1	Weight	Average	-0.10301
O=P1(N(CCCl)CCCl)NCCCO1	Weight	High	-0.12473
OC(Cn1cncn1)(Cn1cncn1)c1ccc(F)cc1F	Sex	Male	-0.10166
OC(Cn1cncn1)(Cn1cncn1)c1ccc(F)cc1F	Sex	Female	-0.00171
OC(Cn1cncn1)(Cn1cncn1)c1ccc(F)cc1F	Age	Children	-0.0164
OC(Cn1cncn1)(Cn1cncn1)c1ccc(F)cc1F	Age	Adolescent	-0.0015
OC(Cn1cncn1)(Cn1cncn1)c1ccc(F)cc1F	Age	Adult	-0.05506
OC(Cn1cncn1)(Cn1cncn1)c1ccc(F)cc1F	Age	Elderly	-0.16907
OC(Cn1cncn1)(Cn1cncn1)c1ccc(F)cc1F	Weight	Low	-0.17645
OC(Cn1cncn1)(Cn1cncn1)c1ccc(F)cc1F	Weight	Average	-0.11801
OC(Cn1cncn1)(Cn1cncn1)c1ccc(F)cc1F	Weight	High	-0.16287
Oc1c2c(c(O)n1CC1CCCCC1CN1CCN(c3nsc4ccccc34)CC1)C1CCC2C1	Sex	Male	-0.08135
Oc1c2c(c(O)n1CC1CCCCC1CN1CCN(c3nsc4ccccc34)CC1)C1CCC2C1	Sex	Female	-0.00374
Oc1c2c(c(O)n1CC1CCCCC1CN1CCN(c3nsc4ccccc34)CC1)C1CCC2C1	Age	Children	-0.02575
Oc1c2c(c(O)n1CC1CCCCC1CN1CCN(c3nsc4ccccc34)CC1)C1CCC2C1	Age	Adolescent	0.00467
Oc1c2c(c(O)n1CC1CCCCC1CN1CCN(c3nsc4ccccc34)CC1)C1CCC2C1	Age	Adult	-0.01666
Oc1c2c(c(O)n1CC1CCCCC1CN1CCN(c3nsc4ccccc34)CC1)C1CCC2C1	Age	Elderly	-0.12584
Oc1c2c(c(O)n1CC1CCCCC1CN1CCN(c3nsc4ccccc34)CC1)C1CCC2C1	Weight	Low	-0.14669
Oc1c2c(c(O)n1CC1CCCCC1CN1CCN(c3nsc4ccccc34)CC1)C1CCC2C1	Weight	Average	-0.11682
Oc1c2c(c(O)n1CC1CCCCC1CN1CCN(c3nsc4ccccc34)CC1)C1CCC2C1	Weight	High	-0.14926
CC(C)CC(NC(=O)C(Cc1ccccc1)NC(=O)c1cnccn1)B(O)O	Sex	Male	-0.09131
CC(C)CC(NC(=O)C(Cc1ccccc1)NC(=O)c1cnccn1)B(O)O	Sex	Female	-0.00145
CC(C)CC(NC(=O)C(Cc1ccccc1)NC(=O)c1cnccn1)B(O)O	Age	Children	-0.04861
CC(C)CC(NC(=O)C(Cc1ccccc1)NC(=O)c1cnccn1)B(O)O	Age	Adolescent	0.00234
CC(C)CC(NC(=O)C(Cc1ccccc1)NC(=O)c1cnccn1)B(O)O	Age	Adult	-0.03525
CC(C)CC(NC(=O)C(Cc1ccccc1)NC(=O)c1cnccn1)B(O)O	Age	Elderly	-0.14769
CC(C)CC(NC(=O)C(Cc1ccccc1)NC(=O)c1cnccn1)B(O)O	Weight	Low	-0.15846
CC(C)CC(NC(=O)C(Cc1ccccc1)NC(=O)c1cnccn1)B(O)O	Weight	Average	-0.14802
CC(C)CC(NC(=O)C(Cc1ccccc1)NC(=O)c1cnccn1)B(O)O	Weight	High	-0.19441
CC1CC2C3CC(F)C4=CC(=O)C=CC4(C)C3(F)C(O)CC2(C)C1(O)C(=O)SCF	Sex	Male	-0.09704
CC1CC2C3CC(F)C4=CC(=O)C=CC4(C)C3(F)C(O)CC2(C)C1(O)C(=O)SCF	Sex	Female	-0.00212
CC1CC2C3CC(F)C4=CC(=O)C=CC4(C)C3(F)C(O)CC2(C)C1(O)C(=O)SCF	Age	Children	-0.03739
CC1CC2C3CC(F)C4=CC(=O)C=CC4(C)C3(F)C(O)CC2(C)C1(O)C(=O)SCF	Age	Adolescent	-0.00862
CC1CC2C3CC(F)C4=CC(=O)C=CC4(C)C3(F)C(O)CC2(C)C1(O)C(=O)SCF	Age	Adult	-0.03539
CC1CC2C3CC(F)C4=CC(=O)C=CC4(C)C3(F)C(O)CC2(C)C1(O)C(=O)SCF	Age	Elderly	-0.16519
CC1CC2C3CC(F)C4=CC(=O)C=CC4(C)C3(F)C(O)CC2(C)C1(O)C(=O)SCF	Weight	Low	-0.19751
CC1CC2C3CC(F)C4=CC(=O)C=CC4(C)C3(F)C(O)CC2(C)C1(O)C(=O)SCF	Weight	Average	-0.16616
CC1CC2C3CC(F)C4=CC(=O)C=CC4(C)C3(F)C(O)CC2(C)C1(O)C(=O)SCF	Weight	High	-0.18526
CCCN1CCCCC1C(=O)Nc1c(C)cccc1C	Sex	Male	-0.05264
CCCN1CCCCC1C(=O)Nc1c(C)cccc1C	Sex	Female	-0.0004
CCCN1CCCCC1C(=O)Nc1c(C)cccc1C	Age	Children	-0.01821
CCCN1CCCCC1C(=O)Nc1c(C)cccc1C	Age	Adolescent	0.00166
CCCN1CCCCC1C(=O)Nc1c(C)cccc1C	Age	Adult	-0.0131
CCCN1CCCCC1C(=O)Nc1c(C)cccc1C	Age	Elderly	-0.07248
CCCN1CCCCC1C(=O)Nc1c(C)cccc1C	Weight	Low	-0.10775
CCCN1CCCCC1C(=O)Nc1c(C)cccc1C	Weight	Average	-0.11033
CCCN1CCCCC1C(=O)Nc1c(C)cccc1C	Weight	High	-0.14274
CCN(CC)CC#CCOC(=O)C(O)(c1ccccc1)C1CCCCC1	Sex	Male	-0.07134
CCN(CC)CC#CCOC(=O)C(O)(c1ccccc1)C1CCCCC1	Sex	Female	4e-05
CCN(CC)CC#CCOC(=O)C(O)(c1ccccc1)C1CCCCC1	Age	Children	-0.02397
CCN(CC)CC#CCOC(=O)C(O)(c1ccccc1)C1CCCCC1	Age	Adolescent	0.00659
CCN(CC)CC#CCOC(=O)C(O)(c1ccccc1)C1CCCCC1	Age	Adult	-0.02846
CCN(CC)CC#CCOC(=O)C(O)(c1ccccc1)C1CCCCC1	Age	Elderly	-0.1614
CCN(CC)CC#CCOC(=O)C(O)(c1ccccc1)C1CCCCC1	Weight	Low	-0.16252
CCN(CC)CC#CCOC(=O)C(O)(c1ccccc1)C1CCCCC1	Weight	Average	-0.14246
CCN(CC)CC#CCOC(=O)C(O)(c1ccccc1)C1CCCCC1	Weight	High	-0.16805
CNCCC(Oc1ccccc1C)c1ccccc1	Sex	Male	-0.08745
CNCCC(Oc1ccccc1C)c1ccccc1	Sex	Female	-0.00228
CNCCC(Oc1ccccc1C)c1ccccc1	Age	Children	-0.037
CNCCC(Oc1ccccc1C)c1ccccc1	Age	Adolescent	0.00733
CNCCC(Oc1ccccc1C)c1ccccc1	Age	Adult	-0.02054
CNCCC(Oc1ccccc1C)c1ccccc1	Age	Elderly	-0.12382
CNCCC(Oc1ccccc1C)c1ccccc1	Weight	Low	-0.13488
CNCCC(Oc1ccccc1C)c1ccccc1	Weight	Average	-0.14916
CNCCC(Oc1ccccc1C)c1ccccc1	Weight	High	-0.20182
COc1ccc(-n2nc(C(N)=O)c3c2C(=O)N(c2ccc(N4CCCCC4=O)cc2)CC3)cc1	Sex	Male	-0.12932
COc1ccc(-n2nc(C(N)=O)c3c2C(=O)N(c2ccc(N4CCCCC4=O)cc2)CC3)cc1	Sex	Female	-0.00143
COc1ccc(-n2nc(C(N)=O)c3c2C(=O)N(c2ccc(N4CCCCC4=O)cc2)CC3)cc1	Age	Children	-0.04079
COc1ccc(-n2nc(C(N)=O)c3c2C(=O)N(c2ccc(N4CCCCC4=O)cc2)CC3)cc1	Age	Adolescent	-0.01296
COc1ccc(-n2nc(C(N)=O)c3c2C(=O)N(c2ccc(N4CCCCC4=O)cc2)CC3)cc1	Age	Adult	-0.02768
COc1ccc(-n2nc(C(N)=O)c3c2C(=O)N(c2ccc(N4CCCCC4=O)cc2)CC3)cc1	Age	Elderly	-0.17607
COc1ccc(-n2nc(C(N)=O)c3c2C(=O)N(c2ccc(N4CCCCC4=O)cc2)CC3)cc1	Weight	Low	-0.20793
COc1ccc(-n2nc(C(N)=O)c3c2C(=O)N(c2ccc(N4CCCCC4=O)cc2)CC3)cc1	Weight	Average	-0.15366
COc1ccc(-n2nc(C(N)=O)c3c2C(=O)N(c2ccc(N4CCCCC4=O)cc2)CC3)cc1	Weight	High	-0.18918
COc1ccccc1OCC(O)CO	Sex	Male	-0.04109
COc1ccccc1OCC(O)CO	Sex	Female	-0.00108
COc1ccccc1OCC(O)CO	Age	Children	-0.01623
COc1ccccc1OCC(O)CO	Age	Adolescent	0.00211
COc1ccccc1OCC(O)CO	Age	Adult	-0.00736
COc1ccccc1OCC(O)CO	Age	Elderly	-0.06372
COc1ccccc1OCC(O)CO	Weight	Low	-0.07286
COc1ccccc1OCC(O)CO	Weight	Average	-0.06426
COc1ccccc1OCC(O)CO	Weight	High	-0.09372
Cc1ccc(-c2nc3ccc(C)cn3c2CC(=O)N(C)C)cc1	Sex	Male	-0.06308
Cc1ccc(-c2nc3ccc(C)cn3c2CC(=O)N(C)C)cc1	Sex	Female	-0.00031
Cc1ccc(-c2nc3ccc(C)cn3c2CC(=O)N(C)C)cc1	Age	Children	-0.02268
Cc1ccc(-c2nc3ccc(C)cn3c2CC(=O)N(C)C)cc1	Age	Adolescent	0.00213
Cc1ccc(-c2nc3ccc(C)cn3c2CC(=O)N(C)C)cc1	Age	Adult	-0.02068
Cc1ccc(-c2nc3ccc(C)cn3c2CC(=O)N(C)C)cc1	Age	Elderly	-0.12234
Cc1ccc(-c2nc3ccc(C)cn3c2CC(=O)N(C)C)cc1	Weight	Low	-0.13477
Cc1ccc(-c2nc3ccc(C)cn3c2CC(=O)N(C)C)cc1	Weight	Average	-0.05572
Cc1ccc(-c2nc3ccc(C)cn3c2CC(=O)N(C)C)cc1	Weight	High	-0.11871
Cc1ccc(NC(=O)C2(c3ccc4c(c3)OC(F)(F)O4)CC2)nc1-c1cccc(C(=O)O)c1	Sex	Male	-0.10782
Cc1ccc(NC(=O)C2(c3ccc4c(c3)OC(F)(F)O4)CC2)nc1-c1cccc(C(=O)O)c1	Sex	Female	-0.00299
Cc1ccc(NC(=O)C2(c3ccc4c(c3)OC(F)(F)O4)CC2)nc1-c1cccc(C(=O)O)c1	Age	Children	-0.02604
Cc1ccc(NC(=O)C2(c3ccc4c(c3)OC(F)(F)O4)CC2)nc1-c1cccc(C(=O)O)c1	Age	Adolescent	-0.0056
Cc1ccc(NC(=O)C2(c3ccc4c(c3)OC(F)(F)O4)CC2)nc1-c1cccc(C(=O)O)c1	Age	Adult	-0.03779
Cc1ccc(NC(=O)C2(c3ccc4c(c3)OC(F)(F)O4)CC2)nc1-c1cccc(C(=O)O)c1	Age	Elderly	-0.13867
Cc1ccc(NC(=O)C2(c3ccc4c(c3)OC(F)(F)O4)CC2)nc1-c1cccc(C(=O)O)c1	Weight	Low	-0.12564
Cc1ccc(NC(=O)C2(c3ccc4c(c3)OC(F)(F)O4)CC2)nc1-c1cccc(C(=O)O)c1	Weight	Average	-0.0857
Cc1ccc(NC(=O)C2(c3ccc4c(c3)OC(F)(F)O4)CC2)nc1-c1cccc(C(=O)O)c1	Weight	High	-0.16877
Nc1ccc(O)c(C(=O)O)c1	Sex	Male	-0.11389
Nc1ccc(O)c(C(=O)O)c1	Sex	Female	-0.00055
Nc1ccc(O)c(C(=O)O)c1	Age	Children	-0.0407
Nc1ccc(O)c(C(=O)O)c1	Age	Adolescent	-0.00207
Nc1ccc(O)c(C(=O)O)c1	Age	Adult	-0.02947
Nc1ccc(O)c(C(=O)O)c1	Age	Elderly	-0.16518
Nc1ccc(O)c(C(=O)O)c1	Weight	Low	-0.2281
Nc1ccc(O)c(C(=O)O)c1	Weight	Average	-0.19706
Nc1ccc(O)c(C(=O)O)c1	Weight	High	-0.22306
CC#CCC(C)C(O)C=CC1C(O)CC2CC(=CCCCC(=O)O)CC21	Sex	Male	-0.0451
CC#CCC(C)C(O)C=CC1C(O)CC2CC(=CCCCC(=O)O)CC21	Sex	Female	-0.00046
CC#CCC(C)C(O)C=CC1C(O)CC2CC(=CCCCC(=O)O)CC21	Age	Children	-0.03251
CC#CCC(C)C(O)C=CC1C(O)CC2CC(=CCCCC(=O)O)CC21	Age	Adolescent	-0.00448
CC#CCC(C)C(O)C=CC1C(O)CC2CC(=CCCCC(=O)O)CC21	Age	Adult	-0.01673
CC#CCC(C)C(O)C=CC1C(O)CC2CC(=CCCCC(=O)O)CC21	Age	Elderly	-0.10044
CC#CCC(C)C(O)C=CC1C(O)CC2CC(=CCCCC(=O)O)CC21	Weight	Low	-0.10012
CC#CCC(C)C(O)C=CC1C(O)CC2CC(=CCCCC(=O)O)CC21	Weight	Average	-0.10227
CC#CCC(C)C(O)C=CC1C(O)CC2CC(=CCCCC(=O)O)CC21	Weight	High	-0.12157
CC(=O)NCC1CN(c2ccc(N3CCOCC3)c(F)c2)C(=O)O1	Sex	Male	-0.09751
CC(=O)NCC1CN(c2ccc(N3CCOCC3)c(F)c2)C(=O)O1	Sex	Female	-0.00093
CC(=O)NCC1CN(c2ccc(N3CCOCC3)c(F)c2)C(=O)O1	Age	Children	-0.02629
CC(=O)NCC1CN(c2ccc(N3CCOCC3)c(F)c2)C(=O)O1	Age	Adolescent	-0.00286
CC(=O)NCC1CN(c2ccc(N3CCOCC3)c(F)c2)C(=O)O1	Age	Adult	-0.02674
CC(=O)NCC1CN(c2ccc(N3CCOCC3)c(F)c2)C(=O)O1	Age	Elderly	-0.14735
CC(=O)NCC1CN(c2ccc(N3CCOCC3)c(F)c2)C(=O)O1	Weight	Low	-0.16084
CC(=O)NCC1CN(c2ccc(N3CCOCC3)c(F)c2)C(=O)O1	Weight	Average	-0.14661
CC(=O)NCC1CN(c2ccc(N3CCOCC3)c(F)c2)C(=O)O1	Weight	High	-0.16882
CC(C)(CO)c1cc2cc(NC(=O)C3(c4ccc5c(c4)OC(F)(F)O5)CC3)c(F)cc2n1CC(O)CO	Sex	Male	-0.08987
CC(C)(CO)c1cc2cc(NC(=O)C3(c4ccc5c(c4)OC(F)(F)O5)CC3)c(F)cc2n1CC(O)CO	Sex	Female	-0.00018
CC(C)(CO)c1cc2cc(NC(=O)C3(c4ccc5c(c4)OC(F)(F)O5)CC3)c(F)cc2n1CC(O)CO	Age	Children	-0.02133
CC(C)(CO)c1cc2cc(NC(=O)C3(c4ccc5c(c4)OC(F)(F)O5)CC3)c(F)cc2n1CC(O)CO	Age	Adolescent	0.00429
CC(C)(CO)c1cc2cc(NC(=O)C3(c4ccc5c(c4)OC(F)(F)O5)CC3)c(F)cc2n1CC(O)CO	Age	Adult	-0.02679
CC(C)(CO)c1cc2cc(NC(=O)C3(c4ccc5c(c4)OC(F)(F)O5)CC3)c(F)cc2n1CC(O)CO	Age	Elderly	-0.13405
CC(C)(CO)c1cc2cc(NC(=O)C3(c4ccc5c(c4)OC(F)(F)O5)CC3)c(F)cc2n1CC(O)CO	Weight	Low	-0.11412
CC(C)(CO)c1cc2cc(NC(=O)C3(c4ccc5c(c4)OC(F)(F)O5)CC3)c(F)cc2n1CC(O)CO	Weight	Average	-0.10996
CC(C)(CO)c1cc2cc(NC(=O)C3(c4ccc5c(c4)OC(F)(F)O5)CC3)c(F)cc2n1CC(O)CO	Weight	High	-0.13812
CC(C)CN(CC(O)C(Cc1ccccc1)NC(=O)OC1COC2OCCC12)S(=O)(=O)c1ccc(N)cc1	Sex	Male	-0.09825
CC(C)CN(CC(O)C(Cc1ccccc1)NC(=O)OC1COC2OCCC12)S(=O)(=O)c1ccc(N)cc1	Sex	Female	-0.00109
CC(C)CN(CC(O)C(Cc1ccccc1)NC(=O)OC1COC2OCCC12)S(=O)(=O)c1ccc(N)cc1	Age	Children	-0.03403
CC(C)CN(CC(O)C(Cc1ccccc1)NC(=O)OC1COC2OCCC12)S(=O)(=O)c1ccc(N)cc1	Age	Adolescent	-0.00044
CC(C)CN(CC(O)C(Cc1ccccc1)NC(=O)OC1COC2OCCC12)S(=O)(=O)c1ccc(N)cc1	Age	Adult	-0.03195
CC(C)CN(CC(O)C(Cc1ccccc1)NC(=O)OC1COC2OCCC12)S(=O)(=O)c1ccc(N)cc1	Age	Elderly	-0.11971
CC(C)CN(CC(O)C(Cc1ccccc1)NC(=O)OC1COC2OCCC12)S(=O)(=O)c1ccc(N)cc1	Weight	Low	-0.1209
CC(C)CN(CC(O)C(Cc1ccccc1)NC(=O)OC1COC2OCCC12)S(=O)(=O)c1ccc(N)cc1	Weight	Average	-0.08975
CC(C)CN(CC(O)C(Cc1ccccc1)NC(=O)OC1COC2OCCC12)S(=O)(=O)c1ccc(N)cc1	Weight	High	-0.13883
CC(C)c1nc(CN(C)C(=O)NC(C(=O)NC(Cc2ccccc2)CC(O)C(Cc2ccccc2)NC(=O)OCc2cncs2)C(C)C)cs1	Sex	Male	-0.09345
CC(C)c1nc(CN(C)C(=O)NC(C(=O)NC(Cc2ccccc2)CC(O)C(Cc2ccccc2)NC(=O)OCc2cncs2)C(C)C)cs1	Sex	Female	-0.00103
CC(C)c1nc(CN(C)C(=O)NC(C(=O)NC(Cc2ccccc2)CC(O)C(Cc2ccccc2)NC(=O)OCc2cncs2)C(C)C)cs1	Age	Children	-0.03901
CC(C)c1nc(CN(C)C(=O)NC(C(=O)NC(Cc2ccccc2)CC(O)C(Cc2ccccc2)NC(=O)OCc2cncs2)C(C)C)cs1	Age	Adolescent	0.00474
CC(C)c1nc(CN(C)C(=O)NC(C(=O)NC(Cc2ccccc2)CC(O)C(Cc2ccccc2)NC(=O)OCc2cncs2)C(C)C)cs1	Age	Adult	-0.02764
CC(C)c1nc(CN(C)C(=O)NC(C(=O)NC(Cc2ccccc2)CC(O)C(Cc2ccccc2)NC(=O)OCc2cncs2)C(C)C)cs1	Age	Elderly	-0.09694
CC(C)c1nc(CN(C)C(=O)NC(C(=O)NC(Cc2ccccc2)CC(O)C(Cc2ccccc2)NC(=O)OCc2cncs2)C(C)C)cs1	Weight	Low	-0.12516
CC(C)c1nc(CN(C)C(=O)NC(C(=O)NC(Cc2ccccc2)CC(O)C(Cc2ccccc2)NC(=O)OCc2cncs2)C(C)C)cs1	Weight	Average	-0.08298
CC(C)c1nc(CN(C)C(=O)NC(C(=O)NC(Cc2ccccc2)CC(O)C(Cc2ccccc2)NC(=O)OCc2cncs2)C(C)C)cs1	Weight	High	-0.10559
CC(O)C(O)C1CNc2[nH]c(N)nc(=O)c2N1	Sex	Male	-0.1079
CC(O)C(O)C1CNc2[nH]c(N)nc(=O)c2N1	Sex	Female	-0.00043
CC(O)C(O)C1CNc2[nH]c(N)nc(=O)c2N1	Age	Children	-0.03983
CC(O)C(O)C1CNc2[nH]c(N)nc(=O)c2N1	Age	Adolescent	0.00364
CC(O)C(O)C1CNc2[nH]c(N)nc(=O)c2N1	Age	Adult	-0.02852
CC(O)C(O)C1CNc2[nH]c(N)nc(=O)c2N1	Age	Elderly	-0.13966
CC(O)C(O)C1CNc2[nH]c(N)nc(=O)c2N1	Weight	Low	-0.19344
CC(O)C(O)C1CNc2[nH]c(N)nc(=O)c2N1	Weight	Average	-0.15358
CC(O)C(O)C1CNc2[nH]c(N)nc(=O)c2N1	Weight	High	-0.19741
CC12C=CC(=O)C=C1CCC1C3CC(O)C(O)(C(=O)CO)C3(C)CC(O)C12F	Sex	Male	-0.10421
CC12C=CC(=O)C=C1CCC1C3CC(O)C(O)(C(=O)CO)C3(C)CC(O)C12F	Sex	Female	-0.00054
CC12C=CC(=O)C=C1CCC1C3CC(O)C(O)(C(=O)CO)C3(C)CC(O)C12F	Age	Children	-0.03649
CC12C=CC(=O)C=C1CCC1C3CC(O)C(O)(C(=O)CO)C3(C)CC(O)C12F	Age	Adolescent	-0.00797
CC12C=CC(=O)C=C1CCC1C3CC(O)C(O)(C(=O)CO)C3(C)CC(O)C12F	Age	Adult	-0.03226
CC12C=CC(=O)C=C1CCC1C3CC(O)C(O)(C(=O)CO)C3(C)CC(O)C12F	Age	Elderly	-0.15942
CC12C=CC(=O)C=C1CCC1C3CC(O)C(O)(C(=O)CO)C3(C)CC(O)C12F	Weight	Low	-0.21166
CC12C=CC(=O)C=C1CCC1C3CC(O)C(O)(C(=O)CO)C3(C)CC(O)C12F	Weight	Average	-0.174
CC12C=CC(=O)C=C1CCC1C3CC(O)C(O)(C(=O)CO)C3(C)CC(O)C12F	Weight	High	-0.20151
CC1CC2C3CC=C4CC(=O)C=CC4(C)C3(Cl)C(O)CC2(C)C1(OC(=O)c1ccco1)C(=O)CCl	Sex	Male	-0.06835
CC1CC2C3CC=C4CC(=O)C=CC4(C)C3(Cl)C(O)CC2(C)C1(OC(=O)c1ccco1)C(=O)CCl	Sex	Female	-0.00061
CC1CC2C3CC=C4CC(=O)C=CC4(C)C3(Cl)C(O)CC2(C)C1(OC(=O)c1ccco1)C(=O)CCl	Age	Children	-0.03389
CC1CC2C3CC=C4CC(=O)C=CC4(C)C3(Cl)C(O)CC2(C)C1(OC(=O)c1ccco1)C(=O)CCl	Age	Adolescent	-0.00633
CC1CC2C3CC=C4CC(=O)C=CC4(C)C3(Cl)C(O)CC2(C)C1(OC(=O)c1ccco1)C(=O)CCl	Age	Adult	-0.02113
CC1CC2C3CC=C4CC(=O)C=CC4(C)C3(Cl)C(O)CC2(C)C1(OC(=O)c1ccco1)C(=O)CCl	Age	Elderly	-0.11227
CC1CC2C3CC=C4CC(=O)C=CC4(C)C3(Cl)C(O)CC2(C)C1(OC(=O)c1ccco1)C(=O)CCl	Weight	Low	-0.14257
CC1CC2C3CC=C4CC(=O)C=CC4(C)C3(Cl)C(O)CC2(C)C1(OC(=O)c1ccco1)C(=O)CCl	Weight	Average	-0.11984
CC1CC2C3CC=C4CC(=O)C=CC4(C)C3(Cl)C(O)CC2(C)C1(OC(=O)c1ccco1)C(=O)CCl	Weight	High	-0.16038
CCC(=O)OCC(=O)C1(OC(=O)CC)C(C)CC2C3CC=C4CC(=O)C=CC4(C)C3(Cl)C(O)CC21C	Sex	Male	-0.04647
CCC(=O)OCC(=O)C1(OC(=O)CC)C(C)CC2C3CC=C4CC(=O)C=CC4(C)C3(Cl)C(O)CC21C	Sex	Female	-0.00046
CCC(=O)OCC(=O)C1(OC(=O)CC)C(C)CC2C3CC=C4CC(=O)C=CC4(C)C3(Cl)C(O)CC21C	Age	Children	-0.03226
CCC(=O)OCC(=O)C1(OC(=O)CC)C(C)CC2C3CC=C4CC(=O)C=CC4(C)C3(Cl)C(O)CC21C	Age	Adolescent	-0.00677
CCC(=O)OCC(=O)C1(OC(=O)CC)C(C)CC2C3CC=C4CC(=O)C=CC4(C)C3(Cl)C(O)CC21C	Age	Adult	-0.01685
CCC(=O)OCC(=O)C1(OC(=O)CC)C(C)CC2C3CC=C4CC(=O)C=CC4(C)C3(Cl)C(O)CC21C	Age	Elderly	-0.11273
CCC(=O)OCC(=O)C1(OC(=O)CC)C(C)CC2C3CC=C4CC(=O)C=CC4(C)C3(Cl)C(O)CC21C	Weight	Low	-0.12534
CCC(=O)OCC(=O)C1(OC(=O)CC)C(C)CC2C3CC=C4CC(=O)C=CC4(C)C3(Cl)C(O)CC21C	Weight	Average	-0.12036
CCC(=O)OCC(=O)C1(OC(=O)CC)C(C)CC2C3CC=C4CC(=O)C=CC4(C)C3(Cl)C(O)CC21C	Weight	High	-0.13741
CCC(CO)NC(=O)C1C=C2c3cccc4[nH]cc(c34)CC2N(C)C1	Sex	Male	-0.08639
CCC(CO)NC(=O)C1C=C2c3cccc4[nH]cc(c34)CC2N(C)C1	Sex	Female	-0.00151
CCC(CO)NC(=O)C1C=C2c3cccc4[nH]cc(c34)CC2N(C)C1	Age	Children	-0.04099
CCC(CO)NC(=O)C1C=C2c3cccc4[nH]cc(c34)CC2N(C)C1	Age	Adolescent	0.00218
CCC(CO)NC(=O)C1C=C2c3cccc4[nH]cc(c34)CC2N(C)C1	Age	Adult	-0.02945
CCC(CO)NC(=O)C1C=C2c3cccc4[nH]cc(c34)CC2N(C)C1	Age	Elderly	-0.1506
CCC(CO)NC(=O)C1C=C2c3cccc4[nH]cc(c34)CC2N(C)C1	Weight	Low	-0.18335
CCC(CO)NC(=O)C1C=C2c3cccc4[nH]cc(c34)CC2N(C)C1	Weight	Average	-0.17348
CCC(CO)NC(=O)C1C=C2c3cccc4[nH]cc(c34)CC2N(C)C1	Weight	High	-0.23613
CCCC1CC(C(=O)NC(C(C)Cl)C2OC(SC)C(O)C(O)C2O)N(C)C1	Sex	Male	-0.0578
CCCC1CC(C(=O)NC(C(C)Cl)C2OC(SC)C(O)C(O)C2O)N(C)C1	Sex	Female	-0.0014
CCCC1CC(C(=O)NC(C(C)Cl)C2OC(SC)C(O)C(O)C2O)N(C)C1	Age	Children	-0.0339
CCCC1CC(C(=O)NC(C(C)Cl)C2OC(SC)C(O)C(O)C2O)N(C)C1	Age	Adolescent	-0.00524
CCCC1CC(C(=O)NC(C(C)Cl)C2OC(SC)C(O)C(O)C2O)N(C)C1	Age	Adult	-0.019
CCCC1CC(C(=O)NC(C(C)Cl)C2OC(SC)C(O)C(O)C2O)N(C)C1	Age	Elderly	-0.09187
CCCC1CC(C(=O)NC(C(C)Cl)C2OC(SC)C(O)C(O)C2O)N(C)C1	Weight	Low	-0.14439
CCCC1CC(C(=O)NC(C(C)Cl)C2OC(SC)C(O)C(O)C2O)N(C)C1	Weight	Average	-0.13224
CCCC1CC(C(=O)NC(C(C)Cl)C2OC(SC)C(O)C(O)C2O)N(C)C1	Weight	High	-0.16117
CCCCC(=O)N(Cc1ccc(-c2ccccc2-c2nn[nH]n2)cc1)C(C(=O)O)C(C)C	Sex	Male	-0.08389
CCCCC(=O)N(Cc1ccc(-c2ccccc2-c2nn[nH]n2)cc1)C(C(=O)O)C(C)C	Sex	Female	-0.00183
CCCCC(=O)N(Cc1ccc(-c2ccccc2-c2nn[nH]n2)cc1)C(C(=O)O)C(C)C	Age	Children	-0.03632
CCCCC(=O)N(Cc1ccc(-c2ccccc2-c2nn[nH]n2)cc1)C(C(=O)O)C(C)C	Age	Adolescent	0.00682
CCCCC(=O)N(Cc1ccc(-c2ccccc2-c2nn[nH]n2)cc1)C(C(=O)O)C(C)C	Age	Adult	-0.0277
CCCCC(=O)N(Cc1ccc(-c2ccccc2-c2nn[nH]n2)cc1)C(C(=O)O)C(C)C	Age	Elderly	-0.15073
CCCCC(=O)N(Cc1ccc(-c2ccccc2-c2nn[nH]n2)cc1)C(C(=O)O)C(C)C	Weight	Low	-0.1337
CCCCC(=O)N(Cc1ccc(-c2ccccc2-c2nn[nH]n2)cc1)C(C(=O)O)C(C)C	Weight	Average	-0.07675
CCCCC(=O)N(Cc1ccc(-c2ccccc2-c2nn[nH]n2)cc1)C(C(=O)O)C(C)C	Weight	High	-0.19584
CCCCC(C)(O)CC=CC1C(O)CC(=O)C1CCCCCCC(=O)OC	Sex	Male	-0.04157
CCCCC(C)(O)CC=CC1C(O)CC(=O)C1CCCCCCC(=O)OC	Sex	Female	-0.00298
CCCCC(C)(O)CC=CC1C(O)CC(=O)C1CCCCCCC(=O)OC	Age	Children	-0.01639
CCCCC(C)(O)CC=CC1C(O)CC(=O)C1CCCCCCC(=O)OC	Age	Adolescent	-0.00727
CCCCC(C)(O)CC=CC1C(O)CC(=O)C1CCCCCCC(=O)OC	Age	Adult	-0.02116
CCCCC(C)(O)CC=CC1C(O)CC(=O)C1CCCCCCC(=O)OC	Age	Elderly	-0.09654
CCCCC(C)(O)CC=CC1C(O)CC(=O)C1CCCCCCC(=O)OC	Weight	Low	-0.08903
CCCCC(C)(O)CC=CC1C(O)CC(=O)C1CCCCCCC(=O)OC	Weight	Average	-0.0854
CCCCC(C)(O)CC=CC1C(O)CC(=O)C1CCCCCCC(=O)OC	Weight	High	-0.10605
CCCN(CCC)S(=O)(=O)c1ccc(C(=O)O)cc1	Sex	Male	-0.09913
CCCN(CCC)S(=O)(=O)c1ccc(C(=O)O)cc1	Sex	Female	-0.00217
CCCN(CCC)S(=O)(=O)c1ccc(C(=O)O)cc1	Age	Children	-0.03832
CCCN(CCC)S(=O)(=O)c1ccc(C(=O)O)cc1	Age	Adolescent	0.00065
CCCN(CCC)S(=O)(=O)c1ccc(C(=O)O)cc1	Age	Adult	-0.03244
CCCN(CCC)S(=O)(=O)c1ccc(C(=O)O)cc1	Age	Elderly	-0.14052
CCCN(CCC)S(=O)(=O)c1ccc(C(=O)O)cc1	Weight	Low	-0.19454
CCCN(CCC)S(=O)(=O)c1ccc(C(=O)O)cc1	Weight	Average	-0.17972
CCCN(CCC)S(=O)(=O)c1ccc(C(=O)O)cc1	Weight	High	-0.14228
CCOC(=O)C1(c2ccccc2)CCN(C)CC1	Sex	Male	-0.07887
CCOC(=O)C1(c2ccccc2)CCN(C)CC1	Sex	Female	-0.0004
CCOC(=O)C1(c2ccccc2)CCN(C)CC1	Age	Children	-0.01866
CCOC(=O)C1(c2ccccc2)CCN(C)CC1	Age	Adolescent	0.00161
CCOC(=O)C1(c2ccccc2)CCN(C)CC1	Age	Adult	-0.01635
CCOC(=O)C1(c2ccccc2)CCN(C)CC1	Age	Elderly	-0.12625
CCOC(=O)C1(c2ccccc2)CCN(C)CC1	Weight	Low	-0.11324
CCOC(=O)C1(c2ccccc2)CCN(C)CC1	Weight	Average	-0.09881
CCOC(=O)C1(c2ccccc2)CCN(C)CC1	Weight	High	-0.16563
CCOC(=O)c1ccc(N)cc1	Sex	Male	-0.08861
CCOC(=O)c1ccc(N)cc1	Sex	Female	-0.00148
CCOC(=O)c1ccc(N)cc1	Age	Children	-0.02821
CCOC(=O)c1ccc(N)cc1	Age	Adolescent	-0.00074
CCOC(=O)c1ccc(N)cc1	Age	Adult	-0.01562
CCOC(=O)c1ccc(N)cc1	Age	Elderly	-0.12469
CCOC(=O)c1ccc(N)cc1	Weight	Low	-0.17428
CCOC(=O)c1ccc(N)cc1	Weight	Average	-0.13294
CCOC(=O)c1ccc(N)cc1	Weight	High	-0.13906
CCOc1nc2cccc(C(=O)O)c2n1Cc1ccc(-c2ccccc2-c2nn[nH]n2)cc1	Sex	Male	-0.07012
CCOc1nc2cccc(C(=O)O)c2n1Cc1ccc(-c2ccccc2-c2nn[nH]n2)cc1	Sex	Female	-0.00117
CCOc1nc2cccc(C(=O)O)c2n1Cc1ccc(-c2ccccc2-c2nn[nH]n2)cc1	Age	Children	-0.02005
CCOc1nc2cccc(C(=O)O)c2n1Cc1ccc(-c2ccccc2-c2nn[nH]n2)cc1	Age	Adolescent	-0.00085
CCOc1nc2cccc(C(=O)O)c2n1Cc1ccc(-c2ccccc2-c2nn[nH]n2)cc1	Age	Adult	-0.01456
CCOc1nc2cccc(C(=O)O)c2n1Cc1ccc(-c2ccccc2-c2nn[nH]n2)cc1	Age	Elderly	-0.10941
CCOc1nc2cccc(C(=O)O)c2n1Cc1ccc(-c2ccccc2-c2nn[nH]n2)cc1	Weight	Low	-0.1242
CCOc1nc2cccc(C(=O)O)c2n1Cc1ccc(-c2ccccc2-c2nn[nH]n2)cc1	Weight	Average	-0.07488
CCOc1nc2cccc(C(=O)O)c2n1Cc1ccc(-c2ccccc2-c2nn[nH]n2)cc1	Weight	High	-0.16818
CN(C)CCC(c1ccc(Cl)cc1)c1ccccn1	Sex	Male	-0.12052
CN(C)CCC(c1ccc(Cl)cc1)c1ccccn1	Sex	Female	-0.00241
CN(C)CCC(c1ccc(Cl)cc1)c1ccccn1	Age	Children	-0.04243
CN(C)CCC(c1ccc(Cl)cc1)c1ccccn1	Age	Adolescent	0.00643
CN(C)CCC(c1ccc(Cl)cc1)c1ccccn1	Age	Adult	-0.02712
CN(C)CCC(c1ccc(Cl)cc1)c1ccccn1	Age	Elderly	-0.18181
CN(C)CCC(c1ccc(Cl)cc1)c1ccccn1	Weight	Low	-0.16218
CN(C)CCC(c1ccc(Cl)cc1)c1ccccn1	Weight	Average	-0.15106
CN(C)CCC(c1ccc(Cl)cc1)c1ccccn1	Weight	High	-0.18148
CN(C)CCC=C1c2ccccc2C=Cc2ccccc21	Sex	Male	-0.07859
CN(C)CCC=C1c2ccccc2C=Cc2ccccc21	Sex	Female	-0.00185
CN(C)CCC=C1c2ccccc2C=Cc2ccccc21	Age	Children	-0.028
CN(C)CCC=C1c2ccccc2C=Cc2ccccc21	Age	Adolescent	-0.0001
CN(C)CCC=C1c2ccccc2C=Cc2ccccc21	Age	Adult	-0.01846
CN(C)CCC=C1c2ccccc2C=Cc2ccccc21	Age	Elderly	-0.11616
CN(C)CCC=C1c2ccccc2C=Cc2ccccc21	Weight	Low	-0.15797
CN(C)CCC=C1c2ccccc2C=Cc2ccccc21	Weight	Average	-0.13991
CN(C)CCC=C1c2ccccc2C=Cc2ccccc21	Weight	High	-0.1575
CN(C)CCC=C1c2ccccc2COc2ccccc21	Sex	Male	-0.06881
CN(C)CCC=C1c2ccccc2COc2ccccc21	Sex	Female	-0.00209
CN(C)CCC=C1c2ccccc2COc2ccccc21	Age	Children	-0.03213
CN(C)CCC=C1c2ccccc2COc2ccccc21	Age	Adolescent	0.00038
CN(C)CCC=C1c2ccccc2COc2ccccc21	Age	Adult	-0.0175
CN(C)CCC=C1c2ccccc2COc2ccccc21	Age	Elderly	-0.11752
CN(C)CCC=C1c2ccccc2COc2ccccc21	Weight	Low	-0.14712
CN(C)CCC=C1c2ccccc2COc2ccccc21	Weight	Average	-0.13139
CN(C)CCC=C1c2ccccc2COc2ccccc21	Weight	High	-0.15282
CN(C)CCOC(=O)C(c1ccccc1)C1(O)CCCC1	Sex	Male	-0.11087
CN(C)CCOC(=O)C(c1ccccc1)C1(O)CCCC1	Sex	Female	-0.00044
CN(C)CCOC(=O)C(c1ccccc1)C1(O)CCCC1	Age	Children	-0.03527
CN(C)CCOC(=O)C(c1ccccc1)C1(O)CCCC1	Age	Adolescent	0.00666
CN(C)CCOC(=O)C(c1ccccc1)C1(O)CCCC1	Age	Adult	-0.02544
CN(C)CCOC(=O)C(c1ccccc1)C1(O)CCCC1	Age	Elderly	-0.12973
CN(C)CCOC(=O)C(c1ccccc1)C1(O)CCCC1	Weight	Low	-0.14074
CN(C)CCOC(=O)C(c1ccccc1)C1(O)CCCC1	Weight	Average	-0.13301
CN(C)CCOC(=O)C(c1ccccc1)C1(O)CCCC1	Weight	High	-0.15369
CN1C2CCC1CC(OC(c1ccccc1)c1ccccc1)C2	Sex	Male	-0.06934
CN1C2CCC1CC(OC(c1ccccc1)c1ccccc1)C2	Sex	Female	-0.00119
CN1C2CCC1CC(OC(c1ccccc1)c1ccccc1)C2	Age	Children	-0.03676
CN1C2CCC1CC(OC(c1ccccc1)c1ccccc1)C2	Age	Adolescent	0.00779
CN1C2CCC1CC(OC(c1ccccc1)c1ccccc1)C2	Age	Adult	-0.0227
CN1C2CCC1CC(OC(c1ccccc1)c1ccccc1)C2	Age	Elderly	-0.1657
CN1C2CCC1CC(OC(c1ccccc1)c1ccccc1)C2	Weight	Low	-0.14825
CN1C2CCC1CC(OC(c1ccccc1)c1ccccc1)C2	Weight	Average	-0.1517
CN1C2CCC1CC(OC(c1ccccc1)c1ccccc1)C2	Weight	High	-0.18951
CN1C2CCCC1CC(NC(=O)c1nn(C)c3ccccc13)C2	Sex	Male	-0.09089
CN1C2CCCC1CC(NC(=O)c1nn(C)c3ccccc13)C2	Sex	Female	-0.00146
CN1C2CCCC1CC(NC(=O)c1nn(C)c3ccccc13)C2	Age	Children	-0.03121
CN1C2CCCC1CC(NC(=O)c1nn(C)c3ccccc13)C2	Age	Adolescent	0.00517
CN1C2CCCC1CC(NC(=O)c1nn(C)c3ccccc13)C2	Age	Adult	-0.02713
CN1C2CCCC1CC(NC(=O)c1nn(C)c3ccccc13)C2	Age	Elderly	-0.12412
CN1C2CCCC1CC(NC(=O)c1nn(C)c3ccccc13)C2	Weight	Low	-0.08536
CN1C2CCCC1CC(NC(=O)c1nn(C)c3ccccc13)C2	Weight	Average	-0.12619
CN1C2CCCC1CC(NC(=O)c1nn(C)c3ccccc13)C2	Weight	High	-0.15129
CN1CCN(c2ccc(C(=O)Nc3[nH]nc4ccc(Cc5cc(F)cc(F)c5)cc34)c(NC3CCOCC3)c2)CC1	Sex	Male	-0.13545
CN1CCN(c2ccc(C(=O)Nc3[nH]nc4ccc(Cc5cc(F)cc(F)c5)cc34)c(NC3CCOCC3)c2)CC1	Sex	Female	-0.00152
CN1CCN(c2ccc(C(=O)Nc3[nH]nc4ccc(Cc5cc(F)cc(F)c5)cc34)c(NC3CCOCC3)c2)CC1	Age	Children	-0.03679
CN1CCN(c2ccc(C(=O)Nc3[nH]nc4ccc(Cc5cc(F)cc(F)c5)cc34)c(NC3CCOCC3)c2)CC1	Age	Adolescent	-0.00315
CN1CCN(c2ccc(C(=O)Nc3[nH]nc4ccc(Cc5cc(F)cc(F)c5)cc34)c(NC3CCOCC3)c2)CC1	Age	Adult	-0.03474
CN1CCN(c2ccc(C(=O)Nc3[nH]nc4ccc(Cc5cc(F)cc(F)c5)cc34)c(NC3CCOCC3)c2)CC1	Age	Elderly	-0.13311
CN1CCN(c2ccc(C(=O)Nc3[nH]nc4ccc(Cc5cc(F)cc(F)c5)cc34)c(NC3CCOCC3)c2)CC1	Weight	Low	-0.1243
CN1CCN(c2ccc(C(=O)Nc3[nH]nc4ccc(Cc5cc(F)cc(F)c5)cc34)c(NC3CCOCC3)c2)CC1	Weight	Average	-0.16853
CN1CCN(c2ccc(C(=O)Nc3[nH]nc4ccc(Cc5cc(F)cc(F)c5)cc34)c(NC3CCOCC3)c2)CC1	Weight	High	-0.20261
COc1ccccc1OCCNCC(O)COc1cccc2[nH]c3ccccc3c12	Sex	Male	-0.03852
COc1ccccc1OCCNCC(O)COc1cccc2[nH]c3ccccc3c12	Sex	Female	-0.00119
COc1ccccc1OCCNCC(O)COc1cccc2[nH]c3ccccc3c12	Age	Children	-0.01237
COc1ccccc1OCCNCC(O)COc1cccc2[nH]c3ccccc3c12	Age	Adolescent	0.00105
COc1ccccc1OCCNCC(O)COc1cccc2[nH]c3ccccc3c12	Age	Adult	-0.00783
COc1ccccc1OCCNCC(O)COc1cccc2[nH]c3ccccc3c12	Age	Elderly	-0.05992
COc1ccccc1OCCNCC(O)COc1cccc2[nH]c3ccccc3c12	Weight	Low	-0.07741
COc1ccccc1OCCNCC(O)COc1cccc2[nH]c3ccccc3c12	Weight	Average	-0.057
COc1ccccc1OCCNCC(O)COc1cccc2[nH]c3ccccc3c12	Weight	High	-0.09464
Cc1cccc(C)c1OCC(=O)NC(Cc1ccccc1)C(O)CC(Cc1ccccc1)NC(=O)C(C(C)C)N1CCCNC1=O	Sex	Male	-0.10699
Cc1cccc(C)c1OCC(=O)NC(Cc1ccccc1)C(O)CC(Cc1ccccc1)NC(=O)C(C(C)C)N1CCCNC1=O	Sex	Female	-0.00119
Cc1cccc(C)c1OCC(=O)NC(Cc1ccccc1)C(O)CC(Cc1ccccc1)NC(=O)C(C(C)C)N1CCCNC1=O	Age	Children	-0.03822
Cc1cccc(C)c1OCC(=O)NC(Cc1ccccc1)C(O)CC(Cc1ccccc1)NC(=O)C(C(C)C)N1CCCNC1=O	Age	Adolescent	-0.00087
Cc1cccc(C)c1OCC(=O)NC(Cc1ccccc1)C(O)CC(Cc1ccccc1)NC(=O)C(C(C)C)N1CCCNC1=O	Age	Adult	-0.02798
Cc1cccc(C)c1OCC(=O)NC(Cc1ccccc1)C(O)CC(Cc1ccccc1)NC(=O)C(C(C)C)N1CCCNC1=O	Age	Elderly	-0.08646
Cc1cccc(C)c1OCC(=O)NC(Cc1ccccc1)C(O)CC(Cc1ccccc1)NC(=O)C(C(C)C)N1CCCNC1=O	Weight	Low	-0.13381
Cc1cccc(C)c1OCC(=O)NC(Cc1ccccc1)C(O)CC(Cc1ccccc1)NC(=O)C(C(C)C)N1CCCNC1=O	Weight	Average	-0.14663
Cc1cccc(C)c1OCC(=O)NC(Cc1ccccc1)C(O)CC(Cc1ccccc1)NC(=O)C(C(C)C)N1CCCNC1=O	Weight	High	-0.20872
Cc1ncc([N+](=O)[O-])n1CCO	Sex	Male	-0.06197
Cc1ncc([N+](=O)[O-])n1CCO	Sex	Female	-0.00055
Cc1ncc([N+](=O)[O-])n1CCO	Age	Children	-0.02586
Cc1ncc([N+](=O)[O-])n1CCO	Age	Adolescent	-0.00435
Cc1ncc([N+](=O)[O-])n1CCO	Age	Adult	-0.02619
Cc1ncc([N+](=O)[O-])n1CCO	Age	Elderly	-0.13498
Cc1ncc([N+](=O)[O-])n1CCO	Weight	Low	-0.17534
Cc1ncc([N+](=O)[O-])n1CCO	Weight	Average	-0.1322
Cc1ncc([N+](=O)[O-])n1CCO	Weight	High	-0.1576
N#Cc1ccccc1-c1cc(-c2ccccn2)cn(-c2ccccc2)c1=O	Sex	Male	-0.08462
N#Cc1ccccc1-c1cc(-c2ccccn2)cn(-c2ccccc2)c1=O	Sex	Female	-0.00193
N#Cc1ccccc1-c1cc(-c2ccccn2)cn(-c2ccccc2)c1=O	Age	Children	-0.02922
N#Cc1ccccc1-c1cc(-c2ccccn2)cn(-c2ccccc2)c1=O	Age	Adolescent	-0.00018
N#Cc1ccccc1-c1cc(-c2ccccn2)cn(-c2ccccc2)c1=O	Age	Adult	-0.02453
N#Cc1ccccc1-c1cc(-c2ccccn2)cn(-c2ccccc2)c1=O	Age	Elderly	-0.12935
N#Cc1ccccc1-c1cc(-c2ccccn2)cn(-c2ccccc2)c1=O	Weight	Low	-0.09186
N#Cc1ccccc1-c1cc(-c2ccccn2)cn(-c2ccccc2)c1=O	Weight	Average	-0.08497
N#Cc1ccccc1-c1cc(-c2ccccn2)cn(-c2ccccc2)c1=O	Weight	High	-0.17218
O=C(NCC1CN(c2ccc(N3CCOCC3=O)cc2)C(=O)O1)c1ccc(Cl)s1	Sex	Male	-0.09769
O=C(NCC1CN(c2ccc(N3CCOCC3=O)cc2)C(=O)O1)c1ccc(Cl)s1	Sex	Female	-0.00113
O=C(NCC1CN(c2ccc(N3CCOCC3=O)cc2)C(=O)O1)c1ccc(Cl)s1	Age	Children	-0.03033
O=C(NCC1CN(c2ccc(N3CCOCC3=O)cc2)C(=O)O1)c1ccc(Cl)s1	Age	Adolescent	-0.01097
O=C(NCC1CN(c2ccc(N3CCOCC3=O)cc2)C(=O)O1)c1ccc(Cl)s1	Age	Adult	-0.03403
O=C(NCC1CN(c2ccc(N3CCOCC3=O)cc2)C(=O)O1)c1ccc(Cl)s1	Age	Elderly	-0.14404
O=C(NCC1CN(c2ccc(N3CCOCC3=O)cc2)C(=O)O1)c1ccc(Cl)s1	Weight	Low	-0.16988
O=C(NCC1CN(c2ccc(N3CCOCC3=O)cc2)C(=O)O1)c1ccc(Cl)s1	Weight	Average	-0.15318
O=C(NCC1CN(c2ccc(N3CCOCC3=O)cc2)C(=O)O1)c1ccc(Cl)s1	Weight	High	-0.17458
O=C(OC1CN2CCC1CC2)N1CCc2ccccc2C1c1ccccc1	Sex	Male	-0.10376
O=C(OC1CN2CCC1CC2)N1CCc2ccccc2C1c1ccccc1	Sex	Female	-0.0024
O=C(OC1CN2CCC1CC2)N1CCc2ccccc2C1c1ccccc1	Age	Children	-0.04202
O=C(OC1CN2CCC1CC2)N1CCc2ccccc2C1c1ccccc1	Age	Adolescent	-0.00727
O=C(OC1CN2CCC1CC2)N1CCc2ccccc2C1c1ccccc1	Age	Adult	-0.02461
O=C(OC1CN2CCC1CC2)N1CCc2ccccc2C1c1ccccc1	Age	Elderly	-0.13842
O=C(OC1CN2CCC1CC2)N1CCc2ccccc2C1c1ccccc1	Weight	Low	-0.14885
O=C(OC1CN2CCC1CC2)N1CCc2ccccc2C1c1ccccc1	Weight	Average	-0.16299
O=C(OC1CN2CCC1CC2)N1CCc2ccccc2C1c1ccccc1	Weight	High	-0.20016
O=C1Nc2ccc(Cl)cc2C(C#CC2CC2)(C(F)(F)F)O1	Sex	Male	-0.04916
O=C1Nc2ccc(Cl)cc2C(C#CC2CC2)(C(F)(F)F)O1	Sex	Female	-9e-05
O=C1Nc2ccc(Cl)cc2C(C#CC2CC2)(C(F)(F)F)O1	Age	Children	-0.02087
O=C1Nc2ccc(Cl)cc2C(C#CC2CC2)(C(F)(F)F)O1	Age	Adolescent	0.00264
O=C1Nc2ccc(Cl)cc2C(C#CC2CC2)(C(F)(F)F)O1	Age	Adult	-0.0158
O=C1Nc2ccc(Cl)cc2C(C#CC2CC2)(C(F)(F)F)O1	Age	Elderly	-0.0988
O=C1Nc2ccc(Cl)cc2C(C#CC2CC2)(C(F)(F)F)O1	Weight	Low	-0.09272
O=C1Nc2ccc(Cl)cc2C(C#CC2CC2)(C(F)(F)F)O1	Weight	Average	-0.09141
O=C1Nc2ccc(Cl)cc2C(C#CC2CC2)(C(F)(F)F)O1	Weight	High	-0.12553
O=P1(NCCCl)OCCCN1CCCl	Sex	Male	-0.07376
O=P1(NCCCl)OCCCN1CCCl	Sex	Female	-0.0006
O=P1(NCCCl)OCCCN1CCCl	Age	Children	-0.03256
O=P1(NCCCl)OCCCN1CCCl	Age	Adolescent	-0.00306
O=P1(NCCCl)OCCCN1CCCl	Age	Adult	-0.02893
O=P1(NCCCl)OCCCN1CCCl	Age	Elderly	-0.11041
O=P1(NCCCl)OCCCN1CCCl	Weight	Low	-0.13498
O=P1(NCCCl)OCCCN1CCCl	Weight	Average	-0.10889
O=P1(NCCCl)OCCCN1CCCl	Weight	High	-0.13558
OC(CCN1CCCCC1)(c1ccccc1)C1CCCCC1	Sex	Male	-0.09945
OC(CCN1CCCCC1)(c1ccccc1)C1CCCCC1	Sex	Female	-0.00251
OC(CCN1CCCCC1)(c1ccccc1)C1CCCCC1	Age	Children	-0.01679
OC(CCN1CCCCC1)(c1ccccc1)C1CCCCC1	Age	Adolescent	0.00807
OC(CCN1CCCCC1)(c1ccccc1)C1CCCCC1	Age	Adult	-0.03041
OC(CCN1CCCCC1)(c1ccccc1)C1CCCCC1	Age	Elderly	-0.18553
OC(CCN1CCCCC1)(c1ccccc1)C1CCCCC1	Weight	Low	-0.18138
OC(CCN1CCCCC1)(c1ccccc1)C1CCCCC1	Weight	Average	-0.17509
OC(CCN1CCCCC1)(c1ccccc1)C1CCCCC1	Weight	High	-0.20911
OCCN(CCO)c1nc(N2CCCCC2)c2nc(N(CCO)CCO)nc(N3CCCCC3)c2n1	Sex	Male	-0.10619
OCCN(CCO)c1nc(N2CCCCC2)c2nc(N(CCO)CCO)nc(N3CCCCC3)c2n1	Sex	Female	-0.00037
OCCN(CCO)c1nc(N2CCCCC2)c2nc(N(CCO)CCO)nc(N3CCCCC3)c2n1	Age	Children	-0.0289
OCCN(CCO)c1nc(N2CCCCC2)c2nc(N(CCO)CCO)nc(N3CCCCC3)c2n1	Age	Adolescent	0.00156
OCCN(CCO)c1nc(N2CCCCC2)c2nc(N(CCO)CCO)nc(N3CCCCC3)c2n1	Age	Adult	-0.03234
OCCN(CCO)c1nc(N2CCCCC2)c2nc(N(CCO)CCO)nc(N3CCCCC3)c2n1	Age	Elderly	-0.1467
OCCN(CCO)c1nc(N2CCCCC2)c2nc(N(CCO)CCO)nc(N3CCCCC3)c2n1	Weight	Low	-0.18908
OCCN(CCO)c1nc(N2CCCCC2)c2nc(N(CCO)CCO)nc(N3CCCCC3)c2n1	Weight	Average	-0.13008
OCCN(CCO)c1nc(N2CCCCC2)c2nc(N(CCO)CCO)nc(N3CCCCC3)c2n1	Weight	High	-0.14535
Oc1cc2cc(CCN3CCN(c4nsc5ccccc45)CC3)c(Cl)cc2[nH]1	Sex	Male	-0.11088
Oc1cc2cc(CCN3CCN(c4nsc5ccccc45)CC3)c(Cl)cc2[nH]1	Sex	Female	-0.00276
Oc1cc2cc(CCN3CCN(c4nsc5ccccc45)CC3)c(Cl)cc2[nH]1	Age	Children	-0.02991
Oc1cc2cc(CCN3CCN(c4nsc5ccccc45)CC3)c(Cl)cc2[nH]1	Age	Adolescent	0.00298
Oc1cc2cc(CCN3CCN(c4nsc5ccccc45)CC3)c(Cl)cc2[nH]1	Age	Adult	-0.01906
Oc1cc2cc(CCN3CCN(c4nsc5ccccc45)CC3)c(Cl)cc2[nH]1	Age	Elderly	-0.14886
Oc1cc2cc(CCN3CCN(c4nsc5ccccc45)CC3)c(Cl)cc2[nH]1	Weight	Low	-0.14792
Oc1cc2cc(CCN3CCN(c4nsc5ccccc45)CC3)c(Cl)cc2[nH]1	Weight	Average	-0.10605
Oc1cc2cc(CCN3CCN(c4nsc5ccccc45)CC3)c(Cl)cc2[nH]1	Weight	High	-0.17435
c1cc(CN2CCCNCCNCCCNCC2)ccc1CN1CCCNCCNCCCNCC1	Sex	Male	-0.14346
c1cc(CN2CCCNCCNCCCNCC2)ccc1CN1CCCNCCNCCCNCC1	Sex	Female	-0.00249
c1cc(CN2CCCNCCNCCCNCC2)ccc1CN1CCCNCCNCCCNCC1	Age	Children	-0.04078
c1cc(CN2CCCNCCNCCCNCC2)ccc1CN1CCCNCCNCCCNCC1	Age	Adolescent	0.00144
c1cc(CN2CCCNCCNCCCNCC2)ccc1CN1CCCNCCNCCCNCC1	Age	Adult	-0.03579
c1cc(CN2CCCNCCNCCCNCC2)ccc1CN1CCCNCCNCCCNCC1	Age	Elderly	-0.18331
c1cc(CN2CCCNCCNCCCNCC2)ccc1CN1CCCNCCNCCCNCC1	Weight	Low	-0.21927
c1cc(CN2CCCNCCNCCCNCC2)ccc1CN1CCCNCCNCCCNCC1	Weight	Average	-0.20297
c1cc(CN2CCCNCCNCCCNCC2)ccc1CN1CCCNCCNCCCNCC1	Weight	High	-0.21766
CNS(=O)(=O)Cc1ccc2[nH]cc(CCN(C)C)c2c1	Sex	Male	-0.10044
CNS(=O)(=O)Cc1ccc2[nH]cc(CCN(C)C)c2c1	Sex	Female	-0.00117
CNS(=O)(=O)Cc1ccc2[nH]cc(CCN(C)C)c2c1	Age	Children	-0.03152
CNS(=O)(=O)Cc1ccc2[nH]cc(CCN(C)C)c2c1	Age	Adolescent	-0.00339
CNS(=O)(=O)Cc1ccc2[nH]cc(CCN(C)C)c2c1	Age	Adult	-0.02397
CNS(=O)(=O)Cc1ccc2[nH]cc(CCN(C)C)c2c1	Age	Elderly	-0.11961
CNS(=O)(=O)Cc1ccc2[nH]cc(CCN(C)C)c2c1	Weight	Low	-0.16056
CNS(=O)(=O)Cc1ccc2[nH]cc(CCN(C)C)c2c1	Weight	Average	-0.11946
CNS(=O)(=O)Cc1ccc2[nH]cc(CCN(C)C)c2c1	Weight	High	-0.16535
COC(=O)N(C)c1c(N)nc(-c2nn(Cc3ccccc3F)c3ncccc23)nc1N	Sex	Male	-0.13314
COC(=O)N(C)c1c(N)nc(-c2nn(Cc3ccccc3F)c3ncccc23)nc1N	Sex	Female	-0.00225
COC(=O)N(C)c1c(N)nc(-c2nn(Cc3ccccc3F)c3ncccc23)nc1N	Age	Children	-0.03824
COC(=O)N(C)c1c(N)nc(-c2nn(Cc3ccccc3F)c3ncccc23)nc1N	Age	Adolescent	0.00193
COC(=O)N(C)c1c(N)nc(-c2nn(Cc3ccccc3F)c3ncccc23)nc1N	Age	Adult	-0.02842
COC(=O)N(C)c1c(N)nc(-c2nn(Cc3ccccc3F)c3ncccc23)nc1N	Age	Elderly	-0.16669
COC(=O)N(C)c1c(N)nc(-c2nn(Cc3ccccc3F)c3ncccc23)nc1N	Weight	Low	-0.17595
COC(=O)N(C)c1c(N)nc(-c2nn(Cc3ccccc3F)c3ncccc23)nc1N	Weight	Average	-0.12245
COC(=O)N(C)c1c(N)nc(-c2nn(Cc3ccccc3F)c3ncccc23)nc1N	Weight	High	-0.15673
COc1nc2ccc(Br)cc2cc1C(c1ccccc1)C(O)(CCN(C)C)c1cccc2ccccc12	Sex	Male	-0.09532
COc1nc2ccc(Br)cc2cc1C(c1ccccc1)C(O)(CCN(C)C)c1cccc2ccccc12	Sex	Female	-0.00447
COc1nc2ccc(Br)cc2cc1C(c1ccccc1)C(O)(CCN(C)C)c1cccc2ccccc12	Age	Children	-0.02729
COc1nc2ccc(Br)cc2cc1C(c1ccccc1)C(O)(CCN(C)C)c1cccc2ccccc12	Age	Adolescent	0.00168
COc1nc2ccc(Br)cc2cc1C(c1ccccc1)C(O)(CCN(C)C)c1cccc2ccccc12	Age	Adult	-0.03832
COc1nc2ccc(Br)cc2cc1C(c1ccccc1)C(O)(CCN(C)C)c1cccc2ccccc12	Age	Elderly	-0.15687
COc1nc2ccc(Br)cc2cc1C(c1ccccc1)C(O)(CCN(C)C)c1cccc2ccccc12	Weight	Low	-0.19853
COc1nc2ccc(Br)cc2cc1C(c1ccccc1)C(O)(CCN(C)C)c1cccc2ccccc12	Weight	Average	-0.12046
COc1nc2ccc(Br)cc2cc1C(c1ccccc1)C(O)(CCN(C)C)c1cccc2ccccc12	Weight	High	-0.14496
CCCC1CC(C(=O)NC(C(C)O)C2OC(SC)C(O)C(O)C2O)N(C)C1	Sex	Male	-0.04872
CCCC1CC(C(=O)NC(C(C)O)C2OC(SC)C(O)C(O)C2O)N(C)C1	Sex	Female	-0.00126
CCCC1CC(C(=O)NC(C(C)O)C2OC(SC)C(O)C(O)C2O)N(C)C1	Age	Children	-0.03095
CCCC1CC(C(=O)NC(C(C)O)C2OC(SC)C(O)C(O)C2O)N(C)C1	Age	Adolescent	-0.00292
CCCC1CC(C(=O)NC(C(C)O)C2OC(SC)C(O)C(O)C2O)N(C)C1	Age	Adult	-0.01849
CCCC1CC(C(=O)NC(C(C)O)C2OC(SC)C(O)C(O)C2O)N(C)C1	Age	Elderly	-0.09145
CCCC1CC(C(=O)NC(C(C)O)C2OC(SC)C(O)C(O)C2O)N(C)C1	Weight	Low	-0.12625
CCCC1CC(C(=O)NC(C(C)O)C2OC(SC)C(O)C(O)C2O)N(C)C1	Weight	Average	-0.12731
CCCC1CC(C(=O)NC(C(C)O)C2OC(SC)C(O)C(O)C2O)N(C)C1	Weight	High	-0.13455
Cn1c(CNc2ccc(C(=N)N)cc2)nc2cc(C(=O)N(CCC(=O)O)c3ccccn3)ccc21	Sex	Male	-0.02374
Cn1c(CNc2ccc(C(=N)N)cc2)nc2cc(C(=O)N(CCC(=O)O)c3ccccn3)ccc21	Sex	Female	-0.00098
Cn1c(CNc2ccc(C(=N)N)cc2)nc2cc(C(=O)N(CCC(=O)O)c3ccccn3)ccc21	Age	Children	-0.0094
Cn1c(CNc2ccc(C(=N)N)cc2)nc2cc(C(=O)N(CCC(=O)O)c3ccccn3)ccc21	Age	Adolescent	-0.00087
Cn1c(CNc2ccc(C(=N)N)cc2)nc2cc(C(=O)N(CCC(=O)O)c3ccccn3)ccc21	Age	Adult	-0.01087
Cn1c(CNc2ccc(C(=N)N)cc2)nc2cc(C(=O)N(CCC(=O)O)c3ccccn3)ccc21	Age	Elderly	-0.04186
Cn1c(CNc2ccc(C(=N)N)cc2)nc2cc(C(=O)N(CCC(=O)O)c3ccccn3)ccc21	Weight	Low	-0.02865
Cn1c(CNc2ccc(C(=N)N)cc2)nc2cc(C(=O)N(CCC(=O)O)c3ccccn3)ccc21	Weight	Average	-0.03829
Cn1c(CNc2ccc(C(=N)N)cc2)nc2cc(C(=O)N(CCC(=O)O)c3ccccn3)ccc21	Weight	High	-0.04321
N=c1cc(N2CCCCC2)nc(N)n1O	Sex	Male	-0.12282
N=c1cc(N2CCCCC2)nc(N)n1O	Sex	Female	-0.00057
N=c1cc(N2CCCCC2)nc(N)n1O	Age	Children	-0.03427
N=c1cc(N2CCCCC2)nc(N)n1O	Age	Adolescent	-0.00063
N=c1cc(N2CCCCC2)nc(N)n1O	Age	Adult	-0.02882
N=c1cc(N2CCCCC2)nc(N)n1O	Age	Elderly	-0.17548
N=c1cc(N2CCCCC2)nc(N)n1O	Weight	Low	-0.21289
N=c1cc(N2CCCCC2)nc(N)n1O	Weight	Average	-0.16265
N=c1cc(N2CCCCC2)nc(N)n1O	Weight	High	-0.18207
CC(C)(C(=O)O)c1ccc(C(O)CCCN2CCC(C(O)(c3ccccc3)c3ccccc3)CC2)cc1	Sex	Male	-0.07682
CC(C)(C(=O)O)c1ccc(C(O)CCCN2CCC(C(O)(c3ccccc3)c3ccccc3)CC2)cc1	Sex	Female	-0.00054
CC(C)(C(=O)O)c1ccc(C(O)CCCN2CCC(C(O)(c3ccccc3)c3ccccc3)CC2)cc1	Age	Children	-0.01971
CC(C)(C(=O)O)c1ccc(C(O)CCCN2CCC(C(O)(c3ccccc3)c3ccccc3)CC2)cc1	Age	Adolescent	0.00369
CC(C)(C(=O)O)c1ccc(C(O)CCCN2CCC(C(O)(c3ccccc3)c3ccccc3)CC2)cc1	Age	Adult	-0.02823
CC(C)(C(=O)O)c1ccc(C(O)CCCN2CCC(C(O)(c3ccccc3)c3ccccc3)CC2)cc1	Age	Elderly	-0.15546
CC(C)(C(=O)O)c1ccc(C(O)CCCN2CCC(C(O)(c3ccccc3)c3ccccc3)CC2)cc1	Weight	Low	-0.13559
CC(C)(C(=O)O)c1ccc(C(O)CCCN2CCC(C(O)(c3ccccc3)c3ccccc3)CC2)cc1	Weight	Average	-0.14982
CC(C)(C(=O)O)c1ccc(C(O)CCCN2CCC(C(O)(c3ccccc3)c3ccccc3)CC2)cc1	Weight	High	-0.16704
CC(C)(C)NCC(O)COc1cccc2c1CC(O)C(O)C2	Sex	Male	-0.05131
CC(C)(C)NCC(O)COc1cccc2c1CC(O)C(O)C2	Sex	Female	-0.00165
CC(C)(C)NCC(O)COc1cccc2c1CC(O)C(O)C2	Age	Children	-0.01661
CC(C)(C)NCC(O)COc1cccc2c1CC(O)C(O)C2	Age	Adolescent	0.00156
CC(C)(C)NCC(O)COc1cccc2c1CC(O)C(O)C2	Age	Adult	-0.00881
CC(C)(C)NCC(O)COc1cccc2c1CC(O)C(O)C2	Age	Elderly	-0.07426
CC(C)(C)NCC(O)COc1cccc2c1CC(O)C(O)C2	Weight	Low	-0.10412
CC(C)(C)NCC(O)COc1cccc2c1CC(O)C(O)C2	Weight	Average	-0.08183
CC(C)(C)NCC(O)COc1cccc2c1CC(O)C(O)C2	Weight	High	-0.12086
CC(O)(CS(=O)(=O)c1ccc(F)cc1)C(=O)Nc1ccc(C#N)c(C(F)(F)F)c1	Sex	Male	-0.09726
CC(O)(CS(=O)(=O)c1ccc(F)cc1)C(=O)Nc1ccc(C#N)c(C(F)(F)F)c1	Sex	Female	-0.00506
CC(O)(CS(=O)(=O)c1ccc(F)cc1)C(=O)Nc1ccc(C#N)c(C(F)(F)F)c1	Age	Children	-0.0155
CC(O)(CS(=O)(=O)c1ccc(F)cc1)C(=O)Nc1ccc(C#N)c(C(F)(F)F)c1	Age	Adolescent	-0.00446
CC(O)(CS(=O)(=O)c1ccc(F)cc1)C(=O)Nc1ccc(C#N)c(C(F)(F)F)c1	Age	Adult	-0.05571
CC(O)(CS(=O)(=O)c1ccc(F)cc1)C(=O)Nc1ccc(C#N)c(C(F)(F)F)c1	Age	Elderly	-0.14691
CC(O)(CS(=O)(=O)c1ccc(F)cc1)C(=O)Nc1ccc(C#N)c(C(F)(F)F)c1	Weight	Low	-0.17093
CC(O)(CS(=O)(=O)c1ccc(F)cc1)C(=O)Nc1ccc(C#N)c(C(F)(F)F)c1	Weight	Average	-0.16047
CC(O)(CS(=O)(=O)c1ccc(F)cc1)C(=O)Nc1ccc(C#N)c(C(F)(F)F)c1	Weight	High	-0.1556
CCN(CC)CCNC(=O)c1ccc(N)cc1	Sex	Male	-0.09513
CCN(CC)CCNC(=O)c1ccc(N)cc1	Sex	Female	-0.00203
CCN(CC)CCNC(=O)c1ccc(N)cc1	Age	Children	-0.0308
CCN(CC)CCNC(=O)c1ccc(N)cc1	Age	Adolescent	-0.00041
CCN(CC)CCNC(=O)c1ccc(N)cc1	Age	Adult	-0.02832
CCN(CC)CCNC(=O)c1ccc(N)cc1	Age	Elderly	-0.13275
CCN(CC)CCNC(=O)c1ccc(N)cc1	Weight	Low	-0.17829
CCN(CC)CCNC(=O)c1ccc(N)cc1	Weight	Average	-0.15425
CCN(CC)CCNC(=O)c1ccc(N)cc1	Weight	High	-0.14179
CCOc1ccccc1OCC1CNCCO1	Sex	Male	-0.10396
CCOc1ccccc1OCC1CNCCO1	Sex	Female	-0.00183
CCOc1ccccc1OCC1CNCCO1	Age	Children	-0.03389
CCOc1ccccc1OCC1CNCCO1	Age	Adolescent	0.00106
CCOc1ccccc1OCC1CNCCO1	Age	Adult	-0.02371
CCOc1ccccc1OCC1CNCCO1	Age	Elderly	-0.16307
CCOc1ccccc1OCC1CNCCO1	Weight	Low	-0.17556
CCOc1ccccc1OCC1CNCCO1	Weight	Average	-0.16171
CCOc1ccccc1OCC1CNCCO1	Weight	High	-0.2265
CN(C)CCC(c1ccc(Br)cc1)c1ccccn1	Sex	Male	-0.10413
CN(C)CCC(c1ccc(Br)cc1)c1ccccn1	Sex	Female	-0.00211
CN(C)CCC(c1ccc(Br)cc1)c1ccccn1	Age	Children	-0.04031
CN(C)CCC(c1ccc(Br)cc1)c1ccccn1	Age	Adolescent	0.00285
CN(C)CCC(c1ccc(Br)cc1)c1ccccn1	Age	Adult	-0.0267
CN(C)CCC(c1ccc(Br)cc1)c1ccccn1	Age	Elderly	-0.15477
CN(C)CCC(c1ccc(Br)cc1)c1ccccn1	Weight	Low	-0.17407
CN(C)CCC(c1ccc(Br)cc1)c1ccccn1	Weight	Average	-0.14664
CN(C)CCC(c1ccc(Br)cc1)c1ccccn1	Weight	High	-0.1579
CN(C)CCOC(C)(c1ccccc1)c1ccccn1	Sex	Male	-0.07042
CN(C)CCOC(C)(c1ccccc1)c1ccccn1	Sex	Female	-0.00115
CN(C)CCOC(C)(c1ccccc1)c1ccccn1	Age	Children	-0.01982
CN(C)CCOC(C)(c1ccccc1)c1ccccn1	Age	Adolescent	-0.00045
CN(C)CCOC(C)(c1ccccc1)c1ccccn1	Age	Adult	-0.01868
CN(C)CCOC(C)(c1ccccc1)c1ccccn1	Age	Elderly	-0.10644
CN(C)CCOC(C)(c1ccccc1)c1ccccn1	Weight	Low	-0.11057
CN(C)CCOC(C)(c1ccccc1)c1ccccn1	Weight	Average	-0.07392
CN(C)CCOC(C)(c1ccccc1)c1ccccn1	Weight	High	-0.12745
NC(=O)N1CCC(CC(=O)N2CCC(C3c4ncc(Br)cc4CCc4cc(Cl)cc(Br)c43)CC2)CC1	Sex	Male	-0.11932
NC(=O)N1CCC(CC(=O)N2CCC(C3c4ncc(Br)cc4CCc4cc(Cl)cc(Br)c43)CC2)CC1	Sex	Female	-0.00154
NC(=O)N1CCC(CC(=O)N2CCC(C3c4ncc(Br)cc4CCc4cc(Cl)cc(Br)c43)CC2)CC1	Age	Children	-0.02651
NC(=O)N1CCC(CC(=O)N2CCC(C3c4ncc(Br)cc4CCc4cc(Cl)cc(Br)c43)CC2)CC1	Age	Adolescent	-0.00891
NC(=O)N1CCC(CC(=O)N2CCC(C3c4ncc(Br)cc4CCc4cc(Cl)cc(Br)c43)CC2)CC1	Age	Adult	-0.03319
NC(=O)N1CCC(CC(=O)N2CCC(C3c4ncc(Br)cc4CCc4cc(Cl)cc(Br)c43)CC2)CC1	Age	Elderly	-0.17121
NC(=O)N1CCC(CC(=O)N2CCC(C3c4ncc(Br)cc4CCc4cc(Cl)cc(Br)c43)CC2)CC1	Weight	Low	-0.13907
NC(=O)N1CCC(CC(=O)N2CCC(C3c4ncc(Br)cc4CCc4cc(Cl)cc(Br)c43)CC2)CC1	Weight	Average	-0.15117
NC(=O)N1CCC(CC(=O)N2CCC(C3c4ncc(Br)cc4CCc4cc(Cl)cc(Br)c43)CC2)CC1	Weight	High	-0.18266
NNC(=O)c1ccncc1	Sex	Male	-0.09849
NNC(=O)c1ccncc1	Sex	Female	-0.00309
NNC(=O)c1ccncc1	Age	Children	-0.03889
NNC(=O)c1ccncc1	Age	Adolescent	-0.00122
NNC(=O)c1ccncc1	Age	Adult	-0.03572
NNC(=O)c1ccncc1	Age	Elderly	-0.16562
NNC(=O)c1ccncc1	Weight	Low	-0.18477
NNC(=O)c1ccncc1	Weight	Average	-0.15726
NNC(=O)c1ccncc1	Weight	High	-0.19225
O=c1ccc2ccc(OCCCCN3CCN(c4cccc5sccc45)CC3)cc2[nH]1	Sex	Male	-0.10763
O=c1ccc2ccc(OCCCCN3CCN(c4cccc5sccc45)CC3)cc2[nH]1	Sex	Female	-0.00052
O=c1ccc2ccc(OCCCCN3CCN(c4cccc5sccc45)CC3)cc2[nH]1	Age	Children	-0.03907
O=c1ccc2ccc(OCCCCN3CCN(c4cccc5sccc45)CC3)cc2[nH]1	Age	Adolescent	-0.00549
O=c1ccc2ccc(OCCCCN3CCN(c4cccc5sccc45)CC3)cc2[nH]1	Age	Adult	-0.02395
O=c1ccc2ccc(OCCCCN3CCN(c4cccc5sccc45)CC3)cc2[nH]1	Age	Elderly	-0.13995
O=c1ccc2ccc(OCCCCN3CCN(c4cccc5sccc45)CC3)cc2[nH]1	Weight	Low	-0.20391
O=c1ccc2ccc(OCCCCN3CCN(c4cccc5sccc45)CC3)cc2[nH]1	Weight	Average	-0.16651
O=c1ccc2ccc(OCCCCN3CCN(c4cccc5sccc45)CC3)cc2[nH]1	Weight	High	-0.23663
CC(C)(C)C(NC(=O)C(F)(F)F)C(=O)N1CC2C(C1C(=O)NC(C#N)CC1CCNC1=O)C2(C)C	Sex	Male	-0.06471
CC(C)(C)C(NC(=O)C(F)(F)F)C(=O)N1CC2C(C1C(=O)NC(C#N)CC1CCNC1=O)C2(C)C	Sex	Female	-0.00258
CC(C)(C)C(NC(=O)C(F)(F)F)C(=O)N1CC2C(C1C(=O)NC(C#N)CC1CCNC1=O)C2(C)C	Age	Children	-0.04907
CC(C)(C)C(NC(=O)C(F)(F)F)C(=O)N1CC2C(C1C(=O)NC(C#N)CC1CCNC1=O)C2(C)C	Age	Adolescent	-0.00532
CC(C)(C)C(NC(=O)C(F)(F)F)C(=O)N1CC2C(C1C(=O)NC(C#N)CC1CCNC1=O)C2(C)C	Age	Adult	-0.0358
CC(C)(C)C(NC(=O)C(F)(F)F)C(=O)N1CC2C(C1C(=O)NC(C#N)CC1CCNC1=O)C2(C)C	Age	Elderly	-0.10754
CC(C)(C)C(NC(=O)C(F)(F)F)C(=O)N1CC2C(C1C(=O)NC(C#N)CC1CCNC1=O)C2(C)C	Weight	Low	-0.1598
CC(C)(C)C(NC(=O)C(F)(F)F)C(=O)N1CC2C(C1C(=O)NC(C#N)CC1CCNC1=O)C2(C)C	Weight	Average	-0.15529
CC(C)(C)C(NC(=O)C(F)(F)F)C(=O)N1CC2C(C1C(=O)NC(C#N)CC1CCNC1=O)C2(C)C	Weight	High	-0.1711
CC(C)(C)NC(=O)NC(C(=O)N1CC2C(C1C(=O)NC(CC1CCC1)C(=O)C(N)=O)C2(C)C)C(C)(C)C	Sex	Male	-0.08224
CC(C)(C)NC(=O)NC(C(=O)N1CC2C(C1C(=O)NC(CC1CCC1)C(=O)C(N)=O)C2(C)C)C(C)(C)C	Sex	Female	-0.00288
CC(C)(C)NC(=O)NC(C(=O)N1CC2C(C1C(=O)NC(CC1CCC1)C(=O)C(N)=O)C2(C)C)C(C)(C)C	Age	Children	-0.04488
CC(C)(C)NC(=O)NC(C(=O)N1CC2C(C1C(=O)NC(CC1CCC1)C(=O)C(N)=O)C2(C)C)C(C)(C)C	Age	Adolescent	-0.00207
CC(C)(C)NC(=O)NC(C(=O)N1CC2C(C1C(=O)NC(CC1CCC1)C(=O)C(N)=O)C2(C)C)C(C)(C)C	Age	Adult	-0.03589
CC(C)(C)NC(=O)NC(C(=O)N1CC2C(C1C(=O)NC(CC1CCC1)C(=O)C(N)=O)C2(C)C)C(C)(C)C	Age	Elderly	-0.13492
CC(C)(C)NC(=O)NC(C(=O)N1CC2C(C1C(=O)NC(CC1CCC1)C(=O)C(N)=O)C2(C)C)C(C)(C)C	Weight	Low	-0.12093
CC(C)(C)NC(=O)NC(C(=O)N1CC2C(C1C(=O)NC(CC1CCC1)C(=O)C(N)=O)C2(C)C)C(C)(C)C	Weight	Average	-0.12585
CC(C)(C)NC(=O)NC(C(=O)N1CC2C(C1C(=O)NC(CC1CCC1)C(=O)C(N)=O)C2(C)C)C(C)(C)C	Weight	High	-0.15647
CC(C)CC(NC(=O)C(CCc1ccccc1)NC(=O)CN1CCOCC1)C(=O)NC(Cc1ccccc1)C(=O)NC(CC(C)C)C(=O)C1(C)CO1	Sex	Male	-0.11943
CC(C)CC(NC(=O)C(CCc1ccccc1)NC(=O)CN1CCOCC1)C(=O)NC(Cc1ccccc1)C(=O)NC(CC(C)C)C(=O)C1(C)CO1	Sex	Female	-0.00145
CC(C)CC(NC(=O)C(CCc1ccccc1)NC(=O)CN1CCOCC1)C(=O)NC(Cc1ccccc1)C(=O)NC(CC(C)C)C(=O)C1(C)CO1	Age	Children	-0.04188
CC(C)CC(NC(=O)C(CCc1ccccc1)NC(=O)CN1CCOCC1)C(=O)NC(Cc1ccccc1)C(=O)NC(CC(C)C)C(=O)C1(C)CO1	Age	Adolescent	0.00393
CC(C)CC(NC(=O)C(CCc1ccccc1)NC(=O)CN1CCOCC1)C(=O)NC(Cc1ccccc1)C(=O)NC(CC(C)C)C(=O)C1(C)CO1	Age	Adult	-0.02477
CC(C)CC(NC(=O)C(CCc1ccccc1)NC(=O)CN1CCOCC1)C(=O)NC(Cc1ccccc1)C(=O)NC(CC(C)C)C(=O)C1(C)CO1	Age	Elderly	-0.14945
CC(C)CC(NC(=O)C(CCc1ccccc1)NC(=O)CN1CCOCC1)C(=O)NC(Cc1ccccc1)C(=O)NC(CC(C)C)C(=O)C1(C)CO1	Weight	Low	-0.19409
CC(C)CC(NC(=O)C(CCc1ccccc1)NC(=O)CN1CCOCC1)C(=O)NC(Cc1ccccc1)C(=O)NC(CC(C)C)C(=O)C1(C)CO1	Weight	Average	-0.16185
CC(C)CC(NC(=O)C(CCc1ccccc1)NC(=O)CN1CCOCC1)C(=O)NC(Cc1ccccc1)C(=O)NC(CC(C)C)C(=O)C1(C)CO1	Weight	High	-0.22928
CC(C)CC(NC(=O)CNC(=O)c1cc(Cl)ccc1Cl)B(O)O	Sex	Male	-0.09626
CC(C)CC(NC(=O)CNC(=O)c1cc(Cl)ccc1Cl)B(O)O	Sex	Female	-0.00094
CC(C)CC(NC(=O)CNC(=O)c1cc(Cl)ccc1Cl)B(O)O	Age	Children	-0.03623
CC(C)CC(NC(=O)CNC(=O)c1cc(Cl)ccc1Cl)B(O)O	Age	Adolescent	0.0033
CC(C)CC(NC(=O)CNC(=O)c1cc(Cl)ccc1Cl)B(O)O	Age	Adult	-0.02618
CC(C)CC(NC(=O)CNC(=O)c1cc(Cl)ccc1Cl)B(O)O	Age	Elderly	-0.14534
CC(C)CC(NC(=O)CNC(=O)c1cc(Cl)ccc1Cl)B(O)O	Weight	Low	-0.12445
CC(C)CC(NC(=O)CNC(=O)c1cc(Cl)ccc1Cl)B(O)O	Weight	Average	-0.15319
CC(C)CC(NC(=O)CNC(=O)c1cc(Cl)ccc1Cl)B(O)O	Weight	High	-0.20019
CC(C)OC(=O)CCCC=CCC1C(O)CC(O)C1C=CC(O)COc1cccc(C(F)(F)F)c1	Sex	Male	-0.02317
CC(C)OC(=O)CCCC=CCC1C(O)CC(O)C1C=CC(O)COc1cccc(C(F)(F)F)c1	Sex	Female	-0.00257
CC(C)OC(=O)CCCC=CCC1C(O)CC(O)C1C=CC(O)COc1cccc(C(F)(F)F)c1	Age	Children	-0.03209
CC(C)OC(=O)CCCC=CCC1C(O)CC(O)C1C=CC(O)COc1cccc(C(F)(F)F)c1	Age	Adolescent	-0.00371
CC(C)OC(=O)CCCC=CCC1C(O)CC(O)C1C=CC(O)COc1cccc(C(F)(F)F)c1	Age	Adult	-0.02118
CC(C)OC(=O)CCCC=CCC1C(O)CC(O)C1C=CC(O)COc1cccc(C(F)(F)F)c1	Age	Elderly	-0.0896
CC(C)OC(=O)CCCC=CCC1C(O)CC(O)C1C=CC(O)COc1cccc(C(F)(F)F)c1	Weight	Low	-0.10651
CC(C)OC(=O)CCCC=CCC1C(O)CC(O)C1C=CC(O)COc1cccc(C(F)(F)F)c1	Weight	Average	-0.09726
CC(C)OC(=O)CCCC=CCC1C(O)CC(O)C1C=CC(O)COc1cccc(C(F)(F)F)c1	Weight	High	-0.13177
CC(O)C(=O)Nc1c(I)c(C(=O)NC(CO)CO)c(I)c(C(=O)NC(CO)CO)c1I	Sex	Male	-0.07491
CC(O)C(=O)Nc1c(I)c(C(=O)NC(CO)CO)c(I)c(C(=O)NC(CO)CO)c1I	Sex	Female	-0.00139
CC(O)C(=O)Nc1c(I)c(C(=O)NC(CO)CO)c(I)c(C(=O)NC(CO)CO)c1I	Age	Children	-0.02934
CC(O)C(=O)Nc1c(I)c(C(=O)NC(CO)CO)c(I)c(C(=O)NC(CO)CO)c1I	Age	Adolescent	-9e-05
CC(O)C(=O)Nc1c(I)c(C(=O)NC(CO)CO)c(I)c(C(=O)NC(CO)CO)c1I	Age	Adult	-0.02099
CC(O)C(=O)Nc1c(I)c(C(=O)NC(CO)CO)c(I)c(C(=O)NC(CO)CO)c1I	Age	Elderly	-0.09873
CC(O)C(=O)Nc1c(I)c(C(=O)NC(CO)CO)c(I)c(C(=O)NC(CO)CO)c1I	Weight	Low	-0.15101
CC(O)C(=O)Nc1c(I)c(C(=O)NC(CO)CO)c(I)c(C(=O)NC(CO)CO)c1I	Weight	Average	-0.14314
CC(O)C(=O)Nc1c(I)c(C(=O)NC(CO)CO)c(I)c(C(=O)NC(CO)CO)c1I	Weight	High	-0.16142
CC(Oc1cc(-c2cnn(C3CCNCC3)c2)cnc1N)c1c(Cl)ccc(F)c1Cl	Sex	Male	-0.06778
CC(Oc1cc(-c2cnn(C3CCNCC3)c2)cnc1N)c1c(Cl)ccc(F)c1Cl	Sex	Female	-0.00239
CC(Oc1cc(-c2cnn(C3CCNCC3)c2)cnc1N)c1c(Cl)ccc(F)c1Cl	Age	Children	-0.02768
CC(Oc1cc(-c2cnn(C3CCNCC3)c2)cnc1N)c1c(Cl)ccc(F)c1Cl	Age	Adolescent	0.00011
CC(Oc1cc(-c2cnn(C3CCNCC3)c2)cnc1N)c1c(Cl)ccc(F)c1Cl	Age	Adult	-0.02544
CC(Oc1cc(-c2cnn(C3CCNCC3)c2)cnc1N)c1c(Cl)ccc(F)c1Cl	Age	Elderly	-0.11341
CC(Oc1cc(-c2cnn(C3CCNCC3)c2)cnc1N)c1c(Cl)ccc(F)c1Cl	Weight	Low	-0.10703
CC(Oc1cc(-c2cnn(C3CCNCC3)c2)cnc1N)c1c(Cl)ccc(F)c1Cl	Weight	Average	-0.04517
CC(Oc1cc(-c2cnn(C3CCNCC3)c2)cnc1N)c1c(Cl)ccc(F)c1Cl	Weight	High	-0.12629
CC12CC3CC(C)(C1)CC(N)(C3)C2	Sex	Male	-0.09877
CC12CC3CC(C)(C1)CC(N)(C3)C2	Sex	Female	-0.00044
CC12CC3CC(C)(C1)CC(N)(C3)C2	Age	Children	-0.03538
CC12CC3CC(C)(C1)CC(N)(C3)C2	Age	Adolescent	0.00246
CC12CC3CC(C)(C1)CC(N)(C3)C2	Age	Adult	-0.02963
CC12CC3CC(C)(C1)CC(N)(C3)C2	Age	Elderly	-0.16142
CC12CC3CC(C)(C1)CC(N)(C3)C2	Weight	Low	-0.21146
CC12CC3CC(C)(C1)CC(N)(C3)C2	Weight	Average	-0.18375
CC12CC3CC(C)(C1)CC(N)(C3)C2	Weight	High	-0.19878
CC1Oc2cc(cnc2N)-c2c(nn(C)c2C#N)CN(C)C(=O)c2ccc(F)cc21	Sex	Male	-0.05325
CC1Oc2cc(cnc2N)-c2c(nn(C)c2C#N)CN(C)C(=O)c2ccc(F)cc21	Sex	Female	0.0
CC1Oc2cc(cnc2N)-c2c(nn(C)c2C#N)CN(C)C(=O)c2ccc(F)cc21	Age	Children	-0.02249
CC1Oc2cc(cnc2N)-c2c(nn(C)c2C#N)CN(C)C(=O)c2ccc(F)cc21	Age	Adolescent	-0.00497
CC1Oc2cc(cnc2N)-c2c(nn(C)c2C#N)CN(C)C(=O)c2ccc(F)cc21	Age	Adult	-0.01904
CC1Oc2cc(cnc2N)-c2c(nn(C)c2C#N)CN(C)C(=O)c2ccc(F)cc21	Age	Elderly	-0.11819
CC1Oc2cc(cnc2N)-c2c(nn(C)c2C#N)CN(C)C(=O)c2ccc(F)cc21	Weight	Low	-0.12982
CC1Oc2cc(cnc2N)-c2c(nn(C)c2C#N)CN(C)C(=O)c2ccc(F)cc21	Weight	Average	-0.06091
CC1Oc2cc(cnc2N)-c2c(nn(C)c2C#N)CN(C)C(=O)c2ccc(F)cc21	Weight	High	-0.0986
CCC(=O)OC1(C(=O)SCF)C(C)CC2C3CC(F)C4=CC(=O)C=CC4(C)C3(F)C(O)CC21C	Sex	Male	-0.07906
CCC(=O)OC1(C(=O)SCF)C(C)CC2C3CC(F)C4=CC(=O)C=CC4(C)C3(F)C(O)CC21C	Sex	Female	-0.0006
CCC(=O)OC1(C(=O)SCF)C(C)CC2C3CC(F)C4=CC(=O)C=CC4(C)C3(F)C(O)CC21C	Age	Children	-0.0382
CCC(=O)OC1(C(=O)SCF)C(C)CC2C3CC(F)C4=CC(=O)C=CC4(C)C3(F)C(O)CC21C	Age	Adolescent	-0.00835
CCC(=O)OC1(C(=O)SCF)C(C)CC2C3CC(F)C4=CC(=O)C=CC4(C)C3(F)C(O)CC21C	Age	Adult	-0.03157
CCC(=O)OC1(C(=O)SCF)C(C)CC2C3CC(F)C4=CC(=O)C=CC4(C)C3(F)C(O)CC21C	Age	Elderly	-0.16551
CCC(=O)OC1(C(=O)SCF)C(C)CC2C3CC(F)C4=CC(=O)C=CC4(C)C3(F)C(O)CC21C	Weight	Low	-0.20395
CCC(=O)OC1(C(=O)SCF)C(C)CC2C3CC(F)C4=CC(=O)C=CC4(C)C3(F)C(O)CC21C	Weight	Average	-0.1622
CCC(=O)OC1(C(=O)SCF)C(C)CC2C3CC(F)C4=CC(=O)C=CC4(C)C3(F)C(O)CC21C	Weight	High	-0.2014
CCC(C)(C)C(=O)OC1CC(C)C=C2C=CC(C)C(CCC3CC(O)CC(=O)O3)C21	Sex	Male	-0.08138
CCC(C)(C)C(=O)OC1CC(C)C=C2C=CC(C)C(CCC3CC(O)CC(=O)O3)C21	Sex	Female	-0.00056
CCC(C)(C)C(=O)OC1CC(C)C=C2C=CC(C)C(CCC3CC(O)CC(=O)O3)C21	Age	Children	-0.03965
CCC(C)(C)C(=O)OC1CC(C)C=C2C=CC(C)C(CCC3CC(O)CC(=O)O3)C21	Age	Adolescent	-0.01423
CCC(C)(C)C(=O)OC1CC(C)C=C2C=CC(C)C(CCC3CC(O)CC(=O)O3)C21	Age	Adult	-0.02811
CCC(C)(C)C(=O)OC1CC(C)C=C2C=CC(C)C(CCC3CC(O)CC(=O)O3)C21	Age	Elderly	-0.11045
CCC(C)(C)C(=O)OC1CC(C)C=C2C=CC(C)C(CCC3CC(O)CC(=O)O3)C21	Weight	Low	-0.16709
CCC(C)(C)C(=O)OC1CC(C)C=C2C=CC(C)C(CCC3CC(O)CC(=O)O3)C21	Weight	Average	-0.15824
CCC(C)(C)C(=O)OC1CC(C)C=C2C=CC(C)C(CCC3CC(O)CC(=O)O3)C21	Weight	High	-0.15503
CCC(C)C(=O)OC1CC(O)C=C2C=CC(C)C(CCC(O)CC(O)CC(=O)O)C21	Sex	Male	-0.06949
CCC(C)C(=O)OC1CC(O)C=C2C=CC(C)C(CCC(O)CC(O)CC(=O)O)C21	Sex	Female	-0.00212
CCC(C)C(=O)OC1CC(O)C=C2C=CC(C)C(CCC(O)CC(O)CC(=O)O)C21	Age	Children	-0.04064
CCC(C)C(=O)OC1CC(O)C=C2C=CC(C)C(CCC(O)CC(O)CC(=O)O)C21	Age	Adolescent	-0.00571
CCC(C)C(=O)OC1CC(O)C=C2C=CC(C)C(CCC(O)CC(O)CC(=O)O)C21	Age	Adult	-0.02836
CCC(C)C(=O)OC1CC(O)C=C2C=CC(C)C(CCC(O)CC(O)CC(=O)O)C21	Age	Elderly	-0.08563
CCC(C)C(=O)OC1CC(O)C=C2C=CC(C)C(CCC(O)CC(O)CC(=O)O)C21	Weight	Low	-0.12933
CCC(C)C(=O)OC1CC(O)C=C2C=CC(C)C(CCC(O)CC(O)CC(=O)O)C21	Weight	Average	-0.14573
CCC(C)C(=O)OC1CC(O)C=C2C=CC(C)C(CCC(O)CC(O)CC(=O)O)C21	Weight	High	-0.1699
CCC(c1cccc(O)c1)C(C)CN(C)C	Sex	Male	-0.12354
CCC(c1cccc(O)c1)C(C)CN(C)C	Sex	Female	-0.00244
CCC(c1cccc(O)c1)C(C)CN(C)C	Age	Children	-0.04006
CCC(c1cccc(O)c1)C(C)CN(C)C	Age	Adolescent	0.00409
CCC(c1cccc(O)c1)C(C)CN(C)C	Age	Adult	-0.02399
CCC(c1cccc(O)c1)C(C)CN(C)C	Age	Elderly	-0.19825
CCC(c1cccc(O)c1)C(C)CN(C)C	Weight	Low	-0.2447
CCC(c1cccc(O)c1)C(C)CN(C)C	Weight	Average	-0.18457
CCC(c1cccc(O)c1)C(C)CN(C)C	Weight	High	-0.23213
CCCC(NC(=O)C1C2CCCC2CN1C(=O)C(NC(=O)C(NC(=O)c1cnccn1)C1CCCCC1)C(C)(C)C)C(=O)C(=O)NC1CC1	Sex	Male	-0.09016
CCCC(NC(=O)C1C2CCCC2CN1C(=O)C(NC(=O)C(NC(=O)c1cnccn1)C1CCCCC1)C(C)(C)C)C(=O)C(=O)NC1CC1	Sex	Female	-0.00143
CCCC(NC(=O)C1C2CCCC2CN1C(=O)C(NC(=O)C(NC(=O)c1cnccn1)C1CCCCC1)C(C)(C)C)C(=O)C(=O)NC1CC1	Age	Children	-0.04481
CCCC(NC(=O)C1C2CCCC2CN1C(=O)C(NC(=O)C(NC(=O)c1cnccn1)C1CCCCC1)C(C)(C)C)C(=O)C(=O)NC1CC1	Age	Adolescent	-0.00073
CCCC(NC(=O)C1C2CCCC2CN1C(=O)C(NC(=O)C(NC(=O)c1cnccn1)C1CCCCC1)C(C)(C)C)C(=O)C(=O)NC1CC1	Age	Adult	-0.03115
CCCC(NC(=O)C1C2CCCC2CN1C(=O)C(NC(=O)C(NC(=O)c1cnccn1)C1CCCCC1)C(C)(C)C)C(=O)C(=O)NC1CC1	Age	Elderly	-0.16831
CCCC(NC(=O)C1C2CCCC2CN1C(=O)C(NC(=O)C(NC(=O)c1cnccn1)C1CCCCC1)C(C)(C)C)C(=O)C(=O)NC1CC1	Weight	Low	-0.08934
CCCC(NC(=O)C1C2CCCC2CN1C(=O)C(NC(=O)C(NC(=O)c1cnccn1)C1CCCCC1)C(C)(C)C)C(=O)C(=O)NC1CC1	Weight	Average	-0.14384
CCCC(NC(=O)C1C2CCCC2CN1C(=O)C(NC(=O)C(NC(=O)c1cnccn1)C1CCCCC1)C(C)(C)C)C(=O)C(=O)NC1CC1	Weight	High	-0.17493
CCCCC1=NC2(CCCC2)C(=O)N1Cc1ccc(-c2ccccc2-c2nn[nH]n2)cc1	Sex	Male	-0.0565
CCCCC1=NC2(CCCC2)C(=O)N1Cc1ccc(-c2ccccc2-c2nn[nH]n2)cc1	Sex	Female	-0.00095
CCCCC1=NC2(CCCC2)C(=O)N1Cc1ccc(-c2ccccc2-c2nn[nH]n2)cc1	Age	Children	-0.01305
CCCCC1=NC2(CCCC2)C(=O)N1Cc1ccc(-c2ccccc2-c2nn[nH]n2)cc1	Age	Adolescent	-0.00129
CCCCC1=NC2(CCCC2)C(=O)N1Cc1ccc(-c2ccccc2-c2nn[nH]n2)cc1	Age	Adult	-0.00931
CCCCC1=NC2(CCCC2)C(=O)N1Cc1ccc(-c2ccccc2-c2nn[nH]n2)cc1	Age	Elderly	-0.0576
CCCCC1=NC2(CCCC2)C(=O)N1Cc1ccc(-c2ccccc2-c2nn[nH]n2)cc1	Weight	Low	-0.0534
CCCCC1=NC2(CCCC2)C(=O)N1Cc1ccc(-c2ccccc2-c2nn[nH]n2)cc1	Weight	Average	-0.03965
CCCCC1=NC2(CCCC2)C(=O)N1Cc1ccc(-c2ccccc2-c2nn[nH]n2)cc1	Weight	High	-0.11399
CCCNC1CCc2nc(N)sc2C1	Sex	Male	-0.11144
CCCNC1CCc2nc(N)sc2C1	Sex	Female	-0.00143
CCCNC1CCc2nc(N)sc2C1	Age	Children	-0.03631
CCCNC1CCc2nc(N)sc2C1	Age	Adolescent	-0.00133
CCCNC1CCc2nc(N)sc2C1	Age	Adult	-0.0348
CCCNC1CCc2nc(N)sc2C1	Age	Elderly	-0.14455
CCCNC1CCc2nc(N)sc2C1	Weight	Low	-0.15611
CCCNC1CCc2nc(N)sc2C1	Weight	Average	-0.13255
CCCNC1CCc2nc(N)sc2C1	Weight	High	-0.1657
CCCc1nc(C(C)(C)O)c(C(=O)O)n1Cc1ccc(-c2ccccc2-c2nn[nH]n2)cc1	Sex	Male	-0.0856
CCCc1nc(C(C)(C)O)c(C(=O)O)n1Cc1ccc(-c2ccccc2-c2nn[nH]n2)cc1	Sex	Female	-0.00166
CCCc1nc(C(C)(C)O)c(C(=O)O)n1Cc1ccc(-c2ccccc2-c2nn[nH]n2)cc1	Age	Children	-0.01213
CCCc1nc(C(C)(C)O)c(C(=O)O)n1Cc1ccc(-c2ccccc2-c2nn[nH]n2)cc1	Age	Adolescent	-0.00015
CCCc1nc(C(C)(C)O)c(C(=O)O)n1Cc1ccc(-c2ccccc2-c2nn[nH]n2)cc1	Age	Adult	-0.02721
CCCc1nc(C(C)(C)O)c(C(=O)O)n1Cc1ccc(-c2ccccc2-c2nn[nH]n2)cc1	Age	Elderly	-0.11439
CCCc1nc(C(C)(C)O)c(C(=O)O)n1Cc1ccc(-c2ccccc2-c2nn[nH]n2)cc1	Weight	Low	-0.12934
CCCc1nc(C(C)(C)O)c(C(=O)O)n1Cc1ccc(-c2ccccc2-c2nn[nH]n2)cc1	Weight	Average	-0.0873
CCCc1nc(C(C)(C)O)c(C(=O)O)n1Cc1ccc(-c2ccccc2-c2nn[nH]n2)cc1	Weight	High	-0.11167
CCCc1nc2c(C)cc(-c3nc4ccccc4n3C)cc2n1Cc1ccc(-c2ccccc2C(=O)O)cc1	Sex	Male	-0.07167
CCCc1nc2c(C)cc(-c3nc4ccccc4n3C)cc2n1Cc1ccc(-c2ccccc2C(=O)O)cc1	Sex	Female	-0.00044
CCCc1nc2c(C)cc(-c3nc4ccccc4n3C)cc2n1Cc1ccc(-c2ccccc2C(=O)O)cc1	Age	Children	-0.01696
CCCc1nc2c(C)cc(-c3nc4ccccc4n3C)cc2n1Cc1ccc(-c2ccccc2C(=O)O)cc1	Age	Adolescent	-0.00134
CCCc1nc2c(C)cc(-c3nc4ccccc4n3C)cc2n1Cc1ccc(-c2ccccc2C(=O)O)cc1	Age	Adult	-0.02185
CCCc1nc2c(C)cc(-c3nc4ccccc4n3C)cc2n1Cc1ccc(-c2ccccc2C(=O)O)cc1	Age	Elderly	-0.08656
CCCc1nc2c(C)cc(-c3nc4ccccc4n3C)cc2n1Cc1ccc(-c2ccccc2C(=O)O)cc1	Weight	Low	-0.0566
CCCc1nc2c(C)cc(-c3nc4ccccc4n3C)cc2n1Cc1ccc(-c2ccccc2C(=O)O)cc1	Weight	Average	-0.04652
CCCc1nc2c(C)cc(-c3nc4ccccc4n3C)cc2n1Cc1ccc(-c2ccccc2C(=O)O)cc1	Weight	High	-0.10696
CCOC(=O)C1=C(C)N=C(C)C(C(=O)OC)C1c1cccc(Cl)c1Cl	Sex	Male	-0.07766
CCOC(=O)C1=C(C)N=C(C)C(C(=O)OC)C1c1cccc(Cl)c1Cl	Sex	Female	-0.00082
CCOC(=O)C1=C(C)N=C(C)C(C(=O)OC)C1c1cccc(Cl)c1Cl	Age	Children	-0.02763
CCOC(=O)C1=C(C)N=C(C)C(C(=O)OC)C1c1cccc(Cl)c1Cl	Age	Adolescent	-0.00146
CCOC(=O)C1=C(C)N=C(C)C(C(=O)OC)C1c1cccc(Cl)c1Cl	Age	Adult	-0.00934
CCOC(=O)C1=C(C)N=C(C)C(C(=O)OC)C1c1cccc(Cl)c1Cl	Age	Elderly	-0.10397
CCOC(=O)C1=C(C)N=C(C)C(C(=O)OC)C1c1cccc(Cl)c1Cl	Weight	Low	-0.15152
CCOC(=O)C1=C(C)N=C(C)C(C(=O)OC)C1c1cccc(Cl)c1Cl	Weight	Average	-0.09664
CCOC(=O)C1=C(C)N=C(C)C(C(=O)OC)C1c1cccc(Cl)c1Cl	Weight	High	-0.16717
CCOC(=O)Nc1ccc(NCc2ccc(F)cc2)cc1N	Sex	Male	-0.10462
CCOC(=O)Nc1ccc(NCc2ccc(F)cc2)cc1N	Sex	Female	-0.00137
CCOC(=O)Nc1ccc(NCc2ccc(F)cc2)cc1N	Age	Children	-0.03677
CCOC(=O)Nc1ccc(NCc2ccc(F)cc2)cc1N	Age	Adolescent	-0.00325
CCOC(=O)Nc1ccc(NCc2ccc(F)cc2)cc1N	Age	Adult	-0.02328
CCOC(=O)Nc1ccc(NCc2ccc(F)cc2)cc1N	Age	Elderly	-0.15955
CCOC(=O)Nc1ccc(NCc2ccc(F)cc2)cc1N	Weight	Low	-0.16574
CCOC(=O)Nc1ccc(NCc2ccc(F)cc2)cc1N	Weight	Average	-0.15372
CCOC(=O)Nc1ccc(NCc2ccc(F)cc2)cc1N	Weight	High	-0.22182
CCOc1ccccc1OCCNC(C)Cc1ccc(OC)c(S(N)(=O)=O)c1	Sex	Male	-0.08931
CCOc1ccccc1OCCNC(C)Cc1ccc(OC)c(S(N)(=O)=O)c1	Sex	Female	-0.00085
CCOc1ccccc1OCCNC(C)Cc1ccc(OC)c(S(N)(=O)=O)c1	Age	Children	-0.02876
CCOc1ccccc1OCCNC(C)Cc1ccc(OC)c(S(N)(=O)=O)c1	Age	Adolescent	0.00036
CCOc1ccccc1OCCNC(C)Cc1ccc(OC)c(S(N)(=O)=O)c1	Age	Adult	-0.01661
CCOc1ccccc1OCCNC(C)Cc1ccc(OC)c(S(N)(=O)=O)c1	Age	Elderly	-0.1174
CCOc1ccccc1OCCNC(C)Cc1ccc(OC)c(S(N)(=O)=O)c1	Weight	Low	-0.12952
CCOc1ccccc1OCCNC(C)Cc1ccc(OC)c(S(N)(=O)=O)c1	Weight	Average	-0.11196
CCOc1ccccc1OCCNC(C)Cc1ccc(OC)c(S(N)(=O)=O)c1	Weight	High	-0.14155
CCOc1nc2cccc(C(=O)OC(C)OC(=O)OC3CCCCC3)c2n1Cc1ccc(-c2ccccc2-c2nn[nH]n2)cc1	Sex	Male	-0.05376
CCOc1nc2cccc(C(=O)OC(C)OC(=O)OC3CCCCC3)c2n1Cc1ccc(-c2ccccc2-c2nn[nH]n2)cc1	Sex	Female	-0.00111
CCOc1nc2cccc(C(=O)OC(C)OC(=O)OC3CCCCC3)c2n1Cc1ccc(-c2ccccc2-c2nn[nH]n2)cc1	Age	Children	-0.01991
CCOc1nc2cccc(C(=O)OC(C)OC(=O)OC3CCCCC3)c2n1Cc1ccc(-c2ccccc2-c2nn[nH]n2)cc1	Age	Adolescent	0.00294
CCOc1nc2cccc(C(=O)OC(C)OC(=O)OC3CCCCC3)c2n1Cc1ccc(-c2ccccc2-c2nn[nH]n2)cc1	Age	Adult	-0.01209
CCOc1nc2cccc(C(=O)OC(C)OC(=O)OC3CCCCC3)c2n1Cc1ccc(-c2ccccc2-c2nn[nH]n2)cc1	Age	Elderly	-0.08998
CCOc1nc2cccc(C(=O)OC(C)OC(=O)OC3CCCCC3)c2n1Cc1ccc(-c2ccccc2-c2nn[nH]n2)cc1	Weight	Low	-0.08725
CCOc1nc2cccc(C(=O)OC(C)OC(=O)OC3CCCCC3)c2n1Cc1ccc(-c2ccccc2-c2nn[nH]n2)cc1	Weight	Average	-0.04653
CCOc1nc2cccc(C(=O)OC(C)OC(=O)OC3CCCCC3)c2n1Cc1ccc(-c2ccccc2-c2nn[nH]n2)cc1	Weight	High	-0.13446
CN1C2CC(OC(=O)C(CO)c3ccccc3)CC1C1OC12	Sex	Male	-0.09378
CN1C2CC(OC(=O)C(CO)c3ccccc3)CC1C1OC12	Sex	Female	-0.00042
CN1C2CC(OC(=O)C(CO)c3ccccc3)CC1C1OC12	Age	Children	-0.04503
CN1C2CC(OC(=O)C(CO)c3ccccc3)CC1C1OC12	Age	Adolescent	0.00836
CN1C2CC(OC(=O)C(CO)c3ccccc3)CC1C1OC12	Age	Adult	-0.02485
CN1C2CC(OC(=O)C(CO)c3ccccc3)CC1C1OC12	Age	Elderly	-0.12419
CN1C2CC(OC(=O)C(CO)c3ccccc3)CC1C1OC12	Weight	Low	-0.1352
CN1C2CC(OC(=O)C(CO)c3ccccc3)CC1C1OC12	Weight	Average	-0.13867
CN1C2CC(OC(=O)C(CO)c3ccccc3)CC1C1OC12	Weight	High	-0.18665
CNC(=O)c1ccc(N2C(=S)N(c3ccc(C#N)c(C(F)(F)F)c3)C(=O)C2(C)C)cc1F	Sex	Male	-0.08887
CNC(=O)c1ccc(N2C(=S)N(c3ccc(C#N)c(C(F)(F)F)c3)C(=O)C2(C)C)cc1F	Sex	Female	-0.00506
CNC(=O)c1ccc(N2C(=S)N(c3ccc(C#N)c(C(F)(F)F)c3)C(=O)C2(C)C)cc1F	Age	Children	-0.03196
CNC(=O)c1ccc(N2C(=S)N(c3ccc(C#N)c(C(F)(F)F)c3)C(=O)C2(C)C)cc1F	Age	Adolescent	-0.00563
CNC(=O)c1ccc(N2C(=S)N(c3ccc(C#N)c(C(F)(F)F)c3)C(=O)C2(C)C)cc1F	Age	Adult	-0.05221
CNC(=O)c1ccc(N2C(=S)N(c3ccc(C#N)c(C(F)(F)F)c3)C(=O)C2(C)C)cc1F	Age	Elderly	-0.13771
CNC(=O)c1ccc(N2C(=S)N(c3ccc(C#N)c(C(F)(F)F)c3)C(=O)C2(C)C)cc1F	Weight	Low	-0.15708
CNC(=O)c1ccc(N2C(=S)N(c3ccc(C#N)c(C(F)(F)F)c3)C(=O)C2(C)C)cc1F	Weight	Average	-0.12278
CNC(=O)c1ccc(N2C(=S)N(c3ccc(C#N)c(C(F)(F)F)c3)C(=O)C2(C)C)cc1F	Weight	High	-0.13286
COC(=O)NC(C)CNc1nccc(-c2cn(C(C)C)nc2-c2cc(Cl)cc(NS(C)(=O)=O)c2F)n1	Sex	Male	-0.1149
COC(=O)NC(C)CNc1nccc(-c2cn(C(C)C)nc2-c2cc(Cl)cc(NS(C)(=O)=O)c2F)n1	Sex	Female	-0.00677
COC(=O)NC(C)CNc1nccc(-c2cn(C(C)C)nc2-c2cc(Cl)cc(NS(C)(=O)=O)c2F)n1	Age	Children	-0.04037
COC(=O)NC(C)CNc1nccc(-c2cn(C(C)C)nc2-c2cc(Cl)cc(NS(C)(=O)=O)c2F)n1	Age	Adolescent	-0.00051
COC(=O)NC(C)CNc1nccc(-c2cn(C(C)C)nc2-c2cc(Cl)cc(NS(C)(=O)=O)c2F)n1	Age	Adult	-0.03704
COC(=O)NC(C)CNc1nccc(-c2cn(C(C)C)nc2-c2cc(Cl)cc(NS(C)(=O)=O)c2F)n1	Age	Elderly	-0.11394
COC(=O)NC(C)CNc1nccc(-c2cn(C(C)C)nc2-c2cc(Cl)cc(NS(C)(=O)=O)c2F)n1	Weight	Low	-0.1259
COC(=O)NC(C)CNc1nccc(-c2cn(C(C)C)nc2-c2cc(Cl)cc(NS(C)(=O)=O)c2F)n1	Weight	Average	-0.11173
COC(=O)NC(C)CNc1nccc(-c2cn(C(C)C)nc2-c2cc(Cl)cc(NS(C)(=O)=O)c2F)n1	Weight	High	-0.14758
COCC(=O)Nc1c(I)c(C(=O)NCC(O)CO)c(I)c(C(=O)N(C)CC(O)CO)c1I	Sex	Male	-0.05011
COCC(=O)Nc1c(I)c(C(=O)NCC(O)CO)c(I)c(C(=O)N(C)CC(O)CO)c1I	Sex	Female	-0.00068
COCC(=O)Nc1c(I)c(C(=O)NCC(O)CO)c(I)c(C(=O)N(C)CC(O)CO)c1I	Age	Children	-0.01873
COCC(=O)Nc1c(I)c(C(=O)NCC(O)CO)c(I)c(C(=O)N(C)CC(O)CO)c1I	Age	Adolescent	-5e-05
COCC(=O)Nc1c(I)c(C(=O)NCC(O)CO)c(I)c(C(=O)N(C)CC(O)CO)c1I	Age	Adult	-0.00919
COCC(=O)Nc1c(I)c(C(=O)NCC(O)CO)c(I)c(C(=O)N(C)CC(O)CO)c1I	Age	Elderly	-0.06446
COCC(=O)Nc1c(I)c(C(=O)NCC(O)CO)c(I)c(C(=O)N(C)CC(O)CO)c1I	Weight	Low	-0.06129
COCC(=O)Nc1c(I)c(C(=O)NCC(O)CO)c(I)c(C(=O)N(C)CC(O)CO)c1I	Weight	Average	-0.06615
COCC(=O)Nc1c(I)c(C(=O)NCC(O)CO)c(I)c(C(=O)N(C)CC(O)CO)c1I	Weight	High	-0.0999
Cc1ccc(-c2cc(C(F)(F)F)nn2-c2ccc(S(N)(=O)=O)cc2)cc1	Sex	Male	-0.10135
Cc1ccc(-c2cc(C(F)(F)F)nn2-c2ccc(S(N)(=O)=O)cc2)cc1	Sex	Female	-0.00181
Cc1ccc(-c2cc(C(F)(F)F)nn2-c2ccc(S(N)(=O)=O)cc2)cc1	Age	Children	-0.03664
Cc1ccc(-c2cc(C(F)(F)F)nn2-c2ccc(S(N)(=O)=O)cc2)cc1	Age	Adolescent	-0.00203
Cc1ccc(-c2cc(C(F)(F)F)nn2-c2ccc(S(N)(=O)=O)cc2)cc1	Age	Adult	-0.04863
Cc1ccc(-c2cc(C(F)(F)F)nn2-c2ccc(S(N)(=O)=O)cc2)cc1	Age	Elderly	-0.16978
Cc1ccc(-c2cc(C(F)(F)F)nn2-c2ccc(S(N)(=O)=O)cc2)cc1	Weight	Low	-0.17121
Cc1ccc(-c2cc(C(F)(F)F)nn2-c2ccc(S(N)(=O)=O)cc2)cc1	Weight	Average	-0.09951
Cc1ccc(-c2cc(C(F)(F)F)nn2-c2ccc(S(N)(=O)=O)cc2)cc1	Weight	High	-0.18673
Cc1ccc(=O)n(-c2ccccc2)c1	Sex	Male	-0.09866
Cc1ccc(=O)n(-c2ccccc2)c1	Sex	Female	-0.00048
Cc1ccc(=O)n(-c2ccccc2)c1	Age	Children	-0.03954
Cc1ccc(=O)n(-c2ccccc2)c1	Age	Adolescent	0.00113
Cc1ccc(=O)n(-c2ccccc2)c1	Age	Adult	-0.037
Cc1ccc(=O)n(-c2ccccc2)c1	Age	Elderly	-0.15391
Cc1ccc(=O)n(-c2ccccc2)c1	Weight	Low	-0.17327
Cc1ccc(=O)n(-c2ccccc2)c1	Weight	Average	-0.17051
Cc1ccc(=O)n(-c2ccccc2)c1	Weight	High	-0.22097
Cc1nc(-c2ccc(OCC(C)C)c(C#N)c2)sc1C(=O)O	Sex	Male	-0.0869
Cc1nc(-c2ccc(OCC(C)C)c(C#N)c2)sc1C(=O)O	Sex	Female	-0.00144
Cc1nc(-c2ccc(OCC(C)C)c(C#N)c2)sc1C(=O)O	Age	Children	-0.02455
Cc1nc(-c2ccc(OCC(C)C)c(C#N)c2)sc1C(=O)O	Age	Adolescent	-0.00284
Cc1nc(-c2ccc(OCC(C)C)c(C#N)c2)sc1C(=O)O	Age	Adult	-0.01476
Cc1nc(-c2ccc(OCC(C)C)c(C#N)c2)sc1C(=O)O	Age	Elderly	-0.07513
Cc1nc(-c2ccc(OCC(C)C)c(C#N)c2)sc1C(=O)O	Weight	Low	-0.10709
Cc1nc(-c2ccc(OCC(C)C)c(C#N)c2)sc1C(=O)O	Weight	Average	-0.06042
Cc1nc(-c2ccc(OCC(C)C)c(C#N)c2)sc1C(=O)O	Weight	High	-0.1097
Cn1nnc(-c2ccc(-c3ccc(N4CC(CO)OC4=O)cc3F)cn2)n1	Sex	Male	-0.08449
Cn1nnc(-c2ccc(-c3ccc(N4CC(CO)OC4=O)cc3F)cn2)n1	Sex	Female	0.0
Cn1nnc(-c2ccc(-c3ccc(N4CC(CO)OC4=O)cc3F)cn2)n1	Age	Children	-0.02555
Cn1nnc(-c2ccc(-c3ccc(N4CC(CO)OC4=O)cc3F)cn2)n1	Age	Adolescent	-0.00553
Cn1nnc(-c2ccc(-c3ccc(N4CC(CO)OC4=O)cc3F)cn2)n1	Age	Adult	-0.01935
Cn1nnc(-c2ccc(-c3ccc(N4CC(CO)OC4=O)cc3F)cn2)n1	Age	Elderly	-0.14252
Cn1nnc(-c2ccc(-c3ccc(N4CC(CO)OC4=O)cc3F)cn2)n1	Weight	Low	-0.1223
Cn1nnc(-c2ccc(-c3ccc(N4CC(CO)OC4=O)cc3F)cn2)n1	Weight	Average	-0.05947
Cn1nnc(-c2ccc(-c3ccc(N4CC(CO)OC4=O)cc3F)cn2)n1	Weight	High	-0.14358
Nc1ccc(S(=O)(=O)c2ccc(N)cc2)cc1	Sex	Male	-0.10423
Nc1ccc(S(=O)(=O)c2ccc(N)cc2)cc1	Sex	Female	-0.00056
Nc1ccc(S(=O)(=O)c2ccc(N)cc2)cc1	Age	Children	-0.03738
Nc1ccc(S(=O)(=O)c2ccc(N)cc2)cc1	Age	Adolescent	-0.00116
Nc1ccc(S(=O)(=O)c2ccc(N)cc2)cc1	Age	Adult	-0.02999
Nc1ccc(S(=O)(=O)c2ccc(N)cc2)cc1	Age	Elderly	-0.17338
Nc1ccc(S(=O)(=O)c2ccc(N)cc2)cc1	Weight	Low	-0.22189
Nc1ccc(S(=O)(=O)c2ccc(N)cc2)cc1	Weight	Average	-0.17254
Nc1ccc(S(=O)(=O)c2ccc(N)cc2)cc1	Weight	High	-0.19456
Nc1ccncc1	Sex	Male	-0.10855
Nc1ccncc1	Sex	Female	-0.00251
Nc1ccncc1	Age	Children	-0.03912
Nc1ccncc1	Age	Adolescent	0.00344
Nc1ccncc1	Age	Adult	-0.03382
Nc1ccncc1	Age	Elderly	-0.17795
Nc1ccncc1	Weight	Low	-0.2227
Nc1ccncc1	Weight	Average	-0.15979
Nc1ccncc1	Weight	High	-0.20132
Nc1nc(=O)c2c(CCc3ccc(C(=O)NC(CCC(=O)O)C(=O)O)cc3)c[nH]c2[nH]1	Sex	Male	-0.11494
Nc1nc(=O)c2c(CCc3ccc(C(=O)NC(CCC(=O)O)C(=O)O)cc3)c[nH]c2[nH]1	Sex	Female	-0.00454
Nc1nc(=O)c2c(CCc3ccc(C(=O)NC(CCC(=O)O)C(=O)O)cc3)c[nH]c2[nH]1	Age	Children	-0.04338
Nc1nc(=O)c2c(CCc3ccc(C(=O)NC(CCC(=O)O)C(=O)O)cc3)c[nH]c2[nH]1	Age	Adolescent	0.00354
Nc1nc(=O)c2c(CCc3ccc(C(=O)NC(CCC(=O)O)C(=O)O)cc3)c[nH]c2[nH]1	Age	Adult	-0.03137
Nc1nc(=O)c2c(CCc3ccc(C(=O)NC(CCC(=O)O)C(=O)O)cc3)c[nH]c2[nH]1	Age	Elderly	-0.15484
Nc1nc(=O)c2c(CCc3ccc(C(=O)NC(CCC(=O)O)C(=O)O)cc3)c[nH]c2[nH]1	Weight	Low	-0.14793
Nc1nc(=O)c2c(CCc3ccc(C(=O)NC(CCC(=O)O)C(=O)O)cc3)c[nH]c2[nH]1	Weight	Average	-0.1099
Nc1nc(=O)c2c(CCc3ccc(C(=O)NC(CCC(=O)O)C(=O)O)cc3)c[nH]c2[nH]1	Weight	High	-0.14094
Nc1nc(=O)c2c([nH]1)NCC(CNc1ccc(C(=O)NC(CCC(=O)O)C(=O)O)cc1)N2C=O	Sex	Male	-0.07968
Nc1nc(=O)c2c([nH]1)NCC(CNc1ccc(C(=O)NC(CCC(=O)O)C(=O)O)cc1)N2C=O	Sex	Female	-0.00368
Nc1nc(=O)c2c([nH]1)NCC(CNc1ccc(C(=O)NC(CCC(=O)O)C(=O)O)cc1)N2C=O	Age	Children	-0.03263
Nc1nc(=O)c2c([nH]1)NCC(CNc1ccc(C(=O)NC(CCC(=O)O)C(=O)O)cc1)N2C=O	Age	Adolescent	0.00141
Nc1nc(=O)c2c([nH]1)NCC(CNc1ccc(C(=O)NC(CCC(=O)O)C(=O)O)cc1)N2C=O	Age	Adult	-0.02635
Nc1nc(=O)c2c([nH]1)NCC(CNc1ccc(C(=O)NC(CCC(=O)O)C(=O)O)cc1)N2C=O	Age	Elderly	-0.11123
Nc1nc(=O)c2c([nH]1)NCC(CNc1ccc(C(=O)NC(CCC(=O)O)C(=O)O)cc1)N2C=O	Weight	Low	-0.11054
Nc1nc(=O)c2c([nH]1)NCC(CNc1ccc(C(=O)NC(CCC(=O)O)C(=O)O)cc1)N2C=O	Weight	Average	-0.09566
Nc1nc(=O)c2c([nH]1)NCC(CNc1ccc(C(=O)NC(CCC(=O)O)C(=O)O)cc1)N2C=O	Weight	High	-0.11067
O=C(C=Cn1cnc(-c2cc(C(F)(F)F)cc(C(F)(F)F)c2)n1)NNc1cnccn1	Sex	Male	-0.07844
O=C(C=Cn1cnc(-c2cc(C(F)(F)F)cc(C(F)(F)F)c2)n1)NNc1cnccn1	Sex	Female	-0.00424
O=C(C=Cn1cnc(-c2cc(C(F)(F)F)cc(C(F)(F)F)c2)n1)NNc1cnccn1	Age	Children	-0.03761
O=C(C=Cn1cnc(-c2cc(C(F)(F)F)cc(C(F)(F)F)c2)n1)NNc1cnccn1	Age	Adolescent	-0.00912
O=C(C=Cn1cnc(-c2cc(C(F)(F)F)cc(C(F)(F)F)c2)n1)NNc1cnccn1	Age	Adult	-0.04039
O=C(C=Cn1cnc(-c2cc(C(F)(F)F)cc(C(F)(F)F)c2)n1)NNc1cnccn1	Age	Elderly	-0.13458
O=C(C=Cn1cnc(-c2cc(C(F)(F)F)cc(C(F)(F)F)c2)n1)NNc1cnccn1	Weight	Low	-0.12698
O=C(C=Cn1cnc(-c2cc(C(F)(F)F)cc(C(F)(F)F)c2)n1)NNc1cnccn1	Weight	Average	-0.08529
O=C(C=Cn1cnc(-c2cc(C(F)(F)F)cc(C(F)(F)F)c2)n1)NNc1cnccn1	Weight	High	-0.15601
O=C(c1cc(Cc2n[nH]c(=O)c3ccccc23)ccc1F)N1CCN(C(=O)C2CC2)CC1	Sex	Male	-0.10566
O=C(c1cc(Cc2n[nH]c(=O)c3ccccc23)ccc1F)N1CCN(C(=O)C2CC2)CC1	Sex	Female	-0.00244
O=C(c1cc(Cc2n[nH]c(=O)c3ccccc23)ccc1F)N1CCN(C(=O)C2CC2)CC1	Age	Children	-0.03212
O=C(c1cc(Cc2n[nH]c(=O)c3ccccc23)ccc1F)N1CCN(C(=O)C2CC2)CC1	Age	Adolescent	0.00144
O=C(c1cc(Cc2n[nH]c(=O)c3ccccc23)ccc1F)N1CCN(C(=O)C2CC2)CC1	Age	Adult	-0.03567
O=C(c1cc(Cc2n[nH]c(=O)c3ccccc23)ccc1F)N1CCN(C(=O)C2CC2)CC1	Age	Elderly	-0.15475
O=C(c1cc(Cc2n[nH]c(=O)c3ccccc23)ccc1F)N1CCN(C(=O)C2CC2)CC1	Weight	Low	-0.14212
O=C(c1cc(Cc2n[nH]c(=O)c3ccccc23)ccc1F)N1CCN(C(=O)C2CC2)CC1	Weight	Average	-0.16707
O=C(c1cc(Cc2n[nH]c(=O)c3ccccc23)ccc1F)N1CCN(C(=O)C2CC2)CC1	Weight	High	-0.20688
C#CCC(Cc1cnc2nc(N)nc(N)c2n1)c1ccc(C(=O)NC(CCC(=O)O)C(=O)O)cc1	Sex	Male	-0.08983
C#CCC(Cc1cnc2nc(N)nc(N)c2n1)c1ccc(C(=O)NC(CCC(=O)O)C(=O)O)cc1	Sex	Female	-0.00258
C#CCC(Cc1cnc2nc(N)nc(N)c2n1)c1ccc(C(=O)NC(CCC(=O)O)C(=O)O)cc1	Age	Children	-0.0407
C#CCC(Cc1cnc2nc(N)nc(N)c2n1)c1ccc(C(=O)NC(CCC(=O)O)C(=O)O)cc1	Age	Adolescent	0.01025
C#CCC(Cc1cnc2nc(N)nc(N)c2n1)c1ccc(C(=O)NC(CCC(=O)O)C(=O)O)cc1	Age	Adult	-0.037
C#CCC(Cc1cnc2nc(N)nc(N)c2n1)c1ccc(C(=O)NC(CCC(=O)O)C(=O)O)cc1	Age	Elderly	-0.14123
C#CCC(Cc1cnc2nc(N)nc(N)c2n1)c1ccc(C(=O)NC(CCC(=O)O)C(=O)O)cc1	Weight	Low	-0.12878
C#CCC(Cc1cnc2nc(N)nc(N)c2n1)c1ccc(C(=O)NC(CCC(=O)O)C(=O)O)cc1	Weight	Average	-0.11516
C#CCC(Cc1cnc2nc(N)nc(N)c2n1)c1ccc(C(=O)NC(CCC(=O)O)C(=O)O)cc1	Weight	High	-0.11595
CC(C)(C#N)c1cc(Cn2cncn2)cc(C(C)(C)C#N)c1	Sex	Male	-0.10877
CC(C)(C#N)c1cc(Cn2cncn2)cc(C(C)(C)C#N)c1	Sex	Female	4e-05
CC(C)(C#N)c1cc(Cn2cncn2)cc(C(C)(C)C#N)c1	Age	Children	-0.03683
CC(C)(C#N)c1cc(Cn2cncn2)cc(C(C)(C)C#N)c1	Age	Adolescent	0.00391
CC(C)(C#N)c1cc(Cn2cncn2)cc(C(C)(C)C#N)c1	Age	Adult	-0.03914
CC(C)(C#N)c1cc(Cn2cncn2)cc(C(C)(C)C#N)c1	Age	Elderly	-0.16267
CC(C)(C#N)c1cc(Cn2cncn2)cc(C(C)(C)C#N)c1	Weight	Low	-0.18821
CC(C)(C#N)c1cc(Cn2cncn2)cc(C(C)(C)C#N)c1	Weight	Average	-0.14086
CC(C)(C#N)c1cc(Cn2cncn2)cc(C(C)(C)C#N)c1	Weight	High	-0.1726
CC(C)C(=O)OCC(=O)C12OC(C3CCCCC3)OC1CC1C3CC=C4CC(=O)C=CC4(C)C3C(O)CC12C	Sex	Male	-0.06827
CC(C)C(=O)OCC(=O)C12OC(C3CCCCC3)OC1CC1C3CC=C4CC(=O)C=CC4(C)C3C(O)CC12C	Sex	Female	-0.00054
CC(C)C(=O)OCC(=O)C12OC(C3CCCCC3)OC1CC1C3CC=C4CC(=O)C=CC4(C)C3C(O)CC12C	Age	Children	-0.04422
CC(C)C(=O)OCC(=O)C12OC(C3CCCCC3)OC1CC1C3CC=C4CC(=O)C=CC4(C)C3C(O)CC12C	Age	Adolescent	-0.00318
CC(C)C(=O)OCC(=O)C12OC(C3CCCCC3)OC1CC1C3CC=C4CC(=O)C=CC4(C)C3C(O)CC12C	Age	Adult	-0.0147
CC(C)C(=O)OCC(=O)C12OC(C3CCCCC3)OC1CC1C3CC=C4CC(=O)C=CC4(C)C3C(O)CC12C	Age	Elderly	-0.10787
CC(C)C(=O)OCC(=O)C12OC(C3CCCCC3)OC1CC1C3CC=C4CC(=O)C=CC4(C)C3C(O)CC12C	Weight	Low	-0.12701
CC(C)C(=O)OCC(=O)C12OC(C3CCCCC3)OC1CC1C3CC=C4CC(=O)C=CC4(C)C3C(O)CC12C	Weight	Average	-0.12721
CC(C)C(=O)OCC(=O)C12OC(C3CCCCC3)OC1CC1C3CC=C4CC(=O)C=CC4(C)C3C(O)CC12C	Weight	High	-0.15497
CC(C)COc1ccc(CNC(=O)N(Cc2ccc(F)cc2)C2CCN(C)CC2)cc1	Sex	Male	-0.09447
CC(C)COc1ccc(CNC(=O)N(Cc2ccc(F)cc2)C2CCN(C)CC2)cc1	Sex	Female	-0.00211
CC(C)COc1ccc(CNC(=O)N(Cc2ccc(F)cc2)C2CCN(C)CC2)cc1	Age	Children	-0.03261
CC(C)COc1ccc(CNC(=O)N(Cc2ccc(F)cc2)C2CCN(C)CC2)cc1	Age	Adolescent	-0.00236
CC(C)COc1ccc(CNC(=O)N(Cc2ccc(F)cc2)C2CCN(C)CC2)cc1	Age	Adult	-0.02926
CC(C)COc1ccc(CNC(=O)N(Cc2ccc(F)cc2)C2CCN(C)CC2)cc1	Age	Elderly	-0.1081
CC(C)COc1ccc(CNC(=O)N(Cc2ccc(F)cc2)C2CCN(C)CC2)cc1	Weight	Low	-0.1423
CC(C)COc1ccc(CNC(=O)N(Cc2ccc(F)cc2)C2CCN(C)CC2)cc1	Weight	Average	-0.14159
CC(C)COc1ccc(CNC(=O)N(Cc2ccc(F)cc2)C2CCN(C)CC2)cc1	Weight	High	-0.16547
CC(C)Oc1ccc(-c2nc(-c3cccc4c3CCC4NCCO)no2)cc1C#N	Sex	Male	-0.09283
CC(C)Oc1ccc(-c2nc(-c3cccc4c3CCC4NCCO)no2)cc1C#N	Sex	Female	-0.00364
CC(C)Oc1ccc(-c2nc(-c3cccc4c3CCC4NCCO)no2)cc1C#N	Age	Children	-0.02796
CC(C)Oc1ccc(-c2nc(-c3cccc4c3CCC4NCCO)no2)cc1C#N	Age	Adolescent	-0.00483
CC(C)Oc1ccc(-c2nc(-c3cccc4c3CCC4NCCO)no2)cc1C#N	Age	Adult	-0.0198
CC(C)Oc1ccc(-c2nc(-c3cccc4c3CCC4NCCO)no2)cc1C#N	Age	Elderly	-0.10151
CC(C)Oc1ccc(-c2nc(-c3cccc4c3CCC4NCCO)no2)cc1C#N	Weight	Low	-0.13856
CC(C)Oc1ccc(-c2nc(-c3cccc4c3CCC4NCCO)no2)cc1C#N	Weight	Average	-0.06259
CC(C)Oc1ccc(-c2nc(-c3cccc4c3CCC4NCCO)no2)cc1C#N	Weight	High	-0.12445
CCC=CCC=CCC=CCC=CCC=CCCCC(=O)OCC	Sex	Male	-0.06264
CCC=CCC=CCC=CCC=CCC=CCCCC(=O)OCC	Sex	Female	-0.00054
CCC=CCC=CCC=CCC=CCC=CCCCC(=O)OCC	Age	Children	-0.03404
CCC=CCC=CCC=CCC=CCC=CCCCC(=O)OCC	Age	Adolescent	-0.00643
CCC=CCC=CCC=CCC=CCC=CCCCC(=O)OCC	Age	Adult	-0.01549
CCC=CCC=CCC=CCC=CCC=CCCCC(=O)OCC	Age	Elderly	-0.13434
CCC=CCC=CCC=CCC=CCC=CCCCC(=O)OCC	Weight	Low	-0.16472
CCC=CCC=CCC=CCC=CCC=CCCCC(=O)OCC	Weight	Average	-0.14407
CCC=CCC=CCC=CCC=CCC=CCCCC(=O)OCC	Weight	High	-0.14966
CCCCCC(O)C=CC1C(O)CC(=O)C1CCCCCCC(=O)O	Sex	Male	-0.03655
CCCCCC(O)C=CC1C(O)CC(=O)C1CCCCCCC(=O)O	Sex	Female	-0.00294
CCCCCC(O)C=CC1C(O)CC(=O)C1CCCCCCC(=O)O	Age	Children	-0.03193
CCCCCC(O)C=CC1C(O)CC(=O)C1CCCCCCC(=O)O	Age	Adolescent	-0.00496
CCCCCC(O)C=CC1C(O)CC(=O)C1CCCCCCC(=O)O	Age	Adult	-0.01645
CCCCCC(O)C=CC1C(O)CC(=O)C1CCCCCCC(=O)O	Age	Elderly	-0.09508
CCCCCC(O)C=CC1C(O)CC(=O)C1CCCCCCC(=O)O	Weight	Low	-0.09214
CCCCCC(O)C=CC1C(O)CC(=O)C1CCCCCCC(=O)O	Weight	Average	-0.09246
CCCCCC(O)C=CC1C(O)CC(=O)C1CCCCCCC(=O)O	Weight	High	-0.11854
CCCCc1nc(Cl)c(CO)n1Cc1ccc(-c2ccccc2-c2nn[nH]n2)cc1	Sex	Male	-0.03765
CCCCc1nc(Cl)c(CO)n1Cc1ccc(-c2ccccc2-c2nn[nH]n2)cc1	Sex	Female	-0.00155
CCCCc1nc(Cl)c(CO)n1Cc1ccc(-c2ccccc2-c2nn[nH]n2)cc1	Age	Children	-0.02015
CCCCc1nc(Cl)c(CO)n1Cc1ccc(-c2ccccc2-c2nn[nH]n2)cc1	Age	Adolescent	0.00346
CCCCc1nc(Cl)c(CO)n1Cc1ccc(-c2ccccc2-c2nn[nH]n2)cc1	Age	Adult	-0.01288
CCCCc1nc(Cl)c(CO)n1Cc1ccc(-c2ccccc2-c2nn[nH]n2)cc1	Age	Elderly	-0.06076
CCCCc1nc(Cl)c(CO)n1Cc1ccc(-c2ccccc2-c2nn[nH]n2)cc1	Weight	Low	-0.07977
CCCCc1nc(Cl)c(CO)n1Cc1ccc(-c2ccccc2-c2nn[nH]n2)cc1	Weight	Average	-0.034
CCCCc1nc(Cl)c(CO)n1Cc1ccc(-c2ccccc2-c2nn[nH]n2)cc1	Weight	High	-0.11394
CCOC(=O)C1(c2ccccc2)CCN(CCC(C#N)(c2ccccc2)c2ccccc2)CC1	Sex	Male	-0.0617
CCOC(=O)C1(c2ccccc2)CCN(CCC(C#N)(c2ccccc2)c2ccccc2)CC1	Sex	Female	-0.00029
CCOC(=O)C1(c2ccccc2)CCN(CCC(C#N)(c2ccccc2)c2ccccc2)CC1	Age	Children	-0.01907
CCOC(=O)C1(c2ccccc2)CCN(CCC(C#N)(c2ccccc2)c2ccccc2)CC1	Age	Adolescent	0.0019
CCOC(=O)C1(c2ccccc2)CCN(CCC(C#N)(c2ccccc2)c2ccccc2)CC1	Age	Adult	-0.01863
CCOC(=O)C1(c2ccccc2)CCN(CCC(C#N)(c2ccccc2)c2ccccc2)CC1	Age	Elderly	-0.11175
CCOC(=O)C1(c2ccccc2)CCN(CCC(C#N)(c2ccccc2)c2ccccc2)CC1	Weight	Low	-0.09354
CCOC(=O)C1(c2ccccc2)CCN(CCC(C#N)(c2ccccc2)c2ccccc2)CC1	Weight	Average	-0.08547
CCOC(=O)C1(c2ccccc2)CCN(CCC(C#N)(c2ccccc2)c2ccccc2)CC1	Weight	High	-0.13726
CN1CCC(NC(=O)Nc2ccc(C#N)cc2)CC1c1nc2ccccc2[nH]1	Sex	Male	-0.12317
CN1CCC(NC(=O)Nc2ccc(C#N)cc2)CC1c1nc2ccccc2[nH]1	Sex	Female	-0.00139
CN1CCC(NC(=O)Nc2ccc(C#N)cc2)CC1c1nc2ccccc2[nH]1	Age	Children	-0.03115
CN1CCC(NC(=O)Nc2ccc(C#N)cc2)CC1c1nc2ccccc2[nH]1	Age	Adolescent	0.00193
CN1CCC(NC(=O)Nc2ccc(C#N)cc2)CC1c1nc2ccccc2[nH]1	Age	Adult	-0.0341
CN1CCC(NC(=O)Nc2ccc(C#N)cc2)CC1c1nc2ccccc2[nH]1	Age	Elderly	-0.1414
CN1CCC(NC(=O)Nc2ccc(C#N)cc2)CC1c1nc2ccccc2[nH]1	Weight	Low	-0.1272
CN1CCC(NC(=O)Nc2ccc(C#N)cc2)CC1c1nc2ccccc2[nH]1	Weight	Average	-0.15491
CN1CCC(NC(=O)Nc2ccc(C#N)cc2)CC1c1nc2ccccc2[nH]1	Weight	High	-0.20484
CN1CCCC(n2nc(Cc3ccc(Cl)cc3)c3ccccc3c2=O)CC1	Sex	Male	-0.11169
CN1CCCC(n2nc(Cc3ccc(Cl)cc3)c3ccccc3c2=O)CC1	Sex	Female	-0.00178
CN1CCCC(n2nc(Cc3ccc(Cl)cc3)c3ccccc3c2=O)CC1	Age	Children	-0.03376
CN1CCCC(n2nc(Cc3ccc(Cl)cc3)c3ccccc3c2=O)CC1	Age	Adolescent	0.00223
CN1CCCC(n2nc(Cc3ccc(Cl)cc3)c3ccccc3c2=O)CC1	Age	Adult	-0.03524
CN1CCCC(n2nc(Cc3ccc(Cl)cc3)c3ccccc3c2=O)CC1	Age	Elderly	-0.15135
CN1CCCC(n2nc(Cc3ccc(Cl)cc3)c3ccccc3c2=O)CC1	Weight	Low	-0.14143
CN1CCCC(n2nc(Cc3ccc(Cl)cc3)c3ccccc3c2=O)CC1	Weight	Average	-0.16714
CN1CCCC(n2nc(Cc3ccc(Cl)cc3)c3ccccc3c2=O)CC1	Weight	High	-0.18881
COC(=O)C1C(OC(=O)c2ccccc2)CC2CCC1N2C	Sex	Male	-0.05555
COC(=O)C1C(OC(=O)c2ccccc2)CC2CCC1N2C	Sex	Female	-0.00092
COC(=O)C1C(OC(=O)c2ccccc2)CC2CCC1N2C	Age	Children	-0.02851
COC(=O)C1C(OC(=O)c2ccccc2)CC2CCC1N2C	Age	Adolescent	-0.00335
COC(=O)C1C(OC(=O)c2ccccc2)CC2CCC1N2C	Age	Adult	-0.01576
COC(=O)C1C(OC(=O)c2ccccc2)CC2CCC1N2C	Age	Elderly	-0.11697
COC(=O)C1C(OC(=O)c2ccccc2)CC2CCC1N2C	Weight	Low	-0.09692
COC(=O)C1C(OC(=O)c2ccccc2)CC2CCC1N2C	Weight	Average	-0.10298
COC(=O)C1C(OC(=O)c2ccccc2)CC2CCC1N2C	Weight	High	-0.13277
O=C1CC2(CCCC2)CC(=O)N1CCCCN1CCN(c2ncccn2)CC1	Sex	Male	-0.12441
O=C1CC2(CCCC2)CC(=O)N1CCCCN1CCN(c2ncccn2)CC1	Sex	Female	-0.00042
O=C1CC2(CCCC2)CC(=O)N1CCCCN1CCN(c2ncccn2)CC1	Age	Children	-0.02668
O=C1CC2(CCCC2)CC(=O)N1CCCCN1CCN(c2ncccn2)CC1	Age	Adolescent	-0.00842
O=C1CC2(CCCC2)CC(=O)N1CCCCN1CCN(c2ncccn2)CC1	Age	Adult	-0.02965
O=C1CC2(CCCC2)CC(=O)N1CCCCN1CCN(c2ncccn2)CC1	Age	Elderly	-0.1652
O=C1CC2(CCCC2)CC(=O)N1CCCCN1CCN(c2ncccn2)CC1	Weight	Low	-0.18889
O=C1CC2(CCCC2)CC(=O)N1CCCCN1CCN(c2ncccn2)CC1	Weight	Average	-0.16793
O=C1CC2(CCCC2)CC(=O)N1CCCCN1CCN(c2ncccn2)CC1	Weight	High	-0.20471
C#CCNC1CCc2ccccc21	Sex	Male	-0.09853
C#CCNC1CCc2ccccc21	Sex	Female	-0.0035
C#CCNC1CCc2ccccc21	Age	Children	-0.04157
C#CCNC1CCc2ccccc21	Age	Adolescent	0.00143
C#CCNC1CCc2ccccc21	Age	Adult	-0.02879
C#CCNC1CCc2ccccc21	Age	Elderly	-0.16909
C#CCNC1CCc2ccccc21	Weight	Low	-0.19282
C#CCNC1CCc2ccccc21	Weight	Average	-0.17928
C#CCNC1CCc2ccccc21	Weight	High	-0.22064
C=CCN1CC(C(=O)N(CCCN(C)C)C(=O)NCC)CC2c3cccc4[nH]cc(c34)CC21	Sex	Male	-0.0963
C=CCN1CC(C(=O)N(CCCN(C)C)C(=O)NCC)CC2c3cccc4[nH]cc(c34)CC21	Sex	Female	-0.0015
C=CCN1CC(C(=O)N(CCCN(C)C)C(=O)NCC)CC2c3cccc4[nH]cc(c34)CC21	Age	Children	-0.03562
C=CCN1CC(C(=O)N(CCCN(C)C)C(=O)NCC)CC2c3cccc4[nH]cc(c34)CC21	Age	Adolescent	-0.00863
C=CCN1CC(C(=O)N(CCCN(C)C)C(=O)NCC)CC2c3cccc4[nH]cc(c34)CC21	Age	Adult	-0.03053
C=CCN1CC(C(=O)N(CCCN(C)C)C(=O)NCC)CC2c3cccc4[nH]cc(c34)CC21	Age	Elderly	-0.12334
C=CCN1CC(C(=O)N(CCCN(C)C)C(=O)NCC)CC2c3cccc4[nH]cc(c34)CC21	Weight	Low	-0.16629
C=CCN1CC(C(=O)N(CCCN(C)C)C(=O)NCC)CC2c3cccc4[nH]cc(c34)CC21	Weight	Average	-0.17636
C=CCN1CC(C(=O)N(CCCN(C)C)C(=O)NCC)CC2c3cccc4[nH]cc(c34)CC21	Weight	High	-0.16867
CCOc1nc2cccc(C(=O)OCc3oc(=O)oc3C)c2n1Cc1ccc(-c2ccccc2-c2nc(=O)o[nH]2)cc1	Sex	Male	-0.07411
CCOc1nc2cccc(C(=O)OCc3oc(=O)oc3C)c2n1Cc1ccc(-c2ccccc2-c2nc(=O)o[nH]2)cc1	Sex	Female	-0.00052
CCOc1nc2cccc(C(=O)OCc3oc(=O)oc3C)c2n1Cc1ccc(-c2ccccc2-c2nc(=O)o[nH]2)cc1	Age	Children	-0.02498
CCOc1nc2cccc(C(=O)OCc3oc(=O)oc3C)c2n1Cc1ccc(-c2ccccc2-c2nc(=O)o[nH]2)cc1	Age	Adolescent	-0.0026
CCOc1nc2cccc(C(=O)OCc3oc(=O)oc3C)c2n1Cc1ccc(-c2ccccc2-c2nc(=O)o[nH]2)cc1	Age	Adult	-0.01876
CCOc1nc2cccc(C(=O)OCc3oc(=O)oc3C)c2n1Cc1ccc(-c2ccccc2-c2nc(=O)o[nH]2)cc1	Age	Elderly	-0.13294
CCOc1nc2cccc(C(=O)OCc3oc(=O)oc3C)c2n1Cc1ccc(-c2ccccc2-c2nc(=O)o[nH]2)cc1	Weight	Low	-0.16555
CCOc1nc2cccc(C(=O)OCc3oc(=O)oc3C)c2n1Cc1ccc(-c2ccccc2-c2nc(=O)o[nH]2)cc1	Weight	Average	-0.081
CCOc1nc2cccc(C(=O)OCc3oc(=O)oc3C)c2n1Cc1ccc(-c2ccccc2-c2nc(=O)o[nH]2)cc1	Weight	High	-0.19497
CN(C)CCc1c[nH]c2ccc(CS(=O)(=O)N3CCCC3)cc12	Sex	Male	-0.11846
CN(C)CCc1c[nH]c2ccc(CS(=O)(=O)N3CCCC3)cc12	Sex	Female	-0.00041
CN(C)CCc1c[nH]c2ccc(CS(=O)(=O)N3CCCC3)cc12	Age	Children	-0.03456
CN(C)CCc1c[nH]c2ccc(CS(=O)(=O)N3CCCC3)cc12	Age	Adolescent	-0.00175
CN(C)CCc1c[nH]c2ccc(CS(=O)(=O)N3CCCC3)cc12	Age	Adult	-0.02149
CN(C)CCc1c[nH]c2ccc(CS(=O)(=O)N3CCCC3)cc12	Age	Elderly	-0.13675
CN(C)CCc1c[nH]c2ccc(CS(=O)(=O)N3CCCC3)cc12	Weight	Low	-0.18876
CN(C)CCc1c[nH]c2ccc(CS(=O)(=O)N3CCCC3)cc12	Weight	Average	-0.15362
CN(C)CCc1c[nH]c2ccc(CS(=O)(=O)N3CCCC3)cc12	Weight	High	-0.17984
CONC(=O)Nc1ccc(-c2sc3c(c2CN(C)C)c(=O)n(-c2ccc(OC)nn2)c(=O)n3Cc2c(F)cccc2F)cc1	Sex	Male	-0.10032
CONC(=O)Nc1ccc(-c2sc3c(c2CN(C)C)c(=O)n(-c2ccc(OC)nn2)c(=O)n3Cc2c(F)cccc2F)cc1	Sex	Female	-0.00112
CONC(=O)Nc1ccc(-c2sc3c(c2CN(C)C)c(=O)n(-c2ccc(OC)nn2)c(=O)n3Cc2c(F)cccc2F)cc1	Age	Children	-0.02687
CONC(=O)Nc1ccc(-c2sc3c(c2CN(C)C)c(=O)n(-c2ccc(OC)nn2)c(=O)n3Cc2c(F)cccc2F)cc1	Age	Adolescent	-0.00171
CONC(=O)Nc1ccc(-c2sc3c(c2CN(C)C)c(=O)n(-c2ccc(OC)nn2)c(=O)n3Cc2c(F)cccc2F)cc1	Age	Adult	-0.02978
CONC(=O)Nc1ccc(-c2sc3c(c2CN(C)C)c(=O)n(-c2ccc(OC)nn2)c(=O)n3Cc2c(F)cccc2F)cc1	Age	Elderly	-0.13222
CONC(=O)Nc1ccc(-c2sc3c(c2CN(C)C)c(=O)n(-c2ccc(OC)nn2)c(=O)n3Cc2c(F)cccc2F)cc1	Weight	Low	-0.1478
CONC(=O)Nc1ccc(-c2sc3c(c2CN(C)C)c(=O)n(-c2ccc(OC)nn2)c(=O)n3Cc2c(F)cccc2F)cc1	Weight	Average	-0.06058
CONC(=O)Nc1ccc(-c2sc3c(c2CN(C)C)c(=O)n(-c2ccc(OC)nn2)c(=O)n3Cc2c(F)cccc2F)cc1	Weight	High	-0.16559
C#CCN(C)C(C)Cc1ccccc1	Sex	Male	-0.11085
C#CCN(C)C(C)Cc1ccccc1	Sex	Female	-0.00385
C#CCN(C)C(C)Cc1ccccc1	Age	Children	-0.04638
C#CCN(C)C(C)Cc1ccccc1	Age	Adolescent	0.00767
C#CCN(C)C(C)Cc1ccccc1	Age	Adult	-0.02327
C#CCN(C)C(C)Cc1ccccc1	Age	Elderly	-0.16742
C#CCN(C)C(C)Cc1ccccc1	Weight	Low	-0.20548
C#CCN(C)C(C)Cc1ccccc1	Weight	Average	-0.17254
C#CCN(C)C(C)Cc1ccccc1	Weight	High	-0.19643
CC#CC1(O)CCC2C3=C(C4=C(CC3)CC(=O)CC4)C(c3ccc(N(C)C)cc3)CC21C	Sex	Male	-0.09388
CC#CC1(O)CCC2C3=C(C4=C(CC3)CC(=O)CC4)C(c3ccc(N(C)C)cc3)CC21C	Sex	Female	4e-05
CC#CC1(O)CCC2C3=C(C4=C(CC3)CC(=O)CC4)C(c3ccc(N(C)C)cc3)CC21C	Age	Children	-0.02996
CC#CC1(O)CCC2C3=C(C4=C(CC3)CC(=O)CC4)C(c3ccc(N(C)C)cc3)CC21C	Age	Adolescent	-0.01491
CC#CC1(O)CCC2C3=C(C4=C(CC3)CC(=O)CC4)C(c3ccc(N(C)C)cc3)CC21C	Age	Adult	-0.03603
CC#CC1(O)CCC2C3=C(C4=C(CC3)CC(=O)CC4)C(c3ccc(N(C)C)cc3)CC21C	Age	Elderly	-0.12565
CC#CC1(O)CCC2C3=C(C4=C(CC3)CC(=O)CC4)C(c3ccc(N(C)C)cc3)CC21C	Weight	Low	-0.17543
CC#CC1(O)CCC2C3=C(C4=C(CC3)CC(=O)CC4)C(c3ccc(N(C)C)cc3)CC21C	Weight	Average	-0.16891
CC#CC1(O)CCC2C3=C(C4=C(CC3)CC(=O)CC4)C(c3ccc(N(C)C)cc3)CC21C	Weight	High	-0.17922
CC(=O)N(CC(O)CO)c1c(I)c(C(=O)NCCO)c(I)c(C(=O)NCC(O)CO)c1I	Sex	Male	-0.03159
CC(=O)N(CC(O)CO)c1c(I)c(C(=O)NCCO)c(I)c(C(=O)NCC(O)CO)c1I	Sex	Female	-0.00047
CC(=O)N(CC(O)CO)c1c(I)c(C(=O)NCCO)c(I)c(C(=O)NCC(O)CO)c1I	Age	Children	-0.00999
CC(=O)N(CC(O)CO)c1c(I)c(C(=O)NCCO)c(I)c(C(=O)NCC(O)CO)c1I	Age	Adolescent	-0.00045
CC(=O)N(CC(O)CO)c1c(I)c(C(=O)NCCO)c(I)c(C(=O)NCC(O)CO)c1I	Age	Adult	-0.00672
CC(=O)N(CC(O)CO)c1c(I)c(C(=O)NCCO)c(I)c(C(=O)NCC(O)CO)c1I	Age	Elderly	-0.03419
CC(=O)N(CC(O)CO)c1c(I)c(C(=O)NCCO)c(I)c(C(=O)NCC(O)CO)c1I	Weight	Low	-0.04903
CC(=O)N(CC(O)CO)c1c(I)c(C(=O)NCCO)c(I)c(C(=O)NCC(O)CO)c1I	Weight	Average	-0.04678
CC(=O)N(CC(O)CO)c1c(I)c(C(=O)NCCO)c(I)c(C(=O)NCC(O)CO)c1I	Weight	High	-0.05054
CC(C)(C)NC(=O)C1CC2CCCCC2CN1CC(O)C(Cc1ccccc1)NC(=O)C(CC(N)=O)NC(=O)c1ccc2ccccc2n1	Sex	Male	-0.09279
CC(C)(C)NC(=O)C1CC2CCCCC2CN1CC(O)C(Cc1ccccc1)NC(=O)C(CC(N)=O)NC(=O)c1ccc2ccccc2n1	Sex	Female	-0.00135
CC(C)(C)NC(=O)C1CC2CCCCC2CN1CC(O)C(Cc1ccccc1)NC(=O)C(CC(N)=O)NC(=O)c1ccc2ccccc2n1	Age	Children	-0.03768
CC(C)(C)NC(=O)C1CC2CCCCC2CN1CC(O)C(Cc1ccccc1)NC(=O)C(CC(N)=O)NC(=O)c1ccc2ccccc2n1	Age	Adolescent	0.00754
CC(C)(C)NC(=O)C1CC2CCCCC2CN1CC(O)C(Cc1ccccc1)NC(=O)C(CC(N)=O)NC(=O)c1ccc2ccccc2n1	Age	Adult	-0.03169
CC(C)(C)NC(=O)C1CC2CCCCC2CN1CC(O)C(Cc1ccccc1)NC(=O)C(CC(N)=O)NC(=O)c1ccc2ccccc2n1	Age	Elderly	-0.10492
CC(C)(C)NC(=O)C1CC2CCCCC2CN1CC(O)C(Cc1ccccc1)NC(=O)C(CC(N)=O)NC(=O)c1ccc2ccccc2n1	Weight	Low	-0.11323
CC(C)(C)NC(=O)C1CC2CCCCC2CN1CC(O)C(Cc1ccccc1)NC(=O)C(CC(N)=O)NC(=O)c1ccc2ccccc2n1	Weight	Average	-0.10039
CC(C)(C)NC(=O)C1CC2CCCCC2CN1CC(O)C(Cc1ccccc1)NC(=O)C(CC(N)=O)NC(=O)c1ccc2ccccc2n1	Weight	High	-0.14654
CC(C)(C)NCC(O)COc1cccc2c1CCC(=O)N2	Sex	Male	-0.03566
CC(C)(C)NCC(O)COc1cccc2c1CCC(=O)N2	Sex	Female	-0.00093
CC(C)(C)NCC(O)COc1cccc2c1CCC(=O)N2	Age	Children	-0.01243
CC(C)(C)NCC(O)COc1cccc2c1CCC(=O)N2	Age	Adolescent	0.00075
CC(C)(C)NCC(O)COc1cccc2c1CCC(=O)N2	Age	Adult	-0.00675
CC(C)(C)NCC(O)COc1cccc2c1CCC(=O)N2	Age	Elderly	-0.05807
CC(C)(C)NCC(O)COc1cccc2c1CCC(=O)N2	Weight	Low	-0.0952
CC(C)(C)NCC(O)COc1cccc2c1CCC(=O)N2	Weight	Average	-0.07084
CC(C)(C)NCC(O)COc1cccc2c1CCC(=O)N2	Weight	High	-0.11105
CC(C)CC1C(=O)N2CCCC2C2(O)OC(NC(=O)C3C=C4c5cccc6[nH]c(Br)c(c56)CC4N(C)C3)(C(C)C)C(=O)N12	Sex	Male	-0.08909
CC(C)CC1C(=O)N2CCCC2C2(O)OC(NC(=O)C3C=C4c5cccc6[nH]c(Br)c(c56)CC4N(C)C3)(C(C)C)C(=O)N12	Sex	Female	-0.00263
CC(C)CC1C(=O)N2CCCC2C2(O)OC(NC(=O)C3C=C4c5cccc6[nH]c(Br)c(c56)CC4N(C)C3)(C(C)C)C(=O)N12	Age	Children	-0.03839
CC(C)CC1C(=O)N2CCCC2C2(O)OC(NC(=O)C3C=C4c5cccc6[nH]c(Br)c(c56)CC4N(C)C3)(C(C)C)C(=O)N12	Age	Adolescent	-0.00263
CC(C)CC1C(=O)N2CCCC2C2(O)OC(NC(=O)C3C=C4c5cccc6[nH]c(Br)c(c56)CC4N(C)C3)(C(C)C)C(=O)N12	Age	Adult	-0.02651
CC(C)CC1C(=O)N2CCCC2C2(O)OC(NC(=O)C3C=C4c5cccc6[nH]c(Br)c(c56)CC4N(C)C3)(C(C)C)C(=O)N12	Age	Elderly	-0.14391
CC(C)CC1C(=O)N2CCCC2C2(O)OC(NC(=O)C3C=C4c5cccc6[nH]c(Br)c(c56)CC4N(C)C3)(C(C)C)C(=O)N12	Weight	Low	-0.16604
CC(C)CC1C(=O)N2CCCC2C2(O)OC(NC(=O)C3C=C4c5cccc6[nH]c(Br)c(c56)CC4N(C)C3)(C(C)C)C(=O)N12	Weight	Average	-0.16549
CC(C)CC1C(=O)N2CCCC2C2(O)OC(NC(=O)C3C=C4c5cccc6[nH]c(Br)c(c56)CC4N(C)C3)(C(C)C)C(=O)N12	Weight	High	-0.21344
CC(C)CN(CC(OP(=O)(O)O)C(Cc1ccccc1)NC(=O)OC1CCOC1)S(=O)(=O)c1ccc(N)cc1	Sex	Male	-0.1043
CC(C)CN(CC(OP(=O)(O)O)C(Cc1ccccc1)NC(=O)OC1CCOC1)S(=O)(=O)c1ccc(N)cc1	Sex	Female	-0.0013
CC(C)CN(CC(OP(=O)(O)O)C(Cc1ccccc1)NC(=O)OC1CCOC1)S(=O)(=O)c1ccc(N)cc1	Age	Children	-0.04541
CC(C)CN(CC(OP(=O)(O)O)C(Cc1ccccc1)NC(=O)OC1CCOC1)S(=O)(=O)c1ccc(N)cc1	Age	Adolescent	0.00509
CC(C)CN(CC(OP(=O)(O)O)C(Cc1ccccc1)NC(=O)OC1CCOC1)S(=O)(=O)c1ccc(N)cc1	Age	Adult	-0.0359
CC(C)CN(CC(OP(=O)(O)O)C(Cc1ccccc1)NC(=O)OC1CCOC1)S(=O)(=O)c1ccc(N)cc1	Age	Elderly	-0.14653
CC(C)CN(CC(OP(=O)(O)O)C(Cc1ccccc1)NC(=O)OC1CCOC1)S(=O)(=O)c1ccc(N)cc1	Weight	Low	-0.14911
CC(C)CN(CC(OP(=O)(O)O)C(Cc1ccccc1)NC(=O)OC1CCOC1)S(=O)(=O)c1ccc(N)cc1	Weight	Average	-0.14231
CC(C)CN(CC(OP(=O)(O)O)C(Cc1ccccc1)NC(=O)OC1CCOC1)S(=O)(=O)c1ccc(N)cc1	Weight	High	-0.16962
CC(C)NC(=O)COc1cccc(-c2nc(Nc3ccc4[nH]ncc4c3)c3ccccc3n2)c1	Sex	Male	-0.11376
CC(C)NC(=O)COc1cccc(-c2nc(Nc3ccc4[nH]ncc4c3)c3ccccc3n2)c1	Sex	Female	-0.0031
CC(C)NC(=O)COc1cccc(-c2nc(Nc3ccc4[nH]ncc4c3)c3ccccc3n2)c1	Age	Children	-0.0431
CC(C)NC(=O)COc1cccc(-c2nc(Nc3ccc4[nH]ncc4c3)c3ccccc3n2)c1	Age	Adolescent	0.00063
CC(C)NC(=O)COc1cccc(-c2nc(Nc3ccc4[nH]ncc4c3)c3ccccc3n2)c1	Age	Adult	-0.04121
CC(C)NC(=O)COc1cccc(-c2nc(Nc3ccc4[nH]ncc4c3)c3ccccc3n2)c1	Age	Elderly	-0.16804
CC(C)NC(=O)COc1cccc(-c2nc(Nc3ccc4[nH]ncc4c3)c3ccccc3n2)c1	Weight	Low	-0.15451
CC(C)NC(=O)COc1cccc(-c2nc(Nc3ccc4[nH]ncc4c3)c3ccccc3n2)c1	Weight	Average	-0.07608
CC(C)NC(=O)COc1cccc(-c2nc(Nc3ccc4[nH]ncc4c3)c3ccccc3n2)c1	Weight	High	-0.16747
CC(CS)C(=O)N1CCCC1C(=O)O	Sex	Male	-0.10011
CC(CS)C(=O)N1CCCC1C(=O)O	Sex	Female	-0.00053
CC(CS)C(=O)N1CCCC1C(=O)O	Age	Children	-0.0401
CC(CS)C(=O)N1CCCC1C(=O)O	Age	Adolescent	0.00366
CC(CS)C(=O)N1CCCC1C(=O)O	Age	Adult	-0.03138
CC(CS)C(=O)N1CCCC1C(=O)O	Age	Elderly	-0.12342
CC(CS)C(=O)N1CCCC1C(=O)O	Weight	Low	-0.20546
CC(CS)C(=O)N1CCCC1C(=O)O	Weight	Average	-0.17956
CC(CS)C(=O)N1CCCC1C(=O)O	Weight	High	-0.18542
CC(Cn1ccc(-c2ccc(C#N)c(Cl)c2)n1)NC(=O)c1cc(C(C)O)[nH]n1	Sex	Male	-0.03841
CC(Cn1ccc(-c2ccc(C#N)c(Cl)c2)n1)NC(=O)c1cc(C(C)O)[nH]n1	Sex	Female	-0.00153
CC(Cn1ccc(-c2ccc(C#N)c(Cl)c2)n1)NC(=O)c1cc(C(C)O)[nH]n1	Age	Children	-0.0184
CC(Cn1ccc(-c2ccc(C#N)c(Cl)c2)n1)NC(=O)c1cc(C(C)O)[nH]n1	Age	Adolescent	-0.00097
CC(Cn1ccc(-c2ccc(C#N)c(Cl)c2)n1)NC(=O)c1cc(C(C)O)[nH]n1	Age	Adult	-0.01237
CC(Cn1ccc(-c2ccc(C#N)c(Cl)c2)n1)NC(=O)c1cc(C(C)O)[nH]n1	Age	Elderly	-0.08243
CC(Cn1ccc(-c2ccc(C#N)c(Cl)c2)n1)NC(=O)c1cc(C(C)O)[nH]n1	Weight	Low	-0.08931
CC(Cn1ccc(-c2ccc(C#N)c(Cl)c2)n1)NC(=O)c1cc(C(C)O)[nH]n1	Weight	Average	-0.06591
CC(Cn1ccc(-c2ccc(C#N)c(Cl)c2)n1)NC(=O)c1cc(C(C)O)[nH]n1	Weight	High	-0.07897
CC1CC2C3CC(F)C4=CC(=O)C=CC4(C)C3(F)C(O)CC2(C)C1(OC(=O)c1ccco1)C(=O)SCF	Sex	Male	-0.09277
CC1CC2C3CC(F)C4=CC(=O)C=CC4(C)C3(F)C(O)CC2(C)C1(OC(=O)c1ccco1)C(=O)SCF	Sex	Female	-0.00033
CC1CC2C3CC(F)C4=CC(=O)C=CC4(C)C3(F)C(O)CC2(C)C1(OC(=O)c1ccco1)C(=O)SCF	Age	Children	-0.03296
CC1CC2C3CC(F)C4=CC(=O)C=CC4(C)C3(F)C(O)CC2(C)C1(OC(=O)c1ccco1)C(=O)SCF	Age	Adolescent	-0.00395
CC1CC2C3CC(F)C4=CC(=O)C=CC4(C)C3(F)C(O)CC2(C)C1(OC(=O)c1ccco1)C(=O)SCF	Age	Adult	-0.02735
CC1CC2C3CC(F)C4=CC(=O)C=CC4(C)C3(F)C(O)CC2(C)C1(OC(=O)c1ccco1)C(=O)SCF	Age	Elderly	-0.13342
CC1CC2C3CC(F)C4=CC(=O)C=CC4(C)C3(F)C(O)CC2(C)C1(OC(=O)c1ccco1)C(=O)SCF	Weight	Low	-0.17159
CC1CC2C3CC(F)C4=CC(=O)C=CC4(C)C3(F)C(O)CC2(C)C1(OC(=O)c1ccco1)C(=O)SCF	Weight	Average	-0.13198
CC1CC2C3CC(F)C4=CC(=O)C=CC4(C)C3(F)C(O)CC2(C)C1(OC(=O)c1ccco1)C(=O)SCF	Weight	High	-0.18269
CC1CC2C3CC=C4CC(=O)C=CC4(C)C3(Cl)C(O)CC2(C)C1(O)C(=O)CCl	Sex	Male	-0.05163
CC1CC2C3CC=C4CC(=O)C=CC4(C)C3(Cl)C(O)CC2(C)C1(O)C(=O)CCl	Sex	Female	-0.00046
CC1CC2C3CC=C4CC(=O)C=CC4(C)C3(Cl)C(O)CC2(C)C1(O)C(=O)CCl	Age	Children	-0.02904
CC1CC2C3CC=C4CC(=O)C=CC4(C)C3(Cl)C(O)CC2(C)C1(O)C(=O)CCl	Age	Adolescent	-0.0045
CC1CC2C3CC=C4CC(=O)C=CC4(C)C3(Cl)C(O)CC2(C)C1(O)C(=O)CCl	Age	Adult	-0.01844
CC1CC2C3CC=C4CC(=O)C=CC4(C)C3(Cl)C(O)CC2(C)C1(O)C(=O)CCl	Age	Elderly	-0.1065
CC1CC2C3CC=C4CC(=O)C=CC4(C)C3(Cl)C(O)CC2(C)C1(O)C(=O)CCl	Weight	Low	-0.12223
CC1CC2C3CC=C4CC(=O)C=CC4(C)C3(Cl)C(O)CC2(C)C1(O)C(=O)CCl	Weight	Average	-0.11227
CC1CC2C3CC=C4CC(=O)C=CC4(C)C3(Cl)C(O)CC2(C)C1(O)C(=O)CCl	Weight	High	-0.12637
CCC(=C(c1ccccc1)c1ccc(OCCN(C)C)cc1)c1ccccc1	Sex	Male	-0.05861
CCC(=C(c1ccccc1)c1ccc(OCCN(C)C)cc1)c1ccccc1	Sex	Female	-0.00211
CCC(=C(c1ccccc1)c1ccc(OCCN(C)C)cc1)c1ccccc1	Age	Children	-0.02264
CCC(=C(c1ccccc1)c1ccc(OCCN(C)C)cc1)c1ccccc1	Age	Adolescent	0.00039
CCC(=C(c1ccccc1)c1ccc(OCCN(C)C)cc1)c1ccccc1	Age	Adult	-0.01198
CCC(=C(c1ccccc1)c1ccc(OCCN(C)C)cc1)c1ccccc1	Age	Elderly	-0.13134
CCC(=C(c1ccccc1)c1ccc(OCCN(C)C)cc1)c1ccccc1	Weight	Low	-0.14211
CCC(=C(c1ccccc1)c1ccc(OCCN(C)C)cc1)c1ccccc1	Weight	Average	-0.10173
CCC(=C(c1ccccc1)c1ccc(OCCN(C)C)cc1)c1ccccc1	Weight	High	-0.10632
CCC(=O)OC(Cc1ccccc1)(c1ccccc1)C(C)CN(C)C	Sex	Male	-0.08873
CCC(=O)OC(Cc1ccccc1)(c1ccccc1)C(C)CN(C)C	Sex	Female	-0.00055
CCC(=O)OC(Cc1ccccc1)(c1ccccc1)C(C)CN(C)C	Age	Children	-0.03454
CCC(=O)OC(Cc1ccccc1)(c1ccccc1)C(C)CN(C)C	Age	Adolescent	0.00308
CCC(=O)OC(Cc1ccccc1)(c1ccccc1)C(C)CN(C)C	Age	Adult	-0.01798
CCC(=O)OC(Cc1ccccc1)(c1ccccc1)C(C)CN(C)C	Age	Elderly	-0.14701
CCC(=O)OC(Cc1ccccc1)(c1ccccc1)C(C)CN(C)C	Weight	Low	-0.14523
CCC(=O)OC(Cc1ccccc1)(c1ccccc1)C(C)CN(C)C	Weight	Average	-0.13036
CCC(=O)OC(Cc1ccccc1)(c1ccccc1)C(C)CN(C)C	Weight	High	-0.14791
CCC(C)C(=O)OC1CC(C)C=C2C=CC(C)C(CCC3CC(O)CC(=O)O3)C21	Sex	Male	-0.08287
CCC(C)C(=O)OC1CC(C)C=C2C=CC(C)C(CCC3CC(O)CC(=O)O3)C21	Sex	Female	-0.00057
CCC(C)C(=O)OC1CC(C)C=C2C=CC(C)C(CCC3CC(O)CC(=O)O3)C21	Age	Children	-0.04154
CCC(C)C(=O)OC1CC(C)C=C2C=CC(C)C(CCC3CC(O)CC(=O)O3)C21	Age	Adolescent	-0.00822
CCC(C)C(=O)OC1CC(C)C=C2C=CC(C)C(CCC3CC(O)CC(=O)O3)C21	Age	Adult	-0.02846
CCC(C)C(=O)OC1CC(C)C=C2C=CC(C)C(CCC3CC(O)CC(=O)O3)C21	Age	Elderly	-0.09784
CCC(C)C(=O)OC1CC(C)C=C2C=CC(C)C(CCC3CC(O)CC(=O)O3)C21	Weight	Low	-0.13356
CCC(C)C(=O)OC1CC(C)C=C2C=CC(C)C(CCC3CC(O)CC(=O)O3)C21	Weight	Average	-0.15235
CCC(C)C(=O)OC1CC(C)C=C2C=CC(C)C(CCC3CC(O)CC(=O)O3)C21	Weight	High	-0.17826
CCCCC(F)(F)C1(O)CCC2C(CC(=O)C2CCCCCCC(=O)O)O1	Sex	Male	-0.06982
CCCCC(F)(F)C1(O)CCC2C(CC(=O)C2CCCCCCC(=O)O)O1	Sex	Female	-0.00202
CCCCC(F)(F)C1(O)CCC2C(CC(=O)C2CCCCCCC(=O)O)O1	Age	Children	-0.02606
CCCCC(F)(F)C1(O)CCC2C(CC(=O)C2CCCCCCC(=O)O)O1	Age	Adolescent	-0.0051
CCCCC(F)(F)C1(O)CCC2C(CC(=O)C2CCCCCCC(=O)O)O1	Age	Adult	-0.02777
CCCCC(F)(F)C1(O)CCC2C(CC(=O)C2CCCCCCC(=O)O)O1	Age	Elderly	-0.13032
CCCCC(F)(F)C1(O)CCC2C(CC(=O)C2CCCCCCC(=O)O)O1	Weight	Low	-0.12364
CCCCC(F)(F)C1(O)CCC2C(CC(=O)C2CCCCCCC(=O)O)O1	Weight	Average	-0.11584
CCCCC(F)(F)C1(O)CCC2C(CC(=O)C2CCCCCCC(=O)O)O1	Weight	High	-0.14567
CCCCCCCC(=O)NC(CN1CCCC1)C(O)c1ccc2c(c1)OCCO2	Sex	Male	-0.09493
CCCCCCCC(=O)NC(CN1CCCC1)C(O)c1ccc2c(c1)OCCO2	Sex	Female	-0.00131
CCCCCCCC(=O)NC(CN1CCCC1)C(O)c1ccc2c(c1)OCCO2	Age	Children	-0.03868
CCCCCCCC(=O)NC(CN1CCCC1)C(O)c1ccc2c(c1)OCCO2	Age	Adolescent	0.00167
CCCCCCCC(=O)NC(CN1CCCC1)C(O)c1ccc2c(c1)OCCO2	Age	Adult	-0.02313
CCCCCCCC(=O)NC(CN1CCCC1)C(O)c1ccc2c(c1)OCCO2	Age	Elderly	-0.1732
CCCCCCCC(=O)NC(CN1CCCC1)C(O)c1ccc2c(c1)OCCO2	Weight	Low	-0.15096
CCCCCCCC(=O)NC(CN1CCCC1)C(O)c1ccc2c(c1)OCCO2	Weight	Average	-0.17601
CCCCCCCC(=O)NC(CN1CCCC1)C(O)c1ccc2c(c1)OCCO2	Weight	High	-0.17465
CCCCNc1ccc(C(=O)OCCN(C)C)cc1	Sex	Male	-0.06222
CCCCNc1ccc(C(=O)OCCN(C)C)cc1	Sex	Female	-0.00118
CCCCNc1ccc(C(=O)OCCN(C)C)cc1	Age	Children	-0.01677
CCCCNc1ccc(C(=O)OCCN(C)C)cc1	Age	Adolescent	-0.00072
CCCCNc1ccc(C(=O)OCCN(C)C)cc1	Age	Adult	-0.01004
CCCCNc1ccc(C(=O)OCCN(C)C)cc1	Age	Elderly	-0.07583
CCCCNc1ccc(C(=O)OCCN(C)C)cc1	Weight	Low	-0.09448
CCCCNc1ccc(C(=O)OCCN(C)C)cc1	Weight	Average	-0.07429
CCCCNc1ccc(C(=O)OCCN(C)C)cc1	Weight	High	-0.07185
CCCCNc1ccc(C(=O)OCCOCCOCCOCCOCCOCCOCCOCCOCCOC)cc1	Sex	Male	-0.07609
CCCCNc1ccc(C(=O)OCCOCCOCCOCCOCCOCCOCCOCCOCCOC)cc1	Sex	Female	-0.0013
CCCCNc1ccc(C(=O)OCCOCCOCCOCCOCCOCCOCCOCCOCCOC)cc1	Age	Children	-0.02566
CCCCNc1ccc(C(=O)OCCOCCOCCOCCOCCOCCOCCOCCOCCOC)cc1	Age	Adolescent	0.00068
CCCCNc1ccc(C(=O)OCCOCCOCCOCCOCCOCCOCCOCCOCCOC)cc1	Age	Adult	-0.01674
CCCCNc1ccc(C(=O)OCCOCCOCCOCCOCCOCCOCCOCCOCCOC)cc1	Age	Elderly	-0.11392
CCCCNc1ccc(C(=O)OCCOCCOCCOCCOCCOCCOCCOCCOCCOC)cc1	Weight	Low	-0.12572
CCCCNc1ccc(C(=O)OCCOCCOCCOCCOCCOCCOCCOCCOCCOC)cc1	Weight	Average	-0.09982
CCCCNc1ccc(C(=O)OCCOCCOCCOCCOCCOCCOCCOCCOCCOC)cc1	Weight	High	-0.11378
CCN(C)C(=O)Oc1cccc(C(C)N(C)C)c1	Sex	Male	-0.11646
CCN(C)C(=O)Oc1cccc(C(C)N(C)C)c1	Sex	Female	4e-05
CCN(C)C(=O)Oc1cccc(C(C)N(C)C)c1	Age	Children	-0.03931
CCN(C)C(=O)Oc1cccc(C(C)N(C)C)c1	Age	Adolescent	-0.00198
CCN(C)C(=O)Oc1cccc(C(C)N(C)C)c1	Age	Adult	-0.01835
CCN(C)C(=O)Oc1cccc(C(C)N(C)C)c1	Age	Elderly	-0.17613
CCN(C)C(=O)Oc1cccc(C(C)N(C)C)c1	Weight	Low	-0.19929
CCN(C)C(=O)Oc1cccc(C(C)N(C)C)c1	Weight	Average	-0.13993
CCN(C)C(=O)Oc1cccc(C(C)N(C)C)c1	Weight	High	-0.20742
CCN(CC)C(=S)SSC(=S)N(CC)CC	Sex	Male	-0.0948
CCN(CC)C(=S)SSC(=S)N(CC)CC	Sex	Female	4e-05
CCN(CC)C(=S)SSC(=S)N(CC)CC	Age	Children	-0.03146
CCN(CC)C(=S)SSC(=S)N(CC)CC	Age	Adolescent	0.00247
CCN(CC)C(=S)SSC(=S)N(CC)CC	Age	Adult	-0.02416
CCN(CC)C(=S)SSC(=S)N(CC)CC	Age	Elderly	-0.15278
CCN(CC)C(=S)SSC(=S)N(CC)CC	Weight	Low	-0.20038
CCN(CC)C(=S)SSC(=S)N(CC)CC	Weight	Average	-0.12708
CCN(CC)C(=S)SSC(=S)N(CC)CC	Weight	High	-0.16429
CCN(CC)CCOC(=O)c1ccc(N)cc1	Sex	Male	-0.05359
CCN(CC)CCOC(=O)c1ccc(N)cc1	Sex	Female	-0.00071
CCN(CC)CCOC(=O)c1ccc(N)cc1	Age	Children	-0.01589
CCN(CC)CCOC(=O)c1ccc(N)cc1	Age	Adolescent	-0.0003
CCN(CC)CCOC(=O)c1ccc(N)cc1	Age	Adult	-0.00878
CCN(CC)CCOC(=O)c1ccc(N)cc1	Age	Elderly	-0.06534
CCN(CC)CCOC(=O)c1ccc(N)cc1	Weight	Low	-0.09519
CCN(CC)CCOC(=O)c1ccc(N)cc1	Weight	Average	-0.06735
CCN(CC)CCOC(=O)c1ccc(N)cc1	Weight	High	-0.0601
CCOC(=O)c1cncn1C(C)c1ccccc1	Sex	Male	-0.06965
CCOC(=O)c1cncn1C(C)c1ccccc1	Sex	Female	3e-05
CCOC(=O)c1cncn1C(C)c1ccccc1	Age	Children	-0.03637
CCOC(=O)c1cncn1C(C)c1ccccc1	Age	Adolescent	0.00293
CCOC(=O)c1cncn1C(C)c1ccccc1	Age	Adult	-0.01957
CCOC(=O)c1cncn1C(C)c1ccccc1	Age	Elderly	-0.14723
CCOC(=O)c1cncn1C(C)c1ccccc1	Weight	Low	-0.15864
CCOC(=O)c1cncn1C(C)c1ccccc1	Weight	Average	-0.12564
CCOC(=O)c1cncn1C(C)c1ccccc1	Weight	High	-0.17666
CCOC(=O)c1ncn2c1CN(C)C(=O)c1cc(F)ccc1-2	Sex	Male	-0.11837
CCOC(=O)c1ncn2c1CN(C)C(=O)c1cc(F)ccc1-2	Sex	Female	0.0
CCOC(=O)c1ncn2c1CN(C)C(=O)c1cc(F)ccc1-2	Age	Children	-0.03424
CCOC(=O)c1ncn2c1CN(C)C(=O)c1cc(F)ccc1-2	Age	Adolescent	-0.00889
CCOC(=O)c1ncn2c1CN(C)C(=O)c1cc(F)ccc1-2	Age	Adult	-0.02504
CCOC(=O)c1ncn2c1CN(C)C(=O)c1cc(F)ccc1-2	Age	Elderly	-0.13262
CCOC(=O)c1ncn2c1CN(C)C(=O)c1cc(F)ccc1-2	Weight	Low	-0.15007
CCOC(=O)c1ncn2c1CN(C)C(=O)c1cc(F)ccc1-2	Weight	Average	-0.12125
CCOC(=O)c1ncn2c1CN(C)C(=O)c1cc(F)ccc1-2	Weight	High	-0.17482
CN(C)CCc1c[nH]c2ccc(CC3COC(=O)N3)cc12	Sex	Male	-0.10437
CN(C)CCc1c[nH]c2ccc(CC3COC(=O)N3)cc12	Sex	Female	-0.00038
CN(C)CCc1c[nH]c2ccc(CC3COC(=O)N3)cc12	Age	Children	-0.04156
CN(C)CCc1c[nH]c2ccc(CC3COC(=O)N3)cc12	Age	Adolescent	-0.00354
CN(C)CCc1c[nH]c2ccc(CC3COC(=O)N3)cc12	Age	Adult	-0.02443
CN(C)CCc1c[nH]c2ccc(CC3COC(=O)N3)cc12	Age	Elderly	-0.13644
CN(C)CCc1c[nH]c2ccc(CC3COC(=O)N3)cc12	Weight	Low	-0.18697
CN(C)CCc1c[nH]c2ccc(CC3COC(=O)N3)cc12	Weight	Average	-0.13588
CN(C)CCc1c[nH]c2ccc(CC3COC(=O)N3)cc12	Weight	High	-0.18741
CN(C)CCc1c[nH]c2ccc(Cn3cncn3)cc12	Sex	Male	-0.11112
CN(C)CCc1c[nH]c2ccc(Cn3cncn3)cc12	Sex	Female	-0.00187
CN(C)CCc1c[nH]c2ccc(Cn3cncn3)cc12	Age	Children	-0.03639
CN(C)CCc1c[nH]c2ccc(Cn3cncn3)cc12	Age	Adolescent	-0.00113
CN(C)CCc1c[nH]c2ccc(Cn3cncn3)cc12	Age	Adult	-0.02738
CN(C)CCc1c[nH]c2ccc(Cn3cncn3)cc12	Age	Elderly	-0.14252
CN(C)CCc1c[nH]c2ccc(Cn3cncn3)cc12	Weight	Low	-0.18757
CN(C)CCc1c[nH]c2ccc(Cn3cncn3)cc12	Weight	Average	-0.13225
CN(C)CCc1c[nH]c2ccc(Cn3cncn3)cc12	Weight	High	-0.17789
CN1CCCC1CCOC(C)(c1ccccc1)c1ccc(Cl)cc1	Sex	Male	-0.10688
CN1CCCC1CCOC(C)(c1ccccc1)c1ccc(Cl)cc1	Sex	Female	-0.00193
CN1CCCC1CCOC(C)(c1ccccc1)c1ccc(Cl)cc1	Age	Children	-0.03634
CN1CCCC1CCOC(C)(c1ccccc1)c1ccc(Cl)cc1	Age	Adolescent	0.00107
CN1CCCC1CCOC(C)(c1ccccc1)c1ccc(Cl)cc1	Age	Adult	-0.03542
CN1CCCC1CCOC(C)(c1ccccc1)c1ccc(Cl)cc1	Age	Elderly	-0.15624
CN1CCCC1CCOC(C)(c1ccccc1)c1ccc(Cl)cc1	Weight	Low	-0.14409
CN1CCCC1CCOC(C)(c1ccccc1)c1ccc(Cl)cc1	Weight	Average	-0.16033
CN1CCCC1CCOC(C)(c1ccccc1)c1ccc(Cl)cc1	Weight	High	-0.19599
CN1CCCC1Cc1c[nH]c2ccc(CCS(=O)(=O)c3ccccc3)cc12	Sex	Male	-0.1114
CN1CCCC1Cc1c[nH]c2ccc(CCS(=O)(=O)c3ccccc3)cc12	Sex	Female	-0.00046
CN1CCCC1Cc1c[nH]c2ccc(CCS(=O)(=O)c3ccccc3)cc12	Age	Children	-0.04447
CN1CCCC1Cc1c[nH]c2ccc(CCS(=O)(=O)c3ccccc3)cc12	Age	Adolescent	0.00055
CN1CCCC1Cc1c[nH]c2ccc(CCS(=O)(=O)c3ccccc3)cc12	Age	Adult	-0.03125
CN1CCCC1Cc1c[nH]c2ccc(CCS(=O)(=O)c3ccccc3)cc12	Age	Elderly	-0.14793
CN1CCCC1Cc1c[nH]c2ccc(CCS(=O)(=O)c3ccccc3)cc12	Weight	Low	-0.15769
CN1CCCC1Cc1c[nH]c2ccc(CCS(=O)(=O)c3ccccc3)cc12	Weight	Average	-0.1545
CN1CCCC1Cc1c[nH]c2ccc(CCS(=O)(=O)c3ccccc3)cc12	Weight	High	-0.21692
CN=C1CN(O)C(c2ccccc2)=c2cc(Cl)ccc2=N1	Sex	Male	-0.06357
CN=C1CN(O)C(c2ccccc2)=c2cc(Cl)ccc2=N1	Sex	Female	-0.00147
CN=C1CN(O)C(c2ccccc2)=c2cc(Cl)ccc2=N1	Age	Children	-0.02578
CN=C1CN(O)C(c2ccccc2)=c2cc(Cl)ccc2=N1	Age	Adolescent	0.00288
CN=C1CN(O)C(c2ccccc2)=c2cc(Cl)ccc2=N1	Age	Adult	-0.03109
CN=C1CN(O)C(c2ccccc2)=c2cc(Cl)ccc2=N1	Age	Elderly	-0.13977
CN=C1CN(O)C(c2ccccc2)=c2cc(Cl)ccc2=N1	Weight	Low	-0.09142
CN=C1CN(O)C(c2ccccc2)=c2cc(Cl)ccc2=N1	Weight	Average	-0.06247
CN=C1CN(O)C(c2ccccc2)=c2cc(Cl)ccc2=N1	Weight	High	-0.13325
COC(=O)Nc1c(N)nc(-c2nn(Cc3ccccc3F)c3ncc(F)cc23)nc1N	Sex	Male	-0.08472
COC(=O)Nc1c(N)nc(-c2nn(Cc3ccccc3F)c3ncc(F)cc23)nc1N	Sex	Female	-0.00612
COC(=O)Nc1c(N)nc(-c2nn(Cc3ccccc3F)c3ncc(F)cc23)nc1N	Age	Children	-0.01453
COC(=O)Nc1c(N)nc(-c2nn(Cc3ccccc3F)c3ncc(F)cc23)nc1N	Age	Adolescent	-0.00016
COC(=O)Nc1c(N)nc(-c2nn(Cc3ccccc3F)c3ncc(F)cc23)nc1N	Age	Adult	-0.03447
COC(=O)Nc1c(N)nc(-c2nn(Cc3ccccc3F)c3ncc(F)cc23)nc1N	Age	Elderly	-0.12784
COC(=O)Nc1c(N)nc(-c2nn(Cc3ccccc3F)c3ncc(F)cc23)nc1N	Weight	Low	-0.14666
COC(=O)Nc1c(N)nc(-c2nn(Cc3ccccc3F)c3ncc(F)cc23)nc1N	Weight	Average	-0.12792
COC(=O)Nc1c(N)nc(-c2nn(Cc3ccccc3F)c3ncc(F)cc23)nc1N	Weight	High	-0.16721
COc1ccc(C(=O)CC(=O)c2ccc(C(C)(C)C)cc2)cc1	Sex	Male	-0.11432
COc1ccc(C(=O)CC(=O)c2ccc(C(C)(C)C)cc2)cc1	Sex	Female	-0.00049
COc1ccc(C(=O)CC(=O)c2ccc(C(C)(C)C)cc2)cc1	Age	Children	-0.04164
COc1ccc(C(=O)CC(=O)c2ccc(C(C)(C)C)cc2)cc1	Age	Adolescent	0.00141
COc1ccc(C(=O)CC(=O)c2ccc(C(C)(C)C)cc2)cc1	Age	Adult	-0.03692
COc1ccc(C(=O)CC(=O)c2ccc(C(C)(C)C)cc2)cc1	Age	Elderly	-0.17547
COc1ccc(C(=O)CC(=O)c2ccc(C(C)(C)C)cc2)cc1	Weight	Low	-0.14722
COc1ccc(C(=O)CC(=O)c2ccc(C(C)(C)C)cc2)cc1	Weight	Average	-0.16143
COc1ccc(C(=O)CC(=O)c2ccc(C(C)(C)C)cc2)cc1	Weight	High	-0.15675
COc1ccc(CN2C3CC2CN(c2ccc(-c4cc(OCC(C)(C)O)cn5ncc(C#N)c45)cn2)C3)cn1	Sex	Male	-0.08372
COc1ccc(CN2C3CC2CN(c2ccc(-c4cc(OCC(C)(C)O)cn5ncc(C#N)c45)cn2)C3)cn1	Sex	Female	-0.00304
COc1ccc(CN2C3CC2CN(c2ccc(-c4cc(OCC(C)(C)O)cn5ncc(C#N)c45)cn2)C3)cn1	Age	Children	-0.01492
COc1ccc(CN2C3CC2CN(c2ccc(-c4cc(OCC(C)(C)O)cn5ncc(C#N)c45)cn2)C3)cn1	Age	Adolescent	-0.00284
COc1ccc(CN2C3CC2CN(c2ccc(-c4cc(OCC(C)(C)O)cn5ncc(C#N)c45)cn2)C3)cn1	Age	Adult	-0.03657
COc1ccc(CN2C3CC2CN(c2ccc(-c4cc(OCC(C)(C)O)cn5ncc(C#N)c45)cn2)C3)cn1	Age	Elderly	-0.14792
COc1ccc(CN2C3CC2CN(c2ccc(-c4cc(OCC(C)(C)O)cn5ncc(C#N)c45)cn2)C3)cn1	Weight	Low	-0.14718
COc1ccc(CN2C3CC2CN(c2ccc(-c4cc(OCC(C)(C)O)cn5ncc(C#N)c45)cn2)C3)cn1	Weight	Average	-0.0603
COc1ccc(CN2C3CC2CN(c2ccc(-c4cc(OCC(C)(C)O)cn5ncc(C#N)c45)cn2)C3)cn1	Weight	High	-0.15795
Cc1[nH]c(=O)c(C#N)cc1-c1ccncc1	Sex	Male	-0.07738
Cc1[nH]c(=O)c(C#N)cc1-c1ccncc1	Sex	Female	-0.00177
Cc1[nH]c(=O)c(C#N)cc1-c1ccncc1	Age	Children	-0.03013
Cc1[nH]c(=O)c(C#N)cc1-c1ccncc1	Age	Adolescent	-0.00325
Cc1[nH]c(=O)c(C#N)cc1-c1ccncc1	Age	Adult	-0.02552
Cc1[nH]c(=O)c(C#N)cc1-c1ccncc1	Age	Elderly	-0.16148
Cc1[nH]c(=O)c(C#N)cc1-c1ccncc1	Weight	Low	-0.17883
Cc1[nH]c(=O)c(C#N)cc1-c1ccncc1	Weight	Average	-0.09829
Cc1[nH]c(=O)c(C#N)cc1-c1ccncc1	Weight	High	-0.2023
Cc1c(N(C)CS(=O)(=O)O)c(=O)n(-c2ccccc2)n1C	Sex	Male	-0.09923
Cc1c(N(C)CS(=O)(=O)O)c(=O)n(-c2ccccc2)n1C	Sex	Female	-0.00038
Cc1c(N(C)CS(=O)(=O)O)c(=O)n(-c2ccccc2)n1C	Age	Children	-0.04006
Cc1c(N(C)CS(=O)(=O)O)c(=O)n(-c2ccccc2)n1C	Age	Adolescent	-0.00651
Cc1c(N(C)CS(=O)(=O)O)c(=O)n(-c2ccccc2)n1C	Age	Adult	-0.02813
Cc1c(N(C)CS(=O)(=O)O)c(=O)n(-c2ccccc2)n1C	Age	Elderly	-0.14767
Cc1c(N(C)CS(=O)(=O)O)c(=O)n(-c2ccccc2)n1C	Weight	Low	-0.16771
Cc1c(N(C)CS(=O)(=O)O)c(=O)n(-c2ccccc2)n1C	Weight	Average	-0.16123
Cc1c(N(C)CS(=O)(=O)O)c(=O)n(-c2ccccc2)n1C	Weight	High	-0.17261
Cc1cc(=O)n(-c2ccccc2)[nH]1	Sex	Male	-0.11239
Cc1cc(=O)n(-c2ccccc2)[nH]1	Sex	Female	-0.00056
Cc1cc(=O)n(-c2ccccc2)[nH]1	Age	Children	-0.0412
Cc1cc(=O)n(-c2ccccc2)[nH]1	Age	Adolescent	-0.00127
Cc1cc(=O)n(-c2ccccc2)[nH]1	Age	Adult	-0.03446
Cc1cc(=O)n(-c2ccccc2)[nH]1	Age	Elderly	-0.15824
Cc1cc(=O)n(-c2ccccc2)[nH]1	Weight	Low	-0.18388
Cc1cc(=O)n(-c2ccccc2)[nH]1	Weight	Average	-0.17375
Cc1cc(=O)n(-c2ccccc2)[nH]1	Weight	High	-0.20859
Clc1ccc(C(c2ccccc2Cl)C(Cl)Cl)cc1	Sex	Male	-0.04918
Clc1ccc(C(c2ccccc2Cl)C(Cl)Cl)cc1	Sex	Female	-0.00072
Clc1ccc(C(c2ccccc2Cl)C(Cl)Cl)cc1	Age	Children	-0.01546
Clc1ccc(C(c2ccccc2Cl)C(Cl)Cl)cc1	Age	Adolescent	0.00727
Clc1ccc(C(c2ccccc2Cl)C(Cl)Cl)cc1	Age	Adult	-0.01044
Clc1ccc(C(c2ccccc2Cl)C(Cl)Cl)cc1	Age	Elderly	-0.09223
Clc1ccc(C(c2ccccc2Cl)C(Cl)Cl)cc1	Weight	Low	-0.08661
Clc1ccc(C(c2ccccc2Cl)C(Cl)Cl)cc1	Weight	Average	-0.07304
Clc1ccc(C(c2ccccc2Cl)C(Cl)Cl)cc1	Weight	High	-0.11687
NC(=O)C1CCCN1C(=O)C(Cc1c[nH]cn1)NC(=O)C1CCC(=O)N1	Sex	Male	-0.1015
NC(=O)C1CCCN1C(=O)C(Cc1c[nH]cn1)NC(=O)C1CCC(=O)N1	Sex	Female	-0.00308
NC(=O)C1CCCN1C(=O)C(Cc1c[nH]cn1)NC(=O)C1CCC(=O)N1	Age	Children	-0.04719
NC(=O)C1CCCN1C(=O)C(Cc1c[nH]cn1)NC(=O)C1CCC(=O)N1	Age	Adolescent	-0.00673
NC(=O)C1CCCN1C(=O)C(Cc1c[nH]cn1)NC(=O)C1CCC(=O)N1	Age	Adult	-0.03572
NC(=O)C1CCCN1C(=O)C(Cc1c[nH]cn1)NC(=O)C1CCC(=O)N1	Age	Elderly	-0.11679
NC(=O)C1CCCN1C(=O)C(Cc1c[nH]cn1)NC(=O)C1CCC(=O)N1	Weight	Low	-0.18229
NC(=O)C1CCCN1C(=O)C(Cc1c[nH]cn1)NC(=O)C1CCC(=O)N1	Weight	Average	-0.18102
NC(=O)C1CCCN1C(=O)C(Cc1c[nH]cn1)NC(=O)C1CCC(=O)N1	Weight	High	-0.21152
NC(=O)c1cnccn1	Sex	Male	-0.10165
NC(=O)c1cnccn1	Sex	Female	-0.00049
NC(=O)c1cnccn1	Age	Children	-0.03868
NC(=O)c1cnccn1	Age	Adolescent	-0.00354
NC(=O)c1cnccn1	Age	Adult	-0.03442
NC(=O)c1cnccn1	Age	Elderly	-0.15796
NC(=O)c1cnccn1	Weight	Low	-0.19259
NC(=O)c1cnccn1	Weight	Average	-0.16187
NC(=O)c1cnccn1	Weight	High	-0.18976
NC12CC3CC(CC(C3)C1)C2	Sex	Male	-0.09494
NC12CC3CC(CC(C3)C1)C2	Sex	Female	-0.0005
NC12CC3CC(CC(C3)C1)C2	Age	Children	-0.03728
NC12CC3CC(CC(C3)C1)C2	Age	Adolescent	0.00224
NC12CC3CC(CC(C3)C1)C2	Age	Adult	-0.03211
NC12CC3CC(CC(C3)C1)C2	Age	Elderly	-0.15965
NC12CC3CC(CC(C3)C1)C2	Weight	Low	-0.21
NC12CC3CC(CC(C3)C1)C2	Weight	Average	-0.16297
NC12CC3CC(CC(C3)C1)C2	Weight	High	-0.18756
Nc1ccc(C(=O)O)c(O)c1	Sex	Male	-0.10969
Nc1ccc(C(=O)O)c(O)c1	Sex	Female	-0.00054
Nc1ccc(C(=O)O)c(O)c1	Age	Children	-0.04139
Nc1ccc(C(=O)O)c(O)c1	Age	Adolescent	-0.00157
Nc1ccc(C(=O)O)c(O)c1	Age	Adult	-0.02658
Nc1ccc(C(=O)O)c(O)c1	Age	Elderly	-0.15339
Nc1ccc(C(=O)O)c(O)c1	Weight	Low	-0.21451
Nc1ccc(C(=O)O)c(O)c1	Weight	Average	-0.18663
Nc1ccc(C(=O)O)c(O)c1	Weight	High	-0.20551
Nc1ccncc1N	Sex	Male	-0.09114
Nc1ccncc1N	Sex	Female	-0.0025
Nc1ccncc1N	Age	Children	-0.03969
Nc1ccncc1N	Age	Adolescent	0.00413
Nc1ccncc1N	Age	Adult	-0.03681
Nc1ccncc1N	Age	Elderly	-0.17577
Nc1ccncc1N	Weight	Low	-0.21897
Nc1ccncc1N	Weight	Average	-0.16262
Nc1ccncc1N	Weight	High	-0.17827
Nc1nc(=O)c2nc(CNc3ccc(C(=O)NC(CCC(=O)O)C(=O)O)cc3)cnc2[nH]1	Sex	Male	-0.08638
Nc1nc(=O)c2nc(CNc3ccc(C(=O)NC(CCC(=O)O)C(=O)O)cc3)cnc2[nH]1	Sex	Female	-0.00379
Nc1nc(=O)c2nc(CNc3ccc(C(=O)NC(CCC(=O)O)C(=O)O)cc3)cnc2[nH]1	Age	Children	-0.03827
Nc1nc(=O)c2nc(CNc3ccc(C(=O)NC(CCC(=O)O)C(=O)O)cc3)cnc2[nH]1	Age	Adolescent	-0.00044
Nc1nc(=O)c2nc(CNc3ccc(C(=O)NC(CCC(=O)O)C(=O)O)cc3)cnc2[nH]1	Age	Adult	-0.03585
Nc1nc(=O)c2nc(CNc3ccc(C(=O)NC(CCC(=O)O)C(=O)O)cc3)cnc2[nH]1	Age	Elderly	-0.12877
Nc1nc(=O)c2nc(CNc3ccc(C(=O)NC(CCC(=O)O)C(=O)O)cc3)cnc2[nH]1	Weight	Low	-0.12925
Nc1nc(=O)c2nc(CNc3ccc(C(=O)NC(CCC(=O)O)C(=O)O)cc3)cnc2[nH]1	Weight	Average	-0.09971
Nc1nc(=O)c2nc(CNc3ccc(C(=O)NC(CCC(=O)O)C(=O)O)cc3)cnc2[nH]1	Weight	High	-0.11932
O=C(C1CCCCC1)N1CC(=O)N2CCc3ccccc3C2C1	Sex	Male	-0.09791
O=C(C1CCCCC1)N1CC(=O)N2CCc3ccccc3C2C1	Sex	Female	-0.00053
O=C(C1CCCCC1)N1CC(=O)N2CCc3ccccc3C2C1	Age	Children	-0.03826
O=C(C1CCCCC1)N1CC(=O)N2CCc3ccccc3C2C1	Age	Adolescent	-0.00432
O=C(C1CCCCC1)N1CC(=O)N2CCc3ccccc3C2C1	Age	Adult	-0.02095
O=C(C1CCCCC1)N1CC(=O)N2CCc3ccccc3C2C1	Age	Elderly	-0.16252
O=C(C1CCCCC1)N1CC(=O)N2CCc3ccccc3C2C1	Weight	Low	-0.18411
O=C(C1CCCCC1)N1CC(=O)N2CCc3ccccc3C2C1	Weight	Average	-0.19119
O=C(C1CCCCC1)N1CC(=O)N2CCc3ccccc3C2C1	Weight	High	-0.19762
O=P(O)(O)C(O)(Cc1cccnc1)P(=O)(O)O	Sex	Male	-0.04292
O=P(O)(O)C(O)(Cc1cccnc1)P(=O)(O)O	Sex	Female	-0.00055
O=P(O)(O)C(O)(Cc1cccnc1)P(=O)(O)O	Age	Children	-0.01305
O=P(O)(O)C(O)(Cc1cccnc1)P(=O)(O)O	Age	Adolescent	0.00133
O=P(O)(O)C(O)(Cc1cccnc1)P(=O)(O)O	Age	Adult	-0.04718
O=P(O)(O)C(O)(Cc1cccnc1)P(=O)(O)O	Age	Elderly	-0.16172
O=P(O)(O)C(O)(Cc1cccnc1)P(=O)(O)O	Weight	Low	-0.16012
O=P(O)(O)C(O)(Cc1cccnc1)P(=O)(O)O	Weight	Average	-0.14785
O=P(O)(O)C(O)(Cc1cccnc1)P(=O)(O)O	Weight	High	-0.1923
COc1cc(OC)cc(N(CCNC(C)C)c2ccc3ncc(-c4cnn(C)c4)nc3c2)c1	Sex	Male	-0.03693
COc1cc(OC)cc(N(CCNC(C)C)c2ccc3ncc(-c4cnn(C)c4)nc3c2)c1	Sex	Female	-0.00082
COc1cc(OC)cc(N(CCNC(C)C)c2ccc3ncc(-c4cnn(C)c4)nc3c2)c1	Age	Children	-0.01336
COc1cc(OC)cc(N(CCNC(C)C)c2ccc3ncc(-c4cnn(C)c4)nc3c2)c1	Age	Adolescent	-0.00032
COc1cc(OC)cc(N(CCNC(C)C)c2ccc3ncc(-c4cnn(C)c4)nc3c2)c1	Age	Adult	-0.00957
COc1cc(OC)cc(N(CCNC(C)C)c2ccc3ncc(-c4cnn(C)c4)nc3c2)c1	Age	Elderly	-0.04235
COc1cc(OC)cc(N(CCNC(C)C)c2ccc3ncc(-c4cnn(C)c4)nc3c2)c1	Weight	Low	-0.0406
COc1cc(OC)cc(N(CCNC(C)C)c2ccc3ncc(-c4cnn(C)c4)nc3c2)c1	Weight	Average	-0.01812
COc1cc(OC)cc(N(CCNC(C)C)c2ccc3ncc(-c4cnn(C)c4)nc3c2)c1	Weight	High	-0.03441
CN1CC(C(=O)NC2(C)OC3(O)C4CCCN4C(=O)C(Cc4ccccc4)N3C2=O)CC2c3cccc4[nH]cc(c34)CC21	Sex	Male	-0.09228
CN1CC(C(=O)NC2(C)OC3(O)C4CCCN4C(=O)C(Cc4ccccc4)N3C2=O)CC2c3cccc4[nH]cc(c34)CC21	Sex	Female	-0.00144
CN1CC(C(=O)NC2(C)OC3(O)C4CCCN4C(=O)C(Cc4ccccc4)N3C2=O)CC2c3cccc4[nH]cc(c34)CC21	Age	Children	-0.03591
CN1CC(C(=O)NC2(C)OC3(O)C4CCCN4C(=O)C(Cc4ccccc4)N3C2=O)CC2c3cccc4[nH]cc(c34)CC21	Age	Adolescent	0.00213
CN1CC(C(=O)NC2(C)OC3(O)C4CCCN4C(=O)C(Cc4ccccc4)N3C2=O)CC2c3cccc4[nH]cc(c34)CC21	Age	Adult	-0.02832
CN1CC(C(=O)NC2(C)OC3(O)C4CCCN4C(=O)C(Cc4ccccc4)N3C2=O)CC2c3cccc4[nH]cc(c34)CC21	Age	Elderly	-0.13022
CN1CC(C(=O)NC2(C)OC3(O)C4CCCN4C(=O)C(Cc4ccccc4)N3C2=O)CC2c3cccc4[nH]cc(c34)CC21	Weight	Low	-0.20165
CN1CC(C(=O)NC2(C)OC3(O)C4CCCN4C(=O)C(Cc4ccccc4)N3C2=O)CC2c3cccc4[nH]cc(c34)CC21	Weight	Average	-0.1608
CN1CC(C(=O)NC2(C)OC3(O)C4CCCN4C(=O)C(Cc4ccccc4)N3C2=O)CC2c3cccc4[nH]cc(c34)CC21	Weight	High	-0.22095
CS(=O)(=O)c1ccc(Oc2cc(F)cc(C#N)c2)c2c1C(O)C(F)C2F	Sex	Male	-0.08675
CS(=O)(=O)c1ccc(Oc2cc(F)cc(C#N)c2)c2c1C(O)C(F)C2F	Sex	Female	-0.00038
CS(=O)(=O)c1ccc(Oc2cc(F)cc(C#N)c2)c2c1C(O)C(F)C2F	Age	Children	-0.03018
CS(=O)(=O)c1ccc(Oc2cc(F)cc(C#N)c2)c2c1C(O)C(F)C2F	Age	Adolescent	-0.00045
CS(=O)(=O)c1ccc(Oc2cc(F)cc(C#N)c2)c2c1C(O)C(F)C2F	Age	Adult	-0.02293
CS(=O)(=O)c1ccc(Oc2cc(F)cc(C#N)c2)c2c1C(O)C(F)C2F	Age	Elderly	-0.14347
CS(=O)(=O)c1ccc(Oc2cc(F)cc(C#N)c2)c2c1C(O)C(F)C2F	Weight	Low	-0.16291
CS(=O)(=O)c1ccc(Oc2cc(F)cc(C#N)c2)c2c1C(O)C(F)C2F	Weight	Average	-0.10508
CS(=O)(=O)c1ccc(Oc2cc(F)cc(C#N)c2)c2c1C(O)C(F)C2F	Weight	High	-0.15639
CC(C)(C)c1ccc(C(=O)CCCN2CCC(OC(c3ccccc3)c3ccccc3)CC2)cc1	Sex	Male	-0.10812
CC(C)(C)c1ccc(C(=O)CCCN2CCC(OC(c3ccccc3)c3ccccc3)CC2)cc1	Sex	Female	-0.00049
CC(C)(C)c1ccc(C(=O)CCCN2CCC(OC(c3ccccc3)c3ccccc3)CC2)cc1	Age	Children	-0.04691
CC(C)(C)c1ccc(C(=O)CCCN2CCC(OC(c3ccccc3)c3ccccc3)CC2)cc1	Age	Adolescent	0.00964
CC(C)(C)c1ccc(C(=O)CCCN2CCC(OC(c3ccccc3)c3ccccc3)CC2)cc1	Age	Adult	-0.02835
CC(C)(C)c1ccc(C(=O)CCCN2CCC(OC(c3ccccc3)c3ccccc3)CC2)cc1	Age	Elderly	-0.17606
CC(C)(C)c1ccc(C(=O)CCCN2CCC(OC(c3ccccc3)c3ccccc3)CC2)cc1	Weight	Low	-0.1666
CC(C)(C)c1ccc(C(=O)CCCN2CCC(OC(c3ccccc3)c3ccccc3)CC2)cc1	Weight	Average	-0.171
CC(C)(C)c1ccc(C(=O)CCCN2CCC(OC(c3ccccc3)c3ccccc3)CC2)cc1	Weight	High	-0.15945
CNCc1ccc(-c2[nH]c3cc(F)cc4c3c2CCNC4=O)cc1	Sex	Male	-0.04098
CNCc1ccc(-c2[nH]c3cc(F)cc4c3c2CCNC4=O)cc1	Sex	Female	-0.00194
CNCc1ccc(-c2[nH]c3cc(F)cc4c3c2CCNC4=O)cc1	Age	Children	-0.01493
CNCc1ccc(-c2[nH]c3cc(F)cc4c3c2CCNC4=O)cc1	Age	Adolescent	-0.00402
CNCc1ccc(-c2[nH]c3cc(F)cc4c3c2CCNC4=O)cc1	Age	Adult	-0.01032
CNCc1ccc(-c2[nH]c3cc(F)cc4c3c2CCNC4=O)cc1	Age	Elderly	-0.05852
CNCc1ccc(-c2[nH]c3cc(F)cc4c3c2CCNC4=O)cc1	Weight	Low	-0.08055
CNCc1ccc(-c2[nH]c3cc(F)cc4c3c2CCNC4=O)cc1	Weight	Average	-0.05275
CNCc1ccc(-c2[nH]c3cc(F)cc4c3c2CCNC4=O)cc1	Weight	High	-0.09724
CC(C)(C)NCC(O)COc1cccc2c1CCCC2=O	Sex	Male	-0.05299
CC(C)(C)NCC(O)COc1cccc2c1CCCC2=O	Sex	Female	-0.00164
CC(C)(C)NCC(O)COc1cccc2c1CCCC2=O	Age	Children	-0.02015
CC(C)(C)NCC(O)COc1cccc2c1CCCC2=O	Age	Adolescent	-0.00067
CC(C)(C)NCC(O)COc1cccc2c1CCCC2=O	Age	Adult	-0.01213
CC(C)(C)NCC(O)COc1cccc2c1CCCC2=O	Age	Elderly	-0.08604
CC(C)(C)NCC(O)COc1cccc2c1CCCC2=O	Weight	Low	-0.1118
CC(C)(C)NCC(O)COc1cccc2c1CCCC2=O	Weight	Average	-0.09413
CC(C)(C)NCC(O)COc1cccc2c1CCCC2=O	Weight	High	-0.15174
CC(C)OC(=O)CCCC=CCC1C(O)CC(O)C1C=CC(F)(F)COc1ccccc1	Sex	Male	-0.01198
CC(C)OC(=O)CCCC=CCC1C(O)CC(O)C1C=CC(F)(F)COc1ccccc1	Sex	Female	-0.00055
CC(C)OC(=O)CCCC=CCC1C(O)CC(O)C1C=CC(F)(F)COc1ccccc1	Age	Children	-0.04511
CC(C)OC(=O)CCCC=CCC1C(O)CC(O)C1C=CC(F)(F)COc1ccccc1	Age	Adolescent	-5e-05
CC(C)OC(=O)CCCC=CCC1C(O)CC(O)C1C=CC(F)(F)COc1ccccc1	Age	Adult	-0.02918
CC(C)OC(=O)CCCC=CCC1C(O)CC(O)C1C=CC(F)(F)COc1ccccc1	Age	Elderly	-0.13915
CC(C)OC(=O)CCCC=CCC1C(O)CC(O)C1C=CC(F)(F)COc1ccccc1	Weight	Low	-0.12113
CC(C)OC(=O)CCCC=CCC1C(O)CC(O)C1C=CC(F)(F)COc1ccccc1	Weight	Average	-0.12504
CC(C)OC(=O)CCCC=CCC1C(O)CC(O)C1C=CC(F)(F)COc1ccccc1	Weight	High	-0.14775
CC1CC(=O)NN=C1c1ccc(NN=C(C#N)C#N)cc1	Sex	Male	-0.04675
CC1CC(=O)NN=C1c1ccc(NN=C(C#N)C#N)cc1	Sex	Female	-0.00116
CC1CC(=O)NN=C1c1ccc(NN=C(C#N)C#N)cc1	Age	Children	-0.00234
CC1CC(=O)NN=C1c1ccc(NN=C(C#N)C#N)cc1	Age	Adolescent	-0.00283
CC1CC(=O)NN=C1c1ccc(NN=C(C#N)C#N)cc1	Age	Adult	-0.02164
CC1CC(=O)NN=C1c1ccc(NN=C(C#N)C#N)cc1	Age	Elderly	-0.10975
CC1CC(=O)NN=C1c1ccc(NN=C(C#N)C#N)cc1	Weight	Low	-0.11415
CC1CC(=O)NN=C1c1ccc(NN=C(C#N)C#N)cc1	Weight	Average	-0.08116
CC1CC(=O)NN=C1c1ccc(NN=C(C#N)C#N)cc1	Weight	High	-0.1486
CCN(c1cc(-c2ccc(CN3CCOCC3)cc2)cc(C(=O)NCc2c(C)cc(C)[nH]c2=O)c1C)C1CCOCC1	Sex	Male	-0.1011
CCN(c1cc(-c2ccc(CN3CCOCC3)cc2)cc(C(=O)NCc2c(C)cc(C)[nH]c2=O)c1C)C1CCOCC1	Sex	Female	-0.00291
CCN(c1cc(-c2ccc(CN3CCOCC3)cc2)cc(C(=O)NCc2c(C)cc(C)[nH]c2=O)c1C)C1CCOCC1	Age	Children	-0.03451
CCN(c1cc(-c2ccc(CN3CCOCC3)cc2)cc(C(=O)NCc2c(C)cc(C)[nH]c2=O)c1C)C1CCOCC1	Age	Adolescent	-0.01027
CCN(c1cc(-c2ccc(CN3CCOCC3)cc2)cc(C(=O)NCc2c(C)cc(C)[nH]c2=O)c1C)C1CCOCC1	Age	Adult	-0.0449
CCN(c1cc(-c2ccc(CN3CCOCC3)cc2)cc(C(=O)NCc2c(C)cc(C)[nH]c2=O)c1C)C1CCOCC1	Age	Elderly	-0.13846
CCN(c1cc(-c2ccc(CN3CCOCC3)cc2)cc(C(=O)NCc2c(C)cc(C)[nH]c2=O)c1C)C1CCOCC1	Weight	Low	-0.13918
CCN(c1cc(-c2ccc(CN3CCOCC3)cc2)cc(C(=O)NCc2c(C)cc(C)[nH]c2=O)c1C)C1CCOCC1	Weight	Average	-0.10942
CCN(c1cc(-c2ccc(CN3CCOCC3)cc2)cc(C(=O)NCc2c(C)cc(C)[nH]c2=O)c1C)C1CCOCC1	Weight	High	-0.18237
CCOC(=O)NC1CCC2C(C1)CC1C(=O)OC(C)C1C2C=Cc1ccc(-c2cccc(F)c2)cn1	Sex	Male	-0.06147
CCOC(=O)NC1CCC2C(C1)CC1C(=O)OC(C)C1C2C=Cc1ccc(-c2cccc(F)c2)cn1	Sex	Female	-0.0032
CCOC(=O)NC1CCC2C(C1)CC1C(=O)OC(C)C1C2C=Cc1ccc(-c2cccc(F)c2)cn1	Age	Children	-0.03196
CCOC(=O)NC1CCC2C(C1)CC1C(=O)OC(C)C1C2C=Cc1ccc(-c2cccc(F)c2)cn1	Age	Adolescent	-0.00903
CCOC(=O)NC1CCC2C(C1)CC1C(=O)OC(C)C1C2C=Cc1ccc(-c2cccc(F)c2)cn1	Age	Adult	-0.02294
CCOC(=O)NC1CCC2C(C1)CC1C(=O)OC(C)C1C2C=Cc1ccc(-c2cccc(F)c2)cn1	Age	Elderly	-0.1653
CCOC(=O)NC1CCC2C(C1)CC1C(=O)OC(C)C1C2C=Cc1ccc(-c2cccc(F)c2)cn1	Weight	Low	-0.13369
CCOC(=O)NC1CCC2C(C1)CC1C(=O)OC(C)C1C2C=Cc1ccc(-c2cccc(F)c2)cn1	Weight	Average	-0.1011
CCOC(=O)NC1CCC2C(C1)CC1C(=O)OC(C)C1C2C=Cc1ccc(-c2cccc(F)c2)cn1	Weight	High	-0.22208
COCCCN1CCC(NC(=O)c2cc(Cl)c(N)c3c2OCC3)CC1	Sex	Male	-0.07275
COCCCN1CCC(NC(=O)c2cc(Cl)c(N)c3c2OCC3)CC1	Sex	Female	-0.00166
COCCCN1CCC(NC(=O)c2cc(Cl)c(N)c3c2OCC3)CC1	Age	Children	-0.02719
COCCCN1CCC(NC(=O)c2cc(Cl)c(N)c3c2OCC3)CC1	Age	Adolescent	-0.00356
COCCCN1CCC(NC(=O)c2cc(Cl)c(N)c3c2OCC3)CC1	Age	Adult	-0.01886
COCCCN1CCC(NC(=O)c2cc(Cl)c(N)c3c2OCC3)CC1	Age	Elderly	-0.11496
COCCCN1CCC(NC(=O)c2cc(Cl)c(N)c3c2OCC3)CC1	Weight	Low	-0.08861
COCCCN1CCC(NC(=O)c2cc(Cl)c(N)c3c2OCC3)CC1	Weight	Average	-0.11383
COCCCN1CCC(NC(=O)c2cc(Cl)c(N)c3c2OCC3)CC1	Weight	High	-0.14624
COc1ccc(CN(CCN(C)C)c2ccccn2)cc1	Sex	Male	-0.0298
COc1ccc(CN(CCN(C)C)c2ccccn2)cc1	Sex	Female	-0.0007
COc1ccc(CN(CCN(C)C)c2ccccn2)cc1	Age	Children	-0.01036
COc1ccc(CN(CCN(C)C)c2ccccn2)cc1	Age	Adolescent	0.00065
COc1ccc(CN(CCN(C)C)c2ccccn2)cc1	Age	Adult	-0.007
COc1ccc(CN(CCN(C)C)c2ccccn2)cc1	Age	Elderly	-0.05589
COc1ccc(CN(CCN(C)C)c2ccccn2)cc1	Weight	Low	-0.06022
COc1ccc(CN(CCN(C)C)c2ccccn2)cc1	Weight	Average	-0.03335
COc1ccc(CN(CCN(C)C)c2ccccn2)cc1	Weight	High	-0.05114
O=C(OC1CC2CCC(C1)[N+]21CCCC1)C(O)(c1ccccc1)c1ccccc1	Sex	Male	-0.09384
O=C(OC1CC2CCC(C1)[N+]21CCCC1)C(O)(c1ccccc1)c1ccccc1	Sex	Female	-0.00056
O=C(OC1CC2CCC(C1)[N+]21CCCC1)C(O)(c1ccccc1)c1ccccc1	Age	Children	-0.01603
O=C(OC1CC2CCC(C1)[N+]21CCCC1)C(O)(c1ccccc1)c1ccccc1	Age	Adolescent	0.00249
O=C(OC1CC2CCC(C1)[N+]21CCCC1)C(O)(c1ccccc1)c1ccccc1	Age	Adult	-0.03235
O=C(OC1CC2CCC(C1)[N+]21CCCC1)C(O)(c1ccccc1)c1ccccc1	Age	Elderly	-0.16548
O=C(OC1CC2CCC(C1)[N+]21CCCC1)C(O)(c1ccccc1)c1ccccc1	Weight	Low	-0.16923
O=C(OC1CC2CCC(C1)[N+]21CCCC1)C(O)(c1ccccc1)c1ccccc1	Weight	Average	-0.1487
O=C(OC1CC2CCC(C1)[N+]21CCCC1)C(O)(c1ccccc1)c1ccccc1	Weight	High	-0.18334
CC1C(c2c(F)ccc(F)c2F)CC(NC(=O)c2cnc3c(c2)CC2(C3)C(=O)Nc3ncccc32)C(=O)N1CC(F)(F)F	Sex	Male	-0.12134
CC1C(c2c(F)ccc(F)c2F)CC(NC(=O)c2cnc3c(c2)CC2(C3)C(=O)Nc3ncccc32)C(=O)N1CC(F)(F)F	Sex	Female	-0.00317
CC1C(c2c(F)ccc(F)c2F)CC(NC(=O)c2cnc3c(c2)CC2(C3)C(=O)Nc3ncccc32)C(=O)N1CC(F)(F)F	Age	Children	-0.04267
CC1C(c2c(F)ccc(F)c2F)CC(NC(=O)c2cnc3c(c2)CC2(C3)C(=O)Nc3ncccc32)C(=O)N1CC(F)(F)F	Age	Adolescent	-0.00966
CC1C(c2c(F)ccc(F)c2F)CC(NC(=O)c2cnc3c(c2)CC2(C3)C(=O)Nc3ncccc32)C(=O)N1CC(F)(F)F	Age	Adult	-0.03233
CC1C(c2c(F)ccc(F)c2F)CC(NC(=O)c2cnc3c(c2)CC2(C3)C(=O)Nc3ncccc32)C(=O)N1CC(F)(F)F	Age	Elderly	-0.14196
CC1C(c2c(F)ccc(F)c2F)CC(NC(=O)c2cnc3c(c2)CC2(C3)C(=O)Nc3ncccc32)C(=O)N1CC(F)(F)F	Weight	Low	-0.14164
CC1C(c2c(F)ccc(F)c2F)CC(NC(=O)c2cnc3c(c2)CC2(C3)C(=O)Nc3ncccc32)C(=O)N1CC(F)(F)F	Weight	Average	-0.15698
CC1C(c2c(F)ccc(F)c2F)CC(NC(=O)c2cnc3c(c2)CC2(C3)C(=O)Nc3ncccc32)C(=O)N1CC(F)(F)F	Weight	High	-0.19652
CC1C(c2ccccc2)CC(NC(=O)c2cnc3c(c2)CC2(C3)C(=O)Nc3ncccc32)C(=O)N1CC(F)(F)F	Sex	Male	-0.12246
CC1C(c2ccccc2)CC(NC(=O)c2cnc3c(c2)CC2(C3)C(=O)Nc3ncccc32)C(=O)N1CC(F)(F)F	Sex	Female	-0.00319
CC1C(c2ccccc2)CC(NC(=O)c2cnc3c(c2)CC2(C3)C(=O)Nc3ncccc32)C(=O)N1CC(F)(F)F	Age	Children	-0.04239
CC1C(c2ccccc2)CC(NC(=O)c2cnc3c(c2)CC2(C3)C(=O)Nc3ncccc32)C(=O)N1CC(F)(F)F	Age	Adolescent	-0.00842
CC1C(c2ccccc2)CC(NC(=O)c2cnc3c(c2)CC2(C3)C(=O)Nc3ncccc32)C(=O)N1CC(F)(F)F	Age	Adult	-0.03215
CC1C(c2ccccc2)CC(NC(=O)c2cnc3c(c2)CC2(C3)C(=O)Nc3ncccc32)C(=O)N1CC(F)(F)F	Age	Elderly	-0.14536
CC1C(c2ccccc2)CC(NC(=O)c2cnc3c(c2)CC2(C3)C(=O)Nc3ncccc32)C(=O)N1CC(F)(F)F	Weight	Low	-0.15983
CC1C(c2ccccc2)CC(NC(=O)c2cnc3c(c2)CC2(C3)C(=O)Nc3ncccc32)C(=O)N1CC(F)(F)F	Weight	Average	-0.16083
CC1C(c2ccccc2)CC(NC(=O)c2cnc3c(c2)CC2(C3)C(=O)Nc3ncccc32)C(=O)N1CC(F)(F)F	Weight	High	-0.201
CCCCCN=C(N)NN=Cc1c[nH]c2ccc(OC)cc12	Sex	Male	-0.08275
CCCCCN=C(N)NN=Cc1c[nH]c2ccc(OC)cc12	Sex	Female	-0.0035
CCCCCN=C(N)NN=Cc1c[nH]c2ccc(OC)cc12	Age	Children	-0.03913
CCCCCN=C(N)NN=Cc1c[nH]c2ccc(OC)cc12	Age	Adolescent	-0.00393
CCCCCN=C(N)NN=Cc1c[nH]c2ccc(OC)cc12	Age	Adult	-0.02213
CCCCCN=C(N)NN=Cc1c[nH]c2ccc(OC)cc12	Age	Elderly	-0.16388
CCCCCN=C(N)NN=Cc1c[nH]c2ccc(OC)cc12	Weight	Low	-0.15223
CCCCCN=C(N)NN=Cc1c[nH]c2ccc(OC)cc12	Weight	Average	-0.15298
CCCCCN=C(N)NN=Cc1c[nH]c2ccc(OC)cc12	Weight	High	-0.19871
CCCN=C1SC(=Cc2ccc(OCC(O)CO)c(Cl)c2)C(=O)N1c1ccccc1C	Sex	Male	-0.04911
CCCN=C1SC(=Cc2ccc(OCC(O)CO)c(Cl)c2)C(=O)N1c1ccccc1C	Sex	Female	-0.00016
CCCN=C1SC(=Cc2ccc(OCC(O)CO)c(Cl)c2)C(=O)N1c1ccccc1C	Age	Children	-0.02709
CCCN=C1SC(=Cc2ccc(OCC(O)CO)c(Cl)c2)C(=O)N1c1ccccc1C	Age	Adolescent	-0.00043
CCCN=C1SC(=Cc2ccc(OCC(O)CO)c(Cl)c2)C(=O)N1c1ccccc1C	Age	Adult	-0.01341
CCCN=C1SC(=Cc2ccc(OCC(O)CO)c(Cl)c2)C(=O)N1c1ccccc1C	Age	Elderly	-0.06433
CCCN=C1SC(=Cc2ccc(OCC(O)CO)c(Cl)c2)C(=O)N1c1ccccc1C	Weight	Low	-0.09316
CCCN=C1SC(=Cc2ccc(OCC(O)CO)c(Cl)c2)C(=O)N1c1ccccc1C	Weight	Average	-0.05279
CCCN=C1SC(=Cc2ccc(OCC(O)CO)c(Cl)c2)C(=O)N1c1ccccc1C	Weight	High	-0.13952
CCCOc1ccc(C(=O)OCCN(CC)CC)cc1N	Sex	Male	-0.06353
CCCOc1ccc(C(=O)OCCN(CC)CC)cc1N	Sex	Female	-0.00077
CCCOc1ccc(C(=O)OCCN(CC)CC)cc1N	Age	Children	-0.01852
CCCOc1ccc(C(=O)OCCN(CC)CC)cc1N	Age	Adolescent	-0.00209
CCCOc1ccc(C(=O)OCCN(CC)CC)cc1N	Age	Adult	-0.01174
CCCOc1ccc(C(=O)OCCN(CC)CC)cc1N	Age	Elderly	-0.07955
CCCOc1ccc(C(=O)OCCN(CC)CC)cc1N	Weight	Low	-0.10555
CCCOc1ccc(C(=O)OCCN(CC)CC)cc1N	Weight	Average	-0.07594
CCCOc1ccc(C(=O)OCCN(CC)CC)cc1N	Weight	High	-0.0712
CN(C)CCC=C1c2ccccc2COc2ccc(CC(=O)O)cc21	Sex	Male	-0.08887
CN(C)CCC=C1c2ccccc2COc2ccc(CC(=O)O)cc21	Sex	Female	-0.00189
CN(C)CCC=C1c2ccccc2COc2ccc(CC(=O)O)cc21	Age	Children	-0.03676
CN(C)CCC=C1c2ccccc2COc2ccc(CC(=O)O)cc21	Age	Adolescent	-0.0087
CN(C)CCC=C1c2ccccc2COc2ccc(CC(=O)O)cc21	Age	Adult	-0.01816
CN(C)CCC=C1c2ccccc2COc2ccc(CC(=O)O)cc21	Age	Elderly	-0.13371
CN(C)CCC=C1c2ccccc2COc2ccc(CC(=O)O)cc21	Weight	Low	-0.13847
CN(C)CCC=C1c2ccccc2COc2ccc(CC(=O)O)cc21	Weight	Average	-0.14415
CN(C)CCC=C1c2ccccc2COc2ccc(CC(=O)O)cc21	Weight	High	-0.18755
CN(CCN1CCC(OC(=O)Nc2ccccc2-c2ccccc2)CC1)C(=O)c1ccc(CN2CCC(C(N)=O)CC2)cc1	Sex	Male	-0.08982
CN(CCN1CCC(OC(=O)Nc2ccccc2-c2ccccc2)CC1)C(=O)c1ccc(CN2CCC(C(N)=O)CC2)cc1	Sex	Female	-0.00276
CN(CCN1CCC(OC(=O)Nc2ccccc2-c2ccccc2)CC1)C(=O)c1ccc(CN2CCC(C(N)=O)CC2)cc1	Age	Children	-0.03244
CN(CCN1CCC(OC(=O)Nc2ccccc2-c2ccccc2)CC1)C(=O)c1ccc(CN2CCC(C(N)=O)CC2)cc1	Age	Adolescent	0.00028
CN(CCN1CCC(OC(=O)Nc2ccccc2-c2ccccc2)CC1)C(=O)c1ccc(CN2CCC(C(N)=O)CC2)cc1	Age	Adult	-0.02
CN(CCN1CCC(OC(=O)Nc2ccccc2-c2ccccc2)CC1)C(=O)c1ccc(CN2CCC(C(N)=O)CC2)cc1	Age	Elderly	-0.11278
CN(CCN1CCC(OC(=O)Nc2ccccc2-c2ccccc2)CC1)C(=O)c1ccc(CN2CCC(C(N)=O)CC2)cc1	Weight	Low	-0.14008
CN(CCN1CCC(OC(=O)Nc2ccccc2-c2ccccc2)CC1)C(=O)c1ccc(CN2CCC(C(N)=O)CC2)cc1	Weight	Average	-0.07251
CN(CCN1CCC(OC(=O)Nc2ccccc2-c2ccccc2)CC1)C(=O)c1ccc(CN2CCC(C(N)=O)CC2)cc1	Weight	High	-0.13528
Cc1nc(NC(=O)N2CCCC2C(N)=O)sc1-c1ccnc(C(C)(C)C(F)(F)F)c1	Sex	Male	-0.10884
Cc1nc(NC(=O)N2CCCC2C(N)=O)sc1-c1ccnc(C(C)(C)C(F)(F)F)c1	Sex	Female	0.00033
Cc1nc(NC(=O)N2CCCC2C(N)=O)sc1-c1ccnc(C(C)(C)C(F)(F)F)c1	Age	Children	-0.03047
Cc1nc(NC(=O)N2CCCC2C(N)=O)sc1-c1ccnc(C(C)(C)C(F)(F)F)c1	Age	Adolescent	-0.00583
Cc1nc(NC(=O)N2CCCC2C(N)=O)sc1-c1ccnc(C(C)(C)C(F)(F)F)c1	Age	Adult	-0.03196
Cc1nc(NC(=O)N2CCCC2C(N)=O)sc1-c1ccnc(C(C)(C)C(F)(F)F)c1	Age	Elderly	-0.09989
Cc1nc(NC(=O)N2CCCC2C(N)=O)sc1-c1ccnc(C(C)(C)C(F)(F)F)c1	Weight	Low	-0.11856
Cc1nc(NC(=O)N2CCCC2C(N)=O)sc1-c1ccnc(C(C)(C)C(F)(F)F)c1	Weight	Average	-0.0694
Cc1nc(NC(=O)N2CCCC2C(N)=O)sc1-c1ccnc(C(C)(C)C(F)(F)F)c1	Weight	High	-0.15412
NC(=O)C(c1ccccc1)(c1ccccc1)C1CCN(CCc2ccc3c(c2)CCO3)C1	Sex	Male	-0.11483
NC(=O)C(c1ccccc1)(c1ccccc1)C1CCN(CCc2ccc3c(c2)CCO3)C1	Sex	Female	0.00092
NC(=O)C(c1ccccc1)(c1ccccc1)C1CCN(CCc2ccc3c(c2)CCO3)C1	Age	Children	-0.03411
NC(=O)C(c1ccccc1)(c1ccccc1)C1CCN(CCc2ccc3c(c2)CCO3)C1	Age	Adolescent	0.0011
NC(=O)C(c1ccccc1)(c1ccccc1)C1CCN(CCc2ccc3c(c2)CCO3)C1	Age	Adult	-0.02573
NC(=O)C(c1ccccc1)(c1ccccc1)C1CCN(CCc2ccc3c(c2)CCO3)C1	Age	Elderly	-0.12986
NC(=O)C(c1ccccc1)(c1ccccc1)C1CCN(CCc2ccc3c(c2)CCO3)C1	Weight	Low	-0.17431
NC(=O)C(c1ccccc1)(c1ccccc1)C1CCN(CCc2ccc3c(c2)CCO3)C1	Weight	Average	-0.16864
NC(=O)C(c1ccccc1)(c1ccccc1)C1CCN(CCc2ccc3c(c2)CCO3)C1	Weight	High	-0.18066
O=C(CCCC=CCC1C(O)CC(O)C1CCC(O)CCc1ccccc1)OCCCCO[N+](=O)[O-]	Sex	Male	-0.02138
O=C(CCCC=CCC1C(O)CC(O)C1CCC(O)CCc1ccccc1)OCCCCO[N+](=O)[O-]	Sex	Female	-0.00053
O=C(CCCC=CCC1C(O)CC(O)C1CCC(O)CCc1ccccc1)OCCCCO[N+](=O)[O-]	Age	Children	-0.04698
O=C(CCCC=CCC1C(O)CC(O)C1CCC(O)CCc1ccccc1)OCCCCO[N+](=O)[O-]	Age	Adolescent	0.0009
O=C(CCCC=CCC1C(O)CC(O)C1CCC(O)CCc1ccccc1)OCCCCO[N+](=O)[O-]	Age	Adult	-0.03177
O=C(CCCC=CCC1C(O)CC(O)C1CCC(O)CCc1ccccc1)OCCCCO[N+](=O)[O-]	Age	Elderly	-0.15026
O=C(CCCC=CCC1C(O)CC(O)C1CCC(O)CCc1ccccc1)OCCCCO[N+](=O)[O-]	Weight	Low	-0.15109
O=C(CCCC=CCC1C(O)CC(O)C1CCC(O)CCc1ccccc1)OCCCCO[N+](=O)[O-]	Weight	Average	-0.10893
O=C(CCCC=CCC1C(O)CC(O)C1CCC(O)CCc1ccccc1)OCCCCO[N+](=O)[O-]	Weight	High	-0.16867
CCCCCC(C)(O)C=CC1C(O)CC(O)C1CC=CCCCC(=O)O	Sex	Male	-0.00697
CCCCCC(C)(O)C=CC1C(O)CC(O)C1CC=CCCCC(=O)O	Sex	Female	-0.00093
CCCCCC(C)(O)C=CC1C(O)CC(O)C1CC=CCCCC(=O)O	Age	Children	-0.01316
CCCCCC(C)(O)C=CC1C(O)CC(O)C1CC=CCCCC(=O)O	Age	Adolescent	-0.00362
CCCCCC(C)(O)C=CC1C(O)CC(O)C1CC=CCCCC(=O)O	Age	Adult	-0.02041
CCCCCC(C)(O)C=CC1C(O)CC(O)C1CC=CCCCC(=O)O	Age	Elderly	-0.08506
CCCCCC(C)(O)C=CC1C(O)CC(O)C1CC=CCCCC(=O)O	Weight	Low	-0.07837
CCCCCC(C)(O)C=CC1C(O)CC(O)C1CC=CCCCC(=O)O	Weight	Average	-0.07217
CCCCCC(C)(O)C=CC1C(O)CC(O)C1CC=CCCCC(=O)O	Weight	High	-0.08034
CN1c2c([nH]c(N)nc2=O)NCC1CNc1ccc(C(=O)NC(CCC(=O)O)C(=O)O)cc1	Sex	Male	-0.08913
CN1c2c([nH]c(N)nc2=O)NCC1CNc1ccc(C(=O)NC(CCC(=O)O)C(=O)O)cc1	Sex	Female	-0.00195
CN1c2c([nH]c(N)nc2=O)NCC1CNc1ccc(C(=O)NC(CCC(=O)O)C(=O)O)cc1	Age	Children	-0.03485
CN1c2c([nH]c(N)nc2=O)NCC1CNc1ccc(C(=O)NC(CCC(=O)O)C(=O)O)cc1	Age	Adolescent	0.00527
CN1c2c([nH]c(N)nc2=O)NCC1CNc1ccc(C(=O)NC(CCC(=O)O)C(=O)O)cc1	Age	Adult	-0.0289
CN1c2c([nH]c(N)nc2=O)NCC1CNc1ccc(C(=O)NC(CCC(=O)O)C(=O)O)cc1	Age	Elderly	-0.12601
CN1c2c([nH]c(N)nc2=O)NCC1CNc1ccc(C(=O)NC(CCC(=O)O)C(=O)O)cc1	Weight	Low	-0.12311
CN1c2c([nH]c(N)nc2=O)NCC1CNc1ccc(C(=O)NC(CCC(=O)O)C(=O)O)cc1	Weight	Average	-0.10242
CN1c2c([nH]c(N)nc2=O)NCC1CNc1ccc(C(=O)NC(CCC(=O)O)C(=O)O)cc1	Weight	High	-0.11907
C=C1CC2C(CCC3(C)C(=O)CCC23)C2(C)C=CC(=O)C=C12	Sex	Male	-0.06067
C=C1CC2C(CCC3(C)C(=O)CCC23)C2(C)C=CC(=O)C=C12	Sex	Female	-0.00056
C=C1CC2C(CCC3(C)C(=O)CCC23)C2(C)C=CC(=O)C=C12	Age	Children	-0.02657
C=C1CC2C(CCC3(C)C(=O)CCC23)C2(C)C=CC(=O)C=C12	Age	Adolescent	-0.00361
C=C1CC2C(CCC3(C)C(=O)CCC23)C2(C)C=CC(=O)C=C12	Age	Adult	-0.04558
C=C1CC2C(CCC3(C)C(=O)CCC23)C2(C)C=CC(=O)C=C12	Age	Elderly	-0.14818
C=C1CC2C(CCC3(C)C(=O)CCC23)C2(C)C=CC(=O)C=C12	Weight	Low	-0.19709
C=C1CC2C(CCC3(C)C(=O)CCC23)C2(C)C=CC(=O)C=C12	Weight	Average	-0.16755
C=C1CC2C(CCC3(C)C(=O)CCC23)C2(C)C=CC(=O)C=C12	Weight	High	-0.17553
Cc1cc(Nc2ncnc3ccc(N=C4NC(C)(C)CO4)cc23)ccc1Oc1ccn2ncnc2c1	Sex	Male	-0.08178
Cc1cc(Nc2ncnc3ccc(N=C4NC(C)(C)CO4)cc23)ccc1Oc1ccn2ncnc2c1	Sex	Female	-0.00425
Cc1cc(Nc2ncnc3ccc(N=C4NC(C)(C)CO4)cc23)ccc1Oc1ccn2ncnc2c1	Age	Children	-0.01268
Cc1cc(Nc2ncnc3ccc(N=C4NC(C)(C)CO4)cc23)ccc1Oc1ccn2ncnc2c1	Age	Adolescent	-0.00727
Cc1cc(Nc2ncnc3ccc(N=C4NC(C)(C)CO4)cc23)ccc1Oc1ccn2ncnc2c1	Age	Adult	-0.03715
Cc1cc(Nc2ncnc3ccc(N=C4NC(C)(C)CO4)cc23)ccc1Oc1ccn2ncnc2c1	Age	Elderly	-0.11403
Cc1cc(Nc2ncnc3ccc(N=C4NC(C)(C)CO4)cc23)ccc1Oc1ccn2ncnc2c1	Weight	Low	-0.11101
Cc1cc(Nc2ncnc3ccc(N=C4NC(C)(C)CO4)cc23)ccc1Oc1ccn2ncnc2c1	Weight	Average	-0.07136
Cc1cc(Nc2ncnc3ccc(N=C4NC(C)(C)CO4)cc23)ccc1Oc1ccn2ncnc2c1	Weight	High	-0.09797
O=C(O)c1cc(=O)c2c(OCC(O)COc3cccc4oc(C(=O)O)cc(=O)c34)cccc2o1	Sex	Male	-0.0818
O=C(O)c1cc(=O)c2c(OCC(O)COc3cccc4oc(C(=O)O)cc(=O)c34)cccc2o1	Sex	Female	-0.00046
O=C(O)c1cc(=O)c2c(OCC(O)COc3cccc4oc(C(=O)O)cc(=O)c34)cccc2o1	Age	Children	-0.02861
O=C(O)c1cc(=O)c2c(OCC(O)COc3cccc4oc(C(=O)O)cc(=O)c34)cccc2o1	Age	Adolescent	-0.00349
O=C(O)c1cc(=O)c2c(OCC(O)COc3cccc4oc(C(=O)O)cc(=O)c34)cccc2o1	Age	Adult	-0.01516
O=C(O)c1cc(=O)c2c(OCC(O)COc3cccc4oc(C(=O)O)cc(=O)c34)cccc2o1	Age	Elderly	-0.10396
O=C(O)c1cc(=O)c2c(OCC(O)COc3cccc4oc(C(=O)O)cc(=O)c34)cccc2o1	Weight	Low	-0.15029
O=C(O)c1cc(=O)c2c(OCC(O)COc3cccc4oc(C(=O)O)cc(=O)c34)cccc2o1	Weight	Average	-0.12445
O=C(O)c1cc(=O)c2c(OCC(O)COc3cccc4oc(C(=O)O)cc(=O)c34)cccc2o1	Weight	High	-0.17023
CC(C)NCC(C(=O)N1CCN(c2ncnc3c2C(C)CC3O)CC1)c1ccc(Cl)cc1	Sex	Male	-0.09689
CC(C)NCC(C(=O)N1CCN(c2ncnc3c2C(C)CC3O)CC1)c1ccc(Cl)cc1	Sex	Female	-0.00094
CC(C)NCC(C(=O)N1CCN(c2ncnc3c2C(C)CC3O)CC1)c1ccc(Cl)cc1	Age	Children	-0.03025
CC(C)NCC(C(=O)N1CCN(c2ncnc3c2C(C)CC3O)CC1)c1ccc(Cl)cc1	Age	Adolescent	-0.00097
CC(C)NCC(C(=O)N1CCN(c2ncnc3c2C(C)CC3O)CC1)c1ccc(Cl)cc1	Age	Adult	-0.02498
CC(C)NCC(C(=O)N1CCN(c2ncnc3c2C(C)CC3O)CC1)c1ccc(Cl)cc1	Age	Elderly	-0.14651
CC(C)NCC(C(=O)N1CCN(c2ncnc3c2C(C)CC3O)CC1)c1ccc(Cl)cc1	Weight	Low	-0.12874
CC(C)NCC(C(=O)N1CCN(c2ncnc3c2C(C)CC3O)CC1)c1ccc(Cl)cc1	Weight	Average	-0.12752
CC(C)NCC(C(=O)N1CCN(c2ncnc3c2C(C)CC3O)CC1)c1ccc(Cl)cc1	Weight	High	-0.14155
CC(C)(C(=O)c1cccnc1)c1cccnc1	Sex	Male	-0.09361
CC(C)(C(=O)c1cccnc1)c1cccnc1	Sex	Female	-0.00194
CC(C)(C(=O)c1cccnc1)c1cccnc1	Age	Children	-0.03698
CC(C)(C(=O)c1cccnc1)c1cccnc1	Age	Adolescent	0.00103
CC(C)(C(=O)c1cccnc1)c1cccnc1	Age	Adult	-0.03755
CC(C)(C(=O)c1cccnc1)c1cccnc1	Age	Elderly	-0.14417
CC(C)(C(=O)c1cccnc1)c1cccnc1	Weight	Low	-0.16864
CC(C)(C(=O)c1cccnc1)c1cccnc1	Weight	Average	-0.13586
CC(C)(C(=O)c1cccnc1)c1cccnc1	Weight	High	-0.17644
CC(C)CC(N(C)C)C1(c2ccc(Cl)cc2)CCC1	Sex	Male	-0.1292
CC(C)CC(N(C)C)C1(c2ccc(Cl)cc2)CCC1	Sex	Female	-0.002
CC(C)CC(N(C)C)C1(c2ccc(Cl)cc2)CCC1	Age	Children	-0.02871
CC(C)CC(N(C)C)C1(c2ccc(Cl)cc2)CCC1	Age	Adolescent	0.00682
CC(C)CC(N(C)C)C1(c2ccc(Cl)cc2)CCC1	Age	Adult	-0.02707
CC(C)CC(N(C)C)C1(c2ccc(Cl)cc2)CCC1	Age	Elderly	-0.16544
CC(C)CC(N(C)C)C1(c2ccc(Cl)cc2)CCC1	Weight	Low	-0.18101
CC(C)CC(N(C)C)C1(c2ccc(Cl)cc2)CCC1	Weight	Average	-0.16565
CC(C)CC(N(C)C)C1(c2ccc(Cl)cc2)CCC1	Weight	High	-0.1721
CCC(CO)NC(=O)C1C=C2c3cccc4c3c(cn4C)CC2N(C)C1	Sex	Male	-0.08307
CCC(CO)NC(=O)C1C=C2c3cccc4c3c(cn4C)CC2N(C)C1	Sex	Female	-0.00315
CCC(CO)NC(=O)C1C=C2c3cccc4c3c(cn4C)CC2N(C)C1	Age	Children	-0.04316
CCC(CO)NC(=O)C1C=C2c3cccc4c3c(cn4C)CC2N(C)C1	Age	Adolescent	0.00235
CCC(CO)NC(=O)C1C=C2c3cccc4c3c(cn4C)CC2N(C)C1	Age	Adult	-0.0336
CCC(CO)NC(=O)C1C=C2c3cccc4c3c(cn4C)CC2N(C)C1	Age	Elderly	-0.15458
CCC(CO)NC(=O)C1C=C2c3cccc4c3c(cn4C)CC2N(C)C1	Weight	Low	-0.19014
CCC(CO)NC(=O)C1C=C2c3cccc4c3c(cn4C)CC2N(C)C1	Weight	Average	-0.17285
CCC(CO)NC(=O)C1C=C2c3cccc4c3c(cn4C)CC2N(C)C1	Weight	High	-0.2189
CCCC(NC1CCc2cc(F)cc(F)c2C1)C(=O)Nc1cn(C(C)(C)CNCC(C)(C)C)cn1	Sex	Male	-0.10841
CCCC(NC1CCc2cc(F)cc(F)c2C1)C(=O)Nc1cn(C(C)(C)CNCC(C)(C)C)cn1	Sex	Female	-0.004
CCCC(NC1CCc2cc(F)cc(F)c2C1)C(=O)Nc1cn(C(C)(C)CNCC(C)(C)C)cn1	Age	Children	-0.03545
CCCC(NC1CCc2cc(F)cc(F)c2C1)C(=O)Nc1cn(C(C)(C)CNCC(C)(C)C)cn1	Age	Adolescent	-0.00788
CCCC(NC1CCc2cc(F)cc(F)c2C1)C(=O)Nc1cn(C(C)(C)CNCC(C)(C)C)cn1	Age	Adult	-0.0325
CCCC(NC1CCc2cc(F)cc(F)c2C1)C(=O)Nc1cn(C(C)(C)CNCC(C)(C)C)cn1	Age	Elderly	-0.14696
CCCC(NC1CCc2cc(F)cc(F)c2C1)C(=O)Nc1cn(C(C)(C)CNCC(C)(C)C)cn1	Weight	Low	-0.13222
CCCC(NC1CCc2cc(F)cc(F)c2C1)C(=O)Nc1cn(C(C)(C)CNCC(C)(C)C)cn1	Weight	Average	-0.12414
CCCC(NC1CCc2cc(F)cc(F)c2C1)C(=O)Nc1cn(C(C)(C)CNCC(C)(C)C)cn1	Weight	High	-0.15481
CCCN1CC(CSC)CC2c3cccc4[nH]cc(c34)CC21	Sex	Male	-0.11156
CCCN1CC(CSC)CC2c3cccc4[nH]cc(c34)CC21	Sex	Female	-0.00229
CCCN1CC(CSC)CC2c3cccc4[nH]cc(c34)CC21	Age	Children	-0.03523
CCCN1CC(CSC)CC2c3cccc4[nH]cc(c34)CC21	Age	Adolescent	0.00561
CCCN1CC(CSC)CC2c3cccc4[nH]cc(c34)CC21	Age	Adult	-0.0265
CCCN1CC(CSC)CC2c3cccc4[nH]cc(c34)CC21	Age	Elderly	-0.1579
CCCN1CC(CSC)CC2c3cccc4[nH]cc(c34)CC21	Weight	Low	-0.21589
CCCN1CC(CSC)CC2c3cccc4[nH]cc(c34)CC21	Weight	Average	-0.18299
CCCN1CC(CSC)CC2c3cccc4[nH]cc(c34)CC21	Weight	High	-0.21547
CCN(CC)CCOC(=O)c1ccc(N)cc1Cl	Sex	Male	-0.07327
CCN(CC)CCOC(=O)c1ccc(N)cc1Cl	Sex	Female	3e-05
CCN(CC)CCOC(=O)c1ccc(N)cc1Cl	Age	Children	-0.02266
CCN(CC)CCOC(=O)c1ccc(N)cc1Cl	Age	Adolescent	-0.00213
CCN(CC)CCOC(=O)c1ccc(N)cc1Cl	Age	Adult	-0.01198
CCN(CC)CCOC(=O)c1ccc(N)cc1Cl	Age	Elderly	-0.10691
CCN(CC)CCOC(=O)c1ccc(N)cc1Cl	Weight	Low	-0.13055
CCN(CC)CCOC(=O)c1ccc(N)cc1Cl	Weight	Average	-0.09083
CCN(CC)CCOC(=O)c1ccc(N)cc1Cl	Weight	High	-0.11851
CN(C)CCOc1ccccc1Cc1ccccc1	Sex	Male	-0.07577
CN(C)CCOc1ccccc1Cc1ccccc1	Sex	Female	-0.00131
CN(C)CCOc1ccccc1Cc1ccccc1	Age	Children	-0.02314
CN(C)CCOc1ccccc1Cc1ccccc1	Age	Adolescent	0.00044
CN(C)CCOc1ccccc1Cc1ccccc1	Age	Adult	-0.0162
CN(C)CCOc1ccccc1Cc1ccccc1	Age	Elderly	-0.08509
CN(C)CCOc1ccccc1Cc1ccccc1	Weight	Low	-0.10816
CN(C)CCOc1ccccc1Cc1ccccc1	Weight	Average	-0.0941
CN(C)CCOc1ccccc1Cc1ccccc1	Weight	High	-0.15124
CN1CC(C(=O)NC2(C)OC3(O)C4CCCN4C(=O)C(Cc4ccccc4)N3C2=O)C=C2c3cccc4[nH]cc(c34)CC21	Sex	Male	-0.07991
CN1CC(C(=O)NC2(C)OC3(O)C4CCCN4C(=O)C(Cc4ccccc4)N3C2=O)C=C2c3cccc4[nH]cc(c34)CC21	Sex	Female	-0.00136
CN1CC(C(=O)NC2(C)OC3(O)C4CCCN4C(=O)C(Cc4ccccc4)N3C2=O)C=C2c3cccc4[nH]cc(c34)CC21	Age	Children	-0.03629
CN1CC(C(=O)NC2(C)OC3(O)C4CCCN4C(=O)C(Cc4ccccc4)N3C2=O)C=C2c3cccc4[nH]cc(c34)CC21	Age	Adolescent	-0.00066
CN1CC(C(=O)NC2(C)OC3(O)C4CCCN4C(=O)C(Cc4ccccc4)N3C2=O)C=C2c3cccc4[nH]cc(c34)CC21	Age	Adult	-0.03238
CN1CC(C(=O)NC2(C)OC3(O)C4CCCN4C(=O)C(Cc4ccccc4)N3C2=O)C=C2c3cccc4[nH]cc(c34)CC21	Age	Elderly	-0.11374
CN1CC(C(=O)NC2(C)OC3(O)C4CCCN4C(=O)C(Cc4ccccc4)N3C2=O)C=C2c3cccc4[nH]cc(c34)CC21	Weight	Low	-0.19913
CN1CC(C(=O)NC2(C)OC3(O)C4CCCN4C(=O)C(Cc4ccccc4)N3C2=O)C=C2c3cccc4[nH]cc(c34)CC21	Weight	Average	-0.16097
CN1CC(C(=O)NC2(C)OC3(O)C4CCCN4C(=O)C(Cc4ccccc4)N3C2=O)C=C2c3cccc4[nH]cc(c34)CC21	Weight	High	-0.24958
CNCCCC12CCC(c3ccccc31)c1ccccc12	Sex	Male	-0.07092
CNCCCC12CCC(c3ccccc31)c1ccccc12	Sex	Female	-0.00208
CNCCCC12CCC(c3ccccc31)c1ccccc12	Age	Children	-0.0195
CNCCCC12CCC(c3ccccc31)c1ccccc12	Age	Adolescent	0.002
CNCCCC12CCC(c3ccccc31)c1ccccc12	Age	Adult	-0.01453
CNCCCC12CCC(c3ccccc31)c1ccccc12	Age	Elderly	-0.14289
CNCCCC12CCC(c3ccccc31)c1ccccc12	Weight	Low	-0.13978
CNCCCC12CCC(c3ccccc31)c1ccccc12	Weight	Average	-0.13685
CNCCCC12CCC(c3ccccc31)c1ccccc12	Weight	High	-0.17504
CNS(=O)(=O)CCc1ccc2[nH]cc(C3CCN(C)CC3)c2c1	Sex	Male	-0.1278
CNS(=O)(=O)CCc1ccc2[nH]cc(C3CCN(C)CC3)c2c1	Sex	Female	-0.00147
CNS(=O)(=O)CCc1ccc2[nH]cc(C3CCN(C)CC3)c2c1	Age	Children	-0.03916
CNS(=O)(=O)CCc1ccc2[nH]cc(C3CCN(C)CC3)c2c1	Age	Adolescent	-0.00317
CNS(=O)(=O)CCc1ccc2[nH]cc(C3CCN(C)CC3)c2c1	Age	Adult	-0.03179
CNS(=O)(=O)CCc1ccc2[nH]cc(C3CCN(C)CC3)c2c1	Age	Elderly	-0.15103
CNS(=O)(=O)CCc1ccc2[nH]cc(C3CCN(C)CC3)c2c1	Weight	Low	-0.195
CNS(=O)(=O)CCc1ccc2[nH]cc(C3CCN(C)CC3)c2c1	Weight	Average	-0.18336
CNS(=O)(=O)CCc1ccc2[nH]cc(C3CCN(C)CC3)c2c1	Weight	High	-0.22088
C[N+]12CCC(CC1)C(OC(=O)C(O)(c1ccccc1)c1ccccc1)C2	Sex	Male	-0.08761
C[N+]12CCC(CC1)C(OC(=O)C(O)(c1ccccc1)c1ccccc1)C2	Sex	Female	-0.00056
C[N+]12CCC(CC1)C(OC(=O)C(O)(c1ccccc1)c1ccccc1)C2	Age	Children	-0.01622
C[N+]12CCC(CC1)C(OC(=O)C(O)(c1ccccc1)c1ccccc1)C2	Age	Adolescent	-0.00463
C[N+]12CCC(CC1)C(OC(=O)C(O)(c1ccccc1)c1ccccc1)C2	Age	Adult	-0.02909
C[N+]12CCC(CC1)C(OC(=O)C(O)(c1ccccc1)c1ccccc1)C2	Age	Elderly	-0.14594
C[N+]12CCC(CC1)C(OC(=O)C(O)(c1ccccc1)c1ccccc1)C2	Weight	Low	-0.17307
C[N+]12CCC(CC1)C(OC(=O)C(O)(c1ccccc1)c1ccccc1)C2	Weight	Average	-0.14474
C[N+]12CCC(CC1)C(OC(=O)C(O)(c1ccccc1)c1ccccc1)C2	Weight	High	-0.18835
CC(=O)OCC(=O)C1(O)C(C)CC2C3CC=C4CC(=O)C=CC4(C)C3(F)C(O)CC21C	Sex	Male	-0.07421
CC(=O)OCC(=O)C1(O)C(C)CC2C3CC=C4CC(=O)C=CC4(C)C3(F)C(O)CC21C	Sex	Female	-0.00058
CC(=O)OCC(=O)C1(O)C(C)CC2C3CC=C4CC(=O)C=CC4(C)C3(F)C(O)CC21C	Age	Children	-0.03257
CC(=O)OCC(=O)C1(O)C(C)CC2C3CC=C4CC(=O)C=CC4(C)C3(F)C(O)CC21C	Age	Adolescent	-0.00801
CC(=O)OCC(=O)C1(O)C(C)CC2C3CC=C4CC(=O)C=CC4(C)C3(F)C(O)CC21C	Age	Adult	-0.01906
CC(=O)OCC(=O)C1(O)C(C)CC2C3CC=C4CC(=O)C=CC4(C)C3(F)C(O)CC21C	Age	Elderly	-0.12248
CC(=O)OCC(=O)C1(O)C(C)CC2C3CC=C4CC(=O)C=CC4(C)C3(F)C(O)CC21C	Weight	Low	-0.15315
CC(=O)OCC(=O)C1(O)C(C)CC2C3CC=C4CC(=O)C=CC4(C)C3(F)C(O)CC21C	Weight	Average	-0.13975
CC(=O)OCC(=O)C1(O)C(C)CC2C3CC=C4CC(=O)C=CC4(C)C3(F)C(O)CC21C	Weight	High	-0.15812
CC(C)Oc1ccc(-c2nn(C(C)c3oc4ccc(F)cc4c(=O)c3-c3cccc(F)c3)c3ncnc(N)c23)cc1F	Sex	Male	-0.08483
CC(C)Oc1ccc(-c2nn(C(C)c3oc4ccc(F)cc4c(=O)c3-c3cccc(F)c3)c3ncnc(N)c23)cc1F	Sex	Female	3e-05
CC(C)Oc1ccc(-c2nn(C(C)c3oc4ccc(F)cc4c(=O)c3-c3cccc(F)c3)c3ncnc(N)c23)cc1F	Age	Children	-0.02689
CC(C)Oc1ccc(-c2nn(C(C)c3oc4ccc(F)cc4c(=O)c3-c3cccc(F)c3)c3ncnc(N)c23)cc1F	Age	Adolescent	-0.00882
CC(C)Oc1ccc(-c2nn(C(C)c3oc4ccc(F)cc4c(=O)c3-c3cccc(F)c3)c3ncnc(N)c23)cc1F	Age	Adult	-0.02835
CC(C)Oc1ccc(-c2nn(C(C)c3oc4ccc(F)cc4c(=O)c3-c3cccc(F)c3)c3ncnc(N)c23)cc1F	Age	Elderly	-0.1359
CC(C)Oc1ccc(-c2nn(C(C)c3oc4ccc(F)cc4c(=O)c3-c3cccc(F)c3)c3ncnc(N)c23)cc1F	Weight	Low	-0.18405
CC(C)Oc1ccc(-c2nn(C(C)c3oc4ccc(F)cc4c(=O)c3-c3cccc(F)c3)c3ncnc(N)c23)cc1F	Weight	Average	-0.0709
CC(C)Oc1ccc(-c2nn(C(C)c3oc4ccc(F)cc4c(=O)c3-c3cccc(F)c3)c3ncnc(N)c23)cc1F	Weight	High	-0.17865
CC(=O)NS(=O)(=O)c1ccc(N)cc1	Sex	Male	-0.11712
CC(=O)NS(=O)(=O)c1ccc(N)cc1	Sex	Female	-0.00153
CC(=O)NS(=O)(=O)c1ccc(N)cc1	Age	Children	-0.03778
CC(=O)NS(=O)(=O)c1ccc(N)cc1	Age	Adolescent	-3e-05
CC(=O)NS(=O)(=O)c1ccc(N)cc1	Age	Adult	-0.03541
CC(=O)NS(=O)(=O)c1ccc(N)cc1	Age	Elderly	-0.16747
CC(=O)NS(=O)(=O)c1ccc(N)cc1	Weight	Low	-0.20766
CC(=O)NS(=O)(=O)c1ccc(N)cc1	Weight	Average	-0.18251
CC(=O)NS(=O)(=O)c1ccc(N)cc1	Weight	High	-0.19353
CC12C=CC(=O)C=C1C(F)CC1C3CC(O)C(O)(C(=O)CO)C3(C)CC(O)C12F	Sex	Male	-0.11144
CC12C=CC(=O)C=C1C(F)CC1C3CC(O)C(O)(C(=O)CO)C3(C)CC(O)C12F	Sex	Female	-0.00055
CC12C=CC(=O)C=C1C(F)CC1C3CC(O)C(O)(C(=O)CO)C3(C)CC(O)C12F	Age	Children	-0.03725
CC12C=CC(=O)C=C1C(F)CC1C3CC(O)C(O)(C(=O)CO)C3(C)CC(O)C12F	Age	Adolescent	-0.00847
CC12C=CC(=O)C=C1C(F)CC1C3CC(O)C(O)(C(=O)CO)C3(C)CC(O)C12F	Age	Adult	-0.03166
CC12C=CC(=O)C=C1C(F)CC1C3CC(O)C(O)(C(=O)CO)C3(C)CC(O)C12F	Age	Elderly	-0.17456
CC12C=CC(=O)C=C1C(F)CC1C3CC(O)C(O)(C(=O)CO)C3(C)CC(O)C12F	Weight	Low	-0.21794
CC12C=CC(=O)C=C1C(F)CC1C3CC(O)C(O)(C(=O)CO)C3(C)CC(O)C12F	Weight	Average	-0.18576
CC12C=CC(=O)C=C1C(F)CC1C3CC(O)C(O)(C(=O)CO)C3(C)CC(O)C12F	Weight	High	-0.20434
CC1CC2C3CC=C4CC(=O)C=CC4(C)C3(F)C(O)CC2(C)C1C(=O)CO	Sex	Male	-0.08106
CC1CC2C3CC=C4CC(=O)C=CC4(C)C3(F)C(O)CC2(C)C1C(=O)CO	Sex	Female	-0.00054
CC1CC2C3CC=C4CC(=O)C=CC4(C)C3(F)C(O)CC2(C)C1C(=O)CO	Age	Children	-0.03998
CC1CC2C3CC=C4CC(=O)C=CC4(C)C3(F)C(O)CC2(C)C1C(=O)CO	Age	Adolescent	-0.00857
CC1CC2C3CC=C4CC(=O)C=CC4(C)C3(F)C(O)CC2(C)C1C(=O)CO	Age	Adult	-0.02262
CC1CC2C3CC=C4CC(=O)C=CC4(C)C3(F)C(O)CC2(C)C1C(=O)CO	Age	Elderly	-0.14596
CC1CC2C3CC=C4CC(=O)C=CC4(C)C3(F)C(O)CC2(C)C1C(=O)CO	Weight	Low	-0.17921
CC1CC2C3CC=C4CC(=O)C=CC4(C)C3(F)C(O)CC2(C)C1C(=O)CO	Weight	Average	-0.15934
CC1CC2C3CC=C4CC(=O)C=CC4(C)C3(F)C(O)CC2(C)C1C(=O)CO	Weight	High	-0.1868
CCC(=O)OC1(C(=O)CCl)C(C)CC2C3CC=C4CC(=O)C=CC4(C)C3(F)C(O)CC21C	Sex	Male	-0.04131
CCC(=O)OC1(C(=O)CCl)C(C)CC2C3CC=C4CC(=O)C=CC4(C)C3(F)C(O)CC21C	Sex	Female	-0.00052
CCC(=O)OC1(C(=O)CCl)C(C)CC2C3CC=C4CC(=O)C=CC4(C)C3(F)C(O)CC21C	Age	Children	-0.02946
CCC(=O)OC1(C(=O)CCl)C(C)CC2C3CC=C4CC(=O)C=CC4(C)C3(F)C(O)CC21C	Age	Adolescent	-0.00571
CCC(=O)OC1(C(=O)CCl)C(C)CC2C3CC=C4CC(=O)C=CC4(C)C3(F)C(O)CC21C	Age	Adult	-0.01903
CCC(=O)OC1(C(=O)CCl)C(C)CC2C3CC=C4CC(=O)C=CC4(C)C3(F)C(O)CC21C	Age	Elderly	-0.10759
CCC(=O)OC1(C(=O)CCl)C(C)CC2C3CC=C4CC(=O)C=CC4(C)C3(F)C(O)CC21C	Weight	Low	-0.12968
CCC(=O)OC1(C(=O)CCl)C(C)CC2C3CC=C4CC(=O)C=CC4(C)C3(F)C(O)CC21C	Weight	Average	-0.11386
CCC(=O)OC1(C(=O)CCl)C(C)CC2C3CC=C4CC(=O)C=CC4(C)C3(F)C(O)CC21C	Weight	High	-0.13885
CCCC(=O)OC1(C(=O)COC(C)=O)CCC2C3CC(F)C4=CC(=O)C=CC4(C)C3(F)C(O)CC21C	Sex	Male	-0.07539
CCCC(=O)OC1(C(=O)COC(C)=O)CCC2C3CC(F)C4=CC(=O)C=CC4(C)C3(F)C(O)CC21C	Sex	Female	-0.00056
CCCC(=O)OC1(C(=O)COC(C)=O)CCC2C3CC(F)C4=CC(=O)C=CC4(C)C3(F)C(O)CC21C	Age	Children	-0.02879
CCCC(=O)OC1(C(=O)COC(C)=O)CCC2C3CC(F)C4=CC(=O)C=CC4(C)C3(F)C(O)CC21C	Age	Adolescent	-0.00639
CCCC(=O)OC1(C(=O)COC(C)=O)CCC2C3CC(F)C4=CC(=O)C=CC4(C)C3(F)C(O)CC21C	Age	Adult	-0.02711
CCCC(=O)OC1(C(=O)COC(C)=O)CCC2C3CC(F)C4=CC(=O)C=CC4(C)C3(F)C(O)CC21C	Age	Elderly	-0.15662
CCCC(=O)OC1(C(=O)COC(C)=O)CCC2C3CC(F)C4=CC(=O)C=CC4(C)C3(F)C(O)CC21C	Weight	Low	-0.19932
CCCC(=O)OC1(C(=O)COC(C)=O)CCC2C3CC(F)C4=CC(=O)C=CC4(C)C3(F)C(O)CC21C	Weight	Average	-0.17129
CCCC(=O)OC1(C(=O)COC(C)=O)CCC2C3CC(F)C4=CC(=O)C=CC4(C)C3(F)C(O)CC21C	Weight	High	-0.19555
CCS(=O)(=O)CCn1c([N+](=O)[O-])cnc1C	Sex	Male	-0.06968
CCS(=O)(=O)CCn1c([N+](=O)[O-])cnc1C	Sex	Female	-0.00054
CCS(=O)(=O)CCn1c([N+](=O)[O-])cnc1C	Age	Children	-0.02953
CCS(=O)(=O)CCn1c([N+](=O)[O-])cnc1C	Age	Adolescent	-0.00419
CCS(=O)(=O)CCn1c([N+](=O)[O-])cnc1C	Age	Adult	-0.02828
CCS(=O)(=O)CCn1c([N+](=O)[O-])cnc1C	Age	Elderly	-0.1392
CCS(=O)(=O)CCn1c([N+](=O)[O-])cnc1C	Weight	Low	-0.19841
CCS(=O)(=O)CCn1c([N+](=O)[O-])cnc1C	Weight	Average	-0.15604
CCS(=O)(=O)CCn1c([N+](=O)[O-])cnc1C	Weight	High	-0.16518
CN1C(=O)OC(C)(C)C1=O	Sex	Male	-0.09527
CN1C(=O)OC(C)(C)C1=O	Sex	Female	-0.00056
CN1C(=O)OC(C)(C)C1=O	Age	Children	-0.04027
CN1C(=O)OC(C)(C)C1=O	Age	Adolescent	-0.00396
CN1C(=O)OC(C)(C)C1=O	Age	Adult	-0.02953
CN1C(=O)OC(C)(C)C1=O	Age	Elderly	-0.15123
CN1C(=O)OC(C)(C)C1=O	Weight	Low	-0.17933
CN1C(=O)OC(C)(C)C1=O	Weight	Average	-0.16068
CN1C(=O)OC(C)(C)C1=O	Weight	High	-0.18547
CC(COc1ccccc1)N(CCCl)Cc1ccccc1	Sex	Male	-0.02365
CC(COc1ccccc1)N(CCCl)Cc1ccccc1	Sex	Female	-0.00073
CC(COc1ccccc1)N(CCCl)Cc1ccccc1	Age	Children	-0.01199
CC(COc1ccccc1)N(CCCl)Cc1ccccc1	Age	Adolescent	0.00205
CC(COc1ccccc1)N(CCCl)Cc1ccccc1	Age	Adult	-0.00551
CC(COc1ccccc1)N(CCCl)Cc1ccccc1	Age	Elderly	-0.03454
CC(COc1ccccc1)N(CCCl)Cc1ccccc1	Weight	Low	-0.04784
CC(COc1ccccc1)N(CCCl)Cc1ccccc1	Weight	Average	-0.02156
CC(COc1ccccc1)N(CCCl)Cc1ccccc1	Weight	High	-0.04385
CCOC(=O)c1ccc(C#Cc2ccc3c(c2)C(C)(C)CCS3)nc1	Sex	Male	-0.08665
CCOC(=O)c1ccc(C#Cc2ccc3c(c2)C(C)(C)CCS3)nc1	Sex	Female	-0.00152
CCOC(=O)c1ccc(C#Cc2ccc3c(c2)C(C)(C)CCS3)nc1	Age	Children	-0.02498
CCOC(=O)c1ccc(C#Cc2ccc3c(c2)C(C)(C)CCS3)nc1	Age	Adolescent	-0.00788
CCOC(=O)c1ccc(C#Cc2ccc3c(c2)C(C)(C)CCS3)nc1	Age	Adult	-0.0255
CCOC(=O)c1ccc(C#Cc2ccc3c(c2)C(C)(C)CCS3)nc1	Age	Elderly	-0.07782
CCOC(=O)c1ccc(C#Cc2ccc3c(c2)C(C)(C)CCS3)nc1	Weight	Low	-0.14972
CCOC(=O)c1ccc(C#Cc2ccc3c(c2)C(C)(C)CCS3)nc1	Weight	Average	-0.08991
CCOC(=O)c1ccc(C#Cc2ccc3c(c2)C(C)(C)CCS3)nc1	Weight	High	-0.1024
C1=CCOCc2cc(ccc2OCCN2CCCC2)Nc2nccc(n2)-c2cccc(c2)COC1	Sex	Male	-0.12513
C1=CCOCc2cc(ccc2OCCN2CCCC2)Nc2nccc(n2)-c2cccc(c2)COC1	Sex	Female	-0.00055
C1=CCOCc2cc(ccc2OCCN2CCCC2)Nc2nccc(n2)-c2cccc(c2)COC1	Age	Children	-0.02125
C1=CCOCc2cc(ccc2OCCN2CCCC2)Nc2nccc(n2)-c2cccc(c2)COC1	Age	Adolescent	-0.00189
C1=CCOCc2cc(ccc2OCCN2CCCC2)Nc2nccc(n2)-c2cccc(c2)COC1	Age	Adult	-0.03543
C1=CCOCc2cc(ccc2OCCN2CCCC2)Nc2nccc(n2)-c2cccc(c2)COC1	Age	Elderly	-0.18512
C1=CCOCc2cc(ccc2OCCN2CCCC2)Nc2nccc(n2)-c2cccc(c2)COC1	Weight	Low	-0.16185
C1=CCOCc2cc(ccc2OCCN2CCCC2)Nc2nccc(n2)-c2cccc(c2)COC1	Weight	Average	-0.09609
C1=CCOCc2cc(ccc2OCCN2CCCC2)Nc2nccc(n2)-c2cccc(c2)COC1	Weight	High	-0.2155
CC(=O)OCC(=O)C12OC(C)(C)OC1CC1C3CC(F)C4=CC(=O)C=CC4(C)C3(F)C(O)CC12C	Sex	Male	-0.11092
CC(=O)OCC(=O)C12OC(C)(C)OC1CC1C3CC(F)C4=CC(=O)C=CC4(C)C3(F)C(O)CC12C	Sex	Female	-0.00053
CC(=O)OCC(=O)C12OC(C)(C)OC1CC1C3CC(F)C4=CC(=O)C=CC4(C)C3(F)C(O)CC12C	Age	Children	-0.03893
CC(=O)OCC(=O)C12OC(C)(C)OC1CC1C3CC(F)C4=CC(=O)C=CC4(C)C3(F)C(O)CC12C	Age	Adolescent	-0.00895
CC(=O)OCC(=O)C12OC(C)(C)OC1CC1C3CC(F)C4=CC(=O)C=CC4(C)C3(F)C(O)CC12C	Age	Adult	-0.03363
CC(=O)OCC(=O)C12OC(C)(C)OC1CC1C3CC(F)C4=CC(=O)C=CC4(C)C3(F)C(O)CC12C	Age	Elderly	-0.1625
CC(=O)OCC(=O)C12OC(C)(C)OC1CC1C3CC(F)C4=CC(=O)C=CC4(C)C3(F)C(O)CC12C	Weight	Low	-0.19695
CC(=O)OCC(=O)C12OC(C)(C)OC1CC1C3CC(F)C4=CC(=O)C=CC4(C)C3(F)C(O)CC12C	Weight	Average	-0.17072
CC(=O)OCC(=O)C12OC(C)(C)OC1CC1C3CC(F)C4=CC(=O)C=CC4(C)C3(F)C(O)CC12C	Weight	High	-0.20326
CCCC[N+]1(C)C2CC(OC(=O)C(CO)c3ccccc3)CC1C1OC12	Sex	Male	-0.09065
CCCC[N+]1(C)C2CC(OC(=O)C(CO)c3ccccc3)CC1C1OC12	Sex	Female	-0.00054
CCCC[N+]1(C)C2CC(OC(=O)C(CO)c3ccccc3)CC1C1OC12	Age	Children	-0.0489
CCCC[N+]1(C)C2CC(OC(=O)C(CO)c3ccccc3)CC1C1OC12	Age	Adolescent	0.00858
CCCC[N+]1(C)C2CC(OC(=O)C(CO)c3ccccc3)CC1C1OC12	Age	Adult	-0.0218
CCCC[N+]1(C)C2CC(OC(=O)C(CO)c3ccccc3)CC1C1OC12	Age	Elderly	-0.15475
CCCC[N+]1(C)C2CC(OC(=O)C(CO)c3ccccc3)CC1C1OC12	Weight	Low	-0.16792
CCCC[N+]1(C)C2CC(OC(=O)C(CO)c3ccccc3)CC1C1OC12	Weight	Average	-0.14773
CCCC[N+]1(C)C2CC(OC(=O)C(CO)c3ccccc3)CC1C1OC12	Weight	High	-0.21573
CCN1C(=O)N(c2c(F)c(OC)cc(OC)c2F)Cc2cnc3[nH]c(CN4CCOCC4)cc3c21	Sex	Male	-0.04337
CCN1C(=O)N(c2c(F)c(OC)cc(OC)c2F)Cc2cnc3[nH]c(CN4CCOCC4)cc3c21	Sex	Female	-0.00134
CCN1C(=O)N(c2c(F)c(OC)cc(OC)c2F)Cc2cnc3[nH]c(CN4CCOCC4)cc3c21	Age	Children	-0.01344
CCN1C(=O)N(c2c(F)c(OC)cc(OC)c2F)Cc2cnc3[nH]c(CN4CCOCC4)cc3c21	Age	Adolescent	-0.00369
CCN1C(=O)N(c2c(F)c(OC)cc(OC)c2F)Cc2cnc3[nH]c(CN4CCOCC4)cc3c21	Age	Adult	-0.00831
CCN1C(=O)N(c2c(F)c(OC)cc(OC)c2F)Cc2cnc3[nH]c(CN4CCOCC4)cc3c21	Age	Elderly	-0.06992
CCN1C(=O)N(c2c(F)c(OC)cc(OC)c2F)Cc2cnc3[nH]c(CN4CCOCC4)cc3c21	Weight	Low	-0.07545
CCN1C(=O)N(c2c(F)c(OC)cc(OC)c2F)Cc2cnc3[nH]c(CN4CCOCC4)cc3c21	Weight	Average	-0.06484
CCN1C(=O)N(c2c(F)c(OC)cc(OC)c2F)Cc2cnc3[nH]c(CN4CCOCC4)cc3c21	Weight	High	-0.08854
CCOCCn1c(C2CCN(CCc3ccc(C(C)(C)C(=O)O)cc3)CC2)nc2ccccc21	Sex	Male	-0.10807
CCOCCn1c(C2CCN(CCc3ccc(C(C)(C)C(=O)O)cc3)CC2)nc2ccccc21	Sex	Female	0.00137
CCOCCn1c(C2CCN(CCc3ccc(C(C)(C)C(=O)O)cc3)CC2)nc2ccccc21	Age	Children	-0.02766
CCOCCn1c(C2CCN(CCc3ccc(C(C)(C)C(=O)O)cc3)CC2)nc2ccccc21	Age	Adolescent	0.00076
CCOCCn1c(C2CCN(CCc3ccc(C(C)(C)C(=O)O)cc3)CC2)nc2ccccc21	Age	Adult	-0.02363
CCOCCn1c(C2CCN(CCc3ccc(C(C)(C)C(=O)O)cc3)CC2)nc2ccccc21	Age	Elderly	-0.12584
CCOCCn1c(C2CCN(CCc3ccc(C(C)(C)C(=O)O)cc3)CC2)nc2ccccc21	Weight	Low	-0.12819
CCOCCn1c(C2CCN(CCc3ccc(C(C)(C)C(=O)O)cc3)CC2)nc2ccccc21	Weight	Average	-0.09552
CCOCCn1c(C2CCN(CCc3ccc(C(C)(C)C(=O)O)cc3)CC2)nc2ccccc21	Weight	High	-0.12018
CCOc1cc2ncc(C#N)c(Nc3ccc(OCc4ccccn4)c(Cl)c3)c2cc1NC(=O)C=CCN(C)C	Sex	Male	-0.06107
CCOc1cc2ncc(C#N)c(Nc3ccc(OCc4ccccn4)c(Cl)c3)c2cc1NC(=O)C=CCN(C)C	Sex	Female	-0.00289
CCOc1cc2ncc(C#N)c(Nc3ccc(OCc4ccccn4)c(Cl)c3)c2cc1NC(=O)C=CCN(C)C	Age	Children	-0.02779
CCOc1cc2ncc(C#N)c(Nc3ccc(OCc4ccccn4)c(Cl)c3)c2cc1NC(=O)C=CCN(C)C	Age	Adolescent	-0.0035
CCOc1cc2ncc(C#N)c(Nc3ccc(OCc4ccccn4)c(Cl)c3)c2cc1NC(=O)C=CCN(C)C	Age	Adult	-0.02906
CCOc1cc2ncc(C#N)c(Nc3ccc(OCc4ccccn4)c(Cl)c3)c2cc1NC(=O)C=CCN(C)C	Age	Elderly	-0.11023
CCOc1cc2ncc(C#N)c(Nc3ccc(OCc4ccccn4)c(Cl)c3)c2cc1NC(=O)C=CCN(C)C	Weight	Low	-0.10522
CCOc1cc2ncc(C#N)c(Nc3ccc(OCc4ccccn4)c(Cl)c3)c2cc1NC(=O)C=CCN(C)C	Weight	Average	-0.09171
CCOc1cc2ncc(C#N)c(Nc3ccc(OCc4ccccn4)c(Cl)c3)c2cc1NC(=O)C=CCN(C)C	Weight	High	-0.08654
CN(C)CCC(c1ccccc1)c1ccccn1	Sex	Male	-0.10968
CN(C)CCC(c1ccccc1)c1ccccn1	Sex	Female	-0.00228
CN(C)CCC(c1ccccc1)c1ccccn1	Age	Children	-0.04311
CN(C)CCC(c1ccccc1)c1ccccn1	Age	Adolescent	0.00484
CN(C)CCC(c1ccccc1)c1ccccn1	Age	Adult	-0.02412
CN(C)CCC(c1ccccc1)c1ccccn1	Age	Elderly	-0.16793
CN(C)CCC(c1ccccc1)c1ccccn1	Weight	Low	-0.18017
CN(C)CCC(c1ccccc1)c1ccccn1	Weight	Average	-0.14805
CN(C)CCC(c1ccccc1)c1ccccn1	Weight	High	-0.17612
CN(C)CCOC(c1ccc(Cl)cc1)c1ccccn1	Sex	Male	-0.11352
CN(C)CCOC(c1ccc(Cl)cc1)c1ccccn1	Sex	Female	-0.00197
CN(C)CCOC(c1ccc(Cl)cc1)c1ccccn1	Age	Children	-0.03727
CN(C)CCOC(c1ccc(Cl)cc1)c1ccccn1	Age	Adolescent	0.0056
CN(C)CCOC(c1ccc(Cl)cc1)c1ccccn1	Age	Adult	-0.02353
CN(C)CCOC(c1ccc(Cl)cc1)c1ccccn1	Age	Elderly	-0.17471
CN(C)CCOC(c1ccc(Cl)cc1)c1ccccn1	Weight	Low	-0.13505
CN(C)CCOC(c1ccc(Cl)cc1)c1ccccn1	Weight	Average	-0.11443
CN(C)CCOC(c1ccc(Cl)cc1)c1ccccn1	Weight	High	-0.1607
CN(C)CCOc1ccc(C(=C(CCCl)c2ccccc2)c2ccccc2)cc1	Sex	Male	-0.05496
CN(C)CCOc1ccc(C(=C(CCCl)c2ccccc2)c2ccccc2)cc1	Sex	Female	-0.00234
CN(C)CCOc1ccc(C(=C(CCCl)c2ccccc2)c2ccccc2)cc1	Age	Children	-0.03494
CN(C)CCOc1ccc(C(=C(CCCl)c2ccccc2)c2ccccc2)cc1	Age	Adolescent	0.00184
CN(C)CCOc1ccc(C(=C(CCCl)c2ccccc2)c2ccccc2)cc1	Age	Adult	-0.01613
CN(C)CCOc1ccc(C(=C(CCCl)c2ccccc2)c2ccccc2)cc1	Age	Elderly	-0.15809
CN(C)CCOc1ccc(C(=C(CCCl)c2ccccc2)c2ccccc2)cc1	Weight	Low	-0.15264
CN(C)CCOc1ccc(C(=C(CCCl)c2ccccc2)c2ccccc2)cc1	Weight	Average	-0.08209
CN(C)CCOc1ccc(C(=C(CCCl)c2ccccc2)c2ccccc2)cc1	Weight	High	-0.12356
Cc1ccccc1C(OCCN(C)C)c1ccccc1	Sex	Male	-0.03408
Cc1ccccc1C(OCCN(C)C)c1ccccc1	Sex	Female	-0.00049
Cc1ccccc1C(OCCN(C)C)c1ccccc1	Age	Children	-0.01306
Cc1ccccc1C(OCCN(C)C)c1ccccc1	Age	Adolescent	0.00227
Cc1ccccc1C(OCCN(C)C)c1ccccc1	Age	Adult	-0.00674
Cc1ccccc1C(OCCN(C)C)c1ccccc1	Age	Elderly	-0.04897
Cc1ccccc1C(OCCN(C)C)c1ccccc1	Weight	Low	-0.05282
Cc1ccccc1C(OCCN(C)C)c1ccccc1	Weight	Average	-0.04771
Cc1ccccc1C(OCCN(C)C)c1ccccc1	Weight	High	-0.06997
Cc1cn[nH]c1	Sex	Male	-0.10534
Cc1cn[nH]c1	Sex	Female	-0.00056
Cc1cn[nH]c1	Age	Children	-0.0365
Cc1cn[nH]c1	Age	Adolescent	0.00111
Cc1cn[nH]c1	Age	Adult	-0.03268
Cc1cn[nH]c1	Age	Elderly	-0.18054
Cc1cn[nH]c1	Weight	Low	-0.2071
Cc1cn[nH]c1	Weight	Average	-0.15354
Cc1cn[nH]c1	Weight	High	-0.20997
CC(C)N(CCCCOCC(=O)NS(C)(=O)=O)c1cnc(-c2ccccc2)c(-c2ccccc2)n1	Sex	Male	-0.0713
CC(C)N(CCCCOCC(=O)NS(C)(=O)=O)c1cnc(-c2ccccc2)c(-c2ccccc2)n1	Sex	Female	-0.00239
CC(C)N(CCCCOCC(=O)NS(C)(=O)=O)c1cnc(-c2ccccc2)c(-c2ccccc2)n1	Age	Children	-0.03018
CC(C)N(CCCCOCC(=O)NS(C)(=O)=O)c1cnc(-c2ccccc2)c(-c2ccccc2)n1	Age	Adolescent	0.00627
CC(C)N(CCCCOCC(=O)NS(C)(=O)=O)c1cnc(-c2ccccc2)c(-c2ccccc2)n1	Age	Adult	-0.03237
CC(C)N(CCCCOCC(=O)NS(C)(=O)=O)c1cnc(-c2ccccc2)c(-c2ccccc2)n1	Age	Elderly	-0.12324
CC(C)N(CCCCOCC(=O)NS(C)(=O)=O)c1cnc(-c2ccccc2)c(-c2ccccc2)n1	Weight	Low	-0.13777
CC(C)N(CCCCOCC(=O)NS(C)(=O)=O)c1cnc(-c2ccccc2)c(-c2ccccc2)n1	Weight	Average	-0.07537
CC(C)N(CCCCOCC(=O)NS(C)(=O)=O)c1cnc(-c2ccccc2)c(-c2ccccc2)n1	Weight	High	-0.14765
CC(C)c1cc(-c2n[nH]c(=O)n2-c2ccc3c(ccn3C)c2)c(O)cc1OP(=O)(O)O	Sex	Male	-0.10679
CC(C)c1cc(-c2n[nH]c(=O)n2-c2ccc3c(ccn3C)c2)c(O)cc1OP(=O)(O)O	Sex	Female	-0.00099
CC(C)c1cc(-c2n[nH]c(=O)n2-c2ccc3c(ccn3C)c2)c(O)cc1OP(=O)(O)O	Age	Children	-0.04388
CC(C)c1cc(-c2n[nH]c(=O)n2-c2ccc3c(ccn3C)c2)c(O)cc1OP(=O)(O)O	Age	Adolescent	0.00923
CC(C)c1cc(-c2n[nH]c(=O)n2-c2ccc3c(ccn3C)c2)c(O)cc1OP(=O)(O)O	Age	Adult	-0.03376
CC(C)c1cc(-c2n[nH]c(=O)n2-c2ccc3c(ccn3C)c2)c(O)cc1OP(=O)(O)O	Age	Elderly	-0.10732
CC(C)c1cc(-c2n[nH]c(=O)n2-c2ccc3c(ccn3C)c2)c(O)cc1OP(=O)(O)O	Weight	Low	-0.15051
CC(C)c1cc(-c2n[nH]c(=O)n2-c2ccc3c(ccn3C)c2)c(O)cc1OP(=O)(O)O	Weight	Average	-0.0958
CC(C)c1cc(-c2n[nH]c(=O)n2-c2ccc3c(ccn3C)c2)c(O)cc1OP(=O)(O)O	Weight	High	-0.16881
CC(C)c1cccc(C(C)C)c1O	Sex	Male	-0.10035
CC(C)c1cccc(C(C)C)c1O	Sex	Female	-0.00217
CC(C)c1cccc(C(C)C)c1O	Age	Children	-0.08677
CC(C)c1cccc(C(C)C)c1O	Age	Adolescent	0.02241
CC(C)c1cccc(C(C)C)c1O	Age	Adult	-0.05172
CC(C)c1cccc(C(C)C)c1O	Age	Elderly	-0.2225
CC(C)c1cccc(C(C)C)c1O	Weight	Low	-0.29087
CC(C)c1cccc(C(C)C)c1O	Weight	Average	-0.24704
CC(C)c1cccc(C(C)C)c1O	Weight	High	-0.30189
CC(NC(C)(C)C)C(=O)c1cccc(Cl)c1	Sex	Male	-0.10605
CC(NC(C)(C)C)C(=O)c1cccc(Cl)c1	Sex	Female	-0.00141
CC(NC(C)(C)C)C(=O)c1cccc(Cl)c1	Age	Children	-0.04706
CC(NC(C)(C)C)C(=O)c1cccc(Cl)c1	Age	Adolescent	0.00182
CC(NC(C)(C)C)C(=O)c1cccc(Cl)c1	Age	Adult	-0.04385
CC(NC(C)(C)C)C(=O)c1cccc(Cl)c1	Age	Elderly	-0.20584
CC(NC(C)(C)C)C(=O)c1cccc(Cl)c1	Weight	Low	-0.23445
CC(NC(C)(C)C)C(=O)c1cccc(Cl)c1	Weight	Average	-0.19157
CC(NC(C)(C)C)C(=O)c1cccc(Cl)c1	Weight	High	-0.22323
CC1(Cn2ccnn2)C(C(=O)O)N2C(=O)CC2S1(=O)=O	Sex	Male	-0.12674
CC1(Cn2ccnn2)C(C(=O)O)N2C(=O)CC2S1(=O)=O	Sex	Female	-0.00206
CC1(Cn2ccnn2)C(C(=O)O)N2C(=O)CC2S1(=O)=O	Age	Children	-0.04342
CC1(Cn2ccnn2)C(C(=O)O)N2C(=O)CC2S1(=O)=O	Age	Adolescent	0.00365
CC1(Cn2ccnn2)C(C(=O)O)N2C(=O)CC2S1(=O)=O	Age	Adult	-0.04499
CC1(Cn2ccnn2)C(C(=O)O)N2C(=O)CC2S1(=O)=O	Age	Elderly	-0.15276
CC1(Cn2ccnn2)C(C(=O)O)N2C(=O)CC2S1(=O)=O	Weight	Low	-0.1926
CC1(Cn2ccnn2)C(C(=O)O)N2C(=O)CC2S1(=O)=O	Weight	Average	-0.18483
CC1(Cn2ccnn2)C(C(=O)O)N2C(=O)CC2S1(=O)=O	Weight	High	-0.21889
CC12C=CC(=O)C=C1CCC1C2C(O)CC2(C)C1CCC2(O)C(=O)CO	Sex	Male	-0.07817
CC12C=CC(=O)C=C1CCC1C2C(O)CC2(C)C1CCC2(O)C(=O)CO	Sex	Female	-0.00218
CC12C=CC(=O)C=C1CCC1C2C(O)CC2(C)C1CCC2(O)C(=O)CO	Age	Children	-0.05375
CC12C=CC(=O)C=C1CCC1C2C(O)CC2(C)C1CCC2(O)C(=O)CO	Age	Adolescent	0.00813
CC12C=CC(=O)C=C1CCC1C2C(O)CC2(C)C1CCC2(O)C(=O)CO	Age	Adult	-0.05567
CC12C=CC(=O)C=C1CCC1C2C(O)CC2(C)C1CCC2(O)C(=O)CO	Age	Elderly	-0.16914
CC12C=CC(=O)C=C1CCC1C2C(O)CC2(C)C1CCC2(O)C(=O)CO	Weight	Low	-0.23794
CC12C=CC(=O)C=C1CCC1C2C(O)CC2(C)C1CCC2(O)C(=O)CO	Weight	Average	-0.17023
CC12C=CC(=O)C=C1CCC1C2C(O)CC2(C)C1CCC2(O)C(=O)CO	Weight	High	-0.3059
CC12CCC(=O)C=C1CCC1C2C(O)CC2(C)C1CCC2(O)C(=O)CO	Sex	Male	-0.08779
CC12CCC(=O)C=C1CCC1C2C(O)CC2(C)C1CCC2(O)C(=O)CO	Sex	Female	-0.00204
CC12CCC(=O)C=C1CCC1C2C(O)CC2(C)C1CCC2(O)C(=O)CO	Age	Children	-0.0458
CC12CCC(=O)C=C1CCC1C2C(O)CC2(C)C1CCC2(O)C(=O)CO	Age	Adolescent	0.00478
CC12CCC(=O)C=C1CCC1C2C(O)CC2(C)C1CCC2(O)C(=O)CO	Age	Adult	-0.06162
CC12CCC(=O)C=C1CCC1C2C(O)CC2(C)C1CCC2(O)C(=O)CO	Age	Elderly	-0.16819
CC12CCC(=O)C=C1CCC1C2C(O)CC2(C)C1CCC2(O)C(=O)CO	Weight	Low	-0.24571
CC12CCC(=O)C=C1CCC1C2C(O)CC2(C)C1CCC2(O)C(=O)CO	Weight	Average	-0.15996
CC12CCC(=O)C=C1CCC1C2C(O)CC2(C)C1CCC2(O)C(=O)CO	Weight	High	-0.33667
CC1=C2CC(=O)C=CC2(C)C2C(O)CC3(C)C(CCC3(O)C(=O)CO)C2C1	Sex	Male	-0.10441
CC1=C2CC(=O)C=CC2(C)C2C(O)CC3(C)C(CCC3(O)C(=O)CO)C2C1	Sex	Female	-0.00193
CC1=C2CC(=O)C=CC2(C)C2C(O)CC3(C)C(CCC3(O)C(=O)CO)C2C1	Age	Children	-0.05505
CC1=C2CC(=O)C=CC2(C)C2C(O)CC3(C)C(CCC3(O)C(=O)CO)C2C1	Age	Adolescent	-0.00593
CC1=C2CC(=O)C=CC2(C)C2C(O)CC3(C)C(CCC3(O)C(=O)CO)C2C1	Age	Adult	-0.05282
CC1=C2CC(=O)C=CC2(C)C2C(O)CC3(C)C(CCC3(O)C(=O)CO)C2C1	Age	Elderly	-0.17463
CC1=C2CC(=O)C=CC2(C)C2C(O)CC3(C)C(CCC3(O)C(=O)CO)C2C1	Weight	Low	-0.23542
CC1=C2CC(=O)C=CC2(C)C2C(O)CC3(C)C(CCC3(O)C(=O)CO)C2C1	Weight	Average	-0.17276
CC1=C2CC(=O)C=CC2(C)C2C(O)CC3(C)C(CCC3(O)C(=O)CO)C2C1	Weight	High	-0.37428
CC1=NS(=O)(=O)c2cc(Cl)ccc2N1	Sex	Male	-0.09206
CC1=NS(=O)(=O)c2cc(Cl)ccc2N1	Sex	Female	-0.0021
CC1=NS(=O)(=O)c2cc(Cl)ccc2N1	Age	Children	-0.04962
CC1=NS(=O)(=O)c2cc(Cl)ccc2N1	Age	Adolescent	0.00516
CC1=NS(=O)(=O)c2cc(Cl)ccc2N1	Age	Adult	-0.03937
CC1=NS(=O)(=O)c2cc(Cl)ccc2N1	Age	Elderly	-0.24825
CC1=NS(=O)(=O)c2cc(Cl)ccc2N1	Weight	Low	-0.16739
CC1=NS(=O)(=O)c2cc(Cl)ccc2N1	Weight	Average	-0.20004
CC1=NS(=O)(=O)c2cc(Cl)ccc2N1	Weight	High	-0.25232
CCCCCC(=O)OC1(C(C)=O)CCC2C3CC=C4CC(=O)CCC4(C)C3CCC21C	Sex	Male	-0.11372
CCCCCC(=O)OC1(C(C)=O)CCC2C3CC=C4CC(=O)CCC4(C)C3CCC21C	Sex	Female	-0.00809
CCCCCC(=O)OC1(C(C)=O)CCC2C3CC=C4CC(=O)CCC4(C)C3CCC21C	Age	Children	-0.03348
CCCCCC(=O)OC1(C(C)=O)CCC2C3CC=C4CC(=O)CCC4(C)C3CCC21C	Age	Adolescent	-0.01175
CCCCCC(=O)OC1(C(C)=O)CCC2C3CC=C4CC(=O)CCC4(C)C3CCC21C	Age	Adult	-0.0336
CCCCCC(=O)OC1(C(C)=O)CCC2C3CC=C4CC(=O)CCC4(C)C3CCC21C	Age	Elderly	-0.23447
CCCCCC(=O)OC1(C(C)=O)CCC2C3CC=C4CC(=O)CCC4(C)C3CCC21C	Weight	Low	-0.18756
CCCCCC(=O)OC1(C(C)=O)CCC2C3CC=C4CC(=O)CCC4(C)C3CCC21C	Weight	Average	-0.19213
CCCCCC(=O)OC1(C(C)=O)CCC2C3CC=C4CC(=O)CCC4(C)C3CCC21C	Weight	High	-0.24752
CCN(CC)CC(=O)Nc1c(C)cccc1C	Sex	Male	-0.05385
CCN(CC)CC(=O)Nc1c(C)cccc1C	Sex	Female	-0.00084
CCN(CC)CC(=O)Nc1c(C)cccc1C	Age	Children	-0.01809
CCN(CC)CC(=O)Nc1c(C)cccc1C	Age	Adolescent	0.00092
CCN(CC)CC(=O)Nc1c(C)cccc1C	Age	Adult	-0.03068
CCN(CC)CC(=O)Nc1c(C)cccc1C	Age	Elderly	-0.15591
CCN(CC)CC(=O)Nc1c(C)cccc1C	Weight	Low	-0.24358
CCN(CC)CC(=O)Nc1c(C)cccc1C	Weight	Average	-0.19393
CCN(CC)CC(=O)Nc1c(C)cccc1C	Weight	High	-0.27628
CN1CCC(=C2c3ccccc3C=Cc3ccccc32)CC1	Sex	Male	-0.11674
CN1CCC(=C2c3ccccc3C=Cc3ccccc32)CC1	Sex	Female	-0.00186
CN1CCC(=C2c3ccccc3C=Cc3ccccc32)CC1	Age	Children	-0.05224
CN1CCC(=C2c3ccccc3C=Cc3ccccc32)CC1	Age	Adolescent	0.01354
CN1CCC(=C2c3ccccc3C=Cc3ccccc32)CC1	Age	Adult	-0.04494
CN1CCC(=C2c3ccccc3C=Cc3ccccc32)CC1	Age	Elderly	-0.21567
CN1CCC(=C2c3ccccc3C=Cc3ccccc32)CC1	Weight	Low	-0.22788
CN1CCC(=C2c3ccccc3C=Cc3ccccc32)CC1	Weight	Average	-0.22978
CN1CCC(=C2c3ccccc3C=Cc3ccccc32)CC1	Weight	High	-0.31498
CN1CCN2c3ncccc3Cc3ccccc3C2C1	Sex	Male	-0.17482
CN1CCN2c3ncccc3Cc3ccccc3C2C1	Sex	Female	-0.00796
CN1CCN2c3ncccc3Cc3ccccc3C2C1	Age	Children	-0.0462
CN1CCN2c3ncccc3Cc3ccccc3C2C1	Age	Adolescent	-0.00164
CN1CCN2c3ncccc3Cc3ccccc3C2C1	Age	Adult	-0.04444
CN1CCN2c3ncccc3Cc3ccccc3C2C1	Age	Elderly	-0.19472
CN1CCN2c3ncccc3Cc3ccccc3C2C1	Weight	Low	-0.16157
CN1CCN2c3ncccc3Cc3ccccc3C2C1	Weight	Average	-0.23711
CN1CCN2c3ncccc3Cc3ccccc3C2C1	Weight	High	-0.26748
CNCCC(Oc1ccc(C(F)(F)F)cc1)c1ccccc1	Sex	Male	-0.09879
CNCCC(Oc1ccc(C(F)(F)F)cc1)c1ccccc1	Sex	Female	-0.00212
CNCCC(Oc1ccc(C(F)(F)F)cc1)c1ccccc1	Age	Children	-0.07019
CNCCC(Oc1ccc(C(F)(F)F)cc1)c1ccccc1	Age	Adolescent	0.01653
CNCCC(Oc1ccc(C(F)(F)F)cc1)c1ccccc1	Age	Adult	-0.03372
CNCCC(Oc1ccc(C(F)(F)F)cc1)c1ccccc1	Age	Elderly	-0.22261
CNCCC(Oc1ccc(C(F)(F)F)cc1)c1ccccc1	Weight	Low	-0.25176
CNCCC(Oc1ccc(C(F)(F)F)cc1)c1ccccc1	Weight	Average	-0.23007
CNCCC(Oc1ccc(C(F)(F)F)cc1)c1ccccc1	Weight	High	-0.29131
COC(=O)C1=C(C)N=C(C)C(C(=O)OC)C1c1ccccc1[N+](=O)[O-]	Sex	Male	-0.09247
COC(=O)C1=C(C)N=C(C)C(C(=O)OC)C1c1ccccc1[N+](=O)[O-]	Sex	Female	-0.0018
COC(=O)C1=C(C)N=C(C)C(C(=O)OC)C1c1ccccc1[N+](=O)[O-]	Age	Children	-0.05794
COC(=O)C1=C(C)N=C(C)C(C(=O)OC)C1c1ccccc1[N+](=O)[O-]	Age	Adolescent	0.01411
COC(=O)C1=C(C)N=C(C)C(C(=O)OC)C1c1ccccc1[N+](=O)[O-]	Age	Adult	-0.03548
COC(=O)C1=C(C)N=C(C)C(C(=O)OC)C1c1ccccc1[N+](=O)[O-]	Age	Elderly	-0.15833
COC(=O)C1=C(C)N=C(C)C(C(=O)OC)C1c1ccccc1[N+](=O)[O-]	Weight	Low	-0.17727
COC(=O)C1=C(C)N=C(C)C(C(=O)OC)C1c1ccccc1[N+](=O)[O-]	Weight	Average	-0.17818
COC(=O)C1=C(C)N=C(C)C(C(=O)OC)C1c1ccccc1[N+](=O)[O-]	Weight	High	-0.22568
COC(c1ccccc1)(c1ccccc1)C(Oc1nc(C)cc(C)n1)C(=O)O	Sex	Male	-0.09671
COC(c1ccccc1)(c1ccccc1)C(Oc1nc(C)cc(C)n1)C(=O)O	Sex	Female	-0.00181
COC(c1ccccc1)(c1ccccc1)C(Oc1nc(C)cc(C)n1)C(=O)O	Age	Children	-0.05798
COC(c1ccccc1)(c1ccccc1)C(Oc1nc(C)cc(C)n1)C(=O)O	Age	Adolescent	0.00958
COC(c1ccccc1)(c1ccccc1)C(Oc1nc(C)cc(C)n1)C(=O)O	Age	Adult	-0.04428
COC(c1ccccc1)(c1ccccc1)C(Oc1nc(C)cc(C)n1)C(=O)O	Age	Elderly	-0.23283
COC(c1ccccc1)(c1ccccc1)C(Oc1nc(C)cc(C)n1)C(=O)O	Weight	Low	-0.21864
COC(c1ccccc1)(c1ccccc1)C(Oc1nc(C)cc(C)n1)C(=O)O	Weight	Average	-0.2178
COC(c1ccccc1)(c1ccccc1)C(Oc1nc(C)cc(C)n1)C(=O)O	Weight	High	-0.25828
COc1ccnc(CS(=O)c2nc3cc(OC(F)F)ccc3[nH]2)c1OC	Sex	Male	-0.10292
COc1ccnc(CS(=O)c2nc3cc(OC(F)F)ccc3[nH]2)c1OC	Sex	Female	-0.0019
COc1ccnc(CS(=O)c2nc3cc(OC(F)F)ccc3[nH]2)c1OC	Age	Children	-0.06711
COc1ccnc(CS(=O)c2nc3cc(OC(F)F)ccc3[nH]2)c1OC	Age	Adolescent	0.00128
COc1ccnc(CS(=O)c2nc3cc(OC(F)F)ccc3[nH]2)c1OC	Age	Adult	-0.04344
COc1ccnc(CS(=O)c2nc3cc(OC(F)F)ccc3[nH]2)c1OC	Age	Elderly	-0.20491
COc1ccnc(CS(=O)c2nc3cc(OC(F)F)ccc3[nH]2)c1OC	Weight	Low	-0.27098
COc1ccnc(CS(=O)c2nc3cc(OC(F)F)ccc3[nH]2)c1OC	Weight	Average	-0.17888
COc1ccnc(CS(=O)c2nc3cc(OC(F)F)ccc3[nH]2)c1OC	Weight	High	-0.27506
Cc1cccc(C(C)c2c[nH]cn2)c1C	Sex	Male	-0.10092
Cc1cccc(C(C)c2c[nH]cn2)c1C	Sex	Female	-0.00198
Cc1cccc(C(C)c2c[nH]cn2)c1C	Age	Children	-0.06931
Cc1cccc(C(C)c2c[nH]cn2)c1C	Age	Adolescent	0.01591
Cc1cccc(C(C)c2c[nH]cn2)c1C	Age	Adult	-0.04608
Cc1cccc(C(C)c2c[nH]cn2)c1C	Age	Elderly	-0.21812
Cc1cccc(C(C)c2c[nH]cn2)c1C	Weight	Low	-0.28591
Cc1cccc(C(C)c2c[nH]cn2)c1C	Weight	Average	-0.22158
Cc1cccc(C(C)c2c[nH]cn2)c1C	Weight	High	-0.28339
Cc1ccnc2c1NC(=O)c1cccnc1N2C1CC1	Sex	Male	-0.09817
Cc1ccnc2c1NC(=O)c1cccnc1N2C1CC1	Sex	Female	-0.0079
Cc1ccnc2c1NC(=O)c1cccnc1N2C1CC1	Age	Children	-0.065
Cc1ccnc2c1NC(=O)c1cccnc1N2C1CC1	Age	Adolescent	0.00388
Cc1ccnc2c1NC(=O)c1cccnc1N2C1CC1	Age	Adult	-0.04638
Cc1ccnc2c1NC(=O)c1cccnc1N2C1CC1	Age	Elderly	-0.25799
Cc1ccnc2c1NC(=O)c1cccnc1N2C1CC1	Weight	Low	-0.27081
Cc1ccnc2c1NC(=O)c1cccnc1N2C1CC1	Weight	Average	-0.23044
Cc1ccnc2c1NC(=O)c1cccnc1N2C1CC1	Weight	High	-0.30875
Cc1nnc2n1-c1ccc(Cl)cc1C(c1ccccc1)=NC2	Sex	Male	-0.08232
Cc1nnc2n1-c1ccc(Cl)cc1C(c1ccccc1)=NC2	Sex	Female	-0.00116
Cc1nnc2n1-c1ccc(Cl)cc1C(c1ccccc1)=NC2	Age	Children	-0.04433
Cc1nnc2n1-c1ccc(Cl)cc1C(c1ccccc1)=NC2	Age	Adolescent	0.01512
Cc1nnc2n1-c1ccc(Cl)cc1C(c1ccccc1)=NC2	Age	Adult	-0.04058
Cc1nnc2n1-c1ccc(Cl)cc1C(c1ccccc1)=NC2	Age	Elderly	-0.20282
Cc1nnc2n1-c1ccc(Cl)cc1C(c1ccccc1)=NC2	Weight	Low	-0.1623
Cc1nnc2n1-c1ccc(Cl)cc1C(c1ccccc1)=NC2	Weight	Average	-0.14547
Cc1nnc2n1-c1ccc(Cl)cc1C(c1ccccc1)=NC2	Weight	High	-0.23663
NS(=O)(=O)c1cc(C(=O)O)c(NCc2ccco2)cc1Cl	Sex	Male	-0.11201
NS(=O)(=O)c1cc(C(=O)O)c(NCc2ccco2)cc1Cl	Sex	Female	-0.00159
NS(=O)(=O)c1cc(C(=O)O)c(NCc2ccco2)cc1Cl	Age	Children	-0.04888
NS(=O)(=O)c1cc(C(=O)O)c(NCc2ccco2)cc1Cl	Age	Adolescent	0.00883
NS(=O)(=O)c1cc(C(=O)O)c(NCc2ccco2)cc1Cl	Age	Adult	-0.04469
NS(=O)(=O)c1cc(C(=O)O)c(NCc2ccco2)cc1Cl	Age	Elderly	-0.20052
NS(=O)(=O)c1cc(C(=O)O)c(NCc2ccco2)cc1Cl	Weight	Low	-0.2465
NS(=O)(=O)c1cc(C(=O)O)c(NCc2ccco2)cc1Cl	Weight	Average	-0.20832
NS(=O)(=O)c1cc(C(=O)O)c(NCc2ccco2)cc1Cl	Weight	High	-0.27047
O=C(CCCN1CCC(O)(c2ccc(Cl)cc2)CC1)c1ccc(F)cc1	Sex	Male	-0.02075
O=C(CCCN1CCC(O)(c2ccc(Cl)cc2)CC1)c1ccc(F)cc1	Sex	Female	-0.00188
O=C(CCCN1CCC(O)(c2ccc(Cl)cc2)CC1)c1ccc(F)cc1	Age	Children	-0.044
O=C(CCCN1CCC(O)(c2ccc(Cl)cc2)CC1)c1ccc(F)cc1	Age	Adolescent	-0.00623
O=C(CCCN1CCC(O)(c2ccc(Cl)cc2)CC1)c1ccc(F)cc1	Age	Adult	-0.02982
O=C(CCCN1CCC(O)(c2ccc(Cl)cc2)CC1)c1ccc(F)cc1	Age	Elderly	-0.23651
O=C(CCCN1CCC(O)(c2ccc(Cl)cc2)CC1)c1ccc(F)cc1	Weight	Low	-0.20068
O=C(CCCN1CCC(O)(c2ccc(Cl)cc2)CC1)c1ccc(F)cc1	Weight	Average	-0.20496
O=C(CCCN1CCC(O)(c2ccc(Cl)cc2)CC1)c1ccc(F)cc1	Weight	High	-0.21246
O=C1CN=C(c2ccccc2Cl)c2cc([N+](=O)[O-])ccc2N1	Sex	Male	-0.06522
O=C1CN=C(c2ccccc2Cl)c2cc([N+](=O)[O-])ccc2N1	Sex	Female	-0.00131
O=C1CN=C(c2ccccc2Cl)c2cc([N+](=O)[O-])ccc2N1	Age	Children	-0.03165
O=C1CN=C(c2ccccc2Cl)c2cc([N+](=O)[O-])ccc2N1	Age	Adolescent	0.00719
O=C1CN=C(c2ccccc2Cl)c2cc([N+](=O)[O-])ccc2N1	Age	Adult	-0.04079
O=C1CN=C(c2ccccc2Cl)c2cc([N+](=O)[O-])ccc2N1	Age	Elderly	-0.20042
O=C1CN=C(c2ccccc2Cl)c2cc([N+](=O)[O-])ccc2N1	Weight	Low	-0.20773
O=C1CN=C(c2ccccc2Cl)c2cc([N+](=O)[O-])ccc2N1	Weight	Average	-0.18207
O=C1CN=C(c2ccccc2Cl)c2cc([N+](=O)[O-])ccc2N1	Weight	High	-0.25077
CC(c1ncncc1F)C(O)(Cn1cncn1)c1ccc(F)cc1F	Sex	Male	-0.07882
CC(c1ncncc1F)C(O)(Cn1cncn1)c1ccc(F)cc1F	Sex	Female	-0.00114
CC(c1ncncc1F)C(O)(Cn1cncn1)c1ccc(F)cc1F	Age	Children	-0.05633
CC(c1ncncc1F)C(O)(Cn1cncn1)c1ccc(F)cc1F	Age	Adolescent	0.00819
CC(c1ncncc1F)C(O)(Cn1cncn1)c1ccc(F)cc1F	Age	Adult	-0.0481
CC(c1ncncc1F)C(O)(Cn1cncn1)c1ccc(F)cc1F	Age	Elderly	-0.18524
CC(c1ncncc1F)C(O)(Cn1cncn1)c1ccc(F)cc1F	Weight	Low	-0.20328
CC(c1ncncc1F)C(O)(Cn1cncn1)c1ccc(F)cc1F	Weight	Average	-0.12643
CC(c1ncncc1F)C(O)(Cn1cncn1)c1ccc(F)cc1F	Weight	High	-0.25113
CC12C=CC(=O)C=C1CCC1C2C(=O)CC2(C)C1CCC2(O)C(=O)CO	Sex	Male	-0.07593
CC12C=CC(=O)C=C1CCC1C2C(=O)CC2(C)C1CCC2(O)C(=O)CO	Sex	Female	-0.00212
CC12C=CC(=O)C=C1CCC1C2C(=O)CC2(C)C1CCC2(O)C(=O)CO	Age	Children	-0.04965
CC12C=CC(=O)C=C1CCC1C2C(=O)CC2(C)C1CCC2(O)C(=O)CO	Age	Adolescent	0.0175
CC12C=CC(=O)C=C1CCC1C2C(=O)CC2(C)C1CCC2(O)C(=O)CO	Age	Adult	-0.05251
CC12C=CC(=O)C=C1CCC1C2C(=O)CC2(C)C1CCC2(O)C(=O)CO	Age	Elderly	-0.17597
CC12C=CC(=O)C=C1CCC1C2C(=O)CC2(C)C1CCC2(O)C(=O)CO	Weight	Low	-0.20787
CC12C=CC(=O)C=C1CCC1C2C(=O)CC2(C)C1CCC2(O)C(=O)CO	Weight	Average	-0.15458
CC12C=CC(=O)C=C1CCC1C2C(=O)CC2(C)C1CCC2(O)C(=O)CO	Weight	High	-0.21363
CCC1(O)C(=O)OCc2c1cc1n(c2=O)Cc2cc3c(CN(C)C)c(O)ccc3nc2-1	Sex	Male	-0.08959
CCC1(O)C(=O)OCc2c1cc1n(c2=O)Cc2cc3c(CN(C)C)c(O)ccc3nc2-1	Sex	Female	-0.00265
CCC1(O)C(=O)OCc2c1cc1n(c2=O)Cc2cc3c(CN(C)C)c(O)ccc3nc2-1	Age	Children	-0.05482
CCC1(O)C(=O)OCc2c1cc1n(c2=O)Cc2cc3c(CN(C)C)c(O)ccc3nc2-1	Age	Adolescent	-0.02139
CCC1(O)C(=O)OCc2c1cc1n(c2=O)Cc2cc3c(CN(C)C)c(O)ccc3nc2-1	Age	Adult	-0.05315
CCC1(O)C(=O)OCc2c1cc1n(c2=O)Cc2cc3c(CN(C)C)c(O)ccc3nc2-1	Age	Elderly	-0.07513
CCC1(O)C(=O)OCc2c1cc1n(c2=O)Cc2cc3c(CN(C)C)c(O)ccc3nc2-1	Weight	Low	-0.18448
CCC1(O)C(=O)OCc2c1cc1n(c2=O)Cc2cc3c(CN(C)C)c(O)ccc3nc2-1	Weight	Average	-0.18863
CCC1(O)C(=O)OCc2c1cc1n(c2=O)Cc2cc3c(CN(C)C)c(O)ccc3nc2-1	Weight	High	-0.20645
CCCC1OC2CC3C4CC=C5CC(=O)C=CC5(C)C4C(O)CC3(C)C2(C(=O)CO)O1	Sex	Male	-0.05797
CCCC1OC2CC3C4CC=C5CC(=O)C=CC5(C)C4C(O)CC3(C)C2(C(=O)CO)O1	Sex	Female	-0.0005
CCCC1OC2CC3C4CC=C5CC(=O)C=CC5(C)C4C(O)CC3(C)C2(C(=O)CO)O1	Age	Children	-0.02251
CCCC1OC2CC3C4CC=C5CC(=O)C=CC5(C)C4C(O)CC3(C)C2(C(=O)CO)O1	Age	Adolescent	-0.00718
CCCC1OC2CC3C4CC=C5CC(=O)C=CC5(C)C4C(O)CC3(C)C2(C(=O)CO)O1	Age	Adult	-0.02371
CCCC1OC2CC3C4CC=C5CC(=O)C=CC5(C)C4C(O)CC3(C)C2(C(=O)CO)O1	Age	Elderly	-0.09778
CCCC1OC2CC3C4CC=C5CC(=O)C=CC5(C)C4C(O)CC3(C)C2(C(=O)CO)O1	Weight	Low	-0.07813
CCCC1OC2CC3C4CC=C5CC(=O)C=CC5(C)C4C(O)CC3(C)C2(C(=O)CO)O1	Weight	Average	-0.06591
CCCC1OC2CC3C4CC=C5CC(=O)C=CC5(C)C4C(O)CC3(C)C2(C(=O)CO)O1	Weight	High	-0.11707
CCNC(C)Cc1cccc(C(F)(F)F)c1	Sex	Male	-0.09988
CCNC(C)Cc1cccc(C(F)(F)F)c1	Sex	Female	-0.00194
CCNC(C)Cc1cccc(C(F)(F)F)c1	Age	Children	-0.06622
CCNC(C)Cc1cccc(C(F)(F)F)c1	Age	Adolescent	0.00915
CCNC(C)Cc1cccc(C(F)(F)F)c1	Age	Adult	-0.05018
CCNC(C)Cc1cccc(C(F)(F)F)c1	Age	Elderly	-0.16567
CCNC(C)Cc1cccc(C(F)(F)F)c1	Weight	Low	-0.29473
CCNC(C)Cc1cccc(C(F)(F)F)c1	Weight	Average	-0.20689
CCNC(C)Cc1cccc(C(F)(F)F)c1	Weight	High	-0.27817
CCOC(=O)N1CCC(=C2c3ccc(Cl)cc3CCc3cccnc32)CC1	Sex	Male	-0.07363
CCOC(=O)N1CCC(=C2c3ccc(Cl)cc3CCc3cccnc32)CC1	Sex	Female	-0.00184
CCOC(=O)N1CCC(=C2c3ccc(Cl)cc3CCc3cccnc32)CC1	Age	Children	-0.05023
CCOC(=O)N1CCC(=C2c3ccc(Cl)cc3CCc3cccnc32)CC1	Age	Adolescent	0.00012
CCOC(=O)N1CCC(=C2c3ccc(Cl)cc3CCc3cccnc32)CC1	Age	Adult	-0.04146
CCOC(=O)N1CCC(=C2c3ccc(Cl)cc3CCc3cccnc32)CC1	Age	Elderly	-0.16693
CCOC(=O)N1CCC(=C2c3ccc(Cl)cc3CCc3cccnc32)CC1	Weight	Low	-0.13949
CCOC(=O)N1CCC(=C2c3ccc(Cl)cc3CCc3cccnc32)CC1	Weight	Average	-0.16144
CCOC(=O)N1CCC(=C2c3ccc(Cl)cc3CCc3cccnc32)CC1	Weight	High	-0.1882
CNC1(c2ccccc2Cl)CCCCC1=O	Sex	Male	-0.06613
CNC1(c2ccccc2Cl)CCCCC1=O	Sex	Female	-0.00172
CNC1(c2ccccc2Cl)CCCCC1=O	Age	Children	-0.02695
CNC1(c2ccccc2Cl)CCCCC1=O	Age	Adolescent	0.01213
CNC1(c2ccccc2Cl)CCCCC1=O	Age	Adult	-0.01804
CNC1(c2ccccc2Cl)CCCCC1=O	Age	Elderly	-0.13408
CNC1(c2ccccc2Cl)CCCCC1=O	Weight	Low	-0.194
CNC1(c2ccccc2Cl)CCCCC1=O	Weight	Average	-0.18498
CNC1(c2ccccc2Cl)CCCCC1=O	Weight	High	-0.25902
N=C(N)NC(=O)Cc1c(Cl)cccc1Cl	Sex	Male	-0.13575
N=C(N)NC(=O)Cc1c(Cl)cccc1Cl	Sex	Female	-0.00215
N=C(N)NC(=O)Cc1c(Cl)cccc1Cl	Age	Children	-0.04121
N=C(N)NC(=O)Cc1c(Cl)cccc1Cl	Age	Adolescent	0.00252
N=C(N)NC(=O)Cc1c(Cl)cccc1Cl	Age	Adult	-0.05241
N=C(N)NC(=O)Cc1c(Cl)cccc1Cl	Age	Elderly	-0.19013
N=C(N)NC(=O)Cc1c(Cl)cccc1Cl	Weight	Low	-0.15545
N=C(N)NC(=O)Cc1c(Cl)cccc1Cl	Weight	Average	-0.21099
N=C(N)NC(=O)Cc1c(Cl)cccc1Cl	Weight	High	-0.23932
CC(=O)OCC(=O)C12N=C(C)OC1CC1C3CC=C4CC(=O)C=CC4(C)C3C(O)CC12C	Sex	Male	-0.08211
CC(=O)OCC(=O)C12N=C(C)OC1CC1C3CC=C4CC(=O)C=CC4(C)C3C(O)CC12C	Sex	Female	-0.00743
CC(=O)OCC(=O)C12N=C(C)OC1CC1C3CC=C4CC(=O)C=CC4(C)C3C(O)CC12C	Age	Children	-0.04418
CC(=O)OCC(=O)C12N=C(C)OC1CC1C3CC=C4CC(=O)C=CC4(C)C3C(O)CC12C	Age	Adolescent	-0.02256
CC(=O)OCC(=O)C12N=C(C)OC1CC1C3CC=C4CC(=O)C=CC4(C)C3C(O)CC12C	Age	Adult	-0.0392
CC(=O)OCC(=O)C12N=C(C)OC1CC1C3CC=C4CC(=O)C=CC4(C)C3C(O)CC12C	Age	Elderly	-0.14585
CC(=O)OCC(=O)C12N=C(C)OC1CC1C3CC=C4CC(=O)C=CC4(C)C3C(O)CC12C	Weight	Low	-0.12236
CC(=O)OCC(=O)C12N=C(C)OC1CC1C3CC=C4CC(=O)C=CC4(C)C3C(O)CC12C	Weight	Average	-0.09714
CC(=O)OCC(=O)C12N=C(C)OC1CC1C3CC=C4CC(=O)C=CC4(C)C3C(O)CC12C	Weight	High	-0.195
CC(C)(C)c1cc(C(C)(C)C)c(NC(=O)c2c[nH]c3ccccc3c2=O)cc1O	Sex	Male	-0.07937
CC(C)(C)c1cc(C(C)(C)C)c(NC(=O)c2c[nH]c3ccccc3c2=O)cc1O	Sex	Female	-0.00182
CC(C)(C)c1cc(C(C)(C)C)c(NC(=O)c2c[nH]c3ccccc3c2=O)cc1O	Age	Children	-0.05024
CC(C)(C)c1cc(C(C)(C)C)c(NC(=O)c2c[nH]c3ccccc3c2=O)cc1O	Age	Adolescent	0.00894
CC(C)(C)c1cc(C(C)(C)C)c(NC(=O)c2c[nH]c3ccccc3c2=O)cc1O	Age	Adult	-0.07231
CC(C)(C)c1cc(C(C)(C)C)c(NC(=O)c2c[nH]c3ccccc3c2=O)cc1O	Age	Elderly	-0.12665
CC(C)(C)c1cc(C(C)(C)C)c(NC(=O)c2c[nH]c3ccccc3c2=O)cc1O	Weight	Low	-0.27075
CC(C)(C)c1cc(C(C)(C)C)c(NC(=O)c2c[nH]c3ccccc3c2=O)cc1O	Weight	Average	-0.21167
CC(C)(C)c1cc(C(C)(C)C)c(NC(=O)c2c[nH]c3ccccc3c2=O)cc1O	Weight	High	-0.23832
C[N+](C)(C)CC(=O)[O-]	Sex	Male	-0.10444
C[N+](C)(C)CC(=O)[O-]	Sex	Female	-0.00207
C[N+](C)(C)CC(=O)[O-]	Age	Children	-0.04987
C[N+](C)(C)CC(=O)[O-]	Age	Adolescent	0.00585
C[N+](C)(C)CC(=O)[O-]	Age	Adult	-0.0611
C[N+](C)(C)CC(=O)[O-]	Age	Elderly	-0.19483
C[N+](C)(C)CC(=O)[O-]	Weight	Low	-0.2566
C[N+](C)(C)CC(=O)[O-]	Weight	Average	-0.24249
C[N+](C)(C)CC(=O)[O-]	Weight	High	-0.28486
Cc1cc(NS(=O)(=O)c2ccc(N)cc2)no1	Sex	Male	-0.12528
Cc1cc(NS(=O)(=O)c2ccc(N)cc2)no1	Sex	Female	0.00127
Cc1cc(NS(=O)(=O)c2ccc(N)cc2)no1	Age	Children	-0.03419
Cc1cc(NS(=O)(=O)c2ccc(N)cc2)no1	Age	Adolescent	-0.00021
Cc1cc(NS(=O)(=O)c2ccc(N)cc2)no1	Age	Adult	-0.0375
Cc1cc(NS(=O)(=O)c2ccc(N)cc2)no1	Age	Elderly	-0.16314
Cc1cc(NS(=O)(=O)c2ccc(N)cc2)no1	Weight	Low	-0.16948
Cc1cc(NS(=O)(=O)c2ccc(N)cc2)no1	Weight	Average	-0.12792
Cc1cc(NS(=O)(=O)c2ccc(N)cc2)no1	Weight	High	-0.19251
O=C(O)C1C(=CCO)OC2CC(=O)N21	Sex	Male	-0.11296
O=C(O)C1C(=CCO)OC2CC(=O)N21	Sex	Female	-0.0082
O=C(O)C1C(=CCO)OC2CC(=O)N21	Age	Children	-0.03087
O=C(O)C1C(=CCO)OC2CC(=O)N21	Age	Adolescent	-0.00309
O=C(O)C1C(=CCO)OC2CC(=O)N21	Age	Adult	-0.04259
O=C(O)C1C(=CCO)OC2CC(=O)N21	Age	Elderly	-0.18076
O=C(O)C1C(=CCO)OC2CC(=O)N21	Weight	Low	-0.22946
O=C(O)C1C(=CCO)OC2CC(=O)N21	Weight	Average	-0.19151
O=C(O)C1C(=CCO)OC2CC(=O)N21	Weight	High	-0.25107
C#CC1(O)CCC2C3CC=C4CC(=O)CCC4C3CCC21CC	Sex	Male	-0.07146
C#CC1(O)CCC2C3CC=C4CC(=O)CCC4C3CCC21CC	Sex	Female	-0.00792
C#CC1(O)CCC2C3CC=C4CC(=O)CCC4C3CCC21CC	Age	Children	-0.04233
C#CC1(O)CCC2C3CC=C4CC(=O)CCC4C3CCC21CC	Age	Adolescent	-0.00866
C#CC1(O)CCC2C3CC=C4CC(=O)CCC4C3CCC21CC	Age	Adult	-0.05613
C#CC1(O)CCC2C3CC=C4CC(=O)CCC4C3CCC21CC	Age	Elderly	-0.17062
C#CC1(O)CCC2C3CC=C4CC(=O)CCC4C3CCC21CC	Weight	Low	-0.14077
C#CC1(O)CCC2C3CC=C4CC(=O)CCC4C3CCC21CC	Weight	Average	-0.19052
C#CC1(O)CCC2C3CC=C4CC(=O)CCC4C3CCC21CC	Weight	High	-0.23403
CC(=O)C1CCC2C3CC=C4CC(=O)CCC4(C)C3CCC12C	Sex	Male	-0.07686
CC(=O)C1CCC2C3CC=C4CC(=O)CCC4(C)C3CCC12C	Sex	Female	-0.00787
CC(=O)C1CCC2C3CC=C4CC(=O)CCC4(C)C3CCC12C	Age	Children	-0.02441
CC(=O)C1CCC2C3CC=C4CC(=O)CCC4(C)C3CCC12C	Age	Adolescent	-0.0072
CC(=O)C1CCC2C3CC=C4CC(=O)CCC4(C)C3CCC12C	Age	Adult	-0.04308
CC(=O)C1CCC2C3CC=C4CC(=O)CCC4(C)C3CCC12C	Age	Elderly	-0.17876
CC(=O)C1CCC2C3CC=C4CC(=O)CCC4(C)C3CCC12C	Weight	Low	-0.15901
CC(=O)C1CCC2C3CC=C4CC(=O)CCC4(C)C3CCC12C	Weight	Average	-0.14114
CC(=O)C1CCC2C3CC=C4CC(=O)CCC4(C)C3CCC12C	Weight	High	-0.15463
CCN(CCO)CCCC(C)Nc1ccnc2cc(Cl)ccc12	Sex	Male	-0.04816
CCN(CCO)CCCC(C)Nc1ccnc2cc(Cl)ccc12	Sex	Female	-0.00031
CCN(CCO)CCCC(C)Nc1ccnc2cc(Cl)ccc12	Age	Children	-0.01375
CCN(CCO)CCCC(C)Nc1ccnc2cc(Cl)ccc12	Age	Adolescent	0.00546
CCN(CCO)CCCC(C)Nc1ccnc2cc(Cl)ccc12	Age	Adult	-0.0167
CCN(CCO)CCCC(C)Nc1ccnc2cc(Cl)ccc12	Age	Elderly	-0.11068
CCN(CCO)CCCC(C)Nc1ccnc2cc(Cl)ccc12	Weight	Low	-0.1142
CCN(CCO)CCCC(C)Nc1ccnc2cc(Cl)ccc12	Weight	Average	-0.07793
CCN(CCO)CCCC(C)Nc1ccnc2cc(Cl)ccc12	Weight	High	-0.13295
CCc1c2c(nc3ccc(OC(=O)N4CCC(N5CCCCC5)CC4)cc13)-c1cc3c(c(=O)n1C2)COC(=O)C3(O)CC	Sex	Male	-0.10857
CCc1c2c(nc3ccc(OC(=O)N4CCC(N5CCCCC5)CC4)cc13)-c1cc3c(c(=O)n1C2)COC(=O)C3(O)CC	Sex	Female	-0.00345
CCc1c2c(nc3ccc(OC(=O)N4CCC(N5CCCCC5)CC4)cc13)-c1cc3c(c(=O)n1C2)COC(=O)C3(O)CC	Age	Children	-0.06227
CCc1c2c(nc3ccc(OC(=O)N4CCC(N5CCCCC5)CC4)cc13)-c1cc3c(c(=O)n1C2)COC(=O)C3(O)CC	Age	Adolescent	-0.01365
CCc1c2c(nc3ccc(OC(=O)N4CCC(N5CCCCC5)CC4)cc13)-c1cc3c(c(=O)n1C2)COC(=O)C3(O)CC	Age	Adult	-0.05917
CCc1c2c(nc3ccc(OC(=O)N4CCC(N5CCCCC5)CC4)cc13)-c1cc3c(c(=O)n1C2)COC(=O)C3(O)CC	Age	Elderly	-0.0563
CCc1c2c(nc3ccc(OC(=O)N4CCC(N5CCCCC5)CC4)cc13)-c1cc3c(c(=O)n1C2)COC(=O)C3(O)CC	Weight	Low	-0.09276
CCc1c2c(nc3ccc(OC(=O)N4CCC(N5CCCCC5)CC4)cc13)-c1cc3c(c(=O)n1C2)COC(=O)C3(O)CC	Weight	Average	-0.11255
CCc1c2c(nc3ccc(OC(=O)N4CCC(N5CCCCC5)CC4)cc13)-c1cc3c(c(=O)n1C2)COC(=O)C3(O)CC	Weight	High	-0.18479
CN(C)C(=O)Oc1cccc([N+](C)(C)C)c1	Sex	Male	-0.05145
CN(C)C(=O)Oc1cccc([N+](C)(C)C)c1	Sex	Female	-0.00056
CN(C)C(=O)Oc1cccc([N+](C)(C)C)c1	Age	Children	-0.01537
CN(C)C(=O)Oc1cccc([N+](C)(C)C)c1	Age	Adolescent	0.00402
CN(C)C(=O)Oc1cccc([N+](C)(C)C)c1	Age	Adult	-0.03727
CN(C)C(=O)Oc1cccc([N+](C)(C)C)c1	Age	Elderly	-0.2187
CN(C)C(=O)Oc1cccc([N+](C)(C)C)c1	Weight	Low	-0.21372
CN(C)C(=O)Oc1cccc([N+](C)(C)C)c1	Weight	Average	-0.16132
CN(C)C(=O)Oc1cccc([N+](C)(C)C)c1	Weight	High	-0.20183
CNC(=O)c1cc(Oc2ccc(NC(=O)Nc3ccc(Cl)c(C(F)(F)F)c3)cc2)ccn1	Sex	Male	-0.0831
CNC(=O)c1cc(Oc2ccc(NC(=O)Nc3ccc(Cl)c(C(F)(F)F)c3)cc2)ccn1	Sex	Female	-0.00496
CNC(=O)c1cc(Oc2ccc(NC(=O)Nc3ccc(Cl)c(C(F)(F)F)c3)cc2)ccn1	Age	Children	-0.04672
CNC(=O)c1cc(Oc2ccc(NC(=O)Nc3ccc(Cl)c(C(F)(F)F)c3)cc2)ccn1	Age	Adolescent	-0.00274
CNC(=O)c1cc(Oc2ccc(NC(=O)Nc3ccc(Cl)c(C(F)(F)F)c3)cc2)ccn1	Age	Adult	-0.07968
CNC(=O)c1cc(Oc2ccc(NC(=O)Nc3ccc(Cl)c(C(F)(F)F)c3)cc2)ccn1	Age	Elderly	-0.14623
CNC(=O)c1cc(Oc2ccc(NC(=O)Nc3ccc(Cl)c(C(F)(F)F)c3)cc2)ccn1	Weight	Low	-0.26804
CNC(=O)c1cc(Oc2ccc(NC(=O)Nc3ccc(Cl)c(C(F)(F)F)c3)cc2)ccn1	Weight	Average	-0.12527
CNC(=O)c1cc(Oc2ccc(NC(=O)Nc3ccc(Cl)c(C(F)(F)F)c3)cc2)ccn1	Weight	High	-0.22169
CNCCC=C1c2ccccc2CCc2ccccc21	Sex	Male	-0.08299
CNCCC=C1c2ccccc2CCc2ccccc21	Sex	Female	-0.00177
CNCCC=C1c2ccccc2CCc2ccccc21	Age	Children	-0.04491
CNCCC=C1c2ccccc2CCc2ccccc21	Age	Adolescent	0.00682
CNCCC=C1c2ccccc2CCc2ccccc21	Age	Adult	-0.03936
CNCCC=C1c2ccccc2CCc2ccccc21	Age	Elderly	-0.17972
CNCCC=C1c2ccccc2CCc2ccccc21	Weight	Low	-0.23674
CNCCC=C1c2ccccc2CCc2ccccc21	Weight	Average	-0.22942
CNCCC=C1c2ccccc2CCc2ccccc21	Weight	High	-0.27578
COC(=O)C(c1ccccc1Cl)N1CCc2sccc2C1	Sex	Male	-0.0767
COC(=O)C(c1ccccc1Cl)N1CCc2sccc2C1	Sex	Female	-0.00164
COC(=O)C(c1ccccc1Cl)N1CCc2sccc2C1	Age	Children	-0.04608
COC(=O)C(c1ccccc1Cl)N1CCc2sccc2C1	Age	Adolescent	4e-05
COC(=O)C(c1ccccc1Cl)N1CCc2sccc2C1	Age	Adult	-0.05054
COC(=O)C(c1ccccc1Cl)N1CCc2sccc2C1	Age	Elderly	-0.1373
COC(=O)C(c1ccccc1Cl)N1CCc2sccc2C1	Weight	Low	-0.15926
COC(=O)C(c1ccccc1Cl)N1CCc2sccc2C1	Weight	Average	-0.1486
COC(=O)C(c1ccccc1Cl)N1CCc2sccc2C1	Weight	High	-0.20254
COc1cc2c(c(OC)c1OC)-c1ccc(OC)c(=O)cc1C(NC(C)=O)CC2	Sex	Male	-0.14822
COc1cc2c(c(OC)c1OC)-c1ccc(OC)c(=O)cc1C(NC(C)=O)CC2	Sex	Female	-0.00195
COc1cc2c(c(OC)c1OC)-c1ccc(OC)c(=O)cc1C(NC(C)=O)CC2	Age	Children	-0.05324
COc1cc2c(c(OC)c1OC)-c1ccc(OC)c(=O)cc1C(NC(C)=O)CC2	Age	Adolescent	0.00139
COc1cc2c(c(OC)c1OC)-c1ccc(OC)c(=O)cc1C(NC(C)=O)CC2	Age	Adult	-0.04835
COc1cc2c(c(OC)c1OC)-c1ccc(OC)c(=O)cc1C(NC(C)=O)CC2	Age	Elderly	-0.21405
COc1cc2c(c(OC)c1OC)-c1ccc(OC)c(=O)cc1C(NC(C)=O)CC2	Weight	Low	-0.23953
COc1cc2c(c(OC)c1OC)-c1ccc(OC)c(=O)cc1C(NC(C)=O)CC2	Weight	Average	-0.24103
COc1cc2c(c(OC)c1OC)-c1ccc(OC)c(=O)cc1C(NC(C)=O)CC2	Weight	High	-0.25474
C[N+](C)(C)CCOC(=O)CCC(=O)OCC[N+](C)(C)C	Sex	Male	-0.07517
C[N+](C)(C)CCOC(=O)CCC(=O)OCC[N+](C)(C)C	Sex	Female	-0.00209
C[N+](C)(C)CCOC(=O)CCC(=O)OCC[N+](C)(C)C	Age	Children	-0.06269
C[N+](C)(C)CCOC(=O)CCC(=O)OCC[N+](C)(C)C	Age	Adolescent	-0.01444
C[N+](C)(C)CCOC(=O)CCC(=O)OCC[N+](C)(C)C	Age	Adult	-0.05385
C[N+](C)(C)CCOC(=O)CCC(=O)OCC[N+](C)(C)C	Age	Elderly	-0.18101
C[N+](C)(C)CCOC(=O)CCC(=O)OCC[N+](C)(C)C	Weight	Low	-0.21565
C[N+](C)(C)CCOC(=O)CCC(=O)OCC[N+](C)(C)C	Weight	Average	-0.2075
C[N+](C)(C)CCOC(=O)CCC(=O)OCC[N+](C)(C)C	Weight	High	-0.24143
Cc1ccccc1C(=O)Nc1ccc(C(=O)N2CCCC(O)c3cc(Cl)ccc32)c(C)c1	Sex	Male	-0.09934
Cc1ccccc1C(=O)Nc1ccc(C(=O)N2CCCC(O)c3cc(Cl)ccc32)c(C)c1	Sex	Female	0.00192
Cc1ccccc1C(=O)Nc1ccc(C(=O)N2CCCC(O)c3cc(Cl)ccc32)c(C)c1	Age	Children	-0.04187
Cc1ccccc1C(=O)Nc1ccc(C(=O)N2CCCC(O)c3cc(Cl)ccc32)c(C)c1	Age	Adolescent	0.00389
Cc1ccccc1C(=O)Nc1ccc(C(=O)N2CCCC(O)c3cc(Cl)ccc32)c(C)c1	Age	Adult	-0.05075
Cc1ccccc1C(=O)Nc1ccc(C(=O)N2CCCC(O)c3cc(Cl)ccc32)c(C)c1	Age	Elderly	-0.16292
Cc1ccccc1C(=O)Nc1ccc(C(=O)N2CCCC(O)c3cc(Cl)ccc32)c(C)c1	Weight	Low	-0.19814
Cc1ccccc1C(=O)Nc1ccc(C(=O)N2CCCC(O)c3cc(Cl)ccc32)c(C)c1	Weight	Average	-0.1877
Cc1ccccc1C(=O)Nc1ccc(C(=O)N2CCCC(O)c3cc(Cl)ccc32)c(C)c1	Weight	High	-0.22779
Cc1nc(Nc2ncc(C(=O)Nc3c(C)cccc3Cl)s2)cc(N2CCN(CCO)CC2)n1	Sex	Male	-0.04373
Cc1nc(Nc2ncc(C(=O)Nc3c(C)cccc3Cl)s2)cc(N2CCN(CCO)CC2)n1	Sex	Female	-0.00055
Cc1nc(Nc2ncc(C(=O)Nc3c(C)cccc3Cl)s2)cc(N2CCN(CCO)CC2)n1	Age	Children	-0.01993
Cc1nc(Nc2ncc(C(=O)Nc3c(C)cccc3Cl)s2)cc(N2CCN(CCO)CC2)n1	Age	Adolescent	-0.00067
Cc1nc(Nc2ncc(C(=O)Nc3c(C)cccc3Cl)s2)cc(N2CCN(CCO)CC2)n1	Age	Adult	-0.01587
Cc1nc(Nc2ncc(C(=O)Nc3c(C)cccc3Cl)s2)cc(N2CCN(CCO)CC2)n1	Age	Elderly	-0.06096
Cc1nc(Nc2ncc(C(=O)Nc3c(C)cccc3Cl)s2)cc(N2CCN(CCO)CC2)n1	Weight	Low	-0.09657
Cc1nc(Nc2ncc(C(=O)Nc3c(C)cccc3Cl)s2)cc(N2CCN(CCO)CC2)n1	Weight	Average	-0.06559
Cc1nc(Nc2ncc(C(=O)Nc3c(C)cccc3Cl)s2)cc(N2CCN(CCO)CC2)n1	Weight	High	-0.15549
Cc1ncc2n1-c1ccc(Cl)cc1C(c1ccccc1F)=NC2	Sex	Male	-0.0893
Cc1ncc2n1-c1ccc(Cl)cc1C(c1ccccc1F)=NC2	Sex	Female	-0.00099
Cc1ncc2n1-c1ccc(Cl)cc1C(c1ccccc1F)=NC2	Age	Children	-0.02784
Cc1ncc2n1-c1ccc(Cl)cc1C(c1ccccc1F)=NC2	Age	Adolescent	0.01115
Cc1ncc2n1-c1ccc(Cl)cc1C(c1ccccc1F)=NC2	Age	Adult	-0.03871
Cc1ncc2n1-c1ccc(Cl)cc1C(c1ccccc1F)=NC2	Age	Elderly	-0.1957
Cc1ncc2n1-c1ccc(Cl)cc1C(c1ccccc1F)=NC2	Weight	Low	-0.23403
Cc1ncc2n1-c1ccc(Cl)cc1C(c1ccccc1F)=NC2	Weight	Average	-0.17403
Cc1ncc2n1-c1ccc(Cl)cc1C(c1ccccc1F)=NC2	Weight	High	-0.21872
Clc1ccc2c(c1)CCc1cccnc1C2=C1CCNCC1	Sex	Male	-0.09684
Clc1ccc2c(c1)CCc1cccnc1C2=C1CCNCC1	Sex	Female	-0.00215
Clc1ccc2c(c1)CCc1cccnc1C2=C1CCNCC1	Age	Children	-0.06443
Clc1ccc2c(c1)CCc1cccnc1C2=C1CCNCC1	Age	Adolescent	0.00492
Clc1ccc2c(c1)CCc1cccnc1C2=C1CCNCC1	Age	Adult	-0.05132
Clc1ccc2c(c1)CCc1cccnc1C2=C1CCNCC1	Age	Elderly	-0.26569
Clc1ccc2c(c1)CCc1cccnc1C2=C1CCNCC1	Weight	Low	-0.2403
Clc1ccc2c(c1)CCc1cccnc1C2=C1CCNCC1	Weight	Average	-0.24953
Clc1ccc2c(c1)CCc1cccnc1C2=C1CCNCC1	Weight	High	-0.30846
Cn1cnc2c(F)c(Nc3ccc(Br)cc3Cl)c(C(=O)NOCCO)cc21	Sex	Male	-0.04239
Cn1cnc2c(F)c(Nc3ccc(Br)cc3Cl)c(C(=O)NOCCO)cc21	Sex	Female	-0.00372
Cn1cnc2c(F)c(Nc3ccc(Br)cc3Cl)c(C(=O)NOCCO)cc21	Age	Children	-0.04938
Cn1cnc2c(F)c(Nc3ccc(Br)cc3Cl)c(C(=O)NOCCO)cc21	Age	Adolescent	0.00287
Cn1cnc2c(F)c(Nc3ccc(Br)cc3Cl)c(C(=O)NOCCO)cc21	Age	Adult	-0.072
Cn1cnc2c(F)c(Nc3ccc(Br)cc3Cl)c(C(=O)NOCCO)cc21	Age	Elderly	-0.1679
Cn1cnc2c(F)c(Nc3ccc(Br)cc3Cl)c(C(=O)NOCCO)cc21	Weight	Low	-0.20138
Cn1cnc2c(F)c(Nc3ccc(Br)cc3Cl)c(C(=O)NOCCO)cc21	Weight	Average	-0.12765
Cn1cnc2c(F)c(Nc3ccc(Br)cc3Cl)c(C(=O)NOCCO)cc21	Weight	High	-0.08272
NS(=O)(=O)c1cc2c(cc1Cl)NCNS2(=O)=O	Sex	Male	-0.07352
NS(=O)(=O)c1cc2c(cc1Cl)NCNS2(=O)=O	Sex	Female	-0.00159
NS(=O)(=O)c1cc2c(cc1Cl)NCNS2(=O)=O	Age	Children	-0.04067
NS(=O)(=O)c1cc2c(cc1Cl)NCNS2(=O)=O	Age	Adolescent	-0.00254
NS(=O)(=O)c1cc2c(cc1Cl)NCNS2(=O)=O	Age	Adult	-0.02406
NS(=O)(=O)c1cc2c(cc1Cl)NCNS2(=O)=O	Age	Elderly	-0.13724
NS(=O)(=O)c1cc2c(cc1Cl)NCNS2(=O)=O	Weight	Low	-0.12114
NS(=O)(=O)c1cc2c(cc1Cl)NCNS2(=O)=O	Weight	Average	-0.11197
NS(=O)(=O)c1cc2c(cc1Cl)NCNS2(=O)=O	Weight	High	-0.19479
Nc1nc(=O)c2ncn(COCCO)c2[nH]1	Sex	Male	-0.12062
Nc1nc(=O)c2ncn(COCCO)c2[nH]1	Sex	Female	-0.00514
Nc1nc(=O)c2ncn(COCCO)c2[nH]1	Age	Children	-0.0476
Nc1nc(=O)c2ncn(COCCO)c2[nH]1	Age	Adolescent	0.00181
Nc1nc(=O)c2ncn(COCCO)c2[nH]1	Age	Adult	-0.04758
Nc1nc(=O)c2ncn(COCCO)c2[nH]1	Age	Elderly	-0.15657
Nc1nc(=O)c2ncn(COCCO)c2[nH]1	Weight	Low	-0.22074
Nc1nc(=O)c2ncn(COCCO)c2[nH]1	Weight	Average	-0.16285
Nc1nc(=O)c2ncn(COCCO)c2[nH]1	Weight	High	-0.18194
O=C1N=C(c2ccccc2Cl)c2cc(Cl)ccc2NC1O	Sex	Male	-0.11295
O=C1N=C(c2ccccc2Cl)c2cc(Cl)ccc2NC1O	Sex	Female	-0.00196
O=C1N=C(c2ccccc2Cl)c2cc(Cl)ccc2NC1O	Age	Children	-0.05464
O=C1N=C(c2ccccc2Cl)c2cc(Cl)ccc2NC1O	Age	Adolescent	0.01349
O=C1N=C(c2ccccc2Cl)c2cc(Cl)ccc2NC1O	Age	Adult	-0.05294
O=C1N=C(c2ccccc2Cl)c2cc(Cl)ccc2NC1O	Age	Elderly	-0.18884
O=C1N=C(c2ccccc2Cl)c2cc(Cl)ccc2NC1O	Weight	Low	-0.19499
O=C1N=C(c2ccccc2Cl)c2cc(Cl)ccc2NC1O	Weight	Average	-0.17905
O=C1N=C(c2ccccc2Cl)c2cc(Cl)ccc2NC1O	Weight	High	-0.22196
S=P(N1CC1)(N1CC1)N1CC1	Sex	Male	-0.0914
S=P(N1CC1)(N1CC1)N1CC1	Sex	Female	-0.00212
S=P(N1CC1)(N1CC1)N1CC1	Age	Children	-0.05108
S=P(N1CC1)(N1CC1)N1CC1	Age	Adolescent	0.01218
S=P(N1CC1)(N1CC1)N1CC1	Age	Adult	-0.05731
S=P(N1CC1)(N1CC1)N1CC1	Age	Elderly	-0.19788
S=P(N1CC1)(N1CC1)N1CC1	Weight	Low	-0.26333
S=P(N1CC1)(N1CC1)N1CC1	Weight	Average	-0.23834
S=P(N1CC1)(N1CC1)N1CC1	Weight	High	-0.25272
CC12CCC(=O)C=C1CCC1C2CCC2(C)C(O)CCC12	Sex	Male	-0.07844
CC12CCC(=O)C=C1CCC1C2CCC2(C)C(O)CCC12	Sex	Female	-0.00163
CC12CCC(=O)C=C1CCC1C2CCC2(C)C(O)CCC12	Age	Children	-0.03685
CC12CCC(=O)C=C1CCC1C2CCC2(C)C(O)CCC12	Age	Adolescent	0.00469
CC12CCC(=O)C=C1CCC1C2CCC2(C)C(O)CCC12	Age	Adult	-0.06096
CC12CCC(=O)C=C1CCC1C2CCC2(C)C(O)CCC12	Age	Elderly	-0.17887
CC12CCC(=O)C=C1CCC1C2CCC2(C)C(O)CCC12	Weight	Low	-0.23141
CC12CCC(=O)C=C1CCC1C2CCC2(C)C(O)CCC12	Weight	Average	-0.19062
CC12CCC(=O)C=C1CCC1C2CCC2(C)C(O)CCC12	Weight	High	-0.21268
CC(=O)[O-]	Sex	Male	-0.09735
CC(=O)[O-]	Sex	Female	-0.00213
CC(=O)[O-]	Age	Children	-0.05226
CC(=O)[O-]	Age	Adolescent	0.00669
CC(=O)[O-]	Age	Adult	-0.04627
CC(=O)[O-]	Age	Elderly	-0.19659
CC(=O)[O-]	Weight	Low	-0.25904
CC(=O)[O-]	Weight	Average	-0.2427
CC(=O)[O-]	Weight	High	-0.27685
CNC(=O)c1cc(Oc2ccc(NC(=O)Nc3ccc(Cl)c(C(F)(F)F)c3)c(F)c2)ccn1	Sex	Male	-0.06566
CNC(=O)c1cc(Oc2ccc(NC(=O)Nc3ccc(Cl)c(C(F)(F)F)c3)c(F)c2)ccn1	Sex	Female	-0.00471
CNC(=O)c1cc(Oc2ccc(NC(=O)Nc3ccc(Cl)c(C(F)(F)F)c3)c(F)c2)ccn1	Age	Children	-0.04502
CNC(=O)c1cc(Oc2ccc(NC(=O)Nc3ccc(Cl)c(C(F)(F)F)c3)c(F)c2)ccn1	Age	Adolescent	-0.00271
CNC(=O)c1cc(Oc2ccc(NC(=O)Nc3ccc(Cl)c(C(F)(F)F)c3)c(F)c2)ccn1	Age	Adult	-0.08351
CNC(=O)c1cc(Oc2ccc(NC(=O)Nc3ccc(Cl)c(C(F)(F)F)c3)c(F)c2)ccn1	Age	Elderly	-0.13937
CNC(=O)c1cc(Oc2ccc(NC(=O)Nc3ccc(Cl)c(C(F)(F)F)c3)c(F)c2)ccn1	Weight	Low	-0.21233
CNC(=O)c1cc(Oc2ccc(NC(=O)Nc3ccc(Cl)c(C(F)(F)F)c3)c(F)c2)ccn1	Weight	Average	-0.10573
CNC(=O)c1cc(Oc2ccc(NC(=O)Nc3ccc(Cl)c(C(F)(F)F)c3)c(F)c2)ccn1	Weight	High	-0.20039
COC(=O)C1C=C2CC(=O)CCC2(C)C23OC2CC2(C)C(CCC24CCC(=O)O4)C13	Sex	Male	-0.11446
COC(=O)C1C=C2CC(=O)CCC2(C)C23OC2CC2(C)C(CCC24CCC(=O)O4)C13	Sex	Female	-0.00617
COC(=O)C1C=C2CC(=O)CCC2(C)C23OC2CC2(C)C(CCC24CCC(=O)O4)C13	Age	Children	-0.03495
COC(=O)C1C=C2CC(=O)CCC2(C)C23OC2CC2(C)C(CCC24CCC(=O)O4)C13	Age	Adolescent	-0.01673
COC(=O)C1C=C2CC(=O)CCC2(C)C23OC2CC2(C)C(CCC24CCC(=O)O4)C13	Age	Adult	-0.04171
COC(=O)C1C=C2CC(=O)CCC2(C)C23OC2CC2(C)C(CCC24CCC(=O)O4)C13	Age	Elderly	-0.15989
COC(=O)C1C=C2CC(=O)CCC2(C)C23OC2CC2(C)C(CCC24CCC(=O)O4)C13	Weight	Low	-0.18906
COC(=O)C1C=C2CC(=O)CCC2(C)C23OC2CC2(C)C(CCC24CCC(=O)O4)C13	Weight	Average	-0.17737
COC(=O)C1C=C2CC(=O)CCC2(C)C23OC2CC2(C)C(CCC24CCC(=O)O4)C13	Weight	High	-0.191
COc1cc(C(C)=O)ccc1OCCCN1CCC(c2noc3cc(F)ccc23)CC1	Sex	Male	-0.19067
COc1cc(C(C)=O)ccc1OCCCN1CCC(c2noc3cc(F)ccc23)CC1	Sex	Female	-0.00177
COc1cc(C(C)=O)ccc1OCCCN1CCC(c2noc3cc(F)ccc23)CC1	Age	Children	-0.04904
COc1cc(C(C)=O)ccc1OCCCN1CCC(c2noc3cc(F)ccc23)CC1	Age	Adolescent	-0.01278
COc1cc(C(C)=O)ccc1OCCCN1CCC(c2noc3cc(F)ccc23)CC1	Age	Adult	-0.04504
COc1cc(C(C)=O)ccc1OCCCN1CCC(c2noc3cc(F)ccc23)CC1	Age	Elderly	-0.16108
COc1cc(C(C)=O)ccc1OCCCN1CCC(c2noc3cc(F)ccc23)CC1	Weight	Low	-0.2054
COc1cc(C(C)=O)ccc1OCCCN1CCC(c2noc3cc(F)ccc23)CC1	Weight	Average	-0.16136
COc1cc(C(C)=O)ccc1OCCCN1CCC(c2noc3cc(F)ccc23)CC1	Weight	High	-0.2106
COc1cc2nccc(Oc3ccc(NC(=O)C4(C(=O)Nc5ccc(F)cc5)CC4)cc3)c2cc1OC	Sex	Male	-0.08971
COc1cc2nccc(Oc3ccc(NC(=O)C4(C(=O)Nc5ccc(F)cc5)CC4)cc3)c2cc1OC	Sex	Female	0.00148
COc1cc2nccc(Oc3ccc(NC(=O)C4(C(=O)Nc5ccc(F)cc5)CC4)cc3)c2cc1OC	Age	Children	-0.04081
COc1cc2nccc(Oc3ccc(NC(=O)C4(C(=O)Nc5ccc(F)cc5)CC4)cc3)c2cc1OC	Age	Adolescent	-0.00274
COc1cc2nccc(Oc3ccc(NC(=O)C4(C(=O)Nc5ccc(F)cc5)CC4)cc3)c2cc1OC	Age	Adult	-0.03467
COc1cc2nccc(Oc3ccc(NC(=O)C4(C(=O)Nc5ccc(F)cc5)CC4)cc3)c2cc1OC	Age	Elderly	-0.145
COc1cc2nccc(Oc3ccc(NC(=O)C4(C(=O)Nc5ccc(F)cc5)CC4)cc3)c2cc1OC	Weight	Low	-0.2312
COc1cc2nccc(Oc3ccc(NC(=O)C4(C(=O)Nc5ccc(F)cc5)CC4)cc3)c2cc1OC	Weight	Average	-0.12133
COc1cc2nccc(Oc3ccc(NC(=O)C4(C(=O)Nc5ccc(F)cc5)CC4)cc3)c2cc1OC	Weight	High	-0.19603
CS(C)=O	Sex	Male	-0.09165
CS(C)=O	Sex	Female	-0.00217
CS(C)=O	Age	Children	-0.04776
CS(C)=O	Age	Adolescent	0.0067
CS(C)=O	Age	Adult	-0.04599
CS(C)=O	Age	Elderly	-0.18901
CS(C)=O	Weight	Low	-0.25131
CS(C)=O	Weight	Average	-0.23188
CS(C)=O	Weight	High	-0.26922
Cc1cc(C(C)(C)C)c(O)c(C)c1CC1=NCCN1	Sex	Male	-0.08769
Cc1cc(C(C)(C)C)c(O)c(C)c1CC1=NCCN1	Sex	Female	-0.00139
Cc1cc(C(C)(C)C)c(O)c(C)c1CC1=NCCN1	Age	Children	-0.02005
Cc1cc(C(C)(C)C)c(O)c(C)c1CC1=NCCN1	Age	Adolescent	0.00975
Cc1cc(C(C)(C)C)c(O)c(C)c1CC1=NCCN1	Age	Adult	-0.0516
Cc1cc(C(C)(C)C)c(O)c(C)c1CC1=NCCN1	Age	Elderly	-0.24982
Cc1cc(C(C)(C)C)c(O)c(C)c1CC1=NCCN1	Weight	Low	-0.31552
Cc1cc(C(C)(C)C)c(O)c(C)c1CC1=NCCN1	Weight	Average	-0.2573
Cc1cc(C(C)(C)C)c(O)c(C)c1CC1=NCCN1	Weight	High	-0.26911
C#Cc1cccc(Nc2ncnc3cc(OCCOC)c(OCCOC)cc23)c1	Sex	Male	-0.03544
C#Cc1cccc(Nc2ncnc3cc(OCCOC)c(OCCOC)cc23)c1	Sex	Female	-0.00104
C#Cc1cccc(Nc2ncnc3cc(OCCOC)c(OCCOC)cc23)c1	Age	Children	-0.0344
C#Cc1cccc(Nc2ncnc3cc(OCCOC)c(OCCOC)cc23)c1	Age	Adolescent	-0.00338
C#Cc1cccc(Nc2ncnc3cc(OCCOC)c(OCCOC)cc23)c1	Age	Adult	-0.02165
C#Cc1cccc(Nc2ncnc3cc(OCCOC)c(OCCOC)cc23)c1	Age	Elderly	-0.131
C#Cc1cccc(Nc2ncnc3cc(OCCOC)c(OCCOC)cc23)c1	Weight	Low	-0.18131
C#Cc1cccc(Nc2ncnc3cc(OCCOC)c(OCCOC)cc23)c1	Weight	Average	-0.13732
C#Cc1cccc(Nc2ncnc3cc(OCCOC)c(OCCOC)cc23)c1	Weight	High	-0.04091
C=CC(=O)N1CCCC(n2nc(-c3ccc(Oc4ccccc4)cc3)c3c(N)ncnc32)C1	Sex	Male	-0.07044
C=CC(=O)N1CCCC(n2nc(-c3ccc(Oc4ccccc4)cc3)c3c(N)ncnc32)C1	Sex	Female	-0.00213
C=CC(=O)N1CCCC(n2nc(-c3ccc(Oc4ccccc4)cc3)c3c(N)ncnc32)C1	Age	Children	-0.06961
C=CC(=O)N1CCCC(n2nc(-c3ccc(Oc4ccccc4)cc3)c3c(N)ncnc32)C1	Age	Adolescent	-0.00702
C=CC(=O)N1CCCC(n2nc(-c3ccc(Oc4ccccc4)cc3)c3c(N)ncnc32)C1	Age	Adult	-0.04415
C=CC(=O)N1CCCC(n2nc(-c3ccc(Oc4ccccc4)cc3)c3c(N)ncnc32)C1	Age	Elderly	-0.16791
C=CC(=O)N1CCCC(n2nc(-c3ccc(Oc4ccccc4)cc3)c3c(N)ncnc32)C1	Weight	Low	-0.17941
C=CC(=O)N1CCCC(n2nc(-c3ccc(Oc4ccccc4)cc3)c3c(N)ncnc32)C1	Weight	Average	-0.12964
C=CC(=O)N1CCCC(n2nc(-c3ccc(Oc4ccccc4)cc3)c3c(N)ncnc32)C1	Weight	High	-0.17957
CC#CC(=O)N1CCCC1c1nc(-c2ccc(C(=O)Nc3ccccn3)cc2)c2c(N)nccn12	Sex	Male	-0.05477
CC#CC(=O)N1CCCC1c1nc(-c2ccc(C(=O)Nc3ccccn3)cc2)c2c(N)nccn12	Sex	Female	-0.0012
CC#CC(=O)N1CCCC1c1nc(-c2ccc(C(=O)Nc3ccccn3)cc2)c2c(N)nccn12	Age	Children	-0.04801
CC#CC(=O)N1CCCC1c1nc(-c2ccc(C(=O)Nc3ccccn3)cc2)c2c(N)nccn12	Age	Adolescent	0.01126
CC#CC(=O)N1CCCC1c1nc(-c2ccc(C(=O)Nc3ccccn3)cc2)c2c(N)nccn12	Age	Adult	-0.03335
CC#CC(=O)N1CCCC1c1nc(-c2ccc(C(=O)Nc3ccccn3)cc2)c2c(N)nccn12	Age	Elderly	-0.14061
CC#CC(=O)N1CCCC1c1nc(-c2ccc(C(=O)Nc3ccccn3)cc2)c2c(N)nccn12	Weight	Low	-0.13314
CC#CC(=O)N1CCCC1c1nc(-c2ccc(C(=O)Nc3ccccn3)cc2)c2c(N)nccn12	Weight	Average	-0.14486
CC#CC(=O)N1CCCC1c1nc(-c2ccc(C(=O)Nc3ccccn3)cc2)c2c(N)nccn12	Weight	High	-0.16938
CC#CCn1c(N2CCCC(N)C2)nc2c1c(=O)n(Cc1nc(C)c3ccccc3n1)c(=O)n2C	Sex	Male	-0.09695
CC#CCn1c(N2CCCC(N)C2)nc2c1c(=O)n(Cc1nc(C)c3ccccc3n1)c(=O)n2C	Sex	Female	-0.00209
CC#CCn1c(N2CCCC(N)C2)nc2c1c(=O)n(Cc1nc(C)c3ccccc3n1)c(=O)n2C	Age	Children	-0.0553
CC#CCn1c(N2CCCC(N)C2)nc2c1c(=O)n(Cc1nc(C)c3ccccc3n1)c(=O)n2C	Age	Adolescent	0.01287
CC#CCn1c(N2CCCC(N)C2)nc2c1c(=O)n(Cc1nc(C)c3ccccc3n1)c(=O)n2C	Age	Adult	-0.03995
CC#CCn1c(N2CCCC(N)C2)nc2c1c(=O)n(Cc1nc(C)c3ccccc3n1)c(=O)n2C	Age	Elderly	-0.1594
CC#CCn1c(N2CCCC(N)C2)nc2c1c(=O)n(Cc1nc(C)c3ccccc3n1)c(=O)n2C	Weight	Low	-0.20083
CC#CCn1c(N2CCCC(N)C2)nc2c1c(=O)n(Cc1nc(C)c3ccccc3n1)c(=O)n2C	Weight	Average	-0.18728
CC#CCn1c(N2CCCC(N)C2)nc2c1c(=O)n(Cc1nc(C)c3ccccc3n1)c(=O)n2C	Weight	High	-0.2355
CC(=O)OC1CCC2(C)C(=CCC3C2CCC2(C)C(c4cccnc4)=CCC32)C1	Sex	Male	-0.03908
CC(=O)OC1CCC2(C)C(=CCC3C2CCC2(C)C(c4cccnc4)=CCC32)C1	Sex	Female	-0.00091
CC(=O)OC1CCC2(C)C(=CCC3C2CCC2(C)C(c4cccnc4)=CCC32)C1	Age	Children	-0.02111
CC(=O)OC1CCC2(C)C(=CCC3C2CCC2(C)C(c4cccnc4)=CCC32)C1	Age	Adolescent	0.00291
CC(=O)OC1CCC2(C)C(=CCC3C2CCC2(C)C(c4cccnc4)=CCC32)C1	Age	Adult	-0.02447
CC(=O)OC1CCC2(C)C(=CCC3C2CCC2(C)C(c4cccnc4)=CCC32)C1	Age	Elderly	-0.08984
CC(=O)OC1CCC2(C)C(=CCC3C2CCC2(C)C(c4cccnc4)=CCC32)C1	Weight	Low	-0.08363
CC(=O)OC1CCC2(C)C(=CCC3C2CCC2(C)C(c4cccnc4)=CCC32)C1	Weight	Average	-0.07447
CC(=O)OC1CCC2(C)C(=CCC3C2CCC2(C)C(c4cccnc4)=CCC32)C1	Weight	High	-0.09319
CC(=O)SC1C=C2CC(=O)CCC2(C)C2CCC3(C)C(CCC34CCC(=O)O4)C12	Sex	Male	-0.13739
CC(=O)SC1C=C2CC(=O)CCC2(C)C2CCC3(C)C(CCC34CCC(=O)O4)C12	Sex	Female	-0.00953
CC(=O)SC1C=C2CC(=O)CCC2(C)C2CCC3(C)C(CCC34CCC(=O)O4)C12	Age	Children	-0.02547
CC(=O)SC1C=C2CC(=O)CCC2(C)C2CCC3(C)C(CCC34CCC(=O)O4)C12	Age	Adolescent	-0.0122
CC(=O)SC1C=C2CC(=O)CCC2(C)C2CCC3(C)C(CCC34CCC(=O)O4)C12	Age	Adult	-0.05282
CC(=O)SC1C=C2CC(=O)CCC2(C)C2CCC3(C)C(CCC34CCC(=O)O4)C12	Age	Elderly	-0.15926
CC(=O)SC1C=C2CC(=O)CCC2(C)C2CCC3(C)C(CCC34CCC(=O)O4)C12	Weight	Low	-0.2081
CC(=O)SC1C=C2CC(=O)CCC2(C)C2CCC3(C)C(CCC34CCC(=O)O4)C12	Weight	Average	-0.18412
CC(=O)SC1C=C2CC(=O)CCC2(C)C2CCC3(C)C(CCC34CCC(=O)O4)C12	Weight	High	-0.18706
CC(NCCCc1cccc(C(F)(F)F)c1)c1cccc2ccccc12	Sex	Male	-0.0841
CC(NCCCc1cccc(C(F)(F)F)c1)c1cccc2ccccc12	Sex	Female	-0.00193
CC(NCCCc1cccc(C(F)(F)F)c1)c1cccc2ccccc12	Age	Children	-0.05751
CC(NCCCc1cccc(C(F)(F)F)c1)c1cccc2ccccc12	Age	Adolescent	0.01668
CC(NCCCc1cccc(C(F)(F)F)c1)c1cccc2ccccc12	Age	Adult	-0.04572
CC(NCCCc1cccc(C(F)(F)F)c1)c1cccc2ccccc12	Age	Elderly	-0.13608
CC(NCCCc1cccc(C(F)(F)F)c1)c1cccc2ccccc12	Weight	Low	-0.25294
CC(NCCCc1cccc(C(F)(F)F)c1)c1cccc2ccccc12	Weight	Average	-0.12418
CC(NCCCc1cccc(C(F)(F)F)c1)c1cccc2ccccc12	Weight	High	-0.23169
CC(c1nc(-c2ccc(C#N)cc2)cs1)C(O)(Cn1cncn1)c1cc(F)ccc1F	Sex	Male	-0.10737
CC(c1nc(-c2ccc(C#N)cc2)cs1)C(O)(Cn1cncn1)c1cc(F)ccc1F	Sex	Female	-0.00191
CC(c1nc(-c2ccc(C#N)cc2)cs1)C(O)(Cn1cncn1)c1cc(F)ccc1F	Age	Children	-0.05038
CC(c1nc(-c2ccc(C#N)cc2)cs1)C(O)(Cn1cncn1)c1cc(F)ccc1F	Age	Adolescent	0.03457
CC(c1nc(-c2ccc(C#N)cc2)cs1)C(O)(Cn1cncn1)c1cc(F)ccc1F	Age	Adult	-0.0678
CC(c1nc(-c2ccc(C#N)cc2)cs1)C(O)(Cn1cncn1)c1cc(F)ccc1F	Age	Elderly	-0.13039
CC(c1nc(-c2ccc(C#N)cc2)cs1)C(O)(Cn1cncn1)c1cc(F)ccc1F	Weight	Low	-0.2146
CC(c1nc(-c2ccc(C#N)cc2)cs1)C(O)(Cn1cncn1)c1cc(F)ccc1F	Weight	Average	-0.11798
CC(c1nc(-c2ccc(C#N)cc2)cs1)C(O)(Cn1cncn1)c1cc(F)ccc1F	Weight	High	-0.26183
CC1(C)CC1C(=O)N=C(CCCCCSCC(N)C(=O)O)C(=O)O	Sex	Male	-0.09629
CC1(C)CC1C(=O)N=C(CCCCCSCC(N)C(=O)O)C(=O)O	Sex	Female	-0.00214
CC1(C)CC1C(=O)N=C(CCCCCSCC(N)C(=O)O)C(=O)O	Age	Children	-0.08644
CC1(C)CC1C(=O)N=C(CCCCCSCC(N)C(=O)O)C(=O)O	Age	Adolescent	-0.01855
CC1(C)CC1C(=O)N=C(CCCCCSCC(N)C(=O)O)C(=O)O	Age	Adult	-0.05133
CC1(C)CC1C(=O)N=C(CCCCCSCC(N)C(=O)O)C(=O)O	Age	Elderly	-0.14245
CC1(C)CC1C(=O)N=C(CCCCCSCC(N)C(=O)O)C(=O)O	Weight	Low	-0.17974
CC1(C)CC1C(=O)N=C(CCCCCSCC(N)C(=O)O)C(=O)O	Weight	Average	-0.19628
CC1(C)CC1C(=O)N=C(CCCCCSCC(N)C(=O)O)C(=O)O	Weight	High	-0.24128
CC12CCC(=O)C=C1CCC1C2CCC2(C)C(OC(=O)CCC3CCCC3)CCC12	Sex	Male	-0.08026
CC12CCC(=O)C=C1CCC1C2CCC2(C)C(OC(=O)CCC3CCCC3)CCC12	Sex	Female	-0.0043
CC12CCC(=O)C=C1CCC1C2CCC2(C)C(OC(=O)CCC3CCCC3)CCC12	Age	Children	-0.04165
CC12CCC(=O)C=C1CCC1C2CCC2(C)C(OC(=O)CCC3CCCC3)CCC12	Age	Adolescent	-0.00932
CC12CCC(=O)C=C1CCC1C2CCC2(C)C(OC(=O)CCC3CCCC3)CCC12	Age	Adult	-0.08101
CC12CCC(=O)C=C1CCC1C2CCC2(C)C(OC(=O)CCC3CCCC3)CCC12	Age	Elderly	-0.17695
CC12CCC(=O)C=C1CCC1C2CCC2(C)C(OC(=O)CCC3CCCC3)CCC12	Weight	Low	-0.18058
CC12CCC(=O)C=C1CCC1C2CCC2(C)C(OC(=O)CCC3CCCC3)CCC12	Weight	Average	-0.13524
CC12CCC(=O)C=C1CCC1C2CCC2(C)C(OC(=O)CCC3CCCC3)CCC12	Weight	High	-0.19507
CC12CCC(O)CC1=CCC1C2CCC2(C)C(c3cccnc3)=CCC12	Sex	Male	-0.04526
CC12CCC(O)CC1=CCC1C2CCC2(C)C(c3cccnc3)=CCC12	Sex	Female	-0.00116
CC12CCC(O)CC1=CCC1C2CCC2(C)C(c3cccnc3)=CCC12	Age	Children	-0.02813
CC12CCC(O)CC1=CCC1C2CCC2(C)C(c3cccnc3)=CCC12	Age	Adolescent	0.00111
CC12CCC(O)CC1=CCC1C2CCC2(C)C(c3cccnc3)=CCC12	Age	Adult	-0.0283
CC12CCC(O)CC1=CCC1C2CCC2(C)C(c3cccnc3)=CCC12	Age	Elderly	-0.08046
CC12CCC(O)CC1=CCC1C2CCC2(C)C(c3cccnc3)=CCC12	Weight	Low	-0.08591
CC12CCC(O)CC1=CCC1C2CCC2(C)C(c3cccnc3)=CCC12	Weight	Average	-0.07428
CC12CCC(O)CC1=CCC1C2CCC2(C)C(c3cccnc3)=CCC12	Weight	High	-0.09725
CC1Cc2ccccc2N1NC(=O)c1ccc(Cl)c(S(N)(=O)=O)c1	Sex	Male	-0.15445
CC1Cc2ccccc2N1NC(=O)c1ccc(Cl)c(S(N)(=O)=O)c1	Sex	Female	-0.00178
CC1Cc2ccccc2N1NC(=O)c1ccc(Cl)c(S(N)(=O)=O)c1	Age	Children	-0.04202
CC1Cc2ccccc2N1NC(=O)c1ccc(Cl)c(S(N)(=O)=O)c1	Age	Adolescent	0.00297
CC1Cc2ccccc2N1NC(=O)c1ccc(Cl)c(S(N)(=O)=O)c1	Age	Adult	-0.03958
CC1Cc2ccccc2N1NC(=O)c1ccc(Cl)c(S(N)(=O)=O)c1	Age	Elderly	-0.1438
CC1Cc2ccccc2N1NC(=O)c1ccc(Cl)c(S(N)(=O)=O)c1	Weight	Low	-0.20696
CC1Cc2ccccc2N1NC(=O)c1ccc(Cl)c(S(N)(=O)=O)c1	Weight	Average	-0.17262
CC1Cc2ccccc2N1NC(=O)c1ccc(Cl)c(S(N)(=O)=O)c1	Weight	High	-0.23721
CCCCCCC(=O)OC1CCC2C3CC=C4CC(=O)CCC4(C)C3CCC12C	Sex	Male	-0.09748
CCCCCCC(=O)OC1CCC2C3CC=C4CC(=O)CCC4(C)C3CCC12C	Sex	Female	-0.00962
CCCCCCC(=O)OC1CCC2C3CC=C4CC(=O)CCC4(C)C3CCC12C	Age	Children	-0.03322
CCCCCCC(=O)OC1CCC2C3CC=C4CC(=O)CCC4(C)C3CCC12C	Age	Adolescent	-0.00772
CCCCCCC(=O)OC1CCC2C3CC=C4CC(=O)CCC4(C)C3CCC12C	Age	Adult	-0.04333
CCCCCCC(=O)OC1CCC2C3CC=C4CC(=O)CCC4(C)C3CCC12C	Age	Elderly	-0.19731
CCCCCCC(=O)OC1CCC2C3CC=C4CC(=O)CCC4(C)C3CCC12C	Weight	Low	-0.17215
CCCCCCC(=O)OC1CCC2C3CC=C4CC(=O)CCC4(C)C3CCC12C	Weight	Average	-0.12855
CCCCCCC(=O)OC1CCC2C3CC=C4CC(=O)CCC4(C)C3CCC12C	Weight	High	-0.19263
CCCCCCOC(=O)N=C(N)c1ccc(NCc2nc3cc(C(=O)N(CCC(=O)OCC)c4ccccn4)ccc3n2C)cc1	Sex	Male	-0.00507
CCCCCCOC(=O)N=C(N)c1ccc(NCc2nc3cc(C(=O)N(CCC(=O)OCC)c4ccccn4)ccc3n2C)cc1	Sex	Female	-0.0009
CCCCCCOC(=O)N=C(N)c1ccc(NCc2nc3cc(C(=O)N(CCC(=O)OCC)c4ccccn4)ccc3n2C)cc1	Age	Children	-0.00511
CCCCCCOC(=O)N=C(N)c1ccc(NCc2nc3cc(C(=O)N(CCC(=O)OCC)c4ccccn4)ccc3n2C)cc1	Age	Adolescent	-0.00023
CCCCCCOC(=O)N=C(N)c1ccc(NCc2nc3cc(C(=O)N(CCC(=O)OCC)c4ccccn4)ccc3n2C)cc1	Age	Adult	-0.00318
CCCCCCOC(=O)N=C(N)c1ccc(NCc2nc3cc(C(=O)N(CCC(=O)OCC)c4ccccn4)ccc3n2C)cc1	Age	Elderly	-0.03132
CCCCCCOC(=O)N=C(N)c1ccc(NCc2nc3cc(C(=O)N(CCC(=O)OCC)c4ccccn4)ccc3n2C)cc1	Weight	Low	-0.01989
CCCCCCOC(=O)N=C(N)c1ccc(NCc2nc3cc(C(=O)N(CCC(=O)OCC)c4ccccn4)ccc3n2C)cc1	Weight	Average	-0.01873
CCCCCCOC(=O)N=C(N)c1ccc(NCc2nc3cc(C(=O)N(CCC(=O)OCC)c4ccccn4)ccc3n2C)cc1	Weight	High	-0.04124
CCCN(CCC)CCc1cccc2[nH]c(O)cc12	Sex	Male	-0.08289
CCCN(CCC)CCc1cccc2[nH]c(O)cc12	Sex	Female	-0.00109
CCCN(CCC)CCc1cccc2[nH]c(O)cc12	Age	Children	-0.01873
CCCN(CCC)CCc1cccc2[nH]c(O)cc12	Age	Adolescent	0.00629
CCCN(CCC)CCc1cccc2[nH]c(O)cc12	Age	Adult	-0.03755
CCCN(CCC)CCc1cccc2[nH]c(O)cc12	Age	Elderly	-0.18831
CCCN(CCC)CCc1cccc2[nH]c(O)cc12	Weight	Low	-0.27373
CCCN(CCC)CCc1cccc2[nH]c(O)cc12	Weight	Average	-0.22674
CCCN(CCC)CCc1cccc2[nH]c(O)cc12	Weight	High	-0.25148
CCc1cc2c(cc1N1CCC(N3CCOCC3)CC1)C(C)(C)c1[nH]c3cc(C#N)ccc3c1C2=O	Sex	Male	-0.12289
CCc1cc2c(cc1N1CCC(N3CCOCC3)CC1)C(C)(C)c1[nH]c3cc(C#N)ccc3c1C2=O	Sex	Female	-0.00195
CCc1cc2c(cc1N1CCC(N3CCOCC3)CC1)C(C)(C)c1[nH]c3cc(C#N)ccc3c1C2=O	Age	Children	-0.03875
CCc1cc2c(cc1N1CCC(N3CCOCC3)CC1)C(C)(C)c1[nH]c3cc(C#N)ccc3c1C2=O	Age	Adolescent	0.0029
CCc1cc2c(cc1N1CCC(N3CCOCC3)CC1)C(C)(C)c1[nH]c3cc(C#N)ccc3c1C2=O	Age	Adult	-0.05135
CCc1cc2c(cc1N1CCC(N3CCOCC3)CC1)C(C)(C)c1[nH]c3cc(C#N)ccc3c1C2=O	Age	Elderly	-0.16203
CCc1cc2c(cc1N1CCC(N3CCOCC3)CC1)C(C)(C)c1[nH]c3cc(C#N)ccc3c1C2=O	Weight	Low	-0.1627
CCc1cc2c(cc1N1CCC(N3CCOCC3)CC1)C(C)(C)c1[nH]c3cc(C#N)ccc3c1C2=O	Weight	Average	-0.18377
CCc1cc2c(cc1N1CCC(N3CCOCC3)CC1)C(C)(C)c1[nH]c3cc(C#N)ccc3c1C2=O	Weight	High	-0.19609
CN(C)C(=O)NC1CCC(CCN2CCN(c3cccc(Cl)c3Cl)CC2)CC1	Sex	Male	-0.09853
CN(C)C(=O)NC1CCC(CCN2CCN(c3cccc(Cl)c3Cl)CC2)CC1	Sex	Female	0.00202
CN(C)C(=O)NC1CCC(CCN2CCN(c3cccc(Cl)c3Cl)CC2)CC1	Age	Children	-0.01684
CN(C)C(=O)NC1CCC(CCN2CCN(c3cccc(Cl)c3Cl)CC2)CC1	Age	Adolescent	0.00142
CN(C)C(=O)NC1CCC(CCN2CCN(c3cccc(Cl)c3Cl)CC2)CC1	Age	Adult	-0.02302
CN(C)C(=O)NC1CCC(CCN2CCN(c3cccc(Cl)c3Cl)CC2)CC1	Age	Elderly	-0.27664
CN(C)C(=O)NC1CCC(CCN2CCN(c3cccc(Cl)c3Cl)CC2)CC1	Weight	Low	-0.23583
CN(C)C(=O)NC1CCC(CCN2CCN(c3cccc(Cl)c3Cl)CC2)CC1	Weight	Average	-0.22784
CN(C)C(=O)NC1CCC(CCN2CCN(c3cccc(Cl)c3Cl)CC2)CC1	Weight	High	-0.21182
CN(C)CC=CC(=O)Nc1cc2c(Nc3ccc(F)c(Cl)c3)ncnc2cc1OC1CCOC1	Sex	Male	-0.03565
CN(C)CC=CC(=O)Nc1cc2c(Nc3ccc(F)c(Cl)c3)ncnc2cc1OC1CCOC1	Sex	Female	-0.00012
CN(C)CC=CC(=O)Nc1cc2c(Nc3ccc(F)c(Cl)c3)ncnc2cc1OC1CCOC1	Age	Children	-0.00941
CN(C)CC=CC(=O)Nc1cc2c(Nc3ccc(F)c(Cl)c3)ncnc2cc1OC1CCOC1	Age	Adolescent	-0.00389
CN(C)CC=CC(=O)Nc1cc2c(Nc3ccc(F)c(Cl)c3)ncnc2cc1OC1CCOC1	Age	Adult	-0.00538
CN(C)CC=CC(=O)Nc1cc2c(Nc3ccc(F)c(Cl)c3)ncnc2cc1OC1CCOC1	Age	Elderly	-0.03851
CN(C)CC=CC(=O)Nc1cc2c(Nc3ccc(F)c(Cl)c3)ncnc2cc1OC1CCOC1	Weight	Low	-0.05777
CN(C)CC=CC(=O)Nc1cc2c(Nc3ccc(F)c(Cl)c3)ncnc2cc1OC1CCOC1	Weight	Average	-0.04985
CN(C)CC=CC(=O)Nc1cc2c(Nc3ccc(F)c(Cl)c3)ncnc2cc1OC1CCOC1	Weight	High	-0.01283
CN(CC=CC#CC(C)(C)C)Cc1cccc2ccccc12	Sex	Male	-0.13593
CN(CC=CC#CC(C)(C)C)Cc1cccc2ccccc12	Sex	Female	-0.00084
CN(CC=CC#CC(C)(C)C)Cc1cccc2ccccc12	Age	Children	-0.00898
CN(CC=CC#CC(C)(C)C)Cc1cccc2ccccc12	Age	Adolescent	0.01344
CN(CC=CC#CC(C)(C)C)Cc1cccc2ccccc12	Age	Adult	-0.04264
CN(CC=CC#CC(C)(C)C)Cc1cccc2ccccc12	Age	Elderly	-0.20796
CN(CC=CC#CC(C)(C)C)Cc1cccc2ccccc12	Weight	Low	-0.28143
CN(CC=CC#CC(C)(C)C)Cc1cccc2ccccc12	Weight	Average	-0.20618
CN(CC=CC#CC(C)(C)C)Cc1cccc2ccccc12	Weight	High	-0.22437
CNC(C)C1CCC(N)C(OC2C(N)CC(N)C(OC3OCC(C)(O)C(NC)C3O)C2O)O1	Sex	Male	-0.14242
CNC(C)C1CCC(N)C(OC2C(N)CC(N)C(OC3OCC(C)(O)C(NC)C3O)C2O)O1	Sex	Female	-0.00253
CNC(C)C1CCC(N)C(OC2C(N)CC(N)C(OC3OCC(C)(O)C(NC)C3O)C2O)O1	Age	Children	-0.06598
CNC(C)C1CCC(N)C(OC2C(N)CC(N)C(OC3OCC(C)(O)C(NC)C3O)C2O)O1	Age	Adolescent	0.00554
CNC(C)C1CCC(N)C(OC2C(N)CC(N)C(OC3OCC(C)(O)C(NC)C3O)C2O)O1	Age	Adult	-0.03911
CNC(C)C1CCC(N)C(OC2C(N)CC(N)C(OC3OCC(C)(O)C(NC)C3O)C2O)O1	Age	Elderly	-0.12905
CNC(C)C1CCC(N)C(OC2C(N)CC(N)C(OC3OCC(C)(O)C(NC)C3O)C2O)O1	Weight	Low	-0.16472
CNC(C)C1CCC(N)C(OC2C(N)CC(N)C(OC3OCC(C)(O)C(NC)C3O)C2O)O1	Weight	Average	-0.16472
CNC(C)C1CCC(N)C(OC2C(N)CC(N)C(OC3OCC(C)(O)C(NC)C3O)C2O)O1	Weight	High	-0.20913
COc1cc(Nc2c(C#N)cnc3cc(OCCCN4CCN(C)CC4)c(OC)cc23)c(Cl)cc1Cl	Sex	Male	-0.10375
COc1cc(Nc2c(C#N)cnc3cc(OCCCN4CCN(C)CC4)c(OC)cc23)c(Cl)cc1Cl	Sex	Female	-0.00136
COc1cc(Nc2c(C#N)cnc3cc(OCCCN4CCN(C)CC4)c(OC)cc23)c(Cl)cc1Cl	Age	Children	-0.04144
COc1cc(Nc2c(C#N)cnc3cc(OCCCN4CCN(C)CC4)c(OC)cc23)c(Cl)cc1Cl	Age	Adolescent	0.00244
COc1cc(Nc2c(C#N)cnc3cc(OCCCN4CCN(C)CC4)c(OC)cc23)c(Cl)cc1Cl	Age	Adult	-0.02716
COc1cc(Nc2c(C#N)cnc3cc(OCCCN4CCN(C)CC4)c(OC)cc23)c(Cl)cc1Cl	Age	Elderly	-0.1585
COc1cc(Nc2c(C#N)cnc3cc(OCCCN4CCN(C)CC4)c(OC)cc23)c(Cl)cc1Cl	Weight	Low	-0.17576
COc1cc(Nc2c(C#N)cnc3cc(OCCCN4CCN(C)CC4)c(OC)cc23)c(Cl)cc1Cl	Weight	Average	-0.13793
COc1cc(Nc2c(C#N)cnc3cc(OCCCN4CCN(C)CC4)c(OC)cc23)c(Cl)cc1Cl	Weight	High	-0.16032
COc1cc2c(cc1O)CCNC21CSC2c3c(OC(C)=O)c(C)c4c(c3C(COC1=O)N1C(O)C3Cc5cc(C)c(OC)c(O)c5C(C21)N3C)OCO4	Sex	Male	-0.05202
COc1cc2c(cc1O)CCNC21CSC2c3c(OC(C)=O)c(C)c4c(c3C(COC1=O)N1C(O)C3Cc5cc(C)c(OC)c(O)c5C(C21)N3C)OCO4	Sex	Female	-0.00245
COc1cc2c(cc1O)CCNC21CSC2c3c(OC(C)=O)c(C)c4c(c3C(COC1=O)N1C(O)C3Cc5cc(C)c(OC)c(O)c5C(C21)N3C)OCO4	Age	Children	-0.02368
COc1cc2c(cc1O)CCNC21CSC2c3c(OC(C)=O)c(C)c4c(c3C(COC1=O)N1C(O)C3Cc5cc(C)c(OC)c(O)c5C(C21)N3C)OCO4	Age	Adolescent	0.00437
COc1cc2c(cc1O)CCNC21CSC2c3c(OC(C)=O)c(C)c4c(c3C(COC1=O)N1C(O)C3Cc5cc(C)c(OC)c(O)c5C(C21)N3C)OCO4	Age	Adult	-0.02249
COc1cc2c(cc1O)CCNC21CSC2c3c(OC(C)=O)c(C)c4c(c3C(COC1=O)N1C(O)C3Cc5cc(C)c(OC)c(O)c5C(C21)N3C)OCO4	Age	Elderly	-0.13133
COc1cc2c(cc1O)CCNC21CSC2c3c(OC(C)=O)c(C)c4c(c3C(COC1=O)N1C(O)C3Cc5cc(C)c(OC)c(O)c5C(C21)N3C)OCO4	Weight	Low	-0.05056
COc1cc2c(cc1O)CCNC21CSC2c3c(OC(C)=O)c(C)c4c(c3C(COC1=O)N1C(O)C3Cc5cc(C)c(OC)c(O)c5C(C21)N3C)OCO4	Weight	Average	-0.11046
COc1cc2c(cc1O)CCNC21CSC2c3c(OC(C)=O)c(C)c4c(c3C(COC1=O)N1C(O)C3Cc5cc(C)c(OC)c(O)c5C(C21)N3C)OCO4	Weight	High	-0.13363
COc1cc2nc(N3CCN(C(=O)c4ccco4)CC3)nc(N)c2cc1OC	Sex	Male	-0.07478
COc1cc2nc(N3CCN(C(=O)c4ccco4)CC3)nc(N)c2cc1OC	Sex	Female	-0.00076
COc1cc2nc(N3CCN(C(=O)c4ccco4)CC3)nc(N)c2cc1OC	Age	Children	-0.02926
COc1cc2nc(N3CCN(C(=O)c4ccco4)CC3)nc(N)c2cc1OC	Age	Adolescent	0.00611
COc1cc2nc(N3CCN(C(=O)c4ccco4)CC3)nc(N)c2cc1OC	Age	Adult	-0.02002
COc1cc2nc(N3CCN(C(=O)c4ccco4)CC3)nc(N)c2cc1OC	Age	Elderly	-0.16054
COc1cc2nc(N3CCN(C(=O)c4ccco4)CC3)nc(N)c2cc1OC	Weight	Low	-0.18682
COc1cc2nc(N3CCN(C(=O)c4ccco4)CC3)nc(N)c2cc1OC	Weight	Average	-0.15971
COc1cc2nc(N3CCN(C(=O)c4ccco4)CC3)nc(N)c2cc1OC	Weight	High	-0.18096
COc1cc2nccc(Oc3ccc(NC(=O)NC4CC4)c(Cl)c3)c2cc1C(N)=O	Sex	Male	-0.11658
COc1cc2nccc(Oc3ccc(NC(=O)NC4CC4)c(Cl)c3)c2cc1C(N)=O	Sex	Female	0.00135
COc1cc2nccc(Oc3ccc(NC(=O)NC4CC4)c(Cl)c3)c2cc1C(N)=O	Age	Children	-0.0601
COc1cc2nccc(Oc3ccc(NC(=O)NC4CC4)c(Cl)c3)c2cc1C(N)=O	Age	Adolescent	-0.00133
COc1cc2nccc(Oc3ccc(NC(=O)NC4CC4)c(Cl)c3)c2cc1C(N)=O	Age	Adult	-0.03917
COc1cc2nccc(Oc3ccc(NC(=O)NC4CC4)c(Cl)c3)c2cc1C(N)=O	Age	Elderly	-0.17016
COc1cc2nccc(Oc3ccc(NC(=O)NC4CC4)c(Cl)c3)c2cc1C(N)=O	Weight	Low	-0.10738
COc1cc2nccc(Oc3ccc(NC(=O)NC4CC4)c(Cl)c3)c2cc1C(N)=O	Weight	Average	-0.12865
COc1cc2nccc(Oc3ccc(NC(=O)NC4CC4)c(Cl)c3)c2cc1C(N)=O	Weight	High	-0.18336
COc1cc2ncnc(Nc3ccc(F)c(Cl)c3)c2cc1NC(=O)C=CCN1CCCCC1	Sex	Male	-0.08086
COc1cc2ncnc(Nc3ccc(F)c(Cl)c3)c2cc1NC(=O)C=CCN1CCCCC1	Sex	Female	-0.00081
COc1cc2ncnc(Nc3ccc(F)c(Cl)c3)c2cc1NC(=O)C=CCN1CCCCC1	Age	Children	-0.05949
COc1cc2ncnc(Nc3ccc(F)c(Cl)c3)c2cc1NC(=O)C=CCN1CCCCC1	Age	Adolescent	-0.01477
COc1cc2ncnc(Nc3ccc(F)c(Cl)c3)c2cc1NC(=O)C=CCN1CCCCC1	Age	Adult	-0.02886
COc1cc2ncnc(Nc3ccc(F)c(Cl)c3)c2cc1NC(=O)C=CCN1CCCCC1	Age	Elderly	-0.10842
COc1cc2ncnc(Nc3ccc(F)c(Cl)c3)c2cc1NC(=O)C=CCN1CCCCC1	Weight	Low	-0.16224
COc1cc2ncnc(Nc3ccc(F)c(Cl)c3)c2cc1NC(=O)C=CCN1CCCCC1	Weight	Average	-0.14759
COc1cc2ncnc(Nc3ccc(F)c(Cl)c3)c2cc1NC(=O)C=CCN1CCCCC1	Weight	High	-0.04226
COc1ccc2[nH]c3c(c2c1)CCNC31CSC2c3c(OC(C)=O)c(C)c4c(c3C(COC1=O)N1C(O)C3Cc5cc(C)c(OC)c(O)c5C(C21)N3C)OCO4	Sex	Male	-0.03743
COc1ccc2[nH]c3c(c2c1)CCNC31CSC2c3c(OC(C)=O)c(C)c4c(c3C(COC1=O)N1C(O)C3Cc5cc(C)c(OC)c(O)c5C(C21)N3C)OCO4	Sex	Female	-0.00203
COc1ccc2[nH]c3c(c2c1)CCNC31CSC2c3c(OC(C)=O)c(C)c4c(c3C(COC1=O)N1C(O)C3Cc5cc(C)c(OC)c(O)c5C(C21)N3C)OCO4	Age	Children	-0.02346
COc1ccc2[nH]c3c(c2c1)CCNC31CSC2c3c(OC(C)=O)c(C)c4c(c3C(COC1=O)N1C(O)C3Cc5cc(C)c(OC)c(O)c5C(C21)N3C)OCO4	Age	Adolescent	0.00478
COc1ccc2[nH]c3c(c2c1)CCNC31CSC2c3c(OC(C)=O)c(C)c4c(c3C(COC1=O)N1C(O)C3Cc5cc(C)c(OC)c(O)c5C(C21)N3C)OCO4	Age	Adult	-0.01551
COc1ccc2[nH]c3c(c2c1)CCNC31CSC2c3c(OC(C)=O)c(C)c4c(c3C(COC1=O)N1C(O)C3Cc5cc(C)c(OC)c(O)c5C(C21)N3C)OCO4	Age	Elderly	-0.10005
COc1ccc2[nH]c3c(c2c1)CCNC31CSC2c3c(OC(C)=O)c(C)c4c(c3C(COC1=O)N1C(O)C3Cc5cc(C)c(OC)c(O)c5C(C21)N3C)OCO4	Weight	Low	-0.14326
COc1ccc2[nH]c3c(c2c1)CCNC31CSC2c3c(OC(C)=O)c(C)c4c(c3C(COC1=O)N1C(O)C3Cc5cc(C)c(OC)c(O)c5C(C21)N3C)OCO4	Weight	Average	-0.08624
COc1ccc2[nH]c3c(c2c1)CCNC31CSC2c3c(OC(C)=O)c(C)c4c(c3C(COC1=O)N1C(O)C3Cc5cc(C)c(OC)c(O)c5C(C21)N3C)OCO4	Weight	High	-0.11483
CS(=O)(=O)c1ccc(C(=O)Nc2ccc(Cl)c(-c3ccccn3)c2)c(Cl)c1	Sex	Male	-0.09393
CS(=O)(=O)c1ccc(C(=O)Nc2ccc(Cl)c(-c3ccccn3)c2)c(Cl)c1	Sex	Female	-0.00208
CS(=O)(=O)c1ccc(C(=O)Nc2ccc(Cl)c(-c3ccccn3)c2)c(Cl)c1	Age	Children	-0.04033
CS(=O)(=O)c1ccc(C(=O)Nc2ccc(Cl)c(-c3ccccn3)c2)c(Cl)c1	Age	Adolescent	0.00778
CS(=O)(=O)c1ccc(C(=O)Nc2ccc(Cl)c(-c3ccccn3)c2)c(Cl)c1	Age	Adult	-0.04059
CS(=O)(=O)c1ccc(C(=O)Nc2ccc(Cl)c(-c3ccccn3)c2)c(Cl)c1	Age	Elderly	-0.1739
CS(=O)(=O)c1ccc(C(=O)Nc2ccc(Cl)c(-c3ccccn3)c2)c(Cl)c1	Weight	Low	-0.17469
CS(=O)(=O)c1ccc(C(=O)Nc2ccc(Cl)c(-c3ccccn3)c2)c(Cl)c1	Weight	Average	-0.16737
CS(=O)(=O)c1ccc(C(=O)Nc2ccc(Cl)c(-c3ccccn3)c2)c(Cl)c1	Weight	High	-0.22048
Cc1c(C(=O)Nc2ccc(N3CC(C)OC(C)C3)nc2)cccc1-c1ccc(OC(F)(F)F)cc1	Sex	Male	-0.06538
Cc1c(C(=O)Nc2ccc(N3CC(C)OC(C)C3)nc2)cccc1-c1ccc(OC(F)(F)F)cc1	Sex	Female	-0.0019
Cc1c(C(=O)Nc2ccc(N3CC(C)OC(C)C3)nc2)cccc1-c1ccc(OC(F)(F)F)cc1	Age	Children	-0.06056
Cc1c(C(=O)Nc2ccc(N3CC(C)OC(C)C3)nc2)cccc1-c1ccc(OC(F)(F)F)cc1	Age	Adolescent	-0.00145
Cc1c(C(=O)Nc2ccc(N3CC(C)OC(C)C3)nc2)cccc1-c1ccc(OC(F)(F)F)cc1	Age	Adult	-0.04462
Cc1c(C(=O)Nc2ccc(N3CC(C)OC(C)C3)nc2)cccc1-c1ccc(OC(F)(F)F)cc1	Age	Elderly	-0.13101
Cc1c(C(=O)Nc2ccc(N3CC(C)OC(C)C3)nc2)cccc1-c1ccc(OC(F)(F)F)cc1	Weight	Low	-0.19098
Cc1c(C(=O)Nc2ccc(N3CC(C)OC(C)C3)nc2)cccc1-c1ccc(OC(F)(F)F)cc1	Weight	Average	-0.1284
Cc1c(C(=O)Nc2ccc(N3CC(C)OC(C)C3)nc2)cccc1-c1ccc(OC(F)(F)F)cc1	Weight	High	-0.20773
Cc1ccc(Sc2ccccc2N2CCNCC2)c(C)c1	Sex	Male	-0.09253
Cc1ccc(Sc2ccccc2N2CCNCC2)c(C)c1	Sex	Female	0.00215
Cc1ccc(Sc2ccccc2N2CCNCC2)c(C)c1	Age	Children	-0.0662
Cc1ccc(Sc2ccccc2N2CCNCC2)c(C)c1	Age	Adolescent	0.01397
Cc1ccc(Sc2ccccc2N2CCNCC2)c(C)c1	Age	Adult	-0.047
Cc1ccc(Sc2ccccc2N2CCNCC2)c(C)c1	Age	Elderly	-0.21684
Cc1ccc(Sc2ccccc2N2CCNCC2)c(C)c1	Weight	Low	-0.25166
Cc1ccc(Sc2ccccc2N2CCNCC2)c(C)c1	Weight	Average	-0.22952
Cc1ccc(Sc2ccccc2N2CCNCC2)c(C)c1	Weight	High	-0.25033
Cc1nnc(C(C)C)n1C1CC2CCC(C1)N2CCC(NC(=O)C1CCC(F)(F)CC1)c1ccccc1	Sex	Male	-0.07147
Cc1nnc(C(C)C)n1C1CC2CCC(C1)N2CCC(NC(=O)C1CCC(F)(F)CC1)c1ccccc1	Sex	Female	-0.00418
Cc1nnc(C(C)C)n1C1CC2CCC(C1)N2CCC(NC(=O)C1CCC(F)(F)CC1)c1ccccc1	Age	Children	-0.05869
Cc1nnc(C(C)C)n1C1CC2CCC(C1)N2CCC(NC(=O)C1CCC(F)(F)CC1)c1ccccc1	Age	Adolescent	0.01968
Cc1nnc(C(C)C)n1C1CC2CCC(C1)N2CCC(NC(=O)C1CCC(F)(F)CC1)c1ccccc1	Age	Adult	-0.03266
Cc1nnc(C(C)C)n1C1CC2CCC(C1)N2CCC(NC(=O)C1CCC(F)(F)CC1)c1ccccc1	Age	Elderly	-0.20614
Cc1nnc(C(C)C)n1C1CC2CCC(C1)N2CCC(NC(=O)C1CCC(F)(F)CC1)c1ccccc1	Weight	Low	-0.18089
Cc1nnc(C(C)C)n1C1CC2CCC(C1)N2CCC(NC(=O)C1CCC(F)(F)CC1)c1ccccc1	Weight	Average	-0.11933
Cc1nnc(C(C)C)n1C1CC2CCC(C1)N2CCC(NC(=O)C1CCC(F)(F)CC1)c1ccccc1	Weight	High	-0.16562
Cc1nnc2n1-c1ccc(Cl)cc1C(c1ccccc1Cl)=NC2	Sex	Male	-0.08726
Cc1nnc2n1-c1ccc(Cl)cc1C(c1ccccc1Cl)=NC2	Sex	Female	-0.00127
Cc1nnc2n1-c1ccc(Cl)cc1C(c1ccccc1Cl)=NC2	Age	Children	-0.03653
Cc1nnc2n1-c1ccc(Cl)cc1C(c1ccccc1Cl)=NC2	Age	Adolescent	0.00946
Cc1nnc2n1-c1ccc(Cl)cc1C(c1ccccc1Cl)=NC2	Age	Adult	-0.04807
Cc1nnc2n1-c1ccc(Cl)cc1C(c1ccccc1Cl)=NC2	Age	Elderly	-0.19814
Cc1nnc2n1-c1ccc(Cl)cc1C(c1ccccc1Cl)=NC2	Weight	Low	-0.18555
Cc1nnc2n1-c1ccc(Cl)cc1C(c1ccccc1Cl)=NC2	Weight	Average	-0.17411
Cc1nnc2n1-c1ccc(Cl)cc1C(c1ccccc1Cl)=NC2	Weight	High	-0.24172
Cn1c(=O)cc(N2CCCC(N)C2)n(Cc2ccccc2C#N)c1=O	Sex	Male	-0.09979
Cn1c(=O)cc(N2CCCC(N)C2)n(Cc2ccccc2C#N)c1=O	Sex	Female	-0.00207
Cn1c(=O)cc(N2CCCC(N)C2)n(Cc2ccccc2C#N)c1=O	Age	Children	-0.0546
Cn1c(=O)cc(N2CCCC(N)C2)n(Cc2ccccc2C#N)c1=O	Age	Adolescent	0.01496
Cn1c(=O)cc(N2CCCC(N)C2)n(Cc2ccccc2C#N)c1=O	Age	Adult	-0.05432
Cn1c(=O)cc(N2CCCC(N)C2)n(Cc2ccccc2C#N)c1=O	Age	Elderly	-0.19003
Cn1c(=O)cc(N2CCCC(N)C2)n(Cc2ccccc2C#N)c1=O	Weight	Low	-0.21681
Cn1c(=O)cc(N2CCCC(N)C2)n(Cc2ccccc2C#N)c1=O	Weight	Average	-0.21348
Cn1c(=O)cc(N2CCCC(N)C2)n(Cc2ccccc2C#N)c1=O	Weight	High	-0.23157
N#CC1CCCN1C(=O)CNC12CC3CC(CC(O)(C3)C1)C2	Sex	Male	-0.07257
N#CC1CCCN1C(=O)CNC12CC3CC(CC(O)(C3)C1)C2	Sex	Female	-0.00107
N#CC1CCCN1C(=O)CNC12CC3CC(CC(O)(C3)C1)C2	Age	Children	-0.04904
N#CC1CCCN1C(=O)CNC12CC3CC(CC(O)(C3)C1)C2	Age	Adolescent	-0.00083
N#CC1CCCN1C(=O)CNC12CC3CC(CC(O)(C3)C1)C2	Age	Adult	-0.02619
N#CC1CCCN1C(=O)CNC12CC3CC(CC(O)(C3)C1)C2	Age	Elderly	-0.12559
N#CC1CCCN1C(=O)CNC12CC3CC(CC(O)(C3)C1)C2	Weight	Low	-0.13502
N#CC1CCCN1C(=O)CNC12CC3CC(CC(O)(C3)C1)C2	Weight	Average	-0.16191
N#CC1CCCN1C(=O)CNC12CC3CC(CC(O)(C3)C1)C2	Weight	High	-0.19584
O=C(NC1CCN(CCCCC2(C(=O)NCC(F)(F)F)c3ccccc3-c3ccccc32)CC1)c1ccccc1-c1ccc(C(F)(F)F)cc1	Sex	Male	-0.09645
O=C(NC1CCN(CCCCC2(C(=O)NCC(F)(F)F)c3ccccc3-c3ccccc32)CC1)c1ccccc1-c1ccc(C(F)(F)F)cc1	Sex	Female	-0.0078
O=C(NC1CCN(CCCCC2(C(=O)NCC(F)(F)F)c3ccccc3-c3ccccc32)CC1)c1ccccc1-c1ccc(C(F)(F)F)cc1	Age	Children	-0.03931
O=C(NC1CCN(CCCCC2(C(=O)NCC(F)(F)F)c3ccccc3-c3ccccc32)CC1)c1ccccc1-c1ccc(C(F)(F)F)cc1	Age	Adolescent	0.01278
O=C(NC1CCN(CCCCC2(C(=O)NCC(F)(F)F)c3ccccc3-c3ccccc32)CC1)c1ccccc1-c1ccc(C(F)(F)F)cc1	Age	Adult	-0.02122
O=C(NC1CCN(CCCCC2(C(=O)NCC(F)(F)F)c3ccccc3-c3ccccc32)CC1)c1ccccc1-c1ccc(C(F)(F)F)cc1	Age	Elderly	-0.17015
O=C(NC1CCN(CCCCC2(C(=O)NCC(F)(F)F)c3ccccc3-c3ccccc32)CC1)c1ccccc1-c1ccc(C(F)(F)F)cc1	Weight	Low	-0.18367
O=C(NC1CCN(CCCCC2(C(=O)NCC(F)(F)F)c3ccccc3-c3ccccc32)CC1)c1ccccc1-c1ccc(C(F)(F)F)cc1	Weight	Average	-0.16944
O=C(NC1CCN(CCCCC2(C(=O)NCC(F)(F)F)c3ccccc3-c3ccccc32)CC1)c1ccccc1-c1ccc(C(F)(F)F)cc1	Weight	High	-0.24479
CC1(C)C(C(=O)O)N2C(=O)CC2S1(=O)=O	Sex	Male	-0.10825
CC1(C)C(C(=O)O)N2C(=O)CC2S1(=O)=O	Sex	Female	-0.00212
CC1(C)C(C(=O)O)N2C(=O)CC2S1(=O)=O	Age	Children	-0.04889
CC1(C)C(C(=O)O)N2C(=O)CC2S1(=O)=O	Age	Adolescent	0.00341
CC1(C)C(C(=O)O)N2C(=O)CC2S1(=O)=O	Age	Adult	-0.0426
CC1(C)C(C(=O)O)N2C(=O)CC2S1(=O)=O	Age	Elderly	-0.19949
CC1(C)C(C(=O)O)N2C(=O)CC2S1(=O)=O	Weight	Low	-0.21482
CC1(C)C(C(=O)O)N2C(=O)CC2S1(=O)=O	Weight	Average	-0.21048
CC1(C)C(C(=O)O)N2C(=O)CC2S1(=O)=O	Weight	High	-0.24069
CC12CCC(=O)C=C1CCC1C2C(=O)CC2(C)C1CCC2(O)C(=O)CO	Sex	Male	-0.09307
CC12CCC(=O)C=C1CCC1C2C(=O)CC2(C)C1CCC2(O)C(=O)CO	Sex	Female	-0.00181
CC12CCC(=O)C=C1CCC1C2C(=O)CC2(C)C1CCC2(O)C(=O)CO	Age	Children	-0.0451
CC12CCC(=O)C=C1CCC1C2C(=O)CC2(C)C1CCC2(O)C(=O)CO	Age	Adolescent	0.01375
CC12CCC(=O)C=C1CCC1C2C(=O)CC2(C)C1CCC2(O)C(=O)CO	Age	Adult	-0.06489
CC12CCC(=O)C=C1CCC1C2C(=O)CC2(C)C1CCC2(O)C(=O)CO	Age	Elderly	-0.1877
CC12CCC(=O)C=C1CCC1C2C(=O)CC2(C)C1CCC2(O)C(=O)CO	Weight	Low	-0.24574
CC12CCC(=O)C=C1CCC1C2C(=O)CC2(C)C1CCC2(O)C(=O)CO	Weight	Average	-0.16781
CC12CCC(=O)C=C1CCC1C2C(=O)CC2(C)C1CCC2(O)C(=O)CO	Weight	High	-0.22636
CC1CNCCc2ccc(Cl)cc21	Sex	Male	-0.09542
CC1CNCCc2ccc(Cl)cc21	Sex	Female	-0.01287
CC1CNCCc2ccc(Cl)cc21	Age	Children	-0.0388
CC1CNCCc2ccc(Cl)cc21	Age	Adolescent	0.00113
CC1CNCCc2ccc(Cl)cc21	Age	Adult	-0.05647
CC1CNCCc2ccc(Cl)cc21	Age	Elderly	-0.24565
CC1CNCCc2ccc(Cl)cc21	Weight	Low	-0.26714
CC1CNCCc2ccc(Cl)cc21	Weight	Average	-0.23269
CC1CNCCc2ccc(Cl)cc21	Weight	High	-0.2582
CCC(=O)NS(=O)(=O)c1ccc(-c2c(-c3ccccc3)noc2C)cc1	Sex	Male	-0.07334
CCC(=O)NS(=O)(=O)c1ccc(-c2c(-c3ccccc3)noc2C)cc1	Sex	Female	-0.00151
CCC(=O)NS(=O)(=O)c1ccc(-c2c(-c3ccccc3)noc2C)cc1	Age	Children	-0.07011
CCC(=O)NS(=O)(=O)c1ccc(-c2c(-c3ccccc3)noc2C)cc1	Age	Adolescent	0.0096
CCC(=O)NS(=O)(=O)c1ccc(-c2c(-c3ccccc3)noc2C)cc1	Age	Adult	-0.02719
CCC(=O)NS(=O)(=O)c1ccc(-c2c(-c3ccccc3)noc2C)cc1	Age	Elderly	-0.20171
CCC(=O)NS(=O)(=O)c1ccc(-c2c(-c3ccccc3)noc2C)cc1	Weight	Low	-0.20942
CCC(=O)NS(=O)(=O)c1ccc(-c2c(-c3ccccc3)noc2C)cc1	Weight	Average	-0.1454
CCC(=O)NS(=O)(=O)c1ccc(-c2c(-c3ccccc3)noc2C)cc1	Weight	High	-0.23192
CCCC(=O)OCOC(=O)C1=C(C)N=C(C)C(C(=O)OC)C1c1cccc(Cl)c1Cl	Sex	Male	-0.07495
CCCC(=O)OCOC(=O)C1=C(C)N=C(C)C(C(=O)OC)C1c1cccc(Cl)c1Cl	Sex	Female	-0.0006
CCCC(=O)OCOC(=O)C1=C(C)N=C(C)C(C(=O)OC)C1c1cccc(Cl)c1Cl	Age	Children	-0.04186
CCCC(=O)OCOC(=O)C1=C(C)N=C(C)C(C(=O)OC)C1c1cccc(Cl)c1Cl	Age	Adolescent	-0.01106
CCCC(=O)OCOC(=O)C1=C(C)N=C(C)C(C(=O)OC)C1c1cccc(Cl)c1Cl	Age	Adult	-0.01147
CCCC(=O)OCOC(=O)C1=C(C)N=C(C)C(C(=O)OC)C1c1cccc(Cl)c1Cl	Age	Elderly	-0.12154
CCCC(=O)OCOC(=O)C1=C(C)N=C(C)C(C(=O)OC)C1c1cccc(Cl)c1Cl	Weight	Low	-0.17118
CCCC(=O)OCOC(=O)C1=C(C)N=C(C)C(C(=O)OC)C1c1cccc(Cl)c1Cl	Weight	Average	-0.1293
CCCC(=O)OCOC(=O)C1=C(C)N=C(C)C(C(=O)OC)C1c1cccc(Cl)c1Cl	Weight	High	-0.19406
CCCN(CCc1cccs1)C1CCc2c(O)cccc2C1	Sex	Male	-0.12587
CCCN(CCc1cccs1)C1CCc2c(O)cccc2C1	Sex	Female	-0.00112
CCCN(CCc1cccs1)C1CCc2c(O)cccc2C1	Age	Children	-0.02718
CCCN(CCc1cccs1)C1CCc2c(O)cccc2C1	Age	Adolescent	0.01061
CCCN(CCc1cccs1)C1CCc2c(O)cccc2C1	Age	Adult	-0.04152
CCCN(CCc1cccs1)C1CCc2c(O)cccc2C1	Age	Elderly	-0.23817
CCCN(CCc1cccs1)C1CCc2c(O)cccc2C1	Weight	Low	-0.30701
CCCN(CCc1cccs1)C1CCc2c(O)cccc2C1	Weight	Average	-0.2351
CCCN(CCc1cccs1)C1CCc2c(O)cccc2C1	Weight	High	-0.30279
COc1cc2c(Nc3ccc(Br)cc3F)ncnc2cc1OCC1CCN(C)CC1	Sex	Male	-0.04942
COc1cc2c(Nc3ccc(Br)cc3F)ncnc2cc1OCC1CCN(C)CC1	Sex	Female	-0.00106
COc1cc2c(Nc3ccc(Br)cc3F)ncnc2cc1OCC1CCN(C)CC1	Age	Children	-0.02839
COc1cc2c(Nc3ccc(Br)cc3F)ncnc2cc1OCC1CCN(C)CC1	Age	Adolescent	-0.00451
COc1cc2c(Nc3ccc(Br)cc3F)ncnc2cc1OCC1CCN(C)CC1	Age	Adult	-0.04966
COc1cc2c(Nc3ccc(Br)cc3F)ncnc2cc1OCC1CCN(C)CC1	Age	Elderly	-0.1968
COc1cc2c(Nc3ccc(Br)cc3F)ncnc2cc1OCC1CCN(C)CC1	Weight	Low	-0.19624
COc1cc2c(Nc3ccc(Br)cc3F)ncnc2cc1OCC1CCN(C)CC1	Weight	Average	-0.19457
COc1cc2c(Nc3ccc(Br)cc3F)ncnc2cc1OCC1CCN(C)CC1	Weight	High	-0.05579
Cc1cccc(C)c1NC(=O)C1CCCCN1C	Sex	Male	-0.04317
Cc1cccc(C)c1NC(=O)C1CCCCN1C	Sex	Female	-0.00327
Cc1cccc(C)c1NC(=O)C1CCCCN1C	Age	Children	-0.0314
Cc1cccc(C)c1NC(=O)C1CCCCN1C	Age	Adolescent	0.00019
Cc1cccc(C)c1NC(=O)C1CCCCN1C	Age	Adult	-0.02268
Cc1cccc(C)c1NC(=O)C1CCCCN1C	Age	Elderly	-0.10649
Cc1cccc(C)c1NC(=O)C1CCCCN1C	Weight	Low	-0.16188
Cc1cccc(C)c1NC(=O)C1CCCCN1C	Weight	Average	-0.13266
Cc1cccc(C)c1NC(=O)C1CCCCN1C	Weight	High	-0.19985
O=C(Nc1ccc(CC2CCC(C(O)c3ccccc3)N2)cc1)C1CCc2nccc(=O)n21	Sex	Male	-0.08208
O=C(Nc1ccc(CC2CCC(C(O)c3ccccc3)N2)cc1)C1CCc2nccc(=O)n21	Sex	Female	-0.0044
O=C(Nc1ccc(CC2CCC(C(O)c3ccccc3)N2)cc1)C1CCc2nccc(=O)n21	Age	Children	-0.06296
O=C(Nc1ccc(CC2CCC(C(O)c3ccccc3)N2)cc1)C1CCc2nccc(=O)n21	Age	Adolescent	0.00874
O=C(Nc1ccc(CC2CCC(C(O)c3ccccc3)N2)cc1)C1CCc2nccc(=O)n21	Age	Adult	-0.03571
O=C(Nc1ccc(CC2CCC(C(O)c3ccccc3)N2)cc1)C1CCc2nccc(=O)n21	Age	Elderly	-0.10326
O=C(Nc1ccc(CC2CCC(C(O)c3ccccc3)N2)cc1)C1CCc2nccc(=O)n21	Weight	Low	-0.20147
O=C(Nc1ccc(CC2CCC(C(O)c3ccccc3)N2)cc1)C1CCc2nccc(=O)n21	Weight	Average	-0.12318
O=C(Nc1ccc(CC2CCC(C(O)c3ccccc3)N2)cc1)C1CCc2nccc(=O)n21	Weight	High	-0.20893
O=C(Nc1ccc(OC(F)(F)Cl)cc1)c1cnc(N2CCC(O)C2)c(-c2cc[nH]n2)c1	Sex	Male	-0.04563
O=C(Nc1ccc(OC(F)(F)Cl)cc1)c1cnc(N2CCC(O)C2)c(-c2cc[nH]n2)c1	Sex	Female	-0.00076
O=C(Nc1ccc(OC(F)(F)Cl)cc1)c1cnc(N2CCC(O)C2)c(-c2cc[nH]n2)c1	Age	Children	-0.03328
O=C(Nc1ccc(OC(F)(F)Cl)cc1)c1cnc(N2CCC(O)C2)c(-c2cc[nH]n2)c1	Age	Adolescent	-0.00274
O=C(Nc1ccc(OC(F)(F)Cl)cc1)c1cnc(N2CCC(O)C2)c(-c2cc[nH]n2)c1	Age	Adult	-0.04685
O=C(Nc1ccc(OC(F)(F)Cl)cc1)c1cnc(N2CCC(O)C2)c(-c2cc[nH]n2)c1	Age	Elderly	-0.12366
O=C(Nc1ccc(OC(F)(F)Cl)cc1)c1cnc(N2CCC(O)C2)c(-c2cc[nH]n2)c1	Weight	Low	-0.19425
O=C(Nc1ccc(OC(F)(F)Cl)cc1)c1cnc(N2CCC(O)C2)c(-c2cc[nH]n2)c1	Weight	Average	-0.13626
O=C(Nc1ccc(OC(F)(F)Cl)cc1)c1cnc(N2CCC(O)C2)c(-c2cc[nH]n2)c1	Weight	High	-0.17246
O=C(O)c1cc(N=Nc2ccc(S(=O)(=O)Nc3ccccn3)cc2)ccc1O	Sex	Male	-0.08677
O=C(O)c1cc(N=Nc2ccc(S(=O)(=O)Nc3ccccn3)cc2)ccc1O	Sex	Female	-0.00187
O=C(O)c1cc(N=Nc2ccc(S(=O)(=O)Nc3ccccn3)cc2)ccc1O	Age	Children	-0.04779
O=C(O)c1cc(N=Nc2ccc(S(=O)(=O)Nc3ccccn3)cc2)ccc1O	Age	Adolescent	0.00814
O=C(O)c1cc(N=Nc2ccc(S(=O)(=O)Nc3ccccn3)cc2)ccc1O	Age	Adult	-0.0531
O=C(O)c1cc(N=Nc2ccc(S(=O)(=O)Nc3ccccn3)cc2)ccc1O	Age	Elderly	-0.24012
O=C(O)c1cc(N=Nc2ccc(S(=O)(=O)Nc3ccccn3)cc2)ccc1O	Weight	Low	-0.26169
O=C(O)c1cc(N=Nc2ccc(S(=O)(=O)Nc3ccccn3)cc2)ccc1O	Weight	Average	-0.22974
O=C(O)c1cc(N=Nc2ccc(S(=O)(=O)Nc3ccccn3)cc2)ccc1O	Weight	High	-0.29248
O=C(c1ccccc1)c1ccc2n1CCC2C(=O)O	Sex	Male	-0.06579
O=C(c1ccccc1)c1ccc2n1CCC2C(=O)O	Sex	Female	-0.00214
O=C(c1ccccc1)c1ccc2n1CCC2C(=O)O	Age	Children	-0.09517
O=C(c1ccccc1)c1ccc2n1CCC2C(=O)O	Age	Adolescent	-0.00843
O=C(c1ccccc1)c1ccc2n1CCC2C(=O)O	Age	Adult	-0.05166
O=C(c1ccccc1)c1ccc2n1CCC2C(=O)O	Age	Elderly	-0.18809
O=C(c1ccccc1)c1ccc2n1CCC2C(=O)O	Weight	Low	-0.20888
O=C(c1ccccc1)c1ccc2n1CCC2C(=O)O	Weight	Average	-0.21704
O=C(c1ccccc1)c1ccc2n1CCC2C(=O)O	Weight	High	-0.2703
CC(C)N(CCC(C(N)=O)(c1ccccc1)c1ccccn1)C(C)C	Sex	Male	-0.13222
CC(C)N(CCC(C(N)=O)(c1ccccc1)c1ccccn1)C(C)C	Sex	Female	-0.0014
CC(C)N(CCC(C(N)=O)(c1ccccc1)c1ccccn1)C(C)C	Age	Children	-0.03238
CC(C)N(CCC(C(N)=O)(c1ccccc1)c1ccccn1)C(C)C	Age	Adolescent	0.00741
CC(C)N(CCC(C(N)=O)(c1ccccc1)c1ccccn1)C(C)C	Age	Adult	-0.04053
CC(C)N(CCC(C(N)=O)(c1ccccc1)c1ccccn1)C(C)C	Age	Elderly	-0.24996
CC(C)N(CCC(C(N)=O)(c1ccccc1)c1ccccn1)C(C)C	Weight	Low	-0.19151
CC(C)N(CCC(C(N)=O)(c1ccccc1)c1ccccn1)C(C)C	Weight	Average	-0.20419
CC(C)N(CCC(C(N)=O)(c1ccccc1)c1ccccn1)C(C)C	Weight	High	-0.26601
CCCCNc1cc(C(=O)O)cc(S(N)(=O)=O)c1Oc1ccccc1	Sex	Male	-0.06489
CCCCNc1cc(C(=O)O)cc(S(N)(=O)=O)c1Oc1ccccc1	Sex	Female	-0.00079
CCCCNc1cc(C(=O)O)cc(S(N)(=O)=O)c1Oc1ccccc1	Age	Children	-0.03411
CCCCNc1cc(C(=O)O)cc(S(N)(=O)=O)c1Oc1ccccc1	Age	Adolescent	0.01408
CCCCNc1cc(C(=O)O)cc(S(N)(=O)=O)c1Oc1ccccc1	Age	Adult	-0.02404
CCCCNc1cc(C(=O)O)cc(S(N)(=O)=O)c1Oc1ccccc1	Age	Elderly	-0.12067
CCCCNc1cc(C(=O)O)cc(S(N)(=O)=O)c1Oc1ccccc1	Weight	Low	-0.16286
CCCCNc1cc(C(=O)O)cc(S(N)(=O)=O)c1Oc1ccccc1	Weight	Average	-0.11844
CCCCNc1cc(C(=O)O)cc(S(N)(=O)=O)c1Oc1ccccc1	Weight	High	-0.19661
Cc1ccccc1N1C(=O)c2cc(S(N)(=O)=O)c(Cl)cc2NC1C	Sex	Male	-0.12756
Cc1ccccc1N1C(=O)c2cc(S(N)(=O)=O)c(Cl)cc2NC1C	Sex	Female	-0.00196
Cc1ccccc1N1C(=O)c2cc(S(N)(=O)=O)c(Cl)cc2NC1C	Age	Children	-0.07972
Cc1ccccc1N1C(=O)c2cc(S(N)(=O)=O)c(Cl)cc2NC1C	Age	Adolescent	0.01033
Cc1ccccc1N1C(=O)c2cc(S(N)(=O)=O)c(Cl)cc2NC1C	Age	Adult	-0.05153
Cc1ccccc1N1C(=O)c2cc(S(N)(=O)=O)c(Cl)cc2NC1C	Age	Elderly	-0.24312
Cc1ccccc1N1C(=O)c2cc(S(N)(=O)=O)c(Cl)cc2NC1C	Weight	Low	-0.2595
Cc1ccccc1N1C(=O)c2cc(S(N)(=O)=O)c(Cl)cc2NC1C	Weight	Average	-0.20817
Cc1ccccc1N1C(=O)c2cc(S(N)(=O)=O)c(Cl)cc2NC1C	Weight	High	-0.30108
Cn1cnc2c(F)c(Nc3ccc(Br)cc3F)c(C(=O)NOCCO)cc21	Sex	Male	-0.03503
Cn1cnc2c(F)c(Nc3ccc(Br)cc3F)c(C(=O)NOCCO)cc21	Sex	Female	-0.00342
Cn1cnc2c(F)c(Nc3ccc(Br)cc3F)c(C(=O)NOCCO)cc21	Age	Children	-0.04932
Cn1cnc2c(F)c(Nc3ccc(Br)cc3F)c(C(=O)NOCCO)cc21	Age	Adolescent	0.00287
Cn1cnc2c(F)c(Nc3ccc(Br)cc3F)c(C(=O)NOCCO)cc21	Age	Adult	-0.07055
Cn1cnc2c(F)c(Nc3ccc(Br)cc3F)c(C(=O)NOCCO)cc21	Age	Elderly	-0.17535
Cn1cnc2c(F)c(Nc3ccc(Br)cc3F)c(C(=O)NOCCO)cc21	Weight	Low	-0.20004
Cn1cnc2c(F)c(Nc3ccc(Br)cc3F)c(C(=O)NOCCO)cc21	Weight	Average	-0.12558
Cn1cnc2c(F)c(Nc3ccc(Br)cc3F)c(C(=O)NOCCO)cc21	Weight	High	-0.08546
NS(=O)(=O)c1cc(C2(O)NC(=O)c3ccccc32)ccc1Cl	Sex	Male	-0.02043
NS(=O)(=O)c1cc(C2(O)NC(=O)c3ccccc32)ccc1Cl	Sex	Female	-0.00155
NS(=O)(=O)c1cc(C2(O)NC(=O)c3ccccc32)ccc1Cl	Age	Children	-0.03235
NS(=O)(=O)c1cc(C2(O)NC(=O)c3ccccc32)ccc1Cl	Age	Adolescent	0.01091
NS(=O)(=O)c1cc(C2(O)NC(=O)c3ccccc32)ccc1Cl	Age	Adult	-0.01571
NS(=O)(=O)c1cc(C2(O)NC(=O)c3ccccc32)ccc1Cl	Age	Elderly	-0.11421
NS(=O)(=O)c1cc(C2(O)NC(=O)c3ccccc32)ccc1Cl	Weight	Low	-0.12264
NS(=O)(=O)c1cc(C2(O)NC(=O)c3ccccc32)ccc1Cl	Weight	Average	-0.10844
NS(=O)(=O)c1cc(C2(O)NC(=O)c3ccccc32)ccc1Cl	Weight	High	-0.13081
NS(=O)(=O)c1cc(Cl)c(Cl)c(S(N)(=O)=O)c1	Sex	Male	-0.10433
NS(=O)(=O)c1cc(Cl)c(Cl)c(S(N)(=O)=O)c1	Sex	Female	-0.00214
NS(=O)(=O)c1cc(Cl)c(Cl)c(S(N)(=O)=O)c1	Age	Children	-0.05308
NS(=O)(=O)c1cc(Cl)c(Cl)c(S(N)(=O)=O)c1	Age	Adolescent	0.00172
NS(=O)(=O)c1cc(Cl)c(Cl)c(S(N)(=O)=O)c1	Age	Adult	-0.04948
NS(=O)(=O)c1cc(Cl)c(Cl)c(S(N)(=O)=O)c1	Age	Elderly	-0.15103
NS(=O)(=O)c1cc(Cl)c(Cl)c(S(N)(=O)=O)c1	Weight	Low	-0.22067
NS(=O)(=O)c1cc(Cl)c(Cl)c(S(N)(=O)=O)c1	Weight	Average	-0.1949
NS(=O)(=O)c1cc(Cl)c(Cl)c(S(N)(=O)=O)c1	Weight	High	-0.24453
Nc1nc(CC(=O)Nc2ccc(CCNCC(O)c3ccccc3)cc2)cs1	Sex	Male	-0.07296
Nc1nc(CC(=O)Nc2ccc(CCNCC(O)c3ccccc3)cc2)cs1	Sex	Female	-0.00108
Nc1nc(CC(=O)Nc2ccc(CCNCC(O)c3ccccc3)cc2)cs1	Age	Children	-0.02365
Nc1nc(CC(=O)Nc2ccc(CCNCC(O)c3ccccc3)cc2)cs1	Age	Adolescent	0.01279
Nc1nc(CC(=O)Nc2ccc(CCNCC(O)c3ccccc3)cc2)cs1	Age	Adult	-0.02073
Nc1nc(CC(=O)Nc2ccc(CCNCC(O)c3ccccc3)cc2)cs1	Age	Elderly	-0.19146
Nc1nc(CC(=O)Nc2ccc(CCNCC(O)c3ccccc3)cc2)cs1	Weight	Low	-0.19476
Nc1nc(CC(=O)Nc2ccc(CCNCC(O)c3ccccc3)cc2)cs1	Weight	Average	-0.1458
Nc1nc(CC(=O)Nc2ccc(CCNCC(O)c3ccccc3)cc2)cs1	Weight	High	-0.24749
CC(=O)OC1(C(C)=O)CCC2C3=CC(C)=C4CC(=O)CCC4(C)C3CCC21C	Sex	Male	-0.09018
CC(=O)OC1(C(C)=O)CCC2C3=CC(C)=C4CC(=O)CCC4(C)C3CCC21C	Sex	Female	-0.00392
CC(=O)OC1(C(C)=O)CCC2C3=CC(C)=C4CC(=O)CCC4(C)C3CCC21C	Age	Children	-0.03453
CC(=O)OC1(C(C)=O)CCC2C3=CC(C)=C4CC(=O)CCC4(C)C3CCC21C	Age	Adolescent	-0.01131
CC(=O)OC1(C(C)=O)CCC2C3=CC(C)=C4CC(=O)CCC4(C)C3CCC21C	Age	Adult	-0.04323
CC(=O)OC1(C(C)=O)CCC2C3=CC(C)=C4CC(=O)CCC4(C)C3CCC21C	Age	Elderly	-0.15545
CC(=O)OC1(C(C)=O)CCC2C3=CC(C)=C4CC(=O)CCC4(C)C3CCC21C	Weight	Low	-0.18539
CC(=O)OC1(C(C)=O)CCC2C3=CC(C)=C4CC(=O)CCC4(C)C3CCC21C	Weight	Average	-0.15772
CC(=O)OC1(C(C)=O)CCC2C3=CC(C)=C4CC(=O)CCC4(C)C3CCC21C	Weight	High	-0.18316
CC(=O)OCC(CCn1cnc2cnc(N)nc21)COC(C)=O	Sex	Male	-0.11772
CC(=O)OCC(CCn1cnc2cnc(N)nc21)COC(C)=O	Sex	Female	-0.00209
CC(=O)OCC(CCn1cnc2cnc(N)nc21)COC(C)=O	Age	Children	-0.06962
CC(=O)OCC(CCn1cnc2cnc(N)nc21)COC(C)=O	Age	Adolescent	0.00271
CC(=O)OCC(CCn1cnc2cnc(N)nc21)COC(C)=O	Age	Adult	-0.04065
CC(=O)OCC(CCn1cnc2cnc(N)nc21)COC(C)=O	Age	Elderly	-0.23093
CC(=O)OCC(CCn1cnc2cnc(N)nc21)COC(C)=O	Weight	Low	-0.22532
CC(=O)OCC(CCn1cnc2cnc(N)nc21)COC(C)=O	Weight	Average	-0.18162
CC(=O)OCC(CCn1cnc2cnc(N)nc21)COC(C)=O	Weight	High	-0.24446
CC(=O)Oc1ccc(C(c2ccc(OC(C)=O)cc2)c2ccccn2)cc1	Sex	Male	-0.09195
CC(=O)Oc1ccc(C(c2ccc(OC(C)=O)cc2)c2ccccn2)cc1	Sex	Female	-0.00195
CC(=O)Oc1ccc(C(c2ccc(OC(C)=O)cc2)c2ccccn2)cc1	Age	Children	-0.0752
CC(=O)Oc1ccc(C(c2ccc(OC(C)=O)cc2)c2ccccn2)cc1	Age	Adolescent	0.01193
CC(=O)Oc1ccc(C(c2ccc(OC(C)=O)cc2)c2ccccn2)cc1	Age	Adult	-0.04669
CC(=O)Oc1ccc(C(c2ccc(OC(C)=O)cc2)c2ccccn2)cc1	Age	Elderly	-0.24228
CC(=O)Oc1ccc(C(c2ccc(OC(C)=O)cc2)c2ccccn2)cc1	Weight	Low	-0.15376
CC(=O)Oc1ccc(C(c2ccc(OC(C)=O)cc2)c2ccccn2)cc1	Weight	Average	-0.19293
CC(=O)Oc1ccc(C(c2ccc(OC(C)=O)cc2)c2ccccn2)cc1	Weight	High	-0.23745
CC(C)(C)NC(=O)C1CN(Cc2cccnc2)CCN1CC(O)CC(Cc1ccccc1)C(=O)NC1c2ccccc2CC1O	Sex	Male	-0.07756
CC(C)(C)NC(=O)C1CN(Cc2cccnc2)CCN1CC(O)CC(Cc1ccccc1)C(=O)NC1c2ccccc2CC1O	Sex	Female	-0.01529
CC(C)(C)NC(=O)C1CN(Cc2cccnc2)CCN1CC(O)CC(Cc1ccccc1)C(=O)NC1c2ccccc2CC1O	Age	Children	-0.06056
CC(C)(C)NC(=O)C1CN(Cc2cccnc2)CCN1CC(O)CC(Cc1ccccc1)C(=O)NC1c2ccccc2CC1O	Age	Adolescent	-0.00038
CC(C)(C)NC(=O)C1CN(Cc2cccnc2)CCN1CC(O)CC(Cc1ccccc1)C(=O)NC1c2ccccc2CC1O	Age	Adult	-0.04098
CC(C)(C)NC(=O)C1CN(Cc2cccnc2)CCN1CC(O)CC(Cc1ccccc1)C(=O)NC1c2ccccc2CC1O	Age	Elderly	-0.14709
CC(C)(C)NC(=O)C1CN(Cc2cccnc2)CCN1CC(O)CC(Cc1ccccc1)C(=O)NC1c2ccccc2CC1O	Weight	Low	-0.13764
CC(C)(C)NC(=O)C1CN(Cc2cccnc2)CCN1CC(O)CC(Cc1ccccc1)C(=O)NC1c2ccccc2CC1O	Weight	Average	-0.15157
CC(C)(C)NC(=O)C1CN(Cc2cccnc2)CCN1CC(O)CC(Cc1ccccc1)C(=O)NC1c2ccccc2CC1O	Weight	High	-0.18511
CC(C)(O)CNc1nc(Nc2ccnc(C(F)(F)F)c2)nc(-c2cccc(C(F)(F)F)n2)n1	Sex	Male	-0.11381
CC(C)(O)CNc1nc(Nc2ccnc(C(F)(F)F)c2)nc(-c2cccc(C(F)(F)F)n2)n1	Sex	Female	-0.00217
CC(C)(O)CNc1nc(Nc2ccnc(C(F)(F)F)c2)nc(-c2cccc(C(F)(F)F)n2)n1	Age	Children	-0.05601
CC(C)(O)CNc1nc(Nc2ccnc(C(F)(F)F)c2)nc(-c2cccc(C(F)(F)F)n2)n1	Age	Adolescent	0.00181
CC(C)(O)CNc1nc(Nc2ccnc(C(F)(F)F)c2)nc(-c2cccc(C(F)(F)F)n2)n1	Age	Adult	-0.04978
CC(C)(O)CNc1nc(Nc2ccnc(C(F)(F)F)c2)nc(-c2cccc(C(F)(F)F)n2)n1	Age	Elderly	-0.13544
CC(C)(O)CNc1nc(Nc2ccnc(C(F)(F)F)c2)nc(-c2cccc(C(F)(F)F)n2)n1	Weight	Low	-0.22125
CC(C)(O)CNc1nc(Nc2ccnc(C(F)(F)F)c2)nc(-c2cccc(C(F)(F)F)n2)n1	Weight	Average	-0.15368
CC(C)(O)CNc1nc(Nc2ccnc(C(F)(F)F)c2)nc(-c2cccc(C(F)(F)F)n2)n1	Weight	High	-0.21548
CC(C)C(=O)Oc1ccc(CO)cc1C(CCN(C(C)C)C(C)C)c1ccccc1	Sex	Male	-0.10951
CC(C)C(=O)Oc1ccc(CO)cc1C(CCN(C(C)C)C(C)C)c1ccccc1	Sex	Female	-0.00095
CC(C)C(=O)Oc1ccc(CO)cc1C(CCN(C(C)C)C(C)C)c1ccccc1	Age	Children	-0.03198
CC(C)C(=O)Oc1ccc(CO)cc1C(CCN(C(C)C)C(C)C)c1ccccc1	Age	Adolescent	0.00841
CC(C)C(=O)Oc1ccc(CO)cc1C(CCN(C(C)C)C(C)C)c1ccccc1	Age	Adult	-0.04885
CC(C)C(=O)Oc1ccc(CO)cc1C(CCN(C(C)C)C(C)C)c1ccccc1	Age	Elderly	-0.1811
CC(C)C(=O)Oc1ccc(CO)cc1C(CCN(C(C)C)C(C)C)c1ccccc1	Weight	Low	-0.15739
CC(C)C(=O)Oc1ccc(CO)cc1C(CCN(C(C)C)C(C)C)c1ccccc1	Weight	Average	-0.13856
CC(C)C(=O)Oc1ccc(CO)cc1C(CCN(C(C)C)C(C)C)c1ccccc1	Weight	High	-0.17154
CC(NCc1ccc(OCc2cccc(F)c2)cc1)C(N)=O	Sex	Male	-0.09478
CC(NCc1ccc(OCc2cccc(F)c2)cc1)C(N)=O	Sex	Female	-0.00179
CC(NCc1ccc(OCc2cccc(F)c2)cc1)C(N)=O	Age	Children	-0.06453
CC(NCc1ccc(OCc2cccc(F)c2)cc1)C(N)=O	Age	Adolescent	0.00281
CC(NCc1ccc(OCc2cccc(F)c2)cc1)C(N)=O	Age	Adult	-0.04456
CC(NCc1ccc(OCc2cccc(F)c2)cc1)C(N)=O	Age	Elderly	-0.14676
CC(NCc1ccc(OCc2cccc(F)c2)cc1)C(N)=O	Weight	Low	-0.22035
CC(NCc1ccc(OCc2cccc(F)c2)cc1)C(N)=O	Weight	Average	-0.20842
CC(NCc1ccc(OCc2cccc(F)c2)cc1)C(N)=O	Weight	High	-0.27173
CC12CCC(=O)C=C1CCC1C2CCC2(C)C1CCC2(C)O	Sex	Male	-0.10881
CC12CCC(=O)C=C1CCC1C2CCC2(C)C1CCC2(C)O	Sex	Female	-0.00161
CC12CCC(=O)C=C1CCC1C2CCC2(C)C1CCC2(C)O	Age	Children	-0.03277
CC12CCC(=O)C=C1CCC1C2CCC2(C)C1CCC2(C)O	Age	Adolescent	0.00514
CC12CCC(=O)C=C1CCC1C2CCC2(C)C1CCC2(C)O	Age	Adult	-0.05753
CC12CCC(=O)C=C1CCC1C2CCC2(C)C1CCC2(C)O	Age	Elderly	-0.16813
CC12CCC(=O)C=C1CCC1C2CCC2(C)C1CCC2(C)O	Weight	Low	-0.22614
CC12CCC(=O)C=C1CCC1C2CCC2(C)C1CCC2(C)O	Weight	Average	-0.1593
CC12CCC(=O)C=C1CCC1C2CCC2(C)C1CCC2(C)O	Weight	High	-0.22285
CC12CCC(=O)C=C1CCC1C3CCC(O)(C(=O)CO)C3(C)CC(O)C12F	Sex	Male	-0.08835
CC12CCC(=O)C=C1CCC1C3CCC(O)(C(=O)CO)C3(C)CC(O)C12F	Sex	Female	-0.00194
CC12CCC(=O)C=C1CCC1C3CCC(O)(C(=O)CO)C3(C)CC(O)C12F	Age	Children	-0.04838
CC12CCC(=O)C=C1CCC1C3CCC(O)(C(=O)CO)C3(C)CC(O)C12F	Age	Adolescent	0.03099
CC12CCC(=O)C=C1CCC1C3CCC(O)(C(=O)CO)C3(C)CC(O)C12F	Age	Adult	-0.06264
CC12CCC(=O)C=C1CCC1C3CCC(O)(C(=O)CO)C3(C)CC(O)C12F	Age	Elderly	-0.14495
CC12CCC(=O)C=C1CCC1C3CCC(O)(C(=O)CO)C3(C)CC(O)C12F	Weight	Low	-0.23663
CC12CCC(=O)C=C1CCC1C3CCC(O)(C(=O)CO)C3(C)CC(O)C12F	Weight	Average	-0.15588
CC12CCC(=O)C=C1CCC1C3CCC(O)(C(=O)CO)C3(C)CC(O)C12F	Weight	High	-0.21686
CC12CCC3C4=C(CCC3C1CCC2O)CC(=O)CC4	Sex	Male	-0.05123
CC12CCC3C4=C(CCC3C1CCC2O)CC(=O)CC4	Sex	Female	-0.00759
CC12CCC3C4=C(CCC3C1CCC2O)CC(=O)CC4	Age	Children	-0.03835
CC12CCC3C4=C(CCC3C1CCC2O)CC(=O)CC4	Age	Adolescent	-0.01514
CC12CCC3C4=C(CCC3C1CCC2O)CC(=O)CC4	Age	Adult	-0.05177
CC12CCC3C4=C(CCC3C1CCC2O)CC(=O)CC4	Age	Elderly	-0.15839
CC12CCC3C4=C(CCC3C1CCC2O)CC(=O)CC4	Weight	Low	-0.18233
CC12CCC3C4=C(CCC3C1CCC2O)CC(=O)CC4	Weight	Average	-0.20552
CC12CCC3C4=C(CCC3C1CCC2O)CC(=O)CC4	Weight	High	-0.24557
CC1CC(OC(=O)c2ccccc2O)CC(C)(C)C1	Sex	Male	-0.0462
CC1CC(OC(=O)c2ccccc2O)CC(C)(C)C1	Sex	Female	-0.00213
CC1CC(OC(=O)c2ccccc2O)CC(C)(C)C1	Age	Children	-0.05684
CC1CC(OC(=O)c2ccccc2O)CC(C)(C)C1	Age	Adolescent	0.01237
CC1CC(OC(=O)c2ccccc2O)CC(C)(C)C1	Age	Adult	-0.04415
CC1CC(OC(=O)c2ccccc2O)CC(C)(C)C1	Age	Elderly	-0.14371
CC1CC(OC(=O)c2ccccc2O)CC(C)(C)C1	Weight	Low	-0.17115
CC1CC(OC(=O)c2ccccc2O)CC(C)(C)C1	Weight	Average	-0.18255
CC1CC(OC(=O)c2ccccc2O)CC(C)(C)C1	Weight	High	-0.2236
CCCCC(CC)COC(=O)c1ccccc1O	Sex	Male	-0.08326
CCCCC(CC)COC(=O)c1ccccc1O	Sex	Female	-0.00129
CCCCC(CC)COC(=O)c1ccccc1O	Age	Children	-0.05717
CCCCC(CC)COC(=O)c1ccccc1O	Age	Adolescent	0.01062
CCCCC(CC)COC(=O)c1ccccc1O	Age	Adult	-0.03251
CCCCC(CC)COC(=O)c1ccccc1O	Age	Elderly	-0.20248
CCCCC(CC)COC(=O)c1ccccc1O	Weight	Low	-0.20011
CCCCC(CC)COC(=O)c1ccccc1O	Weight	Average	-0.22302
CCCCC(CC)COC(=O)c1ccccc1O	Weight	High	-0.22527
CCCCCCCN(CC)CCCC(O)c1ccc(NS(C)(=O)=O)cc1	Sex	Male	-0.01916
CCCCCCCN(CC)CCCC(O)c1ccc(NS(C)(=O)=O)cc1	Sex	Female	-0.00033
CCCCCCCN(CC)CCCC(O)c1ccc(NS(C)(=O)=O)cc1	Age	Children	-0.00855
CCCCCCCN(CC)CCCC(O)c1ccc(NS(C)(=O)=O)cc1	Age	Adolescent	0.00182
CCCCCCCN(CC)CCCC(O)c1ccc(NS(C)(=O)=O)cc1	Age	Adult	-0.00701
CCCCCCCN(CC)CCCC(O)c1ccc(NS(C)(=O)=O)cc1	Age	Elderly	-0.07561
CCCCCCCN(CC)CCCC(O)c1ccc(NS(C)(=O)=O)cc1	Weight	Low	-0.05132
CCCCCCCN(CC)CCCC(O)c1ccc(NS(C)(=O)=O)cc1	Weight	Average	-0.04225
CCCCCCCN(CC)CCCC(O)c1ccc(NS(C)(=O)=O)cc1	Weight	High	-0.08469
CCCSc1ccc2[nH]c(NC(=O)OC)nc2c1	Sex	Male	-0.06915
CCCSc1ccc2[nH]c(NC(=O)OC)nc2c1	Sex	Female	-0.00153
CCCSc1ccc2[nH]c(NC(=O)OC)nc2c1	Age	Children	-0.04476
CCCSc1ccc2[nH]c(NC(=O)OC)nc2c1	Age	Adolescent	0.00398
CCCSc1ccc2[nH]c(NC(=O)OC)nc2c1	Age	Adult	-0.03289
CCCSc1ccc2[nH]c(NC(=O)OC)nc2c1	Age	Elderly	-0.1655
CCCSc1ccc2[nH]c(NC(=O)OC)nc2c1	Weight	Low	-0.2439
CCCSc1ccc2[nH]c(NC(=O)OC)nc2c1	Weight	Average	-0.17015
CCCSc1ccc2[nH]c(NC(=O)OC)nc2c1	Weight	High	-0.25645
CCN(CC)CCN1C(=O)CN=C(c2ccccc2F)c2cc(Cl)ccc21	Sex	Male	-0.04374
CCN(CC)CCN1C(=O)CN=C(c2ccccc2F)c2cc(Cl)ccc21	Sex	Female	-0.00097
CCN(CC)CCN1C(=O)CN=C(c2ccccc2F)c2cc(Cl)ccc21	Age	Children	-0.00847
CCN(CC)CCN1C(=O)CN=C(c2ccccc2F)c2cc(Cl)ccc21	Age	Adolescent	0.00309
CCN(CC)CCN1C(=O)CN=C(c2ccccc2F)c2cc(Cl)ccc21	Age	Adult	-0.02392
CCN(CC)CCN1C(=O)CN=C(c2ccccc2F)c2cc(Cl)ccc21	Age	Elderly	-0.13005
CCN(CC)CCN1C(=O)CN=C(c2ccccc2F)c2cc(Cl)ccc21	Weight	Low	-0.1046
CCN(CC)CCN1C(=O)CN=C(c2ccccc2F)c2cc(Cl)ccc21	Weight	Average	-0.09323
CCN(CC)CCN1C(=O)CN=C(c2ccccc2F)c2cc(Cl)ccc21	Weight	High	-0.12893
CN(C)C(=O)Oc1ccc[n+](C)c1	Sex	Male	-0.07314
CN(C)C(=O)Oc1ccc[n+](C)c1	Sex	Female	-0.00062
CN(C)C(=O)Oc1ccc[n+](C)c1	Age	Children	-0.01501
CN(C)C(=O)Oc1ccc[n+](C)c1	Age	Adolescent	0.0035
CN(C)C(=O)Oc1ccc[n+](C)c1	Age	Adult	-0.03944
CN(C)C(=O)Oc1ccc[n+](C)c1	Age	Elderly	-0.26107
CN(C)C(=O)Oc1ccc[n+](C)c1	Weight	Low	-0.17034
CN(C)C(=O)Oc1ccc[n+](C)c1	Weight	Average	-0.19485
CN(C)C(=O)Oc1ccc[n+](C)c1	Weight	High	-0.21476
CN1C(=O)C(O)N=C(c2ccccc2)c2cc(Cl)ccc21	Sex	Male	-0.10637
CN1C(=O)C(O)N=C(c2ccccc2)c2cc(Cl)ccc21	Sex	Female	-0.00216
CN1C(=O)C(O)N=C(c2ccccc2)c2cc(Cl)ccc21	Age	Children	-0.06493
CN1C(=O)C(O)N=C(c2ccccc2)c2cc(Cl)ccc21	Age	Adolescent	0.01895
CN1C(=O)C(O)N=C(c2ccccc2)c2cc(Cl)ccc21	Age	Adult	-0.04354
CN1C(=O)C(O)N=C(c2ccccc2)c2cc(Cl)ccc21	Age	Elderly	-0.22291
CN1C(=O)C(O)N=C(c2ccccc2)c2cc(Cl)ccc21	Weight	Low	-0.19644
CN1C(=O)C(O)N=C(c2ccccc2)c2cc(Cl)ccc21	Weight	Average	-0.1844
CN1C(=O)C(O)N=C(c2ccccc2)c2cc(Cl)ccc21	Weight	High	-0.2779
CN1C(C(=O)Nc2ccccn2)C(=O)c2ccccc2S1(=O)=O	Sex	Male	-0.08576
CN1C(C(=O)Nc2ccccn2)C(=O)c2ccccc2S1(=O)=O	Sex	Female	-0.01506
CN1C(C(=O)Nc2ccccn2)C(=O)c2ccccc2S1(=O)=O	Age	Children	-0.06056
CN1C(C(=O)Nc2ccccn2)C(=O)c2ccccc2S1(=O)=O	Age	Adolescent	0.01135
CN1C(C(=O)Nc2ccccn2)C(=O)c2ccccc2S1(=O)=O	Age	Adult	-0.04784
CN1C(C(=O)Nc2ccccn2)C(=O)c2ccccc2S1(=O)=O	Age	Elderly	-0.19847
CN1C(C(=O)Nc2ccccn2)C(=O)c2ccccc2S1(=O)=O	Weight	Low	-0.20462
CN1C(C(=O)Nc2ccccn2)C(=O)c2ccccc2S1(=O)=O	Weight	Average	-0.22654
CN1C(C(=O)Nc2ccccn2)C(=O)c2ccccc2S1(=O)=O	Weight	High	-0.28494
CN1CCN2c3c(cccc31)C1CN(CCCC(=O)c3ccc(F)cc3)CCC12	Sex	Male	-0.12488
CN1CCN2c3c(cccc31)C1CN(CCCC(=O)c3ccc(F)cc3)CCC12	Sex	Female	-0.00198
CN1CCN2c3c(cccc31)C1CN(CCCC(=O)c3ccc(F)cc3)CCC12	Age	Children	-0.05308
CN1CCN2c3c(cccc31)C1CN(CCCC(=O)c3ccc(F)cc3)CCC12	Age	Adolescent	-0.01081
CN1CCN2c3c(cccc31)C1CN(CCCC(=O)c3ccc(F)cc3)CCC12	Age	Adult	-0.04422
CN1CCN2c3c(cccc31)C1CN(CCCC(=O)c3ccc(F)cc3)CCC12	Age	Elderly	-0.20468
CN1CCN2c3c(cccc31)C1CN(CCCC(=O)c3ccc(F)cc3)CCC12	Weight	Low	-0.24174
CN1CCN2c3c(cccc31)C1CN(CCCC(=O)c3ccc(F)cc3)CCC12	Weight	Average	-0.20192
CN1CCN2c3c(cccc31)C1CN(CCCC(=O)c3ccc(F)cc3)CCC12	Weight	High	-0.21847
CNC(=O)c1c(C)oc2cc(Oc3ncnc4cc(OC)c(OC)cc34)ccc12	Sex	Male	-0.0946
CNC(=O)c1c(C)oc2cc(Oc3ncnc4cc(OC)c(OC)cc34)ccc12	Sex	Female	-0.00424
CNC(=O)c1c(C)oc2cc(Oc3ncnc4cc(OC)c(OC)cc34)ccc12	Age	Children	-0.06574
CNC(=O)c1c(C)oc2cc(Oc3ncnc4cc(OC)c(OC)cc34)ccc12	Age	Adolescent	-0.01197
CNC(=O)c1c(C)oc2cc(Oc3ncnc4cc(OC)c(OC)cc34)ccc12	Age	Adult	-0.03622
CNC(=O)c1c(C)oc2cc(Oc3ncnc4cc(OC)c(OC)cc34)ccc12	Age	Elderly	-0.16218
CNC(=O)c1c(C)oc2cc(Oc3ncnc4cc(OC)c(OC)cc34)ccc12	Weight	Low	-0.20936
CNC(=O)c1c(C)oc2cc(Oc3ncnc4cc(OC)c(OC)cc34)ccc12	Weight	Average	-0.17756
CNC(=O)c1c(C)oc2cc(Oc3ncnc4cc(OC)c(OC)cc34)ccc12	Weight	High	-0.246
COC(=O)CCC1N=C(c2ccccn2)c2cc(Br)ccc2-n2c(C)cnc21	Sex	Male	-0.03683
COC(=O)CCC1N=C(c2ccccn2)c2cc(Br)ccc2-n2c(C)cnc21	Sex	Female	-0.00141
COC(=O)CCC1N=C(c2ccccn2)c2cc(Br)ccc2-n2c(C)cnc21	Age	Children	-0.05103
COC(=O)CCC1N=C(c2ccccn2)c2cc(Br)ccc2-n2c(C)cnc21	Age	Adolescent	0.00411
COC(=O)CCC1N=C(c2ccccn2)c2cc(Br)ccc2-n2c(C)cnc21	Age	Adult	-0.04346
COC(=O)CCC1N=C(c2ccccn2)c2cc(Br)ccc2-n2c(C)cnc21	Age	Elderly	-0.17705
COC(=O)CCC1N=C(c2ccccn2)c2cc(Br)ccc2-n2c(C)cnc21	Weight	Low	-0.14992
COC(=O)CCC1N=C(c2ccccn2)c2cc(Br)ccc2-n2c(C)cnc21	Weight	Average	-0.17698
COC(=O)CCC1N=C(c2ccccn2)c2cc(Br)ccc2-n2c(C)cnc21	Weight	High	-0.12301
COCCOC(=O)C1=C(C)N=C(C)C(C(=O)OC(C)C)C1c1cccc([N+](=O)[O-])c1	Sex	Male	-0.07211
COCCOC(=O)C1=C(C)N=C(C)C(C(=O)OC(C)C)C1c1cccc([N+](=O)[O-])c1	Sex	Female	-0.00144
COCCOC(=O)C1=C(C)N=C(C)C(C(=O)OC(C)C)C1c1cccc([N+](=O)[O-])c1	Age	Children	-0.05876
COCCOC(=O)C1=C(C)N=C(C)C(C(=O)OC(C)C)C1c1cccc([N+](=O)[O-])c1	Age	Adolescent	0.01077
COCCOC(=O)C1=C(C)N=C(C)C(C(=O)OC(C)C)C1c1cccc([N+](=O)[O-])c1	Age	Adult	-0.03249
COCCOC(=O)C1=C(C)N=C(C)C(C(=O)OC(C)C)C1c1cccc([N+](=O)[O-])c1	Age	Elderly	-0.16654
COCCOC(=O)C1=C(C)N=C(C)C(C(=O)OC(C)C)C1c1cccc([N+](=O)[O-])c1	Weight	Low	-0.22998
COCCOC(=O)C1=C(C)N=C(C)C(C(=O)OC(C)C)C1c1cccc([N+](=O)[O-])c1	Weight	Average	-0.11926
COCCOC(=O)C1=C(C)N=C(C)C(C(=O)OC(C)C)C1c1cccc([N+](=O)[O-])c1	Weight	High	-0.23515
COc1c(-c2ccc3cc(NS(C)(=O)=O)ccc3c2)cc(-n2ccc(=O)[nH]c2=O)cc1C(C)(C)C	Sex	Male	-0.09045
COc1c(-c2ccc3cc(NS(C)(=O)=O)ccc3c2)cc(-n2ccc(=O)[nH]c2=O)cc1C(C)(C)C	Sex	Female	-0.00208
COc1c(-c2ccc3cc(NS(C)(=O)=O)ccc3c2)cc(-n2ccc(=O)[nH]c2=O)cc1C(C)(C)C	Age	Children	-0.03319
COc1c(-c2ccc3cc(NS(C)(=O)=O)ccc3c2)cc(-n2ccc(=O)[nH]c2=O)cc1C(C)(C)C	Age	Adolescent	0.02649
COc1c(-c2ccc3cc(NS(C)(=O)=O)ccc3c2)cc(-n2ccc(=O)[nH]c2=O)cc1C(C)(C)C	Age	Adult	-0.06797
COc1c(-c2ccc3cc(NS(C)(=O)=O)ccc3c2)cc(-n2ccc(=O)[nH]c2=O)cc1C(C)(C)C	Age	Elderly	-0.09718
COc1c(-c2ccc3cc(NS(C)(=O)=O)ccc3c2)cc(-n2ccc(=O)[nH]c2=O)cc1C(C)(C)C	Weight	Low	-0.16744
COc1c(-c2ccc3cc(NS(C)(=O)=O)ccc3c2)cc(-n2ccc(=O)[nH]c2=O)cc1C(C)(C)C	Weight	Average	-0.15408
COc1c(-c2ccc3cc(NS(C)(=O)=O)ccc3c2)cc(-n2ccc(=O)[nH]c2=O)cc1C(C)(C)C	Weight	High	-0.23353
COc1cc(NC(C)CCCN)c2ncccc2c1	Sex	Male	-0.13347
COc1cc(NC(C)CCCN)c2ncccc2c1	Sex	Female	-0.00198
COc1cc(NC(C)CCCN)c2ncccc2c1	Age	Children	-0.08706
COc1cc(NC(C)CCCN)c2ncccc2c1	Age	Adolescent	0.01313
COc1cc(NC(C)CCCN)c2ncccc2c1	Age	Adult	-0.04504
COc1cc(NC(C)CCCN)c2ncccc2c1	Age	Elderly	-0.19355
COc1cc(NC(C)CCCN)c2ncccc2c1	Weight	Low	-0.25677
COc1cc(NC(C)CCCN)c2ncccc2c1	Weight	Average	-0.222
COc1cc(NC(C)CCCN)c2ncccc2c1	Weight	High	-0.25249
COc1cc2ncnc(Nc3ccc(F)c(Cl)c3)c2cc1OCCCN1CCOCC1	Sex	Male	-0.07157
COc1cc2ncnc(Nc3ccc(F)c(Cl)c3)c2cc1OCCCN1CCOCC1	Sex	Female	-0.00145
COc1cc2ncnc(Nc3ccc(F)c(Cl)c3)c2cc1OCCCN1CCOCC1	Age	Children	-0.04604
COc1cc2ncnc(Nc3ccc(F)c(Cl)c3)c2cc1OCCCN1CCOCC1	Age	Adolescent	-0.0089
COc1cc2ncnc(Nc3ccc(F)c(Cl)c3)c2cc1OCCCN1CCOCC1	Age	Adult	-0.02301
COc1cc2ncnc(Nc3ccc(F)c(Cl)c3)c2cc1OCCCN1CCOCC1	Age	Elderly	-0.17481
COc1cc2ncnc(Nc3ccc(F)c(Cl)c3)c2cc1OCCCN1CCOCC1	Weight	Low	-0.14969
COc1cc2ncnc(Nc3ccc(F)c(Cl)c3)c2cc1OCCCN1CCOCC1	Weight	Average	-0.13386
COc1cc2ncnc(Nc3ccc(F)c(Cl)c3)c2cc1OCCCN1CCOCC1	Weight	High	-0.04325
COc1ccc2c3c1OC1CC(O)C=CC31CCN(C)C2	Sex	Male	-0.07259
COc1ccc2c3c1OC1CC(O)C=CC31CCN(C)C2	Sex	Female	-0.00507
COc1ccc2c3c1OC1CC(O)C=CC31CCN(C)C2	Age	Children	-0.01309
COc1ccc2c3c1OC1CC(O)C=CC31CCN(C)C2	Age	Adolescent	0.00924
COc1ccc2c3c1OC1CC(O)C=CC31CCN(C)C2	Age	Adult	-0.04107
COc1ccc2c3c1OC1CC(O)C=CC31CCN(C)C2	Age	Elderly	-0.22138
COc1ccc2c3c1OC1CC(O)C=CC31CCN(C)C2	Weight	Low	-0.25453
COc1ccc2c3c1OC1CC(O)C=CC31CCN(C)C2	Weight	Average	-0.24317
COc1ccc2c3c1OC1CC(O)C=CC31CCN(C)C2	Weight	High	-0.29171
CS(=O)(=O)CCNCc1ccc(-c2ccc3ncnc(Nc4ccc(OCc5cccc(F)c5)c(Cl)c4)c3c2)o1	Sex	Male	-0.01782
CS(=O)(=O)CCNCc1ccc(-c2ccc3ncnc(Nc4ccc(OCc5cccc(F)c5)c(Cl)c4)c3c2)o1	Sex	Female	-0.00063
CS(=O)(=O)CCNCc1ccc(-c2ccc3ncnc(Nc4ccc(OCc5cccc(F)c5)c(Cl)c4)c3c2)o1	Age	Children	-0.01458
CS(=O)(=O)CCNCc1ccc(-c2ccc3ncnc(Nc4ccc(OCc5cccc(F)c5)c(Cl)c4)c3c2)o1	Age	Adolescent	-0.0024
CS(=O)(=O)CCNCc1ccc(-c2ccc3ncnc(Nc4ccc(OCc5cccc(F)c5)c(Cl)c4)c3c2)o1	Age	Adult	-0.02197
CS(=O)(=O)CCNCc1ccc(-c2ccc3ncnc(Nc4ccc(OCc5cccc(F)c5)c(Cl)c4)c3c2)o1	Age	Elderly	-0.08948
CS(=O)(=O)CCNCc1ccc(-c2ccc3ncnc(Nc4ccc(OCc5cccc(F)c5)c(Cl)c4)c3c2)o1	Weight	Low	-0.08514
CS(=O)(=O)CCNCc1ccc(-c2ccc3ncnc(Nc4ccc(OCc5cccc(F)c5)c(Cl)c4)c3c2)o1	Weight	Average	-0.07335
CS(=O)(=O)CCNCc1ccc(-c2ccc3ncnc(Nc4ccc(OCc5cccc(F)c5)c(Cl)c4)c3c2)o1	Weight	High	-0.00089
CS(=O)(=O)c1ccc(C2=C(c3ccccc3)C(=O)OC2)cc1	Sex	Male	-0.09352
CS(=O)(=O)c1ccc(C2=C(c3ccccc3)C(=O)OC2)cc1	Sex	Female	-0.00185
CS(=O)(=O)c1ccc(C2=C(c3ccccc3)C(=O)OC2)cc1	Age	Children	-0.05153
CS(=O)(=O)c1ccc(C2=C(c3ccccc3)C(=O)OC2)cc1	Age	Adolescent	0.01161
CS(=O)(=O)c1ccc(C2=C(c3ccccc3)C(=O)OC2)cc1	Age	Adult	-0.03869
CS(=O)(=O)c1ccc(C2=C(c3ccccc3)C(=O)OC2)cc1	Age	Elderly	-0.17425
CS(=O)(=O)c1ccc(C2=C(c3ccccc3)C(=O)OC2)cc1	Weight	Low	-0.16985
CS(=O)(=O)c1ccc(C2=C(c3ccccc3)C(=O)OC2)cc1	Weight	Average	-0.14608
CS(=O)(=O)c1ccc(C2=C(c3ccccc3)C(=O)OC2)cc1	Weight	High	-0.24957
C[N+](C)(C)CC(O)CC(=O)[O-]	Sex	Male	-0.08057
C[N+](C)(C)CC(O)CC(=O)[O-]	Sex	Female	-0.00194
C[N+](C)(C)CC(O)CC(=O)[O-]	Age	Children	-0.06414
C[N+](C)(C)CC(O)CC(=O)[O-]	Age	Adolescent	0.00583
C[N+](C)(C)CC(O)CC(=O)[O-]	Age	Adult	-0.04766
C[N+](C)(C)CC(O)CC(=O)[O-]	Age	Elderly	-0.1962
C[N+](C)(C)CC(O)CC(=O)[O-]	Weight	Low	-0.22852
C[N+](C)(C)CC(O)CC(=O)[O-]	Weight	Average	-0.22877
C[N+](C)(C)CC(O)CC(=O)[O-]	Weight	High	-0.28249
Cc1cc(C(C)(C)C)cc(C)c1CC1=NCCN1	Sex	Male	-0.10282
Cc1cc(C(C)(C)C)cc(C)c1CC1=NCCN1	Sex	Female	-0.00163
Cc1cc(C(C)(C)C)cc(C)c1CC1=NCCN1	Age	Children	-0.02424
Cc1cc(C(C)(C)C)cc(C)c1CC1=NCCN1	Age	Adolescent	0.01161
Cc1cc(C(C)(C)C)cc(C)c1CC1=NCCN1	Age	Adult	-0.05528
Cc1cc(C(C)(C)C)cc(C)c1CC1=NCCN1	Age	Elderly	-0.20775
Cc1cc(C(C)(C)C)cc(C)c1CC1=NCCN1	Weight	Low	-0.26372
Cc1cc(C(C)(C)C)cc(C)c1CC1=NCCN1	Weight	Average	-0.22762
Cc1cc(C(C)(C)C)cc(C)c1CC1=NCCN1	Weight	High	-0.27152
Cc1ccc(-c2ncc(Cl)cc2-c2ccc(S(C)(=O)=O)cc2)cn1	Sex	Male	-0.10998
Cc1ccc(-c2ncc(Cl)cc2-c2ccc(S(C)(=O)=O)cc2)cn1	Sex	Female	-0.00438
Cc1ccc(-c2ncc(Cl)cc2-c2ccc(S(C)(=O)=O)cc2)cn1	Age	Children	-0.05916
Cc1ccc(-c2ncc(Cl)cc2-c2ccc(S(C)(=O)=O)cc2)cn1	Age	Adolescent	-0.00425
Cc1ccc(-c2ncc(Cl)cc2-c2ccc(S(C)(=O)=O)cc2)cn1	Age	Adult	-0.04913
Cc1ccc(-c2ncc(Cl)cc2-c2ccc(S(C)(=O)=O)cc2)cn1	Age	Elderly	-0.19313
Cc1ccc(-c2ncc(Cl)cc2-c2ccc(S(C)(=O)=O)cc2)cn1	Weight	Low	-0.22482
Cc1ccc(-c2ncc(Cl)cc2-c2ccc(S(C)(=O)=O)cc2)cn1	Weight	Average	-0.1192
Cc1ccc(-c2ncc(Cl)cc2-c2ccc(S(C)(=O)=O)cc2)cn1	Weight	High	-0.25825
Cc1ncc(C[n+]2csc(CCO)c2C)c(N)n1	Sex	Male	-0.05399
Cc1ncc(C[n+]2csc(CCO)c2C)c(N)n1	Sex	Female	-0.00053
Cc1ncc(C[n+]2csc(CCO)c2C)c(N)n1	Age	Children	-0.02722
Cc1ncc(C[n+]2csc(CCO)c2C)c(N)n1	Age	Adolescent	0.00058
Cc1ncc(C[n+]2csc(CCO)c2C)c(N)n1	Age	Adult	-0.01478
Cc1ncc(C[n+]2csc(CCO)c2C)c(N)n1	Age	Elderly	-0.11529
Cc1ncc(C[n+]2csc(CCO)c2C)c(N)n1	Weight	Low	-0.11398
Cc1ncc(C[n+]2csc(CCO)c2C)c(N)n1	Weight	Average	-0.08388
Cc1ncc(C[n+]2csc(CCO)c2C)c(N)n1	Weight	High	-0.08671
FC(F)(F)c1ccc(CNc2ccc(Cc3c[nH]c4ncc(Cl)cc34)cn2)cn1	Sex	Male	-0.06307
FC(F)(F)c1ccc(CNc2ccc(Cc3c[nH]c4ncc(Cl)cc34)cn2)cn1	Sex	Female	-0.00142
FC(F)(F)c1ccc(CNc2ccc(Cc3c[nH]c4ncc(Cl)cc34)cn2)cn1	Age	Children	-0.03659
FC(F)(F)c1ccc(CNc2ccc(Cc3c[nH]c4ncc(Cl)cc34)cn2)cn1	Age	Adolescent	-0.00123
FC(F)(F)c1ccc(CNc2ccc(Cc3c[nH]c4ncc(Cl)cc34)cn2)cn1	Age	Adult	-0.05405
FC(F)(F)c1ccc(CNc2ccc(Cc3c[nH]c4ncc(Cl)cc34)cn2)cn1	Age	Elderly	-0.11324
FC(F)(F)c1ccc(CNc2ccc(Cc3c[nH]c4ncc(Cl)cc34)cn2)cn1	Weight	Low	-0.1792
FC(F)(F)c1ccc(CNc2ccc(Cc3c[nH]c4ncc(Cl)cc34)cn2)cn1	Weight	Average	-0.16563
FC(F)(F)c1ccc(CNc2ccc(Cc3c[nH]c4ncc(Cl)cc34)cn2)cn1	Weight	High	-0.25275
N#Cc1ccc(C(c2ccc(C#N)cc2)n2cncn2)cc1	Sex	Male	-0.06286
N#Cc1ccc(C(c2ccc(C#N)cc2)n2cncn2)cc1	Sex	Female	-0.00128
N#Cc1ccc(C(c2ccc(C#N)cc2)n2cncn2)cc1	Age	Children	-0.06153
N#Cc1ccc(C(c2ccc(C#N)cc2)n2cncn2)cc1	Age	Adolescent	0.0139
N#Cc1ccc(C(c2ccc(C#N)cc2)n2cncn2)cc1	Age	Adult	-0.03858
N#Cc1ccc(C(c2ccc(C#N)cc2)n2cncn2)cc1	Age	Elderly	-0.16608
N#Cc1ccc(C(c2ccc(C#N)cc2)n2cncn2)cc1	Weight	Low	-0.21862
N#Cc1ccc(C(c2ccc(C#N)cc2)n2cncn2)cc1	Weight	Average	-0.1597
N#Cc1ccc(C(c2ccc(C#N)cc2)n2cncn2)cc1	Weight	High	-0.24836
N#Cc1ccc(C2CCc3cncn32)c(F)c1	Sex	Male	-0.09267
N#Cc1ccc(C2CCc3cncn32)c(F)c1	Sex	Female	-0.00152
N#Cc1ccc(C2CCc3cncn32)c(F)c1	Age	Children	-0.04302
N#Cc1ccc(C2CCc3cncn32)c(F)c1	Age	Adolescent	0.01368
N#Cc1ccc(C2CCc3cncn32)c(F)c1	Age	Adult	-0.04702
N#Cc1ccc(C2CCc3cncn32)c(F)c1	Age	Elderly	-0.20465
N#Cc1ccc(C2CCc3cncn32)c(F)c1	Weight	Low	-0.25215
N#Cc1ccc(C2CCc3cncn32)c(F)c1	Weight	Average	-0.21949
N#Cc1ccc(C2CCc3cncn32)c(F)c1	Weight	High	-0.23648
N=C(N)NC(=O)c1nc(Cl)c(N)nc1N	Sex	Male	-0.17803
N=C(N)NC(=O)c1nc(Cl)c(N)nc1N	Sex	Female	-0.00193
N=C(N)NC(=O)c1nc(Cl)c(N)nc1N	Age	Children	-0.04271
N=C(N)NC(=O)c1nc(Cl)c(N)nc1N	Age	Adolescent	-0.00574
N=C(N)NC(=O)c1nc(Cl)c(N)nc1N	Age	Adult	-0.07379
N=C(N)NC(=O)c1nc(Cl)c(N)nc1N	Age	Elderly	-0.17823
N=C(N)NC(=O)c1nc(Cl)c(N)nc1N	Weight	Low	-0.12587
N=C(N)NC(=O)c1nc(Cl)c(N)nc1N	Weight	Average	-0.22258
N=C(N)NC(=O)c1nc(Cl)c(N)nc1N	Weight	High	-0.31289
Nc1[nH]c(=O)ncc1F	Sex	Male	-0.08925
Nc1[nH]c(=O)ncc1F	Sex	Female	-0.00214
Nc1[nH]c(=O)ncc1F	Age	Children	-0.05481
Nc1[nH]c(=O)ncc1F	Age	Adolescent	0.00011
Nc1[nH]c(=O)ncc1F	Age	Adult	-0.01675
Nc1[nH]c(=O)ncc1F	Age	Elderly	-0.21987
Nc1[nH]c(=O)ncc1F	Weight	Low	-0.25718
Nc1[nH]c(=O)ncc1F	Weight	Average	-0.1865
Nc1[nH]c(=O)ncc1F	Weight	High	-0.28925
O=C(CCCN1CC=C(n2c(=O)[nH]c3ccccc32)CC1)c1ccc(F)cc1	Sex	Male	-0.04987
O=C(CCCN1CC=C(n2c(=O)[nH]c3ccccc32)CC1)c1ccc(F)cc1	Sex	Female	-0.00104
O=C(CCCN1CC=C(n2c(=O)[nH]c3ccccc32)CC1)c1ccc(F)cc1	Age	Children	-0.02871
O=C(CCCN1CC=C(n2c(=O)[nH]c3ccccc32)CC1)c1ccc(F)cc1	Age	Adolescent	-0.00084
O=C(CCCN1CC=C(n2c(=O)[nH]c3ccccc32)CC1)c1ccc(F)cc1	Age	Adult	-0.02431
O=C(CCCN1CC=C(n2c(=O)[nH]c3ccccc32)CC1)c1ccc(F)cc1	Age	Elderly	-0.09043
O=C(CCCN1CC=C(n2c(=O)[nH]c3ccccc32)CC1)c1ccc(F)cc1	Weight	Low	-0.13188
O=C(CCCN1CC=C(n2c(=O)[nH]c3ccccc32)CC1)c1ccc(F)cc1	Weight	Average	-0.11114
O=C(CCCN1CC=C(n2c(=O)[nH]c3ccccc32)CC1)c1ccc(F)cc1	Weight	High	-0.1415
O=C(Nc1nc(-c2cc(Cl)cs2)c(N2CCN(C3CCCCC3)CC2)s1)c1cnc(N2CCC(C(=O)O)CC2)c(Cl)c1	Sex	Male	-0.147
O=C(Nc1nc(-c2cc(Cl)cs2)c(N2CCN(C3CCCCC3)CC2)s1)c1cnc(N2CCC(C(=O)O)CC2)c(Cl)c1	Sex	Female	-0.0085
O=C(Nc1nc(-c2cc(Cl)cs2)c(N2CCN(C3CCCCC3)CC2)s1)c1cnc(N2CCC(C(=O)O)CC2)c(Cl)c1	Age	Children	-0.04656
O=C(Nc1nc(-c2cc(Cl)cs2)c(N2CCN(C3CCCCC3)CC2)s1)c1cnc(N2CCC(C(=O)O)CC2)c(Cl)c1	Age	Adolescent	-0.00838
O=C(Nc1nc(-c2cc(Cl)cs2)c(N2CCN(C3CCCCC3)CC2)s1)c1cnc(N2CCC(C(=O)O)CC2)c(Cl)c1	Age	Adult	-0.00799
O=C(Nc1nc(-c2cc(Cl)cs2)c(N2CCN(C3CCCCC3)CC2)s1)c1cnc(N2CCC(C(=O)O)CC2)c(Cl)c1	Age	Elderly	-0.14357
O=C(Nc1nc(-c2cc(Cl)cs2)c(N2CCN(C3CCCCC3)CC2)s1)c1cnc(N2CCC(C(=O)O)CC2)c(Cl)c1	Weight	Low	-0.10879
O=C(Nc1nc(-c2cc(Cl)cs2)c(N2CCN(C3CCCCC3)CC2)s1)c1cnc(N2CCC(C(=O)O)CC2)c(Cl)c1	Weight	Average	-0.09437
O=C(Nc1nc(-c2cc(Cl)cs2)c(N2CCN(C3CCCCC3)CC2)s1)c1cnc(N2CCC(C(=O)O)CC2)c(Cl)c1	Weight	High	-0.23391
O=C([O-])[O-]	Sex	Male	-0.09054
O=C([O-])[O-]	Sex	Female	-0.00212
O=C([O-])[O-]	Age	Children	-0.04909
O=C([O-])[O-]	Age	Adolescent	0.00673
O=C([O-])[O-]	Age	Adult	-0.04639
O=C([O-])[O-]	Age	Elderly	-0.17481
O=C([O-])[O-]	Weight	Low	-0.22394
O=C([O-])[O-]	Weight	Average	-0.21015
O=C([O-])[O-]	Weight	High	-0.23883
O=C1CN=C(c2ccccn2)c2cc(Br)ccc2N1	Sex	Male	-0.01117
O=C1CN=C(c2ccccn2)c2cc(Br)ccc2N1	Sex	Female	-0.00154
O=C1CN=C(c2ccccn2)c2cc(Br)ccc2N1	Age	Children	-0.03141
O=C1CN=C(c2ccccn2)c2cc(Br)ccc2N1	Age	Adolescent	0.00668
O=C1CN=C(c2ccccn2)c2cc(Br)ccc2N1	Age	Adult	-0.06199
O=C1CN=C(c2ccccn2)c2cc(Br)ccc2N1	Age	Elderly	-0.1796
O=C1CN=C(c2ccccn2)c2cc(Br)ccc2N1	Weight	Low	-0.21066
O=C1CN=C(c2ccccn2)c2cc(Br)ccc2N1	Weight	Average	-0.21733
O=C1CN=C(c2ccccn2)c2cc(Br)ccc2N1	Weight	High	-0.15143
O=C1N=C(c2ccccc2)c2cc(Cl)ccc2NC1O	Sex	Male	-0.11715
O=C1N=C(c2ccccc2)c2cc(Cl)ccc2NC1O	Sex	Female	-0.00201
O=C1N=C(c2ccccc2)c2cc(Cl)ccc2NC1O	Age	Children	-0.0549
O=C1N=C(c2ccccc2)c2cc(Cl)ccc2NC1O	Age	Adolescent	0.01813
O=C1N=C(c2ccccc2)c2cc(Cl)ccc2NC1O	Age	Adult	-0.04989
O=C1N=C(c2ccccc2)c2cc(Cl)ccc2NC1O	Age	Elderly	-0.23484
O=C1N=C(c2ccccc2)c2cc(Cl)ccc2NC1O	Weight	Low	-0.21908
O=C1N=C(c2ccccc2)c2cc(Cl)ccc2NC1O	Weight	Average	-0.17565
O=C1N=C(c2ccccc2)c2cc(Cl)ccc2NC1O	Weight	High	-0.27064
O=C1OC2(c3ccc(O)cc3Oc3cc(O)ccc32)c2ccccc21	Sex	Male	-0.04809
O=C1OC2(c3ccc(O)cc3Oc3cc(O)ccc32)c2ccccc21	Sex	Female	-0.00098
O=C1OC2(c3ccc(O)cc3Oc3cc(O)ccc32)c2ccccc21	Age	Children	-0.01985
O=C1OC2(c3ccc(O)cc3Oc3cc(O)ccc32)c2ccccc21	Age	Adolescent	0.00613
O=C1OC2(c3ccc(O)cc3Oc3cc(O)ccc32)c2ccccc21	Age	Adult	-0.02081
O=C1OC2(c3ccc(O)cc3Oc3cc(O)ccc32)c2ccccc21	Age	Elderly	-0.12808
O=C1OC2(c3ccc(O)cc3Oc3cc(O)ccc32)c2ccccc21	Weight	Low	-0.19023
O=C1OC2(c3ccc(O)cc3Oc3cc(O)ccc32)c2ccccc21	Weight	Average	-0.1789
O=C1OC2(c3ccc(O)cc3Oc3cc(O)ccc32)c2ccccc21	Weight	High	-0.18571
O=NN(CCCl)C(=O)NCCCl	Sex	Male	-0.09434
O=NN(CCCl)C(=O)NCCCl	Sex	Female	0.00173
O=NN(CCCl)C(=O)NCCCl	Age	Children	-0.01739
O=NN(CCCl)C(=O)NCCCl	Age	Adolescent	0.00303
O=NN(CCCl)C(=O)NCCCl	Age	Adult	-0.03769
O=NN(CCCl)C(=O)NCCCl	Age	Elderly	-0.13796
O=NN(CCCl)C(=O)NCCCl	Weight	Low	-0.21367
O=NN(CCCl)C(=O)NCCCl	Weight	Average	-0.14092
O=NN(CCCl)C(=O)NCCCl	Weight	High	-0.20829
O=S(=O)([O-])Oc1ccc(C(c2ccc(OS(=O)(=O)O)cc2)c2ccccn2)cc1	Sex	Male	-0.09155
O=S(=O)([O-])Oc1ccc(C(c2ccc(OS(=O)(=O)O)cc2)c2ccccn2)cc1	Sex	Female	-0.00545
O=S(=O)([O-])Oc1ccc(C(c2ccc(OS(=O)(=O)O)cc2)c2ccccn2)cc1	Age	Children	-0.07018
O=S(=O)([O-])Oc1ccc(C(c2ccc(OS(=O)(=O)O)cc2)c2ccccn2)cc1	Age	Adolescent	0.00381
O=S(=O)([O-])Oc1ccc(C(c2ccc(OS(=O)(=O)O)cc2)c2ccccn2)cc1	Age	Adult	-0.04314
O=S(=O)([O-])Oc1ccc(C(c2ccc(OS(=O)(=O)O)cc2)c2ccccn2)cc1	Age	Elderly	-0.24652
O=S(=O)([O-])Oc1ccc(C(c2ccc(OS(=O)(=O)O)cc2)c2ccccn2)cc1	Weight	Low	-0.1241
O=S(=O)([O-])Oc1ccc(C(c2ccc(OS(=O)(=O)O)cc2)c2ccccn2)cc1	Weight	Average	-0.18922
O=S(=O)([O-])Oc1ccc(C(c2ccc(OS(=O)(=O)O)cc2)c2ccccn2)cc1	Weight	High	-0.23708
O=c1[nH]c2ccccc2n1C1CCN(CCCC(c2ccc(F)cc2)c2ccc(F)cc2)CC1	Sex	Male	-0.0585
O=c1[nH]c2ccccc2n1C1CCN(CCCC(c2ccc(F)cc2)c2ccc(F)cc2)CC1	Sex	Female	-0.00138
O=c1[nH]c2ccccc2n1C1CCN(CCCC(c2ccc(F)cc2)c2ccc(F)cc2)CC1	Age	Children	-0.04476
O=c1[nH]c2ccccc2n1C1CCN(CCCC(c2ccc(F)cc2)c2ccc(F)cc2)CC1	Age	Adolescent	0.00533
O=c1[nH]c2ccccc2n1C1CCN(CCCC(c2ccc(F)cc2)c2ccc(F)cc2)CC1	Age	Adult	-0.02756
O=c1[nH]c2ccccc2n1C1CCN(CCCC(c2ccc(F)cc2)c2ccc(F)cc2)CC1	Age	Elderly	-0.15371
O=c1[nH]c2ccccc2n1C1CCN(CCCC(c2ccc(F)cc2)c2ccc(F)cc2)CC1	Weight	Low	-0.1339
O=c1[nH]c2ccccc2n1C1CCN(CCCC(c2ccc(F)cc2)c2ccc(F)cc2)CC1	Weight	Average	-0.1359
O=c1[nH]c2ccccc2n1C1CCN(CCCC(c2ccc(F)cc2)c2ccc(F)cc2)CC1	Weight	High	-0.18262
Cc1nnc(NS(=O)(=O)c2ccc(N)cc2)s1	Sex	Male	-0.11808
Cc1nnc(NS(=O)(=O)c2ccc(N)cc2)s1	Sex	Female	-0.00215
Cc1nnc(NS(=O)(=O)c2ccc(N)cc2)s1	Age	Children	-0.06186
Cc1nnc(NS(=O)(=O)c2ccc(N)cc2)s1	Age	Adolescent	-0.00059
Cc1nnc(NS(=O)(=O)c2ccc(N)cc2)s1	Age	Adult	-0.05018
Cc1nnc(NS(=O)(=O)c2ccc(N)cc2)s1	Age	Elderly	-0.21381
Cc1nnc(NS(=O)(=O)c2ccc(N)cc2)s1	Weight	Low	-0.19951
Cc1nnc(NS(=O)(=O)c2ccc(N)cc2)s1	Weight	Average	-0.14137
Cc1nnc(NS(=O)(=O)c2ccc(N)cc2)s1	Weight	High	-0.27193
CCCCCCOC(=O)CCC(=O)CN	Sex	Male	-0.06561
CCCCCCOC(=O)CCC(=O)CN	Sex	Female	-0.00767
CCCCCCOC(=O)CCC(=O)CN	Age	Children	-0.0515
CCCCCCOC(=O)CCC(=O)CN	Age	Adolescent	-0.00485
CCCCCCOC(=O)CCC(=O)CN	Age	Adult	-0.04024
CCCCCCOC(=O)CCC(=O)CN	Age	Elderly	-0.16801
CCCCCCOC(=O)CCC(=O)CN	Weight	Low	-0.20827
CCCCCCOC(=O)CCC(=O)CN	Weight	Average	-0.2003
CCCCCCOC(=O)CCC(=O)CN	Weight	High	-0.22802
C=CC(=O)N1CCC(C2CCNc3c(C(N)=O)c(-c4ccc(Oc5ccccc5)cc4)nn32)CC1	Sex	Male	-0.12641
C=CC(=O)N1CCC(C2CCNc3c(C(N)=O)c(-c4ccc(Oc5ccccc5)cc4)nn32)CC1	Sex	Female	-0.00134
C=CC(=O)N1CCC(C2CCNc3c(C(N)=O)c(-c4ccc(Oc5ccccc5)cc4)nn32)CC1	Age	Children	-0.05154
C=CC(=O)N1CCC(C2CCNc3c(C(N)=O)c(-c4ccc(Oc5ccccc5)cc4)nn32)CC1	Age	Adolescent	0.00739
C=CC(=O)N1CCC(C2CCNc3c(C(N)=O)c(-c4ccc(Oc5ccccc5)cc4)nn32)CC1	Age	Adult	-0.03688
C=CC(=O)N1CCC(C2CCNc3c(C(N)=O)c(-c4ccc(Oc5ccccc5)cc4)nn32)CC1	Age	Elderly	-0.1706
C=CC(=O)N1CCC(C2CCNc3c(C(N)=O)c(-c4ccc(Oc5ccccc5)cc4)nn32)CC1	Weight	Low	-0.15732
C=CC(=O)N1CCC(C2CCNc3c(C(N)=O)c(-c4ccc(Oc5ccccc5)cc4)nn32)CC1	Weight	Average	-0.08961
C=CC(=O)N1CCC(C2CCNc3c(C(N)=O)c(-c4ccc(Oc5ccccc5)cc4)nn32)CC1	Weight	High	-0.18532
CC(=O)OC1(C(C)=O)CCC2C3CC(C)=C4CC(=O)CCC4(C)C3CCC21C	Sex	Male	-0.08108
CC(=O)OC1(C(C)=O)CCC2C3CC(C)=C4CC(=O)CCC4(C)C3CCC21C	Sex	Female	-0.00842
CC(=O)OC1(C(C)=O)CCC2C3CC(C)=C4CC(=O)CCC4(C)C3CCC21C	Age	Children	-0.04092
CC(=O)OC1(C(C)=O)CCC2C3CC(C)=C4CC(=O)CCC4(C)C3CCC21C	Age	Adolescent	-0.01432
CC(=O)OC1(C(C)=O)CCC2C3CC(C)=C4CC(=O)CCC4(C)C3CCC21C	Age	Adult	-0.04557
CC(=O)OC1(C(C)=O)CCC2C3CC(C)=C4CC(=O)CCC4(C)C3CCC21C	Age	Elderly	-0.19373
CC(=O)OC1(C(C)=O)CCC2C3CC(C)=C4CC(=O)CCC4(C)C3CCC21C	Weight	Low	-0.22498
CC(=O)OC1(C(C)=O)CCC2C3CC(C)=C4CC(=O)CCC4(C)C3CCC21C	Weight	Average	-0.21242
CC(=O)OC1(C(C)=O)CCC2C3CC(C)=C4CC(=O)CCC4(C)C3CCC21C	Weight	High	-0.26253
CC(C[N+](C)(C)C)OC(N)=O	Sex	Male	-0.06581
CC(C[N+](C)(C)C)OC(N)=O	Sex	Female	-0.00205
CC(C[N+](C)(C)C)OC(N)=O	Age	Children	-0.06187
CC(C[N+](C)(C)C)OC(N)=O	Age	Adolescent	0.0109
CC(C[N+](C)(C)C)OC(N)=O	Age	Adult	-0.04843
CC(C[N+](C)(C)C)OC(N)=O	Age	Elderly	-0.16901
CC(C[N+](C)(C)C)OC(N)=O	Weight	Low	-0.18816
CC(C[N+](C)(C)C)OC(N)=O	Weight	Average	-0.19841
CC(C[N+](C)(C)C)OC(N)=O	Weight	High	-0.24612
CC12CCC(=O)C=C1CCC1C2C(O)CC2(C)C1CCC2(O)C(=O)COC(=O)CCC(=O)O	Sex	Male	-0.07439
CC12CCC(=O)C=C1CCC1C2C(O)CC2(C)C1CCC2(O)C(=O)COC(=O)CCC(=O)O	Sex	Female	-0.00194
CC12CCC(=O)C=C1CCC1C2C(O)CC2(C)C1CCC2(O)C(=O)COC(=O)CCC(=O)O	Age	Children	-0.03994
CC12CCC(=O)C=C1CCC1C2C(O)CC2(C)C1CCC2(O)C(=O)COC(=O)CCC(=O)O	Age	Adolescent	-0.00252
CC12CCC(=O)C=C1CCC1C2C(O)CC2(C)C1CCC2(O)C(=O)COC(=O)CCC(=O)O	Age	Adult	-0.0569
CC12CCC(=O)C=C1CCC1C2C(O)CC2(C)C1CCC2(O)C(=O)COC(=O)CCC(=O)O	Age	Elderly	-0.1638
CC12CCC(=O)C=C1CCC1C2C(O)CC2(C)C1CCC2(O)C(=O)COC(=O)CCC(=O)O	Weight	Low	-0.16183
CC12CCC(=O)C=C1CCC1C2C(O)CC2(C)C1CCC2(O)C(=O)COC(=O)CCC(=O)O	Weight	Average	-0.14132
CC12CCC(=O)C=C1CCC1C2C(O)CC2(C)C1CCC2(O)C(=O)COC(=O)CCC(=O)O	Weight	High	-0.27875
CCOCCP(CCOCC)CCP(CCOCC)CCOCC	Sex	Male	-0.11347
CCOCCP(CCOCC)CCP(CCOCC)CCOCC	Sex	Female	-0.00204
CCOCCP(CCOCC)CCP(CCOCC)CCOCC	Age	Children	-0.04204
CCOCCP(CCOCC)CCP(CCOCC)CCOCC	Age	Adolescent	0.00816
CCOCCP(CCOCC)CCP(CCOCC)CCOCC	Age	Adult	-0.04844
CCOCCP(CCOCC)CCP(CCOCC)CCOCC	Age	Elderly	-0.16683
CCOCCP(CCOCC)CCP(CCOCC)CCOCC	Weight	Low	-0.22346
CCOCCP(CCOCC)CCP(CCOCC)CCOCC	Weight	Average	-0.20596
CCOCCP(CCOCC)CCP(CCOCC)CCOCC	Weight	High	-0.23109
CNCc1cc(-c2ccccc2F)n(S(=O)(=O)c2cccnc2)c1	Sex	Male	-0.11926
CNCc1cc(-c2ccccc2F)n(S(=O)(=O)c2cccnc2)c1	Sex	Female	-0.00211
CNCc1cc(-c2ccccc2F)n(S(=O)(=O)c2cccnc2)c1	Age	Children	-0.05775
CNCc1cc(-c2ccccc2F)n(S(=O)(=O)c2cccnc2)c1	Age	Adolescent	0.01055
CNCc1cc(-c2ccccc2F)n(S(=O)(=O)c2cccnc2)c1	Age	Adult	-0.05933
CNCc1cc(-c2ccccc2F)n(S(=O)(=O)c2cccnc2)c1	Age	Elderly	-0.18777
CNCc1cc(-c2ccccc2F)n(S(=O)(=O)c2cccnc2)c1	Weight	Low	-0.23561
CNCc1cc(-c2ccccc2F)n(S(=O)(=O)c2cccnc2)c1	Weight	Average	-0.20401
CNCc1cc(-c2ccccc2F)n(S(=O)(=O)c2cccnc2)c1	Weight	High	-0.26741
COC(=O)C1=C(C)N=C(C)C(C(=O)OCCN(C)Cc2ccccc2)C1c1cccc([N+](=O)[O-])c1	Sex	Male	-0.06262
COC(=O)C1=C(C)N=C(C)C(C(=O)OCCN(C)Cc2ccccc2)C1c1cccc([N+](=O)[O-])c1	Sex	Female	-0.00061
COC(=O)C1=C(C)N=C(C)C(C(=O)OCCN(C)Cc2ccccc2)C1c1cccc([N+](=O)[O-])c1	Age	Children	-0.02106
COC(=O)C1=C(C)N=C(C)C(C(=O)OCCN(C)Cc2ccccc2)C1c1cccc([N+](=O)[O-])c1	Age	Adolescent	0.00234
COC(=O)C1=C(C)N=C(C)C(C(=O)OCCN(C)Cc2ccccc2)C1c1cccc([N+](=O)[O-])c1	Age	Adult	-0.02668
COC(=O)C1=C(C)N=C(C)C(C(=O)OCCN(C)Cc2ccccc2)C1c1cccc([N+](=O)[O-])c1	Age	Elderly	-0.11792
COC(=O)C1=C(C)N=C(C)C(C(=O)OCCN(C)Cc2ccccc2)C1c1cccc([N+](=O)[O-])c1	Weight	Low	-0.21523
COC(=O)C1=C(C)N=C(C)C(C(=O)OCCN(C)Cc2ccccc2)C1c1cccc([N+](=O)[O-])c1	Weight	Average	-0.11677
COC(=O)C1=C(C)N=C(C)C(C(=O)OCCN(C)Cc2ccccc2)C1c1cccc([N+](=O)[O-])c1	Weight	High	-0.2159
Clc1ccccc1CN1CCc2sccc2C1	Sex	Male	-0.10868
Clc1ccccc1CN1CCc2sccc2C1	Sex	Female	-0.00214
Clc1ccccc1CN1CCc2sccc2C1	Age	Children	-0.04883
Clc1ccccc1CN1CCc2sccc2C1	Age	Adolescent	0.01356
Clc1ccccc1CN1CCc2sccc2C1	Age	Adult	-0.05348
Clc1ccccc1CN1CCc2sccc2C1	Age	Elderly	-0.22012
Clc1ccccc1CN1CCc2sccc2C1	Weight	Low	-0.21305
Clc1ccccc1CN1CCc2sccc2C1	Weight	Average	-0.21413
Clc1ccccc1CN1CCc2sccc2C1	Weight	High	-0.27063
NS(=O)(=O)c1cc2c(cc1Cl)N=CNS2(=O)=O	Sex	Male	-0.07795
NS(=O)(=O)c1cc2c(cc1Cl)N=CNS2(=O)=O	Sex	Female	-0.00117
NS(=O)(=O)c1cc2c(cc1Cl)N=CNS2(=O)=O	Age	Children	-0.02707
NS(=O)(=O)c1cc2c(cc1Cl)N=CNS2(=O)=O	Age	Adolescent	0.00392
NS(=O)(=O)c1cc2c(cc1Cl)N=CNS2(=O)=O	Age	Adult	-0.023
NS(=O)(=O)c1cc2c(cc1Cl)N=CNS2(=O)=O	Age	Elderly	-0.15876
NS(=O)(=O)c1cc2c(cc1Cl)N=CNS2(=O)=O	Weight	Low	-0.11227
NS(=O)(=O)c1cc2c(cc1Cl)N=CNS2(=O)=O	Weight	Average	-0.13188
NS(=O)(=O)c1cc2c(cc1Cl)N=CNS2(=O)=O	Weight	High	-0.21105
Cc1onc(-c2ccccc2)c1-c1ccc(S(N)(=O)=O)cc1	Sex	Male	-0.06476
Cc1onc(-c2ccccc2)c1-c1ccc(S(N)(=O)=O)cc1	Sex	Female	-0.00173
Cc1onc(-c2ccccc2)c1-c1ccc(S(N)(=O)=O)cc1	Age	Children	-0.08286
Cc1onc(-c2ccccc2)c1-c1ccc(S(N)(=O)=O)cc1	Age	Adolescent	0.01006
Cc1onc(-c2ccccc2)c1-c1ccc(S(N)(=O)=O)cc1	Age	Adult	-0.03805
Cc1onc(-c2ccccc2)c1-c1ccc(S(N)(=O)=O)cc1	Age	Elderly	-0.18389
Cc1onc(-c2ccccc2)c1-c1ccc(S(N)(=O)=O)cc1	Weight	Low	-0.23072
Cc1onc(-c2ccccc2)c1-c1ccc(S(N)(=O)=O)cc1	Weight	Average	-0.16727
Cc1onc(-c2ccccc2)c1-c1ccc(S(N)(=O)=O)cc1	Weight	High	-0.25827
CC(O)C(=O)[O-]	Sex	Male	-0.08205
CC(O)C(=O)[O-]	Sex	Female	-0.00114
CC(O)C(=O)[O-]	Age	Children	-0.05932
CC(O)C(=O)[O-]	Age	Adolescent	0.0149
CC(O)C(=O)[O-]	Age	Adult	-0.03964
CC(O)C(=O)[O-]	Age	Elderly	-0.16916
CC(O)C(=O)[O-]	Weight	Low	-0.23889
CC(O)C(=O)[O-]	Weight	Average	-0.23144
CC(O)C(=O)[O-]	Weight	High	-0.26204
CCCCCCCCCCC(=O)OC1CCC2C3CC=C4CC(=O)CCC4(C)C3CCC12C	Sex	Male	-0.09748
CCCCCCCCCCC(=O)OC1CCC2C3CC=C4CC(=O)CCC4(C)C3CCC12C	Sex	Female	-0.00962
CCCCCCCCCCC(=O)OC1CCC2C3CC=C4CC(=O)CCC4(C)C3CCC12C	Age	Children	-0.03322
CCCCCCCCCCC(=O)OC1CCC2C3CC=C4CC(=O)CCC4(C)C3CCC12C	Age	Adolescent	-0.00772
CCCCCCCCCCC(=O)OC1CCC2C3CC=C4CC(=O)CCC4(C)C3CCC12C	Age	Adult	-0.04333
CCCCCCCCCCC(=O)OC1CCC2C3CC=C4CC(=O)CCC4(C)C3CCC12C	Age	Elderly	-0.19731
CCCCCCCCCCC(=O)OC1CCC2C3CC=C4CC(=O)CCC4(C)C3CCC12C	Weight	Low	-0.17215
CCCCCCCCCCC(=O)OC1CCC2C3CC=C4CC(=O)CCC4(C)C3CCC12C	Weight	Average	-0.12855
CCCCCCCCCCC(=O)OC1CCC2C3CC=C4CC(=O)CCC4(C)C3CCC12C	Weight	High	-0.19263
CN1CCC(=C2c3ccccc3CC(=O)c3sccc32)CC1	Sex	Male	-0.09676
CN1CCC(=C2c3ccccc3CC(=O)c3sccc32)CC1	Sex	Female	0.00089
CN1CCC(=C2c3ccccc3CC(=O)c3sccc32)CC1	Age	Children	-0.05508
CN1CCC(=C2c3ccccc3CC(=O)c3sccc32)CC1	Age	Adolescent	-0.00897
CN1CCC(=C2c3ccccc3CC(=O)c3sccc32)CC1	Age	Adult	-0.04719
CN1CCC(=C2c3ccccc3CC(=O)c3sccc32)CC1	Age	Elderly	-0.21601
CN1CCC(=C2c3ccccc3CC(=O)c3sccc32)CC1	Weight	Low	-0.20806
CN1CCC(=C2c3ccccc3CC(=O)c3sccc32)CC1	Weight	Average	-0.23016
CN1CCC(=C2c3ccccc3CC(=O)c3sccc32)CC1	Weight	High	-0.27566
CN1CCC(C(=O)c2cccc(NC(=O)c3c(F)cc(F)cc3F)n2)CC1	Sex	Male	-0.08001
CN1CCC(C(=O)c2cccc(NC(=O)c3c(F)cc(F)cc3F)n2)CC1	Sex	Female	-0.00065
CN1CCC(C(=O)c2cccc(NC(=O)c3c(F)cc(F)cc3F)n2)CC1	Age	Children	-0.04049
CN1CCC(C(=O)c2cccc(NC(=O)c3c(F)cc(F)cc3F)n2)CC1	Age	Adolescent	0.00053
CN1CCC(C(=O)c2cccc(NC(=O)c3c(F)cc(F)cc3F)n2)CC1	Age	Adult	-0.03753
CN1CCC(C(=O)c2cccc(NC(=O)c3c(F)cc(F)cc3F)n2)CC1	Age	Elderly	-0.14708
CN1CCC(C(=O)c2cccc(NC(=O)c3c(F)cc(F)cc3F)n2)CC1	Weight	Low	-0.22741
CN1CCC(C(=O)c2cccc(NC(=O)c3c(F)cc(F)cc3F)n2)CC1	Weight	Average	-0.11413
CN1CCC(C(=O)c2cccc(NC(=O)c3c(F)cc(F)cc3F)n2)CC1	Weight	High	-0.26499
Cc1cc(O)ccc1Cl	Sex	Male	-0.091
Cc1cc(O)ccc1Cl	Sex	Female	-0.00214
Cc1cc(O)ccc1Cl	Age	Children	-0.05746
Cc1cc(O)ccc1Cl	Age	Adolescent	0.01249
Cc1cc(O)ccc1Cl	Age	Adult	-0.05113
Cc1cc(O)ccc1Cl	Age	Elderly	-0.23582
Cc1cc(O)ccc1Cl	Weight	Low	-0.29766
Cc1cc(O)ccc1Cl	Weight	Average	-0.25118
Cc1cc(O)ccc1Cl	Weight	High	-0.29524
Cc1cccc(C)c1OCC(C)N	Sex	Male	-0.10412
Cc1cccc(C)c1OCC(C)N	Sex	Female	-0.002
Cc1cccc(C)c1OCC(C)N	Age	Children	-0.07942
Cc1cccc(C)c1OCC(C)N	Age	Adolescent	0.0168
Cc1cccc(C)c1OCC(C)N	Age	Adult	-0.03336
Cc1cccc(C)c1OCC(C)N	Age	Elderly	-0.19368
Cc1cccc(C)c1OCC(C)N	Weight	Low	-0.30121
Cc1cccc(C)c1OCC(C)N	Weight	Average	-0.25107
Cc1cccc(C)c1OCC(C)N	Weight	High	-0.32269
Cc1cccc(N(C)C(=S)Oc2ccc3ccccc3c2)c1	Sex	Male	-0.12929
Cc1cccc(N(C)C(=S)Oc2ccc3ccccc3c2)c1	Sex	Female	-0.00059
Cc1cccc(N(C)C(=S)Oc2ccc3ccccc3c2)c1	Age	Children	-0.02483
Cc1cccc(N(C)C(=S)Oc2ccc3ccccc3c2)c1	Age	Adolescent	0.00827
Cc1cccc(N(C)C(=S)Oc2ccc3ccccc3c2)c1	Age	Adult	-0.04248
Cc1cccc(N(C)C(=S)Oc2ccc3ccccc3c2)c1	Age	Elderly	-0.20957
Cc1cccc(N(C)C(=S)Oc2ccc3ccccc3c2)c1	Weight	Low	-0.26779
Cc1cccc(N(C)C(=S)Oc2ccc3ccccc3c2)c1	Weight	Average	-0.20991
Cc1cccc(N(C)C(=S)Oc2ccc3ccccc3c2)c1	Weight	High	-0.25074
Clc1ccc2c(c1)C(c1ccccc1)=NCc1nncn1-2	Sex	Male	-0.11265
Clc1ccc2c(c1)C(c1ccccc1)=NCc1nncn1-2	Sex	Female	-0.00107
Clc1ccc2c(c1)C(c1ccccc1)=NCc1nncn1-2	Age	Children	-0.02876
Clc1ccc2c(c1)C(c1ccccc1)=NCc1nncn1-2	Age	Adolescent	0.00242
Clc1ccc2c(c1)C(c1ccccc1)=NCc1nncn1-2	Age	Adult	-0.05805
Clc1ccc2c(c1)C(c1ccccc1)=NCc1nncn1-2	Age	Elderly	-0.15713
Clc1ccc2c(c1)C(c1ccccc1)=NCc1nncn1-2	Weight	Low	-0.10389
Clc1ccc2c(c1)C(c1ccccc1)=NCc1nncn1-2	Weight	Average	-0.17143
Clc1ccc2c(c1)C(c1ccccc1)=NCc1nncn1-2	Weight	High	-0.24454
NC1c2cccnc2C(OC(=O)N2CCC(n3c(=O)[nH]c4ncccc43)CC2)CCC1c1cccc(F)c1F	Sex	Male	-0.10198
NC1c2cccnc2C(OC(=O)N2CCC(n3c(=O)[nH]c4ncccc43)CC2)CCC1c1cccc(F)c1F	Sex	Female	-0.0021
NC1c2cccnc2C(OC(=O)N2CCC(n3c(=O)[nH]c4ncccc43)CC2)CCC1c1cccc(F)c1F	Age	Children	-0.05276
NC1c2cccnc2C(OC(=O)N2CCC(n3c(=O)[nH]c4ncccc43)CC2)CCC1c1cccc(F)c1F	Age	Adolescent	-0.00135
NC1c2cccnc2C(OC(=O)N2CCC(n3c(=O)[nH]c4ncccc43)CC2)CCC1c1cccc(F)c1F	Age	Adult	-0.05204
NC1c2cccnc2C(OC(=O)N2CCC(n3c(=O)[nH]c4ncccc43)CC2)CCC1c1cccc(F)c1F	Age	Elderly	-0.12306
NC1c2cccnc2C(OC(=O)N2CCC(n3c(=O)[nH]c4ncccc43)CC2)CCC1c1cccc(F)c1F	Weight	Low	-0.18212
NC1c2cccnc2C(OC(=O)N2CCC(n3c(=O)[nH]c4ncccc43)CC2)CCC1c1cccc(F)c1F	Weight	Average	-0.17856
NC1c2cccnc2C(OC(=O)N2CCC(n3c(=O)[nH]c4ncccc43)CC2)CCC1c1cccc(F)c1F	Weight	High	-0.22188
C#CC1(O)CCC2C3CCc4cc(O)ccc4C3CCC21C	Sex	Male	-0.09659
C#CC1(O)CCC2C3CCc4cc(O)ccc4C3CCC21C	Sex	Female	-0.00214
C#CC1(O)CCC2C3CCc4cc(O)ccc4C3CCC21C	Age	Children	-0.0424
C#CC1(O)CCC2C3CCc4cc(O)ccc4C3CCC21C	Age	Adolescent	0.00859
C#CC1(O)CCC2C3CCc4cc(O)ccc4C3CCC21C	Age	Adult	-0.04768
C#CC1(O)CCC2C3CCc4cc(O)ccc4C3CCC21C	Age	Elderly	-0.23282
C#CC1(O)CCC2C3CCc4cc(O)ccc4C3CCC21C	Weight	Low	-0.31337
C#CC1(O)CCC2C3CCc4cc(O)ccc4C3CCC21C	Weight	Average	-0.24246
C#CC1(O)CCC2C3CCc4cc(O)ccc4C3CCC21C	Weight	High	-0.31199
CC12CCC(=O)C=C1C1CC1C1C2CCC2(C)C1C1CC1C21CCC(=O)O1	Sex	Male	-0.14725
CC12CCC(=O)C=C1C1CC1C1C2CCC2(C)C1C1CC1C21CCC(=O)O1	Sex	Female	0.00021
CC12CCC(=O)C=C1C1CC1C1C2CCC2(C)C1C1CC1C21CCC(=O)O1	Age	Children	-0.03084
CC12CCC(=O)C=C1C1CC1C1C2CCC2(C)C1C1CC1C21CCC(=O)O1	Age	Adolescent	0.00265
CC12CCC(=O)C=C1C1CC1C1C2CCC2(C)C1C1CC1C21CCC(=O)O1	Age	Adult	-0.05179
CC12CCC(=O)C=C1C1CC1C1C2CCC2(C)C1C1CC1C21CCC(=O)O1	Age	Elderly	-0.18855
CC12CCC(=O)C=C1C1CC1C1C2CCC2(C)C1C1CC1C21CCC(=O)O1	Weight	Low	-0.22169
CC12CCC(=O)C=C1C1CC1C1C2CCC2(C)C1C1CC1C21CCC(=O)O1	Weight	Average	-0.21885
CC12CCC(=O)C=C1C1CC1C1C2CCC2(C)C1C1CC1C21CCC(=O)O1	Weight	High	-0.25791
C#CC1(O)CCC2C3CC=C4CC(=O)CCC4C3C(=C)CC21CC	Sex	Male	-0.0648
C#CC1(O)CCC2C3CC=C4CC(=O)CCC4C3C(=C)CC21CC	Sex	Female	-0.00819
C#CC1(O)CCC2C3CC=C4CC(=O)CCC4C3C(=C)CC21CC	Age	Children	-0.04025
C#CC1(O)CCC2C3CC=C4CC(=O)CCC4C3C(=C)CC21CC	Age	Adolescent	-0.01011
C#CC1(O)CCC2C3CC=C4CC(=O)CCC4C3C(=C)CC21CC	Age	Adult	-0.05111
C#CC1(O)CCC2C3CC=C4CC(=O)CCC4C3C(=C)CC21CC	Age	Elderly	-0.17332
C#CC1(O)CCC2C3CC=C4CC(=O)CCC4C3C(=C)CC21CC	Weight	Low	-0.20736
C#CC1(O)CCC2C3CC=C4CC(=O)CCC4C3C(=C)CC21CC	Weight	Average	-0.18807
C#CC1(O)CCC2C3CC=C4CC(=O)CCC4C3C(=C)CC21CC	Weight	High	-0.2093
C#CC1(O)CCC2C3CC=C4CC(=O)CCC4C3CCC21C	Sex	Male	-0.08632
C#CC1(O)CCC2C3CC=C4CC(=O)CCC4C3CCC21C	Sex	Female	-0.00795
C#CC1(O)CCC2C3CC=C4CC(=O)CCC4C3CCC21C	Age	Children	-0.0468
C#CC1(O)CCC2C3CC=C4CC(=O)CCC4C3CCC21C	Age	Adolescent	-0.01225
C#CC1(O)CCC2C3CC=C4CC(=O)CCC4C3CCC21C	Age	Adult	-0.05588
C#CC1(O)CCC2C3CC=C4CC(=O)CCC4C3CCC21C	Age	Elderly	-0.15691
C#CC1(O)CCC2C3CC=C4CC(=O)CCC4C3CCC21C	Weight	Low	-0.14345
C#CC1(O)CCC2C3CC=C4CC(=O)CCC4C3CCC21C	Weight	Average	-0.19137
C#CC1(O)CCC2C3CC=C4CC(=O)CCC4C3CCC21C	Weight	High	-0.2382
C#CC1(O)C=CC2C3CC=C4CC(=O)CCC4C3CCC21CC	Sex	Male	-0.06723
C#CC1(O)C=CC2C3CC=C4CC(=O)CCC4C3CCC21CC	Sex	Female	-0.00589
C#CC1(O)C=CC2C3CC=C4CC(=O)CCC4C3CCC21CC	Age	Children	-0.04326
C#CC1(O)C=CC2C3CC=C4CC(=O)CCC4C3CCC21CC	Age	Adolescent	-0.00952
C#CC1(O)C=CC2C3CC=C4CC(=O)CCC4C3CCC21CC	Age	Adult	-0.01502
C#CC1(O)C=CC2C3CC=C4CC(=O)CCC4C3CCC21CC	Age	Elderly	-0.15062
C#CC1(O)C=CC2C3CC=C4CC(=O)CCC4C3CCC21CC	Weight	Low	-0.2172
C#CC1(O)C=CC2C3CC=C4CC(=O)CCC4C3CCC21CC	Weight	Average	-0.18294
C#CC1(O)C=CC2C3CC=C4CC(=O)CCC4C3CCC21CC	Weight	High	-0.24743
C#CC1(OC(C)=O)CCC2C3CCC4=CC(=NO)CCC4C3CCC21CC	Sex	Male	-0.04788
C#CC1(OC(C)=O)CCC2C3CCC4=CC(=NO)CCC4C3CCC21CC	Sex	Female	-0.00388
C#CC1(OC(C)=O)CCC2C3CCC4=CC(=NO)CCC4C3CCC21CC	Age	Children	-0.02511
C#CC1(OC(C)=O)CCC2C3CCC4=CC(=NO)CCC4C3CCC21CC	Age	Adolescent	0.00623
C#CC1(OC(C)=O)CCC2C3CCC4=CC(=NO)CCC4C3CCC21CC	Age	Adult	-0.03296
C#CC1(OC(C)=O)CCC2C3CCC4=CC(=NO)CCC4C3CCC21CC	Age	Elderly	-0.10985
C#CC1(OC(C)=O)CCC2C3CCC4=CC(=NO)CCC4C3CCC21CC	Weight	Low	-0.14966
C#CC1(OC(C)=O)CCC2C3CCC4=CC(=NO)CCC4C3CCC21CC	Weight	Average	-0.12831
C#CC1(OC(C)=O)CCC2C3CCC4=CC(=NO)CCC4C3CCC21CC	Weight	High	-0.15421
O=C(OC1CC2CC3CC(C1)N2CC3=O)c1c[nH]c2ccccc12	Sex	Male	-0.09302
O=C(OC1CC2CC3CC(C1)N2CC3=O)c1c[nH]c2ccccc12	Sex	Female	-0.00197
O=C(OC1CC2CC3CC(C1)N2CC3=O)c1c[nH]c2ccccc12	Age	Children	-0.04628
O=C(OC1CC2CC3CC(C1)N2CC3=O)c1c[nH]c2ccccc12	Age	Adolescent	0.00762
O=C(OC1CC2CC3CC(C1)N2CC3=O)c1c[nH]c2ccccc12	Age	Adult	-0.04335
O=C(OC1CC2CC3CC(C1)N2CC3=O)c1c[nH]c2ccccc12	Age	Elderly	-0.15635
O=C(OC1CC2CC3CC(C1)N2CC3=O)c1c[nH]c2ccccc12	Weight	Low	-0.18055
O=C(OC1CC2CC3CC(C1)N2CC3=O)c1c[nH]c2ccccc12	Weight	Average	-0.19928
O=C(OC1CC2CC3CC(C1)N2CC3=O)c1c[nH]c2ccccc12	Weight	High	-0.24998
CC12CC=C3C4=C(CCC3C1CCC2(O)CC#N)CC(=O)CC4	Sex	Male	-0.07182
CC12CC=C3C4=C(CCC3C1CCC2(O)CC#N)CC(=O)CC4	Sex	Female	-0.00814
CC12CC=C3C4=C(CCC3C1CCC2(O)CC#N)CC(=O)CC4	Age	Children	-0.03747
CC12CC=C3C4=C(CCC3C1CCC2(O)CC#N)CC(=O)CC4	Age	Adolescent	-0.01734
CC12CC=C3C4=C(CCC3C1CCC2(O)CC#N)CC(=O)CC4	Age	Adult	-0.04344
CC12CC=C3C4=C(CCC3C1CCC2(O)CC#N)CC(=O)CC4	Age	Elderly	-0.22452
CC12CC=C3C4=C(CCC3C1CCC2(O)CC#N)CC(=O)CC4	Weight	Low	-0.17486
CC12CC=C3C4=C(CCC3C1CCC2(O)CC#N)CC(=O)CC4	Weight	Average	-0.22787
CC12CC=C3C4=C(CCC3C1CCC2(O)CC#N)CC(=O)CC4	Weight	High	-0.26227
O=c1[nH]c2ccccc2n1CCN1CCN(c2cccc(C(F)(F)F)c2)CC1	Sex	Male	-0.08592
O=c1[nH]c2ccccc2n1CCN1CCN(c2cccc(C(F)(F)F)c2)CC1	Sex	Female	-0.00194
O=c1[nH]c2ccccc2n1CCN1CCN(c2cccc(C(F)(F)F)c2)CC1	Age	Children	-0.02398
O=c1[nH]c2ccccc2n1CCN1CCN(c2cccc(C(F)(F)F)c2)CC1	Age	Adolescent	0.00474
O=c1[nH]c2ccccc2n1CCN1CCN(c2cccc(C(F)(F)F)c2)CC1	Age	Adult	-0.04267
O=c1[nH]c2ccccc2n1CCN1CCN(c2cccc(C(F)(F)F)c2)CC1	Age	Elderly	-0.12399
O=c1[nH]c2ccccc2n1CCN1CCN(c2cccc(C(F)(F)F)c2)CC1	Weight	Low	-0.24514
O=c1[nH]c2ccccc2n1CCN1CCN(c2cccc(C(F)(F)F)c2)CC1	Weight	Average	-0.17843
O=c1[nH]c2ccccc2n1CCN1CCN(c2cccc(C(F)(F)F)c2)CC1	Weight	High	-0.24312
COc1cccc(-c2c(C)n(Cc3c(F)cccc3C(F)(F)F)c(=O)n(CC(NCCCC(=O)O)c3ccccc3)c2=O)c1F	Sex	Male	-0.09319
COc1cccc(-c2c(C)n(Cc3c(F)cccc3C(F)(F)F)c(=O)n(CC(NCCCC(=O)O)c3ccccc3)c2=O)c1F	Sex	Female	-0.00204
COc1cccc(-c2c(C)n(Cc3c(F)cccc3C(F)(F)F)c(=O)n(CC(NCCCC(=O)O)c3ccccc3)c2=O)c1F	Age	Children	-0.08314
COc1cccc(-c2c(C)n(Cc3c(F)cccc3C(F)(F)F)c(=O)n(CC(NCCCC(=O)O)c3ccccc3)c2=O)c1F	Age	Adolescent	0.00264
COc1cccc(-c2c(C)n(Cc3c(F)cccc3C(F)(F)F)c(=O)n(CC(NCCCC(=O)O)c3ccccc3)c2=O)c1F	Age	Adult	-0.04381
COc1cccc(-c2c(C)n(Cc3c(F)cccc3C(F)(F)F)c(=O)n(CC(NCCCC(=O)O)c3ccccc3)c2=O)c1F	Age	Elderly	-0.13119
COc1cccc(-c2c(C)n(Cc3c(F)cccc3C(F)(F)F)c(=O)n(CC(NCCCC(=O)O)c3ccccc3)c2=O)c1F	Weight	Low	-0.18118
COc1cccc(-c2c(C)n(Cc3c(F)cccc3C(F)(F)F)c(=O)n(CC(NCCCC(=O)O)c3ccccc3)c2=O)c1F	Weight	Average	-0.10603
COc1cccc(-c2c(C)n(Cc3c(F)cccc3C(F)(F)F)c(=O)n(CC(NCCCC(=O)O)c3ccccc3)c2=O)c1F	Weight	High	-0.16875
C1N2CN3CN1CN(C2)C3	Sex	Male	-0.06552
C1N2CN3CN1CN(C2)C3	Sex	Female	-0.00167
C1N2CN3CN1CN(C2)C3	Age	Children	-0.03045
C1N2CN3CN1CN(C2)C3	Age	Adolescent	0.00386
C1N2CN3CN1CN(C2)C3	Age	Adult	-0.03043
C1N2CN3CN1CN(C2)C3	Age	Elderly	-0.13613
C1N2CN3CN1CN(C2)C3	Weight	Low	-0.18815
C1N2CN3CN1CN(C2)C3	Weight	Average	-0.15027
C1N2CN3CN1CN(C2)C3	Weight	High	-0.18543
C=C1CCN(C(C)C(O)(Cn2cncn2)c2ccc(F)cc2F)CC1	Sex	Male	-0.0603
C=C1CCN(C(C)C(O)(Cn2cncn2)c2ccc(F)cc2F)CC1	Sex	Female	-0.00412
C=C1CCN(C(C)C(O)(Cn2cncn2)c2ccc(F)cc2F)CC1	Age	Children	-0.0561
C=C1CCN(C(C)C(O)(Cn2cncn2)c2ccc(F)cc2F)CC1	Age	Adolescent	0.00596
C=C1CCN(C(C)C(O)(Cn2cncn2)c2ccc(F)cc2F)CC1	Age	Adult	-0.05172
C=C1CCN(C(C)C(O)(Cn2cncn2)c2ccc(F)cc2F)CC1	Age	Elderly	-0.16379
C=C1CCN(C(C)C(O)(Cn2cncn2)c2ccc(F)cc2F)CC1	Weight	Low	-0.20077
C=C1CCN(C(C)C(O)(Cn2cncn2)c2ccc(F)cc2F)CC1	Weight	Average	-0.11401
C=C1CCN(C(C)C(O)(Cn2cncn2)c2ccc(F)cc2F)CC1	Weight	High	-0.21864
CC(=O)C1(O)CCC2C3=C(C4=C(CC3)CC(=O)CC4)C(c3ccc(N(C)C)cc3)CC21C	Sex	Male	-0.09259
CC(=O)C1(O)CCC2C3=C(C4=C(CC3)CC(=O)CC4)C(c3ccc(N(C)C)cc3)CC21C	Sex	Female	-0.0065
CC(=O)C1(O)CCC2C3=C(C4=C(CC3)CC(=O)CC4)C(c3ccc(N(C)C)cc3)CC21C	Age	Children	-0.01364
CC(=O)C1(O)CCC2C3=C(C4=C(CC3)CC(=O)CC4)C(c3ccc(N(C)C)cc3)CC21C	Age	Adolescent	-0.01437
CC(=O)C1(O)CCC2C3=C(C4=C(CC3)CC(=O)CC4)C(c3ccc(N(C)C)cc3)CC21C	Age	Adult	-0.04212
CC(=O)C1(O)CCC2C3=C(C4=C(CC3)CC(=O)CC4)C(c3ccc(N(C)C)cc3)CC21C	Age	Elderly	-0.15831
CC(=O)C1(O)CCC2C3=C(C4=C(CC3)CC(=O)CC4)C(c3ccc(N(C)C)cc3)CC21C	Weight	Low	-0.18225
CC(=O)C1(O)CCC2C3=C(C4=C(CC3)CC(=O)CC4)C(c3ccc(N(C)C)cc3)CC21C	Weight	Average	-0.21313
CC(=O)C1(O)CCC2C3=C(C4=C(CC3)CC(=O)CC4)C(c3ccc(N(C)C)cc3)CC21C	Weight	High	-0.20064
CC(=O)Oc1ccccc1C(=O)Nc1ncc([N+](=O)[O-])s1	Sex	Male	-0.02859
CC(=O)Oc1ccccc1C(=O)Nc1ncc([N+](=O)[O-])s1	Sex	Female	-0.00138
CC(=O)Oc1ccccc1C(=O)Nc1ncc([N+](=O)[O-])s1	Age	Children	-0.02521
CC(=O)Oc1ccccc1C(=O)Nc1ncc([N+](=O)[O-])s1	Age	Adolescent	-0.0015
CC(=O)Oc1ccccc1C(=O)Nc1ncc([N+](=O)[O-])s1	Age	Adult	-0.02882
CC(=O)Oc1ccccc1C(=O)Nc1ncc([N+](=O)[O-])s1	Age	Elderly	-0.05554
CC(=O)Oc1ccccc1C(=O)Nc1ncc([N+](=O)[O-])s1	Weight	Low	-0.08458
CC(=O)Oc1ccccc1C(=O)Nc1ncc([N+](=O)[O-])s1	Weight	Average	-0.05546
CC(=O)Oc1ccccc1C(=O)Nc1ncc([N+](=O)[O-])s1	Weight	High	-0.07795
CC12CCC3C(CC=C4CC(O)CCC43C)C1CCC2=O	Sex	Male	-0.07519
CC12CCC3C(CC=C4CC(O)CCC43C)C1CCC2=O	Sex	Female	-0.00165
CC12CCC3C(CC=C4CC(O)CCC43C)C1CCC2=O	Age	Children	-0.0356
CC12CCC3C(CC=C4CC(O)CCC43C)C1CCC2=O	Age	Adolescent	-0.00096
CC12CCC3C(CC=C4CC(O)CCC43C)C1CCC2=O	Age	Adult	-0.04664
CC12CCC3C(CC=C4CC(O)CCC43C)C1CCC2=O	Age	Elderly	-0.13397
CC12CCC3C(CC=C4CC(O)CCC43C)C1CCC2=O	Weight	Low	-0.14595
CC12CCC3C(CC=C4CC(O)CCC43C)C1CCC2=O	Weight	Average	-0.14301
CC12CCC3C(CC=C4CC(O)CCC43C)C1CCC2=O	Weight	High	-0.16369
Cc1cccc(Nc2ccccc2C(=O)O)c1C	Sex	Male	-0.08984
Cc1cccc(Nc2ccccc2C(=O)O)c1C	Sex	Female	-0.00171
Cc1cccc(Nc2ccccc2C(=O)O)c1C	Age	Children	-0.04993
Cc1cccc(Nc2ccccc2C(=O)O)c1C	Age	Adolescent	0.00851
Cc1cccc(Nc2ccccc2C(=O)O)c1C	Age	Adult	-0.04183
Cc1cccc(Nc2ccccc2C(=O)O)c1C	Age	Elderly	-0.17553
Cc1cccc(Nc2ccccc2C(=O)O)c1C	Weight	Low	-0.25608
Cc1cccc(Nc2ccccc2C(=O)O)c1C	Weight	Average	-0.23411
Cc1cccc(Nc2ccccc2C(=O)O)c1C	Weight	High	-0.30901
O=C(O)C1N=C(c2ccccc2)c2cc(Cl)ccc2NC1=O	Sex	Male	-0.10383
O=C(O)C1N=C(c2ccccc2)c2cc(Cl)ccc2NC1=O	Sex	Female	-0.00177
O=C(O)C1N=C(c2ccccc2)c2cc(Cl)ccc2NC1=O	Age	Children	-0.04653
O=C(O)C1N=C(c2ccccc2)c2cc(Cl)ccc2NC1=O	Age	Adolescent	0.01078
O=C(O)C1N=C(c2ccccc2)c2cc(Cl)ccc2NC1=O	Age	Adult	-0.03429
O=C(O)C1N=C(c2ccccc2)c2cc(Cl)ccc2NC1=O	Age	Elderly	-0.24784
O=C(O)C1N=C(c2ccccc2)c2cc(Cl)ccc2NC1=O	Weight	Low	-0.07426
O=C(O)C1N=C(c2ccccc2)c2cc(Cl)ccc2NC1=O	Weight	Average	-0.20445
O=C(O)C1N=C(c2ccccc2)c2cc(Cl)ccc2NC1=O	Weight	High	-0.28849
Cc1ccc(C(=O)OCc2ccc(C(CN)C(=O)Nc3ccc4cnccc4c3)cc2)c(C)c1	Sex	Male	-0.13681
Cc1ccc(C(=O)OCc2ccc(C(CN)C(=O)Nc3ccc4cnccc4c3)cc2)c(C)c1	Sex	Female	-0.00189
Cc1ccc(C(=O)OCc2ccc(C(CN)C(=O)Nc3ccc4cnccc4c3)cc2)c(C)c1	Age	Children	-0.05836
Cc1ccc(C(=O)OCc2ccc(C(CN)C(=O)Nc3ccc4cnccc4c3)cc2)c(C)c1	Age	Adolescent	0.01021
Cc1ccc(C(=O)OCc2ccc(C(CN)C(=O)Nc3ccc4cnccc4c3)cc2)c(C)c1	Age	Adult	-0.05028
Cc1ccc(C(=O)OCc2ccc(C(CN)C(=O)Nc3ccc4cnccc4c3)cc2)c(C)c1	Age	Elderly	-0.18519
Cc1ccc(C(=O)OCc2ccc(C(CN)C(=O)Nc3ccc4cnccc4c3)cc2)c(C)c1	Weight	Low	-0.23811
Cc1ccc(C(=O)OCc2ccc(C(CN)C(=O)Nc3ccc4cnccc4c3)cc2)c(C)c1	Weight	Average	-0.21629
Cc1ccc(C(=O)OCc2ccc(C(CN)C(=O)Nc3ccc4cnccc4c3)cc2)c(C)c1	Weight	High	-0.22127
CCOC(=O)OC1(C(=O)OCCl)CCC2C3CC=C4CC(=O)C=CC4(C)C3C(O)CC21C	Sex	Male	-0.07303
CCOC(=O)OC1(C(=O)OCCl)CCC2C3CC=C4CC(=O)C=CC4(C)C3C(O)CC21C	Sex	Female	0.00164
CCOC(=O)OC1(C(=O)OCCl)CCC2C3CC=C4CC(=O)C=CC4(C)C3C(O)CC21C	Age	Children	-0.05464
CCOC(=O)OC1(C(=O)OCCl)CCC2C3CC=C4CC(=O)C=CC4(C)C3C(O)CC21C	Age	Adolescent	-0.01176
CCOC(=O)OC1(C(=O)OCCl)CCC2C3CC=C4CC(=O)C=CC4(C)C3C(O)CC21C	Age	Adult	-0.04601
CCOC(=O)OC1(C(=O)OCCl)CCC2C3CC=C4CC(=O)C=CC4(C)C3C(O)CC21C	Age	Elderly	-0.20101
CCOC(=O)OC1(C(=O)OCCl)CCC2C3CC=C4CC(=O)C=CC4(C)C3C(O)CC21C	Weight	Low	-0.19171
CCOC(=O)OC1(C(=O)OCCl)CCC2C3CC=C4CC(=O)C=CC4(C)C3C(O)CC21C	Weight	Average	-0.18367
CCOC(=O)OC1(C(=O)OCCl)CCC2C3CC=C4CC(=O)C=CC4(C)C3C(O)CC21C	Weight	High	-0.23916
CCOc1ccccc1OC(c1ccccc1)C1CNCCO1	Sex	Male	-0.10406
CCOc1ccccc1OC(c1ccccc1)C1CNCCO1	Sex	Female	-0.00178
CCOc1ccccc1OC(c1ccccc1)C1CNCCO1	Age	Children	-0.06064
CCOc1ccccc1OC(c1ccccc1)C1CNCCO1	Age	Adolescent	0.01083
CCOc1ccccc1OC(c1ccccc1)C1CNCCO1	Age	Adult	-0.03002
CCOc1ccccc1OC(c1ccccc1)C1CNCCO1	Age	Elderly	-0.24249
CCOc1ccccc1OC(c1ccccc1)C1CNCCO1	Weight	Low	-0.20586
CCOc1ccccc1OC(c1ccccc1)C1CNCCO1	Weight	Average	-0.21161
CCOc1ccccc1OC(c1ccccc1)C1CNCCO1	Weight	High	-0.26156
COCCOC(=O)NCCCCC(NC(=O)OCCOC)C(=O)NCCCCCCCOP(C)(=O)O	Sex	Male	-0.04324
COCCOC(=O)NCCCCC(NC(=O)OCCOC)C(=O)NCCCCCCCOP(C)(=O)O	Sex	Female	-0.00718
COCCOC(=O)NCCCCC(NC(=O)OCCOC)C(=O)NCCCCCCCOP(C)(=O)O	Age	Children	-0.07624
COCCOC(=O)NCCCCC(NC(=O)OCCOC)C(=O)NCCCCCCCOP(C)(=O)O	Age	Adolescent	-0.00245
COCCOC(=O)NCCCCC(NC(=O)OCCOC)C(=O)NCCCCCCCOP(C)(=O)O	Age	Adult	-0.04623
COCCOC(=O)NCCCCC(NC(=O)OCCOC)C(=O)NCCCCCCCOP(C)(=O)O	Age	Elderly	-0.18833
COCCOC(=O)NCCCCC(NC(=O)OCCOC)C(=O)NCCCCCCCOP(C)(=O)O	Weight	Low	-0.21687
COCCOC(=O)NCCCCC(NC(=O)OCCOC)C(=O)NCCCCCCCOP(C)(=O)O	Weight	Average	-0.22177
COCCOC(=O)NCCCCC(NC(=O)OCCOC)C(=O)NCCCCCCCOP(C)(=O)O	Weight	High	-0.23029
C#CC1(O)CCC2C3CCC4=Cc5oncc5CC4(C)C3CCC21C	Sex	Male	-0.0862
C#CC1(O)CCC2C3CCC4=Cc5oncc5CC4(C)C3CCC21C	Sex	Female	-0.00218
C#CC1(O)CCC2C3CCC4=Cc5oncc5CC4(C)C3CCC21C	Age	Children	-0.02837
C#CC1(O)CCC2C3CCC4=Cc5oncc5CC4(C)C3CCC21C	Age	Adolescent	0.00718
C#CC1(O)CCC2C3CCC4=Cc5oncc5CC4(C)C3CCC21C	Age	Adult	-0.04638
C#CC1(O)CCC2C3CCC4=Cc5oncc5CC4(C)C3CCC21C	Age	Elderly	-0.17442
C#CC1(O)CCC2C3CCC4=Cc5oncc5CC4(C)C3CCC21C	Weight	Low	-0.23288
C#CC1(O)CCC2C3CCC4=Cc5oncc5CC4(C)C3CCC21C	Weight	Average	-0.16296
C#CC1(O)CCC2C3CCC4=Cc5oncc5CC4(C)C3CCC21C	Weight	High	-0.2294
CC(=O)C1(O)CCC2C3CC(C)=C4CC(=O)C=CC4(C)C3(F)C(O)CC21C	Sex	Male	-0.12516
CC(=O)C1(O)CCC2C3CC(C)=C4CC(=O)C=CC4(C)C3(F)C(O)CC21C	Sex	Female	-0.00209
CC(=O)C1(O)CCC2C3CC(C)=C4CC(=O)C=CC4(C)C3(F)C(O)CC21C	Age	Children	-0.03405
CC(=O)C1(O)CCC2C3CC(C)=C4CC(=O)C=CC4(C)C3(F)C(O)CC21C	Age	Adolescent	-0.01019
CC(=O)C1(O)CCC2C3CC(C)=C4CC(=O)C=CC4(C)C3(F)C(O)CC21C	Age	Adult	-0.04987
CC(=O)C1(O)CCC2C3CC(C)=C4CC(=O)C=CC4(C)C3(F)C(O)CC21C	Age	Elderly	-0.17166
CC(=O)C1(O)CCC2C3CC(C)=C4CC(=O)C=CC4(C)C3(F)C(O)CC21C	Weight	Low	-0.2568
CC(=O)C1(O)CCC2C3CC(C)=C4CC(=O)C=CC4(C)C3(F)C(O)CC21C	Weight	Average	-0.18156
CC(=O)C1(O)CCC2C3CC(C)=C4CC(=O)C=CC4(C)C3(F)C(O)CC21C	Weight	High	-0.2684
CC(=O)C1CCC2C3CC=C4CC(O)CCC4(C)C3CCC12C	Sex	Male	-0.04836
CC(=O)C1CCC2C3CC=C4CC(O)CCC4(C)C3CCC12C	Sex	Female	-0.00188
CC(=O)C1CCC2C3CC=C4CC(O)CCC4(C)C3CCC12C	Age	Children	-0.02658
CC(=O)C1CCC2C3CC=C4CC(O)CCC4(C)C3CCC12C	Age	Adolescent	-0.00154
CC(=O)C1CCC2C3CC=C4CC(O)CCC4(C)C3CCC12C	Age	Adult	-0.03509
CC(=O)C1CCC2C3CC=C4CC(O)CCC4(C)C3CCC12C	Age	Elderly	-0.11685
CC(=O)C1CCC2C3CC=C4CC(O)CCC4(C)C3CCC12C	Weight	Low	-0.09854
CC(=O)C1CCC2C3CC=C4CC(O)CCC4(C)C3CCC12C	Weight	Average	-0.09939
CC(=O)C1CCC2C3CC=C4CC(O)CCC4(C)C3CCC12C	Weight	High	-0.10298
CC(=O)OCC(=O)C1(O)CCC2C3CC=C4CC(=O)C=CC4(C)C3C(O)CC21C	Sex	Male	-0.09176
CC(=O)OCC(=O)C1(O)CCC2C3CC=C4CC(=O)C=CC4(C)C3C(O)CC21C	Sex	Female	-0.00138
CC(=O)OCC(=O)C1(O)CCC2C3CC=C4CC(=O)C=CC4(C)C3C(O)CC21C	Age	Children	-0.04719
CC(=O)OCC(=O)C1(O)CCC2C3CC=C4CC(=O)C=CC4(C)C3C(O)CC21C	Age	Adolescent	-0.00853
CC(=O)OCC(=O)C1(O)CCC2C3CC=C4CC(=O)C=CC4(C)C3C(O)CC21C	Age	Adult	-0.0508
CC(=O)OCC(=O)C1(O)CCC2C3CC=C4CC(=O)C=CC4(C)C3C(O)CC21C	Age	Elderly	-0.18122
CC(=O)OCC(=O)C1(O)CCC2C3CC=C4CC(=O)C=CC4(C)C3C(O)CC21C	Weight	Low	-0.20244
CC(=O)OCC(=O)C1(O)CCC2C3CC=C4CC(=O)C=CC4(C)C3C(O)CC21C	Weight	Average	-0.1881
CC(=O)OCC(=O)C1(O)CCC2C3CC=C4CC(=O)C=CC4(C)C3C(O)CC21C	Weight	High	-0.23847
CC1=C(CC(=O)O)c2cc(F)ccc2C1=Cc1ccc(S(C)=O)cc1	Sex	Male	-0.13106
CC1=C(CC(=O)O)c2cc(F)ccc2C1=Cc1ccc(S(C)=O)cc1	Sex	Female	-0.00431
CC1=C(CC(=O)O)c2cc(F)ccc2C1=Cc1ccc(S(C)=O)cc1	Age	Children	-0.05745
CC1=C(CC(=O)O)c2cc(F)ccc2C1=Cc1ccc(S(C)=O)cc1	Age	Adolescent	0.00093
CC1=C(CC(=O)O)c2cc(F)ccc2C1=Cc1ccc(S(C)=O)cc1	Age	Adult	-0.04741
CC1=C(CC(=O)O)c2cc(F)ccc2C1=Cc1ccc(S(C)=O)cc1	Age	Elderly	-0.20236
CC1=C(CC(=O)O)c2cc(F)ccc2C1=Cc1ccc(S(C)=O)cc1	Weight	Low	-0.22132
CC1=C(CC(=O)O)c2cc(F)ccc2C1=Cc1ccc(S(C)=O)cc1	Weight	Average	-0.21343
CC1=C(CC(=O)O)c2cc(F)ccc2C1=Cc1ccc(S(C)=O)cc1	Weight	High	-0.30344
COC(=O)C1=C(C)N=C(C)C(C(=O)OCC(C)C)C1c1ccccc1[N+](=O)[O-]	Sex	Male	-0.0905
COC(=O)C1=C(C)N=C(C)C(C(=O)OCC(C)C)C1c1ccccc1[N+](=O)[O-]	Sex	Female	-0.00186
COC(=O)C1=C(C)N=C(C)C(C(=O)OCC(C)C)C1c1ccccc1[N+](=O)[O-]	Age	Children	-0.0721
COC(=O)C1=C(C)N=C(C)C(C(=O)OCC(C)C)C1c1ccccc1[N+](=O)[O-]	Age	Adolescent	0.02205
COC(=O)C1=C(C)N=C(C)C(C(=O)OCC(C)C)C1c1ccccc1[N+](=O)[O-]	Age	Adult	-0.03126
COC(=O)C1=C(C)N=C(C)C(C(=O)OCC(C)C)C1c1ccccc1[N+](=O)[O-]	Age	Elderly	-0.15327
COC(=O)C1=C(C)N=C(C)C(C(=O)OCC(C)C)C1c1ccccc1[N+](=O)[O-]	Weight	Low	-0.17487
COC(=O)C1=C(C)N=C(C)C(C(=O)OCC(C)C)C1c1ccccc1[N+](=O)[O-]	Weight	Average	-0.17984
COC(=O)C1=C(C)N=C(C)C(C(=O)OCC(C)C)C1c1ccccc1[N+](=O)[O-]	Weight	High	-0.21511
Cc1c(O)cccc1C(=O)NC(CSc1ccccc1)C(O)CN1CC2CCCCC2CC1C(=O)NC(C)(C)C	Sex	Male	-0.071
Cc1c(O)cccc1C(=O)NC(CSc1ccccc1)C(O)CN1CC2CCCCC2CC1C(=O)NC(C)(C)C	Sex	Female	-0.0045
Cc1c(O)cccc1C(=O)NC(CSc1ccccc1)C(O)CN1CC2CCCCC2CC1C(=O)NC(C)(C)C	Age	Children	-0.06673
Cc1c(O)cccc1C(=O)NC(CSc1ccccc1)C(O)CN1CC2CCCCC2CC1C(=O)NC(C)(C)C	Age	Adolescent	0.01054
Cc1c(O)cccc1C(=O)NC(CSc1ccccc1)C(O)CN1CC2CCCCC2CC1C(=O)NC(C)(C)C	Age	Adult	-0.04065
Cc1c(O)cccc1C(=O)NC(CSc1ccccc1)C(O)CN1CC2CCCCC2CC1C(=O)NC(C)(C)C	Age	Elderly	-0.09121
Cc1c(O)cccc1C(=O)NC(CSc1ccccc1)C(O)CN1CC2CCCCC2CC1C(=O)NC(C)(C)C	Weight	Low	-0.13957
Cc1c(O)cccc1C(=O)NC(CSc1ccccc1)C(O)CN1CC2CCCCC2CC1C(=O)NC(C)(C)C	Weight	Average	-0.14321
Cc1c(O)cccc1C(=O)NC(CSc1ccccc1)C(O)CN1CC2CCCCC2CC1C(=O)NC(C)(C)C	Weight	High	-0.17544
O=NN(CCCl)C(=O)NC1CCCCC1	Sex	Male	-0.1076
O=NN(CCCl)C(=O)NC1CCCCC1	Sex	Female	0.00176
O=NN(CCCl)C(=O)NC1CCCCC1	Age	Children	-0.02189
O=NN(CCCl)C(=O)NC1CCCCC1	Age	Adolescent	-0.00057
O=NN(CCCl)C(=O)NC1CCCCC1	Age	Adult	-0.04477
O=NN(CCCl)C(=O)NC1CCCCC1	Age	Elderly	-0.15555
O=NN(CCCl)C(=O)NC1CCCCC1	Weight	Low	-0.19603
O=NN(CCCl)C(=O)NC1CCCCC1	Weight	Average	-0.17212
O=NN(CCCl)C(=O)NC1CCCCC1	Weight	High	-0.21009
CNCC(=O)OCc1cccnc1N(C)C(=O)OC(C)[n+]1cnn(CC(O)(c2cc(F)ccc2F)C(C)c2nc(-c3ccc(C#N)cc3)cs2)c1	Sex	Male	-0.1424
CNCC(=O)OCc1cccnc1N(C)C(=O)OC(C)[n+]1cnn(CC(O)(c2cc(F)ccc2F)C(C)c2nc(-c3ccc(C#N)cc3)cs2)c1	Sex	Female	-0.00079
CNCC(=O)OCc1cccnc1N(C)C(=O)OC(C)[n+]1cnn(CC(O)(c2cc(F)ccc2F)C(C)c2nc(-c3ccc(C#N)cc3)cs2)c1	Age	Children	-0.03157
CNCC(=O)OCc1cccnc1N(C)C(=O)OC(C)[n+]1cnn(CC(O)(c2cc(F)ccc2F)C(C)c2nc(-c3ccc(C#N)cc3)cs2)c1	Age	Adolescent	0.02352
CNCC(=O)OCc1cccnc1N(C)C(=O)OC(C)[n+]1cnn(CC(O)(c2cc(F)ccc2F)C(C)c2nc(-c3ccc(C#N)cc3)cs2)c1	Age	Adult	-0.06279
CNCC(=O)OCc1cccnc1N(C)C(=O)OC(C)[n+]1cnn(CC(O)(c2cc(F)ccc2F)C(C)c2nc(-c3ccc(C#N)cc3)cs2)c1	Age	Elderly	-0.09808
CNCC(=O)OCc1cccnc1N(C)C(=O)OC(C)[n+]1cnn(CC(O)(c2cc(F)ccc2F)C(C)c2nc(-c3ccc(C#N)cc3)cs2)c1	Weight	Low	-0.15674
CNCC(=O)OCc1cccnc1N(C)C(=O)OC(C)[n+]1cnn(CC(O)(c2cc(F)ccc2F)C(C)c2nc(-c3ccc(C#N)cc3)cs2)c1	Weight	Average	-0.07251
CNCC(=O)OCc1cccnc1N(C)C(=O)OC(C)[n+]1cnn(CC(O)(c2cc(F)ccc2F)C(C)c2nc(-c3ccc(C#N)cc3)cs2)c1	Weight	High	-0.24296
COC(=O)C1=C(C)N=C(C)C(C(=O)OC(C)(C)CN(C)CCC(c2ccccc2)c2ccccc2)C1c1cccc([N+](=O)[O-])c1	Sex	Male	-0.06083
COC(=O)C1=C(C)N=C(C)C(C(=O)OC(C)(C)CN(C)CCC(c2ccccc2)c2ccccc2)C1c1cccc([N+](=O)[O-])c1	Sex	Female	-0.00055
COC(=O)C1=C(C)N=C(C)C(C(=O)OC(C)(C)CN(C)CCC(c2ccccc2)c2ccccc2)C1c1cccc([N+](=O)[O-])c1	Age	Children	-0.02579
COC(=O)C1=C(C)N=C(C)C(C(=O)OC(C)(C)CN(C)CCC(c2ccccc2)c2ccccc2)C1c1cccc([N+](=O)[O-])c1	Age	Adolescent	0.00421
COC(=O)C1=C(C)N=C(C)C(C(=O)OC(C)(C)CN(C)CCC(c2ccccc2)c2ccccc2)C1c1cccc([N+](=O)[O-])c1	Age	Adult	-0.02986
COC(=O)C1=C(C)N=C(C)C(C(=O)OC(C)(C)CN(C)CCC(c2ccccc2)c2ccccc2)C1c1cccc([N+](=O)[O-])c1	Age	Elderly	-0.11279
COC(=O)C1=C(C)N=C(C)C(C(=O)OC(C)(C)CN(C)CCC(c2ccccc2)c2ccccc2)C1c1cccc([N+](=O)[O-])c1	Weight	Low	-0.20246
COC(=O)C1=C(C)N=C(C)C(C(=O)OC(C)(C)CN(C)CCC(c2ccccc2)c2ccccc2)C1c1cccc([N+](=O)[O-])c1	Weight	Average	-0.12544
COC(=O)C1=C(C)N=C(C)C(C(=O)OC(C)(C)CN(C)CCC(c2ccccc2)c2ccccc2)C1c1cccc([N+](=O)[O-])c1	Weight	High	-0.19706
COc1cc2nccc(Oc3ccc(NC(=O)Nc4cc(C)on4)c(Cl)c3)c2cc1OC	Sex	Male	-0.09012
COc1cc2nccc(Oc3ccc(NC(=O)Nc4cc(C)on4)c(Cl)c3)c2cc1OC	Sex	Female	0.00188
COc1cc2nccc(Oc3ccc(NC(=O)Nc4cc(C)on4)c(Cl)c3)c2cc1OC	Age	Children	-0.03056
COc1cc2nccc(Oc3ccc(NC(=O)Nc4cc(C)on4)c(Cl)c3)c2cc1OC	Age	Adolescent	-0.00285
COc1cc2nccc(Oc3ccc(NC(=O)Nc4cc(C)on4)c(Cl)c3)c2cc1OC	Age	Adult	-0.02918
COc1cc2nccc(Oc3ccc(NC(=O)Nc4cc(C)on4)c(Cl)c3)c2cc1OC	Age	Elderly	-0.12786
COc1cc2nccc(Oc3ccc(NC(=O)Nc4cc(C)on4)c(Cl)c3)c2cc1OC	Weight	Low	-0.13888
COc1cc2nccc(Oc3ccc(NC(=O)Nc4cc(C)on4)c(Cl)c3)c2cc1OC	Weight	Average	-0.09121
COc1cc2nccc(Oc3ccc(NC(=O)Nc4cc(C)on4)c(Cl)c3)c2cc1OC	Weight	High	-0.1226
COc1cc2c(Oc3ccc4[nH]c(C)cc4c3F)ncnc2cc1OCCCN1CCCC1	Sex	Male	-0.09251
COc1cc2c(Oc3ccc4[nH]c(C)cc4c3F)ncnc2cc1OCCCN1CCCC1	Sex	Female	-0.00158
COc1cc2c(Oc3ccc4[nH]c(C)cc4c3F)ncnc2cc1OCCCN1CCCC1	Age	Children	-0.04734
COc1cc2c(Oc3ccc4[nH]c(C)cc4c3F)ncnc2cc1OCCCN1CCCC1	Age	Adolescent	-0.00783
COc1cc2c(Oc3ccc4[nH]c(C)cc4c3F)ncnc2cc1OCCCN1CCCC1	Age	Adult	-0.05065
COc1cc2c(Oc3ccc4[nH]c(C)cc4c3F)ncnc2cc1OCCCN1CCCC1	Age	Elderly	-0.18082
COc1cc2c(Oc3ccc4[nH]c(C)cc4c3F)ncnc2cc1OCCCN1CCCC1	Weight	Low	-0.09743
COc1cc2c(Oc3ccc4[nH]c(C)cc4c3F)ncnc2cc1OCCCN1CCCC1	Weight	Average	-0.14277
COc1cc2c(Oc3ccc4[nH]c(C)cc4c3F)ncnc2cc1OCCCN1CCCC1	Weight	High	-0.21701
C=C1CC2C3CC=C4CC(=O)CCC4C3CCC2(C)C1(OC(C)=O)C(C)=O	Sex	Male	-0.0738
C=C1CC2C3CC=C4CC(=O)CCC4C3CCC2(C)C1(OC(C)=O)C(C)=O	Sex	Female	-0.00791
C=C1CC2C3CC=C4CC(=O)CCC4C3CCC2(C)C1(OC(C)=O)C(C)=O	Age	Children	-0.04027
C=C1CC2C3CC=C4CC(=O)CCC4C3CCC2(C)C1(OC(C)=O)C(C)=O	Age	Adolescent	-0.01245
C=C1CC2C3CC=C4CC(=O)CCC4C3CCC2(C)C1(OC(C)=O)C(C)=O	Age	Adult	-0.06119
C=C1CC2C3CC=C4CC(=O)CCC4C3CCC2(C)C1(OC(C)=O)C(C)=O	Age	Elderly	-0.17965
C=C1CC2C3CC=C4CC(=O)CCC4C3CCC2(C)C1(OC(C)=O)C(C)=O	Weight	Low	-0.12458
C=C1CC2C3CC=C4CC(=O)CCC4C3CCC2(C)C1(OC(C)=O)C(C)=O	Weight	Average	-0.19212
C=C1CC2C3CC=C4CC(=O)CCC4C3CCC2(C)C1(OC(C)=O)C(C)=O	Weight	High	-0.19122
CC(=O)OCC(=O)C1(O)CCC2C3CC=C4CC(=O)CCC4(C)C3C(O)CC21C	Sex	Male	-0.09945
CC(=O)OCC(=O)C1(O)CCC2C3CC=C4CC(=O)CCC4(C)C3C(O)CC21C	Sex	Female	-0.00618
CC(=O)OCC(=O)C1(O)CCC2C3CC=C4CC(=O)CCC4(C)C3C(O)CC21C	Age	Children	-0.0382
CC(=O)OCC(=O)C1(O)CCC2C3CC=C4CC(=O)CCC4(C)C3C(O)CC21C	Age	Adolescent	0.00025
CC(=O)OCC(=O)C1(O)CCC2C3CC=C4CC(=O)CCC4(C)C3C(O)CC21C	Age	Adult	-0.04249
CC(=O)OCC(=O)C1(O)CCC2C3CC=C4CC(=O)CCC4(C)C3C(O)CC21C	Age	Elderly	-0.1649
CC(=O)OCC(=O)C1(O)CCC2C3CC=C4CC(=O)CCC4(C)C3C(O)CC21C	Weight	Low	-0.20604
CC(=O)OCC(=O)C1(O)CCC2C3CC=C4CC(=O)CCC4(C)C3C(O)CC21C	Weight	Average	-0.18372
CC(=O)OCC(=O)C1(O)CCC2C3CC=C4CC(=O)CCC4(C)C3C(O)CC21C	Weight	High	-0.27095
CCCCCCCCCC(=O)OC1CCC2C3CC=C4CC(=O)CCC4C3CCC12C	Sex	Male	-0.06877
CCCCCCCCCC(=O)OC1CCC2C3CC=C4CC(=O)CCC4C3CCC12C	Sex	Female	-0.0102
CCCCCCCCCC(=O)OC1CCC2C3CC=C4CC(=O)CCC4C3CCC12C	Age	Children	-0.04234
CCCCCCCCCC(=O)OC1CCC2C3CC=C4CC(=O)CCC4C3CCC12C	Age	Adolescent	-0.00312
CCCCCCCCCC(=O)OC1CCC2C3CC=C4CC(=O)CCC4C3CCC12C	Age	Adult	-0.05188
CCCCCCCCCC(=O)OC1CCC2C3CC=C4CC(=O)CCC4C3CCC12C	Age	Elderly	-0.16461
CCCCCCCCCC(=O)OC1CCC2C3CC=C4CC(=O)CCC4C3CCC12C	Weight	Low	-0.1035
CCCCCCCCCC(=O)OC1CCC2C3CC=C4CC(=O)CCC4C3CCC12C	Weight	Average	-0.14464
CCCCCCCCCC(=O)OC1CCC2C3CC=C4CC(=O)CCC4C3CCC12C	Weight	High	-0.20383
CC[N+](CC)(CCNC(=O)C(=O)NCC[N+](CC)(CC)Cc1ccccc1Cl)Cc1ccccc1Cl	Sex	Male	-0.09403
CC[N+](CC)(CCNC(=O)C(=O)NCC[N+](CC)(CC)Cc1ccccc1Cl)Cc1ccccc1Cl	Sex	Female	-0.00144
CC[N+](CC)(CCNC(=O)C(=O)NCC[N+](CC)(CC)Cc1ccccc1Cl)Cc1ccccc1Cl	Age	Children	-0.04526
CC[N+](CC)(CCNC(=O)C(=O)NCC[N+](CC)(CC)Cc1ccccc1Cl)Cc1ccccc1Cl	Age	Adolescent	0.00526
CC[N+](CC)(CCNC(=O)C(=O)NCC[N+](CC)(CC)Cc1ccccc1Cl)Cc1ccccc1Cl	Age	Adult	-0.04753
CC[N+](CC)(CCNC(=O)C(=O)NCC[N+](CC)(CC)Cc1ccccc1Cl)Cc1ccccc1Cl	Age	Elderly	-0.15658
CC[N+](CC)(CCNC(=O)C(=O)NCC[N+](CC)(CC)Cc1ccccc1Cl)Cc1ccccc1Cl	Weight	Low	-0.22381
CC[N+](CC)(CCNC(=O)C(=O)NCC[N+](CC)(CC)Cc1ccccc1Cl)Cc1ccccc1Cl	Weight	Average	-0.17576
CC[N+](CC)(CCNC(=O)C(=O)NCC[N+](CC)(CC)Cc1ccccc1Cl)Cc1ccccc1Cl	Weight	High	-0.26735
CN1CCC(=C2c3ccccc3CCn3c(C=O)cnc32)CC1	Sex	Male	-0.10798
CN1CCC(=C2c3ccccc3CCn3c(C=O)cnc32)CC1	Sex	Female	-0.00123
CN1CCC(=C2c3ccccc3CCn3c(C=O)cnc32)CC1	Age	Children	-0.09241
CN1CCC(=C2c3ccccc3CCn3c(C=O)cnc32)CC1	Age	Adolescent	-0.01984
CN1CCC(=C2c3ccccc3CCn3c(C=O)cnc32)CC1	Age	Adult	-0.04128
CN1CCC(=C2c3ccccc3CCn3c(C=O)cnc32)CC1	Age	Elderly	-0.17623
CN1CCC(=C2c3ccccc3CCn3c(C=O)cnc32)CC1	Weight	Low	-0.21865
CN1CCC(=C2c3ccccc3CCn3c(C=O)cnc32)CC1	Weight	Average	-0.25319
CN1CCC(=C2c3ccccc3CCn3c(C=O)cnc32)CC1	Weight	High	-0.31269
COC(=O)C1=C(C)N=C(C)C(C(=O)OC(C)C)C1c1cccc2nonc12	Sex	Male	-0.10263
COC(=O)C1=C(C)N=C(C)C(C(=O)OC(C)C)C1c1cccc2nonc12	Sex	Female	-0.00141
COC(=O)C1=C(C)N=C(C)C(C(=O)OC(C)C)C1c1cccc2nonc12	Age	Children	-0.05797
COC(=O)C1=C(C)N=C(C)C(C(=O)OC(C)C)C1c1cccc2nonc12	Age	Adolescent	0.00457
COC(=O)C1=C(C)N=C(C)C(C(=O)OC(C)C)C1c1cccc2nonc12	Age	Adult	-0.02927
COC(=O)C1=C(C)N=C(C)C(C(=O)OC(C)C)C1c1cccc2nonc12	Age	Elderly	-0.15144
COC(=O)C1=C(C)N=C(C)C(C(=O)OC(C)C)C1c1cccc2nonc12	Weight	Low	-0.24688
COC(=O)C1=C(C)N=C(C)C(C(=O)OC(C)C)C1c1cccc2nonc12	Weight	Average	-0.20274
COC(=O)C1=C(C)N=C(C)C(C(=O)OC(C)C)C1c1cccc2nonc12	Weight	High	-0.25325
COC(=O)C1C(c2ccc([123I])cc2)CC2CCC1N2CCCF	Sex	Male	-0.03025
COC(=O)C1C(c2ccc([123I])cc2)CC2CCC1N2CCCF	Sex	Female	-0.00058
COC(=O)C1C(c2ccc([123I])cc2)CC2CCC1N2CCCF	Age	Children	-0.01157
COC(=O)C1C(c2ccc([123I])cc2)CC2CCC1N2CCCF	Age	Adolescent	0.00039
COC(=O)C1C(c2ccc([123I])cc2)CC2CCC1N2CCCF	Age	Adult	-0.01359
COC(=O)C1C(c2ccc([123I])cc2)CC2CCC1N2CCCF	Age	Elderly	-0.06988
COC(=O)C1C(c2ccc([123I])cc2)CC2CCC1N2CCCF	Weight	Low	-0.0622
COC(=O)C1C(c2ccc([123I])cc2)CC2CCC1N2CCCF	Weight	Average	-0.06121
COC(=O)C1C(c2ccc([123I])cc2)CC2CCC1N2CCCF	Weight	High	-0.11034
NC(=O)OC(Cn1ncnn1)c1ccccc1Cl	Sex	Male	-0.03407
NC(=O)OC(Cn1ncnn1)c1ccccc1Cl	Sex	Female	-0.00043
NC(=O)OC(Cn1ncnn1)c1ccccc1Cl	Age	Children	-0.02183
NC(=O)OC(Cn1ncnn1)c1ccccc1Cl	Age	Adolescent	-0.00542
NC(=O)OC(Cn1ncnn1)c1ccccc1Cl	Age	Adult	-0.01455
NC(=O)OC(Cn1ncnn1)c1ccccc1Cl	Age	Elderly	-0.07845
NC(=O)OC(Cn1ncnn1)c1ccccc1Cl	Weight	Low	-0.09343
NC(=O)OC(Cn1ncnn1)c1ccccc1Cl	Weight	Average	-0.04674
NC(=O)OC(Cn1ncnn1)c1ccccc1Cl	Weight	High	-0.09583
Oc1ccc(C2CNCCc3c2cc(O)c(O)c3Cl)cc1	Sex	Male	-0.10598
Oc1ccc(C2CNCCc3c2cc(O)c(O)c3Cl)cc1	Sex	Female	-0.00184
Oc1ccc(C2CNCCc3c2cc(O)c(O)c3Cl)cc1	Age	Children	-0.04484
Oc1ccc(C2CNCCc3c2cc(O)c(O)c3Cl)cc1	Age	Adolescent	0.00861
Oc1ccc(C2CNCCc3c2cc(O)c(O)c3Cl)cc1	Age	Adult	-0.0455
Oc1ccc(C2CNCCc3c2cc(O)c(O)c3Cl)cc1	Age	Elderly	-0.23401
Oc1ccc(C2CNCCc3c2cc(O)c(O)c3Cl)cc1	Weight	Low	-0.22864
Oc1ccc(C2CNCCc3c2cc(O)c(O)c3Cl)cc1	Weight	Average	-0.228
Oc1ccc(C2CNCCc3c2cc(O)c(O)c3Cl)cc1	Weight	High	-0.27782
