SMILES	y_true	y_pred	y_score	Test_Fold	Mean	Min	5 Nearest	9 Nearest	Max	Evaluation
Brc1c(NC2=NCCN2)ccc2nccnc12	1	0	0.47249413	0	0.9264967414812773	0.7894736842105263	0.7933404940923738	0.7999601355944191	1.0	Age-only
C=C(C)C1CCC(C)=CC1c1c(O)cc(CCCCC)cc1O	0	0	0.46295738	0	0.9051145605991673	0.7272727272727273	0.7401515151515151	0.7648989898989899	1.0	Age-only
C=C1C(=CC=C2CCCC3(C)C2CCC3C(C)CCCC(C)(C)O)CC(O)CC1O	1	0	0.37396663	0	0.9214214050993448	0.8064516129032258	0.8081575682382134	0.8100875379101186	1.0	Age-only
C=C1CCC(O)CC1=CC=C1CCCC2(C)C1CCC2C(C)C=CC(C)C(C)C	0	0	0.44451368	0	0.9275045941872883	0.7945205479452054	0.8096216266541403	0.8196020038612594	1.0	Age-only
C=CC(N)CCC(=O)O	0	0	0.39247984	0	0.9242918847646082	0.625	0.655	0.6917264038231781	1.0	Age-only
C=CCN1CCC23c4c5ccc(O)c4OC2C(=O)CCC3(O)C1C5	0	0	0.33487102	0	0.8971554503731649	0.7066666666666667	0.7549529813501443	0.7694666031973882	1.0	Age-only
C=CC[N+]1(C2CC3C4CCC5CC(O)C(N6CCOCC6)CC5(C)C4CCC3(C)C2OC(C)=O)CCCC1	1	1	0.5943792	0	0.9089415454916493	0.7821782178217822	0.7885994424685188	0.7923305447669329	0.989247311827957	Age-only
CC(=O)C1(O)C=C2C(=O)c3c(c(O)c4ccccc4c3O)C(=O)C2C(OC2CC(N)C(O)C(C)O2)C1	1	0	0.4768442	0	0.8882871531231054	0.7662337662337663	0.7695441813088871	0.772244187414466	0.9857142857142858	Age-only
CC(=O)N(O)CCCCCNC(=O)CCC(=O)N(O)CCCCCNC(=O)CCC(=O)N(O)CCCCCN	1	1	0.6169083	0	0.9212304749471325	0.7017543859649122	0.7607017543859648	0.7810425442004388	1.0	Age-only
CC(=O)OC1CC2CCC3C(CCC4(C)C3CC([N+]3(C)CCCCC3)C4OC(C)=O)C2(C)CC1N1CCCCC1	1	1	0.62066585	0	0.9239910002697953	0.7849462365591398	0.7935925470729385	0.7983247181223894	1.0	Age-only
CC(=O)Oc1ccccc1C(=O)O	1	1	0.5537841	0	0.875041305605511	0.5833333333333334	0.6568614589544822	0.6824161626487208	1.0	Age-only
CC(C)(C)NC(=O)C1CCC2C3CCC4NC(=O)C=CC4(C)C3CCC12C	1	1	0.61045146	0	0.8994830338730058	0.6714285714285714	0.6921008403361345	0.7088311228105701	1.0	Age-only
CC(C)(N)Cc1ccccc1	1	1	0.55560875	0	0.891924322654288	0.6666666666666666	0.6869565217391305	0.7049157853505679	1.0	Age-only
CC(C)Cc1ccc(C(C)C(=O)O)cc1	0	1	0.5633614	0	0.8750572776157586	0.5789473684210527	0.6140350877192982	0.6408722063556825	1.0	Age-only
CC(C)N=c1cc2n(-c3ccc(Cl)cc3)c3ccccc3nc-2cc1Nc1ccc(Cl)cc1	0	1	0.50449884	0	0.9030458649190429	0.782608695652174	0.7835190170908388	0.7853273708419555	1.0	Age-only
CC(C)n1nccc1-c1ncccc1COc1cccc(O)c1C=O	0	0	0.48590472	0	0.882542519255971	0.7746478873239436	0.7885358577897084	0.7915195558975319	1.0	Age-only
CC(CCC(=O)O)C1CCC2C3C(O)CC4CC(O)CCC4(C)C3CC(O)C12C	0	1	0.6236265	0	0.9042494297812598	0.7634408602150538	0.7635304659498208	0.7638713191369738	1.0	Age-only
CC(CCC(=O)O)C1CCC2C3C(O)CC4CC(O)CCC4(C)C3CCC12C	0	1	0.62889326	0	0.900501611429273	0.7647058823529411	0.7653885257806825	0.76638012092265	1.0	Age-only
CC(CCc1ccccc1)NCC(O)c1ccc(O)c(C(N)=O)c1	1	1	0.74314153	0	0.8697938608721412	0.5686274509803921	0.5775401069518716	0.5881554792880518	1.0	Age-only
CC(Cc1ccccc1)NC(=O)C(N)CCCCN	0	1	0.5451043	0	0.8685622077543139	0.6923076923076923	0.6951794871794872	0.703490493938255	1.0	Age-only
CC(N)Cc1ccccc1	0	1	0.5800474	0	0.8862411441407579	0.5757575757575758	0.6298067523873977	0.6637189508322889	1.0	Age-only
CC1(C)OC2COC3(COS(N)(=O)=O)OC(C)(C)OC3C2O1	0	0	0.4322937	0	0.9296521483285717	0.8297872340425532	0.8319457292630281	0.8364886937889464	1.0	Age-only
CC1(C)SC2C(NC(=O)Cc3ccccc3)C(=O)N2C1C(=O)O	0	0	0.4213476	0	0.8545878955055326	0.26	0.31169230769230766	0.360993080993081	1.0	Age-only
CC12OC(CC1(O)CO)n1c3ccccc3c3c4c(c5c6ccccc6n2c5c31)CNC4=O	1	0	0.4228601	0	0.8815204112597845	0.7764705882352941	0.7769904240766075	0.7779145766833868	1.0	Age-only
CC1C(=NC(=O)C(NOC(C)(C)C(=O)O)c2csc(N)n2)C(=O)N1S(=O)(=O)O	0	0	0.3277699	0	0.8918352263677292	0.7128712871287128	0.7432130309805174	0.7530321827442784	0.9850746268656716	Age-only
CC1CCOC2Cn3cc(C(=O)NCc4ccc(F)cc4F)c(=O)c(O)c3C(=O)N12	0	0	0.41905165	0	0.8788041704294457	0.7419354838709677	0.7507792678506705	0.7576287618432986	0.9848484848484849	Age-only
CC1COc2c(N3CCN(C)CC3)c(F)cc3c(=O)c(C(=O)O)cn1c23	0	0	0.31998774	0	0.8927621669387558	0.7684210526315789	0.7721637426900584	0.7757324067011327	0.9833333333333333	Age-only
CCC(=O)N(c1ccccc1)C1CCN(CCc2ccccc2)CC1	1	1	0.5438848	0	0.8587298654388302	0.578125	0.5951844262295082	0.6208785462899116	1.0	Age-only
CCCCN1CC(O)C(O)C(O)C1CO	0	1	0.5445198	0	0.9037589304675934	0.7222222222222222	0.7316239316239316	0.7556094173009595	1.0	Age-only
CCCNC(C)C(=O)Nc1c(C)csc1C(=O)OC	1	1	0.54777145	0	0.8899232818630715	0.7407407407407407	0.7443167305236271	0.751768736443066	1.0	Age-only
CCCNC(C)C(=O)Nc1ccccc1C	0	1	0.6273564	0	0.8703386661446102	0.6808510638297872	0.6808510638297872	0.6968055992267291	1.0	Age-only
CCCNCC(O)COc1ccccc1C(=O)CCc1ccccc1	1	1	0.7407874	0	0.8698237068645123	0.6229508196721312	0.6237337900660631	0.6257354340480179	1.0	Age-only
CCCc1nn(C)c2c(=O)[nH]c(-c3cc(S(=O)(=O)N4CCN(C)CC4)ccc3OCC)nc12	1	0	0.36206135	0	0.8867265665029294	0.7441860465116279	0.7652965394458662	0.7733483344254457	1.0	Age-only
CCN(Cc1ccncc1)C(=O)C(CO)c1ccccc1	1	1	0.5603647	0	0.8708621114964584	0.6666666666666666	0.6689265536723163	0.6752904613421423	1.0	Age-only
CCOC(=O)C(C)CC(Cc1ccc(-c2ccccc2)cc1)NC(=O)CCC(=O)O	1	1	0.5625721	0	0.8667120464842986	0.6901408450704225	0.7027340513670258	0.7092521135852475	1.0	Age-only
CCOC(=O)C(CCc1ccccc1)NC(C)C(=O)N1CCCC1C(=O)O	1	1	0.5483053	0	0.8525768300639445	0.484375	0.5101136363636364	0.5893605169340463	1.0	Age-only
CCOC(=O)C(CCc1ccccc1)NC1CCc2ccccc2N(CC(=O)O)C1=O	1	0	0.45656538	0	0.8542851153539406	0.7123287671232876	0.7132375104033111	0.7141772001648341	1.0	Age-only
CN(CCOc1ccc(Cc2sc(=O)[nH]c2O)cc1)c1ccccn1	1	1	0.60316056	0	0.8828590329164638	0.640625	0.6788034028812717	0.7053195380829475	1.0	Age-only
CN1CCC23c4c5ccc(O)c4OC2C(=O)CCC3C1C5	1	0	0.38674894	0	0.8771456491352311	0.7323943661971831	0.7413506681112315	0.7500012510120215	1.0	Age-only
CN1CCC23c4c5ccc(O)c4OC2C(O)C=CC3C1C5	1	1	0.5044929	0	0.9005571598516513	0.7083333333333334	0.7457509157509158	0.7658099549403897	1.0	Age-only
CNC(=O)c1ccccc1Sc1ccc2c(C=Cc3ccccn3)[nH]nc2c1	1	1	0.5085143	0	0.8878910611426064	0.7241379310344828	0.7505899166818707	0.7648779960401927	1.0	Age-only
CNC(C)Cc1ccccc1	1	1	0.6164713	0	0.8916043304558324	0.6	0.6077419354838709	0.6194099807003034	1.0	Age-only
COC(=O)C(c1ccccc1)C1CCCCN1	0	1	0.6391673	0	0.8528177855134988	0.6785714285714286	0.6785714285714286	0.6857142857142858	1.0	Age-only
COC12CCC3(CC1C(C)(O)C(C)(C)C)C1Cc4ccc(O)c5c4C3(CCN1CC1CC1)C2O5	0	0	0.4656295	0	0.8994816850139913	0.6987951807228916	0.7558826316501963	0.7711710590974838	1.0	Age-only
COC1C(N(C)C(=O)c2ccccc2)CC2OC1(C)n1c3ccccc3c3c4c(c5c6ccccc6n2c5c31)C(=O)NC4	0	1	0.5411505	0	0.8851742511574243	0.7888888888888889	0.792482269503546	0.7953506698187549	1.0	Age-only
COCC(NC(C)=O)C(=O)NCc1ccccc1	1	1	0.60681516	0	0.8629899802684126	0.6585365853658537	0.6822052845528456	0.6985862691960253	1.0	Age-only
COc1c(C)c2c(c(O)c1CC=C(C)CCC(=O)O)C(=O)OC2	0	0	0.3842361	0	0.8961585134373812	0.7706422018348624	0.7744458641643078	0.7765892692433065	0.9861111111111112	Age-only
COc1c(C)c2c(c(O)c1CC=C(C)CCC(=O)OCCN1CCOCC1)C(=O)OC2	0	0	0.3487435	0	0.8955716128400739	0.776595744680851	0.7828807221147646	0.7873318764079351	0.9873417721518988	Age-only
COc1c(N2CC3CCCNC3C2)c(F)cc2c(=O)c(C(=O)O)cn(C3CC3)c12	0	0	0.3841342	0	0.8849708961276813	0.7604166666666666	0.7669296116504855	0.7753801057805912	0.9852941176470589	Age-only
COc1ccc(C2Sc3ccccc3N(CCN(C)C)C(=O)C2OC(C)=O)cc1	1	1	0.61915004	0	0.8752372073811876	0.6764705882352942	0.7160691321062839	0.7260213127086192	0.9841269841269841	Age-only
COc1ccc(CCN(C)CCCC(C#N)(c2ccc(OC)c(OC)c2)C(C)C)cc1OC	1	1	0.7036404	0	0.9064887369086607	0.7532467532467533	0.7566514566514566	0.7658740992074325	1.0	Age-only
COc1ccc2c(c1)C13CCCCC1C(C2)N(C)CC3	0	1	0.5630641	0	0.8999251484468365	0.6721311475409836	0.6877049180327869	0.7168346225723273	1.0	Age-only
COc1ccc2c3c1OC1C(=O)CCC4(O)C(C2)N(C)CCC314	1	0	0.46229792	0	0.8775986285216968	0.625	0.6773972602739725	0.7003312998197688	1.0	Age-only
COc1ccc2c3c1OC1C(=O)CCC4C(C2)N(C)CCC314	1	0	0.45193717	0	0.8823206928269232	0.6338028169014085	0.6962469807574421	0.7200779101027478	1.0	Age-only
COc1ccc2c3c1OC1C(O)C=CC4C(C2)N(C)CCC341	1	1	0.55168927	0	0.8963625462360427	0.5882352941176471	0.6914335946084537	0.7293995499377058	1.0	Age-only
COc1cccc2c(O)c3c(c(O)c12)C(=O)C1=C(CC(O)(C(=O)CO)CC1OC1CC(N)C(O)C(C)O1)C3=O	1	1	0.58407456	0	0.8826347276264691	0.7739130434782608	0.7741304347826087	0.774825550187869	1.0	Age-only
COc1cccc2c(O)c3c(c(O)c12)C(=O)C1=C(CC(O)(C(C)=O)CC1OC1CC(N)C(O)C(C)O1)C3=O	1	0	0.48882574	0	0.8904926273900076	0.7684210526315789	0.7764593301435406	0.7813488789895324	0.9873417721518988	Age-only
Cc1ccc(-n2[nH]c(C)c(N=Nc3cccc(-c4cccc(C(=O)O)c4)c3O)c2=O)cc1C	0	0	0.43058535	0	0.8878645254593467	0.7303370786516854	0.7458945548833189	0.7641082852653496	0.9855072463768116	Age-only
Cc1cn2nc(-c3cc(=O)n4cc(N5CCNC6(CC6)C5)ccc4n3)cc(C)c2n1	1	0	0.3759312	0	0.8960464959974788	0.7446808510638298	0.7519631498135555	0.7622124054812782	1.0	Age-only
Clc1ccc2nsnc2c1NC1=NCCN1	1	0	0.47275558	0	0.926741726265522	0.8035714285714286	0.8163392857142856	0.8215773809523809	1.0	Age-only
Clc1cccc(Cl)c1NC1=NCCN1	1	1	0.56050515	0	0.9129410322586796	0.7272727272727273	0.7350096711798839	0.7577205124830518	1.0	Age-only
Cn1c(=O)c2[nH]cnc2n(C)c1=O	1	0	0.37445346	0	0.9105625301022542	0.7317073170731707	0.7391521041647199	0.7486253861927815	1.0	Age-only
FC(F)OC(Cl)C(F)(F)F	1	0	0.46966243	0	0.9717929573539231	0.85	0.8665217391304347	0.8776667972320147	1.0	Age-only
FCOC(C(F)(F)F)C(F)(F)F	1	0	0.46907377	0	0.9613762552762172	0.8421052631578947	0.8467265725288831	0.8531333877932079	1.0	Age-only
Fc1ccc(C2CCNCC2COc2ccc3c(c2)OCO3)cc1	1	0	0.49335092	0	0.9080238099729253	0.746031746031746	0.7503217503217504	0.7537899563216021	1.0	Age-only
N#Cc1ccc2[nH]cc(CCCCN3CCN(c4ccc5oc(C(N)=O)cc5c4)CC3)c2c1	1	1	0.5207648	0	0.8900074750603594	0.7073170731707317	0.7179240887914496	0.7215591342959033	1.0	Age-only
N=C(N=C(N)NCCCCCCN=C(N)N=C(N)Nc1ccc(Cl)cc1)Nc1ccc(Cl)cc1	0	1	0.5189357	0	0.9145574979188166	0.7733333333333333	0.8055141242937853	0.8108047502907186	1.0	Age-only
NC(=O)CS(=O)C(c1ccccc1)c1ccccc1	1	1	0.5752541	0	0.8785982866151163	0.6938775510204082	0.7019949950381845	0.709997219465658	1.0	Age-only
NC(O)=NO	0	0	0.4754133	0	0.9652555093068816	0.75	0.8025252525252526	0.8094837261503929	1.0	Age-only
NCC1CCC(C(=O)O)CC1	1	0	0.41030926	0	0.9150705253422782	0.75	0.7588235294117647	0.7684407096171801	1.0	Age-only
NCCCCC(NC(CCc1ccccc1)C(=O)O)C(=O)N1CCCC1C(=O)O	1	0	0.47722885	0	0.8725936451617512	0.6101694915254238	0.6426449047917975	0.6667415462968376	1.0	Age-only
Nc1cc(Cl)c(NC2=NCCN2)c(Cl)c1	1	0	0.471871	0	0.9214656648196863	0.717391304347826	0.7564806249357591	0.771155727626074	1.0	Age-only
O=C(CCCCCCC(O)=NO)Nc1ccccc1	0	1	0.5308052	0	0.8855588759782802	0.7435897435897436	0.7456410256410256	0.7521367521367521	1.0	Age-only
O=C(CCCc1ccccc1)OCC(COC(=O)CCCc1ccccc1)OC(=O)CCCc1ccccc1	0	1	0.5586443	0	0.8782593508200163	0.48717948717948717	0.5683640303358612	0.6342864881597275	1.0	Age-only
O=C(NCc1c(F)cc(F)cc1F)c1cn2c(c(O)c1=O)C(=O)N1C3CCC(C3)OC1C2	1	0	0.3369075	0	0.8942226240168427	0.7714285714285715	0.7731141678688258	0.7752645135956201	0.9863013698630136	Age-only
O=C(O)Cc1ccccc1	1	1	0.56422246	0	0.8736080144881142	0.6756756756756757	0.6867101795673223	0.6938179676274914	1.0	Age-only
O=C(O)Cc1ccccc1Nc1c(Cl)cccc1Cl	1	1	0.56624144	0	0.8781788312105328	0.6428571428571429	0.6625034539928156	0.6916659978183607	1.0	Age-only
O=C(O)c1ccc(-n2nc(-c3ccccc3O)nc2-c2ccccc2O)cc1	0	1	0.5827395	0	0.8759595500727305	0.7567567567567568	0.7567567567567568	0.7577857360466057	1.0	Age-only
O=C(O)c1ccccc1	1	1	0.54496014	0	0.8772161157529538	0.65625	0.6566071428571428	0.666753848003848	1.0	Age-only
O=C(O)c1cn(C2CC2)c2cc(N3CCNCC3)c(F)cc2c1=O	0	0	0.3181116	0	0.8938012268737081	0.7349397590361446	0.7425023169601482	0.7481999554568903	0.9841269841269841	Age-only
O=C1C(CCC(O)c2ccc(F)cc2)C(c2ccc(O)cc2)N1c1ccc(F)cc1	1	0	0.49103218	0	0.8934926025893466	0.75	0.750943396226415	0.7558151143056803	0.9818181818181818	Age-only
Oc1ccc2c3c1OC1C(O)CCC4(O)C(C2)N(CC2CCC2)CCC314	1	1	0.50431466	0	0.9040391526476994	0.5230769230769231	0.7253473219856922	0.7519210672577963	1.0	Age-only
c1ccc2c(c1)CCCC2C1=NCCN1	1	1	0.53445065	0	0.9098552887785959	0.7142857142857143	0.7357142857142858	0.7470308123249301	1.0	Age-only
Brc1c(NC2=NCCN2)ccc2nccnc12	0	0	0.47249413	0	0.9264967414812773	0.7894736842105263	0.7933404940923738	0.7999601355944191	1.0	Age-only
C=C(C)C1CCC(C)=CC1c1c(O)cc(CCCCC)cc1O	0	0	0.46295738	0	0.9051145605991673	0.7272727272727273	0.7401515151515151	0.7648989898989899	1.0	Age-only
C=C1C(=CC=C2CCCC3(C)C2CCC3C(C)CCCC(C)(C)O)CC(O)CC1O	1	0	0.37396663	0	0.9214214050993448	0.8064516129032258	0.8081575682382134	0.8100875379101186	1.0	Age-only
C=CC(N)CCC(=O)O	0	0	0.39247984	0	0.9242918847646082	0.625	0.655	0.6917264038231781	1.0	Age-only
C=CCN1CCC23c4c5ccc(O)c4OC2C(=O)CCC3(O)C1C5	0	0	0.33487102	0	0.8971554503731649	0.7066666666666667	0.7549529813501443	0.7694666031973882	1.0	Age-only
C=CC[N+]1(C2CC3C4CCC5CC(O)C(N6CCOCC6)CC5(C)C4CCC3(C)C2OC(C)=O)CCCC1	1	1	0.5943792	0	0.9089415454916493	0.7821782178217822	0.7885994424685188	0.7923305447669329	0.989247311827957	Age-only
CC(=O)C1(O)C=C2C(=O)c3c(c(O)c4ccccc4c3O)C(=O)C2C(OC2CC(N)C(O)C(C)O2)C1	1	0	0.4768442	0	0.8882871531231054	0.7662337662337663	0.7695441813088871	0.772244187414466	0.9857142857142858	Age-only
CC(=O)N(O)CCCCCNC(=O)CCC(=O)N(O)CCCCCNC(=O)CCC(=O)N(O)CCCCCN	1	1	0.6169083	0	0.9212304749471325	0.7017543859649122	0.7607017543859648	0.7810425442004388	1.0	Age-only
CC(=O)Oc1ccccc1C(=O)O	1	1	0.5537841	0	0.875041305605511	0.5833333333333334	0.6568614589544822	0.6824161626487208	1.0	Age-only
CC(C(=O)O)c1cccc(C(=O)c2ccccc2)c1	0	1	0.5599716	0	0.8724215542695924	0.575	0.6044594594594594	0.6330072167028687	1.0	Age-only
CC(C)(N)Cc1ccccc1	1	1	0.55560875	0	0.891924322654288	0.6666666666666666	0.6869565217391305	0.7049157853505679	1.0	Age-only
CC(C)Cc1ccc(C(C)C(=O)O)cc1	1	1	0.5633614	0	0.8750572776157586	0.5789473684210527	0.6140350877192982	0.6408722063556825	1.0	Age-only
CC(C)N=c1cc2n(-c3ccc(Cl)cc3)c3ccccc3nc-2cc1Nc1ccc(Cl)cc1	1	1	0.50449884	0	0.9030458649190429	0.782608695652174	0.7835190170908388	0.7853273708419555	1.0	Age-only
CC(C)c1nc(CN(C)C(=O)NC(CCN2CCOCC2)C(=O)NC(CCC(Cc2ccccc2)NC(=O)OCc2cncs2)Cc2ccccc2)cs1	1	0	0.47325838	0	0.8780611555232151	0.375	0.4314285714285714	0.557796451914099	1.0	Age-only
CC(C)n1nccc1-c1ncccc1COc1cccc(O)c1C=O	0	0	0.48590472	0	0.882542519255971	0.7746478873239436	0.7885358577897084	0.7915195558975319	1.0	Age-only
CC(C=CC(C)C(C)(C)O)C1CCC2C(=CC=C3CC(O)CC(O)C3)CCCC21C	1	0	0.34715238	0	0.9184590362752105	0.7887323943661971	0.798251578436134	0.8031431139736142	1.0	Age-only
CC(CCC(=O)O)C1CCC2C3C(O)CC4CC(O)CCC4(C)C3CCC12C	0	1	0.62889326	0	0.900501611429273	0.7647058823529411	0.7653885257806825	0.76638012092265	1.0	Age-only
CC(CCc1ccccc1)NCC(O)c1ccc(O)c(C(N)=O)c1	1	1	0.74314153	0	0.8697938608721412	0.5686274509803921	0.5775401069518716	0.5881554792880518	1.0	Age-only
CC(Cc1ccccc1)NC(=O)C(N)CCCCN	0	1	0.5451043	0	0.8685622077543139	0.6923076923076923	0.6951794871794872	0.703490493938255	1.0	Age-only
CC(N)Cc1ccccc1	1	1	0.5800474	0	0.8862411441407579	0.5757575757575758	0.6298067523873977	0.6637189508322889	1.0	Age-only
CC(OC(=O)NCC1(CC(=O)O)CCCCC1)OC(=O)C(C)C	1	0	0.48234302	0	0.9028523095350168	0.55	0.5866666666666667	0.6538770162941128	0.9863013698630136	Age-only
CC(OC1OCCN(Cc2n[nH]c(=O)[nH]2)C1c1ccc(F)cc1)c1cc(C(F)(F)F)cc(C(F)(F)F)c1	1	0	0.39207962	0	0.8852717337313896	0.7555555555555555	0.7578811369509044	0.7661352320292548	0.9855072463768116	Age-only
CC(OC1OCCN(Cc2nc(=O)n(P(=O)(O)O)[nH]2)C1c1ccc(F)cc1)c1cc(C(F)(F)F)cc(C(F)(F)F)c1	1	0	0.41093406	0	0.8803560426800691	0.7604166666666666	0.7751737102608034	0.7811199371246453	0.9866666666666667	Age-only
CC1(C)OC2COC3(COS(N)(=O)=O)OC(C)(C)OC3C2O1	0	0	0.4322937	0	0.9296521483285717	0.8297872340425532	0.8319457292630281	0.8364886937889464	1.0	Age-only
CC1(C)SC2C(NC(=O)Cc3ccccc3)C(=O)N2C1C(=O)O	0	0	0.4213476	0	0.8545878955055326	0.26	0.31169230769230766	0.360993080993081	1.0	Age-only
CC1C(=NC(=O)C(NOC(C)(C)C(=O)O)c2csc(N)n2)C(=O)N1S(=O)(=O)O	0	0	0.3277699	0	0.8918352263677292	0.7128712871287128	0.7432130309805174	0.7530321827442784	0.9850746268656716	Age-only
CC1COc2c(N3CCN(C)CC3)c(F)cc3c(=O)c(C(=O)O)cn1c23	0	0	0.31998774	0	0.8927621669387558	0.7684210526315789	0.7721637426900584	0.7757324067011327	0.9833333333333333	Age-only
CCC(=O)N(c1ccccc1)C1CCN(CCc2ccccc2)CC1	1	1	0.5438848	0	0.8587298654388302	0.578125	0.5951844262295082	0.6208785462899116	1.0	Age-only
CCC1CN(C(=O)NCC(F)(F)F)CC1c1cnc2cnc3[nH]ccc3n12	0	0	0.4631118	0	0.8815585958686117	0.75	0.7555555555555555	0.7659181786374769	0.9838709677419355	Age-only
CCCCC(CC)COC(=O)C(C#N)=C(c1ccccc1)c1ccccc1	1	1	0.57295847	0	0.8752079083856904	0.49019607843137253	0.538562091503268	0.6291089353322942	1.0	Age-only
CCCCCc1cc(O)c2c(c1)OC(C)(C)C1CCC(C)=CC21	1	0	0.46283522	0	0.9024531848944252	0.7741935483870968	0.7764976958525345	0.7814895275087166	1.0	Age-only
CCCCN1CC(O)C(O)C(O)C1CO	0	1	0.5445198	0	0.9037589304675934	0.7222222222222222	0.7316239316239316	0.7556094173009595	1.0	Age-only
CCCNC(C)C(=O)Nc1c(C)csc1C(=O)OC	0	1	0.54777145	0	0.8899232818630715	0.7407407407407407	0.7443167305236271	0.751768736443066	1.0	Age-only
CCCNCC(O)COc1ccccc1C(=O)CCc1ccccc1	1	1	0.7407874	0	0.8698237068645123	0.6229508196721312	0.6237337900660631	0.6257354340480179	1.0	Age-only
CCCc1nn(C)c2c(=O)[nH]c(-c3cc(S(=O)(=O)N4CCN(C)CC4)ccc3OCC)nc12	1	0	0.36206135	0	0.8867265665029294	0.7441860465116279	0.7652965394458662	0.7733483344254457	1.0	Age-only
CCN(Cc1ccncc1)C(=O)C(CO)c1ccccc1	1	1	0.5603647	0	0.8708621114964584	0.6666666666666666	0.6689265536723163	0.6752904613421423	1.0	Age-only
CCOC(=O)C(C)CC(Cc1ccc(-c2ccccc2)cc1)NC(=O)CCC(=O)O	1	1	0.5625721	0	0.8667120464842986	0.6901408450704225	0.7027340513670258	0.7092521135852475	1.0	Age-only
CCOC(=O)C(CCc1ccccc1)NC(C)C(=O)N1C(C(=O)O)CC2CCCC21	1	1	0.5535169	0	0.8550913794271778	0.22807017543859648	0.5185007974481659	0.6070973929178263	1.0	Age-only
CCOC(=O)C(CCc1ccccc1)NC(C)C(=O)N1C(C(=O)O)CC2CCCCC21	1	1	0.5600703	0	0.8548694019082473	0.19642857142857142	0.5021837898075521	0.5972401525866871	1.0	Age-only
CCOC(=O)C(CCc1ccccc1)NC(C)C(=O)N1CCCC1C(=O)O	1	1	0.5483053	0	0.8525768300639445	0.484375	0.5101136363636364	0.5893605169340463	1.0	Age-only
CCOC(=O)C(CCc1ccccc1)NC1CCc2ccccc2N(CC(=O)O)C1=O	1	0	0.45656538	0	0.8542851153539406	0.7123287671232876	0.7132375104033111	0.7141772001648341	1.0	Age-only
CN(CCOc1ccc(Cc2sc(=O)[nH]c2O)cc1)c1ccccn1	1	1	0.60316056	0	0.8828590329164638	0.640625	0.6788034028812717	0.7053195380829475	1.0	Age-only
CN1CCC23c4c5ccc(O)c4OC2C(=O)CCC3(O)C1C5	1	0	0.39922294	0	0.8801137979926043	0.7397260273972602	0.7494836670179136	0.7562970714320627	1.0	Age-only
CN1CCC23c4c5ccc(O)c4OC2C(=O)CCC3C1C5	0	0	0.38674894	0	0.8771456491352311	0.7323943661971831	0.7413506681112315	0.7500012510120215	1.0	Age-only
CN1CCC23c4c5ccc(O)c4OC2C(O)C=CC3C1C5	1	1	0.5044929	0	0.9005571598516513	0.7083333333333334	0.7457509157509158	0.7658099549403897	1.0	Age-only
CNC(C)Cc1ccccc1	1	1	0.6164713	0	0.8916043304558324	0.6	0.6077419354838709	0.6194099807003034	1.0	Age-only
COC(=O)C(c1ccccc1)C1CCCCN1	1	1	0.6391673	0	0.8528177855134988	0.6785714285714286	0.6785714285714286	0.6857142857142858	1.0	Age-only
COC(=O)C(c1ccccc1)C1CCCCN1C(=O)OC[n+]1cccc(C(=O)NC(CO)C(=O)[O-])c1	1	1	0.59106106	0	0.8690977791180027	0.6962025316455697	0.7008644643408459	0.7106364071476761	1.0	Age-only
COC12CCC3(CC1C(C)(O)C(C)(C)C)C1Cc4ccc(O)c5c4C3(CCN1CC1CC1)C2O5	0	0	0.4656295	0	0.8994816850139913	0.6987951807228916	0.7558826316501963	0.7711710590974838	1.0	Age-only
COCC(NC(C)=O)C(=O)NCc1ccccc1	1	1	0.60681516	0	0.8629899802684126	0.6585365853658537	0.6822052845528456	0.6985862691960253	1.0	Age-only
COCCCCC(=NOCCN)c1ccc(C(F)(F)F)cc1	1	0	0.4757196	0	0.9013887107704115	0.7377049180327869	0.7401639344262295	0.7460506706408346	1.0	Age-only
COc1c(C)c2c(c(O)c1CC=C(C)CCC(=O)O)C(=O)OC2	0	0	0.3842361	0	0.8961585134373812	0.7706422018348624	0.7744458641643078	0.7765892692433065	0.9861111111111112	Age-only
COc1c(C)c2c(c(O)c1CC=C(C)CCC(=O)OCCN1CCOCC1)C(=O)OC2	0	0	0.3487435	0	0.8955716128400739	0.776595744680851	0.7828807221147646	0.7873318764079351	0.9873417721518988	Age-only
COc1c(N2CC3CCCNC3C2)c(F)cc2c(=O)c(C(=O)O)cn(C3CC3)c12	1	0	0.3841342	0	0.8849708961276813	0.7604166666666666	0.7669296116504855	0.7753801057805912	0.9852941176470589	Age-only
COc1ccc(C2Sc3ccccc3N(CCN(C)C)C(=O)C2OC(C)=O)cc1	1	1	0.61915004	0	0.8752372073811876	0.6764705882352942	0.7160691321062839	0.7260213127086192	0.9841269841269841	Age-only
COc1ccc(CCN(C)CCCC(C#N)(c2ccc(OC)c(OC)c2)C(C)C)cc1OC	1	1	0.7036404	0	0.9064887369086607	0.7532467532467533	0.7566514566514566	0.7658740992074325	1.0	Age-only
COc1ccc2c(c1)C13CCCCC1C(C2)N(C)CC3	1	1	0.5630641	0	0.8999251484468365	0.6721311475409836	0.6877049180327869	0.7168346225723273	1.0	Age-only
COc1ccc2c3c1OC1C(=O)CCC4(O)C(C2)N(C)CCC314	1	0	0.46229792	0	0.8775986285216968	0.625	0.6773972602739725	0.7003312998197688	1.0	Age-only
COc1ccc2c3c1OC1C(=O)CCC4C(C2)N(C)CCC314	1	0	0.45193717	0	0.8823206928269232	0.6338028169014085	0.6962469807574421	0.7200779101027478	1.0	Age-only
COc1ccc2c3c1OC1C(O)C=CC4C(C2)N(C)CCC341	1	1	0.55168927	0	0.8963625462360427	0.5882352941176471	0.6914335946084537	0.7293995499377058	1.0	Age-only
COc1cccc(N2CCN(C3=Nc4c(F)cccc4C(CC(=O)O)N3c3cc(C(F)(F)F)ccc3OC)CC2)c1	1	1	0.5245312	0	0.8749866383588083	0.7303370786516854	0.7435822619180057	0.7479947459700491	0.9855072463768116	Age-only
COc1cccc2c(O)c3c(c(O)c12)C(=O)C1=C(CC(O)(C(=O)CO)CC1OC1CC(N)C(O)C(C)O1)C3=O	1	1	0.58407456	0	0.8826347276264691	0.7739130434782608	0.7741304347826087	0.774825550187869	1.0	Age-only
COc1cccc2c(O)c3c(c(O)c12)C(=O)C1=C(CC(O)(C(C)=O)CC1OC1CC(N)C(O)C(C)O1)C3=O	1	0	0.48882574	0	0.8904926273900076	0.7684210526315789	0.7764593301435406	0.7813488789895324	0.9873417721518988	Age-only
Cc1ccc(-n2[nH]c(C)c(N=Nc3cccc(-c4cccc(C(=O)O)c4)c3O)c2=O)cc1C	0	0	0.43058535	0	0.8878645254593467	0.7303370786516854	0.7458945548833189	0.7641082852653496	0.9855072463768116	Age-only
Cc1cn2nc(-c3cc(=O)n4cc(N5CCNC6(CC6)C5)ccc4n3)cc(C)c2n1	0	0	0.3759312	0	0.8960464959974788	0.7446808510638298	0.7519631498135555	0.7622124054812782	1.0	Age-only
Clc1cccc(Cl)c1NC1=NCCN1	1	1	0.56050515	0	0.9129410322586796	0.7272727272727273	0.7350096711798839	0.7577205124830518	1.0	Age-only
Cn1c(=O)c2[nH]cnc2n(C)c1=O	1	0	0.37445346	0	0.9105625301022542	0.7317073170731707	0.7391521041647199	0.7486253861927815	1.0	Age-only
Cn1c(=O)c2c(ncn2C)n(C)c1=O	1	0	0.45706964	0	0.9105478582125202	0.7209302325581395	0.7322997416020671	0.7538117472837995	1.0	Age-only
FC(F)OC(Cl)C(F)(F)F	1	0	0.46966243	0	0.9717929573539231	0.85	0.8665217391304347	0.8776667972320147	1.0	Age-only
FCOC(C(F)(F)F)C(F)(F)F	1	0	0.46907377	0	0.9613762552762172	0.8421052631578947	0.8467265725288831	0.8531333877932079	1.0	Age-only
Fc1ccc(C2CCNCC2COc2ccc3c(c2)OCO3)cc1	1	0	0.49335092	0	0.9080238099729253	0.746031746031746	0.7503217503217504	0.7537899563216021	1.0	Age-only
NC(=O)CS(=O)C(c1ccccc1)c1ccccc1	1	1	0.5752541	0	0.8785982866151163	0.6938775510204082	0.7019949950381845	0.709997219465658	1.0	Age-only
NCC1CCC(C(=O)O)CC1	1	0	0.41030926	0	0.9150705253422782	0.75	0.7588235294117647	0.7684407096171801	1.0	Age-only
NCCCCC(NC(CCc1ccccc1)C(=O)O)C(=O)N1CCCC1C(=O)O	1	0	0.47722885	0	0.8725936451617512	0.6101694915254238	0.6426449047917975	0.6667415462968376	1.0	Age-only
NS(=O)(=O)Cc1noc2ccccc12	0	1	0.5426896	0	0.9018226074231361	0.7142857142857143	0.7590080862533692	0.7661284387969024	1.0	Age-only
O=C(NCc1c(F)cc(F)cc1F)c1cn2c(c(O)c1=O)C(=O)N1C3CCC(C3)OC1C2	0	0	0.3369075	0	0.8942226240168427	0.7714285714285715	0.7731141678688258	0.7752645135956201	0.9863013698630136	Age-only
O=C(O)Cc1ccccc1Nc1c(Cl)cccc1Cl	0	1	0.56624144	0	0.8781788312105328	0.6428571428571429	0.6625034539928156	0.6916659978183607	1.0	Age-only
O=C(O)c1ccc(-n2nc(-c3ccccc3O)nc2-c2ccccc2O)cc1	0	1	0.5827395	0	0.8759595500727305	0.7567567567567568	0.7567567567567568	0.7577857360466057	1.0	Age-only
O=C(O)c1cn(C2CC2)c2cc(N3CCNCC3)c(F)cc2c1=O	1	0	0.3181116	0	0.8938012268737081	0.7349397590361446	0.7425023169601482	0.7481999554568903	0.9841269841269841	Age-only
O=C1C(CCC(O)c2ccc(F)cc2)C(c2ccc(O)cc2)N1c1ccc(F)cc1	1	0	0.49103218	0	0.8934926025893466	0.75	0.750943396226415	0.7558151143056803	0.9818181818181818	Age-only
O=[N+]([O-])OCC(CO[N+](=O)[O-])O[N+](=O)[O-]	1	0	0.46557397	0	0.9408694638488151	0.8043478260869565	0.8098814229249012	0.8155018894149327	1.0	Age-only
O=c1[nH]cnc2[nH]ncc12	0	0	0.39021873	0	0.9196523924382162	0.7058823529411765	0.7147058823529412	0.7303921568627452	1.0	Age-only
OC(CNCC(O)C1CCc2cc(F)ccc2O1)C1CCc2cc(F)ccc2O1	1	1	0.64540225	0	0.8911188127266793	0.7692307692307693	0.77407320175232	0.7780562023564798	1.0	Age-only
Brc1c(NC2=NCCN2)ccc2nccnc12	0	1	0.5459055	0	0.9264967414812773	0.7894736842105263	0.7933404940923738	0.7999601355944191	1.0	Age-only
C=C(C)C1CCC(C)=CC1c1c(O)cc(CCCCC)cc1O	0	1	0.52695733	0	0.9051145605991673	0.7272727272727273	0.7401515151515151	0.7648989898989899	1.0	Age-only
C=C(c1ccc(C(=O)O)cc1)c1cc2c(cc1C)C(C)(C)CCC2(C)C	0	1	0.59466726	0	0.8812577372390624	0.7313432835820896	0.7384168048645661	0.7413899665406835	1.0	Age-only
C=C1C(=CC=C2CCCC3(C)C2CCC3C(C)C=CC(C)C(C)C)CC(O)CC1O	1	0	0.48678678	0	0.918578958065037	0.8	0.8108424908424908	0.8166247695659459	1.0	Age-only
C=C1C(=CC=C2CCCC3(C)C2CCC3C(C)C=CC(O)C2CC2)CC(O)CC1O	0	0	0.49812576	0	0.9228924441923279	0.7894736842105263	0.7995539205746893	0.8042528813319301	1.0	Age-only
C=C1C(=CC=C2CCCC3(C)C2CCC3C(C)CCCC(C)(C)O)CC(O)CC1O	0	0	0.42246583	0	0.9214214050993448	0.8064516129032258	0.8081575682382134	0.8100875379101186	1.0	Age-only
C=C1CCC(O)CC1=CC=C1CCCC2(C)C1CCC2C(C)CCCC(C)C	0	0	0.49689668	0	0.9240917634789236	0.7972972972972973	0.8067179619811199	0.8135018969462674	1.0	Age-only
C=CC(=O)Nc1cc(Nc2ncc(C(=O)OC(C)C)c(-c3cn(C)c4ccccc34)n2)c(OC)cc1N(C)CCN(C)C	0	1	0.7237749	0	0.8782647365261035	0.26744186046511625	0.5552223582211342	0.6422650328199083	1.0	Age-only
C=CC(N)CCC(=O)O	0	0	0.466343	0	0.9242918847646082	0.625	0.655	0.6917264038231781	1.0	Age-only
C=CC1=C(C(=O)O)N2C(=O)C(=NC(=O)C(NOCC(=O)O)c3csc(N)n3)C2SC1	0	0	0.34926963	0	0.8916234472721398	0.5747126436781609	0.6248275862068965	0.6602577499129223	1.0	Age-only
C=CCN1CCC23c4c5ccc(O)c4OC2C(=O)CCC3(O)C1C5	1	0	0.40759033	0	0.8971554503731649	0.7066666666666667	0.7549529813501443	0.7694666031973882	1.0	Age-only
C=CCN1CCC23c4c5ccc(O)c4OC2C(OCCOCCOCCOCCOCCOCCOCCOC)CCC3(O)C1C5	0	1	0.5225285	0	0.8939869806032925	0.7325581395348837	0.7662516154630562	0.7786976871604351	1.0	Age-only
C=CC[N+]1(C2CC3C4CCC5CC(O)C(N6CCOCC6)CC5(C)C4CCC3(C)C2OC(C)=O)CCCC1	1	1	0.6423757	0	0.9089415454916493	0.7821782178217822	0.7885994424685188	0.7923305447669329	0.989247311827957	Age-only
C=c1c(N)c(O)c2c(c1O)N1CC3NC3C1(OC)C=2COC(N)=O	0	0	0.43074328	0	0.8966811905015879	0.7752808988764045	0.7830131690225928	0.7901386935243931	1.0	Age-only
CC(=Cc1csc(C)n1)C1CC2OC2(C)CCCC(C)C(O)C(C)C(=O)C(C)(C)C(O)CC(=O)N1	1	0	0.46747488	0	0.906287294037434	0.7976190476190477	0.8023809523809524	0.8045584411262757	1.0	Age-only
CC(=O)C1(O)C=C2C(=O)c3c(c(O)c4ccccc4c3O)C(=O)C2C(OC2CC(N)C(O)C(C)O2)C1	1	1	0.56157887	0	0.8882871531231054	0.7662337662337663	0.7695441813088871	0.772244187414466	0.9857142857142858	Age-only
CC(=O)CCCCn1c(=O)c2c(ncn2C)n(C)c1=O	1	1	0.5368535	0	0.8903797889911906	0.7115384615384616	0.7254807692307692	0.7508893883893886	1.0	Age-only
CC(=O)N(O)CCCCCNC(=O)CCC(=O)N(O)CCCCCNC(=O)CCC(=O)N(O)CCCCCN	1	1	0.66901237	0	0.9212304749471325	0.7017543859649122	0.7607017543859648	0.7810425442004388	1.0	Age-only
CC(=O)NCCCS(=O)(=O)O	0	1	0.5801119	0	0.9209628540719706	0.7551020408163265	0.7698775510204081	0.7757811146138672	1.0	Age-only
CC(=O)OC1CC2CCC3C(CCC4(C)C3CC([N+]3(C)CCCCC3)C4OC(C)=O)C2(C)CC1N1CCCCC1	1	1	0.6732627	0	0.9239910002697953	0.7849462365591398	0.7935925470729385	0.7983247181223894	1.0	Age-only
CC(=O)OC1CC2CCC3C(CCC4(C)C3CC([N+]3(C)CCCCC3)C4OC(C)=O)C2(C)CC1[N+]1(C)CCCCC1	1	1	0.6709797	0	0.9268524746720594	0.7647058823529411	0.7708823529411764	0.775183762632463	1.0	Age-only
CC(=O)Oc1cc2c(s1)CCN(C(C(=O)C1CC1)c1ccccc1F)C2	1	0	0.4551062	0	0.8765192370455134	0.5857142857142857	0.6207453416149068	0.6843545133557309	0.9836065573770492	Age-only
CC(=O)Oc1ccc2c3c1OC1C(OC(C)=O)C=CC4C(C2)N(C)CCC341	1	1	0.51098466	0	0.8894175542405351	0.7051282051282052	0.7334798534798536	0.7453334190176296	0.9841269841269841	Age-only
CC(=O)Oc1ccccc1C(=O)O	1	1	0.64057493	0	0.875041305605511	0.5833333333333334	0.6568614589544822	0.6824161626487208	1.0	Age-only
CC(C(=O)O)c1ccc(-c2ccccc2)c(F)c1	1	1	0.5811392	0	0.8704362923981067	0.5714285714285714	0.6357142857142857	0.6807177797743835	1.0	Age-only
CC(C(=O)O)c1cccc(C(=O)c2ccccc2)c1	0	1	0.6430497	0	0.8724215542695924	0.575	0.6044594594594594	0.6330072167028687	1.0	Age-only
CC(C)(C)NC(=O)C1CCC2C3CCC4NC(=O)C=CC4(C)C3CCC12C	1	1	0.6630738	0	0.8994830338730058	0.6714285714285714	0.6921008403361345	0.7088311228105701	1.0	Age-only
CC(C)(N)Cc1ccccc1	1	1	0.63506335	0	0.891924322654288	0.6666666666666666	0.6869565217391305	0.7049157853505679	1.0	Age-only
CC(C)(NC(=O)C1CC2(O)C3Cc4ccc(O)c5c4C2(CCN3CC2CC2)C(O5)C1=O)c1nc(-c2ccccc2)no1	1	1	0.5222384	0	0.8796130257384854	0.6847826086956522	0.7410849621061029	0.7543962618952647	0.9879518072289156	Age-only
CC(C)Cc1ccc(C(C)C(=O)O)cc1	1	1	0.6479665	0	0.8750572776157586	0.5789473684210527	0.6140350877192982	0.6408722063556825	1.0	Age-only
CC(C)N=C(N)N=C(N)Nc1ccc(Cl)cc1	0	1	0.577964	0	0.9031846447512109	0.75	0.750943396226415	0.7537304229868047	1.0	Age-only
CC(C)N=c1cc2n(-c3ccc(Cl)cc3)c3ccccc3nc-2cc1Nc1ccc(Cl)cc1	1	1	0.5656236	0	0.9030458649190429	0.782608695652174	0.7835190170908388	0.7853273708419555	1.0	Age-only
CC(C)OC(=O)CCCC=CCC1C(O)CC(O)C1CCC(O)CCc1ccccc1	0	1	0.55504096	0	0.8756771825522198	0.3088235294117647	0.4304696853716462	0.533496803763975	1.0	Age-only
CC(C)c1nc(CN(C)C(=O)NC(CCN2CCOCC2)C(=O)NC(CCC(Cc2ccccc2)NC(=O)OCc2cncs2)Cc2ccccc2)cs1	1	1	0.5422588	0	0.8780611555232151	0.375	0.4314285714285714	0.557796451914099	1.0	Age-only
CC(C)n1nccc1-c1ncccc1COc1cccc(O)c1C=O	0	1	0.5489263	0	0.882542519255971	0.7746478873239436	0.7885358577897084	0.7915195558975319	1.0	Age-only
CC(C=CC(C)C(C)(C)O)C1CCC2C(=CC=C3CC(O)CC(O)C3)CCCC21C	1	0	0.40476954	0	0.9184590362752105	0.7887323943661971	0.798251578436134	0.8031431139736142	1.0	Age-only
CC(CCC(=O)O)C1CCC2C3C(O)CC4CC(O)CCC4(C)C3CCC12C	0	1	0.6747547	0	0.900501611429273	0.7647058823529411	0.7653885257806825	0.76638012092265	1.0	Age-only
CC(CCC(=O)O)C1CCC2C3CCC4CC(O)CCC4(C)C3CC(O)C12C	0	1	0.67102325	0	0.9134239671006326	0.7605633802816901	0.7606246172688303	0.7608485048778987	1.0	Age-only
CC(CCc1ccccc1)NCC(O)c1ccc(O)c(C(N)=O)c1	1	1	0.7877618	0	0.8697938608721412	0.5686274509803921	0.5775401069518716	0.5881554792880518	1.0	Age-only
CC(Cc1ccccc1)NC(=O)C(N)CCCCN	0	1	0.6063018	0	0.8685622077543139	0.6923076923076923	0.6951794871794872	0.703490493938255	1.0	Age-only
CC(N)Cc1ccccc1	1	1	0.658266	0	0.8862411441407579	0.5757575757575758	0.6298067523873977	0.6637189508322889	1.0	Age-only
CC(OC(=O)NCC1(CC(=O)O)CCCCC1)OC(=O)C(C)C	1	1	0.5656842	0	0.9028523095350168	0.55	0.5866666666666667	0.6538770162941128	0.9863013698630136	Age-only
CC(OC1OCCN(Cc2n[nH]c(=O)[nH]2)C1c1ccc(F)cc1)c1cc(C(F)(F)F)cc(C(F)(F)F)c1	0	0	0.46426025	0	0.8852717337313896	0.7555555555555555	0.7578811369509044	0.7661352320292548	0.9855072463768116	Age-only
CC(OC1OCCN(Cc2nc(=O)n(P(=O)(O)O)[nH]2)C1c1ccc(F)cc1)c1cc(C(F)(F)F)cc(C(F)(F)F)c1	0	0	0.48367238	0	0.8803560426800691	0.7604166666666666	0.7751737102608034	0.7811199371246453	0.9866666666666667	Age-only
CC(OCC1(c2ccccc2)CCC2(CCC(=O)N2)CN1)c1cc(C(F)(F)F)cc(C(F)(F)F)c1	0	0	0.46658596	0	0.8880429092705326	0.7590361445783133	0.763888430434065	0.7667651125860587	0.9859154929577465	Age-only
CC(Oc1c(Cl)cccc1Cl)C1=NCCN1	1	1	0.6702986	0	0.8971391302271907	0.7636363636363637	0.7638502673796792	0.7710279263220441	1.0	Age-only
CC1(C)OC2COC3(COS(N)(=O)=O)OC(C)(C)OC3C2O1	1	1	0.5133722	0	0.9296521483285717	0.8297872340425532	0.8319457292630281	0.8364886937889464	1.0	Age-only
CC1(C)SC2C(NC(=O)Cc3ccccc3)C(=O)N2C1C(=O)O	0	0	0.49909782	0	0.8545878955055326	0.26	0.31169230769230766	0.360993080993081	1.0	Age-only
CC12C=CC(=O)NC1CCC1C2CCC2(C)C(C(=O)Nc3cc(C(F)(F)F)ccc3C(F)(F)F)CCC12	0	1	0.64311	0	0.8933334442394557	0.7195121951219512	0.7283112071627045	0.738327522874651	1.0	Age-only
CC1C(=NC(=O)C(NOC(C)(C)C(=O)O)c2csc(N)n2)C(=O)N1S(=O)(=O)O	0	0	0.40105107	0	0.8918352263677292	0.7128712871287128	0.7432130309805174	0.7530321827442784	0.9850746268656716	Age-only
CC1CCC(C(C)C)C(O)C1	0	1	0.57148314	0	0.9220690649598265	0.8260869565217391	0.8318840579710145	0.8328648806909675	1.0	Age-only
CC1CCC2C(C)C(OC(=O)CCC(=O)O)OC3OC4(C)CCC1C32OO4	1	1	0.5066534	0	0.9131569901122745	0.7325581395348837	0.7594254445964432	0.7702172858807607	1.0	Age-only
CC1CCOC2Cn3cc(C(=O)NCc4ccc(F)cc4F)c(=O)c(O)c3C(=O)N12	1	0	0.48486203	0	0.8788041704294457	0.7419354838709677	0.7507792678506705	0.7576287618432986	0.9848484848484849	Age-only
CC1COC2Cn3cc(C(=O)NCc4ccc(F)cc4F)c(=O)c(O)c3C(=O)N12	0	1	0.50556517	0	0.8775371755036973	0.7362637362637363	0.744788544788545	0.7572057572057571	0.984375	Age-only
CC1COc2c(N3CCN(C)CC3)c(F)cc3c(=O)c(C(=O)O)cn1c23	1	0	0.38729972	0	0.8927621669387558	0.7684210526315789	0.7721637426900584	0.7757324067011327	0.9833333333333333	Age-only
CCC(=O)N(c1ccccc1)C1CCN(CCc2ccccc2)CC1	1	1	0.62145066	0	0.8587298654388302	0.578125	0.5951844262295082	0.6208785462899116	1.0	Age-only
CCC(=O)OC(OP(=O)(CCCCc1ccccc1)CC(=O)N1CC(C2CCCCC2)CC1C(=O)O)C(C)C	1	1	0.58043456	0	0.8763036986426771	0.6941176470588235	0.7309129669566942	0.7465327975648423	1.0	Age-only
CCC1=C(C)c2cc3[nH]c(cc4[nH]c(cc5nc(cc1n2)C(C)=C5C(C)O)c(C)c4CCC(=O)O)c(CCC(=O)O)c3C	1	1	0.60843766	0	0.8914509546582836	0.7843137254901961	0.7862254901960785	0.7892146167217039	1.0	Age-only
CCC1C(O)C2C3CCC(C(C)CCC(=O)O)C3(C)CCC2C2(C)CCC(O)CC12	0	1	0.7005004	0	0.9104180263264353	0.7625	0.7763412473423104	0.7801116672019649	1.0	Age-only
CCC1CN(C(=O)NCC(F)(F)F)CC1c1cnc2cnc3[nH]ccc3n12	1	1	0.5232663	0	0.8815585958686117	0.75	0.7555555555555555	0.7659181786374769	0.9838709677419355	Age-only
CCCCC(CC)COC(=O)C(C#N)=C(c1ccccc1)c1ccccc1	0	1	0.6516507	0	0.8752079083856904	0.49019607843137253	0.538562091503268	0.6291089353322942	1.0	Age-only
CCCCCCC(C)(C)c1cc(O)c2c(c1)OC(C)(C)C1CCC(=O)CC21	0	0	0.44207397	0	0.890384627826468	0.7411764705882353	0.7489069116018501	0.759974739249705	0.9838709677419355	Age-only
CCCCCc1cc(O)c2c(c1)OC(C)(C)C1CCC(C)=CC21	0	1	0.5240493	0	0.9024531848944252	0.7741935483870968	0.7764976958525345	0.7814895275087166	1.0	Age-only
CCCCN1CC(O)C(O)C(O)C1CO	0	1	0.6019833	0	0.9037589304675934	0.7222222222222222	0.7316239316239316	0.7556094173009595	1.0	Age-only
CCCNC(C)C(=O)Nc1c(C)csc1C(=O)OC	1	1	0.62533325	0	0.8899232818630715	0.7407407407407407	0.7443167305236271	0.751768736443066	1.0	Age-only
CCCNC(C)C(=O)Nc1ccccc1C	1	1	0.70035934	0	0.8703386661446102	0.6808510638297872	0.6808510638297872	0.6968055992267291	1.0	Age-only
CCCNCC(O)COc1ccccc1C(=O)CCc1ccccc1	1	1	0.7904512	0	0.8698237068645123	0.6229508196721312	0.6237337900660631	0.6257354340480179	1.0	Age-only
CCCSc1nc(NC2CC2c2ccc(F)c(F)c2)c2nnn(C3CC(OCCO)C(O)C3O)c2n1	1	0	0.44138846	0	0.8965632155447604	0.782608695652174	0.7872122762148337	0.7928928829302206	1.0	Age-only
CCCc1nc(C)c2c(=O)[nH]c(-c3cc(S(=O)(=O)N4CCN(CC)CC4)ccc3OCC)nn12	1	0	0.44138968	0	0.8894629386131202	0.7802197802197802	0.786062956651192	0.7904771953582967	1.0	Age-only
CCCc1nn(C)c2c(=O)[nH]c(-c3cc(S(=O)(=O)N4CCN(C)CC4)ccc3OCC)nc12	1	0	0.4418425	0	0.8867265665029294	0.7441860465116279	0.7652965394458662	0.7733483344254457	1.0	Age-only
CCN(CC)CCOC(=O)C1(C2CCCCC2)CCCCC1	0	1	0.67841387	0	0.9016972844113963	0.6382978723404256	0.6645015388732771	0.6777654051941487	1.0	Age-only
CCN(Cc1ccncc1)C(=O)C(CO)c1ccccc1	0	1	0.6395029	0	0.8708621114964584	0.6666666666666666	0.6689265536723163	0.6752904613421423	1.0	Age-only
CCNC(=O)CCCC=CCC1C(O)CC(O)C1C=CC(O)CCc1ccccc1	0	1	0.5526882	0	0.8714597026963237	0.5443037974683544	0.5474901243657033	0.5559000082330764	1.0	Age-only
CCOC(=O)C(C)CC(Cc1ccc(-c2ccccc2)cc1)NC(=O)CCC(=O)O	1	1	0.63979775	0	0.8667120464842986	0.6901408450704225	0.7027340513670258	0.7092521135852475	1.0	Age-only
CCOC(=O)C(CCc1ccccc1)NC(C)C(=O)N1C(C(=O)O)CC2CCCC21	1	1	0.6215653	0	0.8550913794271778	0.22807017543859648	0.5185007974481659	0.6070973929178263	1.0	Age-only
CCOC(=O)C(CCc1ccccc1)NC(C)C(=O)N1C(C(=O)O)CC2CCCCC21	1	1	0.6276655	0	0.8548694019082473	0.19642857142857142	0.5021837898075521	0.5972401525866871	1.0	Age-only
CCOC(=O)C(CCc1ccccc1)NC(C)C(=O)N1CCCC1C(=O)O	1	1	0.6203877	0	0.8525768300639445	0.484375	0.5101136363636364	0.5893605169340463	1.0	Age-only
CCOC(=O)C(CCc1ccccc1)NC(C)C(=O)N1Cc2ccccc2CC1C(=O)O	1	1	0.6203877	0	0.8607447226860717	0.5441176470588235	0.6358288770053477	0.6701392851297976	1.0	Age-only
CCOC(=O)C(CCc1ccccc1)NC1CCc2ccccc2N(CC(=O)O)C1=O	1	1	0.54064304	0	0.8542851153539406	0.7123287671232876	0.7132375104033111	0.7141772001648341	1.0	Age-only
CCON=C(C(=O)NC1C(=O)N2C(C(=O)[O-])=C(Sc3nc(-c4cc[n+](C)cc4)cs3)CSC12)c1nsc(NP(=O)(O)O)n1	0	0	0.49068785	0	0.8926231076706566	0.6017699115044248	0.6157079646017699	0.6343522726266089	1.0	Age-only
CCOc1cc(CC(=O)NC(CC(C)C)c2ccccc2N2CCCCC2)ccc1C(=O)O	1	1	0.62149704	0	0.8566798056220105	0.7078651685393258	0.7201831044527675	0.723891652189613	0.9838709677419355	Age-only
CCc1ccc(CCOc2ccc(Cc3sc(=O)[nH]c3O)cc2)nc1	1	1	0.55704546	0	0.8913715802032595	0.7575757575757576	0.7596837944664031	0.7643206890448941	1.0	Age-only
CCc1cccc2c3c([nH]c12)C(CC)(CC(=O)O)OCC3	0	1	0.6036983	0	0.8778724721086525	0.75	0.7507246376811594	0.7547676454170575	0.9818181818181818	Age-only
CN(CCCl)CCCl	0	1	0.7184863	0	0.9517691698639822	0.7666666666666667	0.7754166666666666	0.7803960659223818	1.0	Age-only
CN(CCOc1ccc(Cc2sc(=O)[nH]c2O)cc1)c1ccccn1	1	1	0.6679249	0	0.8828590329164638	0.640625	0.6788034028812717	0.7053195380829475	1.0	Age-only
CN(CCOc1ccc(NS(C)(=O)=O)cc1)CCc1ccc(NS(C)(=O)=O)cc1	1	1	0.7505178	0	0.8955411093681596	0.6231884057971014	0.6518394648829432	0.6623648193287104	1.0	Age-only
CN1CCC(COc2cnc(-c3cccc(Cn4nc(-c5cccc(C#N)c5)ccc4=O)c3)nc2)CC1	0	1	0.51343805	0	0.8801085200501021	0.7126436781609196	0.7296683743022372	0.7374544003231827	1.0	Age-only
CN1CCC23CCCCC2C1Cc1ccc(O)cc13	0	1	0.5761629	0	0.8950653910062184	0.6166666666666667	0.6720906046183678	0.6938331509722307	1.0	Age-only
CN1CCC23c4c5ccc(O)c4OC2C(=O)CCC3(O)C1C5	1	0	0.4854055	0	0.8801137979926043	0.7397260273972602	0.7494836670179136	0.7562970714320627	1.0	Age-only
CN1CCC23c4c5ccc(O)c4OC2C(=O)CCC3C1C5	0	0	0.4692572	0	0.8771456491352311	0.7323943661971831	0.7413506681112315	0.7500012510120215	1.0	Age-only
CN1CCC23c4c5ccc(O)c4OC2C(O)C=CC3C1C5	1	1	0.5794561	0	0.9005571598516513	0.7083333333333334	0.7457509157509158	0.7658099549403897	1.0	Age-only
CN1CCc2cccc3c2C1Cc1ccc(O)c(O)c1-3	0	1	0.6024405	0	0.8952017719136507	0.7407407407407407	0.7425925925925926	0.7464088826772265	1.0	Age-only
CN1CCc2nc(C(=O)NC3CC(C(=O)N(C)C)CCC3NC(=O)C(=O)Nc3ccc(Cl)cn3)sc2C1	1	0	0.49925125	0	0.8852925983353744	0.7395833333333334	0.7449328916072036	0.7517032037502156	0.987012987012987	Age-only
CN1c2ccccc2C(NCCCCCCC(=O)O)c2ccc(Cl)cc2S1(=O)=O	1	0	0.49451733	0	0.8645228126119906	0.7164179104477612	0.718920105355575	0.72020615874874	0.9827586206896551	Age-only
CNC(=O)c1ccccc1Sc1ccc2c(C=Cc3ccccn3)[nH]nc2c1	1	1	0.57996225	0	0.8878910611426064	0.7241379310344828	0.7505899166818707	0.7648779960401927	1.0	Age-only
CNC(C)Cc1ccccc1	1	1	0.68670404	0	0.8916043304558324	0.6	0.6077419354838709	0.6194099807003034	1.0	Age-only
CNNCc1ccc(C(=O)NC(C)C)cc1	0	1	0.67702645	0	0.8684755640609426	0.6862745098039216	0.6874811463046757	0.6900841533194475	1.0	Age-only
COC(=O)C(c1ccccc1)C1CCCCN1	1	1	0.7093525	0	0.8528177855134988	0.6785714285714286	0.6785714285714286	0.6857142857142858	1.0	Age-only
COC(=O)C(c1ccccc1)C1CCCCN1C(=O)OC[n+]1cccc(C(=O)NC(CO)C(=O)[O-])c1	1	1	0.6605029	0	0.8690977791180027	0.6962025316455697	0.7008644643408459	0.7106364071476761	1.0	Age-only
COC(=O)CC(O)(CCCC(C)(C)O)C(=O)OC1C(OC)=CC23CCCN2CCc2cc4c(cc2C13)OCO4	0	0	0.4530428	0	0.8897376917632631	0.7818181818181819	0.7829013539651838	0.7853653450451429	0.9866666666666667	Age-only
COC(=O)NC(C(=O)N1CCCC1c1nc(-c2ccc(-c3ccc(-c4c[nH]c(C5CCCN5C(=O)C(NC(=O)OC)C(C)C)n4)cc3)cc2)c[nH]1)C(C)C	1	1	0.52776015	0	0.8734585188700958	0.691358024691358	0.721966052073579	0.7323135823733194	1.0	Age-only
COC12CCC3(CC1C(C)(O)C(C)(C)C)C1Cc4ccc(O)c5c4C3(CCN1CC1CC1)C2O5	1	1	0.5338537	0	0.8994816850139913	0.6987951807228916	0.7558826316501963	0.7711710590974838	1.0	Age-only
COC1C(N(C)C(=O)c2ccccc2)CC2OC1(C)n1c3ccccc3c3c4c(c5c6ccccc6n2c5c31)C(=O)NC4	1	1	0.6086263	0	0.8851742511574243	0.7888888888888889	0.792482269503546	0.7953506698187549	1.0	Age-only
COC1C=COC2(C)Oc3c(C)c(O)c4c(O)c(c5c(nc6cc(C)ccn65)c4c3C2=O)NC(=O)C(C)=CC=CC(C)C(O)C(C)C(O)C(C)C(OC(C)=O)C1C	0	0	0.45313698	0	0.899718212351631	0.8031496062992126	0.8039236620846124	0.8054261578884561	1.0	Age-only
COCC(NC(C)=O)C(=O)NCc1ccccc1	1	1	0.67786133	0	0.8629899802684126	0.6585365853658537	0.6822052845528456	0.6985862691960253	1.0	Age-only
COCC1=C(C(=O)O)N2C(=O)C(=NC(=O)C(NOC)c3csc(N)n3)C2SC1	0	0	0.48869127	0	0.8820470091904851	0.5888888888888889	0.5958635863586359	0.6122161910940789	1.0	Age-only
COCCCCC(=NOCCN)c1ccc(C(F)(F)F)cc1	1	1	0.5311395	0	0.9013887107704115	0.7377049180327869	0.7401639344262295	0.7460506706408346	1.0	Age-only
CON=C1CN(c2nc3c(cc2F)c(=O)c(C(=O)O)cn3C2CC2)CC1CN	1	0	0.43675762	0	0.8794938871814953	0.7653061224489796	0.7678793256433007	0.7758059745637386	0.984375	Age-only
COc1c(C)c2c(c(O)c1CC=C(C)CCC(=O)O)C(=O)OC2	1	0	0.45608073	0	0.8961585134373812	0.7706422018348624	0.7744458641643078	0.7765892692433065	0.9861111111111112	Age-only
COc1c(C)c2c(c(O)c1CC=C(C)CCC(=O)OCCN1CCOCC1)C(=O)OC2	1	0	0.41738328	0	0.8955716128400739	0.776595744680851	0.7828807221147646	0.7873318764079351	0.9873417721518988	Age-only
COc1c(N2CC3CCCNC3C2)c(F)cc2c(=O)c(C(=O)O)cn(C3CC3)c12	1	0	0.44911903	0	0.8849708961276813	0.7604166666666666	0.7669296116504855	0.7753801057805912	0.9852941176470589	Age-only
COc1c(OCCCN2CCOCC2)ccc2c3n(c(=NC(=O)c4cnc(N)nc4)nc12)CCN3	1	1	0.566887	0	0.8830830187515193	0.6804123711340206	0.6884914790658531	0.715743030662307	1.0	Age-only
COc1cc(Nc2ncc(F)c(Nc3ccc4c(n3)N(COP(=O)(O)O)C(=O)C(C)(C)O4)n2)cc(OC)c1OC	0	0	0.46277	0	0.8855441389363015	0.7333333333333333	0.7415261044176706	0.7499996709222995	0.9866666666666667	Age-only
COc1ccc(C2Sc3ccccc3N(CCN(C)C)C(=O)C2OC(C)=O)cc1	1	1	0.6753714	0	0.8752372073811876	0.6764705882352942	0.7160691321062839	0.7260213127086192	0.9841269841269841	Age-only
COc1ccc(CCN(C)CCCC(C#N)(c2ccc(OC)c(OC)c2)C(C)C)cc1OC	1	1	0.74596673	0	0.9064887369086607	0.7532467532467533	0.7566514566514566	0.7658740992074325	1.0	Age-only
COc1ccc(CN(C(=O)C(N)Cc2c(C)cc(C(N)=O)cc2C)C(C)c2nc(-c3ccccc3)c[nH]2)cc1C(=O)O	0	1	0.6862528	0	0.8774516952528408	0.7319587628865979	0.7377409233527565	0.7483653852994956	1.0	Age-only
COc1ccc2c(c1)C13CCCCC1C(C2)N(C)CC3	0	1	0.6263196	0	0.8999251484468365	0.6721311475409836	0.6877049180327869	0.7168346225723273	1.0	Age-only
COc1ccc2c3c1OC1C(=O)CCC4(O)C(C2)N(C)CCC314	1	1	0.54599905	0	0.8775986285216968	0.625	0.6773972602739725	0.7003312998197688	1.0	Age-only
COc1ccc2c3c1OC1C(=O)CCC4C(C2)N(C)CCC314	1	1	0.53271675	0	0.8823206928269232	0.6338028169014085	0.6962469807574421	0.7200779101027478	1.0	Age-only
COc1ccc2c3c1OC1C(O)C=CC4C(C2)N(C)CCC341	1	1	0.6249203	0	0.8963625462360427	0.5882352941176471	0.6914335946084537	0.7293995499377058	1.0	Age-only
COc1ccc2c3c1OC1C(O)CCC4C(C2)N(C)CCC341	0	1	0.6219109	0	0.8904071523365412	0.6029411764705882	0.6854034672638687	0.7193555013268762	1.0	Age-only
COc1cccc(N2CCN(C3=Nc4c(F)cccc4C(CC(=O)O)N3c3cc(C(F)(F)F)ccc3OC)CC2)c1	0	1	0.56781703	0	0.8749866383588083	0.7303370786516854	0.7435822619180057	0.7479947459700491	0.9855072463768116	Age-only
COc1cccc2c(O)c3c(c(O)c12)C(=O)C1=C(CC(O)(C(=O)CO)CC1OC1CC(N)C(O)C(C)O1)C3=O	1	1	0.6618787	0	0.8826347276264691	0.7739130434782608	0.7741304347826087	0.774825550187869	1.0	Age-only
COc1cccc2c(O)c3c(c(O)c12)C(=O)C1=C(CC(O)(C(C)=O)CC1OC1CC(N)C(O)C(C)O1)C3=O	1	1	0.56401664	0	0.8904926273900076	0.7684210526315789	0.7764593301435406	0.7813488789895324	0.9873417721518988	Age-only
C[N+]1(C)C2CC(OC(=O)C(O)(c3cccs3)c3cccs3)CC1C1OC12	1	0	0.49765062	0	0.888495822348722	0.6206896551724138	0.6808904681148886	0.6886781260250264	1.0	Age-only
C[N+]1(CC2CC2)CCC23c4c5ccc(O)c4OC2C(=O)CCC3(O)C1C5	0	0	0.43566358	0	0.8931971493648454	0.759493670886076	0.7880195239565415	0.7938071429388193	1.0	Age-only
Cc1[nH]c2ccccc2c1CCNCc1ccc(C=CC(O)=NO)cc1	0	1	0.59482664	0	0.9034137893174561	0.7721518987341772	0.7777215189873419	0.7884461113715685	1.0	Age-only
Cc1cc(C(=O)NNCc2ccccc2)no1	1	1	0.62972987	0	0.8646984206156549	0.7049180327868853	0.7088902900378311	0.7136945048563009	1.0	Age-only
Cc1ccc(-n2[nH]c(C)c(N=Nc3cccc(-c4cccc(C(=O)O)c4)c3O)c2=O)cc1C	1	1	0.51654625	0	0.8878645254593467	0.7303370786516854	0.7458945548833189	0.7641082852653496	0.9855072463768116	Age-only
Cc1ccc(N(CC2=NCCN2)c2cccc(O)c2)cc1	1	1	0.60410476	0	0.8933536347362091	0.6274509803921569	0.6518059855521157	0.6920906114232568	1.0	Age-only
Cc1cn2nc(-c3cc(=O)n4cc(N5CCNC6(CC6)C5)ccc4n3)cc(C)c2n1	0	0	0.4559703	0	0.8960464959974788	0.7446808510638298	0.7519631498135555	0.7622124054812782	1.0	Age-only
Cc1ncc(OCC2(c3cccc(F)c3)CC2C(=O)Nc2ccc(F)cn2)c(C)n1	0	1	0.5754069	0	0.869961264352097	0.7317073170731707	0.7413936609300326	0.7469498589298708	0.9852941176470589	Age-only
Clc1ccc2nsnc2c1NC1=NCCN1	1	1	0.5459638	0	0.926741726265522	0.8035714285714286	0.8163392857142856	0.8215773809523809	1.0	Age-only
Clc1cccc(Cl)c1NC1=NCCN1	1	1	0.62846595	0	0.9129410322586796	0.7272727272727273	0.7350096711798839	0.7577205124830518	1.0	Age-only
Cn1c(=O)c2[nH]cnc2n(C)c1=O	1	0	0.45764238	0	0.9105625301022542	0.7317073170731707	0.7391521041647199	0.7486253861927815	1.0	Age-only
Cn1c(=O)c2c(ncn2C)n(C)c1=O	1	1	0.53468144	0	0.9105478582125202	0.7209302325581395	0.7322997416020671	0.7538117472837995	1.0	Age-only
Cn1c(CCCC(=O)O)nc2cc(N(CCCl)CCCl)ccc21	0	1	0.6898682	0	0.8774368684558382	0.6052631578947368	0.6186932849364791	0.6468942233531453	0.9824561403508771	Age-only
Cn1cc(-c2cc3c(N4CCN(c5ncc(C(C)(N)c6ccc(F)cc6)cn5)CC4)ncnn3c2)cn1	0	1	0.56757295	0	0.9098108639978382	0.7789473684210526	0.7855502392344498	0.7900064596159672	1.0	Age-only
FC(F)OC(Cl)C(F)(F)F	1	1	0.54009086	0	0.9717929573539231	0.85	0.8665217391304347	0.8776667972320147	1.0	Age-only
FC(F)OC(F)C(F)(F)F	1	1	0.54897106	0	0.9745933347930515	0.8333333333333334	0.8534108527131783	0.8671756322919113	1.0	Age-only
FCOC(C(F)(F)F)C(F)(F)F	1	1	0.5427933	0	0.9613762552762172	0.8421052631578947	0.8467265725288831	0.8531333877932079	1.0	Age-only
Fc1ccc(C2CCNCC2COc2ccc3c(c2)OCO3)cc1	1	1	0.5599575	0	0.9080238099729253	0.746031746031746	0.7503217503217504	0.7537899563216021	1.0	Age-only
N#Cc1ccc(Oc2ccc3c(c2)COB3O)cc1	0	1	0.61488605	0	0.9205866626112541	0.75	0.7676470588235293	0.7752819076348487	1.0	Age-only
N#Cc1ccc2[nH]cc(CCCCN3CCN(c4ccc5oc(C(N)=O)cc5c4)CC3)c2c1	0	1	0.58677816	0	0.8900074750603594	0.7073170731707317	0.7179240887914496	0.7215591342959033	1.0	Age-only
N=C(N=C(N)NCCCCCCN=C(N)N=C(N)Nc1ccc(Cl)cc1)Nc1ccc(Cl)cc1	0	1	0.57648873	0	0.9145574979188166	0.7733333333333333	0.8055141242937853	0.8108047502907186	1.0	Age-only
NC(=O)C1CCC2CN1C(=O)N2OS(=O)(=O)O	1	0	0.48071748	0	0.9086937604724937	0.7796610169491526	0.7822193795970579	0.7873058539831805	1.0	Age-only
NC(=O)CS(=O)C(c1ccccc1)c1ccccc1	0	1	0.6600768	0	0.8785982866151163	0.6938775510204082	0.7019949950381845	0.709997219465658	1.0	Age-only
NC(=O)OCC(COC(N)=O)c1ccccc1	1	1	0.6600768	0	0.8677798408940249	0.5526315789473685	0.6345537757437072	0.6500289422291468	1.0	Age-only
NC(=O)OCC(N)Cc1ccccc1	1	1	0.6507209	0	0.871989201985022	0.5853658536585366	0.640709534368071	0.6591285886120893	1.0	Age-only
NC(=O)c1ccc2c(c1O)C13CCN(CC4CC4)C(C2)C1(O)CCC(=O)C3	0	0	0.48536822	0	0.8892208127191579	0.5441176470588235	0.7226615575807788	0.7551257334731866	1.0	Age-only
NC(=O)c1cccc2cn(-c3ccc(C4CCCNC4)cc3)nc12	1	1	0.54157966	0	0.8874919374897886	0.7640449438202247	0.7675178753830438	0.7715166647750916	1.0	Age-only
NC(O)=NO	0	1	0.556951	0	0.9652555093068816	0.75	0.8025252525252526	0.8094837261503929	1.0	Age-only
NC1CCCCN(c2c(F)cc3c(=O)c(C(=O)O)cn(C4CC4)c3c2Cl)C1	0	0	0.38866332	0	0.8900023845535318	0.7444444444444445	0.7456140350877194	0.7540413721836327	1.0	Age-only
NCC(=O)O	1	1	0.53964055	0	0.9243291691389987	0.6363636363636364	0.6606060606060605	0.6632996632996633	1.0	Age-only
NCC1CCC(C(=O)O)CC1	1	0	0.49817678	0	0.9150705253422782	0.75	0.7588235294117647	0.7684407096171801	1.0	Age-only
NCCCCC(NC(CCc1ccccc1)C(=O)O)C(=O)N1CCCC1C(=O)O	1	1	0.5383348	0	0.8725936451617512	0.6101694915254238	0.6426449047917975	0.6667415462968376	1.0	Age-only
NNCCc1ccccc1	0	1	0.652172	0	0.9037286247112591	0.75	0.7524390243902438	0.7554702398875841	1.0	Age-only
NS(=O)(=O)Cc1noc2ccccc12	0	1	0.6277569	0	0.9018226074231361	0.7142857142857143	0.7590080862533692	0.7661284387969024	1.0	Age-only
O=C(CCCCCCC(O)=NO)Nc1ccccc1	1	1	0.59376115	0	0.8855588759782802	0.7435897435897436	0.7456410256410256	0.7521367521367521	1.0	Age-only
O=C(CCCc1ccccc1)OCC(COC(=O)CCCc1ccccc1)OC(=O)CCCc1ccccc1	0	1	0.63180447	0	0.8782593508200163	0.48717948717948717	0.5683640303358612	0.6342864881597275	1.0	Age-only
O=C(NCc1c(F)cc(F)cc1F)c1cn2c(c(O)c1=O)C(=O)N1C3CCC(C3)OC1C2	0	0	0.3998892	0	0.8942226240168427	0.7714285714285715	0.7731141678688258	0.7752645135956201	0.9863013698630136	Age-only
O=C(Nc1c(Cl)cncc1Cl)c1ccc(OC(F)F)c(OCC2CC2)c1	1	1	0.5183394	0	0.8737475035984926	0.7325581395348837	0.7395434023341	0.7472853856173824	0.9830508474576272	Age-only
O=C(O)CCCCC1SCC2NC(=O)NC21	1	0	0.46854392	0	0.9077985593684527	0.7096774193548387	0.718343765045739	0.7491532321482598	1.0	Age-only
O=C(O)CCCc1ccc(N(CCCl)CCCl)cc1	1	1	0.7123884	0	0.8938889121342557	0.4634146341463415	0.49954526663910703	0.6201380907457799	1.0	Age-only
O=C(O)CCc1nc(-c2ccccc2)c(-c2ccccc2)o1	0	1	0.63444966	0	0.8838355526054321	0.7333333333333333	0.743057525610717	0.7541945995743918	1.0	Age-only
O=C(O)CNC(=O)c1ncc(-c2cccc(Cl)c2)cc1O	1	1	0.62467146	0	0.8768016756257024	0.7090909090909091	0.7133044733044733	0.7265271765271765	1.0	Age-only
O=C(O)Cc1ccccc1Nc1c(Cl)cccc1Cl	1	1	0.64868486	0	0.8781788312105328	0.6428571428571429	0.6625034539928156	0.6916659978183607	1.0	Age-only
O=C(O)c1ccc(-n2nc(-c3ccccc3O)nc2-c2ccccc2O)cc1	0	1	0.65899414	0	0.8759595500727305	0.7567567567567568	0.7567567567567568	0.7577857360466057	1.0	Age-only
O=C(O)c1ccc2nc(-c3cc(Cl)cc(Cl)c3)oc2c1	1	1	0.54268384	0	0.8920898880001723	0.75	0.7574074074074074	0.764485596707819	1.0	Age-only
O=C(O)c1ccccc1O	1	1	0.649858	0	0.8840612986825171	0.5	0.5	0.5673400673400674	1.0	Age-only
O=C(O)c1cccnc1	0	1	0.6023444	0	0.884281204414869	0.4375	0.5978188077721185	0.6365806242008846	1.0	Age-only
O=C(O)c1cn(C2CC2)c2cc(N3CCNCC3)c(F)cc2c1=O	1	0	0.3840597	0	0.8938012268737081	0.7349397590361446	0.7425023169601482	0.7481999554568903	0.9841269841269841	Age-only
O=C(OC1C[N+]2(CCCOc3ccccc3)CCC1CC2)C(O)(c1cccs1)c1cccs1	0	1	0.51979005	0	0.8851815713975395	0.5409836065573771	0.6774179309220802	0.7125657579397376	0.9836065573770492	Age-only
O=C(OOC(=O)c1ccccc1)c1ccccc1	0	1	0.728622	0	0.8797478879333521	0.6666666666666666	0.6755555555555557	0.6877425044091712	1.0	Age-only
O=C1C(CCC(O)c2ccc(F)cc2)C(c2ccc(O)cc2)N1c1ccc(F)cc1	1	1	0.560522	0	0.8934926025893466	0.75	0.750943396226415	0.7558151143056803	0.9818181818181818	Age-only
O=C1CCC2(O)C3Cc4ccc(O)c5c4C2(CCN3CC2CC2)C1O5	1	0	0.47394192	0	0.8943334246341583	0.5882352941176471	0.7340721795964762	0.7552502142332465	1.0	Age-only
O=S(=O)(Nc1ccccc1)c1cccc(C=CC(O)=NO)c1	1	1	0.57240593	0	0.904291233549688	0.7384615384615385	0.7400229621125144	0.7546014118938968	1.0	Age-only
O=[N+]([O-])OC1COC2C(O)COC12	1	1	0.52711344	0	0.9243687966691662	0.796875	0.809659090909091	0.8201809764309763	1.0	Age-only
O=[N+]([O-])OC1COC2C(O[N+](=O)[O-])COC12	1	0	0.49613905	0	0.939149767658742	0.819672131147541	0.8219864995178398	0.8303965401361736	1.0	Age-only
O=[N+]([O-])OCC(CO[N+](=O)[O-])O[N+](=O)[O-]	1	1	0.55128956	0	0.9408694638488151	0.8043478260869565	0.8098814229249012	0.8155018894149327	1.0	Age-only
O=c1[nH]cnc2[nH]ncc12	1	0	0.47381353	0	0.9196523924382162	0.7058823529411765	0.7147058823529412	0.7303921568627452	1.0	Age-only
OC(CNCC(O)C1CCc2cc(F)ccc2O1)C1CCc2cc(F)ccc2O1	1	1	0.69143033	0	0.8911188127266793	0.7692307692307693	0.77407320175232	0.7780562023564798	1.0	Age-only
OC(c1cc(C(F)(F)F)nc2c(C(F)(F)F)cccc12)C1CCCCN1	0	1	0.6151601	0	0.889951145724214	0.7466666666666667	0.7494460093896713	0.7573306505700872	1.0	Age-only
OC(c1ccccc1)(c1ccccc1)C12CC[N+](CCOCc3ccccc3)(CC1)CC2	0	1	0.5922573	0	0.8956229656007295	0.711864406779661	0.7342008383451797	0.7404026508128367	1.0	Age-only
OCC(O)c1oc(O)c(O)c1O	1	1	0.6131017	0	0.9376927738539237	0.7692307692307693	0.779185520361991	0.7861571979219037	1.0	Age-only
OCC1NCC(O)C(O)C1O	1	1	0.5743771	0	0.9277417302575081	0.7666666666666667	0.7725170068027211	0.78422582708297	1.0	Age-only
OCCN1CC(O)C(O)C(O)C1CO	1	1	0.57995594	0	0.9186333422973351	0.7941176470588235	0.7944777911164465	0.7960250766973456	1.0	Age-only
Oc1c(C2=CCC(c3ccc(Cl)cc3)CC2)c(O)c2ccccc2c1O	0	1	0.5278002	0	0.9103081268234715	0.7714285714285715	0.7763680387409202	0.7819092880875276	1.0	Age-only
Oc1ccc2c3c1OC1C(O)CCC4(O)C(C2)N(CC2CCC2)CCC314	0	1	0.5761006	0	0.9040391526476994	0.5230769230769231	0.7253473219856922	0.7519210672577963	1.0	Age-only
Oc1ccccc1	1	1	0.6582782	0	0.9074003864420592	0.6956521739130435	0.7019762845849803	0.7136076483902571	1.0	Age-only
c1ccc2c(CC3=NCCN3)cccc2c1	0	1	0.61622643	0	0.9038906215993994	0.6046511627906976	0.6435968992248061	0.6908871662360033	1.0	Age-only
c1ccc2c(c1)CCCC2C1=NCCN1	0	1	0.6058967	0	0.9098552887785959	0.7142857142857143	0.7357142857142858	0.7470308123249301	1.0	Age-only
Brc1c(NC2=NCCN2)ccc2nccnc12	0	0	0.47249413	0	0.9264967414812773	0.7894736842105263	0.7933404940923738	0.7999601355944191	1.0	Age-only
C=C(C)C1CCC(C)=CC1c1c(O)cc(CCCCC)cc1O	0	0	0.46295738	0	0.9051145605991673	0.7272727272727273	0.7401515151515151	0.7648989898989899	1.0	Age-only
C=C(c1ccc(C(=O)O)cc1)c1cc2c(cc1C)C(C)(C)CCC2(C)C	0	1	0.5052522	0	0.8812577372390624	0.7313432835820896	0.7384168048645661	0.7413899665406835	1.0	Age-only
C=C1C(=CC=C2CCCC3(C)C2CCC3C(C)C=CC(O)C2CC2)CC(O)CC1O	0	0	0.44406107	0	0.9228924441923279	0.7894736842105263	0.7995539205746893	0.8042528813319301	1.0	Age-only
C=C1C(=CC=C2CCCC3(C)C2CCC3C(C)CCCC(C)(C)O)CC(O)CC1O	0	0	0.37396663	0	0.9214214050993448	0.8064516129032258	0.8081575682382134	0.8100875379101186	1.0	Age-only
C=C1CCC(O)CC1=CC=C1CCCC2(C)C1CCC2C(C)C=CC(C)C(C)C	0	0	0.44451368	0	0.9275045941872883	0.7945205479452054	0.8096216266541403	0.8196020038612594	1.0	Age-only
C=C1CCC(O)CC1=CC=C1CCCC2(C)C1CCC2C(C)CCCC(C)(C)O	1	0	0.38196707	0	0.9227427885800552	0.8051948051948052	0.8170779220779222	0.8218026177375772	1.0	Age-only
C=C1CCC(O)CC1=CC=C1CCCC2(C)C1CCC2C(C)CCCC(C)C	0	0	0.4434236	0	0.9240917634789236	0.7972972972972973	0.8067179619811199	0.8135018969462674	1.0	Age-only
C=CC(=O)Nc1cc(Nc2ncc(C(=O)OC(C)C)c(-c3cn(C)c4ccccc34)n2)c(OC)cc1N(C)CCN(C)C	0	1	0.68398976	0	0.8782647365261035	0.26744186046511625	0.5552223582211342	0.6422650328199083	1.0	Age-only
C=CC(N)CCC(=O)O	0	0	0.39247984	0	0.9242918847646082	0.625	0.655	0.6917264038231781	1.0	Age-only
C=CC1=C(C(=O)O)N2C(=O)C(=NC(=O)C(NOCC(=O)O)c3csc(N)n3)C2SC1	0	0	0.29117095	0	0.8916234472721398	0.5747126436781609	0.6248275862068965	0.6602577499129223	1.0	Age-only
C=CCN1CCC23c4c5ccc(O)c4OC2C(=O)CCC3(O)C1C5	0	0	0.33487102	0	0.8971554503731649	0.7066666666666667	0.7549529813501443	0.7694666031973882	1.0	Age-only
C=CCN1CCC23c4c5ccc(O)c4OC2C(OCCOCCOCCOCCOCCOCCOCCOC)CCC3(O)C1C5	0	0	0.45630968	0	0.8939869806032925	0.7325581395348837	0.7662516154630562	0.7786976871604351	1.0	Age-only
C=CC[N+]1(C2CC3C4CCC5CC(O)C(N6CCOCC6)CC5(C)C4CCC3(C)C2OC(C)=O)CCCC1	1	1	0.5943792	0	0.9089415454916493	0.7821782178217822	0.7885994424685188	0.7923305447669329	0.989247311827957	Age-only
C=c1c(N)c(O)c2c(c1O)N1CC3NC3C1(OC)C=2COC(N)=O	0	0	0.36408463	0	0.8966811905015879	0.7752808988764045	0.7830131690225928	0.7901386935243931	1.0	Age-only
CC(=Cc1csc(C)n1)C1CC2OC2(C)CCCC(C)C(O)C(C)C(=O)C(C)(C)C(O)CC(=O)N1	0	0	0.40163457	0	0.906287294037434	0.7976190476190477	0.8023809523809524	0.8045584411262757	1.0	Age-only
CC(=O)C1(O)C=C2C(=O)c3c(c(O)c4ccccc4c3O)C(=O)C2C(OC2CC(N)C(O)C(C)O2)C1	1	0	0.4768442	0	0.8882871531231054	0.7662337662337663	0.7695441813088871	0.772244187414466	0.9857142857142858	Age-only
CC(=O)CCCCn1c(=O)c2c(ncn2C)n(C)c1=O	1	0	0.45938274	0	0.8903797889911906	0.7115384615384616	0.7254807692307692	0.7508893883893886	1.0	Age-only
CC(=O)N(O)CCCCCNC(=O)CCC(=O)N(O)CCCCCNC(=O)CCC(=O)N(O)CCCCCN	0	1	0.6169083	0	0.9212304749471325	0.7017543859649122	0.7607017543859648	0.7810425442004388	1.0	Age-only
CC(=O)OC1CC2CCC3C(CCC4(C)C3CC([N+]3(C)CCCCC3)C4OC(C)=O)C2(C)CC1N1CCCCC1	1	1	0.62066585	0	0.9239910002697953	0.7849462365591398	0.7935925470729385	0.7983247181223894	1.0	Age-only
CC(=O)Oc1cc2c(s1)CCN(C(C(=O)C1CC1)c1ccccc1F)C2	1	0	0.39014697	0	0.8765192370455134	0.5857142857142857	0.6207453416149068	0.6843545133557309	0.9836065573770492	Age-only
CC(=O)Oc1ccccc1C(=O)O	1	1	0.5537841	0	0.875041305605511	0.5833333333333334	0.6568614589544822	0.6824161626487208	1.0	Age-only
CC(C(=O)O)c1ccc(-c2ccccc2)c(F)c1	1	1	0.50674206	0	0.8704362923981067	0.5714285714285714	0.6357142857142857	0.6807177797743835	1.0	Age-only
CC(C(=O)O)c1cccc(C(=O)c2ccccc2)c1	0	1	0.5599716	0	0.8724215542695924	0.575	0.6044594594594594	0.6330072167028687	1.0	Age-only
CC(C)(C)NC(=O)C1CCC2C3CCC4NC(=O)C=CC4(C)C3CCC12C	0	1	0.61045146	0	0.8994830338730058	0.6714285714285714	0.6921008403361345	0.7088311228105701	1.0	Age-only
CC(C)(N)Cc1ccccc1	1	1	0.55560875	0	0.891924322654288	0.6666666666666666	0.6869565217391305	0.7049157853505679	1.0	Age-only
CC(C)(NC(=O)C1CC2(O)C3Cc4ccc(O)c5c4C2(CCN3CC2CC2)C(O5)C1=O)c1nc(-c2ccccc2)no1	0	0	0.44736785	0	0.8796130257384854	0.6847826086956522	0.7410849621061029	0.7543962618952647	0.9879518072289156	Age-only
CC(C)C1CCC(C(=O)NC(Cc2ccccc2)C(=O)O)CC1	0	1	0.5641007	0	0.8607790388242678	0.671875	0.6775	0.6878003003003004	1.0	Age-only
CC(C)Cc1ccc(C(C)C(=O)O)cc1	1	1	0.5633614	0	0.8750572776157586	0.5789473684210527	0.6140350877192982	0.6408722063556825	1.0	Age-only
CC(C)N=C(N)N=C(N)Nc1ccc(Cl)cc1	1	1	0.51067764	0	0.9031846447512109	0.75	0.750943396226415	0.7537304229868047	1.0	Age-only
CC(C)N=c1cc2n(-c3ccc(Cl)cc3)c3ccccc3nc-2cc1Nc1ccc(Cl)cc1	1	1	0.50449884	0	0.9030458649190429	0.782608695652174	0.7835190170908388	0.7853273708419555	1.0	Age-only
CC(C)OC(=O)CCCC=CCC1C(O)CC(O)C1CCC(O)CCc1ccccc1	0	1	0.5097972	0	0.8756771825522198	0.3088235294117647	0.4304696853716462	0.533496803763975	1.0	Age-only
CC(C)c1nc(CN(C)C(=O)NC(CCN2CCOCC2)C(=O)NC(CCC(Cc2ccccc2)NC(=O)OCc2cncs2)Cc2ccccc2)cs1	0	0	0.47325838	0	0.8780611555232151	0.375	0.4314285714285714	0.557796451914099	1.0	Age-only
CC(C)n1nccc1-c1ncccc1COc1cccc(O)c1C=O	0	0	0.48590472	0	0.882542519255971	0.7746478873239436	0.7885358577897084	0.7915195558975319	1.0	Age-only
CC(C=CC(C)C(C)(C)O)C1CCC2C(=CC=C3CC(O)CC(O)C3)CCCC21C	1	0	0.34715238	0	0.9184590362752105	0.7887323943661971	0.798251578436134	0.8031431139736142	1.0	Age-only
CC(CCC(=O)O)C1CCC2C3C(O)CC4CC(O)CCC4(C)C3CCC12C	0	1	0.62889326	0	0.900501611429273	0.7647058823529411	0.7653885257806825	0.76638012092265	1.0	Age-only
CC(CCc1ccccc1)NCC(O)c1ccc(O)c(C(N)=O)c1	1	1	0.74314153	0	0.8697938608721412	0.5686274509803921	0.5775401069518716	0.5881554792880518	1.0	Age-only
CC(Cc1ccccc1)NC(=O)C(N)CCCCN	0	1	0.5451043	0	0.8685622077543139	0.6923076923076923	0.6951794871794872	0.703490493938255	1.0	Age-only
CC(N)(Cc1ccc(O)cc1)C(=O)O	1	0	0.49889553	0	0.8744200318007974	0.3333333333333333	0.4341463414634147	0.5418460066953612	1.0	Age-only
CC(N)Cc1ccccc1	0	1	0.5800474	0	0.8862411441407579	0.5757575757575758	0.6298067523873977	0.6637189508322889	1.0	Age-only
CC(OC(=O)NCC1(CC(=O)O)CCCCC1)OC(=O)C(C)C	0	0	0.48234302	0	0.9028523095350168	0.55	0.5866666666666667	0.6538770162941128	0.9863013698630136	Age-only
CC(OC1OCCN(Cc2n[nH]c(=O)[nH]2)C1c1ccc(F)cc1)c1cc(C(F)(F)F)cc(C(F)(F)F)c1	0	0	0.39207962	0	0.8852717337313896	0.7555555555555555	0.7578811369509044	0.7661352320292548	0.9855072463768116	Age-only
CC(OC1OCCN(Cc2nc(=O)n(P(=O)(O)O)[nH]2)C1c1ccc(F)cc1)c1cc(C(F)(F)F)cc(C(F)(F)F)c1	0	0	0.41093406	0	0.8803560426800691	0.7604166666666666	0.7751737102608034	0.7811199371246453	0.9866666666666667	Age-only
CC(Oc1c(Cl)cccc1Cl)C1=NCCN1	1	1	0.5998513	0	0.8971391302271907	0.7636363636363637	0.7638502673796792	0.7710279263220441	1.0	Age-only
CC1(C)OC2COC3(COS(N)(=O)=O)OC(C)(C)OC3C2O1	0	0	0.4322937	0	0.9296521483285717	0.8297872340425532	0.8319457292630281	0.8364886937889464	1.0	Age-only
CC1(C)SC2C(NC(=O)Cc3ccccc3)C(=O)N2C1C(=O)O	0	0	0.4213476	0	0.8545878955055326	0.26	0.31169230769230766	0.360993080993081	1.0	Age-only
CC12C=CC(=O)NC1CCC1C2CCC2(C)C(C(=O)Nc3cc(C(F)(F)F)ccc3C(F)(F)F)CCC12	1	1	0.5903477	0	0.8933334442394557	0.7195121951219512	0.7283112071627045	0.738327522874651	1.0	Age-only
CC1C(=NC(=O)C(NOC(C)(C)C(=O)O)c2csc(N)n2)C(=O)N1S(=O)(=O)O	0	0	0.3277699	0	0.8918352263677292	0.7128712871287128	0.7432130309805174	0.7530321827442784	0.9850746268656716	Age-only
CC1CCC(C(C)C)C(O)C1	0	1	0.5026213	0	0.9220690649598265	0.8260869565217391	0.8318840579710145	0.8328648806909675	1.0	Age-only
CC1CCCC(C)N1CCCC(O)(c1ccccc1)c1ccccn1	1	0	0.43104303	0	0.8759256722585504	0.6666666666666666	0.6701149425287356	0.6836287594908286	1.0	Age-only
CC1CCOC2Cn3cc(C(=O)NCc4ccc(F)cc4F)c(=O)c(O)c3C(=O)N12	1	0	0.41905165	0	0.8788041704294457	0.7419354838709677	0.7507792678506705	0.7576287618432986	0.9848484848484849	Age-only
CC1COC2Cn3cc(C(=O)NCc4ccc(F)cc4F)c(=O)c(O)c3C(=O)N12	0	0	0.4434846	0	0.8775371755036973	0.7362637362637363	0.744788544788545	0.7572057572057571	0.984375	Age-only
CC1COc2c(N3CCN(C)CC3)c(F)cc3c(=O)c(C(=O)O)cn1c23	1	0	0.31998774	0	0.8927621669387558	0.7684210526315789	0.7721637426900584	0.7757324067011327	0.9833333333333333	Age-only
CCC(=O)N(c1ccccc1)C1CCN(CCc2ccccc2)CC1	1	1	0.5438848	0	0.8587298654388302	0.578125	0.5951844262295082	0.6208785462899116	1.0	Age-only
CCC(=O)OC(OP(=O)(CCCCc1ccccc1)CC(=O)N1CC(C2CCCCC2)CC1C(=O)O)C(C)C	0	1	0.5234053	0	0.8763036986426771	0.6941176470588235	0.7309129669566942	0.7465327975648423	1.0	Age-only
CCC1=C(C)c2cc3[nH]c(cc4[nH]c(cc5nc(cc1n2)C(C)=C5C(C)O)c(C)c4CCC(=O)O)c(CCC(=O)O)c3C	1	1	0.54102254	0	0.8914509546582836	0.7843137254901961	0.7862254901960785	0.7892146167217039	1.0	Age-only
CCC1C(O)C2C3CCC(C(C)CCC(=O)O)C3(C)CCC2C2(C)CCC(O)CC12	0	1	0.6587157	0	0.9104180263264353	0.7625	0.7763412473423104	0.7801116672019649	1.0	Age-only
CCC1CN(C(=O)NCC(F)(F)F)CC1c1cnc2cnc3[nH]ccc3n12	1	0	0.4631118	0	0.8815585958686117	0.75	0.7555555555555555	0.7659181786374769	0.9838709677419355	Age-only
CCCCC(CC)COC(=O)C(C#N)=C(c1ccccc1)c1ccccc1	1	1	0.57295847	0	0.8752079083856904	0.49019607843137253	0.538562091503268	0.6291089353322942	1.0	Age-only
CCCCCCCCCCCCC[N+](C)(C)Cc1ccccc1	1	1	0.61308825	0	0.9019254707268215	0.6857142857142857	0.7138870431893688	0.7345661434255011	1.0	Age-only
CCCCCc1cc(O)c2c(c1)OC(C)(C)C1CCC(C)=CC21	0	0	0.46283522	0	0.9024531848944252	0.7741935483870968	0.7764976958525345	0.7814895275087166	1.0	Age-only
CCCNC(C)C(=O)Nc1c(C)csc1C(=O)OC	1	1	0.54777145	0	0.8899232818630715	0.7407407407407407	0.7443167305236271	0.751768736443066	1.0	Age-only
CCCNC(C)C(=O)Nc1ccccc1C	1	1	0.6273564	0	0.8703386661446102	0.6808510638297872	0.6808510638297872	0.6968055992267291	1.0	Age-only
CCCNCC(O)COc1ccccc1C(=O)CCc1ccccc1	1	1	0.7407874	0	0.8698237068645123	0.6229508196721312	0.6237337900660631	0.6257354340480179	1.0	Age-only
CCCSc1nc(NC2CC2c2ccc(F)c(F)c2)c2nnn(C3CC(OCCO)C(O)C3O)c2n1	1	0	0.397105	0	0.8965632155447604	0.782608695652174	0.7872122762148337	0.7928928829302206	1.0	Age-only
CCCc1nc(C)c2c(=O)[nH]c(-c3cc(S(=O)(=O)N4CCN(CC)CC4)ccc3OCC)nn12	1	0	0.36485928	0	0.8894629386131202	0.7802197802197802	0.786062956651192	0.7904771953582967	1.0	Age-only
CCCc1nn(C)c2c(=O)[nH]c(-c3cc(S(=O)(=O)N4CCN(C)CC4)ccc3OCC)nc12	1	0	0.36206135	0	0.8867265665029294	0.7441860465116279	0.7652965394458662	0.7733483344254457	1.0	Age-only
CCN(CC)CCOC(=O)C1(C2CCCCC2)CCCCC1	1	1	0.6127808	0	0.9016972844113963	0.6382978723404256	0.6645015388732771	0.6777654051941487	1.0	Age-only
CCN(Cc1ccncc1)C(=O)C(CO)c1ccccc1	0	1	0.5603647	0	0.8708621114964584	0.6666666666666666	0.6689265536723163	0.6752904613421423	1.0	Age-only
CCNC(=O)CCCC=CCC1C(O)CC(O)C1C=CC(O)CCc1ccccc1	0	1	0.5028867	0	0.8714597026963237	0.5443037974683544	0.5474901243657033	0.5559000082330764	1.0	Age-only
CCOC(=O)C(C)CC(Cc1ccc(-c2ccccc2)cc1)NC(=O)CCC(=O)O	1	1	0.5625721	0	0.8667120464842986	0.6901408450704225	0.7027340513670258	0.7092521135852475	1.0	Age-only
CCOC(=O)C(CCc1ccccc1)NC(C)C(=O)N1C(C(=O)O)CC2CCCC21	1	1	0.5535169	0	0.8550913794271778	0.22807017543859648	0.5185007974481659	0.6070973929178263	1.0	Age-only
CCOC(=O)C(CCc1ccccc1)NC(C)C(=O)N1C(C(=O)O)CC2CCCCC21	1	1	0.5600703	0	0.8548694019082473	0.19642857142857142	0.5021837898075521	0.5972401525866871	1.0	Age-only
CCOC(=O)C(CCc1ccccc1)NC(C)C(=O)N1CCCC1C(=O)O	1	1	0.5483053	0	0.8525768300639445	0.484375	0.5101136363636364	0.5893605169340463	1.0	Age-only
CCOC(=O)C(CCc1ccccc1)NC(C)C(=O)N1Cc2ccccc2CC1C(=O)O	0	1	0.5483053	0	0.8607447226860717	0.5441176470588235	0.6358288770053477	0.6701392851297976	1.0	Age-only
CCOC(=O)C(CCc1ccccc1)NC1CCc2ccccc2N(CC(=O)O)C1=O	1	0	0.45656538	0	0.8542851153539406	0.7123287671232876	0.7132375104033111	0.7141772001648341	1.0	Age-only
CCON=C(C(=O)NC1C(=O)N2C(C(=O)[O-])=C(Sc3nc(-c4cc[n+](C)cc4)cs3)CSC12)c1nsc(NP(=O)(O)O)n1	0	0	0.42132026	0	0.8926231076706566	0.6017699115044248	0.6157079646017699	0.6343522726266089	1.0	Age-only
CCOc1cc(CC(=O)NC(CC(C)C)c2ccccc2N2CCCCC2)ccc1C(=O)O	0	1	0.55110425	0	0.8566798056220105	0.7078651685393258	0.7201831044527675	0.723891652189613	0.9838709677419355	Age-only
CCc1ccc(CCOc2ccc(Cc3sc(=O)[nH]c3O)cc2)nc1	1	0	0.4687221	0	0.8913715802032595	0.7575757575757576	0.7596837944664031	0.7643206890448941	1.0	Age-only
CN(CCCl)CCCl	0	1	0.6630993	0	0.9517691698639822	0.7666666666666667	0.7754166666666666	0.7803960659223818	1.0	Age-only
CN(CCOc1ccc(Cc2sc(=O)[nH]c2O)cc1)c1ccccn1	1	1	0.60316056	0	0.8828590329164638	0.640625	0.6788034028812717	0.7053195380829475	1.0	Age-only
CN(CCOc1ccc(NS(C)(=O)=O)cc1)CCc1ccc(NS(C)(=O)=O)cc1	1	1	0.6959672	0	0.8955411093681596	0.6231884057971014	0.6518394648829432	0.6623648193287104	1.0	Age-only
CN1CCC(COc2cnc(-c3cccc(Cn4nc(-c5cccc(C#N)c5)ccc4=O)c3)nc2)CC1	0	0	0.4356258	0	0.8801085200501021	0.7126436781609196	0.7296683743022372	0.7374544003231827	1.0	Age-only
CN1CCC23c4c5ccc(O)c4OC2C(=O)CCC3(O)C1C5	0	0	0.39922294	0	0.8801137979926043	0.7397260273972602	0.7494836670179136	0.7562970714320627	1.0	Age-only
CN1CCC23c4c5ccc(O)c4OC2C(=O)CCC3C1C5	0	0	0.38674894	0	0.8771456491352311	0.7323943661971831	0.7413506681112315	0.7500012510120215	1.0	Age-only
CN1CCC23c4c5ccc(O)c4OC2C(O)C=CC3C1C5	1	1	0.5044929	0	0.9005571598516513	0.7083333333333334	0.7457509157509158	0.7658099549403897	1.0	Age-only
CN1CCc2cccc3c2C1Cc1ccc(O)c(O)c1-3	0	1	0.5368112	0	0.8952017719136507	0.7407407407407407	0.7425925925925926	0.7464088826772265	1.0	Age-only
CN1CCc2nc(C(=O)NC3CC(C(=O)N(C)C)CCC3NC(=O)C(=O)Nc3ccc(Cl)cn3)sc2C1	1	0	0.42947227	0	0.8852925983353744	0.7395833333333334	0.7449328916072036	0.7517032037502156	0.987012987012987	Age-only
CNC(=O)c1ccccc1Sc1ccc2c(C=Cc3ccccn3)[nH]nc2c1	1	1	0.5085143	0	0.8878910611426064	0.7241379310344828	0.7505899166818707	0.7648779960401927	1.0	Age-only
CNNCc1ccc(C(=O)NC(C)C)cc1	0	1	0.6083083	0	0.8684755640609426	0.6862745098039216	0.6874811463046757	0.6900841533194475	1.0	Age-only
COC(=O)C(c1ccccc1)C1CCCCN1	0	1	0.6391673	0	0.8528177855134988	0.6785714285714286	0.6785714285714286	0.6857142857142858	1.0	Age-only
COC(=O)CC(O)(CCCC(C)(C)O)C(=O)OC1C(OC)=CC23CCCN2CCc2cc4c(cc2C13)OCO4	0	0	0.39756733	0	0.8897376917632631	0.7818181818181819	0.7829013539651838	0.7853653450451429	0.9866666666666667	Age-only
COC(=O)NC(C(=O)N1CCCC1c1nc(-c2ccc(-c3ccc(-c4c[nH]c(C5CCCN5C(=O)C(NC(=O)OC)C(C)C)n4)cc3)cc2)c[nH]1)C(C)C	1	0	0.4581782	0	0.8734585188700958	0.691358024691358	0.721966052073579	0.7323135823733194	1.0	Age-only
COC12CCC3(CC1C(C)(O)C(C)(C)C)C1Cc4ccc(O)c5c4C3(CCN1CC1CC1)C2O5	0	0	0.4656295	0	0.8994816850139913	0.6987951807228916	0.7558826316501963	0.7711710590974838	1.0	Age-only
COC1C(N(C)C(=O)c2ccccc2)CC2OC1(C)n1c3ccccc3c3c4c(c5c6ccccc6n2c5c31)C(=O)NC4	1	1	0.5411505	0	0.8851742511574243	0.7888888888888889	0.792482269503546	0.7953506698187549	1.0	Age-only
COC1C=COC2(C)Oc3c(C)c(O)c4c(O)c(c5c(nc6cc(C)ccn65)c4c3C2=O)NC(=O)C(C)=CC=CC(C)C(O)C(C)C(O)C(C)C(OC(C)=O)C1C	1	0	0.39417216	0	0.899718212351631	0.8031496062992126	0.8039236620846124	0.8054261578884561	1.0	Age-only
COCC(NC(C)=O)C(=O)NCc1ccccc1	1	1	0.60681516	0	0.8629899802684126	0.6585365853658537	0.6822052845528456	0.6985862691960253	1.0	Age-only
COCCCCC(=NOCCN)c1ccc(C(F)(F)F)cc1	0	0	0.4757196	0	0.9013887107704115	0.7377049180327869	0.7401639344262295	0.7460506706408346	1.0	Age-only
COc1c(C)c2c(c(O)c1CC=C(C)CCC(=O)O)C(=O)OC2	0	0	0.3842361	0	0.8961585134373812	0.7706422018348624	0.7744458641643078	0.7765892692433065	0.9861111111111112	Age-only
COc1c(C)c2c(c(O)c1CC=C(C)CCC(=O)OCCN1CCOCC1)C(=O)OC2	1	0	0.3487435	0	0.8955716128400739	0.776595744680851	0.7828807221147646	0.7873318764079351	0.9873417721518988	Age-only
COc1c(N2CC3CCCNC3C2)c(F)cc2c(=O)c(C(=O)O)cn(C3CC3)c12	1	0	0.3841342	0	0.8849708961276813	0.7604166666666666	0.7669296116504855	0.7753801057805912	0.9852941176470589	Age-only
COc1c(OCCCN2CCOCC2)ccc2c3n(c(=NC(=O)c4cnc(N)nc4)nc12)CCN3	1	0	0.4932749	0	0.8830830187515193	0.6804123711340206	0.6884914790658531	0.715743030662307	1.0	Age-only
COc1cc(Nc2ncc(F)c(Nc3ccc4c(n3)N(COP(=O)(O)O)C(=O)C(C)(C)O4)n2)cc(OC)c1OC	0	0	0.39935532	0	0.8855441389363015	0.7333333333333333	0.7415261044176706	0.7499996709222995	0.9866666666666667	Age-only
COc1ccc(C2Sc3ccccc3N(CCN(C)C)C(=O)C2OC(C)=O)cc1	1	1	0.61915004	0	0.8752372073811876	0.6764705882352942	0.7160691321062839	0.7260213127086192	0.9841269841269841	Age-only
COc1ccc(CCN(C)CCCC(C#N)(c2ccc(OC)c(OC)c2)C(C)C)cc1OC	1	1	0.7036404	0	0.9064887369086607	0.7532467532467533	0.7566514566514566	0.7658740992074325	1.0	Age-only
COc1ccc(CN(C(=O)C(N)Cc2c(C)cc(C(N)=O)cc2C)C(C)c2nc(-c3ccccc3)c[nH]2)cc1C(=O)O	0	1	0.62550324	0	0.8774516952528408	0.7319587628865979	0.7377409233527565	0.7483653852994956	1.0	Age-only
COc1ccc2c(c1)C13CCCCC1C(C2)N(C)CC3	0	1	0.5630641	0	0.8999251484468365	0.6721311475409836	0.6877049180327869	0.7168346225723273	1.0	Age-only
COc1ccc2c3c1OC1C(=O)CCC4(O)C(C2)N(C)CCC314	1	0	0.46229792	0	0.8775986285216968	0.625	0.6773972602739725	0.7003312998197688	1.0	Age-only
COc1ccc2c3c1OC1C(=O)CCC4C(C2)N(C)CCC314	0	0	0.45193717	0	0.8823206928269232	0.6338028169014085	0.6962469807574421	0.7200779101027478	1.0	Age-only
COc1ccc2c3c1OC1C(O)C=CC4C(C2)N(C)CCC341	0	1	0.55168927	0	0.8963625462360427	0.5882352941176471	0.6914335946084537	0.7293995499377058	1.0	Age-only
COc1cccc(N2CCN(C3=Nc4c(F)cccc4C(CC(=O)O)N3c3cc(C(F)(F)F)ccc3OC)CC2)c1	0	1	0.5245312	0	0.8749866383588083	0.7303370786516854	0.7435822619180057	0.7479947459700491	0.9855072463768116	Age-only
COc1cccc2c(O)c3c(c(O)c12)C(=O)C1=C(CC(O)(C(=O)CO)CC1OC1CC(N)C(O)C(C)O1)C3=O	1	1	0.58407456	0	0.8826347276264691	0.7739130434782608	0.7741304347826087	0.774825550187869	1.0	Age-only
COc1cccc2c(O)c3c(c(O)c12)C(=O)C1=C(CC(O)(C(C)=O)CC1OC1CC(N)C(O)C(C)O1)C3=O	1	0	0.48882574	0	0.8904926273900076	0.7684210526315789	0.7764593301435406	0.7813488789895324	0.9873417721518988	Age-only
C[N+]1(C)C2CC(OC(=O)C(O)(c3cccs3)c3cccs3)CC1C1OC12	1	0	0.4196717	0	0.888495822348722	0.6206896551724138	0.6808904681148886	0.6886781260250264	1.0	Age-only
C[N+]1(CC2CC2)CCC23c4c5ccc(O)c4OC2C(=O)CCC3(O)C1C5	0	0	0.35554752	0	0.8931971493648454	0.759493670886076	0.7880195239565415	0.7938071429388193	1.0	Age-only
Cc1[nH]c2ccccc2c1CCNCc1ccc(C=CC(O)=NO)cc1	1	1	0.52731836	0	0.9034137893174561	0.7721518987341772	0.7777215189873419	0.7884461113715685	1.0	Age-only
Cc1ccc(-n2[nH]c(C)c(N=Nc3cccc(-c4cccc(C(=O)O)c4)c3O)c2=O)cc1C	1	0	0.43058535	0	0.8878645254593467	0.7303370786516854	0.7458945548833189	0.7641082852653496	0.9855072463768116	Age-only
Cc1cn2nc(-c3cc(=O)n4cc(N5CCNC6(CC6)C5)ccc4n3)cc(C)c2n1	1	0	0.3759312	0	0.8960464959974788	0.7446808510638298	0.7519631498135555	0.7622124054812782	1.0	Age-only
Cc1ncc(OCC2(c3cccc(F)c3)CC2C(=O)Nc2ccc(F)cn2)c(C)n1	0	1	0.5100552	0	0.869961264352097	0.7317073170731707	0.7413936609300326	0.7469498589298708	0.9852941176470589	Age-only
Clc1ccc2nsnc2c1NC1=NCCN1	1	0	0.47275558	0	0.926741726265522	0.8035714285714286	0.8163392857142856	0.8215773809523809	1.0	Age-only
Clc1cccc(Cl)c1NC1=NCCN1	1	1	0.56050515	0	0.9129410322586796	0.7272727272727273	0.7350096711798839	0.7577205124830518	1.0	Age-only
Cn1c(=O)c2[nH]cnc2n(C)c1=O	1	0	0.37445346	0	0.9105625301022542	0.7317073170731707	0.7391521041647199	0.7486253861927815	1.0	Age-only
Cn1c(=O)c2c(ncn2C)n(C)c1=O	0	0	0.45706964	0	0.9105478582125202	0.7209302325581395	0.7322997416020671	0.7538117472837995	1.0	Age-only
Cn1c(CCCC(=O)O)nc2cc(N(CCCl)CCCl)ccc21	1	1	0.63663137	0	0.8774368684558382	0.6052631578947368	0.6186932849364791	0.6468942233531453	0.9824561403508771	Age-only
Cn1cc(-c2cc3c(N4CCN(c5ncc(C(C)(N)c6ccc(F)cc6)cn5)CC4)ncnn3c2)cn1	0	1	0.5001563	0	0.9098108639978382	0.7789473684210526	0.7855502392344498	0.7900064596159672	1.0	Age-only
FC(F)OC(Cl)C(F)(F)F	1	0	0.46966243	0	0.9717929573539231	0.85	0.8665217391304347	0.8776667972320147	1.0	Age-only
FC(F)OC(F)C(F)(F)F	1	0	0.47525743	0	0.9745933347930515	0.8333333333333334	0.8534108527131783	0.8671756322919113	1.0	Age-only
FCOC(C(F)(F)F)C(F)(F)F	1	0	0.46907377	0	0.9613762552762172	0.8421052631578947	0.8467265725288831	0.8531333877932079	1.0	Age-only
Fc1ccc(C2CCNCC2COc2ccc3c(c2)OCO3)cc1	0	0	0.49335092	0	0.9080238099729253	0.746031746031746	0.7503217503217504	0.7537899563216021	1.0	Age-only
N#Cc1ccc(Oc2ccc3c(c2)COB3O)cc1	0	1	0.53832936	0	0.9205866626112541	0.75	0.7676470588235293	0.7752819076348487	1.0	Age-only
N#Cc1ccc2[nH]cc(CCCCN3CCN(c4ccc5oc(C(N)=O)cc5c4)CC3)c2c1	0	1	0.5207648	0	0.8900074750603594	0.7073170731707317	0.7179240887914496	0.7215591342959033	1.0	Age-only
N=C(N=C(N)NCCCCCCN=C(N)N=C(N)Nc1ccc(Cl)cc1)Nc1ccc(Cl)cc1	0	1	0.5189357	0	0.9145574979188166	0.7733333333333333	0.8055141242937853	0.8108047502907186	1.0	Age-only
NC(=O)C1CCC2CN1C(=O)N2OS(=O)(=O)O	0	0	0.40218437	0	0.9086937604724937	0.7796610169491526	0.7822193795970579	0.7873058539831805	1.0	Age-only
NC(=O)CS(=O)C(c1ccccc1)c1ccccc1	0	1	0.5752541	0	0.8785982866151163	0.6938775510204082	0.7019949950381845	0.709997219465658	1.0	Age-only
NC(=O)c1cccc2cn(-c3ccc(C4CCCNC4)cc3)nc12	1	0	0.4603436	0	0.8874919374897886	0.7640449438202247	0.7675178753830438	0.7715166647750916	1.0	Age-only
NC(O)=NO	0	0	0.4754133	0	0.9652555093068816	0.75	0.8025252525252526	0.8094837261503929	1.0	Age-only
NCC(=O)CCC(=O)O	0	0	0.4498279	0	0.928755566865077	0.6129032258064516	0.6842473118279571	0.7005077658303465	1.0	Age-only
NCC1CCC(C(=O)O)CC1	1	0	0.41030926	0	0.9150705253422782	0.75	0.7588235294117647	0.7684407096171801	1.0	Age-only
NCCCCC(NC(CCc1ccccc1)C(=O)O)C(=O)N1CCCC1C(=O)O	1	0	0.47722885	0	0.8725936451617512	0.6101694915254238	0.6426449047917975	0.6667415462968376	1.0	Age-only
NNCCc1ccccc1	0	1	0.5762112	0	0.9037286247112591	0.75	0.7524390243902438	0.7554702398875841	1.0	Age-only
NS(=O)(=O)Cc1noc2ccccc12	0	1	0.5426896	0	0.9018226074231361	0.7142857142857143	0.7590080862533692	0.7661284387969024	1.0	Age-only
NS(=O)(=O)c1cc2c(cc1C(F)(F)F)NC(Cc1ccccc1)NS2(=O)=O	0	1	0.5736392	0	0.9002868899113055	0.6721311475409836	0.6805620608899298	0.7181100538477588	1.0	Age-only
Nc1cc(Cl)c(NC2=NCCN2)c(Cl)c1	1	0	0.471871	0	0.9214656648196863	0.717391304347826	0.7564806249357591	0.771155727626074	1.0	Age-only
O=C(CCCCCCC(O)=NO)Nc1ccccc1	1	1	0.5308052	0	0.8855588759782802	0.7435897435897436	0.7456410256410256	0.7521367521367521	1.0	Age-only
O=C(CCCc1ccccc1)OCC(COC(=O)CCCc1ccccc1)OC(=O)CCCc1ccccc1	1	1	0.5586443	0	0.8782593508200163	0.48717948717948717	0.5683640303358612	0.6342864881597275	1.0	Age-only
O=C(NCc1c(F)cc(F)cc1F)c1cn2c(c(O)c1=O)C(=O)N1C3CCC(C3)OC1C2	0	0	0.3369075	0	0.8942226240168427	0.7714285714285715	0.7731141678688258	0.7752645135956201	0.9863013698630136	Age-only
O=C(Nc1c(Cl)cncc1Cl)c1ccc(OC(F)F)c(OCC2CC2)c1	0	0	0.4372801	0	0.8737475035984926	0.7325581395348837	0.7395434023341	0.7472853856173824	0.9830508474576272	Age-only
O=C(O)CCCCC1SCC2NC(=O)NC21	1	0	0.39662117	0	0.9077985593684527	0.7096774193548387	0.718343765045739	0.7491532321482598	1.0	Age-only
O=C(O)CCCCCCCC(=O)O	0	0	0.47888806	0	0.9279906272886931	0.65	0.6692022792022793	0.6868878035544702	1.0	Age-only
O=C(O)CCCN1CCC(OC(c2ccc(Cl)cc2)c2ccccn2)CC1	0	0	0.36760706	0	0.8618967928337373	0.5074626865671642	0.5611940298507463	0.588155114836775	1.0	Age-only
O=C(O)CCCc1ccc(N(CCCl)CCCl)cc1	0	1	0.6568675	0	0.8938889121342557	0.4634146341463415	0.49954526663910703	0.6201380907457799	1.0	Age-only
O=C(O)CCc1nc(-c2ccccc2)c(-c2ccccc2)o1	0	1	0.5517925	0	0.8838355526054321	0.7333333333333333	0.743057525610717	0.7541945995743918	1.0	Age-only
O=C(O)CNC(=O)c1ncc(-c2cccc(Cl)c2)cc1O	1	1	0.5453282	0	0.8768016756257024	0.7090909090909091	0.7133044733044733	0.7265271765271765	1.0	Age-only
O=C(O)Cc1ccccc1Nc1c(Cl)cccc1Cl	1	1	0.56624144	0	0.8781788312105328	0.6428571428571429	0.6625034539928156	0.6916659978183607	1.0	Age-only
O=C(O)c1ccc(-n2nc(-c3ccccc3O)nc2-c2ccccc2O)cc1	0	1	0.5827395	0	0.8759595500727305	0.7567567567567568	0.7567567567567568	0.7577857360466057	1.0	Age-only
O=C(O)c1ccc2nc(-c3cc(Cl)cc(Cl)c3)oc2c1	1	0	0.4523873	0	0.8920898880001723	0.75	0.7574074074074074	0.764485596707819	1.0	Age-only
O=C(O)c1cccnc1	0	1	0.52305025	0	0.884281204414869	0.4375	0.5978188077721185	0.6365806242008846	1.0	Age-only
O=C(O)c1cn(C2CC2)c2cc(N3CCNCC3)c(F)cc2c1=O	1	0	0.3181116	0	0.8938012268737081	0.7349397590361446	0.7425023169601482	0.7481999554568903	0.9841269841269841	Age-only
O=C(OC1C[N+]2(CCCOc3ccccc3)CCC1CC2)C(O)(c1cccs1)c1cccs1	0	0	0.458219	0	0.8851815713975395	0.5409836065573771	0.6774179309220802	0.7125657579397376	0.9836065573770492	Age-only
O=C1C(CCC(O)c2ccc(F)cc2)C(c2ccc(O)cc2)N1c1ccc(F)cc1	1	0	0.49103218	0	0.8934926025893466	0.75	0.750943396226415	0.7558151143056803	0.9818181818181818	Age-only
O=C1CCC2(O)C3Cc4ccc(O)c5c4C2(CCN3CC2CC2)C1O5	0	0	0.3887609	0	0.8943334246341583	0.5882352941176471	0.7340721795964762	0.7552502142332465	1.0	Age-only
O=S(=O)(Nc1ccccc1)c1cccc(C=CC(O)=NO)c1	1	0	0.49711746	0	0.904291233549688	0.7384615384615385	0.7400229621125144	0.7546014118938968	1.0	Age-only
O=[N+]([O-])OC1COC2C(O)COC12	1	0	0.45142198	0	0.9243687966691662	0.796875	0.809659090909091	0.8201809764309763	1.0	Age-only
O=[N+]([O-])OC1COC2C(O[N+](=O)[O-])COC12	1	0	0.41796273	0	0.939149767658742	0.819672131147541	0.8219864995178398	0.8303965401361736	1.0	Age-only
O=[N+]([O-])OCC(CO[N+](=O)[O-])O[N+](=O)[O-]	1	0	0.46557397	0	0.9408694638488151	0.8043478260869565	0.8098814229249012	0.8155018894149327	1.0	Age-only
O=c1[nH]cnc2[nH]ncc12	1	0	0.39021873	0	0.9196523924382162	0.7058823529411765	0.7147058823529412	0.7303921568627452	1.0	Age-only
OB1OCc2cc(F)ccc21	0	1	0.5619265	0	0.9197393470912316	0.8	0.800655737704918	0.8025153959580188	1.0	Age-only
OC(CNCC(O)C1CCc2cc(F)ccc2O1)C1CCc2cc(F)ccc2O1	1	1	0.64540225	0	0.8911188127266793	0.7692307692307693	0.77407320175232	0.7780562023564798	1.0	Age-only
OC(c1cc(C(F)(F)F)nc2c(C(F)(F)F)cccc12)C1CCCCN1	1	1	0.55413604	0	0.889951145724214	0.7466666666666667	0.7494460093896713	0.7573306505700872	1.0	Age-only
OC(c1ccccc1)(c1ccccc1)C12CC[N+](CCOCc3ccccc3)(CC1)CC2	1	1	0.5150169	0	0.8956229656007295	0.711864406779661	0.7342008383451797	0.7404026508128367	1.0	Age-only
OC1COC2C(O)COC12	1	0	0.48199713	0	0.9390830956743677	0.8461538461538461	0.8464882943143813	0.8486931747801313	1.0	Age-only
OCC1NCC(O)C(O)C1O	1	1	0.5047383	0	0.9277417302575081	0.7666666666666667	0.7725170068027211	0.78422582708297	1.0	Age-only
OCCN1CC(O)C(O)C(O)C1CO	1	1	0.51513743	0	0.9186333422973351	0.7941176470588235	0.7944777911164465	0.7960250766973456	1.0	Age-only
Oc1c(C2=CCC(c3ccc(Cl)cc3)CC2)c(O)c2ccccc2c1O	0	0	0.46085927	0	0.9103081268234715	0.7714285714285715	0.7763680387409202	0.7819092880875276	1.0	Age-only
c1ccc2c(c1)CCCC2C1=NCCN1	0	1	0.53445065	0	0.9098552887785959	0.7142857142857143	0.7357142857142858	0.7470308123249301	1.0	Age-only
C#CC1(O)CCC2C3CC=C4CC(=O)CCC4C3CCC21CC	0	0	0.28528824	1	0.9042243343709475	0.4098360655737705	0.5909722966296416	0.6752014114067113	1.0	Age-only
C#CC1(O)CCC2C3CCc4cc(O)ccc4C3CCC21C	0	0	0.3813026	1	0.9044088603982174	0.4230769230769231	0.4230769230769231	0.47689237496858655	1.0	Age-only
CC(=O)C1CCC2C3CC=C4CC(=O)CCC4(C)C3CCC12C	1	0	0.21166016	1	0.9061087453175325	0.6714285714285714	0.6906620209059234	0.7112050173935867	1.0	Age-only
CC(=O)OCC(=O)C12N=C(C)OC1CC1C3CC=C4CC(=O)C=CC4(C)C3C(O)CC12C	0	0	0.2311336	1	0.8916077339735263	0.45977011494252873	0.5530063235859275	0.5970276428823751	0.9848484848484849	Age-only
CC(=O)SC1C=C2CC(=O)CCC2(C)C2CCC3(C)C(CCC34CCC(=O)O4)C12	1	0	0.22791086	1	0.9069220173819857	0.7733333333333333	0.7822745098039215	0.7853050108932461	1.0	Age-only
CC(C)(C)c1cc(C(C)(C)C)c(NC(=O)c2c[nH]c3ccccc3c2=O)cc1O	0	1	0.64067686	1	0.8887737620718116	0.7647058823529411	0.7761464434258551	0.7793812431690124	1.0	Age-only
CC(C)N(CCCCOCC(=O)NS(C)(=O)=O)c1cnc(-c2ccccc2)c(-c2ccccc2)n1	1	1	0.50504357	1	0.8708207402029647	0.7362637362637363	0.7463573463573463	0.7534969245336155	1.0	Age-only
CC(C)c1cc(-c2n[nH]c(=O)n2-c2ccc3c(ccn3C)c2)c(O)cc1OP(=O)(O)O	1	0	0.46078607	1	0.8948096738501112	0.7741935483870968	0.7828120106482932	0.7915856212266769	1.0	Age-only
CC(C)c1cccc(C(C)C)c1O	1	1	0.5019562	1	0.8955466145318168	0.7142857142857143	0.7168831168831169	0.7280175022110507	1.0	Age-only
CC(NC(C)(C)C)C(=O)c1cccc(Cl)c1	1	1	0.5361982	1	0.8756644902419887	0.6862745098039216	0.688150042625746	0.6944707087929594	1.0	Age-only
CC(c1nc(-c2ccc(C#N)cc2)cs1)C(O)(Cn1cncn1)c1cc(F)ccc1F	1	0	0.35298637	1	0.9041887871243521	0.5882352941176471	0.6179566563467492	0.6729682091746807	0.9859154929577465	Age-only
CC(c1ncncc1F)C(O)(Cn1cncn1)c1ccc(F)cc1F	1	0	0.38489252	1	0.8985841438571752	0.40384615384615385	0.4637019230769231	0.5724038461538461	1.0	Age-only
CC1(Cn2ccnn2)C(C(=O)O)N2C(=O)CC2S1(=O)=O	0	0	0.27239782	1	0.8841357662760891	0.7164179104477612	0.7238192598650582	0.7415434244303596	0.9833333333333333	Age-only
CC12C=CC(=O)C=C1CCC1C2C(=O)CC2(C)C1CCC2(O)C(=O)CO	0	0	0.27805585	1	0.8979016067007487	0.5972222222222222	0.6130718954248365	0.6478264066995763	1.0	Age-only
CC12C=CC(=O)C=C1CCC1C2C(O)CC2(C)C1CCC2(O)C(=O)CO	0	0	0.33901274	1	0.8958971044843079	0.5571428571428572	0.579047619047619	0.6215925686513922	1.0	Age-only
CC12CCC(=O)C=C1C1CC1C1C2CCC2(C)C1C1CC1C21CCC(=O)O1	1	0	0.33934128	1	0.9220109026787243	0.7702702702702703	0.7870122176971492	0.7959974167929277	1.0	Age-only
CC12CCC(=O)C=C1CCC1C2C(O)CC2(C)C1CCC2(O)C(=O)CO	1	0	0.45159057	1	0.8955860604409641	0.6533333333333333	0.6651666666666667	0.6874152876280537	1.0	Age-only
CC1=C2CC(=O)C=CC2(C)C2C(O)CC3(C)C(CCC3(O)C(=O)CO)C2C1	0	0	0.3503957	1	0.8943927957355562	0.6410256410256411	0.6426906426906427	0.6471720710851145	1.0	Age-only
CC1=NS(=O)(=O)c2cc(Cl)ccc2N1	1	0	0.48029494	1	0.9106722311366315	0.6851851851851852	0.7006905210295041	0.7284610068037564	1.0	Age-only
CCC1(O)C(=O)OCc2c1cc1n(c2=O)Cc2cc3c(CN(C)C)c(O)ccc3nc2-1	0	1	0.5408809	1	0.8845866643055905	0.7752808988764045	0.7784077866376707	0.7815679650465517	1.0	Age-only
CCCC1OC2CC3C4CC=C5CC(=O)C=CC5(C)C4C(O)CC3(C)C2(C(=O)CO)O1	0	0	0.4131391	1	0.899887516396866	0.4166666666666667	0.5380952380952382	0.5916211337559651	1.0	Age-only
CCCCCC(=O)OC1(C(C)=O)CCC2C3CC=C4CC(=O)CCC4(C)C3CCC21C	1	0	0.18097854	1	0.8963279578441724	0.6987951807228916	0.7264573876641491	0.7369207709245273	0.9859154929577465	Age-only
CCCCCCOC(=O)N=C(N)c1ccc(NCc2nc3cc(C(=O)N(CCC(=O)OCC)c4ccccn4)ccc3n2C)cc1	1	1	0.6340154	1	0.884312424767686	0.36046511627906974	0.43064013426036923	0.5714798296246155	1.0	Age-only
CCCSc1ccc2[nH]c(NC(=O)OC)nc2c1	0	1	0.6716325	1	0.875920229773082	0.7432432432432432	0.7472972972972973	0.7538015288015287	1.0	Age-only
CCN(CC)CC(=O)Nc1c(C)cccc1C	1	1	0.60938597	1	0.8727848507046655	0.6122448979591837	0.618327330932373	0.628542604781376	1.0	Age-only
CCN(CCO)CCCC(C)Nc1ccnc2cc(Cl)ccc12	0	1	0.50737786	1	0.8915607904073987	0.14	0.26494117647058824	0.48910622883691623	1.0	Age-only
CCNC(C)Cc1cccc(C(F)(F)F)c1	0	1	0.5837685	1	0.8965897193136032	0.6410256410256411	0.6615384615384616	0.6800976800976802	1.0	Age-only
CCOC(=O)N1CCC(=C2c3ccc(Cl)cc3CCc3cccnc32)CC1	0	0	0.34510738	1	0.8665672266334042	0.6753246753246753	0.7089358402791239	0.7244164450024418	1.0	Age-only
CCc1c2c(nc3ccc(OC(=O)N4CCC(N5CCCCC5)CC4)cc13)-c1cc3c(c(=O)n1C2)COC(=O)C3(O)CC	0	0	0.39861745	1	0.8796919815965445	0.7699115044247787	0.772729203539823	0.7789419862340216	0.989010989010989	Age-only
CN(C)C(=O)Oc1ccc[n+](C)c1	1	1	0.71799684	1	0.89204061653427	0.673469387755102	0.7089213560974359	0.7349766116377413	1.0	Age-only
CN(C)C(=O)Oc1cccc([N+](C)(C)C)c1	1	1	0.71246636	1	0.8864381115217551	0.5957446808510638	0.6600783874580067	0.7075110810553141	1.0	Age-only
CN1CCC(=C2c3ccccc3C=Cc3ccccc32)CC1	1	1	0.6320718	1	0.903938264142654	0.6842105263157895	0.6892230576441104	0.7121198056870571	1.0	Age-only
CN1CCN2c3ncccc3Cc3ccccc3C2C1	0	0	0.33052555	1	0.8945634361313318	0.7166666666666667	0.7254831670274362	0.7281377789957062	1.0	Age-only
CNC(=O)c1cc(Oc2ccc(NC(=O)Nc3ccc(Cl)c(C(F)(F)F)c3)c(F)c2)ccn1	1	0	0.42018008	1	0.8937782570117019	0.7380952380952381	0.7385093167701863	0.7441395733321198	0.9850746268656716	Age-only
CNC(=O)c1cc(Oc2ccc(NC(=O)Nc3ccc(Cl)c(C(F)(F)F)c3)cc2)ccn1	0	1	0.515209	1	0.890943638168683	0.7341772151898734	0.7361585030269675	0.7387610336741557	1.0	Age-only
CNC1(c2ccccc2Cl)CCCCC1=O	1	1	0.53492963	1	0.8906506753200528	0.75	0.7598412698412698	0.7680599647266314	1.0	Age-only
CNCCC(Oc1ccc(C(F)(F)F)cc1)c1ccccc1	1	1	0.5992018	1	0.8898254942493019	0.4418604651162791	0.47801667397981573	0.5502094943579304	1.0	Age-only
CNCCC=C1c2ccccc2CCc2ccccc21	1	1	0.5055556	1	0.8979121688015306	0.3888888888888889	0.42474747474747476	0.4904054091045961	1.0	Age-only
COC(=O)C(c1ccccc1Cl)N1CCc2sccc2C1	1	1	0.6127893	1	0.8650336235454943	0.5857142857142857	0.6737223340040241	0.7006790744466801	1.0	Age-only
COC(=O)C1=C(C)N=C(C)C(C(=O)OC)C1c1ccccc1[N+](=O)[O-]	1	1	0.67243385	1	0.8793127004910426	0.4827586206896552	0.5249492900608519	0.5890241153932838	1.0	Age-only
COC(c1ccccc1)(c1ccccc1)C(Oc1nc(C)cc(C)n1)C(=O)O	1	0	0.46282464	1	0.8739818922659319	0.7307692307692307	0.7335435056746532	0.7367422768151365	1.0	Age-only
COc1cc2c(c(OC)c1OC)-c1ccc(OC)c(=O)cc1C(NC(C)=O)CC2	1	1	0.54776025	1	0.8818800352034921	0.75	0.7547619047619047	0.7603974406299986	1.0	Age-only
COc1ccnc(CS(=O)c2nc3cc(OC(F)F)ccc3[nH]2)c1OC	0	1	0.5422444	1	0.8936514901834718	0.4461538461538462	0.4641694537346711	0.4969333404116013	1.0	Age-only
C[N+](C)(C)CC(=O)[O-]	0	0	0.44077557	1	0.9205550382058524	0.6956521739130435	0.6976982097186701	0.7083743196275166	1.0	Age-only
C[N+](C)(C)CCOC(=O)CCC(=O)OCC[N+](C)(C)C	1	0	0.34828305	1	0.9117162139984465	0.7222222222222222	0.7252252252252253	0.7523497523497524	1.0	Age-only
Cc1cc(NS(=O)(=O)c2ccc(N)cc2)no1	0	0	0.49092132	1	0.90279942295083	0.6285714285714286	0.6694505494505495	0.710919239490668	1.0	Age-only
Cc1cccc(C(C)c2c[nH]cn2)c1C	1	1	0.50975114	1	0.9104452260166058	0.7962962962962963	0.8014453477868111	0.8047932522747959	1.0	Age-only
Cc1cccc(C)c1NC(=O)C1CCCCN1C	1	1	0.5377894	1	0.8655339688106302	0.27906976744186046	0.2918863049095607	0.38407263853000284	1.0	Age-only
Cc1ccccc1C(=O)Nc1ccc(C(=O)N2CCCC(O)c3cc(Cl)ccc32)c(C)c1	1	0	0.47872257	1	0.877281259561128	0.7411764705882353	0.7456858435681964	0.7477142465377759	1.0	Age-only
Cc1ccnc2c1NC(=O)c1cccnc1N2C1CC1	1	0	0.4979605	1	0.8831395838816009	0.7222222222222222	0.7284627092846271	0.7417506805671484	1.0	Age-only
Cc1nc(Nc2ncc(C(=O)Nc3c(C)cccc3Cl)s2)cc(N2CCN(CCO)CC2)n1	0	0	0.48591584	1	0.8764596323577187	0.71	0.713679012345679	0.7208389751758928	1.0	Age-only
Cc1ncc2n1-c1ccc(Cl)cc1C(c1ccccc1F)=NC2	1	0	0.33957773	1	0.8994934134242036	0.5789473684210527	0.6077732793522268	0.6674009258050007	1.0	Age-only
Cc1nnc2n1-c1ccc(Cl)cc1C(c1ccccc1)=NC2	1	0	0.33766228	1	0.9002791500391346	0.42	0.47393103448275864	0.5707814875630968	1.0	Age-only
Clc1ccc2c(c1)CCc1cccnc1C2=C1CCNCC1	1	0	0.39540714	1	0.9199135525417723	0.7540983606557377	0.7587090163934426	0.7654864905889496	1.0	Age-only
Cn1cnc2c(F)c(Nc3ccc(Br)cc3Cl)c(C(=O)NOCCO)cc21	0	0	0.43091238	1	0.8829142764966273	0.7575757575757576	0.7635816814764184	0.7709243544930322	0.9846153846153847	Age-only
N=C(N)NC(=O)Cc1c(Cl)cccc1Cl	1	0	0.49605513	1	0.8827980790575181	0.6428571428571429	0.6581453634085214	0.6902933099516569	1.0	Age-only
NS(=O)(=O)c1cc(C(=O)O)c(NCc2ccco2)cc1Cl	1	0	0.39797696	1	0.8834740061728908	0.7446808510638298	0.745014601585315	0.7481476602087893	1.0	Age-only
NS(=O)(=O)c1cc2c(cc1Cl)NCNS2(=O)=O	0	0	0.35237882	1	0.9234633542709964	0.6721311475409836	0.7622196567382437	0.7847381834505966	1.0	Age-only
Nc1nc(=O)c2ncn(COCCO)c2[nH]1	0	0	0.3027374	1	0.8955933660469408	0.32608695652173914	0.40254872563718147	0.4862376504055665	1.0	Age-only
O=C(CCCN1CCC(O)(c2ccc(Cl)cc2)CC1)c1ccc(F)cc1	1	0	0.4081019	1	0.8809456628807483	0.44642857142857145	0.5076036866359447	0.5676183420783248	0.9803921568627451	Age-only
O=C(O)C1C(=CCO)OC2CC(=O)N21	0	0	0.29985338	1	0.8959998814622168	0.7868852459016393	0.7919954776710005	0.7955530431505557	1.0	Age-only
O=C(O)c1cc(N=Nc2ccc(S(=O)(=O)Nc3ccccn3)cc2)ccc1O	1	0	0.45506072	1	0.8882245774496397	0.576271186440678	0.6191878265911486	0.6536841915662115	1.0	Age-only
O=C1CN=C(c2ccccc2Cl)c2cc([N+](=O)[O-])ccc2N1	0	1	0.59564686	1	0.9055190770863255	0.734375	0.7367537313432836	0.7438585028444276	1.0	Age-only
O=C1N=C(c2ccccc2Cl)c2cc(Cl)ccc2NC1O	0	1	0.5924006	1	0.8881073750243111	0.7	0.7013793103448276	0.7064161041172535	1.0	Age-only
S=P(N1CC1)(N1CC1)N1CC1	0	0	0.44633186	1	0.973807479461553	0.8787878787878788	0.8815210932857991	0.8851293361097283	1.0	Age-only
C#CC1(O)C=CC2C3CC=C4CC(=O)CCC4C3CCC21CC	1	0	0.3386404	1	0.9075296937857498	0.6056338028169014	0.7080793428647998	0.7489329682582221	1.0	Age-only
C#CC1(O)CCC2C3CC=C4CC(=O)CCC4C3C(=C)CC21CC	0	0	0.2670402	1	0.9080338556615719	0.3492063492063492	0.5459283868586194	0.655746650707891	1.0	Age-only
C#CC1(O)CCC2C3CC=C4CC(=O)CCC4C3CCC21C	0	0	0.31358975	1	0.9134118704101163	0.582089552238806	0.6595803036101544	0.7106145140035548	1.0	Age-only
C#CC1(O)CCC2C3CC=C4CC(=O)CCC4C3CCC21CC	0	0	0.29824	1	0.9042243343709475	0.4098360655737705	0.5909722966296416	0.6752014114067113	1.0	Age-only
C#CC1(O)CCC2C3CCc4cc(O)ccc4C3CCC21C	0	0	0.39749235	1	0.9044088603982174	0.4230769230769231	0.4230769230769231	0.47689237496858655	1.0	Age-only
C#CC1(OC(C)=O)CCC2C3CCC4=CC(=NO)CCC4C3CCC21CC	0	0	0.4436833	1	0.9049212733962148	0.3064516129032258	0.6286992740609779	0.7085338552651845	0.9859154929577465	Age-only
CC(=O)OC1(C(C)=O)CCC2C3CC(C)=C4CC(=O)CCC4(C)C3CCC21C	0	0	0.33045802	1	0.9116055612330186	0.6056338028169014	0.7151557460706266	0.7453246208328879	1.0	Age-only
CC(=O)OCC(=O)C12N=C(C)OC1CC1C3CC=C4CC(=O)C=CC4(C)C3C(O)CC12C	0	0	0.24191162	1	0.8916077339735263	0.45977011494252873	0.5530063235859275	0.5970276428823751	0.9848484848484849	Age-only
CC(=O)[O-]	1	1	0.5426338	1	0.9330930603462747	0.5	0.5	0.5326797385620916	1.0	Age-only
CC(C)(C)c1cc(C(C)(C)C)c(NC(=O)c2c[nH]c3ccccc3c2=O)cc1O	0	1	0.6575239	1	0.8887737620718116	0.7647058823529411	0.7761464434258551	0.7793812431690124	1.0	Age-only
CC(C)N(CCCCOCC(=O)NS(C)(=O)=O)c1cnc(-c2ccccc2)c(-c2ccccc2)n1	1	1	0.5170411	1	0.8708207402029647	0.7362637362637363	0.7463573463573463	0.7534969245336155	1.0	Age-only
CC(C)c1cc(-c2n[nH]c(=O)n2-c2ccc3c(ccn3C)c2)c(O)cc1OP(=O)(O)O	0	0	0.47917485	1	0.8948096738501112	0.7741935483870968	0.7828120106482932	0.7915856212266769	1.0	Age-only
CC(C)c1cccc(C(C)C)c1O	1	1	0.5204687	1	0.8955466145318168	0.7142857142857143	0.7168831168831169	0.7280175022110507	1.0	Age-only
CC(NC(C)(C)C)C(=O)c1cccc(Cl)c1	1	1	0.55424166	1	0.8756644902419887	0.6862745098039216	0.688150042625746	0.6944707087929594	1.0	Age-only
CC(NCCCc1cccc(C(F)(F)F)c1)c1cccc2ccccc12	0	1	0.5650351	1	0.8927475744356715	0.7333333333333333	0.7374863387978141	0.744980979641401	1.0	Age-only
CC(c1ncncc1F)C(O)(Cn1cncn1)c1ccc(F)cc1F	1	0	0.40057117	1	0.8985841438571752	0.40384615384615385	0.4637019230769231	0.5724038461538461	1.0	Age-only
CC1(Cn2ccnn2)C(C(=O)O)N2C(=O)CC2S1(=O)=O	0	0	0.28554294	1	0.8841357662760891	0.7164179104477612	0.7238192598650582	0.7415434244303596	0.9833333333333333	Age-only
CC12C=CC(=O)C=C1CCC1C2C(=O)CC2(C)C1CCC2(O)C(=O)CO	0	0	0.29148802	1	0.8979016067007487	0.5972222222222222	0.6130718954248365	0.6478264066995763	1.0	Age-only
CC12C=CC(=O)C=C1CCC1C2C(O)CC2(C)C1CCC2(O)C(=O)CO	0	0	0.35339034	1	0.8958971044843079	0.5571428571428572	0.579047619047619	0.6215925686513922	1.0	Age-only
CC12CCC(=O)C=C1C1CC1C1C2CCC2(C)C1C1CC1C21CCC(=O)O1	0	0	0.35537693	1	0.9220109026787243	0.7702702702702703	0.7870122176971492	0.7959974167929277	1.0	Age-only
CC12CCC(=O)C=C1CCC1C2C(O)CC2(C)C1CCC2(O)C(=O)CO	0	0	0.46688733	1	0.8955860604409641	0.6533333333333333	0.6651666666666667	0.6874152876280537	1.0	Age-only
CC12CCC(=O)C=C1CCC1C2CCC2(C)C(O)CCC12	1	0	0.42553112	1	0.9056248486352502	0.5818181818181818	0.6182243985522674	0.6552548490832001	1.0	Age-only
CC1=C2CC(=O)C=CC2(C)C2C(O)CC3(C)C(CCC3(O)C(=O)CO)C2C1	1	0	0.36182	1	0.8943927957355562	0.6410256410256411	0.6426906426906427	0.6471720710851145	1.0	Age-only
CC1CC(OC(=O)c2ccccc2O)CC(C)(C)C1	1	1	0.5199365	1	0.8743104775199663	0.6666666666666666	0.7234972677595629	0.7314448422419028	1.0	Age-only
CCC1(O)C(=O)OCc2c1cc1n(c2=O)Cc2cc3c(CN(C)C)c(O)ccc3nc2-1	0	1	0.5538374	1	0.8845866643055905	0.7752808988764045	0.7784077866376707	0.7815679650465517	1.0	Age-only
CCCC1OC2CC3C4CC=C5CC(=O)C=CC5(C)C4C(O)CC3(C)C2(C(=O)CO)O1	0	0	0.42564988	1	0.899887516396866	0.4166666666666667	0.5380952380952382	0.5916211337559651	1.0	Age-only
CCCCC(CC)COC(=O)c1ccccc1O	1	1	0.55189615	1	0.8676552567434844	0.49019607843137253	0.5153942428035043	0.5965153200760209	1.0	Age-only
CCN(CC)CC(=O)Nc1c(C)cccc1C	1	1	0.62068295	1	0.8727848507046655	0.6122448979591837	0.618327330932373	0.628542604781376	1.0	Age-only
CCN(CCO)CCCC(C)Nc1ccnc2cc(Cl)ccc12	1	1	0.52198255	1	0.8915607904073987	0.14	0.26494117647058824	0.48910622883691623	1.0	Age-only
CCNC(C)Cc1cccc(C(F)(F)F)c1	0	1	0.6031954	1	0.8965897193136032	0.6410256410256411	0.6615384615384616	0.6800976800976802	1.0	Age-only
CCOC(=O)N1CCC(=C2c3ccc(Cl)cc3CCc3cccnc32)CC1	0	0	0.35675067	1	0.8665672266334042	0.6753246753246753	0.7089358402791239	0.7244164450024418	1.0	Age-only
CCc1c2c(nc3ccc(OC(=O)N4CCC(N5CCCCC5)CC4)cc13)-c1cc3c(c(=O)n1C2)COC(=O)C3(O)CC	1	0	0.41187924	1	0.8796919815965445	0.7699115044247787	0.772729203539823	0.7789419862340216	0.989010989010989	Age-only
CN1CCC(=C2c3ccccc3C=Cc3ccccc32)CC1	1	1	0.6483406	1	0.903938264142654	0.6842105263157895	0.6892230576441104	0.7121198056870571	1.0	Age-only
CN1CCN2c3ncccc3Cc3ccccc3C2C1	1	0	0.34583157	1	0.8945634361313318	0.7166666666666667	0.7254831670274362	0.7281377789957062	1.0	Age-only
CNC(=O)c1cc(Oc2ccc(NC(=O)Nc3ccc(Cl)c(C(F)(F)F)c3)c(F)c2)ccn1	1	0	0.43650654	1	0.8937782570117019	0.7380952380952381	0.7385093167701863	0.7441395733321198	0.9850746268656716	Age-only
CNC(=O)c1cc(Oc2ccc(NC(=O)Nc3ccc(Cl)c(C(F)(F)F)c3)cc2)ccn1	0	1	0.5327047	1	0.890943638168683	0.7341772151898734	0.7361585030269675	0.7387610336741557	1.0	Age-only
CNC1(c2ccccc2Cl)CCCCC1=O	0	1	0.55159503	1	0.8906506753200528	0.75	0.7598412698412698	0.7680599647266314	1.0	Age-only
CNCCC(Oc1ccc(C(F)(F)F)cc1)c1ccccc1	1	1	0.6165266	1	0.8898254942493019	0.4418604651162791	0.47801667397981573	0.5502094943579304	1.0	Age-only
CNCCC=C1c2ccccc2CCc2ccccc21	1	1	0.51914376	1	0.8979121688015306	0.3888888888888889	0.42474747474747476	0.4904054091045961	1.0	Age-only
COC(=O)C(c1ccccc1Cl)N1CCc2sccc2C1	1	1	0.6286074	1	0.8650336235454943	0.5857142857142857	0.6737223340040241	0.7006790744466801	1.0	Age-only
COC(=O)C1=C(C)N=C(C)C(C(=O)OC)C1c1ccccc1[N+](=O)[O-]	1	1	0.6889825	1	0.8793127004910426	0.4827586206896552	0.5249492900608519	0.5890241153932838	1.0	Age-only
COC(=O)C1=C(C)N=C(C)C(C(=O)OCCN(C)Cc2ccccc2)C1c1cccc([N+](=O)[O-])c1	1	1	0.75939524	1	0.8692202178890664	0.618421052631579	0.6454712362301102	0.6726660732168689	0.9848484848484849	Age-only
COC(=O)C1C=C2CC(=O)CCC2(C)C23OC2CC2(C)C(CCC24CCC(=O)O4)C13	1	0	0.2861287	1	0.9055944411439653	0.7830188679245284	0.7918592325630698	0.7963159258474077	1.0	Age-only
COC(c1ccccc1)(c1ccccc1)C(Oc1nc(C)cc(C)n1)C(=O)O	1	0	0.48152834	1	0.8739818922659319	0.7307692307692307	0.7335435056746532	0.7367422768151365	1.0	Age-only
COc1cc(C(C)=O)ccc1OCCCN1CCC(c2noc3cc(F)ccc23)CC1	1	1	0.58649033	1	0.8702768235378375	0.5357142857142857	0.5370051635111877	0.553133167590999	0.9850746268656716	Age-only
COc1cc2c(c(OC)c1OC)-c1ccc(OC)c(=O)cc1C(NC(C)=O)CC2	1	1	0.56436586	1	0.8818800352034921	0.75	0.7547619047619047	0.7603974406299986	1.0	Age-only
COc1cc2nc(N3CCN(C(=O)c4ccco4)CC3)nc(N)c2cc1OC	1	0	0.49450856	1	0.8753121046959033	0.4117647058823529	0.413212669683258	0.5354168356065889	1.0	Age-only
COc1cc2nccc(Oc3ccc(NC(=O)C4(C(=O)Nc5ccc(F)cc5)CC4)cc3)c2cc1OC	0	1	0.6746467	1	0.8816304143933902	0.7432432432432432	0.747981981981982	0.7488788788788789	1.0	Age-only
COc1cc2nccc(Oc3ccc(NC(=O)NC4CC4)c(Cl)c3)c2cc1C(N)=O	0	0	0.48733085	1	0.8831467429335078	0.7052631578947368	0.7088721804511279	0.7290733816007395	1.0	Age-only
COc1cccc(-c2c(C)n(Cc3c(F)cccc3C(F)(F)F)c(=O)n(CC(NCCCC(=O)O)c3ccccc3)c2=O)c1F	0	0	0.4629318	1	0.8812144692820839	0.7545454545454545	0.7571520514883346	0.7621280556596677	1.0	Age-only
COc1ccnc(CS(=O)c2nc3cc(OC(F)F)ccc3[nH]2)c1OC	0	1	0.5596837	1	0.8936514901834718	0.4461538461538462	0.4641694537346711	0.4969333404116013	1.0	Age-only
CS(C)=O	1	1	0.5243206	1	0.9651850230372988	0.8181818181818182	0.8388082505729564	0.8596138792217225	1.0	Age-only
C[N+](C)(C)CC(=O)[O-]	0	0	0.45826203	1	0.9205550382058524	0.6956521739130435	0.6976982097186701	0.7083743196275166	1.0	Age-only
C[N+](C)(C)CCOC(=O)CCC(=O)OCC[N+](C)(C)C	1	0	0.36496317	1	0.9117162139984465	0.7222222222222222	0.7252252252252253	0.7523497523497524	1.0	Age-only
Cc1cc(C(C)(C)C)c(O)c(C)c1CC1=NCCN1	1	0	0.4274978	1	0.9071816670058993	0.631578947368421	0.7226748604090264	0.7555349977790259	1.0	Age-only
Cc1cc(NS(=O)(=O)c2ccc(N)cc2)no1	0	1	0.50967264	1	0.90279942295083	0.6285714285714286	0.6694505494505495	0.710919239490668	1.0	Age-only
Cc1ccc(Sc2ccccc2N2CCNCC2)c(C)c1	0	1	0.55152	1	0.9011974774829741	0.7538461538461538	0.7579156327543425	0.7685236542921552	1.0	Age-only
Cc1cccc(C(C)c2c[nH]cn2)c1C	1	1	0.5286054	1	0.9104452260166058	0.7962962962962963	0.8014453477868111	0.8047932522747959	1.0	Age-only
Cc1nc(Nc2ncc(C(=O)Nc3c(C)cccc3Cl)s2)cc(N2CCN(CCO)CC2)n1	0	1	0.5020809	1	0.8764596323577187	0.71	0.713679012345679	0.7208389751758928	1.0	Age-only
Cc1ncc2n1-c1ccc(Cl)cc1C(c1ccccc1F)=NC2	0	0	0.35100046	1	0.8994934134242036	0.5789473684210527	0.6077732793522268	0.6674009258050007	1.0	Age-only
Cc1nnc2n1-c1ccc(Cl)cc1C(c1ccccc1)=NC2	1	0	0.3500287	1	0.9002791500391346	0.42	0.47393103448275864	0.5707814875630968	1.0	Age-only
Cc1nnc2n1-c1ccc(Cl)cc1C(c1ccccc1Cl)=NC2	1	0	0.44379002	1	0.9062696059705402	0.5714285714285714	0.6008928571428571	0.6616982175383814	1.0	Age-only
Clc1ccc2c(c1)CCc1cccnc1C2=C1CCNCC1	1	0	0.41156846	1	0.9199135525417723	0.7540983606557377	0.7587090163934426	0.7654864905889496	1.0	Age-only
Cn1cnc2c(F)c(Nc3ccc(Br)cc3Cl)c(C(=O)NOCCO)cc21	0	0	0.44557202	1	0.8829142764966273	0.7575757575757576	0.7635816814764184	0.7709243544930322	0.9846153846153847	Age-only
N=C(N)NC(=O)Cc1c(Cl)cccc1Cl	1	1	0.5113812	1	0.8827980790575181	0.6428571428571429	0.6581453634085214	0.6902933099516569	1.0	Age-only
NS(=O)(=O)c1cc(C(=O)O)c(NCc2ccco2)cc1Cl	1	0	0.414586	1	0.8834740061728908	0.7446808510638298	0.745014601585315	0.7481476602087893	1.0	Age-only
NS(=O)(=O)c1cc(Cl)c(Cl)c(S(N)(=O)=O)c1	0	0	0.39502457	1	0.9338298388466025	0.7741935483870968	0.7765161290322581	0.7874987855633017	1.0	Age-only
NS(=O)(=O)c1cc2c(cc1Cl)NCNS2(=O)=O	1	0	0.368122	1	0.9234633542709964	0.6721311475409836	0.7622196567382437	0.7847381834505966	1.0	Age-only
Nc1nc(=O)c2ncn(COCCO)c2[nH]1	0	0	0.31866145	1	0.8955933660469408	0.32608695652173914	0.40254872563718147	0.4862376504055665	1.0	Age-only
Nc1nc(CC(=O)Nc2ccc(CCNCC(O)c3ccccc3)cc2)cs1	1	1	0.7043576	1	0.8814027520471291	0.684931506849315	0.6874188896899783	0.6924336015900544	1.0	Age-only
O=C(CCCN1CCC(O)(c2ccc(Cl)cc2)CC1)c1ccc(F)cc1	1	0	0.42306525	1	0.8809456628807483	0.44642857142857145	0.5076036866359447	0.5676183420783248	0.9803921568627451	Age-only
O=C(Nc1nc(-c2cc(Cl)cs2)c(N2CCN(C3CCCCC3)CC2)s1)c1cnc(N2CCC(C(=O)O)CC2)c(Cl)c1	1	0	0.35275745	1	0.8996934157546099	0.7663551401869159	0.772648971814035	0.7789169372030834	1.0	Age-only
O=C(O)C1C(=CCO)OC2CC(=O)N21	0	0	0.31029066	1	0.8959998814622168	0.7868852459016393	0.7919954776710005	0.7955530431505557	1.0	Age-only
O=C(O)c1cc(N=Nc2ccc(S(=O)(=O)Nc3ccccn3)cc2)ccc1O	0	0	0.47305134	1	0.8882245774496397	0.576271186440678	0.6191878265911486	0.6536841915662115	1.0	Age-only
O=C(OC1CC2CC3CC(C1)N2CC3=O)c1c[nH]c2ccccc12	1	1	0.5296368	1	0.8884452206450776	0.71875	0.727	0.7445051353874883	1.0	Age-only
O=C(c1ccccc1)c1ccc2n1CCC2C(=O)O	0	0	0.4457336	1	0.8819038909395136	0.6571428571428571	0.7095421245421245	0.7208226227963068	1.0	Age-only
O=C1CN=C(c2ccccc2Cl)c2cc([N+](=O)[O-])ccc2N1	1	1	0.60919434	1	0.9055190770863255	0.734375	0.7367537313432836	0.7438585028444276	1.0	Age-only
O=C1N=C(c2ccccc2Cl)c2cc(Cl)ccc2NC1O	0	1	0.61050355	1	0.8881073750243111	0.7	0.7013793103448276	0.7064161041172535	1.0	Age-only
S=P(N1CC1)(N1CC1)N1CC1	0	0	0.46332186	1	0.973807479461553	0.8787878787878788	0.8815210932857991	0.8851293361097283	1.0	Age-only
C#CC1(O)C=CC2C3CC=C4CC(=O)CCC4C3CCC21CC	0	0	0.4197047	1	0.9075296937857498	0.6056338028169014	0.7080793428647998	0.7489329682582221	1.0	Age-only
C#CC1(O)CCC2C3CC=C4CC(=O)CCC4C3C(=C)CC21CC	1	0	0.33675122	1	0.9080338556615719	0.3492063492063492	0.5459283868586194	0.655746650707891	1.0	Age-only
C#CC1(O)CCC2C3CC=C4CC(=O)CCC4C3CCC21C	0	0	0.3907928	1	0.9134118704101163	0.582089552238806	0.6595803036101544	0.7106145140035548	1.0	Age-only
C#CC1(O)CCC2C3CC=C4CC(=O)CCC4C3CCC21CC	1	0	0.37099037	1	0.9042243343709475	0.4098360655737705	0.5909722966296416	0.6752014114067113	1.0	Age-only
C#CC1(O)CCC2C3CCc4cc(O)ccc4C3CCC21C	1	0	0.47618374	1	0.9044088603982174	0.4230769230769231	0.4230769230769231	0.47689237496858655	1.0	Age-only
C#CC1(OC(C)=O)CCC2C3CCC4=CC(=NO)CCC4C3CCC21CC	0	1	0.53005147	1	0.9049212733962148	0.3064516129032258	0.6286992740609779	0.7085338552651845	0.9859154929577465	Age-only
C#Cc1cccc(Nc2ncnc3cc(OCCOC)c(OCCOC)cc23)c1	1	1	0.6912124	1	0.8956461451454464	0.7553191489361702	0.7589458413926499	0.7645658714807653	1.0	Age-only
C1N2CN3CN1CN(C2)C3	1	1	0.5057247	1	0.9773779690875144	0.9	0.9054545454545455	0.9091934234791377	1.0	Age-only
C=C1CCN(C(C)C(O)(Cn2cncn2)c2ccc(F)cc2F)CC1	0	0	0.49861413	1	0.8906014772226509	0.42592592592592593	0.4813348001466814	0.5808562337715252	1.0	Age-only
C=CC(=O)N1CCCC(n2nc(-c3ccc(Oc4ccccc4)cc3)c3c(N)ncnc32)C1	1	0	0.21956375	1	0.8834840119558462	0.7425742574257426	0.7469359041167275	0.748821833523968	0.9866666666666667	Age-only
CC#CC(=O)N1CCCC1c1nc(-c2ccc(C(=O)Nc3ccccn3)cc2)c2c(N)nccn12	1	1	0.538495	1	0.880546060572616	0.7419354838709677	0.7521854489596425	0.7584976072540452	1.0	Age-only
CC#CCn1c(N2CCCC(N)C2)nc2c1c(=O)n(Cc1nc(C)c3ccccc3n1)c(=O)n2C	1	1	0.50138724	1	0.8869072297149633	0.7472527472527473	0.7515662724733273	0.7586047592474389	1.0	Age-only
CC(=O)C1(O)CCC2C3=C(C4=C(CC3)CC(=O)CC4)C(c3ccc(N(C)C)cc3)CC21C	0	1	0.54476714	1	0.9000918043834331	0.25396825396825395	0.5720418470418471	0.6713392170321009	1.0	Age-only
CC(=O)C1CCC2C3CC=C4CC(=O)CCC4(C)C3CCC12C	0	0	0.28007615	1	0.9061087453175325	0.6714285714285714	0.6906620209059234	0.7112050173935867	1.0	Age-only
CC(=O)OC1(C(C)=O)CCC2C3=CC(C)=C4CC(=O)CCC4(C)C3CCC21C	1	0	0.42007107	1	0.9018052003695897	0.47692307692307695	0.7115478189234082	0.7425866911286851	1.0	Age-only
CC(=O)OC1(C(C)=O)CCC2C3CC(C)=C4CC(=O)CCC4(C)C3CCC21C	0	0	0.40802142	1	0.9116055612330186	0.6056338028169014	0.7151557460706266	0.7453246208328879	1.0	Age-only
CC(=O)OC1CCC2(C)C(=CCC3C2CCC2(C)C(c4cccnc4)=CCC32)C1	1	0	0.34156767	1	0.8918384166895807	0.7611940298507462	0.7611940298507462	0.7643309135846449	1.0	Age-only
CC(=O)OCC(=O)C12N=C(C)OC1CC1C3CC=C4CC(=O)C=CC4(C)C3C(O)CC12C	1	0	0.30674952	1	0.8916077339735263	0.45977011494252873	0.5530063235859275	0.5970276428823751	0.9848484848484849	Age-only
CC(=O)OCC(CCn1cnc2cnc(N)nc21)COC(C)=O	1	0	0.455747	1	0.878720737546102	0.7297297297297297	0.730795584316711	0.7346506765118895	0.9791666666666666	Age-only
CC(=O)Oc1ccc(C(c2ccc(OC(C)=O)cc2)c2ccccn2)cc1	0	1	0.71898973	1	0.8793517535059152	0.6666666666666666	0.6666666666666666	0.6692506459948321	1.0	Age-only
CC(=O)Oc1ccccc1C(=O)Nc1ncc([N+](=O)[O-])s1	0	1	0.82295287	1	0.8889087043651072	0.5833333333333334	0.6115942028985508	0.662709914883828	1.0	Age-only
CC(=O)SC1C=C2CC(=O)CCC2(C)C2CCC3(C)C(CCC34CCC(=O)O4)C12	1	0	0.30846214	1	0.9069220173819857	0.7733333333333333	0.7822745098039215	0.7853050108932461	1.0	Age-only
CC(=O)[O-]	1	1	0.64188236	1	0.9330930603462747	0.5	0.5	0.5326797385620916	1.0	Age-only
CC(C)(C)NC(=O)C1CN(Cc2cccnc2)CCN1CC(O)CC(Cc1ccccc1)C(=O)NC1c2ccccc2CC1O	1	1	0.50070953	1	0.8799391672647155	0.6782608695652174	0.7104796055580457	0.7223359397048326	0.9878048780487805	Age-only
CC(C)(C)c1cc(C(C)(C)C)c(NC(=O)c2c[nH]c3ccccc3c2=O)cc1O	1	1	0.7296445	1	0.8887737620718116	0.7647058823529411	0.7761464434258551	0.7793812431690124	1.0	Age-only
CC(C)(O)CNc1nc(Nc2ccnc(C(F)(F)F)c2)nc(-c2cccc(C(F)(F)F)n2)n1	0	0	0.48696882	1	0.8963549061565458	0.7209302325581395	0.7335333833458366	0.7427030750361584	1.0	Age-only
CC(C)C(=O)Oc1ccc(CO)cc1C(CCN(C(C)C)C(C)C)c1ccccc1	0	1	0.7288729	1	0.866103688162964	0.5272727272727272	0.6040829346092503	0.6562643983696614	1.0	Age-only
CC(C)N(CCC(C(N)=O)(c1ccccc1)c1ccccn1)C(C)C	1	1	0.538151	1	0.8658330609418468	0.6111111111111112	0.6128205128205129	0.630911680911681	0.9811320754716981	Age-only
CC(C)N(CCCCOCC(=O)NS(C)(=O)=O)c1cnc(-c2ccccc2)c(-c2ccccc2)n1	1	1	0.6036867	1	0.8708207402029647	0.7362637362637363	0.7463573463573463	0.7534969245336155	1.0	Age-only
CC(C)c1cc(-c2n[nH]c(=O)n2-c2ccc3c(ccn3C)c2)c(O)cc1OP(=O)(O)O	0	1	0.56857926	1	0.8948096738501112	0.7741935483870968	0.7828120106482932	0.7915856212266769	1.0	Age-only
CC(C)c1cccc(C(C)C)c1O	1	1	0.6139641	1	0.8955466145318168	0.7142857142857143	0.7168831168831169	0.7280175022110507	1.0	Age-only
CC(NC(C)(C)C)C(=O)c1cccc(Cl)c1	1	1	0.63728046	1	0.8756644902419887	0.6862745098039216	0.688150042625746	0.6944707087929594	1.0	Age-only
CC(NCCCc1cccc(C(F)(F)F)c1)c1cccc2ccccc12	1	1	0.64637756	1	0.8927475744356715	0.7333333333333333	0.7374863387978141	0.744980979641401	1.0	Age-only
CC(NCc1ccc(OCc2cccc(F)c2)cc1)C(N)=O	1	1	0.69751674	1	0.8660228001107447	0.6206896551724138	0.6317629917435649	0.6584601264462039	0.9795918367346939	Age-only
CC(c1nc(-c2ccc(C#N)cc2)cs1)C(O)(Cn1cncn1)c1cc(F)ccc1F	0	0	0.44619444	1	0.9041887871243521	0.5882352941176471	0.6179566563467492	0.6729682091746807	0.9859154929577465	Age-only
CC(c1ncncc1F)C(O)(Cn1cncn1)c1ccc(F)cc1F	0	0	0.479931	1	0.8985841438571752	0.40384615384615385	0.4637019230769231	0.5724038461538461	1.0	Age-only
CC1(C)C(C(=O)O)N2C(=O)CC2S1(=O)=O	1	0	0.40761748	1	0.8969867952414229	0.6792452830188679	0.6847755367599219	0.7003542254030218	1.0	Age-only
CC1(C)CC1C(=O)N=C(CCCCCSCC(N)C(=O)O)C(=O)O	0	0	0.34568337	1	0.9073147621470715	0.7538461538461538	0.7608922030350602	0.7715239334600237	1.0	Age-only
CC1(Cn2ccnn2)C(C(=O)O)N2C(=O)CC2S1(=O)=O	1	0	0.3665799	1	0.8841357662760891	0.7164179104477612	0.7238192598650582	0.7415434244303596	0.9833333333333333	Age-only
CC12C=CC(=O)C=C1CCC1C2C(=O)CC2(C)C1CCC2(O)C(=O)CO	1	0	0.36241356	1	0.8979016067007487	0.5972222222222222	0.6130718954248365	0.6478264066995763	1.0	Age-only
CC12C=CC(=O)C=C1CCC1C2C(O)CC2(C)C1CCC2(O)C(=O)CO	1	0	0.4294969	1	0.8958971044843079	0.5571428571428572	0.579047619047619	0.6215925686513922	1.0	Age-only
CC12CC=C3C4=C(CCC3C1CCC2(O)CC#N)CC(=O)CC4	0	0	0.3370659	1	0.9068301419249649	0.6708860759493671	0.7220129669651125	0.7455783593133237	1.0	Age-only
CC12CCC(=O)C=C1C1CC1C1C2CCC2(C)C1C1CC1C21CCC(=O)O1	1	0	0.4363636	1	0.9220109026787243	0.7702702702702703	0.7870122176971492	0.7959974167929277	1.0	Age-only
CC12CCC(=O)C=C1CCC1C2C(=O)CC2(C)C1CCC2(O)C(=O)CO	0	0	0.4302884	1	0.8985562308231895	0.6883116883116883	0.6963283629950296	0.7129807777955925	1.0	Age-only
CC12CCC(=O)C=C1CCC1C2C(O)CC2(C)C1CCC2(O)C(=O)CO	0	1	0.5467068	1	0.8955860604409641	0.6533333333333333	0.6651666666666667	0.6874152876280537	1.0	Age-only
CC12CCC(=O)C=C1CCC1C2C(O)CC2(C)C1CCC2(O)C(=O)COC(=O)CCC(=O)O	0	0	0.36004037	1	0.8897280436168467	0.6868686868686869	0.7092302333681644	0.7178559315259505	1.0	Age-only
CC12CCC(=O)C=C1CCC1C2CCC2(C)C(O)CCC12	1	1	0.5040314	1	0.9056248486352502	0.5818181818181818	0.6182243985522674	0.6552548490832001	1.0	Age-only
CC12CCC(=O)C=C1CCC1C2CCC2(C)C(OC(=O)CCC3CCCC3)CCC12	1	0	0.3465333	1	0.8930989382939163	0.44285714285714284	0.604642857142857	0.6620780920199524	0.9838709677419355	Age-only
CC12CCC(=O)C=C1CCC1C2CCC2(C)C1CCC2(C)O	1	0	0.4375576	1	0.9096004624072648	0.6833333333333333	0.7166139657444004	0.7322458539849843	1.0	Age-only
CC12CCC(=O)C=C1CCC1C3CCC(O)(C(=O)CO)C3(C)CC(O)C12F	1	0	0.47507137	1	0.895003575455639	0.5072463768115942	0.5294813119755911	0.5757424514946339	0.9848484848484849	Age-only
CC12CCC(O)CC1=CCC1C2CCC2(C)C(c3cccnc3)=CCC12	0	0	0.35597512	1	0.9077023279775148	0.7333333333333333	0.7387793427230046	0.7555646904124869	1.0	Age-only
CC12CCC3C(CC=C4CC(O)CCC43C)C1CCC2=O	0	0	0.34028408	1	0.9025694006387455	0.5555555555555556	0.6479634151067706	0.6998489561050686	1.0	Age-only
CC12CCC3C4=C(CCC3C1CCC2O)CC(=O)CC4	1	0	0.47757715	1	0.9156733531986345	0.5283018867924528	0.5761037641791606	0.6276302791975898	1.0	Age-only
CC1=C2CC(=O)C=CC2(C)C2C(O)CC3(C)C(CCC3(O)C(=O)CO)C2C1	1	0	0.4336018	1	0.8943927957355562	0.6410256410256411	0.6426906426906427	0.6471720710851145	1.0	Age-only
CC1=NS(=O)(=O)c2cc(Cl)ccc2N1	1	1	0.5919813	1	0.9106722311366315	0.6851851851851852	0.7006905210295041	0.7284610068037564	1.0	Age-only
CC1CC(OC(=O)c2ccccc2O)CC(C)(C)C1	0	1	0.6080742	1	0.8743104775199663	0.6666666666666666	0.7234972677595629	0.7314448422419028	1.0	Age-only
CC1CNCCc2ccc(Cl)cc21	0	0	0.47007754	1	0.9092615108523003	0.7058823529411765	0.7068627450980393	0.7288195980146445	1.0	Age-only
CC1Cc2ccccc2N1NC(=O)c1ccc(Cl)c(S(N)(=O)=O)c1	1	0	0.49859488	1	0.8743466569888013	0.7049180327868853	0.7147323646299056	0.7265612897884184	1.0	Age-only
CCC(=O)NS(=O)(=O)c1ccc(-c2c(-c3ccccc3)noc2C)cc1	1	1	0.5611973	1	0.876266034122371	0.6891891891891891	0.7065143546968209	0.7165015336077345	1.0	Age-only
CCC1(O)C(=O)OCc2c1cc1n(c2=O)Cc2cc3c(CN(C)C)c(O)ccc3nc2-1	0	1	0.6402898	1	0.8845866643055905	0.7752808988764045	0.7784077866376707	0.7815679650465517	1.0	Age-only
CCCC(=O)OCOC(=O)C1=C(C)N=C(C)C(C(=O)OC)C1c1cccc(Cl)c1Cl	1	1	0.7732353	1	0.867602724760411	0.2037037037037037	0.32222222222222224	0.4529141544645421	0.9827586206896551	Age-only
CCCC1OC2CC3C4CC=C5CC(=O)C=CC5(C)C4C(O)CC3(C)C2(C(=O)CO)O1	1	0	0.49292397	1	0.899887516396866	0.4166666666666667	0.5380952380952382	0.5916211337559651	1.0	Age-only
CCCCC(CC)COC(=O)c1ccccc1O	0	1	0.6477404	1	0.8676552567434844	0.49019607843137253	0.5153942428035043	0.5965153200760209	1.0	Age-only
CCCCCC(=O)OC1(C(C)=O)CCC2C3CC=C4CC(=O)CCC4(C)C3CCC21C	0	0	0.24196056	1	0.8963279578441724	0.6987951807228916	0.7264573876641491	0.7369207709245273	0.9859154929577465	Age-only
CCCCCCC(=O)OC1CCC2C3CC=C4CC(=O)CCC4(C)C3CCC12C	1	0	0.23000467	1	0.8934736015627986	0.625	0.6837349397590362	0.7085242932514372	1.0	Age-only
CCCCCCCN(CC)CCCC(O)c1ccc(NS(C)(=O)=O)cc1	1	1	0.8458319	1	0.8890582245280844	0.5102040816326531	0.5405956977385549	0.6070009264573039	1.0	Age-only
CCCCCCOC(=O)N=C(N)c1ccc(NCc2nc3cc(C(=O)N(CCC(=O)OCC)c4ccccn4)ccc3n2C)cc1	1	1	0.7161728	1	0.884312424767686	0.36046511627906974	0.43064013426036923	0.5714798296246155	1.0	Age-only
CCCCNc1cc(C(=O)O)cc(S(N)(=O)=O)c1Oc1ccccc1	1	1	0.62977993	1	0.8638467866364824	0.6557377049180327	0.6600740349021681	0.6802555554524717	0.9803921568627451	Age-only
CCCN(CCC)CCc1cccc2[nH]c(O)cc12	0	1	0.7900288	1	0.8950524410286287	0.7534246575342466	0.7535593981585448	0.7546663149627443	1.0	Age-only
CCCN(CCc1cccs1)C1CCc2c(O)cccc2C1	0	1	0.5976453	1	0.8914992187825269	0.6933333333333334	0.7382028985507245	0.754230867022629	1.0	Age-only
CCCSc1ccc2[nH]c(NC(=O)OC)nc2c1	0	1	0.7608372	1	0.875920229773082	0.7432432432432432	0.7472972972972973	0.7538015288015287	1.0	Age-only
CCN(CC)CC(=O)Nc1c(C)cccc1C	1	1	0.70724005	1	0.8727848507046655	0.6122448979591837	0.618327330932373	0.628542604781376	1.0	Age-only
CCN(CC)CCN1C(=O)CN=C(c2ccccc2F)c2cc(Cl)ccc21	0	1	0.62897754	1	0.8810845341235699	0.5	0.5375	0.6045751633986929	1.0	Age-only
CCN(CCO)CCCC(C)Nc1ccnc2cc(Cl)ccc12	1	1	0.59609276	1	0.8915607904073987	0.14	0.26494117647058824	0.48910622883691623	1.0	Age-only
CCNC(C)Cc1cccc(C(F)(F)F)c1	1	1	0.6857806	1	0.8965897193136032	0.6410256410256411	0.6615384615384616	0.6800976800976802	1.0	Age-only
CCOC(=O)N1CCC(=C2c3ccc(Cl)cc3CCc3cccnc32)CC1	1	0	0.44331422	1	0.8665672266334042	0.6753246753246753	0.7089358402791239	0.7244164450024418	1.0	Age-only
CCc1c2c(nc3ccc(OC(=O)N4CCC(N5CCCCC5)CC4)cc13)-c1cc3c(c(=O)n1C2)COC(=O)C3(O)CC	1	0	0.49410024	1	0.8796919815965445	0.7699115044247787	0.772729203539823	0.7789419862340216	0.989010989010989	Age-only
CCc1cc2c(cc1N1CCC(N3CCOCC3)CC1)C(C)(C)c1[nH]c3cc(C#N)ccc3c1C2=O	0	1	0.55624926	1	0.8966853825577012	0.7238095238095238	0.7449240121580547	0.7590232898227113	1.0	Age-only
CN(C)C(=O)NC1CCC(CCN2CCN(c3cccc(Cl)c3Cl)CC2)CC1	0	1	0.70587194	1	0.8670330474339732	0.631578947368421	0.6465964912280702	0.6764358016862774	0.9841269841269841	Age-only
CN(C)C(=O)Oc1ccc[n+](C)c1	1	1	0.79699427	1	0.89204061653427	0.673469387755102	0.7089213560974359	0.7349766116377413	1.0	Age-only
CN(C)C(=O)Oc1cccc([N+](C)(C)C)c1	1	1	0.79082245	1	0.8864381115217551	0.5957446808510638	0.6600783874580067	0.7075110810553141	1.0	Age-only
CN(C)CC=CC(=O)Nc1cc2c(Nc3ccc(F)c(Cl)c3)ncnc2cc1OC1CCOC1	0	0	0.4224667	1	0.8835437132332721	0.7368421052631579	0.748649885583524	0.7537920360208246	0.9875	Age-only
CN(CC=CC#CC(C)(C)C)Cc1cccc2ccccc12	0	1	0.66497207	1	0.91164537958825	0.64	0.768	0.783809523809524	1.0	Age-only
CN1C(=O)C(O)N=C(c2ccccc2)c2cc(Cl)ccc21	1	0	0.46870577	1	0.8764429564103338	0.40816326530612246	0.4487528344671202	0.5300717658628565	1.0	Age-only
CN1C(C(=O)Nc2ccccn2)C(=O)c2ccccc2S1(=O)=O	0	1	0.6346238	1	0.8788710145525198	0.36538461538461536	0.5268386123680241	0.6372347335633338	1.0	Age-only
CN1CCC(=C2c3ccccc3C=Cc3ccccc32)CC1	1	1	0.7197138	1	0.903938264142654	0.6842105263157895	0.6892230576441104	0.7121198056870571	1.0	Age-only
CN1CCC(C(=O)c2cccc(NC(=O)c3c(F)cc(F)cc3F)n2)CC1	0	0	0.4730741	1	0.867740256134623	0.7303370786516854	0.730739560623847	0.7319540172922526	0.9836065573770492	Age-only
CN1CCN2c3c(cccc31)C1CN(CCCC(=O)c3ccc(F)cc3)CCC12	0	0	0.46683067	1	0.8740223853923259	0.6142857142857143	0.6454205136813832	0.6837226472899601	0.9852941176470589	Age-only
CN1CCN2c3ncccc3Cc3ccccc3C2C1	1	0	0.42240208	1	0.8945634361313318	0.7166666666666667	0.7254831670274362	0.7281377789957062	1.0	Age-only
CNC(=O)c1c(C)oc2cc(Oc3ncnc4cc(OC)c(OC)cc34)ccc12	0	1	0.6827286	1	0.8927544748048135	0.7466666666666667	0.7675151515151514	0.7701924001924001	1.0	Age-only
CNC(=O)c1cc(Oc2ccc(NC(=O)Nc3ccc(Cl)c(C(F)(F)F)c3)c(F)c2)ccn1	1	1	0.51355326	1	0.8937782570117019	0.7380952380952381	0.7385093167701863	0.7441395733321198	0.9850746268656716	Age-only
CNC(=O)c1cc(Oc2ccc(NC(=O)Nc3ccc(Cl)c(C(F)(F)F)c3)cc2)ccn1	1	1	0.61448807	1	0.890943638168683	0.7341772151898734	0.7361585030269675	0.7387610336741557	1.0	Age-only
CNC(C)C1CCC(N)C(OC2C(N)CC(N)C(OC3OCC(C)(O)C(NC)C3O)C2O)O1	0	1	0.6193025	1	0.926616560959777	0.8315789473684211	0.8322534491568728	0.8336288973616515	1.0	Age-only
CNC1(c2ccccc2Cl)CCCCC1=O	1	1	0.6354316	1	0.8906506753200528	0.75	0.7598412698412698	0.7680599647266314	1.0	Age-only
CNCC(=O)OCc1cccnc1N(C)C(=O)OC(C)[n+]1cnn(CC(O)(c2cc(F)ccc2F)C(C)c2nc(-c3ccc(C#N)cc3)cs2)c1	1	1	0.5341258	1	0.8961474877695754	0.7698412698412699	0.7720773954350597	0.7770563604894953	0.981651376146789	Age-only
CNCCC(Oc1ccc(C(F)(F)F)cc1)c1ccccc1	1	1	0.6983848	1	0.8898254942493019	0.4418604651162791	0.47801667397981573	0.5502094943579304	1.0	Age-only
CNCCC=C1c2ccccc2CCc2ccccc21	1	1	0.5955385	1	0.8979121688015306	0.3888888888888889	0.42474747474747476	0.4904054091045961	1.0	Age-only
COC(=O)C(c1ccccc1Cl)N1CCc2sccc2C1	1	1	0.70365393	1	0.8650336235454943	0.5857142857142857	0.6737223340040241	0.7006790744466801	1.0	Age-only
COC(=O)C1=C(C)N=C(C)C(C(=O)OC)C1c1ccccc1[N+](=O)[O-]	1	1	0.7564303	1	0.8793127004910426	0.4827586206896552	0.5249492900608519	0.5890241153932838	1.0	Age-only
COC(=O)C1=C(C)N=C(C)C(C(=O)OCCN(C)Cc2ccccc2)C1c1cccc([N+](=O)[O-])c1	1	1	0.81461215	1	0.8692202178890664	0.618421052631579	0.6454712362301102	0.6726660732168689	0.9848484848484849	Age-only
COC(=O)C1C=C2CC(=O)CCC2(C)C23OC2CC2(C)C(CCC24CCC(=O)O4)C13	1	0	0.35815632	1	0.9055944411439653	0.7830188679245284	0.7918592325630698	0.7963159258474077	1.0	Age-only
COC(=O)CCC1N=C(c2ccccn2)c2cc(Br)ccc2-n2c(C)cnc21	1	0	0.49898344	1	0.8808695748697785	0.7669902912621359	0.7766538722059156	0.7836233814519795	1.0	Age-only
COC(c1ccccc1)(c1ccccc1)C(Oc1nc(C)cc(C)n1)C(=O)O	1	1	0.5806907	1	0.8739818922659319	0.7307692307692307	0.7335435056746532	0.7367422768151365	1.0	Age-only
COCCOC(=O)C1=C(C)N=C(C)C(C(=O)OC(C)C)C1c1cccc([N+](=O)[O-])c1	1	1	0.6990632	1	0.8725543030478059	0.6056338028169014	0.6414290621779457	0.6781119100952048	0.9833333333333333	Age-only
COc1c(-c2ccc3cc(NS(C)(=O)=O)ccc3c2)cc(-n2ccc(=O)[nH]c2=O)cc1C(C)(C)C	1	1	0.69511753	1	0.9091926229429576	0.7608695652173914	0.7613838242169239	0.7702629148902855	1.0	Age-only
COc1cc(C(C)=O)ccc1OCCCN1CCC(c2noc3cc(F)ccc23)CC1	1	1	0.6623695	1	0.8702768235378375	0.5357142857142857	0.5370051635111877	0.553133167590999	0.9850746268656716	Age-only
COc1cc(NC(C)CCCN)c2ncccc2c1	1	0	0.43838155	1	0.8906998283730913	0.6818181818181818	0.6954545454545454	0.7196969696969696	1.0	Age-only
COc1cc(Nc2c(C#N)cnc3cc(OCCCN4CCN(C)CC4)c(OC)cc23)c(Cl)cc1Cl	1	1	0.58264554	1	0.9029373044771369	0.7319587628865979	0.7412683536394876	0.7466038211921318	1.0	Age-only
COc1cc2c(Nc3ccc(Br)cc3F)ncnc2cc1OCC1CCN(C)CC1	0	0	0.4684093	1	0.889145114917839	0.7127659574468085	0.7241307732226258	0.7280485346499516	1.0	Age-only
COc1cc2c(c(OC)c1OC)-c1ccc(OC)c(=O)cc1C(NC(C)=O)CC2	1	1	0.6402539	1	0.8818800352034921	0.75	0.7547619047619047	0.7603974406299986	1.0	Age-only
COc1cc2c(cc1O)CCNC21CSC2c3c(OC(C)=O)c(C)c4c(c3C(COC1=O)N1C(O)C3Cc5cc(C)c(OC)c(O)c5C(C21)N3C)OCO4	1	1	0.6170573	1	0.9009673925496259	0.7545454545454545	0.755929941618015	0.7593018548595565	1.0	Age-only
COc1cc2nc(N3CCN(C(=O)c4ccco4)CC3)nc(N)c2cc1OC	1	1	0.5850364	1	0.8753121046959033	0.4117647058823529	0.413212669683258	0.5354168356065889	1.0	Age-only
COc1cc2nccc(Oc3ccc(NC(=O)C4(C(=O)Nc5ccc(F)cc5)CC4)cc3)c2cc1OC	1	1	0.7386217	1	0.8816304143933902	0.7432432432432432	0.747981981981982	0.7488788788788789	1.0	Age-only
COc1cc2nccc(Oc3ccc(NC(=O)NC4CC4)c(Cl)c3)c2cc1C(N)=O	1	1	0.5698634	1	0.8831467429335078	0.7052631578947368	0.7088721804511279	0.7290733816007395	1.0	Age-only
COc1cc2ncnc(Nc3ccc(F)c(Cl)c3)c2cc1NC(=O)C=CCN1CCCCC1	0	0	0.37093297	1	0.8738776843024108	0.719626168224299	0.7251334861576442	0.7326714127816738	0.9863013698630136	Age-only
COc1cc2ncnc(Nc3ccc(F)c(Cl)c3)c2cc1OCCCN1CCOCC1	0	1	0.5102132	1	0.8900926486407766	0.6804123711340206	0.7051546391752578	0.7146615672477066	1.0	Age-only
COc1ccc2[nH]c3c(c2c1)CCNC31CSC2c3c(OC(C)=O)c(C)c4c(c3C(COC1=O)N1C(O)C3Cc5cc(C)c(OC)c(O)c5C(C21)N3C)OCO4	0	1	0.681379	1	0.8975285550429216	0.7678571428571429	0.7680047225501772	0.7694188194958611	1.0	Age-only
COc1ccc2c3c1OC1CC(O)C=CC31CCN(C)C2	1	1	0.5715642	1	0.8961802323590972	0.5882352941176471	0.5911764705882353	0.6062091503267975	1.0	Age-only
COc1cccc(-c2c(C)n(Cc3c(F)cccc3C(F)(F)F)c(=O)n(CC(NCCCC(=O)O)c3ccccc3)c2=O)c1F	0	1	0.536675	1	0.8812144692820839	0.7545454545454545	0.7571520514883346	0.7621280556596677	1.0	Age-only
COc1ccnc(CS(=O)c2nc3cc(OC(F)F)ccc3[nH]2)c1OC	1	1	0.6461382	1	0.8936514901834718	0.4461538461538462	0.4641694537346711	0.4969333404116013	1.0	Age-only
CS(=O)(=O)CCNCc1ccc(-c2ccc3ncnc(Nc4ccc(OCc5cccc(F)c5)c(Cl)c4)c3c2)o1	0	1	0.65685284	1	0.9003781838551758	0.7345132743362832	0.7558708509460327	0.767221054064311	0.9882352941176471	Age-only
CS(=O)(=O)c1ccc(C(=O)Nc2ccc(Cl)c(-c3ccccn3)c2)c(Cl)c1	0	1	0.65517336	1	0.8917469205578212	0.7638888888888888	0.7643790849673202	0.7647664003873154	1.0	Age-only
CS(=O)(=O)c1ccc(C2=C(c3ccccc3)C(=O)OC2)cc1	1	1	0.549835	1	0.8995985656777292	0.7313432835820896	0.7807514153371076	0.7874922828970327	1.0	Age-only
CS(C)=O	1	1	0.6241745	1	0.9651850230372988	0.8181818181818182	0.8388082505729564	0.8596138792217225	1.0	Age-only
C[N+](C)(C)CC(=O)[O-]	0	1	0.56118685	1	0.9205550382058524	0.6956521739130435	0.6976982097186701	0.7083743196275166	1.0	Age-only
C[N+](C)(C)CC(O)CC(=O)[O-]	1	1	0.632199	1	0.9214791223000929	0.75	0.75	0.7575757575757575	1.0	Age-only
C[N+](C)(C)CCOC(=O)CCC(=O)OCC[N+](C)(C)C	1	0	0.46496087	1	0.9117162139984465	0.7222222222222222	0.7252252252252253	0.7523497523497524	1.0	Age-only
Cc1c(C(=O)Nc2ccc(N3CC(C)OC(C)C3)nc2)cccc1-c1ccc(OC(F)(F)F)cc1	0	1	0.66939294	1	0.8778615386743558	0.6891891891891891	0.6968058968058968	0.716635403732178	1.0	Age-only
Cc1cc(C(C)(C)C)c(O)c(C)c1CC1=NCCN1	0	1	0.5171567	1	0.9071816670058993	0.631578947368421	0.7226748604090264	0.7555349977790259	1.0	Age-only
Cc1cc(C(C)(C)C)cc(C)c1CC1=NCCN1	1	1	0.5040132	1	0.9128148241034565	0.6046511627906976	0.6863181268462896	0.7211571292936902	1.0	Age-only
Cc1cc(NS(=O)(=O)c2ccc(N)cc2)no1	1	1	0.6046768	1	0.90279942295083	0.6285714285714286	0.6694505494505495	0.710919239490668	1.0	Age-only
Cc1ccc(-c2ncc(Cl)cc2-c2ccc(S(C)(=O)=O)cc2)cn1	1	1	0.5769506	1	0.9117169857041678	0.7758620689655172	0.7770114942528735	0.780540234563223	1.0	Age-only
Cc1ccc(Sc2ccccc2N2CCNCC2)c(C)c1	1	1	0.63036317	1	0.9011974774829741	0.7538461538461538	0.7579156327543425	0.7685236542921552	1.0	Age-only
Cc1cccc(C(C)c2c[nH]cn2)c1C	1	1	0.6201529	1	0.9104452260166058	0.7962962962962963	0.8014453477868111	0.8047932522747959	1.0	Age-only
Cc1cccc(C)c1NC(=O)C1CCCCN1C	1	1	0.63722116	1	0.8655339688106302	0.27906976744186046	0.2918863049095607	0.38407263853000284	1.0	Age-only
Cc1cccc(C)c1OCC(C)N	1	1	0.5998955	1	0.8897407325794104	0.6129032258064516	0.6325448028673836	0.6692588972158865	1.0	Age-only
Cc1cccc(Nc2ccccc2C(=O)O)c1C	1	1	0.70509976	1	0.8786099585791692	0.6060606060606061	0.6340326340326341	0.6549482826078571	1.0	Age-only
Cc1ccccc1C(=O)Nc1ccc(C(=O)N2CCCC(O)c3cc(Cl)ccc32)c(C)c1	1	1	0.5636775	1	0.877281259561128	0.7411764705882353	0.7456858435681964	0.7477142465377759	1.0	Age-only
Cc1ccccc1N1C(=O)c2cc(S(N)(=O)=O)c(Cl)cc2NC1C	1	0	0.49629593	1	0.8888147206321253	0.7457627118644068	0.7471719672443344	0.7506455920091418	1.0	Age-only
Cc1ccnc2c1NC(=O)c1cccnc1N2C1CC1	0	1	0.5903214	1	0.8831395838816009	0.7222222222222222	0.7284627092846271	0.7417506805671484	1.0	Age-only
Cc1nc(Nc2ncc(C(=O)Nc3c(C)cccc3Cl)s2)cc(N2CCN(CCO)CC2)n1	1	1	0.5934348	1	0.8764596323577187	0.71	0.713679012345679	0.7208389751758928	1.0	Age-only
Cc1ncc(C[n+]2csc(CCO)c2C)c(N)n1	1	0	0.4570576	1	0.9131689951263232	0.7457627118644068	0.7504563233376793	0.7763973038150505	1.0	Age-only
Cc1ncc2n1-c1ccc(Cl)cc1C(c1ccccc1F)=NC2	1	0	0.42807326	1	0.8994934134242036	0.5789473684210527	0.6077732793522268	0.6674009258050007	1.0	Age-only
Cc1nnc(C(C)C)n1C1CC2CCC(C1)N2CCC(NC(=O)C1CCC(F)(F)CC1)c1ccccc1	1	1	0.5080124	1	0.8672211353024077	0.7027027027027027	0.7058738738738739	0.7156424903164033	0.9848484848484849	Age-only
Cc1nnc2n1-c1ccc(Cl)cc1C(c1ccccc1)=NC2	1	0	0.43341768	1	0.9002791500391346	0.42	0.47393103448275864	0.5707814875630968	1.0	Age-only
Cc1nnc2n1-c1ccc(Cl)cc1C(c1ccccc1Cl)=NC2	0	1	0.5250096	1	0.9062696059705402	0.5714285714285714	0.6008928571428571	0.6616982175383814	1.0	Age-only
Cc1onc(-c2ccccc2)c1-c1ccc(S(N)(=O)=O)cc1	1	0	0.47879	1	0.8995418281363958	0.6785714285714286	0.6894957983193277	0.7019565401918344	1.0	Age-only
Clc1ccc2c(c1)C(c1ccccc1)=NCc1nncn1-2	1	0	0.46206543	1	0.9102669656879058	0.44	0.4933793103448275	0.5885848473612656	1.0	Age-only
Clc1ccc2c(c1)CCc1cccnc1C2=C1CCNCC1	1	0	0.49431804	1	0.9199135525417723	0.7540983606557377	0.7587090163934426	0.7654864905889496	1.0	Age-only
Cn1c(=O)cc(N2CCCC(N)C2)n(Cc2ccccc2C#N)c1=O	1	0	0.48960096	1	0.8806302580370476	0.7126436781609196	0.7255638003782918	0.7356702624066274	1.0	Age-only
Cn1cnc2c(F)c(Nc3ccc(Br)cc3Cl)c(C(=O)NOCCO)cc21	1	1	0.537226	1	0.8829142764966273	0.7575757575757576	0.7635816814764184	0.7709243544930322	0.9846153846153847	Age-only
Cn1cnc2c(F)c(Nc3ccc(Br)cc3F)c(C(=O)NOCCO)cc21	0	0	0.4371252	1	0.882559127820772	0.7472527472527473	0.7617857855900125	0.7688849535111463	0.9841269841269841	Age-only
FC(F)(F)c1ccc(CNc2ccc(Cc3c[nH]c4ncc(Cl)cc34)cn2)cn1	0	1	0.72236854	1	0.91202994858035	0.7529411764705882	0.7586140209508461	0.7697018533440771	1.0	Age-only
N#CC1CCCN1C(=O)CNC12CC3CC(CC(O)(C3)C1)C2	0	1	0.55737245	1	0.9189216365755214	0.5967741935483871	0.7129032258064516	0.7579812336905225	1.0	Age-only
N#Cc1ccc(C(c2ccc(C#N)cc2)n2cncn2)cc1	1	1	0.62926376	1	0.9297186775941374	0.7291666666666666	0.7596666666666667	0.7724296199719929	1.0	Age-only
N#Cc1ccc(C2CCc3cncn32)c(F)c1	0	0	0.38302666	1	0.9150819718241524	0.7708333333333334	0.7711974480199278	0.7733677799324217	1.0	Age-only
N=C(N)NC(=O)Cc1c(Cl)cccc1Cl	1	1	0.6075959	1	0.8827980790575181	0.6428571428571429	0.6581453634085214	0.6902933099516569	1.0	Age-only
N=C(N)NC(=O)c1nc(Cl)c(N)nc1N	1	0	0.49202037	1	0.9091560195627604	0.7804878048780488	0.7815331010452962	0.7838979909555935	1.0	Age-only
NC1c2cccnc2C(OC(=O)N2CCC(n3c(=O)[nH]c4ncccc43)CC2)CCC1c1cccc(F)c1F	0	0	0.3080175	1	0.8898811593744764	0.717391304347826	0.7446397368691541	0.7600939714632555	1.0	Age-only
NS(=O)(=O)c1cc(C(=O)O)c(NCc2ccco2)cc1Cl	1	1	0.5065624	1	0.8834740061728908	0.7446808510638298	0.745014601585315	0.7481476602087893	1.0	Age-only
NS(=O)(=O)c1cc(C2(O)NC(=O)c3ccccc32)ccc1Cl	1	1	0.5398885	1	0.9034641824698029	0.7692307692307693	0.7747416762342135	0.7796523082592733	1.0	Age-only
NS(=O)(=O)c1cc(Cl)c(Cl)c(S(N)(=O)=O)c1	0	0	0.4959765	1	0.9338298388466025	0.7741935483870968	0.7765161290322581	0.7874987855633017	1.0	Age-only
NS(=O)(=O)c1cc2c(cc1Cl)NCNS2(=O)=O	1	0	0.4605222	1	0.9234633542709964	0.6721311475409836	0.7622196567382437	0.7847381834505966	1.0	Age-only
Nc1[nH]c(=O)ncc1F	1	0	0.42355502	1	0.9200558225511957	0.71875	0.7317567567567568	0.7585783151572625	1.0	Age-only
Nc1nc(=O)c2ncn(COCCO)c2[nH]1	0	0	0.40516692	1	0.8955933660469408	0.32608695652173914	0.40254872563718147	0.4862376504055665	1.0	Age-only
Nc1nc(CC(=O)Nc2ccc(CCNCC(O)c3ccccc3)cc2)cs1	1	1	0.7725491	1	0.8814027520471291	0.684931506849315	0.6874188896899783	0.6924336015900544	1.0	Age-only
O=C(CCCN1CC=C(n2c(=O)[nH]c3ccccc32)CC1)c1ccc(F)cc1	1	1	0.6446348	1	0.88512901568379	0.582089552238806	0.6353630234227249	0.686169077232055	0.9848484848484849	Age-only
O=C(CCCN1CCC(O)(c2ccc(Cl)cc2)CC1)c1ccc(F)cc1	1	1	0.5060257	1	0.8809456628807483	0.44642857142857145	0.5076036866359447	0.5676183420783248	0.9803921568627451	Age-only
O=C(NC1CCN(CCCCC2(C(=O)NCC(F)(F)F)c3ccccc3-c3ccccc32)CC1)c1ccccc1-c1ccc(C(F)(F)F)cc1	0	1	0.7075618	1	0.8830265966865418	0.7032967032967034	0.7208106599283071	0.7287331949096654	0.9864864864864865	Age-only
O=C(Nc1ccc(CC2CCC(C(O)c3ccccc3)N2)cc1)C1CCc2nccc(=O)n21	1	0	0.45194417	1	0.872747683479724	0.7555555555555555	0.7579388824958445	0.7607936991903236	1.0	Age-only
O=C(Nc1ccc(OC(F)(F)Cl)cc1)c1cnc(N2CCC(O)C2)c(-c2cc[nH]n2)c1	1	1	0.6383009	1	0.8826665573462226	0.7307692307692307	0.7314847942754918	0.7435451922220166	1.0	Age-only
O=C(Nc1nc(-c2cc(Cl)cs2)c(N2CCN(C3CCCCC3)CC2)s1)c1cnc(N2CCC(C(=O)O)CC2)c(Cl)c1	0	0	0.43353024	1	0.8996934157546099	0.7663551401869159	0.772648971814035	0.7789169372030834	1.0	Age-only
O=C(O)C1C(=CCO)OC2CC(=O)N21	1	0	0.38647723	1	0.8959998814622168	0.7868852459016393	0.7919954776710005	0.7955530431505557	1.0	Age-only
O=C(O)C1N=C(c2ccccc2)c2cc(Cl)ccc2NC1=O	0	0	0.4769637	1	0.8830323115297456	0.6071428571428571	0.6201405152224824	0.6514586405296787	1.0	Age-only
O=C(O)c1cc(N=Nc2ccc(S(=O)(=O)Nc3ccccn3)cc2)ccc1O	0	1	0.56032836	1	0.8882245774496397	0.576271186440678	0.6191878265911486	0.6536841915662115	1.0	Age-only
O=C([O-])[O-]	0	1	0.59381187	1	0.9491482706888918	0.375	0.425	0.5393518518518517	1.0	Age-only
O=C(c1ccccc1)c1ccc2n1CCC2C(=O)O	1	1	0.5356514	1	0.8819038909395136	0.6571428571428571	0.7095421245421245	0.7208226227963068	1.0	Age-only
O=C1CN=C(c2ccccc2Cl)c2cc([N+](=O)[O-])ccc2N1	1	1	0.68360347	1	0.9055190770863255	0.734375	0.7367537313432836	0.7438585028444276	1.0	Age-only
O=C1CN=C(c2ccccn2)c2cc(Br)ccc2N1	1	1	0.5809516	1	0.905582077842238	0.7288135593220338	0.7343498948551714	0.7401029959392607	1.0	Age-only
O=C1N=C(c2ccccc2)c2cc(Cl)ccc2NC1O	1	1	0.56759113	1	0.8815128181266582	0.6037735849056604	0.62483704974271	0.6631249602947716	1.0	Age-only
O=C1N=C(c2ccccc2Cl)c2cc(Cl)ccc2NC1O	1	1	0.6717539	1	0.8881073750243111	0.7	0.7013793103448276	0.7064161041172535	1.0	Age-only
O=C1OC2(c3ccc(O)cc3Oc3cc(O)ccc32)c2ccccc21	1	1	0.622784	1	0.9023083393311491	0.7714285714285715	0.7950000000000002	0.7989651416122004	1.0	Age-only
O=NN(CCCl)C(=O)NCCCl	1	1	0.7006641	1	0.9314381404974926	0.7608695652173914	0.7620289855072464	0.7703029622139834	1.0	Age-only
O=S(=O)([O-])Oc1ccc(C(c2ccc(OS(=O)(=O)O)cc2)c2ccccn2)cc1	0	1	0.6328304	1	0.8964217319883289	0.7142857142857143	0.718295739348371	0.7316781834408919	1.0	Age-only
O=c1[nH]c2ccccc2n1C1CCN(CCCC(c2ccc(F)cc2)c2ccc(F)cc2)CC1	1	1	0.54176295	1	0.8807116318200563	0.41935483870967744	0.5448847926267282	0.612805115022857	0.984375	Age-only
O=c1[nH]c2ccccc2n1CCN1CCN(c2cccc(C(F)(F)F)c2)CC1	0	1	0.600551	1	0.8940372254229977	0.5942028985507246	0.6433149622371912	0.6701576591212404	1.0	Age-only
S=P(N1CC1)(N1CC1)N1CC1	0	1	0.5575731	1	0.973807479461553	0.8787878787878788	0.8815210932857991	0.8851293361097283	1.0	Age-only
C#CC1(O)CCC2C3CC=C4CC(=O)CCC4C3CCC21C	0	0	0.3022192	1	0.9134118704101163	0.582089552238806	0.6595803036101544	0.7106145140035548	1.0	Age-only
C#CC1(O)CCC2C3CCC4=Cc5oncc5CC4(C)C3CCC21C	0	0	0.29450777	1	0.9220656739672318	0.6842105263157895	0.7250931178769242	0.7437731933410612	1.0	Age-only
C#Cc1cccc(Nc2ncnc3cc(OCCOC)c(OCCOC)cc23)c1	1	1	0.59950835	1	0.8956461451454464	0.7553191489361702	0.7589458413926499	0.7645658714807653	1.0	Age-only
C=CC(=O)N1CCC(C2CCNc3c(C(N)=O)c(-c4ccc(Oc5ccccc5)cc4)nn32)CC1	1	0	0.24856675	1	0.8870636644964077	0.7368421052631579	0.7443123938879456	0.7594501895011233	1.0	Age-only
C=CC(=O)N1CCCC(n2nc(-c3ccc(Oc4ccccc4)cc3)c3c(N)ncnc32)C1	1	0	0.16014272	1	0.8834840119558462	0.7425742574257426	0.7469359041167275	0.748821833523968	0.9866666666666667	Age-only
CC#CC(=O)N1CCCC1c1nc(-c2ccc(C(=O)Nc3ccccn3)cc2)c2c(N)nccn12	1	0	0.45350257	1	0.880546060572616	0.7419354838709677	0.7521854489596425	0.7584976072540452	1.0	Age-only
CC#CCn1c(N2CCCC(N)C2)nc2c1c(=O)n(Cc1nc(C)c3ccccc3n1)c(=O)n2C	1	0	0.4071889	1	0.8869072297149633	0.7472527472527473	0.7515662724733273	0.7586047592474389	1.0	Age-only
CC(=O)OC1(C(C)=O)CCC2C3=CC(C)=C4CC(=O)CCC4(C)C3CCC21C	0	0	0.32901326	1	0.9018052003695897	0.47692307692307695	0.7115478189234082	0.7425866911286851	1.0	Age-only
CC(=O)OC1(C(C)=O)CCC2C3CC(C)=C4CC(=O)CCC4(C)C3CCC21C	0	0	0.32156882	1	0.9116055612330186	0.6056338028169014	0.7151557460706266	0.7453246208328879	1.0	Age-only
CC(=O)OC1CCC2(C)C(=CCC3C2CCC2(C)C(c4cccnc4)=CCC32)C1	1	0	0.26390636	1	0.8918384166895807	0.7611940298507462	0.7611940298507462	0.7643309135846449	1.0	Age-only
CC(=O)OCC(=O)C1(O)CCC2C3CC=C4CC(=O)C=CC4(C)C3C(O)CC21C	0	0	0.2838118	1	0.8907199820745334	0.46987951807228917	0.5476254669025753	0.5883116916137889	0.9855072463768116	Age-only
CC(=O)OCC(CCn1cnc2cnc(N)nc21)COC(C)=O	0	0	0.34119296	1	0.878720737546102	0.7297297297297297	0.730795584316711	0.7346506765118895	0.9791666666666666	Age-only
CC(=O)Oc1ccc(C(c2ccc(OC(C)=O)cc2)c2ccccn2)cc1	0	1	0.6248406	1	0.8793517535059152	0.6666666666666666	0.6666666666666666	0.6692506459948321	1.0	Age-only
CC(=O)SC1C=C2CC(=O)CCC2(C)C2CCC3(C)C(CCC34CCC(=O)O4)C12	1	0	0.23489127	1	0.9069220173819857	0.7733333333333333	0.7822745098039215	0.7853050108932461	1.0	Age-only
CC(=O)[O-]	1	1	0.5305123	1	0.9330930603462747	0.5	0.5	0.5326797385620916	1.0	Age-only
CC(C)(C)c1cc(C(C)(C)C)c(NC(=O)c2c[nH]c3ccccc3c2=O)cc1O	0	1	0.65407103	1	0.8887737620718116	0.7647058823529411	0.7761464434258551	0.7793812431690124	1.0	Age-only
CC(C)(O)CNc1nc(Nc2ccnc(C(F)(F)F)c2)nc(-c2cccc(C(F)(F)F)n2)n1	0	0	0.39534616	1	0.8963549061565458	0.7209302325581395	0.7335333833458366	0.7427030750361584	1.0	Age-only
CC(C)C(=O)Oc1ccc(CO)cc1C(CCN(C(C)C)C(C)C)c1ccccc1	0	1	0.6354628	1	0.866103688162964	0.5272727272727272	0.6040829346092503	0.6562643983696614	1.0	Age-only
CC(C)N(CCC(C(N)=O)(c1ccccc1)c1ccccn1)C(C)C	1	0	0.4297599	1	0.8658330609418468	0.6111111111111112	0.6128205128205129	0.630911680911681	0.9811320754716981	Age-only
CC(C)N(CCCCOCC(=O)NS(C)(=O)=O)c1cnc(-c2ccccc2)c(-c2ccccc2)n1	1	1	0.51015747	1	0.8708207402029647	0.7362637362637363	0.7463573463573463	0.7534969245336155	1.0	Age-only
CC(C)c1cc(-c2n[nH]c(=O)n2-c2ccc3c(ccn3C)c2)c(O)cc1OP(=O)(O)O	0	0	0.46354893	1	0.8948096738501112	0.7741935483870968	0.7828120106482932	0.7915856212266769	1.0	Age-only
CC(C)c1cccc(C(C)C)c1O	1	1	0.50018466	1	0.8955466145318168	0.7142857142857143	0.7168831168831169	0.7280175022110507	1.0	Age-only
CC(C[N+](C)(C)C)OC(N)=O	1	0	0.40652078	1	0.9099656838964709	0.696969696969697	0.7116102702529	0.7289456486723989	1.0	Age-only
CC(NC(C)(C)C)C(=O)c1cccc(Cl)c1	1	1	0.55107313	1	0.8756644902419887	0.6862745098039216	0.688150042625746	0.6944707087929594	1.0	Age-only
CC(NCCCc1cccc(C(F)(F)F)c1)c1cccc2ccccc12	1	1	0.5529977	1	0.8927475744356715	0.7333333333333333	0.7374863387978141	0.744980979641401	1.0	Age-only
CC(NCc1ccc(OCc2cccc(F)c2)cc1)C(N)=O	1	1	0.6076766	1	0.8660228001107447	0.6206896551724138	0.6317629917435649	0.6584601264462039	0.9795918367346939	Age-only
CC(c1nc(-c2ccc(C#N)cc2)cs1)C(O)(Cn1cncn1)c1cc(F)ccc1F	0	0	0.35280624	1	0.9041887871243521	0.5882352941176471	0.6179566563467492	0.6729682091746807	0.9859154929577465	Age-only
CC(c1ncncc1F)C(O)(Cn1cncn1)c1ccc(F)cc1F	0	0	0.38358212	1	0.8985841438571752	0.40384615384615385	0.4637019230769231	0.5724038461538461	1.0	Age-only
CC1(C)C(C(=O)O)N2C(=O)CC2S1(=O)=O	1	0	0.3115545	1	0.8969867952414229	0.6792452830188679	0.6847755367599219	0.7003542254030218	1.0	Age-only
CC1(C)CC1C(=O)N=C(CCCCCSCC(N)C(=O)O)C(=O)O	0	0	0.2532952	1	0.9073147621470715	0.7538461538461538	0.7608922030350602	0.7715239334600237	1.0	Age-only
CC1(Cn2ccnn2)C(C(=O)O)N2C(=O)CC2S1(=O)=O	0	0	0.2740173	1	0.8841357662760891	0.7164179104477612	0.7238192598650582	0.7415434244303596	0.9833333333333333	Age-only
CC12C=CC(=O)C=C1CCC1C2C(=O)CC2(C)C1CCC2(O)C(=O)CO	1	0	0.2804454	1	0.8979016067007487	0.5972222222222222	0.6130718954248365	0.6478264066995763	1.0	Age-only
CC12C=CC(=O)C=C1CCC1C2C(O)CC2(C)C1CCC2(O)C(=O)CO	1	0	0.34051943	1	0.8958971044843079	0.5571428571428572	0.579047619047619	0.6215925686513922	1.0	Age-only
CC12CCC(=O)C=C1CCC1C2C(=O)CC2(C)C1CCC2(O)C(=O)CO	0	0	0.33939695	1	0.8985562308231895	0.6883116883116883	0.6963283629950296	0.7129807777955925	1.0	Age-only
CC12CCC(=O)C=C1CCC1C2C(O)CC2(C)C1CCC2(O)C(=O)CO	0	0	0.4506405	1	0.8955860604409641	0.6533333333333333	0.6651666666666667	0.6874152876280537	1.0	Age-only
CC12CCC(=O)C=C1CCC1C2C(O)CC2(C)C1CCC2(O)C(=O)COC(=O)CCC(=O)O	0	0	0.2734331	1	0.8897280436168467	0.6868686868686869	0.7092302333681644	0.7178559315259505	1.0	Age-only
CC12CCC(=O)C=C1CCC1C2CCC2(C)C(O)CCC12	1	0	0.4093545	1	0.9056248486352502	0.5818181818181818	0.6182243985522674	0.6552548490832001	1.0	Age-only
CC12CCC(=O)C=C1CCC1C2CCC2(C)C(OC(=O)CCC3CCCC3)CCC12	1	0	0.26565656	1	0.8930989382939163	0.44285714285714284	0.604642857142857	0.6620780920199524	0.9838709677419355	Age-only
CC12CCC(=O)C=C1CCC1C3CCC(O)(C(=O)CO)C3(C)CC(O)C12F	1	0	0.38306713	1	0.895003575455639	0.5072463768115942	0.5294813119755911	0.5757424514946339	0.9848484848484849	Age-only
CC12CCC(O)CC1=CCC1C2CCC2(C)C(c3cccnc3)=CCC12	1	0	0.27466327	1	0.9077023279775148	0.7333333333333333	0.7387793427230046	0.7555646904124869	1.0	Age-only
CC12CCC3C(CC=C4CC(O)CCC43C)C1CCC2=O	0	0	0.26263043	1	0.9025694006387455	0.5555555555555556	0.6479634151067706	0.6998489561050686	1.0	Age-only
CC1=C(CC(=O)O)c2cc(F)ccc2C1=Cc1ccc(S(C)=O)cc1	1	0	0.4738661	1	0.8967441780794944	0.7702702702702703	0.7744785797417377	0.7791398710244211	0.9824561403508771	Age-only
CC1=C2CC(=O)C=CC2(C)C2C(O)CC3(C)C(CCC3(O)C(=O)CO)C2C1	1	0	0.34867254	1	0.8943927957355562	0.6410256410256411	0.6426906426906427	0.6471720710851145	1.0	Age-only
CC1=NS(=O)(=O)c2cc(Cl)ccc2N1	1	0	0.48349816	1	0.9106722311366315	0.6851851851851852	0.7006905210295041	0.7284610068037564	1.0	Age-only
CC1CC(OC(=O)c2ccccc2O)CC(C)(C)C1	1	1	0.5080025	1	0.8743104775199663	0.6666666666666666	0.7234972677595629	0.7314448422419028	1.0	Age-only
CC1CNCCc2ccc(Cl)cc21	1	0	0.37490666	1	0.9092615108523003	0.7058823529411765	0.7068627450980393	0.7288195980146445	1.0	Age-only
CC1Cc2ccccc2N1NC(=O)c1ccc(Cl)c(S(N)(=O)=O)c1	1	0	0.41308266	1	0.8743466569888013	0.7049180327868853	0.7147323646299056	0.7265612897884184	1.0	Age-only
CCC(=O)NS(=O)(=O)c1ccc(-c2c(-c3ccccc3)noc2C)cc1	1	0	0.4582299	1	0.876266034122371	0.6891891891891891	0.7065143546968209	0.7165015336077345	1.0	Age-only
CCC1(O)C(=O)OCc2c1cc1n(c2=O)Cc2cc3c(CN(C)C)c(O)ccc3nc2-1	0	1	0.53939074	1	0.8845866643055905	0.7752808988764045	0.7784077866376707	0.7815679650465517	1.0	Age-only
CCCC(=O)OCOC(=O)C1=C(C)N=C(C)C(C(=O)OC)C1c1cccc(Cl)c1Cl	1	1	0.69884825	1	0.867602724760411	0.2037037037037037	0.32222222222222224	0.4529141544645421	0.9827586206896551	Age-only
CCCC1OC2CC3C4CC=C5CC(=O)C=CC5(C)C4C(O)CC3(C)C2(C(=O)CO)O1	1	0	0.41382942	1	0.899887516396866	0.4166666666666667	0.5380952380952382	0.5916211337559651	1.0	Age-only
CCCCC(CC)COC(=O)c1ccccc1O	1	1	0.5388531	1	0.8676552567434844	0.49019607843137253	0.5153942428035043	0.5965153200760209	1.0	Age-only
CCCCCCC(=O)OC1CCC2C3CC=C4CC(=O)CCC4(C)C3CCC12C	1	0	0.17345297	1	0.8934736015627986	0.625	0.6837349397590362	0.7085242932514372	1.0	Age-only
CCCCCCCN(CC)CCCC(O)c1ccc(NS(C)(=O)=O)cc1	1	1	0.7899786	1	0.8890582245280844	0.5102040816326531	0.5405956977385549	0.6070009264573039	1.0	Age-only
CCCCCCOC(=O)CCC(=O)CN	1	0	0.39227825	1	0.91511834971697	0.5789473684210527	0.6013776376424933	0.6424846776340996	1.0	Age-only
CCCCCCOC(=O)N=C(N)c1ccc(NCc2nc3cc(C(=O)N(CCC(=O)OCC)c4ccccn4)ccc3n2C)cc1	1	1	0.6413511	1	0.884312424767686	0.36046511627906974	0.43064013426036923	0.5714798296246155	1.0	Age-only
CCCCNc1cc(C(=O)O)cc(S(N)(=O)=O)c1Oc1ccccc1	1	1	0.5364162	1	0.8638467866364824	0.6557377049180327	0.6600740349021681	0.6802555554524717	0.9803921568627451	Age-only
CCCN(CCC)CCc1cccc2[nH]c(O)cc12	0	1	0.7148167	1	0.8950524410286287	0.7534246575342466	0.7535593981585448	0.7546663149627443	1.0	Age-only
CCCN(CCc1cccs1)C1CCc2c(O)cccc2C1	1	0	0.49283507	1	0.8914992187825269	0.6933333333333334	0.7382028985507245	0.754230867022629	1.0	Age-only
CCCSc1ccc2[nH]c(NC(=O)OC)nc2c1	0	1	0.67919046	1	0.875920229773082	0.7432432432432432	0.7472972972972973	0.7538015288015287	1.0	Age-only
CCN(CC)CC(=O)Nc1c(C)cccc1C	1	1	0.6133923	1	0.8727848507046655	0.6122448979591837	0.618327330932373	0.628542604781376	1.0	Age-only
CCN(CC)CCN1C(=O)CN=C(c2ccccc2F)c2cc(Cl)ccc21	0	1	0.5439472	1	0.8810845341235699	0.5	0.5375	0.6045751633986929	1.0	Age-only
CCN(CCO)CCCC(C)Nc1ccnc2cc(Cl)ccc12	1	1	0.5098129	1	0.8915607904073987	0.14	0.26494117647058824	0.48910622883691623	1.0	Age-only
CCOC(=O)N1CCC(=C2c3ccc(Cl)cc3CCc3cccnc32)CC1	0	0	0.3457203	1	0.8665672266334042	0.6753246753246753	0.7089358402791239	0.7244164450024418	1.0	Age-only
CCOC(=O)OC1(C(=O)OCCl)CCC2C3CC=C4CC(=O)C=CC4(C)C3C(O)CC21C	0	0	0.32074252	1	0.8933410906032113	0.5494505494505495	0.604562828475872	0.6242908871826971	1.0	Age-only
CCOCCP(CCOCC)CCP(CCOCC)CCOCC	0	1	0.6054728	1	0.9561297154409917	0.75	0.7976190476190477	0.8191900691900691	1.0	Age-only
CCOc1ccccc1OC(c1ccccc1)C1CNCCO1	1	1	0.6727933	1	0.886420721621488	0.42857142857142855	0.5467980295566501	0.6313628899835796	1.0	Age-only
CCc1c2c(nc3ccc(OC(=O)N4CCC(N5CCCCC5)CC4)cc13)-c1cc3c(c(=O)n1C2)COC(=O)C3(O)CC	0	0	0.40180507	1	0.8796919815965445	0.7699115044247787	0.772729203539823	0.7789419862340216	0.989010989010989	Age-only
CCc1cc2c(cc1N1CCC(N3CCOCC3)CC1)C(C)(C)c1[nH]c3cc(C#N)ccc3c1C2=O	0	0	0.4700699	1	0.8966853825577012	0.7238095238095238	0.7449240121580547	0.7590232898227113	1.0	Age-only
CN(C)C(=O)NC1CCC(CCN2CCN(c3cccc(Cl)c3Cl)CC2)CC1	0	1	0.62294984	1	0.8670330474339732	0.631578947368421	0.6465964912280702	0.6764358016862774	0.9841269841269841	Age-only
CN(C)C(=O)Oc1ccc[n+](C)c1	1	1	0.7188903	1	0.89204061653427	0.673469387755102	0.7089213560974359	0.7349766116377413	1.0	Age-only
CN(C)C(=O)Oc1cccc([N+](C)(C)C)c1	1	1	0.712627	1	0.8864381115217551	0.5957446808510638	0.6600783874580067	0.7075110810553141	1.0	Age-only
CN(C)CC=CC(=O)Nc1cc2c(Nc3ccc(F)c(Cl)c3)ncnc2cc1OC1CCOC1	0	0	0.3455361	1	0.8835437132332721	0.7368421052631579	0.748649885583524	0.7537920360208246	0.9875	Age-only
CN(CC=CC#CC(C)(C)C)Cc1cccc2ccccc12	0	1	0.5688997	1	0.91164537958825	0.64	0.768	0.783809523809524	1.0	Age-only
CN1C(=O)C(O)N=C(c2ccccc2)c2cc(Cl)ccc21	0	0	0.3719963	1	0.8764429564103338	0.40816326530612246	0.4487528344671202	0.5300717658628565	1.0	Age-only
CN1C(C(=O)Nc2ccccn2)C(=O)c2ccccc2S1(=O)=O	0	1	0.55129826	1	0.8788710145525198	0.36538461538461536	0.5268386123680241	0.6372347335633338	1.0	Age-only
CN1CCN2c3c(cccc31)C1CN(CCCC(=O)c3ccc(F)cc3)CCC12	0	0	0.37637946	1	0.8740223853923259	0.6142857142857143	0.6454205136813832	0.6837226472899601	0.9852941176470589	Age-only
CN1CCN2c3ncccc3Cc3ccccc3C2C1	0	0	0.32832763	1	0.8945634361313318	0.7166666666666667	0.7254831670274362	0.7281377789957062	1.0	Age-only
CNC(=O)c1c(C)oc2cc(Oc3ncnc4cc(OC)c(OC)cc34)ccc12	0	1	0.5899334	1	0.8927544748048135	0.7466666666666667	0.7675151515151514	0.7701924001924001	1.0	Age-only
CNC(=O)c1cc(Oc2ccc(NC(=O)Nc3ccc(Cl)c(C(F)(F)F)c3)c(F)c2)ccn1	1	0	0.43260503	1	0.8937782570117019	0.7380952380952381	0.7385093167701863	0.7441395733321198	0.9850746268656716	Age-only
CNC(=O)c1cc(Oc2ccc(NC(=O)Nc3ccc(Cl)c(C(F)(F)F)c3)cc2)ccn1	1	1	0.5289128	1	0.890943638168683	0.7341772151898734	0.7361585030269675	0.7387610336741557	1.0	Age-only
CNC(C)C1CCC(N)C(OC2C(N)CC(N)C(OC3OCC(C)(O)C(NC)C3O)C2O)O1	0	1	0.53014386	1	0.926616560959777	0.8315789473684211	0.8322534491568728	0.8336288973616515	1.0	Age-only
CNC1(c2ccccc2Cl)CCCCC1=O	0	1	0.5452692	1	0.8906506753200528	0.75	0.7598412698412698	0.7680599647266314	1.0	Age-only
CNCCC(Oc1ccc(C(F)(F)F)cc1)c1ccccc1	1	1	0.6030487	1	0.8898254942493019	0.4418604651162791	0.47801667397981573	0.5502094943579304	1.0	Age-only
CNCCC=C1c2ccccc2CCc2ccccc21	1	1	0.5068229	1	0.8979121688015306	0.3888888888888889	0.42474747474747476	0.4904054091045961	1.0	Age-only
CNCc1cc(-c2ccccc2F)n(S(=O)(=O)c2cccnc2)c1	0	0	0.47181457	1	0.8934046002326949	0.7662337662337663	0.7700950390605563	0.7735095896015436	0.984375	Age-only
COC(=O)C(c1ccccc1Cl)N1CCc2sccc2C1	1	1	0.622634	1	0.8650336235454943	0.5857142857142857	0.6737223340040241	0.7006790744466801	1.0	Age-only
COC(=O)C1=C(C)N=C(C)C(C(=O)OC(C)(C)CN(C)CCC(c2ccccc2)c2ccccc2)C1c1cccc([N+](=O)[O-])c1	1	1	0.65516174	1	0.8719527747151995	0.6785714285714286	0.7060902255639098	0.727666388192704	0.9863013698630136	Age-only
COC(=O)C1=C(C)N=C(C)C(C(=O)OC)C1c1ccccc1[N+](=O)[O-]	1	1	0.683077	1	0.8793127004910426	0.4827586206896552	0.5249492900608519	0.5890241153932838	1.0	Age-only
COC(=O)C1=C(C)N=C(C)C(C(=O)OCCN(C)Cc2ccccc2)C1c1cccc([N+](=O)[O-])c1	1	1	0.7520207	1	0.8692202178890664	0.618421052631579	0.6454712362301102	0.6726660732168689	0.9848484848484849	Age-only
COC(=O)C1C=C2CC(=O)CCC2(C)C23OC2CC2(C)C(CCC24CCC(=O)O4)C13	1	0	0.281085	1	0.9055944411439653	0.7830188679245284	0.7918592325630698	0.7963159258474077	1.0	Age-only
COC(=O)CCC1N=C(c2ccccn2)c2cc(Br)ccc2-n2c(C)cnc21	1	0	0.40902942	1	0.8808695748697785	0.7669902912621359	0.7766538722059156	0.7836233814519795	1.0	Age-only
COC(c1ccccc1)(c1ccccc1)C(Oc1nc(C)cc(C)n1)C(=O)O	1	0	0.4669148	1	0.8739818922659319	0.7307692307692307	0.7335435056746532	0.7367422768151365	1.0	Age-only
COCCOC(=O)C1=C(C)N=C(C)C(C(=O)OC(C)C)C1c1cccc([N+](=O)[O-])c1	1	1	0.6027952	1	0.8725543030478059	0.6056338028169014	0.6414290621779457	0.6781119100952048	0.9833333333333333	Age-only
COCCOC(=O)NCCCCC(NC(=O)OCCOC)C(=O)NCCCCCCCOP(C)(=O)O	1	0	0.46912777	1	0.9138080740040635	0.6333333333333333	0.6959562841530056	0.7250198496100135	1.0	Age-only
COc1c(-c2ccc3cc(NS(C)(=O)=O)ccc3c2)cc(-n2ccc(=O)[nH]c2=O)cc1C(C)(C)C	1	1	0.6162164	1	0.9091926229429576	0.7608695652173914	0.7613838242169239	0.7702629148902855	1.0	Age-only
COc1cc(C(C)=O)ccc1OCCCN1CCC(c2noc3cc(F)ccc23)CC1	1	1	0.57280886	1	0.8702768235378375	0.5357142857142857	0.5370051635111877	0.553133167590999	0.9850746268656716	Age-only
COc1cc(Nc2c(C#N)cnc3cc(OCCCN4CCN(C)CC4)c(OC)cc23)c(Cl)cc1Cl	1	0	0.48101118	1	0.9029373044771369	0.7319587628865979	0.7412683536394876	0.7466038211921318	1.0	Age-only
COc1cc2c(Nc3ccc(Br)cc3F)ncnc2cc1OCC1CCN(C)CC1	0	0	0.37996143	1	0.889145114917839	0.7127659574468085	0.7241307732226258	0.7280485346499516	1.0	Age-only
COc1cc2c(c(OC)c1OC)-c1ccc(OC)c(=O)cc1C(NC(C)=O)CC2	0	1	0.55823445	1	0.8818800352034921	0.75	0.7547619047619047	0.7603974406299986	1.0	Age-only
COc1cc2c(cc1O)CCNC21CSC2c3c(OC(C)=O)c(C)c4c(c3C(COC1=O)N1C(O)C3Cc5cc(C)c(OC)c(O)c5C(C21)N3C)OCO4	1	1	0.5244225	1	0.9009673925496259	0.7545454545454545	0.755929941618015	0.7593018548595565	1.0	Age-only
COc1cc2nc(N3CCN(C(=O)c4ccco4)CC3)nc(N)c2cc1OC	0	0	0.48207736	1	0.8753121046959033	0.4117647058823529	0.413212669683258	0.5354168356065889	1.0	Age-only
COc1cc2nccc(Oc3ccc(NC(=O)C4(C(=O)Nc5ccc(F)cc5)CC4)cc3)c2cc1OC	1	1	0.67046314	1	0.8816304143933902	0.7432432432432432	0.747981981981982	0.7488788788788789	1.0	Age-only
COc1cc2nccc(Oc3ccc(NC(=O)NC4CC4)c(Cl)c3)c2cc1C(N)=O	1	0	0.48061943	1	0.8831467429335078	0.7052631578947368	0.7088721804511279	0.7290733816007395	1.0	Age-only
COc1cc2nccc(Oc3ccc(NC(=O)Nc4cc(C)on4)c(Cl)c3)c2cc1OC	1	1	0.51347166	1	0.8937287549130339	0.7638888888888888	0.7694303797468354	0.7736830016365881	1.0	Age-only
COc1cc2ncnc(Nc3ccc(F)c(Cl)c3)c2cc1NC(=O)C=CCN1CCCCC1	0	0	0.2959763	1	0.8738776843024108	0.719626168224299	0.7251334861576442	0.7326714127816738	0.9863013698630136	Age-only
COc1cc2ncnc(Nc3ccc(F)c(Cl)c3)c2cc1OCCCN1CCOCC1	0	0	0.40986812	1	0.8900926486407766	0.6804123711340206	0.7051546391752578	0.7146615672477066	1.0	Age-only
COc1ccc2[nH]c3c(c2c1)CCNC31CSC2c3c(OC(C)=O)c(C)c4c(c3C(COC1=O)N1C(O)C3Cc5cc(C)c(OC)c(O)c5C(C21)N3C)OCO4	0	1	0.60251695	1	0.8975285550429216	0.7678571428571429	0.7680047225501772	0.7694188194958611	1.0	Age-only
COc1ccc2c3c1OC1CC(O)C=CC31CCN(C)C2	1	0	0.4761321	1	0.8961802323590972	0.5882352941176471	0.5911764705882353	0.6062091503267975	1.0	Age-only
COc1ccnc(CS(=O)c2nc3cc(OC(F)F)ccc3[nH]2)c1OC	1	1	0.54484695	1	0.8936514901834718	0.4461538461538462	0.4641694537346711	0.4969333404116013	1.0	Age-only
CS(=O)(=O)CCNCc1ccc(-c2ccc3ncnc(Nc4ccc(OCc5cccc(F)c5)c(Cl)c4)c3c2)o1	0	1	0.56399035	1	0.9003781838551758	0.7345132743362832	0.7558708509460327	0.767221054064311	0.9882352941176471	Age-only
CS(=O)(=O)c1ccc(C(=O)Nc2ccc(Cl)c(-c3ccccn3)c2)c(Cl)c1	0	1	0.56671864	1	0.8917469205578212	0.7638888888888888	0.7643790849673202	0.7647664003873154	1.0	Age-only
CS(=O)(=O)c1ccc(C2=C(c3ccccc3)C(=O)OC2)cc1	1	0	0.4446488	1	0.8995985656777292	0.7313432835820896	0.7807514153371076	0.7874922828970327	1.0	Age-only
C[N+](C)(C)CC(=O)[O-]	1	0	0.44354588	1	0.9205550382058524	0.6956521739130435	0.6976982097186701	0.7083743196275166	1.0	Age-only
C[N+](C)(C)CC(O)CC(=O)[O-]	1	1	0.5206944	1	0.9214791223000929	0.75	0.75	0.7575757575757575	1.0	Age-only
C[N+](C)(C)CCOC(=O)CCC(=O)OCC[N+](C)(C)C	1	0	0.35336334	1	0.9117162139984465	0.7222222222222222	0.7252252252252253	0.7523497523497524	1.0	Age-only
Cc1c(C(=O)Nc2ccc(N3CC(C)OC(C)C3)nc2)cccc1-c1ccc(OC(F)(F)F)cc1	1	1	0.5949812	1	0.8778615386743558	0.6891891891891891	0.6968058968058968	0.716635403732178	1.0	Age-only
Cc1cc(C(C)(C)C)c(O)c(C)c1CC1=NCCN1	0	0	0.40719017	1	0.9071816670058993	0.631578947368421	0.7226748604090264	0.7555349977790259	1.0	Age-only
Cc1cc(NS(=O)(=O)c2ccc(N)cc2)no1	0	1	0.50229406	1	0.90279942295083	0.6285714285714286	0.6694505494505495	0.710919239490668	1.0	Age-only
Cc1ccc(-c2ncc(Cl)cc2-c2ccc(S(C)(=O)=O)cc2)cn1	1	0	0.469045	1	0.9117169857041678	0.7758620689655172	0.7770114942528735	0.780540234563223	1.0	Age-only
Cc1ccc(C(=O)OCc2ccc(C(CN)C(=O)Nc3ccc4cnccc4c3)cc2)c(C)c1	0	0	0.43371844	1	0.8854530266304248	0.7448979591836735	0.7488595438175271	0.7604506614856184	1.0	Age-only
Cc1ccc(Sc2ccccc2N2CCNCC2)c(C)c1	0	1	0.5332534	1	0.9011974774829741	0.7538461538461538	0.7579156327543425	0.7685236542921552	1.0	Age-only
Cc1cccc(C(C)c2c[nH]cn2)c1C	1	1	0.50827205	1	0.9104452260166058	0.7962962962962963	0.8014453477868111	0.8047932522747959	1.0	Age-only
Cc1cccc(C)c1NC(=O)C1CCCCN1C	1	1	0.5474858	1	0.8655339688106302	0.27906976744186046	0.2918863049095607	0.38407263853000284	1.0	Age-only
Cc1ccccc1C(=O)Nc1ccc(C(=O)N2CCCC(O)c3cc(Cl)ccc32)c(C)c1	1	0	0.48974895	1	0.877281259561128	0.7411764705882353	0.7456858435681964	0.7477142465377759	1.0	Age-only
Cc1ccccc1N1C(=O)c2cc(S(N)(=O)=O)c(Cl)cc2NC1C	1	0	0.4000711	1	0.8888147206321253	0.7457627118644068	0.7471719672443344	0.7506455920091418	1.0	Age-only
Cc1ccnc2c1NC(=O)c1cccnc1N2C1CC1	0	1	0.50169206	1	0.8831395838816009	0.7222222222222222	0.7284627092846271	0.7417506805671484	1.0	Age-only
Cc1nc(Nc2ncc(C(=O)Nc3c(C)cccc3Cl)s2)cc(N2CCN(CCO)CC2)n1	1	0	0.4924085	1	0.8764596323577187	0.71	0.713679012345679	0.7208389751758928	1.0	Age-only
Cc1ncc2n1-c1ccc(Cl)cc1C(c1ccccc1F)=NC2	1	0	0.3365231	1	0.8994934134242036	0.5789473684210527	0.6077732793522268	0.6674009258050007	1.0	Age-only
Cc1nnc(C(C)C)n1C1CC2CCC(C1)N2CCC(NC(=O)C1CCC(F)(F)CC1)c1ccccc1	1	0	0.41770583	1	0.8672211353024077	0.7027027027027027	0.7058738738738739	0.7156424903164033	0.9848484848484849	Age-only
Cc1nnc(NS(=O)(=O)c2ccc(N)cc2)s1	0	1	0.556547	1	0.9057827036120915	0.6285714285714286	0.6554037267080746	0.6990805017659237	1.0	Age-only
Cc1nnc2n1-c1ccc(Cl)cc1C(c1ccccc1)=NC2	1	0	0.3327874	1	0.9002791500391346	0.42	0.47393103448275864	0.5707814875630968	1.0	Age-only
Cc1nnc2n1-c1ccc(Cl)cc1C(c1ccccc1Cl)=NC2	0	0	0.42631593	1	0.9062696059705402	0.5714285714285714	0.6008928571428571	0.6616982175383814	1.0	Age-only
Clc1ccc2c(c1)CCc1cccnc1C2=C1CCNCC1	1	0	0.39397842	1	0.9199135525417723	0.7540983606557377	0.7587090163934426	0.7654864905889496	1.0	Age-only
Clc1ccccc1CN1CCc2sccc2C1	0	0	0.4592502	1	0.9051004060498327	0.7457627118644068	0.7533399800598206	0.7588272220375909	1.0	Age-only
Cn1c(=O)cc(N2CCCC(N)C2)n(Cc2ccccc2C#N)c1=O	1	0	0.39871716	1	0.8806302580370476	0.7126436781609196	0.7255638003782918	0.7356702624066274	1.0	Age-only
Cn1cnc2c(F)c(Nc3ccc(Br)cc3F)c(C(=O)NOCCO)cc21	0	0	0.34792864	1	0.882559127820772	0.7472527472527473	0.7617857855900125	0.7688849535111463	0.9841269841269841	Age-only
FC(F)(F)c1ccc(CNc2ccc(Cc3c[nH]c4ncc(Cl)cc34)cn2)cn1	0	1	0.6439609	1	0.91202994858035	0.7529411764705882	0.7586140209508461	0.7697018533440771	1.0	Age-only
N#CC1CCCN1C(=O)CNC12CC3CC(CC(O)(C3)C1)C2	0	0	0.4641174	1	0.9189216365755214	0.5967741935483871	0.7129032258064516	0.7579812336905225	1.0	Age-only
N#Cc1ccc(C(c2ccc(C#N)cc2)n2cncn2)cc1	1	1	0.5196683	1	0.9297186775941374	0.7291666666666666	0.7596666666666667	0.7724296199719929	1.0	Age-only
N#Cc1ccc(C2CCc3cncn32)c(F)c1	0	0	0.29332292	1	0.9150819718241524	0.7708333333333334	0.7711974480199278	0.7733677799324217	1.0	Age-only
N=C(N)NC(=O)c1nc(Cl)c(N)nc1N	0	0	0.38697225	1	0.9091560195627604	0.7804878048780488	0.7815331010452962	0.7838979909555935	1.0	Age-only
NC1c2cccnc2C(OC(=O)N2CCC(n3c(=O)[nH]c4ncccc43)CC2)CCC1c1cccc(F)c1F	0	0	0.24493973	1	0.8898811593744764	0.717391304347826	0.7446397368691541	0.7600939714632555	1.0	Age-only
NS(=O)(=O)c1cc(C(=O)O)c(NCc2ccco2)cc1Cl	1	0	0.40743786	1	0.8834740061728908	0.7446808510638298	0.745014601585315	0.7481476602087893	1.0	Age-only
NS(=O)(=O)c1cc(C2(O)NC(=O)c3ccccc32)ccc1Cl	1	0	0.446645	1	0.9034641824698029	0.7692307692307693	0.7747416762342135	0.7796523082592733	1.0	Age-only
NS(=O)(=O)c1cc(Cl)c(Cl)c(S(N)(=O)=O)c1	0	0	0.38137898	1	0.9338298388466025	0.7741935483870968	0.7765161290322581	0.7874987855633017	1.0	Age-only
NS(=O)(=O)c1cc2c(cc1Cl)N=CNS2(=O)=O	1	0	0.35483277	1	0.9227370725453592	0.7142857142857143	0.7821395431045911	0.7975731147759192	1.0	Age-only
NS(=O)(=O)c1cc2c(cc1Cl)NCNS2(=O)=O	1	0	0.3552094	1	0.9234633542709964	0.6721311475409836	0.7622196567382437	0.7847381834505966	1.0	Age-only
Nc1nc(=O)c2ncn(COCCO)c2[nH]1	0	0	0.30786398	1	0.8955933660469408	0.32608695652173914	0.40254872563718147	0.4862376504055665	1.0	Age-only
Nc1nc(CC(=O)Nc2ccc(CCNCC(O)c3ccccc3)cc2)cs1	1	1	0.69781744	1	0.8814027520471291	0.684931506849315	0.6874188896899783	0.6924336015900544	1.0	Age-only
O=C(CCCN1CC=C(n2c(=O)[nH]c3ccccc32)CC1)c1ccc(F)cc1	1	1	0.56241655	1	0.88512901568379	0.582089552238806	0.6353630234227249	0.686169077232055	0.9848484848484849	Age-only
O=C(CCCN1CCC(O)(c2ccc(Cl)cc2)CC1)c1ccc(F)cc1	1	0	0.41135293	1	0.8809456628807483	0.44642857142857145	0.5076036866359447	0.5676183420783248	0.9803921568627451	Age-only
O=C(NC1CCN(CCCCC2(C(=O)NCC(F)(F)F)c3ccccc3-c3ccccc32)CC1)c1ccccc1-c1ccc(C(F)(F)F)cc1	0	1	0.63540876	1	0.8830265966865418	0.7032967032967034	0.7208106599283071	0.7287331949096654	0.9864864864864865	Age-only
O=C(Nc1ccc(CC2CCC(C(O)c3ccccc3)N2)cc1)C1CCc2nccc(=O)n21	0	0	0.37871453	1	0.872747683479724	0.7555555555555555	0.7579388824958445	0.7607936991903236	1.0	Age-only
O=C(Nc1ccc(OC(F)(F)Cl)cc1)c1cnc(N2CCC(O)C2)c(-c2cc[nH]n2)c1	1	1	0.56330633	1	0.8826665573462226	0.7307692307692307	0.7314847942754918	0.7435451922220166	1.0	Age-only
O=C(Nc1nc(-c2cc(Cl)cs2)c(N2CCN(C3CCCCC3)CC2)s1)c1cnc(N2CCC(C(=O)O)CC2)c(Cl)c1	0	0	0.34949756	1	0.8996934157546099	0.7663551401869159	0.772648971814035	0.7789169372030834	1.0	Age-only
O=C(O)C1C(=CCO)OC2CC(=O)N21	0	0	0.29553434	1	0.8959998814622168	0.7868852459016393	0.7919954776710005	0.7955530431505557	1.0	Age-only
O=C(O)C1N=C(c2ccccc2)c2cc(Cl)ccc2NC1=O	0	0	0.38654843	1	0.8830323115297456	0.6071428571428571	0.6201405152224824	0.6514586405296787	1.0	Age-only
O=C(O)c1cc(N=Nc2ccc(S(=O)(=O)Nc3ccccn3)cc2)ccc1O	0	0	0.46739674	1	0.8882245774496397	0.576271186440678	0.6191878265911486	0.6536841915662115	1.0	Age-only
O=C([O-])[O-]	0	0	0.48047718	1	0.9491482706888918	0.375	0.425	0.5393518518518517	1.0	Age-only
O=C(c1ccccc1)c1ccc2n1CCC2C(=O)O	0	0	0.43396902	1	0.8819038909395136	0.6571428571428571	0.7095421245421245	0.7208226227963068	1.0	Age-only
O=C1CN=C(c2ccccc2Cl)c2cc([N+](=O)[O-])ccc2N1	0	1	0.5957393	1	0.9055190770863255	0.734375	0.7367537313432836	0.7438585028444276	1.0	Age-only
O=C1N=C(c2ccccc2)c2cc(Cl)ccc2NC1O	0	0	0.48204613	1	0.8815128181266582	0.6037735849056604	0.62483704974271	0.6631249602947716	1.0	Age-only
O=C1N=C(c2ccccc2Cl)c2cc(Cl)ccc2NC1O	0	1	0.59745455	1	0.8881073750243111	0.7	0.7013793103448276	0.7064161041172535	1.0	Age-only
O=C1OC2(c3ccc(O)cc3Oc3cc(O)ccc32)c2ccccc21	1	1	0.5312062	1	0.9023083393311491	0.7714285714285715	0.7950000000000002	0.7989651416122004	1.0	Age-only
O=NN(CCCl)C(=O)NCCCl	1	1	0.61307573	1	0.9314381404974926	0.7608695652173914	0.7620289855072464	0.7703029622139834	1.0	Age-only
O=S(=O)([O-])Oc1ccc(C(c2ccc(OS(=O)(=O)O)cc2)c2ccccn2)cc1	0	1	0.5352442	1	0.8964217319883289	0.7142857142857143	0.718295739348371	0.7316781834408919	1.0	Age-only
O=c1[nH]c2ccccc2n1CCN1CCN(c2cccc(C(F)(F)F)c2)CC1	0	1	0.5031922	1	0.8940372254229977	0.5942028985507246	0.6433149622371912	0.6701576591212404	1.0	Age-only
CC(=O)C(C#N)C(=O)Nc1ccc(C(F)(F)F)cc1	1	1	0.6791353	2	0.8948108682095539	0.7230769230769231	0.7320279720279721	0.739005439005439	1.0	Age-only
CC(=O)NC1C(N=C(N)N)C=C(C(=O)O)OC1C(O)C(O)CO	1	0	0.42028338	2	0.8867093430959329	0.7164179104477612	0.7221539362013462	0.7506519689136018	0.9830508474576272	Age-only
CC(=O)Nc1ccc(O)cc1	0	1	0.73555535	2	0.8880331155369305	0.6764705882352942	0.7205783985835137	0.7359352716086114	1.0	Age-only
CC(=O)c1c(C)c2cnc(Nc3ccc(N4CCNCC4)cn3)nc2n(C2CCCC2)c1=O	0	0	0.41713953	2	0.8808083741073066	0.7341772151898734	0.7501511234432245	0.752994070109887	1.0	Age-only
CC(C)(C)NCC(O)c1cc(O)cc(O)c1	1	1	0.50425714	2	0.9066160752586406	0.7115384615384616	0.7129807692307693	0.719468031968032	1.0	Age-only
CC(C)(C)NCC(O)c1ccc(O)c(CO)c1	1	1	0.568767	2	0.8993075962924737	0.6779661016949152	0.6872004675628287	0.7051245609944865	1.0	Age-only
CC(C)=c1nc(N(C)S(C)(=O)=O)nc(-c2ccc(F)cc2)c1=CCC(O)CC(O)CC(=O)O	1	1	0.5801347	2	0.8879113166447765	0.7888888888888889	0.7900152207001522	0.7921346706734833	1.0	Age-only
CC(C)NCC(O)COc1ccc(CC(N)=O)cc1	1	1	0.54574287	2	0.8724227580928305	0.6206896551724138	0.6507856659905341	0.6719532359559406	1.0	Age-only
CC(C)NCC(O)COc1ccc(COCCOC(C)C)cc1	1	1	0.66960555	2	0.9011523831282389	0.7230769230769231	0.728036739380023	0.7333442676726258	1.0	Age-only
CC(C)NCC(O)COc1cccc2ccccc12	1	1	0.8109652	2	0.8807991226602471	0.5813953488372093	0.5823576583801123	0.5863946487442878	1.0	Age-only
CC(C)NCC(O)c1ccc(NS(C)(=O)=O)cc1	1	1	0.7464582	2	0.8911280385266144	0.5102040816326531	0.6122954527312882	0.6535926819421574	1.0	Age-only
CC(C)NCC(O)c1ccc(O)c(O)c1	1	1	0.5579631	2	0.8962487554864161	0.5686274509803921	0.5799019607843137	0.6212633632264275	1.0	Age-only
CC(C)OC(=O)C(C)(C)Oc1ccc(C(=O)c2ccc(Cl)cc2)cc1	1	1	0.55539286	2	0.8904839189555086	0.6862745098039216	0.6918767507002801	0.7053636269322544	1.0	Age-only
CC(C=CC1=C(C)CCCC1(C)C)=CC=CC(C)=CC(=O)O	0	0	0.25106367	2	0.915175591565807	0.7833333333333333	0.7865727699530516	0.796949598827533	1.0	Age-only
CC(CCc1ccc(O)cc1)NCCc1ccc(O)c(O)c1	1	0	0.19694684	2	0.8992676030141061	0.6140350877192983	0.6260106788710907	0.6735736843494655	1.0	Age-only
CC(CN1c2ccccc2Sc2ccccc21)N(C)C	1	1	0.6101137	2	0.8974704221828916	0.6046511627906976	0.6418604651162789	0.6756774663751407	1.0	Age-only
CC(N)(Cc1ccc(O)c(O)c1)C(=O)O	1	0	0.25555348	2	0.8715661802265727	0.3333333333333333	0.5403508771929825	0.5945419103313841	1.0	Age-only
CC(O)C1C(=O)N2C(C(=O)O)=C(SC3CNC(C(=O)N(C)C)C3)C(C)C12	1	0	0.43970242	2	0.9037335840045024	0.8	0.8074999999999999	0.8128614916286148	0.9875	Age-only
CC1CCN(C(=O)CC#N)CC1N(C)c1ncnc2[nH]ccc12	0	0	0.39486086	2	0.8738345714048942	0.75	0.7543478260869566	0.7673992987745687	0.9857142857142858	Age-only
CC1c2cccc(O)c2C(=O)C2C(=O)C3(O)C(=O)C(C(N)=O)C(=O)C(N(C)C)C3C(O)C21	0	1	0.7978042	2	0.897099670194441	0.7849462365591398	0.7889325990034093	0.7960194655709997	1.0	Age-only
CCC(=O)N(c1ccccc1)C1(C(=O)OC)CCN(CCC(=O)OC)CC1	1	1	0.7413563	2	0.8602986683296822	0.6065573770491803	0.6127821335234023	0.6259772463186456	0.9795918367346939	Age-only
CCC(C(N)=O)N1CCCC1=O	0	0	0.17004314	2	0.8807860972514683	0.765625	0.7693627450980391	0.7779608970024792	0.9726027397260274	Age-only
CCC1(c2ccccc2)C(=O)NC(=O)NC1=O	1	0	0.3731057	2	0.8805199449150383	0.717391304347826	0.725889328063241	0.7378397501585907	1.0	Age-only
CCCC(=O)Nc1ccc(OCC(O)CNC(C)C)c(C(C)=O)c1	1	1	0.6964254	2	0.8794623566271217	0.6268656716417911	0.6414925373134329	0.677539587508985	1.0	Age-only
CCCCCCC(=O)OCC(COC(=O)CCCCCC)OC(=O)CCCCCC	1	0	0.16308436	2	0.9106580317895321	0.48717948717948717	0.5461924040871409	0.6162709123235438	1.0	Age-only
CCCCCCCCc1ccc(CCC(N)(CO)CO)cc1	1	0	0.2922029	2	0.8994773325006592	0.7209302325581395	0.7260042283298098	0.7382413427828083	1.0	Age-only
CN(C)C(=O)c1cc2cnc(Nc3ccc(N4CCNCC4)cn3)nc2n1C1CCCC1	1	0	0.39692965	2	0.878368304472835	0.7216494845360825	0.7354683044527308	0.74216090176686	1.0	Age-only
CN(C)C(N)=NC(=N)N	0	0	0.21845293	2	0.9446093795740661	0.8181818181818182	0.8203208556149733	0.8236598408764836	1.0	Age-only
CN(C)CCCN1c2ccccc2CCc2ccccc21	1	1	0.8044314	2	0.8922135096484208	0.46153846153846156	0.5358348968105066	0.5918933708567855	1.0	Age-only
CN(C)c1ccc(O)c2c1CC1CC3C(N(C)C)C(=O)C(C(N)=O)C(=O)C3(O)C(=O)C1C2=O	1	1	0.68871856	2	0.8980134836688326	0.7974683544303798	0.8003270042194094	0.8024392198148453	0.9855072463768116	Age-only
CN1C(=O)CC(=O)N(c2ccccc2)c2cc(Cl)ccc21	0	0	0.33989772	2	0.8879200821299239	0.6111111111111112	0.657375478927203	0.6736377181779482	1.0	Age-only
CN1C(=O)CN=C(c2ccccc2)c2cc(Cl)ccc21	1	0	0.49188668	2	0.8810450883402375	0.40816326530612246	0.41526530612244894	0.43736961451247164	1.0	Age-only
CN1CC(=O)N2C(Cc3c([nH]c4ccccc34)C2c2ccc3c(c2)OCO3)C1=O	1	0	0.4045928	2	0.8963393687472649	0.759493670886076	0.7600539531023034	0.7672562185423586	1.0	Age-only
CN1CCCC1c1cccnc1	1	0	0.4082378	2	0.8925642067262888	0.6842105263157895	0.7056842105263158	0.7160561076350551	1.0	Age-only
CN1CCN(C2=Nc3cc(Cl)ccc3Nc3ccccc32)CC1	1	1	0.7096961	2	0.8941432695797167	0.6721311475409836	0.6799635701275045	0.688868650070836	1.0	Age-only
CN=C(C[N+](=O)[O-])NCCSCc1ccc(CN(C)C)o1	1	0	0.38191378	2	0.8984510335406086	0.7941176470588235	0.8008638153116998	0.8021764402891148	1.0	Age-only
CNC(C)C(O)c1ccccc1	0	1	0.6045266	2	0.8892834716736842	0.6129032258064516	0.6272013949433305	0.6481595679077976	1.0	Age-only
CNCC(O)c1ccc(O)c(O)c1	1	1	0.5887017	2	0.897776559648319	0.6052631578947368	0.617004048582996	0.6341324654018153	1.0	Age-only
CNCC(O)c1cccc(O)c1	1	1	0.7216909	2	0.8896028175093215	0.5952380952380952	0.6143722943722943	0.6518678852012186	1.0	Age-only
CNCCC(Oc1cccc2ccccc12)c1cccs1	0	1	0.6921222	2	0.9005448312712603	0.5416666666666666	0.5578616352201258	0.5991696468943971	1.0	Age-only
COC(=O)CCc1ccc(OCC(O)CNC(C)C)cc1	1	1	0.6546793	2	0.876885355213856	0.6229508196721312	0.6329760403530896	0.6619924459650206	1.0	Age-only
COCCc1ccc(OCC(O)CNC(C)C)cc1	1	1	0.6851148	2	0.8915965724135702	0.6935483870967742	0.6960151802656547	0.7032017107918437	1.0	Age-only
COc1cc(C2c3cc4c(cc3C(OC3OC5COC(C)OC5C(O)C3O)C3COC(=O)C23)OCO4)cc(OC)c1O	1	1	0.5411732	2	0.9078946637886716	0.7818181818181819	0.789512987012987	0.7923987025756937	0.9868421052631579	Age-only
COc1cc(N)c(Cl)cc1C(=O)NC1CCN(CCCOc2ccc(F)cc2)CC1OC	1	1	0.52048606	2	0.8651967486327931	0.6162790697674418	0.6283298097251585	0.6420014094432699	0.9850746268656716	Age-only
COc1ccc(C(CN(C)C)C2(O)CCCCC2)cc1	1	1	0.5352559	2	0.8859079043441054	0.6226415094339622	0.6490566037735849	0.68877413659936	1.0	Age-only
COc1ccc(CC(C)NCC(O)c2ccc(O)c(NC=O)c2)cc1	0	0	0.38857612	2	0.8901726542749602	0.5909090909090909	0.6117103235747303	0.6498202362609143	1.0	Age-only
COc1cccc(C2(O)CCCCC2CN(C)C)c1	1	0	0.40134674	2	0.8805503572013899	0.6721311475409836	0.6810382513661202	0.7079842137219186	1.0	Age-only
Cc1cc2c(s1)Nc1ccccc1N=C2N1CCN(C)CC1	1	1	0.6872008	2	0.9004549300925873	0.7540983606557377	0.7587090163934426	0.7622788186312778	1.0	Age-only
Cc1ccc(O)c(C(CCN(C(C)C)C(C)C)c2ccccc2)c1	1	0	0.49253827	2	0.8875450017925678	0.5272727272727272	0.6409719839908519	0.6761077758719268	1.0	Age-only
Cc1nc2n(c(=O)c1CCN1CCC(c3noc4cc(F)ccc34)CC1)CCCC2	0	0	0.33057088	2	0.8902457447377099	0.5421686746987951	0.6338696478704786	0.7005329570806655	0.9868421052631579	Age-only
Cc1nc2n(c(=O)c1CCN1CCC(c3noc4cc(F)ccc34)CC1)CCCC2O	1	0	0.35906756	2	0.8848474469345602	0.5357142857142857	0.629393173198483	0.6933163946106838	0.9871794871794872	Age-only
Cc1nccn1CC1CCc2c(c3ccccc3n2C)C1=O	1	0	0.25365633	2	0.8816559524502683	0.7428571428571429	0.7484169884169886	0.755909947214295	1.0	Age-only
Cc1nnc(C(=O)NC(C)(C)c2nc(C(=O)NCc3ccc(F)cc3)c(O)c(=O)n2C)o1	0	0	0.37057838	2	0.880310830450204	0.7362637362637363	0.7396667848280754	0.7448679700524308	1.0	Age-only
Cc1oncc1C(=O)Nc1ccc(C(F)(F)F)cc1	0	0	0.44627786	2	0.8899846002174123	0.6891891891891891	0.7191539365452408	0.7316555686120902	1.0	Age-only
Cn1cnc([N+](=O)[O-])c1Sc1ncnc2[nH]cnc12	0	0	0.36335337	2	0.9137872722578255	0.7375	0.7466594516594516	0.7609083164167909	1.0	Age-only
N#CCC(C1CCCC1)n1cc(-c2ncnc3[nH]ccc23)cn1	0	0	0.25451547	2	0.9038425880609089	0.7954545454545454	0.803490835405729	0.8073328971564168	1.0	Age-only
N=C(CCSCc1csc(N=C(N)N)n1)NS(N)(=O)=O	0	0	0.2813004	2	0.9111253899854695	0.7804878048780488	0.783364602876798	0.7930001540818084	1.0	Age-only
N=C(N)c1ccc(OCCCCCOc2ccc(C(=N)N)cc2)cc1	1	0	0.45636255	2	0.9020916800600582	0.6818181818181818	0.7261096933439317	0.7396573664406154	1.0	Age-only
NC(=O)N1c2ccccc2C=Cc2ccccc21	0	1	0.5420853	2	0.8812296769525129	0.7241379310344828	0.7359348224754232	0.7393370096373434	1.0	Age-only
NC(=O)N1c2ccccc2CC(=O)c2ccccc21	0	0	0.45301065	2	0.8741567997893518	0.71875	0.7233870967741935	0.7325459467703807	1.0	Age-only
NCC(O)c1ccc(O)c(O)c1	1	0	0.4313972	2	0.9018358072053508	0.5294117647058824	0.5771065182829889	0.628307040071746	1.0	Age-only
NCCO	0	0	0.29682305	2	0.9543470380829804	0.7142857142857143	0.7545454545454545	0.7744949494949495	1.0	Age-only
NCCS	0	0	0.27696458	2	0.972467140239658	0.8	0.8161264822134389	0.8320000173073636	1.0	Age-only
NCCc1ccc(O)c(O)c1	1	0	0.2374222	2	0.9079457518941201	0.5454545454545454	0.6363636363636364	0.6652106652106652	1.0	Age-only
Nc1nc(=S)c2[nH]cnc2[nH]1	0	0	0.3201122	2	0.9361502218935893	0.7317073170731707	0.7353658536585366	0.750144150377674	1.0	Age-only
Nc1nnc(-c2cccc(Cl)c2Cl)c(N)n1	0	1	0.59676147	2	0.9206129630589723	0.7272727272727273	0.7318181818181818	0.7411335578002245	1.0	Age-only
O=C(NC(CO)C(O)c1ccc([N+](=O)[O-])cc1)C(Cl)Cl	1	1	0.55675423	2	0.898980611753635	0.6984126984126984	0.738188608776844	0.7543313621744994	1.0	Age-only
O=C(Nc1cnn2ccc(N3CCCC3c3cc(F)ccc3F)nc12)N1CCC(O)C1	0	1	0.64006245	2	0.8900687672995399	0.7553191489361702	0.759235502711723	0.7641250314815644	1.0	Age-only
O=C(O)COCCN1CCN(C(c2ccccc2)c2ccc(Cl)cc2)CC1	0	0	0.33280084	2	0.866247304710887	0.5970149253731343	0.6578645235361653	0.6726698333370854	0.9833333333333333	Age-only
O=C([O-])CCCO	0	0	0.46020985	2	0.9343832097674346	0.6470588235294118	0.6632352941176471	0.6776427962489342	1.0	Age-only
O=C1CCCC(=O)C1C(=O)c1ccc(C(F)(F)F)cc1[N+](=O)[O-]	0	0	0.43389246	2	0.8977469617948601	0.7575757575757576	0.7591470258136924	0.7706852475370994	0.9824561403508771	Age-only
O=C1CCc2ccc(OCCCCN3CCN(c4cccc(Cl)c4Cl)CC3)cc2N1	0	0	0.4147888	2	0.8821319883475293	0.5657894736842105	0.5757085020242915	0.6096460833302939	1.0	Age-only
O=C1NC(=O)C(c2ccccc2)(c2ccccc2)N1	1	0	0.41805553	2	0.9055258981043492	0.7419354838709677	0.7501075268817204	0.7570279879239152	1.0	Age-only
O=C1NC(c2ccccc2)(c2ccccc2)C(=O)N1COP(=O)(O)O	1	0	0.2971604	2	0.8850610216036796	0.7317073170731707	0.7430117810488073	0.7497512380850612	0.98	Age-only
O=c1n(CCCN2CCN(c3cccc(Cl)c3)CC2)nc2ccccn12	1	0	0.2635993	2	0.8939229973185971	0.676056338028169	0.7139007960808327	0.7305966653812591	1.0	Age-only
OCCOCCN1CCN(C(c2ccccc2)c2ccc(Cl)cc2)CC1	1	0	0.33056507	2	0.8838797940578943	0.6470588235294118	0.6950664136622391	0.7073093223575857	1.0	Age-only
OCCOCCN1CCN(C2=Nc3ccccc3Sc3ccccc32)CC1	1	1	0.68137795	2	0.8946653763280609	0.7272727272727273	0.73475935828877	0.7490744549568079	1.0	Age-only
OCc1cc(C(O)CNCCCCCCOCCCCc2ccccc2)ccc1O	0	1	0.6190295	2	0.8956894443395668	0.6119402985074627	0.6290259230164964	0.6657690279675881	1.0	Age-only
S=c1[nH]cnc2[nH]cnc12	0	1	0.5755715	2	0.9428979055209452	0.7058823529411765	0.7393188854489164	0.7617985507728842	1.0	Age-only
C#CC1(O)CCC2C3CCC4=CCCCC4C3C(=C)CC21CC	1	0	0.25372937	2	0.9140315872887046	0.3492063492063492	0.46615312791783375	0.5436368279505533	1.0	Age-only
CC(=O)C(C#N)C(=O)Nc1ccc(C(F)(F)F)cc1	0	1	0.7441699	2	0.8948108682095539	0.7230769230769231	0.7320279720279721	0.739005439005439	1.0	Age-only
CC(=O)Nc1ccc(O)cc1	0	1	0.80029255	2	0.8880331155369305	0.6764705882352942	0.7205783985835137	0.7359352716086114	1.0	Age-only
CC(=O)OC1Cc2ccccc2N(C(N)=O)c2ccccc21	1	1	0.6521517	2	0.8686760683716415	0.7121212121212122	0.7160984848484848	0.729600879688908	0.9807692307692307	Age-only
CC(C)(C)NCC(O)c1cc(O)cc(O)c1	1	1	0.5633662	2	0.9066160752586406	0.7115384615384616	0.7129807692307693	0.719468031968032	1.0	Age-only
CC(C)(C)NCC(O)c1ccc(O)c(CO)c1	1	1	0.62445176	2	0.8993075962924737	0.6779661016949152	0.6872004675628287	0.7051245609944865	1.0	Age-only
CC(C)NCC(O)COc1ccc(CC(N)=O)cc1	1	1	0.6479343	2	0.8724227580928305	0.6206896551724138	0.6507856659905341	0.6719532359559406	1.0	Age-only
CC(C)NCC(O)COc1ccc(COCCOC(C)C)cc1	1	1	0.73657626	2	0.9011523831282389	0.7230769230769231	0.728036739380023	0.7333442676726258	1.0	Age-only
CC(C)NCC(O)COc1cccc2ccccc12	1	1	0.8553664	2	0.8807991226602471	0.5813953488372093	0.5823576583801123	0.5863946487442878	1.0	Age-only
CC(C)NCC(O)c1ccc(NS(C)(=O)=O)cc1	1	1	0.8288182	2	0.8911280385266144	0.5102040816326531	0.6122954527312882	0.6535926819421574	1.0	Age-only
CC(C)OC(=O)C(C)(C)Oc1ccc(C(=O)c2ccc(Cl)cc2)cc1	1	1	0.6336024	2	0.8904839189555086	0.6862745098039216	0.6918767507002801	0.7053636269322544	1.0	Age-only
CC(C)c1c(C(=O)Nc2ccccc2)c(-c2ccccc2)c(-c2ccc(F)cc2)n1CCC(O)CC(O)CC(=O)O	1	1	0.7432866	2	0.8743848459140724	0.7386363636363636	0.7396103896103896	0.7423165557493916	1.0	Age-only
CC(C=CC1=C(C)CCCC1(C)C)=CC=CC(C)=CC(=O)O	0	0	0.30532682	2	0.915175591565807	0.7833333333333333	0.7865727699530516	0.796949598827533	1.0	Age-only
CC(C=CC1=C(C)CCCC1(C)C)=CC=CC(C)=CCO	1	0	0.24599786	2	0.9273083896010367	0.821917808219178	0.828285820066642	0.8340995124601317	1.0	Age-only
CC(CCc1ccc(O)cc1)NCCc1ccc(O)c(O)c1	1	0	0.26849887	2	0.8992676030141061	0.6140350877192983	0.6260106788710907	0.6735736843494655	1.0	Age-only
CC(CN1c2ccccc2Sc2ccccc21)N(C)C	1	1	0.6836093	2	0.8974704221828916	0.6046511627906976	0.6418604651162789	0.6756774663751407	1.0	Age-only
CC(O)C1C(=O)N2C(C(=O)O)=C(SC3CNC(C(=O)N(C)C)C3)C(C)C12	0	1	0.530398	2	0.9037335840045024	0.8	0.8074999999999999	0.8128614916286148	0.9875	Age-only
CC12CCC3c4ccc(O)cc4CCC3C1CCC2O	0	0	0.45045245	2	0.8955536676423272	0.4230769230769231	0.4696514587408762	0.5160484974266762	1.0	Age-only
CC1CCN(C(=O)CC#N)CC1N(C)c1ncnc2[nH]ccc12	0	0	0.44967172	2	0.8738345714048942	0.75	0.7543478260869566	0.7673992987745687	0.9857142857142858	Age-only
CC1c2cccc(O)c2C(=O)C2C(=O)C3(O)C(=O)C(C(N)=O)C(=O)C(N(C)C)C3C(O)C21	0	1	0.83109903	2	0.897099670194441	0.7849462365591398	0.7889325990034093	0.7960194655709997	1.0	Age-only
CCC(=O)N(c1ccccc1)C1(C(=O)OC)CCN(CCC(=O)OC)CC1	1	1	0.7856122	2	0.8602986683296822	0.6065573770491803	0.6127821335234023	0.6259772463186456	0.9795918367346939	Age-only
CCC(C(N)=O)N1CCCC1=O	0	0	0.22150476	2	0.8807860972514683	0.765625	0.7693627450980391	0.7779608970024792	0.9726027397260274	Age-only
CCC1(C)CC(=O)NC1=O	0	0	0.31514826	2	0.9155793521002146	0.7567567567567568	0.7719487908961593	0.800953462642569	1.0	Age-only
CCC1(c2ccccc2)C(=O)NC(=O)NC1=O	1	0	0.45333818	2	0.8805199449150383	0.717391304347826	0.725889328063241	0.7378397501585907	1.0	Age-only
CCCC(=O)Nc1ccc(OCC(O)CNC(C)C)c(C(C)=O)c1	1	1	0.7542675	2	0.8794623566271217	0.6268656716417911	0.6414925373134329	0.677539587508985	1.0	Age-only
CCCC(C)(COC(N)=O)COC(=O)NC(C)C	1	1	0.5101918	2	0.905393730198495	0.7073170731707317	0.7368337850045167	0.7537451068955134	1.0	Age-only
CCCC1CC(=O)N(C(CC)C(N)=O)C1	0	0	0.28013447	2	0.8843101556347356	0.7611940298507462	0.7635456241519675	0.7650233338686454	0.9791666666666666	Age-only
CCCCCCC(=O)OCC(COC(=O)CCCCCC)OC(=O)CCCCCC	1	0	0.22025785	2	0.9106580317895321	0.48717948717948717	0.5461924040871409	0.6162709123235438	1.0	Age-only
CCCCCCCCc1ccc(CCC(N)(CO)CO)cc1	0	0	0.35852474	2	0.8994773325006592	0.7209302325581395	0.7260042283298098	0.7382413427828083	1.0	Age-only
CCO	1	0	0.35212934	2	0.9418357094301167	0.7222222222222222	0.7555555555555555	0.7663139329805996	1.0	Age-only
CN(C)C(N)=NC(=N)N	1	0	0.27696225	2	0.9446093795740661	0.8181818181818182	0.8203208556149733	0.8236598408764836	1.0	Age-only
CN(C)CC(c1ccc(O)cc1)C1(O)CCCCC1	0	1	0.61732936	2	0.8947129090432785	0.6274509803921569	0.6673069227691075	0.7028276588413143	1.0	Age-only
CN(C)CCCN1c2ccccc2CCc2ccc(Cl)cc21	1	1	0.72358906	2	0.8904656405117298	0.5625	0.6210000000000001	0.6526519363964493	1.0	Age-only
CN(C)CCCN1c2ccccc2CCc2ccccc21	1	1	0.83840954	2	0.8922135096484208	0.46153846153846156	0.5358348968105066	0.5918933708567855	1.0	Age-only
CN(C)P(=O)(OCC1CNCC(n2ccc(N)nc2=O)O1)N1CCN(C(=O)OCCOCCOCCO)CC1	0	1	0.5558852	2	0.8805123527871582	0.65	0.6573493975903615	0.6704986613119144	0.9880952380952381	Age-only
CN(C)c1ccc(O)c2c1CC1CC3C(N(C)C)C(=O)C(C(N)=O)C(=O)C3(O)C(=O)C1C2=O	1	1	0.73068595	2	0.8980134836688326	0.7974683544303798	0.8003270042194094	0.8024392198148453	0.9855072463768116	Age-only
CN1C(=O)CC(=O)N(c2ccccc2)c2cc(Cl)ccc21	0	0	0.39608422	2	0.8879200821299239	0.6111111111111112	0.657375478927203	0.6736377181779482	1.0	Age-only
CN1C(=O)CN=C(c2ccccc2)c2cc(Cl)ccc21	1	1	0.55216116	2	0.8810450883402375	0.40816326530612246	0.41526530612244894	0.43736961451247164	1.0	Age-only
CN1CC(=O)N2C(Cc3c([nH]c4ccccc34)C2c2ccc3c(c2)OCO3)C1=O	1	0	0.43610415	2	0.8963393687472649	0.759493670886076	0.7600539531023034	0.7672562185423586	1.0	Age-only
CN1CCCC1c1cccnc1	0	0	0.45959467	2	0.8925642067262888	0.6842105263157895	0.7056842105263158	0.7160561076350551	1.0	Age-only
CN1CCN(C2=Nc3cc(Cl)ccc3Nc3ccccc32)CC1	1	1	0.74111545	2	0.8941432695797167	0.6721311475409836	0.6799635701275045	0.688868650070836	1.0	Age-only
CN1CCN(CCCN2c3ccccc3Sc3ccc(Cl)cc32)CC1	1	0	0.42426503	2	0.8940150564216709	0.7222222222222222	0.7280495169082125	0.7365520047649271	1.0	Age-only
CN=C(C[N+](=O)[O-])NCCSCc1ccc(CN(C)C)o1	0	0	0.4492846	2	0.8984510335406086	0.7941176470588235	0.8008638153116998	0.8021764402891148	1.0	Age-only
CNC(C)C(O)c1ccccc1	0	1	0.7312869	2	0.8892834716736842	0.6129032258064516	0.6272013949433305	0.6481595679077976	1.0	Age-only
CNCC(O)c1ccc(O)c(O)c1	1	1	0.6659769	2	0.897776559648319	0.6052631578947368	0.617004048582996	0.6341324654018153	1.0	Age-only
CNCC(O)c1cccc(O)c1	1	1	0.77527833	2	0.8896028175093215	0.5952380952380952	0.6143722943722943	0.6518678852012186	1.0	Age-only
CNCCC(Oc1cccc2ccccc12)c1cccs1	1	1	0.75611055	2	0.9005448312712603	0.5416666666666666	0.5578616352201258	0.5991696468943971	1.0	Age-only
COC(=O)CCc1ccc(OCC(O)CNC(C)C)cc1	1	1	0.7382908	2	0.876885355213856	0.6229508196721312	0.6329760403530896	0.6619924459650206	1.0	Age-only
COCCc1ccc(OCC(O)CNC(C)C)cc1	1	1	0.7467446	2	0.8915965724135702	0.6935483870967742	0.6960151802656547	0.7032017107918437	1.0	Age-only
COc1cc(C2c3cc4c(cc3C(OC3OC5COC(C)OC5C(O)C3O)C3COC(=O)C23)OCO4)cc(OC)c1O	1	1	0.54815906	2	0.9078946637886716	0.7818181818181819	0.789512987012987	0.7923987025756937	0.9868421052631579	Age-only
COc1cc2c(cc1Cc1cccc(Cl)c1F)c(=O)c(C(=O)O)cn2C(CO)C(C)C	1	0	0.47104597	2	0.8713998008812487	0.73	0.7329638554216868	0.7374623585630997	0.9861111111111112	Age-only
COc1cc2nc(N3CCN(C(=O)C4COc5ccccc5O4)CC3)nc(N)c2cc1OC	1	1	0.5421626	2	0.869651784467445	0.4117647058823529	0.5274711946634324	0.6168935021806787	0.9861111111111112	Age-only
COc1ccc(C(CN(C)C)C2(O)CCCCC2)cc1	1	1	0.6145581	2	0.8859079043441054	0.6226415094339622	0.6490566037735849	0.68877413659936	1.0	Age-only
COc1ccc(CC(C)NCC(O)c2ccc(O)c(NC=O)c2)cc1	0	0	0.46967927	2	0.8901726542749602	0.5909090909090909	0.6117103235747303	0.6498202362609143	1.0	Age-only
COc1cccc(C2(O)CCCCC2CN(C)C)c1	1	0	0.44209272	2	0.8805503572013899	0.6721311475409836	0.6810382513661202	0.7079842137219186	1.0	Age-only
Cc1cc2c(s1)Nc1ccccc1N=C2N1CCN(C)CC1	1	1	0.7097902	2	0.9004549300925873	0.7540983606557377	0.7587090163934426	0.7622788186312778	1.0	Age-only
Cc1ccc(-n2nccn2)c(C(=O)N2CCN(c3nc4cc(Cl)ccc4o3)CCC2C)c1	1	0	0.1982637	2	0.8847450933639569	0.7472527472527473	0.7576299988671122	0.7652431741392706	0.9861111111111112	Age-only
Cc1cccc(CN2CCN(C(c3ccccc3)c3ccc(Cl)cc3)CC2)c1	1	0	0.36622113	2	0.8853638596873126	0.7205882352941176	0.723878364905284	0.7265063783009944	1.0	Age-only
Cc1cnc(NC(=O)C2C(=O)c3ccccc3S(=O)(=O)N2C)s1	1	0	0.3782357	2	0.8776777149941611	0.36538461538461536	0.5945296582477992	0.6690155189499268	1.0	Age-only
Cc1nc2n(c(=O)c1CCN1CCC(c3noc4cc(F)ccc34)CC1)CCCC2	0	0	0.33475164	2	0.8902457447377099	0.5421686746987951	0.6338696478704786	0.7005329570806655	0.9868421052631579	Age-only
Cc1nc2n(c(=O)c1CCN1CCC(c3noc4cc(F)ccc34)CC1)CCCC2O	0	0	0.3833359	2	0.8848474469345602	0.5357142857142857	0.629393173198483	0.6933163946106838	0.9871794871794872	Age-only
Cc1nccn1CC1CCc2c(c3ccccc3n2C)C1=O	1	0	0.27447015	2	0.8816559524502683	0.7428571428571429	0.7484169884169886	0.755909947214295	1.0	Age-only
Cc1oncc1C(=O)Nc1ccc(C(F)(F)F)cc1	0	1	0.5056353	2	0.8899846002174123	0.6891891891891891	0.7191539365452408	0.7316555686120902	1.0	Age-only
Cn1cnc([N+](=O)[O-])c1Sc1ncnc2[nH]cnc12	0	0	0.3709361	2	0.9137872722578255	0.7375	0.7466594516594516	0.7609083164167909	1.0	Age-only
FC(F)(F)C(F)(F)C(F)(F)F	1	1	0.5660853	2	0.9880336238250221	0.8333333333333334	0.8385964912280702	0.8427875243664716	1.0	Age-only
N#CCC(C1CCCC1)n1cc(-c2ncnc3[nH]ccc23)cn1	0	0	0.27821517	2	0.9038425880609089	0.7954545454545454	0.803490835405729	0.8073328971564168	1.0	Age-only
N=C(CCSCc1csc(N=C(N)N)n1)NS(N)(=O)=O	1	0	0.3088187	2	0.9111253899854695	0.7804878048780488	0.783364602876798	0.7930001540818084	1.0	Age-only
NC(=O)N1c2ccccc2C=Cc2ccccc21	1	1	0.6448381	2	0.8812296769525129	0.7241379310344828	0.7359348224754232	0.7393370096373434	1.0	Age-only
NC(=O)N1c2ccccc2CC(=O)c2ccccc21	0	1	0.51048774	2	0.8741567997893518	0.71875	0.7233870967741935	0.7325459467703807	1.0	Age-only
NC(=O)N1c2ccccc2CC(O)c2ccccc21	1	1	0.61125636	2	0.8792864991792316	0.7049180327868853	0.7318824194460147	0.7426349488353848	1.0	Age-only
NC(CO)(CO)CO	1	0	0.3121932	2	0.9532160721794293	0.8235294117647058	0.8313725490196079	0.8335821210204511	1.0	Age-only
NCC(O)c1ccc(O)c(O)c1	1	1	0.5044176	2	0.9018358072053508	0.5294117647058824	0.5771065182829889	0.628307040071746	1.0	Age-only
NCCO	0	0	0.35840777	2	0.9543470380829804	0.7142857142857143	0.7545454545454545	0.7744949494949495	1.0	Age-only
NCCS	0	0	0.32867393	2	0.972467140239658	0.8	0.8161264822134389	0.8320000173073636	1.0	Age-only
NCCc1ccc(O)c(O)c1	1	0	0.2909272	2	0.9079457518941201	0.5454545454545454	0.6363636363636364	0.6652106652106652	1.0	Age-only
Nc1nc(=S)c2[nH]cnc2[nH]1	0	0	0.33955228	2	0.9361502218935893	0.7317073170731707	0.7353658536585366	0.750144150377674	1.0	Age-only
Nc1nnc(-c2cccc(Cl)c2Cl)c(N)n1	1	1	0.6317497	2	0.9206129630589723	0.7272727272727273	0.7318181818181818	0.7411335578002245	1.0	Age-only
O=C(NC(CO)C(O)c1ccc([N+](=O)[O-])cc1)C(Cl)Cl	1	1	0.64140075	2	0.898980611753635	0.6984126984126984	0.738188608776844	0.7543313621744994	1.0	Age-only
O=C(O)COCCN1CCN(C(c2ccccc2)c2ccc(Cl)cc2)CC1	0	0	0.41852543	2	0.866247304710887	0.5970149253731343	0.6578645235361653	0.6726698333370854	0.9833333333333333	Age-only
O=C([O-])CCCO	0	1	0.5443928	2	0.9343832097674346	0.6470588235294118	0.6632352941176471	0.6776427962489342	1.0	Age-only
O=C1CCCC(=O)C1C(=O)c1ccc(C(F)(F)F)cc1[N+](=O)[O-]	0	0	0.46812674	2	0.8977469617948601	0.7575757575757576	0.7591470258136924	0.7706852475370994	0.9824561403508771	Age-only
O=C1CCc2ccc(OCCCCN3CCN(c4cccc(Cl)c4Cl)CC3)cc2N1	0	0	0.40988728	2	0.8821319883475293	0.5657894736842105	0.5757085020242915	0.6096460833302939	1.0	Age-only
O=C1NC(=O)C(c2ccccc2)(c2ccccc2)N1	0	0	0.48288	2	0.9055258981043492	0.7419354838709677	0.7501075268817204	0.7570279879239152	1.0	Age-only
O=C1NC(c2ccccc2)(c2ccccc2)C(=O)N1COP(=O)(O)O	1	0	0.3401214	2	0.8850610216036796	0.7317073170731707	0.7430117810488073	0.7497512380850612	0.98	Age-only
O=c1n(CCCN2CCN(c3cccc(Cl)c3)CC2)nc2ccccn12	1	0	0.27744868	2	0.8939229973185971	0.676056338028169	0.7139007960808327	0.7305966653812591	1.0	Age-only
OCCOCCN1CCN(C(c2ccccc2)c2ccc(Cl)cc2)CC1	1	0	0.39527723	2	0.8838797940578943	0.6470588235294118	0.6950664136622391	0.7073093223575857	1.0	Age-only
OCCOCCN1CCN(C2=Nc3ccccc3Sc3ccccc32)CC1	1	1	0.7237166	2	0.8946653763280609	0.7272727272727273	0.73475935828877	0.7490744549568079	1.0	Age-only
OCc1cc(C(O)CNCCCCCCOCCCCc2ccccc2)ccc1O	1	1	0.684275	2	0.8956894443395668	0.6119402985074627	0.6290259230164964	0.6657690279675881	1.0	Age-only
OCc1cc(C(O)CNCCCCCCOCCOCc2c(Cl)cccc2Cl)ccc1O	1	1	0.6731241	2	0.9033183647102611	0.7368421052631579	0.7425986842105263	0.7540457884168252	1.0	Age-only
Oc1cn2c(n1)Nc1ccc(Cl)c(Cl)c1C2	1	0	0.44368252	2	0.9114732946606238	0.7692307692307693	0.7793466807165438	0.79072708113804	1.0	Age-only
S=c1[nH]cnc2[nH]cnc12	1	1	0.5985212	2	0.9428979055209452	0.7058823529411765	0.7393188854489164	0.7617985507728842	1.0	Age-only
c1cnc2cc3c(cc2n1)C1CNCC3C1	0	0	0.35405278	2	0.9237586043538558	0.7619047619047619	0.7823129251700681	0.7938869992441422	1.0	Age-only
C#CC1(O)CCC2C3CCC4=CC(=NO)CCC4C3CCC21CC	0	0	0.31741714	2	0.913866098317536	0.3064516129032258	0.36848228450555265	0.45470053474662897	1.0	Age-only
C#CC1(O)CCC2C3CCC4=CCCCC4C3C(=C)CC21CC	0	0	0.49042654	2	0.9140315872887046	0.3492063492063492	0.46615312791783375	0.5436368279505533	1.0	Age-only
C=CC(=O)N1CCN(c2nc(=O)n(-c3c(C)ccnc3C(C)C)c3nc(-c4c(O)cccc4F)c(F)cc23)C(C)C1	0	0	0.3323981	2	0.8788764328078829	0.7547169811320755	0.7649302707136998	0.7728189230907627	0.9885057471264368	Age-only
C=CCC1(CC(C)C)C(=O)NC(=O)NC1=O	1	0	0.42380047	2	0.9229416992699118	0.7906976744186046	0.8051878354203934	0.8158902608704082	1.0	Age-only
C=Cc1c(C)c2[nH]c1=Cc1[nH]c(c(CCC(=O)O)c1C)C=c1[nH]c(c(C)c1CCC(=O)OC)=CC1=NC(=C3C=CC(C(=O)OC)=C(C(=O)OC)C13C)C=2	0	1	0.6548703	2	0.9034589453953136	0.7843137254901961	0.8063130912742456	0.8158882253110887	1.0	Age-only
CC(=O)C(C#N)C(=O)Nc1ccc(C(F)(F)F)cc1	1	1	0.89086866	2	0.8948108682095539	0.7230769230769231	0.7320279720279721	0.739005439005439	1.0	Age-only
CC(=O)NC1C(N=C(N)N)C=C(C(=O)O)OC1C(O)C(O)CO	1	1	0.757385	2	0.8867093430959329	0.7164179104477612	0.7221539362013462	0.7506519689136018	0.9830508474576272	Age-only
CC(=O)Nc1ccc(O)cc1	1	1	0.9358826	2	0.8880331155369305	0.6764705882352942	0.7205783985835137	0.7359352716086114	1.0	Age-only
CC(=O)Nc1nnc(S(N)(=O)=O)s1	0	1	0.81173354	2	0.8986293267807571	0.6956521739130435	0.7654459134337632	0.7802116073195697	1.0	Age-only
CC(=O)OC1Cc2ccccc2N(C(N)=O)c2ccccc21	0	1	0.7603599	2	0.8686760683716415	0.7121212121212122	0.7160984848484848	0.729600879688908	0.9807692307692307	Age-only
CC(=O)c1c(C)c2cnc(Nc3ccc(N4CCNCC4)cn3)nc2n(C2CCCC2)c1=O	1	1	0.64088774	2	0.8808083741073066	0.7341772151898734	0.7501511234432245	0.752994070109887	1.0	Age-only
CC(C)(C)NCC(O)c1cc(O)cc(O)c1	1	1	0.7497959	2	0.9066160752586406	0.7115384615384616	0.7129807692307693	0.719468031968032	1.0	Age-only
CC(C)(C)NCC(O)c1ccc(O)c(CO)c1	1	1	0.7797246	2	0.8993075962924737	0.6779661016949152	0.6872004675628287	0.7051245609944865	1.0	Age-only
CC(C)(Oc1ccc(C(=O)c2ccc(Cl)cc2)cc1)C(=O)O	1	1	0.6340265	2	0.8863247396794632	0.6818181818181818	0.6827751196172248	0.6991223964908175	1.0	Age-only
CC(C)=CCN1CCC2(C)c3cc(O)ccc3CC1C2C	0	0	0.33648956	2	0.8858179433971555	0.6166666666666667	0.7092488262910798	0.7230233251360012	1.0	Age-only
CC(C)=c1nc(N(C)S(C)(=O)=O)nc(-c2ccc(F)cc2)c1=CCC(O)CC(O)CC(=O)O	1	1	0.76612216	2	0.8879113166447765	0.7888888888888889	0.7900152207001522	0.7921346706734833	1.0	Age-only
CC(C)NCC(O)COc1ccc(CC(N)=O)cc1	1	1	0.7860925	2	0.8724227580928305	0.6206896551724138	0.6507856659905341	0.6719532359559406	1.0	Age-only
CC(C)NCC(O)COc1ccc(CCOCC2CC2)cc1	1	1	0.7733133	2	0.8859575763854932	0.7123287671232876	0.7197141155449673	0.7227807156336044	1.0	Age-only
CC(C)NCC(O)COc1ccc(COCCOC(C)C)cc1	1	1	0.81580544	2	0.9011523831282389	0.7230769230769231	0.728036739380023	0.7333442676726258	1.0	Age-only
CC(C)NCC(O)COc1cccc2ccccc12	1	1	0.88255876	2	0.8807991226602471	0.5813953488372093	0.5823576583801123	0.5863946487442878	1.0	Age-only
CC(C)NCC(O)c1ccc(NS(C)(=O)=O)cc1	1	1	0.9286176	2	0.8911280385266144	0.5102040816326531	0.6122954527312882	0.6535926819421574	1.0	Age-only
CC(C)NCC(O)c1ccc(O)c(O)c1	1	1	0.8043485	2	0.8962487554864161	0.5686274509803921	0.5799019607843137	0.6212633632264275	1.0	Age-only
CC(C)OC(=O)C(C)(C)Oc1ccc(C(=O)c2ccc(Cl)cc2)cc1	0	1	0.78960663	2	0.8904839189555086	0.6862745098039216	0.6918767507002801	0.7053636269322544	1.0	Age-only
CC(C)c1c(C(=O)Nc2ccccc2)c(-c2ccccc2)c(-c2ccc(F)cc2)n1CCC(O)CC(O)CC(=O)O	1	1	0.790895	2	0.8743848459140724	0.7386363636363636	0.7396103896103896	0.7423165557493916	1.0	Age-only
CC(C)n1c(C=CC(O)CC(O)CC(=O)O)c(-c2ccc(F)cc2)c2ccccc21	1	1	0.5511547	2	0.8788440919180096	0.7466666666666667	0.7481025641025641	0.7566850132703791	1.0	Age-only
CC(C=CC1=C(C)CCCC1(C)C)=CC=CC(C)=CC(=O)O	1	1	0.5179346	2	0.915175591565807	0.7833333333333333	0.7865727699530516	0.796949598827533	1.0	Age-only
CC(CCc1ccc(O)cc1)NCCc1ccc(O)c(O)c1	1	0	0.45343462	2	0.8992676030141061	0.6140350877192983	0.6260106788710907	0.6735736843494655	1.0	Age-only
CC(CN1c2ccccc2Sc2ccccc21)N(C)C	1	1	0.7930622	2	0.8974704221828916	0.6046511627906976	0.6418604651162789	0.6756774663751407	1.0	Age-only
CC(Cc1cc2c(c(C(N)=O)c1)N(CCCO)CC2)NCCOc1ccccc1OCC(F)(F)F	0	1	0.634035	2	0.870668096258852	0.6511627906976745	0.7085663821018546	0.7269813233899192	0.9857142857142858	Age-only
CC(Cc1ccc(O)c(O)c1)(NN)C(=O)O	1	1	0.5802973	2	0.8701394608664832	0.5609756097560976	0.6050997782705101	0.6370411431387041	1.0	Age-only
CC(N)(Cc1ccc(O)c(O)c1)C(=O)O	0	1	0.62070155	2	0.8715661802265727	0.3333333333333333	0.5403508771929825	0.5945419103313841	1.0	Age-only
CC(O)C1C(=O)N2C(C(=O)O)=C(SC3CNC(C(=O)N(C)C)C3)C(C)C12	0	1	0.69929785	2	0.9037335840045024	0.8	0.8074999999999999	0.8128614916286148	0.9875	Age-only
CC(O)C1C(=O)N2C(C(=O)O)=C(SC3CNC(C(=O)Nc4cccc(C(=O)O)c4)C3)C(C)C12	0	1	0.5221394	2	0.87737482160944	0.7647058823529411	0.7751131221719456	0.7795235701118054	0.9863013698630136	Age-only
CC(O)C1C(=O)N2C(C(=O)O)=C(SCCN=CN)CC12	0	0	0.32920685	2	0.8871157878991652	0.7567567567567568	0.7654511901702913	0.7700843250083171	0.9836065573770492	Age-only
CC12CCC(CC1=O)C2(C)C	1	0	0.4169749	2	0.9195719793463076	0.7446808510638298	0.7597546933667084	0.7749026229877294	1.0	Age-only
CC12CCC3c4ccc(O)cc4CCC3C1C(O)C(O)C2O	1	1	0.7289406	2	0.8935909344709088	0.4716981132075472	0.5405531144998708	0.61882580435178	1.0	Age-only
CC12CCC3c4ccc(O)cc4CCC3C1CC(O)C2O	1	1	0.5735476	2	0.8957218078945388	0.4230769230769231	0.5133056133056133	0.6009365104947211	1.0	Age-only
CC12CCC3c4ccc(O)cc4CCC3C1CCC2O	1	1	0.56532335	2	0.8955536676423272	0.4230769230769231	0.4696514587408762	0.5160484974266762	1.0	Age-only
CC12CCC3c4ccc(O)cc4CCC3C1CCC2OC(=O)CCC1CCCC1	0	1	0.5996332	2	0.8763050983812346	0.44285714285714284	0.5124369747899159	0.5682789394827699	0.9846153846153847	Age-only
CC1C(c2ccccc2)OCCN1C	1	1	0.55323774	2	0.8881805947509299	0.7441860465116279	0.7485524442335073	0.7516145476278366	1.0	Age-only
CC1CCN(C(=O)CC#N)CC1N(C)c1ncnc2[nH]ccc12	1	1	0.6754504	2	0.8738345714048942	0.75	0.7543478260869566	0.7673992987745687	0.9857142857142858	Age-only
CC1CN(CC(Cc2ccccc2)C(=O)NCC(=O)O)CCC1(C)c1cccc(O)c1	1	1	0.62930906	2	0.8661028116371093	0.6741573033707865	0.6993926510780444	0.7144273486970116	0.9863013698630136	Age-only
CC1c2cccc(O)c2C(=O)C2C(=O)C3(O)C(=O)C(C(N)=O)C(=O)C(N(C)C)C3C(O)C21	1	1	0.91251475	2	0.897099670194441	0.7849462365591398	0.7889325990034093	0.7960194655709997	1.0	Age-only
CC=C(C)C(=O)OC1C(C)=CC23C(=O)C(=CC(CO)C(O)C12O)C1C(CC3C)C1(C)C	0	1	0.6933514	2	0.8876070881366863	0.7209302325581395	0.721188630490956	0.7295957719048042	0.984375	Age-only
CCC(=O)N(c1ccccc1)C1(C(=O)OC)CCN(CCC(=O)OC)CC1	1	1	0.8702645	2	0.8602986683296822	0.6065573770491803	0.6127821335234023	0.6259772463186456	0.9795918367346939	Age-only
CCC(=O)N(c1ccccc1)C1(COC)CCN(CCc2cccs2)CC1	1	1	0.7739413	2	0.8689943980148139	0.578125	0.5958333333333333	0.6307336182336183	0.9850746268656716	Age-only
CCC(C(N)=O)N1CCCC1=O	1	0	0.47644445	2	0.8807860972514683	0.765625	0.7693627450980391	0.7779608970024792	0.9726027397260274	Age-only
CCC(CC)C(NC(C)=O)C1C(N=C(N)N)CC(C(=O)O)C1O	1	1	0.67923933	2	0.9018315094879111	0.76	0.7671111111111111	0.7782651915985249	0.9871794871794872	Age-only
CCC1(C)CC(=O)NC1=O	0	1	0.6167723	2	0.9155793521002146	0.7567567567567568	0.7719487908961593	0.800953462642569	1.0	Age-only
CCC1(c2ccccc2)C(=O)NC(=O)NC1=O	1	1	0.670951	2	0.8805199449150383	0.717391304347826	0.725889328063241	0.7378397501585907	1.0	Age-only
CCC1(c2ccccc2)C(=O)NCNC1=O	0	1	0.56336087	2	0.8724462981429406	0.7021276595744681	0.7139595225739491	0.7289665482535423	1.0	Age-only
CCC1=NC(=O)C2CSSCCC=CC(CC(=O)NC(C(C)C)C(=O)N2)OC(=O)C(C(C)C)NC1=O	1	1	0.6669492	2	0.9089590094595102	0.8222222222222222	0.8266666666666668	0.8309903893803872	1.0	Age-only
CCC1CN2CCc3c([nH]c4cccc(OC)c34)C2CC1C(=COC)C(=O)OC	0	1	0.6405518	2	0.8757225068015163	0.6931818181818182	0.7162971175166296	0.7274447587736064	0.9868421052631579	Age-only
CCCC(=O)Nc1ccc(OCC(O)CNC(C)C)c(C(C)=O)c1	1	1	0.8670924	2	0.8794623566271217	0.6268656716417911	0.6414925373134329	0.677539587508985	1.0	Age-only
CCCC(C)(COC(N)=O)COC(=O)NC(C)C	1	1	0.70403385	2	0.905393730198495	0.7073170731707317	0.7368337850045167	0.7537451068955134	1.0	Age-only
CCCC(C)(COC(N)=O)COC(N)=O	1	1	0.6471838	2	0.9112169127335527	0.696969696969697	0.7351082251082252	0.7483686919857132	1.0	Age-only
CCCC(C)C1(CC)C(=O)NC(=S)NC1=O	1	1	0.76592743	2	0.9187911032059862	0.7619047619047619	0.7695238095238095	0.7825823869599517	1.0	Age-only
CCCC1CC(=O)N(C(CC)C(N)=O)C1	0	1	0.5409591	2	0.8843101556347356	0.7611940298507462	0.7635456241519675	0.7650233338686454	0.9791666666666666	Age-only
CCCCC(CC)COC(=O)CC(C(=O)OCC(CC)CCCC)S(=O)(=O)O	0	1	0.5544381	2	0.9161603443018231	0.5531914893617021	0.5763593380614658	0.6249429720874289	1.0	Age-only
CCCCCCC(=O)OCC(COC(=O)CCCCCC)OC(=O)CCCCCC	0	0	0.32330176	2	0.9106580317895321	0.48717948717948717	0.5461924040871409	0.6162709123235438	1.0	Age-only
CCCCCCCCCCCCCCCC[n+]1ccccc1	0	1	0.588722	2	0.9344199209288736	0.6857142857142857	0.7761172161172161	0.7905620144750579	1.0	Age-only
CCCCCCCCCCCCOCCOCCOCCOCCOCCOCCOCCOCCOCCO	1	0	0.44733465	2	0.9345766652927833	0.6571428571428571	0.7180952380952381	0.7332298513149577	1.0	Age-only
CCCCCCCCc1ccc(CCC(N)(CO)CO)cc1	1	1	0.52351534	2	0.8994773325006592	0.7209302325581395	0.7260042283298098	0.7382413427828083	1.0	Age-only
CCCCCON=O	1	1	0.73267305	2	0.9392647039648593	0.6764705882352942	0.7199095022624434	0.7541322813230205	1.0	Age-only
CCCCS(=O)(=O)NC(Cc1ccc(OCCCCC2CCNCC2)cc1)C(=O)O	1	1	0.70791537	2	0.8671027615638264	0.7	0.7348717948717949	0.7423564766030519	0.984375	Age-only
CCCS(=O)(=O)NC1CC(N(C)c2ncnc3[nH]ccc23)C1	0	1	0.70258725	2	0.8909044230530984	0.7407407407407407	0.7566395663956639	0.7699869799949954	1.0	Age-only
CCN(C(C)=O)c1cccc(-c2ccnc3c(C#N)cnn23)c1	1	1	0.7113671	2	0.8784570142163113	0.7415730337078652	0.7526292134831459	0.760029928342996	0.9846153846153847	Age-only
CCN(CC)C(=O)C(C#N)=Cc1cc(O)c(O)c([N+](=O)[O-])c1	0	1	0.5268208	2	0.9028904197701949	0.7432432432432432	0.7709815078236131	0.7845125827581968	1.0	Age-only
CCN(CC)C(=O)C1(c2ccccc2)CC1CN	1	1	0.788466	2	0.8609396437284716	0.6730769230769231	0.6915654520917679	0.7038911381016644	1.0	Age-only
CCN(CC)CCOc1ccc(C(=C(Cl)c2ccccc2)c2ccccc2)cc1	1	1	0.5289056	2	0.8839759138150892	0.45652173913043476	0.5647515527950311	0.6188918245212859	1.0	Age-only
CCN(CC)c1ccc(C(=C2C=CC(=[N+](CC)CC)C=C2)c2cc(S(=O)(=O)O)ccc2S(=O)(=O)[O-])cc1	1	1	0.5732645	2	0.9052099279997424	0.7301587301587301	0.758095238095238	0.7807967631497043	1.0	Age-only
CCO	1	0	0.47493237	2	0.9418357094301167	0.7222222222222222	0.7555555555555555	0.7663139329805996	1.0	Age-only
CCOC(=O)C(N)Cc1ccc(-c2cc(OC(c3ccc(Cl)cc3-n3ccc(C)n3)C(F)(F)F)nc(N)n2)cc1	0	1	0.6457789	2	0.8817389726606495	0.75	0.754	0.7614141414141414	0.9868421052631579	Age-only
CCOc1ncc(C)c2c1C(c1ccc(C#N)cc1OC)C(C(N)=O)C(C)=N2	1	1	0.7625871	2	0.8776952307603593	0.6923076923076923	0.7077785962327685	0.7246056800776363	1.0	Age-only
CCS(=O)(=O)N1CC(CC#N)(n2cc(-c3ncnc4[nH]ccc34)cn2)C1	1	1	0.591093	2	0.8959229441848757	0.7790697674418605	0.7810335917312662	0.7855446953525821	0.9857142857142858	Age-only
CCc1cc2c(cc1CC)CC(NCC(O)c1ccc(O)c3[nH]c(=O)ccc13)C2	1	1	0.60998845	2	0.8820887950396512	0.7571428571428571	0.7752380952380952	0.7811473127262601	0.9838709677419355	Age-only
CCc1nc(N)nc(N)c1-c1ccc(Cl)cc1	0	1	0.5329957	2	0.9071237498356013	0.717948717948718	0.7480341880341881	0.762183654088416	1.0	Age-only
CCn1c(=O)c(-c2cc(NC(=O)Nc3ccccc3)c(F)cc2Br)cc2cnc(NC)cc21	0	0	0.48912826	2	0.8731830457601185	0.7391304347826086	0.744495837187789	0.7545779696231599	0.9864864864864865	Age-only
CN(C)C(=O)c1cc2cnc(Nc3ccc(N4CCNCC4)cn3)nc2n1C1CCCC1	1	1	0.59922475	2	0.878368304472835	0.7216494845360825	0.7354683044527308	0.74216090176686	1.0	Age-only
CN(C)C(N)=NC(=N)N	1	0	0.39096254	2	0.9446093795740661	0.8181818181818182	0.8203208556149733	0.8236598408764836	1.0	Age-only
CN(C)C1C(=O)C(C(N)=O)C(=O)C2(O)C(=O)C3C(=O)c4c(O)cccc4C(C)(O)C3CC12	0	1	0.85394	2	0.8914555713078777	0.782608695652174	0.7844202898550725	0.7877611518915867	0.9848484848484849	Age-only
CN(C)CC(c1ccc(O)cc1)C1(O)CCCCC1	1	1	0.7921613	2	0.8947129090432785	0.6274509803921569	0.6673069227691075	0.7028276588413143	1.0	Age-only
CN(C)CCCN1c2ccccc2CCc2ccc(Cl)cc21	1	1	0.76173097	2	0.8904656405117298	0.5625	0.6210000000000001	0.6526519363964493	1.0	Age-only
CN(C)CCCN1c2ccccc2CCc2ccccc21	1	1	0.8678632	2	0.8922135096484208	0.46153846153846156	0.5358348968105066	0.5918933708567855	1.0	Age-only
CN(C)CCCN1c2ccccc2Sc2ccc(Cl)cc21	0	1	0.8138268	2	0.8981704475896618	0.6764705882352942	0.6840336134453782	0.6977159022813106	1.0	Age-only
CN(C)P(=O)(OCC1CNCC(n2ccc(N)nc2=O)O1)N1CCN(C(=O)OCCOCCOCCO)CC1	0	1	0.7495571	2	0.8805123527871582	0.65	0.6573493975903615	0.6704986613119144	0.9880952380952381	Age-only
CN(C)c1cc(CNCC(C)(C)C)c(O)c2c1CC1CC3C(N(C)C)C(=O)C(C(N)=O)C(=O)C3(O)C(=O)C1C2=O	0	1	0.6698246	2	0.8968092440453138	0.7857142857142857	0.8010648355475942	0.8044075124534894	0.9871794871794872	Age-only
CN(C)c1cc(NC(=O)CNC(C)(C)C)c(O)c2c1CC1CC3C(N(C)C)C(=O)C(C(N)=O)C(=O)C3(O)C(=O)C1C2=O	0	1	0.73474395	2	0.8954904330321241	0.8151260504201681	0.8167640076558482	0.8195973331907236	0.9875	Age-only
CN(C)c1ccc(O)c2c1CC1CC3C(N(C)C)C(=O)C(C(N)=O)C(=O)C3(O)C(=O)C1C2=O	0	1	0.8793315	2	0.8980134836688326	0.7974683544303798	0.8003270042194094	0.8024392198148453	0.9855072463768116	Age-only
CN(C)c1ccc2nc3ccc(=[N+](C)C)cc-3sc2c1	1	1	0.59252805	2	0.9217406685441898	0.7592592592592593	0.7811052317802558	0.7996787010002998	1.0	Age-only
CN1C(=O)CC(=O)N(c2ccccc2)c2cc(Cl)ccc21	0	1	0.55972666	2	0.8879200821299239	0.6111111111111112	0.657375478927203	0.6736377181779482	1.0	Age-only
CN1C(=O)CC(C)(c2ccccc2)C1=O	1	1	0.5915912	2	0.8852328845485115	0.7021276595744681	0.7175728920409771	0.7311618947552753	1.0	Age-only
CN1C(=O)CN=C(c2ccccc2)c2cc(Cl)ccc21	1	1	0.696911	2	0.8810450883402375	0.40816326530612246	0.41526530612244894	0.43736961451247164	1.0	Age-only
CN1CC(=O)N2C(Cc3c([nH]c4ccccc34)C2c2ccc3c(c2)OCO3)C1=O	1	1	0.52340084	2	0.8963393687472649	0.759493670886076	0.7600539531023034	0.7672562185423586	1.0	Age-only
CN1CC2c3ccccc3Oc3ccc(Cl)cc3C2C1	0	0	0.38003954	2	0.89344003740511	0.7083333333333334	0.7194740582800285	0.7281312699349632	1.0	Age-only
CN1CCCC1c1cccnc1	1	1	0.52592677	2	0.8925642067262888	0.6842105263157895	0.7056842105263158	0.7160561076350551	1.0	Age-only
CN1CCN(C(=O)OC2c3nccnc3C(=O)N2c2ccc(Cl)cn2)CC1	0	1	0.53805834	2	0.8707568548215296	0.6753246753246753	0.6837380011293055	0.706456124390907	0.9846153846153847	Age-only
CN1CCN(C(c2ccccc2)c2ccccc2)CC1	1	1	0.7295498	2	0.890265861889693	0.6666666666666666	0.6736842105263158	0.6851408825093037	1.0	Age-only
CN1CCN(C2=Nc3cc(Cl)ccc3Nc3ccccc32)CC1	1	1	0.79907787	2	0.8941432695797167	0.6721311475409836	0.6799635701275045	0.688868650070836	1.0	Age-only
CN1CCN(C2=Nc3ccccc3Oc3ccc(Cl)cc32)CC1	1	1	0.6417831	2	0.8915588995126468	0.6911764705882353	0.7041203578205476	0.7091673945563889	1.0	Age-only
CN1CCN(CCCN2c3ccccc3Sc3ccc(Cl)cc32)CC1	0	1	0.5064242	2	0.8940150564216709	0.7222222222222222	0.7280495169082125	0.7365520047649271	1.0	Age-only
CN1CCN(c2nc(C3=C(c4c[nH]c5ccccc45)C(=O)NC3=O)c3ccccc3n2)CC1	1	1	0.7533162	2	0.8900610216998137	0.75	0.75	0.7524772313296901	1.0	Age-only
CN=C(C[N+](=O)[O-])NCCSCc1ccc(CN(C)C)o1	1	1	0.6769086	2	0.8984510335406086	0.7941176470588235	0.8008638153116998	0.8021764402891148	1.0	Age-only
CN=C(NC#N)NCCSCc1[nH]cnc1C	1	1	0.7316502	2	0.9116818025940046	0.8	0.8124125397546571	0.819073619411534	1.0	Age-only
CNC(=O)c1ccc(-c2cnc3ncc(Cc4ccc5ncccc5c4)n3n2)cc1F	0	0	0.33506468	2	0.8841685789970423	0.7241379310344828	0.7335352445144403	0.7444849327350236	0.9855072463768116	Age-only
CNC(=O)c1ccc(N2C(=S)N(c3cnc(C#N)c(C(F)(F)F)c3)C(=O)C23CCC3)cc1F	0	1	0.6315962	2	0.8868201027607493	0.39473684210526316	0.6109559613319011	0.6767767566039842	0.9873417721518988	Age-only
CNC(C)C(O)c1ccccc1	1	1	0.77690566	2	0.8892834716736842	0.6129032258064516	0.6272013949433305	0.6481595679077976	1.0	Age-only
CNCC(O)c1ccc(O)c(O)c1	1	1	0.82946026	2	0.897776559648319	0.6052631578947368	0.617004048582996	0.6341324654018153	1.0	Age-only
CNCC(O)c1cccc(O)c1	1	1	0.8716065	2	0.8896028175093215	0.5952380952380952	0.6143722943722943	0.6518678852012186	1.0	Age-only
CNCCC(Oc1cccc2ccccc12)c1cccs1	1	1	0.8299723	2	0.9005448312712603	0.5416666666666666	0.5578616352201258	0.5991696468943971	1.0	Age-only
CNCCCN1c2ccccc2CCc2ccccc21	1	1	0.73379105	2	0.8895418709322694	0.5714285714285714	0.5797909407665506	0.6169918581513215	1.0	Age-only
COC(=O)CCc1ccc(OCC(O)CNC(C)C)cc1	1	1	0.8501278	2	0.876885355213856	0.6229508196721312	0.6329760403530896	0.6619924459650206	1.0	Age-only
COC(=O)c1ccc2c(C(=Nc3ccc(N(C)C(=O)CN4CCN(C)CC4)cc3)c3ccccc3)c(O)[nH]c2c1	1	1	0.83028907	2	0.8745634091381244	0.75	0.7595238095238095	0.7612749097562183	0.9871794871794872	Age-only
COCCc1ccc(OCC(O)CNC(C)C)cc1	1	1	0.8183819	2	0.8915965724135702	0.6935483870967742	0.6960151802656547	0.7032017107918437	1.0	Age-only
CON(C)Cc1ccc(O)c2c1CC1CC3C(N(C)C)C(=O)C(C(N)=O)C(=O)C3(O)C(=O)C1C2=O	1	1	0.7794653	2	0.8881434901049744	0.79	0.798	0.7997776897776898	0.9861111111111112	Age-only
COc1cc(C)c(C=CC(C)=CC=CC(C)=CC(=O)O)c(C)c1C	0	1	0.77865785	2	0.9041348793607122	0.7719298245614035	0.7744946920915894	0.7775053232816421	1.0	Age-only
COc1cc(C2c3cc4c(cc3C(OC3OC5COC(C)OC5C(O)C3O)C3COC(=O)C23)OCO4)cc(OC)c1O	1	1	0.7037431	2	0.9078946637886716	0.7818181818181819	0.789512987012987	0.7923987025756937	0.9868421052631579	Age-only
COc1cc(N)c(Cl)cc1C(=O)NC1CCN(CCCOc2ccc(F)cc2)CC1OC	1	1	0.63346547	2	0.8651967486327931	0.6162790697674418	0.6283298097251585	0.6420014094432699	0.9850746268656716	Age-only
COc1cc2c(cc1Cc1cccc(Cl)c1F)c(=O)c(C(=O)O)cn2C(CO)C(C)C	1	1	0.57594985	2	0.8713998008812487	0.73	0.7329638554216868	0.7374623585630997	0.9861111111111112	Age-only
COc1cc2nc(N(C)CCCNC(=O)C3CCCO3)nc(N)c2cc1OC	1	1	0.7251787	2	0.871024473290275	0.6666666666666666	0.6974358974358974	0.718727224541178	0.9861111111111112	Age-only
COc1cc2nc(N3CCN(C(=O)C4CCCO4)CC3)nc(N)c2cc1OC	1	1	0.5981649	2	0.8772788540743541	0.4153846153846154	0.5231438127090302	0.6091466504509984	0.9850746268656716	Age-only
COc1cc2nc(N3CCN(C(=O)C4COc5ccccc5O4)CC3)nc(N)c2cc1OC	1	1	0.69255656	2	0.869651784467445	0.4117647058823529	0.5274711946634324	0.6168935021806787	0.9861111111111112	Age-only
COc1ccc(C(CN(C)C)C2(O)CCCCC2)cc1	1	1	0.7656567	2	0.8859079043441054	0.6226415094339622	0.6490566037735849	0.68877413659936	1.0	Age-only
COc1ccc(CC(C)NCC(O)c2ccc(O)c(NC=O)c2)cc1	1	1	0.62484246	2	0.8901726542749602	0.5909090909090909	0.6117103235747303	0.6498202362609143	1.0	Age-only
COc1cccc(C2(O)CCCCC2CN(C)C)c1	1	1	0.5396404	2	0.8805503572013899	0.6721311475409836	0.6810382513661202	0.7079842137219186	1.0	Age-only
CSc1ccc2c(c1)N(CCC1CCCCN1C)c1ccccc1S2	1	0	0.48907673	2	0.894583341846874	0.6615384615384615	0.7104083853599862	0.7285077419478014	1.0	Age-only
Cc1cc2c(s1)Nc1ccccc1N=C2N1CCN(C)CC1	1	1	0.7827221	2	0.9004549300925873	0.7540983606557377	0.7587090163934426	0.7622788186312778	1.0	Age-only
Cc1ccc(-n2nccn2)c(C(=O)N2CCN(c3nc4cc(Cl)ccc4o3)CCC2C)c1	0	0	0.3447098	2	0.8847450933639569	0.7472527472527473	0.7576299988671122	0.7652431741392706	0.9861111111111112	Age-only
Cc1ccc(C(=CCN2CCCC2)c2ccccn2)cc1	1	0	0.44327325	2	0.8817451768970465	0.7368421052631579	0.7587135100721392	0.7689504427188025	1.0	Age-only
Cc1ccc(O)c(C(CCN(C(C)C)C(C)C)c2ccccc2)c1	0	1	0.6522677	2	0.8875450017925678	0.5272727272727272	0.6409719839908519	0.6761077758719268	1.0	Age-only
Cc1cccc(CN2CCN(C(c3ccccc3)c3ccc(Cl)cc3)CC2)c1	1	0	0.48052317	2	0.8853638596873126	0.7205882352941176	0.723878364905284	0.7265063783009944	1.0	Age-only
Cc1ccccc1-c1cc(N2CCN(C)CC2)ncc1N(C)C(=O)C(C)(C)c1cc(C(F)(F)F)cc(C(F)(F)F)c1	1	1	0.5433111	2	0.8807590460820717	0.7419354838709677	0.7511431255872221	0.7557982572696105	0.9861111111111112	Age-only
Cc1cnc(NC(=O)C2C(=O)c3ccccc3S(=O)(=O)N2C)s1	1	1	0.5501713	2	0.8776777149941611	0.36538461538461536	0.5945296582477992	0.6690155189499268	1.0	Age-only
Cc1cnc(Nc2ccc(OCCN3CCCC3)cc2)nc1Nc1cccc(S(=O)(=O)NC(C)(C)C)c1	1	1	0.56197596	2	0.8846226163138099	0.7209302325581395	0.7270817704426108	0.7318435164346644	1.0	Age-only
Cc1nc2n(c(=O)c1CCN1CCC(c3noc4cc(F)ccc34)CC1)CCCC2	1	0	0.45338017	2	0.8902457447377099	0.5421686746987951	0.6338696478704786	0.7005329570806655	0.9868421052631579	Age-only
Cc1nc2n(c(=O)c1CCN1CCC(c3noc4cc(F)ccc34)CC1)CCCC2O	1	0	0.49519682	2	0.8848474469345602	0.5357142857142857	0.629393173198483	0.6933163946106838	0.9871794871794872	Age-only
Cc1ncc(CO)c(CO)c1O	0	1	0.5102162	2	0.9105769095537494	0.7692307692307693	0.772027972027972	0.779880404880405	1.0	Age-only
Cc1nccn1CC1CCc2c(c3ccccc3n2C)C1=O	1	0	0.40394387	2	0.8816559524502683	0.7428571428571429	0.7484169884169886	0.755909947214295	1.0	Age-only
Cc1nnc(C(=O)NC(C)(C)c2nc(C(=O)NCc3ccc(F)cc3)c(O)c(=O)n2C)o1	0	1	0.5573072	2	0.880310830450204	0.7362637362637363	0.7396667848280754	0.7448679700524308	1.0	Age-only
Cc1oncc1C(=O)Nc1ccc(C(F)(F)F)cc1	1	1	0.72070545	2	0.8899846002174123	0.6891891891891891	0.7191539365452408	0.7316555686120902	1.0	Age-only
Cc1sc2c(c1C)C(c1ccc(Cl)cc1)=NC(CC(=O)NCCCN1CCN(C)CC1)c1nnc(C)n1-2	1	1	0.5125013	2	0.8842577373739028	0.7431192660550459	0.7455993547736667	0.7515284528253552	0.9857142857142858	Age-only
Clc1ccc(CCCOCCCN2CCCCC2)cc1	0	0	0.34294212	2	0.898127994250472	0.7017543859649122	0.7077552094055216	0.7098790874437618	1.0	Age-only
Cn1c(Cn2ccc(C(F)(F)F)c(Oc3cc(Cl)cc(C#N)c3)c2=O)n[nH]c1=O	0	1	0.64433134	2	0.8984112828423317	0.7701149425287356	0.7725621060437524	0.774614404600922	1.0	Age-only
Cn1cnc([N+](=O)[O-])c1Sc1ncnc2[nH]cnc12	0	1	0.6220548	2	0.9137872722578255	0.7375	0.7466594516594516	0.7609083164167909	1.0	Age-only
FC(F)(F)C(F)(F)C(F)(F)F	1	1	0.66508806	2	0.9880336238250221	0.8333333333333334	0.8385964912280702	0.8427875243664716	1.0	Age-only
N#CCC(C1CCCC1)n1cc(-c2ncnc3[nH]ccc23)cn1	0	0	0.4010933	2	0.9038425880609089	0.7954545454545454	0.803490835405729	0.8073328971564168	1.0	Age-only
N#Cc1ccnc(N2C(=O)CCC2C(=O)N(c2cncc(F)c2)C(C(=O)NC2CC(F)(F)C2)c2ccccc2Cl)c1	1	0	0.38520736	2	0.88643529544649	0.7708333333333334	0.7813641863278887	0.7862231785232745	1.0	Age-only
N=C(CCSCc1csc(N=C(N)N)n1)NS(N)(=O)=O	1	1	0.50574625	2	0.9111253899854695	0.7804878048780488	0.783364602876798	0.7930001540818084	1.0	Age-only
N=C(N)c1ccc(OCCCCCOc2ccc(C(=N)N)cc2)cc1	1	1	0.5762882	2	0.9020916800600582	0.6818181818181818	0.7261096933439317	0.7396573664406154	1.0	Age-only
NC(=O)C1(N2CCCCC2)CCN(CCCC(=O)c2ccc(F)cc2)CC1	1	1	0.81857955	2	0.8830505342969964	0.44642857142857145	0.4735607675906183	0.5383479428255549	0.9830508474576272	Age-only
NC(=O)N1c2ccccc2C=Cc2ccccc21	1	1	0.7723282	2	0.8812296769525129	0.7241379310344828	0.7359348224754232	0.7393370096373434	1.0	Age-only
NC(=O)N1c2ccccc2CC(=O)c2ccccc21	0	1	0.6729052	2	0.8741567997893518	0.71875	0.7233870967741935	0.7325459467703807	1.0	Age-only
NC(=O)N1c2ccccc2CC(O)c2ccccc21	1	1	0.7414792	2	0.8792864991792316	0.7049180327868853	0.7318824194460147	0.7426349488353848	1.0	Age-only
NC(CO)(CO)CO	1	0	0.43764055	2	0.9532160721794293	0.8235294117647058	0.8313725490196079	0.8335821210204511	1.0	Age-only
NC1CC1c1ccccc1	1	1	0.5334097	2	0.9079861972214521	0.7391304347826086	0.7590541571319603	0.7624374947029409	1.0	Age-only
NCC(O)c1ccc(O)c(O)c1	1	1	0.6874822	2	0.9018358072053508	0.5294117647058824	0.5771065182829889	0.628307040071746	1.0	Age-only
NCCS	0	0	0.45670056	2	0.972467140239658	0.8	0.8161264822134389	0.8320000173073636	1.0	Age-only
NCCc1ccc(O)c(O)c1	1	0	0.45696744	2	0.9079457518941201	0.5454545454545454	0.6363636363636364	0.6652106652106652	1.0	Age-only
Nc1c(CC(=O)O)cccc1C(=O)c1ccc(Br)cc1	0	1	0.54549307	2	0.8884568821029201	0.6756756756756757	0.6968372627947096	0.7103641358960509	1.0	Age-only
Nc1ccc(N=Nc2ccccc2)c(N)n1	0	0	0.4337976	2	0.9178306186890629	0.7843137254901961	0.7872397968725274	0.7906121476878026	1.0	Age-only
Nc1nc(=S)c2[nH]cnc2[nH]1	1	1	0.5218567	2	0.9361502218935893	0.7317073170731707	0.7353658536585366	0.750144150377674	1.0	Age-only
Nc1nc(N)c2nc(-c3ccccc3)c(N)nc2n1	0	1	0.59190345	2	0.9187119851996808	0.7272727272727273	0.7296442687747036	0.7357568355554969	1.0	Age-only
Nc1nnc(-c2cccc(Cl)c2Cl)c(N)n1	1	1	0.7519548	2	0.9206129630589723	0.7272727272727273	0.7318181818181818	0.7411335578002245	1.0	Age-only
O=C(NC(CO)C(O)c1ccc([N+](=O)[O-])cc1)C(Cl)Cl	0	1	0.828061	2	0.898980611753635	0.6984126984126984	0.738188608776844	0.7543313621744994	1.0	Age-only
O=C(Nc1cnn2ccc(N3CCCC3c3cc(F)ccc3F)nc12)N1CCC(O)C1	0	1	0.77808356	2	0.8900687672995399	0.7553191489361702	0.759235502711723	0.7641250314815644	1.0	Age-only
O=C(O)CC(O)CC(O)C=Cc1c(C2CC2)nc2ccccc2c1-c1ccc(F)cc1	0	1	0.5935065	2	0.8768794091882652	0.7553191489361702	0.7663251904386656	0.776613409892826	0.9855072463768116	Age-only
O=C(O)COCCN1CCN(C(c2ccccc2)c2ccc(Cl)cc2)CC1	1	1	0.5007312	2	0.866247304710887	0.5970149253731343	0.6578645235361653	0.6726698333370854	0.9833333333333333	Age-only
O=C([O-])CCCO	1	1	0.66903865	2	0.9343832097674346	0.6470588235294118	0.6632352941176471	0.6776427962489342	1.0	Age-only
O=C(c1ccc(OCCN2CCCCC2)cc1)c1c(-c2ccc(O)cc2)sc2cc(O)ccc12	0	1	0.7269767	2	0.8882719900306562	0.7380952380952381	0.7415873015873016	0.7515552348885683	0.9830508474576272	Age-only
O=C1CCCC(=O)C1C(=O)c1ccc(C(F)(F)F)cc1[N+](=O)[O-]	0	1	0.68336654	2	0.8977469617948601	0.7575757575757576	0.7591470258136924	0.7706852475370994	0.9824561403508771	Age-only
O=C1CCc2ccc(OCCCCN3CCN(c4cccc(Cl)c4Cl)CC3)cc2N1	1	1	0.502561	2	0.8821319883475293	0.5657894736842105	0.5757085020242915	0.6096460833302939	1.0	Age-only
O=C1NC(=O)C(c2ccccc2)(c2ccccc2)N1	1	1	0.6569061	2	0.9055258981043492	0.7419354838709677	0.7501075268817204	0.7570279879239152	1.0	Age-only
O=C1NC(c2ccccc2)(c2ccccc2)C(=O)N1COP(=O)(O)O	1	0	0.4397624	2	0.8850610216036796	0.7317073170731707	0.7430117810488073	0.7497512380850612	0.98	Age-only
O=[N+]([O-])c1cn2c(n1)OCC(OCc1ccc(OC(F)(F)F)cc1)C2	1	0	0.49159718	2	0.8990962391175575	0.7272727272727273	0.7506961506961507	0.7660339765602925	1.0	Age-only
O=c1[nH]c(O)cn1N=Cc1ccc(-c2ccc([N+](=O)[O-])cc2)o1	1	0	0.32583612	2	0.9110555742988585	0.3137254901960784	0.46521275766161524	0.6009172854588882	1.0	Age-only
O=c1[nH]c2ccccc2n1CCCN1CCC(n2c(=O)[nH]c3cc(Cl)ccc32)CC1	1	0	0.21216194	2	0.8895927587499523	0.41935483870967744	0.5968768024869007	0.6513784433840535	1.0	Age-only
O=c1n(CCCN2CCN(c3cccc(Cl)c3)CC2)nc2ccccn12	1	0	0.36730596	2	0.8939229973185971	0.676056338028169	0.7139007960808327	0.7305966653812591	1.0	Age-only
OCCN1CCN(CCC=C2c3ccccc3Sc3ccc(Cl)cc32)CC1	1	0	0.36449456	2	0.8957532850130124	0.7321428571428571	0.7321428571428571	0.7336860670194002	1.0	Age-only
OCCN1CCN(CCCN2c3ccccc3Sc3ccc(C(F)(F)F)cc32)CC1	1	0	0.46261978	2	0.8973109441348301	0.704225352112676	0.7226611959337725	0.7378391507200507	1.0	Age-only
OCCN1CCN(CCCN2c3ccccc3Sc3ccc(Cl)cc32)CC1	1	0	0.448434	2	0.8944766054696678	0.7384615384615385	0.7419356440251962	0.7442760211416927	1.0	Age-only
OCCOCCN1CCN(C(c2ccccc2)c2ccc(Cl)cc2)CC1	1	0	0.46511048	2	0.8838797940578943	0.6470588235294118	0.6950664136622391	0.7073093223575857	1.0	Age-only
OCCOCCN1CCN(C2=Nc3ccccc3Sc3ccccc32)CC1	1	1	0.7773699	2	0.8946653763280609	0.7272727272727273	0.73475935828877	0.7490744549568079	1.0	Age-only
OCCOc1ccc(C(=C(CCCl)c2ccccc2)c2ccccc2)cc1	0	0	0.37762368	2	0.8988813428524661	0.5	0.6469943019943021	0.7087730513957223	1.0	Age-only
OCc1cc(C(O)CNCCCCCCOCCCCc2ccccc2)ccc1O	1	1	0.7015354	2	0.8956894443395668	0.6119402985074627	0.6290259230164964	0.6657690279675881	1.0	Age-only
OCc1cc(C(O)CNCCCCCCOCCOCc2c(Cl)cccc2Cl)ccc1O	1	1	0.73314136	2	0.9033183647102611	0.7368421052631579	0.7425986842105263	0.7540457884168252	1.0	Age-only
Oc1ccc2c(c1)C13CCCCC1(O)C(C2)N(CC1CCC1)CC3	0	0	0.49068093	2	0.8965045325689887	0.5230769230769231	0.5533484162895929	0.6071260819585196	1.0	Age-only
Oc1cn2c(n1)Nc1ccc(Cl)c(Cl)c1C2	1	1	0.59966683	2	0.9114732946606238	0.7692307692307693	0.7793466807165438	0.79072708113804	1.0	Age-only
S=c1[nH]cnc2[nH]cnc12	0	1	0.77131516	2	0.9428979055209452	0.7058823529411765	0.7393188854489164	0.7617985507728842	1.0	Age-only
c1cnc2cc3c(cc2n1)C1CNCC3C1	1	0	0.4704416	2	0.9237586043538558	0.7619047619047619	0.7823129251700681	0.7938869992441422	1.0	Age-only
C=CC(=O)N1CCN(c2nc(=O)n(-c3c(C)ccnc3C(C)C)c3nc(-c4c(O)cccc4F)c(F)cc23)C(C)C1	0	0	0.26212966	2	0.8788764328078829	0.7547169811320755	0.7649302707136998	0.7728189230907627	0.9885057471264368	Age-only
C=CCC1(CC(C)C)C(=O)NC(=O)NC1=O	0	0	0.26688972	2	0.9229416992699118	0.7906976744186046	0.8051878354203934	0.8158902608704082	1.0	Age-only
C=Cc1c(C)c2[nH]c1=Cc1[nH]c(c(CCC(=O)O)c1C)C=c1[nH]c(c(C)c1CCC(=O)OC)=CC1=NC(=C3C=CC(C(=O)OC)=C(C(=O)OC)C13C)C=2	0	1	0.6240945	2	0.9034589453953136	0.7843137254901961	0.8063130912742456	0.8158882253110887	1.0	Age-only
CC(=O)C(C#N)C(=O)Nc1ccc(C(F)(F)F)cc1	1	1	0.8504927	2	0.8948108682095539	0.7230769230769231	0.7320279720279721	0.739005439005439	1.0	Age-only
CC(=O)NC1C(N=C(N)N)C=C(C(=O)O)OC1C(O)C(O)CO	1	1	0.61022514	2	0.8867093430959329	0.7164179104477612	0.7221539362013462	0.7506519689136018	0.9830508474576272	Age-only
CC(=O)Nc1ccc(O)cc1	1	1	0.87537503	2	0.8880331155369305	0.6764705882352942	0.7205783985835137	0.7359352716086114	1.0	Age-only
CC(=O)Nc1nnc(S(N)(=O)=O)s1	0	1	0.651438	2	0.8986293267807571	0.6956521739130435	0.7654459134337632	0.7802116073195697	1.0	Age-only
CC(=O)c1c(C)c2cnc(Nc3ccc(N4CCNCC4)cn3)nc2n(C2CCCC2)c1=O	1	1	0.5359742	2	0.8808083741073066	0.7341772151898734	0.7501511234432245	0.752994070109887	1.0	Age-only
CC(C)(C)NCC(O)c1cc(O)cc(O)c1	1	1	0.58525515	2	0.9066160752586406	0.7115384615384616	0.7129807692307693	0.719468031968032	1.0	Age-only
CC(C)(C)NCC(O)c1ccc(O)c(CO)c1	1	1	0.63588333	2	0.8993075962924737	0.6779661016949152	0.6872004675628287	0.7051245609944865	1.0	Age-only
CC(C)(F)CC(NC(c1ccc(-c2ccc(S(C)(=O)=O)cc2)cc1)C(F)(F)F)C(=O)NC1(C#N)CC1	1	1	0.61273307	2	0.887068809985147	0.7313432835820896	0.7461958500182015	0.7641564246132865	0.9841269841269841	Age-only
CC(C)=c1nc(N(C)S(C)(=O)=O)nc(-c2ccc(F)cc2)c1=CCC(O)CC(O)CC(=O)O	1	1	0.7082265	2	0.8879113166447765	0.7888888888888889	0.7900152207001522	0.7921346706734833	1.0	Age-only
CC(C)NCC(O)COc1ccc(CC(N)=O)cc1	1	1	0.6987965	2	0.8724227580928305	0.6206896551724138	0.6507856659905341	0.6719532359559406	1.0	Age-only
CC(C)NCC(O)COc1ccc(CCOCC2CC2)cc1	1	1	0.689675	2	0.8859575763854932	0.7123287671232876	0.7197141155449673	0.7227807156336044	1.0	Age-only
CC(C)NCC(O)COc1ccc(COCCOC(C)C)cc1	1	1	0.7281701	2	0.9011523831282389	0.7230769230769231	0.728036739380023	0.7333442676726258	1.0	Age-only
CC(C)NCC(O)COc1cccc2[nH]ccc12	1	1	0.8889239	2	0.8896840518785666	0.5967741935483871	0.6007526881720431	0.6115292712066905	1.0	Age-only
CC(C)NCC(O)COc1cccc2ccccc12	1	1	0.8496784	2	0.8807991226602471	0.5813953488372093	0.5823576583801123	0.5863946487442878	1.0	Age-only
CC(C)NCC(O)c1ccc(NS(C)(=O)=O)cc1	1	1	0.8528683	2	0.8911280385266144	0.5102040816326531	0.6122954527312882	0.6535926819421574	1.0	Age-only
CC(C)NCC(O)c1ccc(O)c(O)c1	1	1	0.6355785	2	0.8962487554864161	0.5686274509803921	0.5799019607843137	0.6212633632264275	1.0	Age-only
CC(C)OC(=O)C(C)(C)Oc1ccc(C(=O)c2ccc(Cl)cc2)cc1	0	1	0.67617846	2	0.8904839189555086	0.6862745098039216	0.6918767507002801	0.7053636269322544	1.0	Age-only
CC(C)c1c(C(=O)Nc2ccccc2)c(-c2ccccc2)c(-c2ccc(F)cc2)n1CCC(O)CC(O)CC(=O)O	1	1	0.76868737	2	0.8743848459140724	0.7386363636363636	0.7396103896103896	0.7423165557493916	1.0	Age-only
CC(C)n1c(C=CC(O)CC(O)CC(=O)O)c(-c2ccc(F)cc2)c2ccccc21	1	1	0.52399033	2	0.8788440919180096	0.7466666666666667	0.7481025641025641	0.7566850132703791	1.0	Age-only
CC(C=CC1=C(C)CCCC1(C)C)=CC=CC(C)=CC(=O)O	0	0	0.34041965	2	0.915175591565807	0.7833333333333333	0.7865727699530516	0.796949598827533	1.0	Age-only
CC(CCc1ccc(O)cc1)NCCc1ccc(O)c(O)c1	1	0	0.24874869	2	0.8992676030141061	0.6140350877192983	0.6260106788710907	0.6735736843494655	1.0	Age-only
CC(CN1c2ccccc2Sc2ccccc21)N(C)C	1	1	0.5812591	2	0.8974704221828916	0.6046511627906976	0.6418604651162789	0.6756774663751407	1.0	Age-only
CC(Cc1cc2c(c(C(N)=O)c1)N(CCCO)CC2)NCCOc1ccccc1OCC(F)(F)F	1	1	0.6078903	2	0.870668096258852	0.6511627906976745	0.7085663821018546	0.7269813233899192	0.9857142857142858	Age-only
CC(Cc1ccc(O)c(O)c1)(NN)C(=O)O	1	0	0.36082175	2	0.8701394608664832	0.5609756097560976	0.6050997782705101	0.6370411431387041	1.0	Age-only
CC(N)(Cc1ccc(O)c(O)c1)C(=O)O	1	0	0.35843253	2	0.8715661802265727	0.3333333333333333	0.5403508771929825	0.5945419103313841	1.0	Age-only
CC(O)C1C(=O)N2C(C(=O)O)=C(SC3CNC(C(=O)N(C)C)C3)C(C)C12	0	1	0.5831164	2	0.9037335840045024	0.8	0.8074999999999999	0.8128614916286148	0.9875	Age-only
CC(O)C1C(=O)N2C(C(=O)O)=C(SC3CNC(C(=O)Nc4cccc(C(=O)O)c4)C3)C(C)C12	0	0	0.44439676	2	0.87737482160944	0.7647058823529411	0.7751131221719456	0.7795235701118054	0.9863013698630136	Age-only
CC(O)C1C(=O)N2C(C(=O)O)=C(SC3CNC(CNS(N)(=O)=O)C3)C(C)C12	0	0	0.38939413	2	0.8921622798997692	0.7682926829268293	0.7869342980511145	0.7942657188684582	0.9857142857142858	Age-only
CC(O)C1C(=O)N2C(C(=O)O)=C(SCCN=CN)CC12	0	0	0.17461956	2	0.8871157878991652	0.7567567567567568	0.7654511901702913	0.7700843250083171	0.9836065573770492	Age-only
CC12CCC(CC1=O)C2(C)C	1	0	0.20147203	2	0.9195719793463076	0.7446808510638298	0.7597546933667084	0.7749026229877294	1.0	Age-only
CC12CCC3c4ccc(O)cc4CCC3C1CC(O)C2O	1	0	0.4562196	2	0.8957218078945388	0.4230769230769231	0.5133056133056133	0.6009365104947211	1.0	Age-only
CC12CCC3c4ccc(O)cc4CCC3C1CCC2O	1	0	0.4855469	2	0.8955536676423272	0.4230769230769231	0.4696514587408762	0.5160484974266762	1.0	Age-only
CC12CCC3c4ccc(O)cc4CCC3C1CCC2OC(=O)CCC1CCCC1	0	1	0.54224265	2	0.8763050983812346	0.44285714285714284	0.5124369747899159	0.5682789394827699	0.9846153846153847	Age-only
CC12CCC3c4ccc(OC(=O)N(CCCl)CCCl)cc4CCC3C1CCC2O	1	1	0.57071084	2	0.8753705327492934	0.6176470588235294	0.6267889691087702	0.6423959881292111	0.9852941176470589	Age-only
CC12CCC3c4ccc(OS(=O)(=O)O)cc4CCC3C1CCC2=O	1	0	0.17705657	2	0.8838739395680214	0.5873015873015873	0.6081186572989852	0.6422732552610825	0.9836065573770492	Age-only
CC1CCN(C(=O)CC#N)CC1N(C)c1ncnc2[nH]ccc12	1	1	0.5216863	2	0.8738345714048942	0.75	0.7543478260869566	0.7673992987745687	0.9857142857142858	Age-only
CC1CN(CC(Cc2ccccc2)C(=O)NCC(=O)O)CCC1(C)c1cccc(O)c1	1	1	0.52829957	2	0.8661028116371093	0.6741573033707865	0.6993926510780444	0.7144273486970116	0.9863013698630136	Age-only
CC1c2cccc(O)c2C(=O)C2C(=O)C3(O)C(=O)C(C(N)=O)C(=O)C(N(C)C)C3C(O)C21	0	1	0.8785877	2	0.897099670194441	0.7849462365591398	0.7889325990034093	0.7960194655709997	1.0	Age-only
CC=C(C)C(=O)OC1C(C)=CC23C(=O)C(=CC(CO)C(O)C12O)C1C(CC3C)C1(C)C	0	1	0.64946586	2	0.8876070881366863	0.7209302325581395	0.721188630490956	0.7295957719048042	0.984375	Age-only
CCC(=O)N(c1ccccc1)C1(C(=O)OC)CCN(CCC(=O)OC)CC1	1	1	0.7791045	2	0.8602986683296822	0.6065573770491803	0.6127821335234023	0.6259772463186456	0.9795918367346939	Age-only
CCC(=O)N(c1ccccc1)C1(COC)CCN(CCc2cccs2)CC1	1	1	0.6598048	2	0.8689943980148139	0.578125	0.5958333333333333	0.6307336182336183	0.9850746268656716	Age-only
CCC(C(N)=O)N1CCCC1=O	1	0	0.25647447	2	0.8807860972514683	0.765625	0.7693627450980391	0.7779608970024792	0.9726027397260274	Age-only
CCC(CC)C(NC(C)=O)C1C(N=C(N)N)CC(C(=O)O)C1O	1	1	0.5822091	2	0.9018315094879111	0.76	0.7671111111111111	0.7782651915985249	0.9871794871794872	Age-only
CCC1(c2ccccc2)C(=O)NC(=O)NC1=O	1	0	0.42289156	2	0.8805199449150383	0.717391304347826	0.725889328063241	0.7378397501585907	1.0	Age-only
CCC1(c2ccccc2)C(=O)NCNC1=O	0	0	0.30246252	2	0.8724462981429406	0.7021276595744681	0.7139595225739491	0.7289665482535423	1.0	Age-only
CCC1=NC(=O)C2CSSCCC=CC(CC(=O)NC(C(C)C)C(=O)N2)OC(=O)C(C(C)C)NC1=O	1	0	0.46997276	2	0.9089590094595102	0.8222222222222222	0.8266666666666668	0.8309903893803872	1.0	Age-only
CCCC(=O)Nc1ccc(OCC(O)CNC(C)C)c(C(C)=O)c1	1	1	0.8021114	2	0.8794623566271217	0.6268656716417911	0.6414925373134329	0.677539587508985	1.0	Age-only
CCCC(C)(COC(N)=O)COC(=O)NC(C)C	1	1	0.5587299	2	0.905393730198495	0.7073170731707317	0.7368337850045167	0.7537451068955134	1.0	Age-only
CCCC1CC(=O)N(C(CC)C(N)=O)C1	0	0	0.30698445	2	0.8843101556347356	0.7611940298507462	0.7635456241519675	0.7650233338686454	0.9791666666666666	Age-only
CCCCC(CC)COC(=O)CC(C(=O)OCC(CC)CCCC)S(=O)(=O)O	0	0	0.40941197	2	0.9161603443018231	0.5531914893617021	0.5763593380614658	0.6249429720874289	1.0	Age-only
CCCCCCCCCCCCOCCOCCOCCOCCOCCOCCOCCOCCOCCO	1	0	0.33033675	2	0.9345766652927833	0.6571428571428571	0.7180952380952381	0.7332298513149577	1.0	Age-only
CCCCCCCCc1ccc(CCC(N)(CO)CO)cc1	0	0	0.3287151	2	0.8994773325006592	0.7209302325581395	0.7260042283298098	0.7382413427828083	1.0	Age-only
CCCCS(=O)(=O)NC(Cc1ccc(OCCCCC2CCNCC2)cc1)C(=O)O	1	1	0.621781	2	0.8671027615638264	0.7	0.7348717948717949	0.7423564766030519	0.984375	Age-only
CCCS(=O)(=O)NC1CC(N(C)c2ncnc3[nH]ccc23)C1	1	0	0.4791115	2	0.8909044230530984	0.7407407407407407	0.7566395663956639	0.7699869799949954	1.0	Age-only
CCN(CC)C(=O)C(C#N)=Cc1cc(O)c(O)c([N+](=O)[O-])c1	0	0	0.37412438	2	0.9028904197701949	0.7432432432432432	0.7709815078236131	0.7845125827581968	1.0	Age-only
CCN(CC)C(=O)C1(c2ccccc2)CC1CN	1	1	0.5711189	2	0.8609396437284716	0.6730769230769231	0.6915654520917679	0.7038911381016644	1.0	Age-only
CCN(CC)c1ccc(C(=C2C=CC(=[N+](CC)CC)C=C2)c2cc(S(=O)(=O)O)ccc2S(=O)(=O)[O-])cc1	1	0	0.394197	2	0.9052099279997424	0.7301587301587301	0.758095238095238	0.7807967631497043	1.0	Age-only
CCOC(=O)C(Cc1ccc(F)cc1)NC(=O)C(N)Cc1ccc(N(CCCl)CCCl)cc1	1	1	0.7547312	2	0.8747138169380476	0.4716981132075472	0.5061720498880716	0.5828167312513105	1.0	Age-only
CCOC(=O)C(N)Cc1ccc(-c2cc(OC(c3ccc(Cl)cc3-n3ccc(C)n3)C(F)(F)F)nc(N)n2)cc1	0	1	0.5179617	2	0.8817389726606495	0.75	0.754	0.7614141414141414	0.9868421052631579	Age-only
CCOc1ncc(C)c2c1C(c1ccc(C#N)cc1OC)C(C(N)=O)C(C)=N2	0	1	0.70821357	2	0.8776952307603593	0.6923076923076923	0.7077785962327685	0.7246056800776363	1.0	Age-only
CCS(=O)(=O)N1CC(CC#N)(n2cc(-c3ncnc4[nH]ccc34)cn2)C1	1	0	0.382741	2	0.8959229441848757	0.7790697674418605	0.7810335917312662	0.7855446953525821	0.9857142857142858	Age-only
CCc1cc2c(cc1CC)CC(NCC(O)c1ccc(O)c3[nH]c(=O)ccc13)C2	1	0	0.43516636	2	0.8820887950396512	0.7571428571428571	0.7752380952380952	0.7811473127262601	0.9838709677419355	Age-only
CCc1nc(N)nc(N)c1-c1ccc(Cl)cc1	1	0	0.25643715	2	0.9071237498356013	0.717948717948718	0.7480341880341881	0.762183654088416	1.0	Age-only
CCn1c(=O)c(-c2cc(NC(=O)Nc3ccccc3)c(F)cc2Br)cc2cnc(NC)cc21	0	0	0.40581366	2	0.8731830457601185	0.7391304347826086	0.744495837187789	0.7545779696231599	0.9864864864864865	Age-only
CN(C)C(=O)c1cc2cnc(Nc3ccc(N4CCNCC4)cn3)nc2n1C1CCCC1	1	0	0.49605477	2	0.878368304472835	0.7216494845360825	0.7354683044527308	0.74216090176686	1.0	Age-only
CN(C)C(N)=NC(=N)N	1	0	0.2185323	2	0.9446093795740661	0.8181818181818182	0.8203208556149733	0.8236598408764836	1.0	Age-only
CN(C)C1C(=O)C(C(N)=O)C(=O)C2(O)C(=O)C3C(=O)c4c(O)cccc4C(C)(O)C3CC12	0	1	0.7623204	2	0.8914555713078777	0.782608695652174	0.7844202898550725	0.7877611518915867	0.9848484848484849	Age-only
CN(C)CC(c1ccc(O)cc1)C1(O)CCCCC1	0	1	0.5600641	2	0.8947129090432785	0.6274509803921569	0.6673069227691075	0.7028276588413143	1.0	Age-only
CN(C)CCCN1c2ccccc2CCc2ccc(Cl)cc21	1	1	0.6186923	2	0.8904656405117298	0.5625	0.6210000000000001	0.6526519363964493	1.0	Age-only
CN(C)CCCN1c2ccccc2CCc2ccccc21	1	1	0.7538935	2	0.8922135096484208	0.46153846153846156	0.5358348968105066	0.5918933708567855	1.0	Age-only
CN(C)c1cc(CNCC(C)(C)C)c(O)c2c1CC1CC3C(N(C)C)C(=O)C(C(N)=O)C(=O)C3(O)C(=O)C1C2=O	0	1	0.5611571	2	0.8968092440453138	0.7857142857142857	0.8010648355475942	0.8044075124534894	0.9871794871794872	Age-only
CN(C)c1cc(NC(=O)CNC(C)(C)C)c(O)c2c1CC1CC3C(N(C)C)C(=O)C(C(N)=O)C(=O)C3(O)C(=O)C1C2=O	0	1	0.63481736	2	0.8954904330321241	0.8151260504201681	0.8167640076558482	0.8195973331907236	0.9875	Age-only
CN(C)c1ccc(O)c2c1CC1CC3C(N(C)C)C(=O)C(C(N)=O)C(=O)C3(O)C(=O)C1C2=O	0	1	0.78920776	2	0.8980134836688326	0.7974683544303798	0.8003270042194094	0.8024392198148453	0.9855072463768116	Age-only
CN(C)c1ccc2nc3ccc(=[N+](C)C)cc-3sc2c1	1	0	0.35653874	2	0.9217406685441898	0.7592592592592593	0.7811052317802558	0.7996787010002998	1.0	Age-only
CN1C(=O)CC(=O)N(c2ccccc2)c2cc(Cl)ccc21	0	0	0.33399007	2	0.8879200821299239	0.6111111111111112	0.657375478927203	0.6736377181779482	1.0	Age-only
CN1C(=O)CC(C)(c2ccccc2)C1=O	0	0	0.36245504	2	0.8852328845485115	0.7021276595744681	0.7175728920409771	0.7311618947552753	1.0	Age-only
CN1C(=O)CN=C(c2ccccc2)c2cc(Cl)ccc21	0	0	0.47488618	2	0.8810450883402375	0.40816326530612246	0.41526530612244894	0.43736961451247164	1.0	Age-only
CN1CC(=O)N2C(Cc3c([nH]c4ccccc34)C2c2ccc3c(c2)OCO3)C1=O	1	0	0.3998146	2	0.8963393687472649	0.759493670886076	0.7600539531023034	0.7672562185423586	1.0	Age-only
CN1CC2c3ccccc3Oc3ccc(Cl)cc3C2C1	0	0	0.22714065	2	0.89344003740511	0.7083333333333334	0.7194740582800285	0.7281312699349632	1.0	Age-only
CN1CCCC1c1cccnc1	0	0	0.36969268	2	0.8925642067262888	0.6842105263157895	0.7056842105263158	0.7160561076350551	1.0	Age-only
CN1CCN(C(=O)OC2c3nccnc3C(=O)N2c2ccc(Cl)cn2)CC1	0	0	0.40863818	2	0.8707568548215296	0.6753246753246753	0.6837380011293055	0.706456124390907	0.9846153846153847	Age-only
CN1CCN(C2=Nc3cc(Cl)ccc3Nc3ccccc32)CC1	1	1	0.6801002	2	0.8941432695797167	0.6721311475409836	0.6799635701275045	0.688868650070836	1.0	Age-only
CN1CCN(CCC=C2c3ccccc3Sc3ccc(S(=O)(=O)N(C)C)cc32)CC1	1	0	0.4662527	2	0.8929628882972515	0.6551724137931034	0.6641379310344828	0.6804238505747127	1.0	Age-only
CN1CCN(CCCN2c3ccccc3Sc3ccc(Cl)cc32)CC1	0	0	0.3301921	2	0.8940150564216709	0.7222222222222222	0.7280495169082125	0.7365520047649271	1.0	Age-only
CN=C(C[N+](=O)[O-])NCCSCc1ccc(CN(C)C)o1	0	1	0.5085297	2	0.8984510335406086	0.7941176470588235	0.8008638153116998	0.8021764402891148	1.0	Age-only
CN=C(NC#N)NCCSCc1[nH]cnc1C	1	1	0.5862643	2	0.9116818025940046	0.8	0.8124125397546571	0.819073619411534	1.0	Age-only
CNC(=O)c1c(I)c(NC(C)=O)c(I)c(C(=O)O)c1I	1	1	0.912289	2	0.9021564629912014	0.6444444444444445	0.6950659133709981	0.7208823173105764	1.0	Age-only
CNC(=O)c1ccc(-c2cnc3ncc(Cc4ccc5ncccc5c4)n3n2)cc1F	0	0	0.26471275	2	0.8841685789970423	0.7241379310344828	0.7335352445144403	0.7444849327350236	0.9855072463768116	Age-only
CNC(=O)c1ccc(N2C(=S)N(c3cnc(C#N)c(C(F)(F)F)c3)C(=O)C23CCC3)cc1F	0	1	0.59407747	2	0.8868201027607493	0.39473684210526316	0.6109559613319011	0.6767767566039842	0.9873417721518988	Age-only
CNC(C)C(O)c1ccccc1	0	1	0.6790589	2	0.8892834716736842	0.6129032258064516	0.6272013949433305	0.6481595679077976	1.0	Age-only
CNCC(O)c1ccc(O)c(O)c1	1	1	0.669073	2	0.897776559648319	0.6052631578947368	0.617004048582996	0.6341324654018153	1.0	Age-only
CNCC(O)c1cccc(O)c1	1	1	0.77843297	2	0.8896028175093215	0.5952380952380952	0.6143722943722943	0.6518678852012186	1.0	Age-only
CNCCC(Oc1cccc2ccccc12)c1cccs1	1	1	0.73158306	2	0.9005448312712603	0.5416666666666666	0.5578616352201258	0.5991696468943971	1.0	Age-only
CNCCCN1c2ccccc2CCc2ccccc21	1	1	0.59653264	2	0.8895418709322694	0.5714285714285714	0.5797909407665506	0.6169918581513215	1.0	Age-only
COC(=O)CCc1ccc(OCC(O)CNC(C)C)cc1	1	1	0.7996915	2	0.876885355213856	0.6229508196721312	0.6329760403530896	0.6619924459650206	1.0	Age-only
COC(=O)c1ccc2c(C(=Nc3ccc(N(C)C(=O)CN4CCN(C)CC4)cc3)c3ccccc3)c(O)[nH]c2c1	1	1	0.7982711	2	0.8745634091381244	0.75	0.7595238095238095	0.7612749097562183	0.9871794871794872	Age-only
COCCc1ccc(OCC(O)CNC(C)C)cc1	1	1	0.73423	2	0.8915965724135702	0.6935483870967742	0.6960151802656547	0.7032017107918437	1.0	Age-only
COc1cc(C)c(C=CC(C)=CC=CC(C)=CC(=O)O)c(C)c1C	0	1	0.6069031	2	0.9041348793607122	0.7719298245614035	0.7744946920915894	0.7775053232816421	1.0	Age-only
COc1cc(C2c3cc4c(cc3C(OC3OC5COC(C)OC5C(O)C3O)C3COC(=O)C23)OCO4)cc(OC)c1O	0	1	0.5830665	2	0.9078946637886716	0.7818181818181819	0.789512987012987	0.7923987025756937	0.9868421052631579	Age-only
COc1cc(N)c(Cl)cc1C(=O)NC1CCN(CCCOc2ccc(F)cc2)CC1OC	1	1	0.58298904	2	0.8651967486327931	0.6162790697674418	0.6283298097251585	0.6420014094432699	0.9850746268656716	Age-only
COc1cc2c(cc1Cc1cccc(Cl)c1F)c(=O)c(C(=O)O)cn2C(CO)C(C)C	0	0	0.4985994	2	0.8713998008812487	0.73	0.7329638554216868	0.7374623585630997	0.9861111111111112	Age-only
COc1cc2nc(N(C)CCCNC(=O)C3CCCO3)nc(N)c2cc1OC	1	1	0.66144	2	0.871024473290275	0.6666666666666666	0.6974358974358974	0.718727224541178	0.9861111111111112	Age-only
COc1cc2nc(N3CCN(C(=O)C4CCCO4)CC3)nc(N)c2cc1OC	1	0	0.42404804	2	0.8772788540743541	0.4153846153846154	0.5231438127090302	0.6091466504509984	0.9850746268656716	Age-only
COc1cc2nc(N3CCN(C(=O)C4COc5ccccc5O4)CC3)nc(N)c2cc1OC	1	1	0.55636835	2	0.869651784467445	0.4117647058823529	0.5274711946634324	0.6168935021806787	0.9861111111111112	Age-only
COc1ccc(C(CN(C)C)C2(O)CCCCC2)cc1	1	1	0.5581651	2	0.8859079043441054	0.6226415094339622	0.6490566037735849	0.68877413659936	1.0	Age-only
COc1ccc(CC(C)NCC(O)c2ccc(O)c(NC=O)c2)cc1	1	1	0.5046522	2	0.8901726542749602	0.5909090909090909	0.6117103235747303	0.6498202362609143	1.0	Age-only
COc1cccc(C2(O)CCCCC2CN(C)C)c1	1	0	0.3795867	2	0.8805503572013899	0.6721311475409836	0.6810382513661202	0.7079842137219186	1.0	Age-only
COc1ccccc1N1CCN(CCCNc2cc(=O)n(C)c(=O)n2C)CC1	1	1	0.5847298	2	0.8771792602813299	0.6962025316455697	0.7036286919831224	0.71836995634464	1.0	Age-only
CSc1ccc2c(c1)N(CCC1CCCCN1C)c1ccccc1S2	1	0	0.31095618	2	0.894583341846874	0.6615384615384615	0.7104083853599862	0.7285077419478014	1.0	Age-only
Cc1[nH]cnc1CN1CCc2c(c3ccccc3n2C)C1=O	0	0	0.39619187	2	0.8809543120470308	0.7413793103448276	0.743103448275862	0.7493077614405839	1.0	Age-only
Cc1cc2c(s1)Nc1ccccc1N=C2N1CCN(C)CC1	1	1	0.6564223	2	0.9004549300925873	0.7540983606557377	0.7587090163934426	0.7622788186312778	1.0	Age-only
Cc1ccc(-n2nccn2)c(C(=O)N2CCN(c3nc4cc(Cl)ccc4o3)CCC2C)c1	0	0	0.22573361	2	0.8847450933639569	0.7472527472527473	0.7576299988671122	0.7652431741392706	0.9861111111111112	Age-only
Cc1ccc(O)c(C(CCN(C(C)C)C(C)C)c2ccccc2)c1	0	0	0.47295767	2	0.8875450017925678	0.5272727272727272	0.6409719839908519	0.6761077758719268	1.0	Age-only
Cc1ccccc1-c1cc(N2CCN(C)CC2)ncc1N(C)C(=O)C(C)(C)c1cc(C(F)(F)F)cc(C(F)(F)F)c1	1	0	0.4322488	2	0.8807590460820717	0.7419354838709677	0.7511431255872221	0.7557982572696105	0.9861111111111112	Age-only
Cc1cnc(NC(=O)C2C(=O)c3ccccc3S(=O)(=O)N2C)s1	0	0	0.4186983	2	0.8776777149941611	0.36538461538461536	0.5945296582477992	0.6690155189499268	1.0	Age-only
Cc1cnc(Nc2ccc(OCCN3CCCC3)cc2)nc1Nc1cccc(S(=O)(=O)NC(C)(C)C)c1	0	0	0.44288278	2	0.8846226163138099	0.7209302325581395	0.7270817704426108	0.7318435164346644	1.0	Age-only
Cc1nc2n(c(=O)c1CCN1CCC(c3noc4cc(F)ccc34)CC1)CCCC2	1	0	0.35599756	2	0.8902457447377099	0.5421686746987951	0.6338696478704786	0.7005329570806655	0.9868421052631579	Age-only
Cc1nc2n(c(=O)c1CCN1CCC(c3noc4cc(F)ccc34)CC1)CCCC2O	0	0	0.39710104	2	0.8848474469345602	0.5357142857142857	0.629393173198483	0.6933163946106838	0.9871794871794872	Age-only
Cc1nccn1CC1CCc2c(c3ccccc3n2C)C1=O	1	0	0.2462239	2	0.8816559524502683	0.7428571428571429	0.7484169884169886	0.755909947214295	1.0	Age-only
Cc1nnc(C(=O)NC(C)(C)c2nc(C(=O)NCc3ccc(F)cc3)c(O)c(=O)n2C)o1	1	0	0.48407522	2	0.880310830450204	0.7362637362637363	0.7396667848280754	0.7448679700524308	1.0	Age-only
Cc1oncc1C(=O)Nc1ccc(C(F)(F)F)cc1	1	1	0.6299748	2	0.8899846002174123	0.6891891891891891	0.7191539365452408	0.7316555686120902	1.0	Age-only
Cc1sc2c(c1C)C(c1ccc(Cl)cc1)=NC(CC(=O)NCCCN1CCN(C)CC1)c1nnc(C)n1-2	1	0	0.41659632	2	0.8842577373739028	0.7431192660550459	0.7455993547736667	0.7515284528253552	0.9857142857142858	Age-only
Cn1cnc([N+](=O)[O-])c1Sc1ncnc2[nH]cnc12	0	0	0.3870689	2	0.9137872722578255	0.7375	0.7466594516594516	0.7609083164167909	1.0	Age-only
FC(F)(F)C(F)(F)C(F)(F)F	1	1	0.5761671	2	0.9880336238250221	0.8333333333333334	0.8385964912280702	0.8427875243664716	1.0	Age-only
N#CCC(C1CCCC1)n1cc(-c2ncnc3[nH]ccc23)cn1	1	0	0.2715905	2	0.9038425880609089	0.7954545454545454	0.803490835405729	0.8073328971564168	1.0	Age-only
N#Cc1ccnc(N2C(=O)CCC2C(=O)N(c2cncc(F)c2)C(C(=O)NC2CC(F)(F)C2)c2ccccc2Cl)c1	1	0	0.36475754	2	0.88643529544649	0.7708333333333334	0.7813641863278887	0.7862231785232745	1.0	Age-only
N=C(CCSCc1csc(N=C(N)N)n1)NS(N)(=O)=O	0	0	0.3404593	2	0.9111253899854695	0.7804878048780488	0.783364602876798	0.7930001540818084	1.0	Age-only
NC(=O)C1(N2CCCCC2)CCN(CCCC(=O)c2ccc(F)cc2)CC1	1	1	0.7694968	2	0.8830505342969964	0.44642857142857145	0.4735607675906183	0.5383479428255549	0.9830508474576272	Age-only
NC(=O)Cc1cccc(C(=O)c2ccccc2)c1N	0	0	0.29404235	2	0.882156350914707	0.6666666666666666	0.6790096082779009	0.6862284214808322	1.0	Age-only
NC(=O)N1c2ccccc2C=Cc2ccccc21	0	1	0.641016	2	0.8812296769525129	0.7241379310344828	0.7359348224754232	0.7393370096373434	1.0	Age-only
NC(=O)N1c2ccccc2CC(=O)c2ccccc21	0	1	0.53062147	2	0.8741567997893518	0.71875	0.7233870967741935	0.7325459467703807	1.0	Age-only
NC(CO)(CO)CO	0	0	0.3016414	2	0.9532160721794293	0.8235294117647058	0.8313725490196079	0.8335821210204511	1.0	Age-only
NC(N)=O	1	1	0.5507026	2	0.9411957765550447	0.625	0.6649999999999998	0.6805555555555556	1.0	Age-only
NCC(O)c1ccc(O)c(O)c1	1	0	0.445994	2	0.9018358072053508	0.5294117647058824	0.5771065182829889	0.628307040071746	1.0	Age-only
NCCc1ccc(O)c(O)c1	1	0	0.23868054	2	0.9079457518941201	0.5454545454545454	0.6363636363636364	0.6652106652106652	1.0	Age-only
Nc1c(CC(=O)O)cccc1C(=O)c1ccc(Br)cc1	0	0	0.37369606	2	0.8884568821029201	0.6756756756756757	0.6968372627947096	0.7103641358960509	1.0	Age-only
Nc1nc(N)c2nc(-c3ccccc3)c(N)nc2n1	0	0	0.3985288	2	0.9187119851996808	0.7272727272727273	0.7296442687747036	0.7357568355554969	1.0	Age-only
Nc1nnc(-c2cccc(Cl)c2Cl)c(N)n1	0	1	0.56850433	2	0.9206129630589723	0.7272727272727273	0.7318181818181818	0.7411335578002245	1.0	Age-only
O=C(Nc1cnn2ccc(N3CCCC3c3cc(F)ccc3F)nc12)N1CCC(O)C1	0	1	0.72729546	2	0.8900687672995399	0.7553191489361702	0.759235502711723	0.7641250314815644	1.0	Age-only
O=C(O)CC(O)CC(O)C=Cc1c(C2CC2)nc2ccccc2c1-c1ccc(F)cc1	0	1	0.55967474	2	0.8768794091882652	0.7553191489361702	0.7663251904386656	0.776613409892826	0.9855072463768116	Age-only
O=C(O)COCCN1CCN(C(c2ccccc2)c2ccc(Cl)cc2)CC1	0	0	0.33790052	2	0.866247304710887	0.5970149253731343	0.6578645235361653	0.6726698333370854	0.9833333333333333	Age-only
O=C([O-])CCCO	1	1	0.618907	2	0.9343832097674346	0.6470588235294118	0.6632352941176471	0.6776427962489342	1.0	Age-only
O=C(c1ccc(OCCN2CCCCC2)cc1)c1c(-c2ccc(O)cc2)sc2cc(O)ccc12	0	1	0.6224804	2	0.8882719900306562	0.7380952380952381	0.7415873015873016	0.7515552348885683	0.9830508474576272	Age-only
O=C1CCc2ccc(OCCCCN3CCN(c4cccc(Cl)c4Cl)CC3)cc2N1	0	0	0.43380827	2	0.8821319883475293	0.5657894736842105	0.5757085020242915	0.6096460833302939	1.0	Age-only
O=C1NC(=O)C(c2ccccc2)(c2ccccc2)N1	0	0	0.46540886	2	0.9055258981043492	0.7419354838709677	0.7501075268817204	0.7570279879239152	1.0	Age-only
O=C1NC(c2ccccc2)(c2ccccc2)C(=O)N1COP(=O)(O)O	1	0	0.3198025	2	0.8850610216036796	0.7317073170731707	0.7430117810488073	0.7497512380850612	0.98	Age-only
O=C1c2ccccc2C(=O)C1c1ccc(F)cc1	1	1	0.7603607	2	0.8987545217985821	0.7317073170731707	0.7353658536585366	0.7434054661632349	1.0	Age-only
O=[N+]([O-])c1cn2c(n1)OCC(OCc1ccc(OC(F)(F)F)cc1)C2	1	0	0.3380121	2	0.8990962391175575	0.7272727272727273	0.7506961506961507	0.7660339765602925	1.0	Age-only
O=c1[nH]c(O)cn1N=Cc1ccc(-c2ccc([N+](=O)[O-])cc2)o1	1	0	0.2298924	2	0.9110555742988585	0.3137254901960784	0.46521275766161524	0.6009172854588882	1.0	Age-only
O=c1[nH]c2ccccc2n1CCCN1CCC(n2c(=O)[nH]c3cc(Cl)ccc32)CC1	1	0	0.14660944	2	0.8895927587499523	0.41935483870967744	0.5968768024869007	0.6513784433840535	1.0	Age-only
O=c1n(CCCN2CCN(c3cccc(Cl)c3)CC2)nc2ccccn12	0	0	0.23991577	2	0.8939229973185971	0.676056338028169	0.7139007960808327	0.7305966653812591	1.0	Age-only
OCCN1CCN(CCCN2c3ccccc3Sc3ccc(C(F)(F)F)cc32)CC1	1	0	0.36366308	2	0.8973109441348301	0.704225352112676	0.7226611959337725	0.7378391507200507	1.0	Age-only
OCCOCCN1CCN(C(c2ccccc2)c2ccc(Cl)cc2)CC1	1	0	0.29669058	2	0.8838797940578943	0.6470588235294118	0.6950664136622391	0.7073093223575857	1.0	Age-only
OCCOCCN1CCN(C2=Nc3ccccc3Sc3ccccc32)CC1	1	1	0.65424836	2	0.8946653763280609	0.7272727272727273	0.73475935828877	0.7490744549568079	1.0	Age-only
OCCOc1ccc(C(=C(CCCl)c2ccccc2)c2ccccc2)cc1	0	0	0.30394948	2	0.8988813428524661	0.5	0.6469943019943021	0.7087730513957223	1.0	Age-only
OCc1cc(C(O)CNCCCCCCOCCCCc2ccccc2)ccc1O	1	1	0.6549459	2	0.8956894443395668	0.6119402985074627	0.6290259230164964	0.6657690279675881	1.0	Age-only
OCc1cc(C(O)CNCCCCCCOCCOCc2c(Cl)cccc2Cl)ccc1O	1	1	0.67174554	2	0.9033183647102611	0.7368421052631579	0.7425986842105263	0.7540457884168252	1.0	Age-only
Oc1cn2c(n1)Nc1ccc(Cl)c(Cl)c1C2	1	0	0.4423293	2	0.9114732946606238	0.7692307692307693	0.7793466807165438	0.79072708113804	1.0	Age-only
S=c1[nH]cnc2[nH]cnc12	0	1	0.6125242	2	0.9428979055209452	0.7058823529411765	0.7393188854489164	0.7617985507728842	1.0	Age-only
c1cnc2cc3c(cc2n1)C1CNCC3C1	0	0	0.3280018	2	0.9237586043538558	0.7619047619047619	0.7823129251700681	0.7938869992441422	1.0	Age-only
C=CC1=C(C(=O)O)N2C(=O)C(NC(=O)C(=NO)c3csc(N)n3)C2SC1	0	0	0.29625973	3	0.9010119493088076	0.5747126436781609	0.6400403740781939	0.6948850345834651	1.0	Age-only
C=CC1CN2CCC1CC2C(O)c1ccnc2ccc(OC)cc12	1	0	0.45258957	3	0.8883707587788323	0.75	0.7512987012987014	0.7532745032745033	1.0	Age-only
C=c1c(C(=O)NCCN(CC)CC)c(C)[nH]c1=Cc1c(O)[nH]c2ccc(F)cc12	1	1	0.5188501	3	0.8882899130476023	0.6615384615384615	0.7228034294472651	0.7505834348300101	0.9859154929577465	Age-only
CC(=O)CC(c1ccccc1)c1c(O)c2ccccc2oc1=O	1	0	0.46629304	3	0.87032359076774	0.7021276595744681	0.727032922856822	0.732541059146322	1.0	Age-only
CC(=O)NC(CS)C(=O)O	1	1	0.55084014	3	0.9122910675267424	0.6585365853658537	0.6668292682926829	0.6925863084717804	1.0	Age-only
CC(=O)Nc1cccc(-n2c(=O)n(C3CC3)c(=O)c3c(Nc4ccc(I)cc4F)n(C)c(=O)c(C)c32)c1	1	0	0.3944583	3	0.8895352621424111	0.7640449438202247	0.7721638274737224	0.7739576738644351	0.9873417721518988	Age-only
CC(C)(C)NCC(O)COc1nsnc1N1CCOCC1	1	1	0.5993582	3	0.8942834757550471	0.6	0.608125	0.6470935314685314	0.9827586206896551	Age-only
CC(C)(C)c1nc(-c2cccc(NS(=O)(=O)c3c(F)cccc3F)c2F)c(-c2ccnc(N)n2)s1	0	0	0.42165098	3	0.9052799560381389	0.7373737373737373	0.7695526695526695	0.7820829026502785	1.0	Age-only
CC(C)C(N)C(=O)OCCOCn1cnc2c(=O)[nH]c(N)nc21	1	0	0.3725653	3	0.8878212230536531	0.5172413793103449	0.5602719766877124	0.6426393610706383	1.0	Age-only
CC(C)CC(CN)CC(=O)O	0	0	0.47763556	3	0.9118501275043972	0.6666666666666666	0.7378947368421052	0.7516812865497076	1.0	Age-only
CC(C)OC(=O)OCOP(=O)(COC(C)Cn1cnc2c(N)ncnc21)OCOC(=O)OC(C)C	0	0	0.37830958	3	0.8996677071395152	0.7631578947368421	0.7738787122245769	0.7806715751988771	1.0	Age-only
CC(CN1CC(=O)NC(=O)C1)N1CC(=O)NC(=O)C1	0	0	0.42016837	3	0.9066758315997759	0.7567567567567568	0.7771213073538655	0.793676870837579	1.0	Age-only
CC(Cn1cnc2c(N)ncnc21)OCP(=O)(O)O	1	0	0.38590273	3	0.8985386989473501	0.746268656716418	0.7485074626865671	0.7586303411611982	1.0	Age-only
CC1(C)SC2C(NC(=O)C(N)c3ccc(O)cc3)C(=O)N2C1C(=O)O	0	0	0.38661358	3	0.8798120018245199	0.42857142857142855	0.48952380952380947	0.6034391534391533	1.0	Age-only
CC1(C)SC2C(NC(=O)C(N)c3ccccc3)C(=O)N2C1C(=O)O	0	0	0.42440212	3	0.867765045293388	0.34615384615384615	0.42175066312997345	0.5635095428198876	1.0	Age-only
CC1OC(OC2C(O)CC(OC3C(O)CC(OC4CCC5(C)C(CCC6C5CC(O)C5(C)C(C7=CC(=O)OC7)CCC65O)C4)OC3C)OC2C)CC(O)C1O	1	0	0.48216796	3	0.9114497259430728	0.7608695652173914	0.7695679674394301	0.7724179339805113	1.0	Age-only
CCC(C(C)O)n1ncn(-c2ccc(N3CCN(c4ccc(OCC5COC(Cn6cncn6)(c6ccc(F)cc6F)C5)cc4)CC3)cc2)c1=O	0	0	0.38954985	3	0.8854878744905313	0.7029702970297029	0.7085940594059406	0.7195892922625595	0.9886363636363636	Age-only
CCC(C)n1ncn(-c2ccc(N3CCN(c4ccc(OCC5COC(Cn6cncn6)(c6ccc(Cl)cc6Cl)O5)cc4)CC3)cc2)c1=O	1	0	0.40008992	3	0.8918820333693915	0.7830188679245284	0.7857299871771387	0.787839410865606	1.0	Age-only
CCC(CC)COC(=O)C(C)NP(=O)(OCC1OC(C#N)(c2ccc3c(N)ncnn23)C(O)C1O)Oc1ccccc1	1	1	0.5269049	3	0.8815082843820948	0.7628865979381443	0.7731165741475019	0.7820505790181158	1.0	Age-only
CCC1OC(=O)C(C)C(OC2CC(C)(OC)C(O)C(C)O2)C(C)C(OC2OC(C)CC(N(C)C)C2O)C(C)(O)CC(C)C(=O)C(C)C(O)C1(C)O	1	1	0.50777537	3	0.9168118678263296	0.7777777777777778	0.7815442561205274	0.7884219336791445	0.98989898989899	Age-only
CCC1OC(=O)C(C)C(OC2CC(C)(OC)C(O)C(C)O2)C(C)C(OC2OC(C)CC(N(C)C)C2O)C(C)(O)CC(C)CN(C)C(C)C(O)C1(C)O	1	1	0.50433743	3	0.9130468242559785	0.775	0.7786776859504132	0.7869165967980197	0.9902912621359223	Age-only
CCC1OC(=O)C(C)C(OC2CC(C)(OC)C(O)C(C)O2)C(C)C(OC2OC(C)CC(N(C)C)C2O)C(C)(OC)CC(C)C(=O)C(C)C(O)C1(C)O	1	1	0.51072305	3	0.9159588500101717	0.7739130434782608	0.777751124437781	0.7851367894034634	0.9896907216494846	Age-only
CCCC(CCC)C(=O)O	0	0	0.49687013	3	0.912015091523462	0.7105263157894737	0.7342105263157894	0.744595073542442	1.0	Age-only
CCCCc1oc2ccccc2c1C(=O)c1cc(I)c(OCCN(CC)CC)c(I)c1	1	1	0.5191026	3	0.8817417878605209	0.6764705882352942	0.6969001660798433	0.7228211225411963	1.0	Age-only
CCCNS(=O)(=O)Nc1ncnc(OCCOc2ncc(Br)cn2)c1-c1ccc(Br)cc1	1	0	0.49388802	3	0.9103586775316599	0.775	0.7789312777632611	0.7856527340986674	1.0	Age-only
CCCS(=O)(=O)Nc1ccc(F)c(C(=O)c2c[nH]c3ncc(-c4ccc(Cl)cc4)cc23)c1F	0	0	0.42887887	3	0.8853779171334758	0.7407407407407407	0.7499727668845315	0.7594994649116612	1.0	Age-only
CCN(CC)CCCC(C)Nc1ccnc2cc(Cl)ccc12	1	1	0.6004857	3	0.894557309196908	0.14	0.24836363636363634	0.46892979559646225	1.0	Age-only
CCN(CC)CCNC(=O)c1cc(Cl)c(N)cc1OC	1	1	0.6484377	3	0.8835850366087832	0.5306122448979592	0.5867903525046382	0.6224114131566378	1.0	Age-only
CCN1CCN(C(=O)NC(C(=O)NC2C(=O)N3C(C(=O)O)=C(CSc4nnnn4C)CSC23)c2ccc(O)cc2)C(=O)C1=O	1	1	0.51588094	3	0.8865152696261522	0.6698113207547169	0.743944648179129	0.7569451940055871	0.989247311827957	Age-only
CCN1CCN(C(=O)NC(C(=O)NC2C(=O)N3C2SC(C)(C)C3C(=O)O)c2ccccc2)C(=O)C1=O	0	1	0.5379845	3	0.8648480527470751	0.4375	0.502	0.6167292644757433	0.9864864864864865	Age-only
CCNC1CN(CCCOC)S(=O)(=O)c2sc(S(N)(=O)=O)cc21	1	0	0.49953812	3	0.8952738276460552	0.7529411764705882	0.767133917396746	0.7789013086281223	1.0	Age-only
CCc1nc(C(N)=O)c(Nc2ccc(N3CCC(N4CCN(C)CC4)CC3)c(OC)c2)nc1NC1CCOCC1	1	0	0.48879793	3	0.8740707583934566	0.6847826086956522	0.6892976588628763	0.6954731663527084	0.9880952380952381	Age-only
CN(C)CCCC1(c2ccc(F)cc2)OCc2cc(C#N)ccc21	1	1	0.56548315	3	0.9053030993618778	0.7681159420289855	0.7699604743083004	0.7715160015300268	1.0	Age-only
COC(=O)C=CC(=O)OC	0	1	0.5284224	3	0.9246657133347631	0.7647058823529411	0.776470588235294	0.7904411764705882	1.0	Age-only
COC(=O)OCOc1c2n(ccc1=O)N(C1c3ccccc3SCc3c1ccc(F)c3F)C1COCCN1C2=O	0	0	0.487989	3	0.8738526792804473	0.7623762376237624	0.7656386950170427	0.7718613916877186	0.9876543209876543	Age-only
CON=C(C(=O)NC1C(=O)N2C(C(=O)O)=C(COC(C)=O)CSC12)c1csc(N)n1	1	0	0.41771302	3	0.8857794482039859	0.5888888888888889	0.6608408408408408	0.7072698548889025	0.9873417721518988	Age-only
CON=C(C(=O)NC1C(=O)N2C(C(=O)O)=C(COC(N)=O)CSC12)c1ccco1	0	0	0.49238592	3	0.8724126027941994	0.6902654867256637	0.7027321333436956	0.7093290754823985	1.0	Age-only
CON=C(C(=O)NC1C(=O)N2C(C(=O)O)=C(CSc3nc(=O)c(=O)[nH]n3C)CSC12)c1csc(N)n1	1	0	0.42822146	3	0.8905015794236639	0.6237623762376238	0.680519986424872	0.7196304451331592	1.0	Age-only
COc1cc(Cc2cnc(N)nc2N)cc(OC)c1OC	0	0	0.4758091	3	0.9091795012607383	0.7457627118644068	0.7640761616443267	0.7675224188595715	1.0	Age-only
COc1cc2c(cc1OC)C(=O)C(CC1CCN(Cc3ccccc3)CC1)C2	1	1	0.5043672	3	0.8665084833778666	0.7105263157894737	0.7145510835913313	0.7202051474497296	1.0	Age-only
COc1cc2c(cc1OC)CC(=O)N(CCCN(C)CC1Cc3cc(OC)c(OC)cc31)CC2	1	1	0.55188024	3	0.8944346368546967	0.7341772151898734	0.7379911228012495	0.7451229033507514	1.0	Age-only
COc1ccc2[nH]c(S(=O)Cc3ncc(C)c(OC)c3C)nc2c1	0	1	0.5500937	3	0.9021222706715447	0.4461538461538462	0.5069230769230769	0.621853694415124	1.0	Age-only
COc1ccc2c(c1)c(CC(=O)O)c(C)n2C(=O)c1ccc(Cl)cc1	1	0	0.4652128	3	0.8775030171572666	0.6842105263157895	0.714452798663325	0.7236377981992017	1.0	Age-only
COc1ccccc1Oc1c(NS(=O)(=O)c2ccc(C(C)(C)C)cc2)nc(-c2ncccn2)nc1OCCO	1	1	0.626135	3	0.878664049888641	0.696969696969697	0.7095398428731763	0.7227210375358523	1.0	Age-only
COc1nc(N)nc2c1ncn2C1OC(CO)C(O)C1O	0	0	0.47048336	3	0.8967240578850142	0.7714285714285715	0.7742430703624734	0.7818168502087617	1.0	Age-only
CS(=O)(=O)OCCCCOS(C)(=O)=O	0	0	0.49606478	3	0.9427624110541687	0.7307692307692307	0.7846855480448361	0.8004115682329571	1.0	Age-only
Cc1c(OCC(F)(F)F)ccnc1CS(=O)c1nc2ccccc2[nH]1	0	1	0.50787896	3	0.8935378340564848	0.5362318840579711	0.586880244088482	0.6781316943867248	1.0	Age-only
Cc1cc(C)cc(OCC2CNC(=O)O2)c1	1	0	0.35142282	3	0.8896491130322481	0.7407407407407407	0.7555555555555555	0.7703703703703703	1.0	Age-only
Cc1cc(C=CC#N)cc(C)c1Nc1ccnc(Nc2ccc(C#N)cc2)n1	1	0	0.39300233	3	0.9188289686379463	0.7727272727272727	0.7774382480264832	0.7859308953700198	1.0	Age-only
Cc1ccc(NC(=O)c2ccc(CN3CCN(C)CC3)cc2)cc1Nc1nccc(-c2cccnc2)n1	0	0	0.38462526	3	0.870730210581056	0.71	0.7130980392156863	0.7270012686209264	1.0	Age-only
Cc1ccc(Nc2nccc(N(C)c3ccc4c(C)n(C)nc4c3)n2)cc1S(N)(=O)=O	0	0	0.49121806	3	0.8987022911088777	0.7311827956989247	0.7534744019766174	0.760793885744377	0.9866666666666667	Age-only
Cc1cn(-c2cc(NC(=O)c3ccc(C)c(Nc4nccc(-c5cccnc5)n4)c3)cc(C(F)(F)F)c2)cn1	1	0	0.38649726	3	0.8934819220587247	0.7340425531914894	0.7403912148249828	0.7466459129980064	1.0	Age-only
Cc1cn(C2C=CC(CO)O2)c(=O)[nH]c1=O	0	0	0.3865736	3	0.8999283015564297	0.7567567567567568	0.7893986091354511	0.8028390109013015	1.0	Age-only
Cc1cn(C2CC(N=[N+]=[N-])C(CO)O2)c(=O)[nH]c1=O	1	0	0.37865722	3	0.8975925062374257	0.7710843373493976	0.7938988512188289	0.8021660284549049	1.0	Age-only
Cc1nn(C)cc1S(=O)(=O)NC(=O)c1ccc(-n2ccc(OCC(C)(C)C(F)(F)F)n2)nc1N1CC(C)CC1(C)C	0	0	0.48883677	3	0.8829748980828799	0.7777777777777778	0.7798558984338801	0.7844504336604233	0.9873417721518988	Age-only
Cn1cc[nH]c1=S	1	0	0.47055638	3	0.9338278711334523	0.8108108108108109	0.8111486486486488	0.8131381381381382	1.0	Age-only
Cn1nnc2c(C(N)=O)ncn2c1=O	0	0	0.37582418	3	0.8938507572949514	0.7	0.7129874776386405	0.7270492642585666	1.0	Age-only
NC(=O)CC(N)C(=O)O	0	0	0.36981243	3	0.9268654519541609	0.7058823529411765	0.7188947245564894	0.7255297489366117	1.0	Age-only
NC(=O)NC(CCC(=O)O)C(=O)O	0	0	0.42150846	3	0.9119762779333338	0.625	0.635593220338983	0.656791495580048	1.0	Age-only
NC(=O)c1cn(Cc2c(F)cccc2F)nn1	0	0	0.36837852	3	0.8842982070870153	0.7407407407407407	0.7471743219251523	0.7559415167157875	0.9803921568627451	Age-only
NC(CC(=O)N1CCn2c(nnc2C(F)(F)F)C1)Cc1cc(F)c(F)cc1F	1	0	0.29788035	3	0.8914823355077596	0.7906976744186046	0.7912790697674418	0.7948078165374676	0.984375	Age-only
NC(Cc1cc(I)c(Oc2cc(I)c(O)c(I)c2)c(I)c1)C(=O)O	1	0	0.36508998	3	0.8848662729146802	0.7142857142857143	0.7359605911330048	0.7444679021033699	1.0	Age-only
NC(Cc1cc(I)c(Oc2ccc(O)c(I)c2)c(I)c1)C(=O)O	1	0	0.3908404	3	0.8869603485673097	0.7058823529411765	0.7364405871638271	0.7443204425220699	1.0	Age-only
NC(Cc1ccc(N(CCCl)CCCl)cc1)C(=O)O	0	1	0.50522685	3	0.8849329957915553	0.4634146341463415	0.5460064167389176	0.6028557434168361	1.0	Age-only
NCC(CC(=O)O)c1ccc(Cl)cc1	0	0	0.45228085	3	0.8810248857702283	0.6578947368421053	0.6700404858299596	0.6913330334382967	1.0	Age-only
NCC1(CC(=O)O)CCCCC1	1	0	0.3975224	3	0.9176285923463613	0.55	0.6100000000000001	0.676724763979666	1.0	Age-only
NCCC(O)(P(=O)(O)O)P(=O)(O)O	1	0	0.4030839	3	0.937514185636145	0.6944444444444444	0.7390614216701172	0.7742260423419843	1.0	Age-only
NNc1nncc2ccccc12	1	1	0.64048344	3	0.9131483995333677	0.7619047619047619	0.7672619047619048	0.7711640211640212	1.0	Age-only
Nc1cccc2c1CN(C1CCC(=O)NC1=O)C2=O	1	0	0.36860928	3	0.896453772050053	0.7538461538461538	0.765054945054945	0.772967092820034	1.0	Age-only
Nc1ccn(C2CSC(CO)O2)c(=O)n1	0	0	0.4882286	3	0.8871789915822672	0.65	0.7326971869829013	0.7621560335846049	1.0	Age-only
Nc1ccn(C2OC(CO)C(O)C2(F)F)c(=O)n1	1	0	0.38388383	3	0.8908554812795044	0.6867469879518072	0.7486731541550818	0.7702587757197501	0.9818181818181818	Age-only
Nc1ccn(C2OC(CO)C(O)C2O)c(=O)n1	1	0	0.44989857	3	0.8918644611542484	0.6875	0.7442564745196323	0.766713410510403	1.0	Age-only
Nc1nc(=O)c2ncn(COC(CO)CO)c2[nH]1	0	0	0.34136248	3	0.9002131219274462	0.32608695652173914	0.40753623188405796	0.5592005734557409	1.0	Age-only
Nc1nc(=O)n(C2CSC(CO)O2)cc1F	0	0	0.37923995	3	0.894660465984806	0.775	0.7782539682539682	0.78291104652607	0.9821428571428571	Age-only
Nc1nc(Cl)nc2c1ncn2C1OC(CO)C(O)C1F	1	0	0.47921336	3	0.9091559978863083	0.7971014492753623	0.7976811594202898	0.8009030227473425	1.0	Age-only
Nc1nc(F)nc2c1ncn2C1OC(CO)C(O)C1O	0	0	0.39060447	3	0.9080261722090044	0.759493670886076	0.774566699123661	0.7857870029527948	1.0	Age-only
Nc1nc(NC2CC2)c2ncn(C3C=CC(CO)C3)c2n1	0	0	0.38113832	3	0.9058661676724052	0.7916666666666666	0.794927536231884	0.7988732539415045	1.0	Age-only
Nc1ncn(C2CC(O)C(CO)O2)c(=O)n1	0	0	0.42726693	3	0.888151968952422	0.7297297297297297	0.741891891891892	0.7481836675385062	1.0	Age-only
Nc1ncn(C2OC(CO)C(O)C2O)c(=O)n1	1	0	0.4171167	3	0.8993287076188652	0.76	0.764	0.7713633461047255	1.0	Age-only
Nc1ncnc2c1ncn2C1OC(CO)C(O)C1O	1	0	0.3493118	3	0.9169928845822791	0.7936507936507936	0.7944143058067109	0.7980189403067978	1.0	Age-only
O=C(NCC1CCCCN1)c1cc(OCC(F)(F)F)ccc1OCC(F)(F)F	1	0	0.4505589	3	0.8769113055403833	0.7230769230769231	0.7271101871101872	0.7362342957848576	0.9818181818181818	Age-only
O=C(O)P(=O)(O)O	0	0	0.43424442	3	0.9478389116411636	0.75	0.767094017094017	0.781718898385565	1.0	Age-only
O=C([O-])O	1	0	0.43406963	3	0.9445773858400272	0.375	0.45	0.561563599798894	1.0	Age-only
O=C1C=CC(=O)c2c1c(O)c1c(NCCNCCO)ccc(NCCNCCO)c1c2O	1	0	0.43252867	3	0.9057211235848204	0.8275862068965517	0.8278584392014519	0.8298043960475902	1.0	Age-only
O=C1CCC(N2C(=O)c3ccccc3C2=O)C(=O)N1	0	0	0.40525103	3	0.8875804094808722	0.7222222222222222	0.7286109669607335	0.7358733444288403	1.0	Age-only
O=C1c2cccc3c2C(CCC3)CN1C1CN2CCC1CC2	1	0	0.38011467	3	0.9013392147171503	0.696969696969697	0.7127972027972028	0.7373962954608116	1.0	Age-only
O=C=O	1	0	0.42082375	3	0.9816897415245907	0.8888888888888888	0.888888888888889	0.8994215660882328	1.0	Age-only
O=P(O)(O)C(O)(Cn1ccnc1)P(=O)(O)O	1	0	0.37416428	3	0.9262225711712564	0.6341463414634146	0.7336585365853658	0.7644508209787979	1.0	Age-only
O=c1[nH]cc(F)c(=O)[nH]1	1	0	0.36875296	3	0.9339899961651871	0.71875	0.7800245098039215	0.805064121608239	1.0	Age-only
O=c1[nH]cnc2c1ncn2C1CCC(CO)O1	0	0	0.38196236	3	0.8929700135175762	0.7272727272727273	0.740909090909091	0.7490647212869436	1.0	Age-only
OCC1OC(O)C(O)C(O)C1O	1	0	0.42682642	3	0.9533600712151262	0.7666666666666667	0.7874716202270382	0.8072323216286064	1.0	Age-only
C=C1C(CO)C(O)CC1n1cnc2c(=O)[nH]c(N)nc21	1	0	0.34027207	3	0.8931520591419146	0.6612903225806451	0.6802517702596381	0.7144537427778971	1.0	Age-only
C=CC1CN2CCC1CC2C(O)c1ccnc2ccc(OC)cc12	1	0	0.45456445	3	0.8883707587788323	0.75	0.7512987012987014	0.7532745032745033	1.0	Age-only
C=c1c(C(=O)NCCN(CC)CC)c(C)[nH]c1=Cc1c(O)[nH]c2ccc(F)cc12	1	1	0.5188501	3	0.8882899130476023	0.6615384615384615	0.7228034294472651	0.7505834348300101	0.9859154929577465	Age-only
CC(=O)CC(c1ccccc1)c1c(O)c2ccccc2oc1=O	1	0	0.47170228	3	0.87032359076774	0.7021276595744681	0.727032922856822	0.732541059146322	1.0	Age-only
CC(=O)Nc1cccc(-n2c(=O)n(C3CC3)c(=O)c3c(Nc4ccc(I)cc4F)n(C)c(=O)c(C)c32)c1	1	0	0.39764562	3	0.8895352621424111	0.7640449438202247	0.7721638274737224	0.7739576738644351	0.9873417721518988	Age-only
CC(=O)O	1	0	0.4748794	3	0.9285088388628875	0.5	0.5784615384615386	0.6428490028490029	1.0	Age-only
CC(C)(C)c1nc(-c2cccc(NS(=O)(=O)c3c(F)cccc3F)c2F)c(-c2ccnc(N)n2)s1	0	0	0.4228975	3	0.9052799560381389	0.7373737373737373	0.7695526695526695	0.7820829026502785	1.0	Age-only
CC(C)C(N)C(=O)OCC(CO)OCn1cnc2c(=O)[nH]c(N)nc21	0	0	0.36951983	3	0.8930250550513914	0.6153846153846154	0.6382536382536383	0.6959404082691755	1.0	Age-only
CC(C)CC(CN)CC(=O)O	1	0	0.4830051	3	0.9118501275043972	0.6666666666666666	0.7378947368421052	0.7516812865497076	1.0	Age-only
CC(C)OC(=O)C(C)NP(=O)(COC(C)Cn1cnc2c(N)ncnc21)Oc1ccccc1	0	1	0.5553572	3	0.8773723967796314	0.7473684210526316	0.7577721001532959	0.7637877447559813	1.0	Age-only
CC(Cn1cnc2c(N)ncnc21)OCP(=O)(O)O	0	0	0.38590273	3	0.8985386989473501	0.746268656716418	0.7485074626865671	0.7586303411611982	1.0	Age-only
CC(S)C(=O)NCC(=O)O	0	1	0.57869136	3	0.9125250311801368	0.7333333333333333	0.7443809523809524	0.7529960317460317	1.0	Age-only
CC1(C)SC2C(NC(=O)C(N)c3ccc(O)cc3)C(=O)N2C1C(=O)O	0	0	0.38968405	3	0.8798120018245199	0.42857142857142855	0.48952380952380947	0.6034391534391533	1.0	Age-only
CC1CNc2c(cccc2S(=O)(=O)NC(CCCN=C(N)N)C(=O)N2CCC(C)CC2C(=O)O)C1	1	1	0.5664997	3	0.8735331113717147	0.6923076923076923	0.6945054945054945	0.6991216668636024	1.0	Age-only
CC1OC(OC2C(O)CC(OC3C(O)CC(OC4CCC5(C)C(CCC6C5CC(O)C5(C)C(C7=CC(=O)OC7)CCC65O)C4)OC3C)OC2C)CC(O)C1O	1	0	0.482494	3	0.9114497259430728	0.7608695652173914	0.7695679674394301	0.7724179339805113	1.0	Age-only
CC1OC1P(=O)(O)O	1	0	0.43617374	3	0.9413972814476294	0.8571428571428571	0.8605543710021321	0.8630498302140093	1.0	Age-only
CCC(C(C)O)n1ncn(-c2ccc(N3CCN(c4ccc(OCC5COC(Cn6cncn6)(c6ccc(F)cc6F)C5)cc4)CC3)cc2)c1=O	1	0	0.38954985	3	0.8854878744905313	0.7029702970297029	0.7085940594059406	0.7195892922625595	0.9886363636363636	Age-only
CCC(C)n1ncn(-c2ccc(N3CCN(c4ccc(OCC5COC(Cn6cncn6)(c6ccc(Cl)cc6Cl)O5)cc4)CC3)cc2)c1=O	0	0	0.40008992	3	0.8918820333693915	0.7830188679245284	0.7857299871771387	0.787839410865606	1.0	Age-only
CCC(CC)COC(=O)C(C)NP(=O)(OCC1OC(C#N)(c2ccc3c(N)ncnn23)C(O)C1O)Oc1ccccc1	1	1	0.5303423	3	0.8815082843820948	0.7628865979381443	0.7731165741475019	0.7820505790181158	1.0	Age-only
CCC1=CC2CN(C1)Cc1c([nH]c3ccccc13)C(C(=O)OC)(c1cc3c(cc1OC)N(C)C1C(O)(C(=O)OC)C(OC(C)=O)C4(CC)C=CCN5CCC31C54)C2	1	1	0.58355165	3	0.8904693169346365	0.7559055118110236	0.7610171679359751	0.7637834841023617	0.9910714285714286	Age-only
CCC1OC(=O)C(C)C(OC2CC(C)(OC)C(O)C(C)O2)C(C)C(OC2OC(C)CC(N(C)C)C2O)C(C)(O)CC(C)C(=O)C(C)C(O)C1(C)O	1	1	0.5088122	3	0.9168118678263296	0.7777777777777778	0.7815442561205274	0.7884219336791445	0.98989898989899	Age-only
CCC1OC(=O)C(C)C(OC2CC(C)(OC)C(O)C(C)O2)C(C)C(OC2OC(C)CC(N(C)C)C2O)C(C)(O)CC(C)CN(C)C(C)C(O)C1(C)O	1	1	0.5066398	3	0.9130468242559785	0.775	0.7786776859504132	0.7869165967980197	0.9902912621359223	Age-only
CCC1OC(=O)C(C)C(OC2CC(C)(OC)C(O)C(C)O2)C(C)C(OC2OC(C)CC(N(C)C)C2O)C(C)(OC)CC(C)C(=O)C(C)C(O)C1(C)O	1	1	0.5117599	3	0.9159588500101717	0.7739130434782608	0.777751124437781	0.7851367894034634	0.9896907216494846	Age-only
CCCC(CCC)C(=O)O	0	1	0.5013213	3	0.912015091523462	0.7105263157894737	0.7342105263157894	0.744595073542442	1.0	Age-only
CCCCCOC(=O)Nc1nc(=O)n(C2OC(C)C(O)C2O)cc1F	1	0	0.35956967	3	0.8786399079622875	0.7662337662337663	0.7669453833837395	0.770079333482626	0.9841269841269841	Age-only
CCCCc1oc2ccccc2c1C(=O)c1cc(I)c(OCCN(CC)CC)c(I)c1	1	1	0.5203299	3	0.8817417878605209	0.6764705882352942	0.6969001660798433	0.7228211225411963	1.0	Age-only
CCCNS(=O)(=O)Nc1ncnc(OCCOc2ncc(Br)cn2)c1-c1ccc(Br)cc1	1	0	0.49388802	3	0.9103586775316599	0.775	0.7789312777632611	0.7856527340986674	1.0	Age-only
CCN(CC)CCCC(C)Nc1ccnc2cc(Cl)ccc12	1	1	0.60545456	3	0.894557309196908	0.14	0.24836363636363634	0.46892979559646225	1.0	Age-only
CCN(CC)CCNC(=O)c1cc(Cl)c(N)cc1OC	1	1	0.6533915	3	0.8835850366087832	0.5306122448979592	0.5867903525046382	0.6224114131566378	1.0	Age-only
CCN1CCN(C(=O)NC(C(=O)NC2C(=O)N3C2SC(C)(C)C3C(=O)O)c2ccccc2)C(=O)C1=O	0	1	0.54450065	3	0.8648480527470751	0.4375	0.502	0.6167292644757433	0.9864864864864865	Age-only
CN(C)CCCC1(c2ccc(F)cc2)OCc2cc(C#N)ccc21	1	1	0.56672484	3	0.9053030993618778	0.7681159420289855	0.7699604743083004	0.7715160015300268	1.0	Age-only
CN(C)N=Nc1[nH]cnc1C(N)=O	1	0	0.48544914	3	0.8995493911075015	0.7560975609756098	0.777306468716861	0.781595381171203	1.0	Age-only
COC(=O)OCOc1c2n(ccc1=O)N(C1c3ccccc3SCc3c1ccc(F)c3F)C1COCCN1C2=O	0	0	0.49261898	3	0.8738526792804473	0.7623762376237624	0.7656386950170427	0.7718613916877186	0.9876543209876543	Age-only
COCCOCCCCCC(=O)NCCCCC(N)C(=O)O	0	0	0.4193976	3	0.9047027580928232	0.6333333333333333	0.6880701754385965	0.6986453893679585	1.0	Age-only
CON=C(C(=O)NC1C(=O)N2C(C(=O)O)=C(COC(C)=O)CSC12)c1csc(N)n1	1	0	0.4196639	3	0.8857794482039859	0.5888888888888889	0.6608408408408408	0.7072698548889025	0.9873417721518988	Age-only
CON=C(C(=O)NC1C(=O)N2C(C(=O)O)=C(COC(N)=O)CSC12)c1ccco1	0	0	0.4943627	3	0.8724126027941994	0.6902654867256637	0.7027321333436956	0.7093290754823985	1.0	Age-only
CON=C(C(=O)NC1C(=O)N2C(C(=O)O)=C(CSc3nc(=O)c(=O)[nH]n3C)CSC12)c1csc(N)n1	1	0	0.43017545	3	0.8905015794236639	0.6237623762376238	0.680519986424872	0.7196304451331592	1.0	Age-only
CON=C(C(=O)NC1C(=O)N2C(C(=O)[O-])=C(C[N+]3(C)CCCC3)CSC12)c1csc(N)n1	1	1	0.52515143	3	0.8923432896544503	0.625	0.6886138613861386	0.7329906067529829	1.0	Age-only
COc1c2occc2cc2ccc(=O)oc12	1	0	0.4483293	3	0.9080676268169152	0.7941176470588235	0.7997582594681709	0.8061980577821516	1.0	Age-only
COc1cc(Cc2cnc(N)nc2N)cc(OC)c1OC	0	0	0.47779343	3	0.9091795012607383	0.7457627118644068	0.7640761616443267	0.7675224188595715	1.0	Age-only
COc1cc2c(cc1OC)C1CC(=O)C(CC(C)C)CN1CC2	0	0	0.40975273	3	0.8880861547732265	0.7123287671232876	0.7162044771132642	0.726658499461707	1.0	Age-only
COc1cc2c(cc1OC)CC(=O)N(CCCN(C)CC1Cc3cc(OC)c(OC)cc31)CC2	1	1	0.5551069	3	0.8944346368546967	0.7341772151898734	0.7379911228012495	0.7451229033507514	1.0	Age-only
COc1ccc(OC)c(C(O)CNC(=O)CN)c1	1	1	0.7553992	3	0.8730079913343218	0.7058823529411765	0.706288032454361	0.7086743429572894	1.0	Age-only
COc1ccc2[nH]c(S(=O)Cc3ncc(C)c(OC)c3C)nc2c1	0	1	0.5532607	3	0.9021222706715447	0.4461538461538462	0.5069230769230769	0.621853694415124	1.0	Age-only
COc1ccc2cc(C(C)C(=O)O)ccc2c1	0	1	0.6231159	3	0.8745540254032429	0.5714285714285714	0.5735714285714286	0.5759607351712616	1.0	Age-only
COc1ccccc1Oc1c(NS(=O)(=O)c2ccc(C(C)(C)C)cc2)nc(-c2ncccn2)nc1OCCO	1	1	0.6304645	3	0.878664049888641	0.696969696969697	0.7095398428731763	0.7227210375358523	1.0	Age-only
CS(=O)(=O)OCCCCOS(C)(=O)=O	0	0	0.4963768	3	0.9427624110541687	0.7307692307692307	0.7846855480448361	0.8004115682329571	1.0	Age-only
Cc1c(O)c(=O)ccn1C	0	0	0.42839372	3	0.8926262438192315	0.7419354838709677	0.7435483870967742	0.758915770609319	1.0	Age-only
Cc1c(OCC(F)(F)F)ccnc1CS(=O)c1nc2ccccc2[nH]1	0	1	0.50910586	3	0.8935378340564848	0.5362318840579711	0.586880244088482	0.6781316943867248	1.0	Age-only
Cc1cc(Nc2ncc(Cl)c(Nc3ccccc3S(=O)(=O)C(C)C)n2)c(OC(C)C)cc1C1CCNCC1	1	1	0.61644363	3	0.8862015747403513	0.75	0.7514851485148514	0.7519622748791731	1.0	Age-only
Cc1ccc(C(=O)Nc2ccc(CN3CCN(C)CC3)c(C(F)(F)F)c2)cc1C#Cc1cnc2cccnn12	1	0	0.3767026	3	0.8751487068567588	0.7307692307692307	0.7392464678178964	0.7443180285595603	0.9873417721518988	Age-only
Cc1ccc(NC(=O)c2ccc(CN3CCN(C)CC3)cc2)cc1Nc1nccc(-c2cccnc2)n1	1	0	0.38586998	3	0.870730210581056	0.71	0.7130980392156863	0.7270012686209264	1.0	Age-only
Cc1ccc(Nc2nccc(N(C)c3ccc4c(C)n(C)nc4c3)n2)cc1S(N)(=O)=O	0	0	0.49121806	3	0.8987022911088777	0.7311827956989247	0.7534744019766174	0.760793885744377	0.9866666666666667	Age-only
Cc1cn(-c2cc(NC(=O)c3ccc(C)c(Nc4nccc(-c5cccnc5)n4)c3)cc(C(F)(F)F)c2)cn1	0	0	0.38773564	3	0.8934819220587247	0.7340425531914894	0.7403912148249828	0.7466459129980064	1.0	Age-only
Cc1cn(C2CC(N=[N+]=[N-])C(CO)O2)c(=O)[nH]c1=O	1	0	0.37895316	3	0.8975925062374257	0.7710843373493976	0.7938988512188289	0.8021660284549049	1.0	Age-only
Cc1nn(C)cc1S(=O)(=O)NC(=O)c1ccc(-n2ccc(OCC(C)(C)C(F)(F)F)n2)nc1N1CC(C)CC1(C)C	0	0	0.49008325	3	0.8829748980828799	0.7777777777777778	0.7798558984338801	0.7844504336604233	0.9873417721518988	Age-only
Cc1nnc(SCC2=C(C(=O)O)N3C(=O)C(NC(=O)Cn4cnnn4)C3SC2)s1	1	0	0.38355982	3	0.8905222479803916	0.7017543859649122	0.7223540779659994	0.7395897879108071	1.0	Age-only
Cn1cc[nH]c1=S	0	0	0.47084424	3	0.9338278711334523	0.8108108108108109	0.8111486486486488	0.8131381381381382	1.0	Age-only
Cn1nnc2c(C(N)=O)ncn2c1=O	0	0	0.37699687	3	0.8938507572949514	0.7	0.7129874776386405	0.7270492642585666	1.0	Age-only
NC(=O)CC(N)C(=O)O	0	0	0.37268892	3	0.9268654519541609	0.7058823529411765	0.7188947245564894	0.7255297489366117	1.0	Age-only
NC(=O)NC(CCC(=O)O)C(=O)O	1	0	0.42690912	3	0.9119762779333338	0.625	0.635593220338983	0.656791495580048	1.0	Age-only
NC(=O)c1ncn(C2OC(CO)C(O)C2O)n1	1	0	0.36763072	3	0.897664986347745	0.782608695652174	0.7906785597534209	0.79490589715189	1.0	Age-only
NC(C(=O)O)C(O)c1ccc(O)c(O)c1	0	0	0.4313649	3	0.892626408712262	0.5294117647058824	0.5445820433436532	0.5737444100447197	1.0	Age-only
NC(CC(=O)N1CCn2c(nnc2C(F)(F)F)C1)Cc1cc(F)c(F)cc1F	1	0	0.29788035	3	0.8914823355077596	0.7906976744186046	0.7912790697674418	0.7948078165374676	0.984375	Age-only
NC(Cc1cc(I)c(Oc2cc(I)c(O)c(I)c2)c(I)c1)C(=O)O	1	0	0.36679834	3	0.8848662729146802	0.7142857142857143	0.7359605911330048	0.7444679021033699	1.0	Age-only
NC(Cc1ccc(N(CCCl)CCCl)cc1)C(=O)O	0	1	0.5083848	3	0.8849329957915553	0.4634146341463415	0.5460064167389176	0.6028557434168361	1.0	Age-only
NCC(CC(=O)O)c1ccc(Cl)cc1	0	0	0.45767322	3	0.8810248857702283	0.6578947368421053	0.6700404858299596	0.6913330334382967	1.0	Age-only
NCC1(CC(=O)O)CCCCC1	0	0	0.39871883	3	0.9176285923463613	0.55	0.6100000000000001	0.676724763979666	1.0	Age-only
Nc1ccn(C2CSC(CO)O2)c(=O)n1	0	0	0.4894719	3	0.8871789915822672	0.65	0.7326971869829013	0.7621560335846049	1.0	Age-only
Nc1ccn(C2OC(CO)C(O)C2(F)F)c(=O)n1	0	0	0.38510507	3	0.8908554812795044	0.6867469879518072	0.7486731541550818	0.7702587757197501	0.9818181818181818	Age-only
Nc1ccn(C2OC(CO)C(O)C2O)c(=O)n1	1	0	0.45114505	3	0.8918644611542484	0.6875	0.7442564745196323	0.766713410510403	1.0	Age-only
Nc1nc(=O)n(C2CSC(CO)O2)cc1F	0	0	0.38047472	3	0.894660465984806	0.775	0.7782539682539682	0.78291104652607	0.9821428571428571	Age-only
Nc1nc(Cl)nc2c1ncn2C1OC(CO)C(O)C1F	1	0	0.48041004	3	0.9091559978863083	0.7971014492753623	0.7976811594202898	0.8009030227473425	1.0	Age-only
Nc1nc(F)nc2c1ncn2C1OC(CO)C(O)C1O	0	0	0.39184594	3	0.9080261722090044	0.759493670886076	0.774566699123661	0.7857870029527948	1.0	Age-only
Nc1ncn(C2OC(CO)C(O)C2O)c(=O)n1	0	0	0.41835356	3	0.8993287076188652	0.76	0.764	0.7713633461047255	1.0	Age-only
Nc1ncnc2c1ncn2C1OC(CO)C(O)C1O	1	0	0.3493118	3	0.9169928845822791	0.7936507936507936	0.7944143058067109	0.7980189403067978	1.0	Age-only
O=C(NCC1CCCCN1)c1cc(OCC(F)(F)F)ccc1OCC(F)(F)F	1	0	0.45257717	3	0.8769113055403833	0.7230769230769231	0.7271101871101872	0.7362342957848576	0.9818181818181818	Age-only
O=C(O)CC(O)(CC(=O)O)C(=O)O	1	0	0.41053233	3	0.9313746898968475	0.65	0.7119570477918936	0.7375471171296943	1.0	Age-only
O=C(O)CC(O)(CC(=O)O)C(=O)[O-]	0	0	0.42090783	3	0.9341984010518551	0.7142857142857143	0.7295721187025535	0.7429246813304784	1.0	Age-only
O=C(O)CCNC(=O)c1ccc(N=Nc2ccc(O)c(C(=O)O)c2)cc1	1	0	0.38336876	3	0.8876789440143146	0.576271186440678	0.5899058380414313	0.6200596602383491	1.0	Age-only
O=C(O)P(=O)(O)O	1	0	0.4344808	3	0.9478389116411636	0.75	0.767094017094017	0.781718898385565	1.0	Age-only
O=C([O-])O	1	0	0.43429306	3	0.9445773858400272	0.375	0.45	0.561563599798894	1.0	Age-only
O=C1C=CC(=O)c2c1c(O)c1c(NCCNCCO)ccc(NCCNCCO)c1c2O	1	0	0.43576658	3	0.9057211235848204	0.8275862068965517	0.8278584392014519	0.8298043960475902	1.0	Age-only
O=C1CCC(N2C(=O)c3ccccc3C2=O)C(=O)N1	1	0	0.40648186	3	0.8875804094808722	0.7222222222222222	0.7286109669607335	0.7358733444288403	1.0	Age-only
O=C1c2cccc3c2C(CCC3)CN1C1CN2CCC1CC2	1	0	0.38132048	3	0.9013392147171503	0.696969696969697	0.7127972027972028	0.7373962954608116	1.0	Age-only
O=P(O)(O)C(O)(Cn1ccnc1)P(=O)(O)O	1	0	0.3744655	3	0.9262225711712564	0.6341463414634146	0.7336585365853658	0.7644508209787979	1.0	Age-only
O=c1[nH]c(O)cn1N=Cc1ccc([N+](=O)[O-])o1	1	0	0.37108773	3	0.9097676656999378	0.3137254901960784	0.6071803369235018	0.6942010550129853	1.0	Age-only
O=c1[nH]cc(F)c(=O)[nH]1	1	0	0.3689658	3	0.9339899961651871	0.71875	0.7800245098039215	0.805064121608239	1.0	Age-only
OCC(O)C(O)C(O)C(O)CO	1	1	0.51215035	3	0.9527971753429606	0.7692307692307693	0.7931318681318682	0.8017399267399268	1.0	Age-only
OCC1OC(O)C(O)C(O)C1O	1	0	0.42711484	3	0.9533600712151262	0.7666666666666667	0.7874716202270382	0.8072323216286064	1.0	Age-only
C=C1C(CO)C(O)CC1n1cnc2c(=O)[nH]c(N)nc21	0	0	0.4252278	3	0.8931520591419146	0.6612903225806451	0.6802517702596381	0.7144537427778971	1.0	Age-only
C=C1CC2CCC34CC5OC6C(OC7CCC(CC(=O)CC8C(CC9OC(CCC1O2)CC(C)C9=C)OC(CC(O)CN)C8OC)OC7C6O3)C5O4	0	0	0.47058627	3	0.9197415823177472	0.824	0.8310663216498078	0.8357626739656209	1.0	Age-only
C=CC(=O)Nc1cc(Nc2nccc(-c3cn(C)c4ccccc34)n2)c(OC)cc1N(C)CCN(C)C	1	1	0.55085254	3	0.8746639464629054	0.26744186046511625	0.5359744291727566	0.6328576316273447	1.0	Age-only
C=CC1=C(C(=O)O)N2C(=O)C(NC(=O)C(=NO)c3csc(N)n3)C2SC1	0	0	0.37756735	3	0.9010119493088076	0.5747126436781609	0.6400403740781939	0.6948850345834651	1.0	Age-only
C=CC1CN2CCC1CC2C(O)c1ccnc2ccc(OC)cc12	1	0	0.496943	3	0.8883707587788323	0.75	0.7512987012987014	0.7532745032745033	1.0	Age-only
C=c1c(C(=O)NCCN(CC)CC)c(C)[nH]c1=Cc1c(O)[nH]c2ccc(F)cc12	1	1	0.5574145	3	0.8882899130476023	0.6615384615384615	0.7228034294472651	0.7505834348300101	0.9859154929577465	Age-only
CC(=CC(=O)OCCCCCCCCC(=O)O)CC1OCC(CC2OC2C(C)C(C)O)C(O)C1O	0	0	0.47274476	3	0.9114729050590772	0.7469879518072289	0.761829134720701	0.773592132689195	0.9894736842105263	Age-only
CC(=O)CC(c1ccc([N+](=O)[O-])cc1)c1c(O)c2ccccc2oc1=O	1	1	0.581645	3	0.8795033494003272	0.6984126984126984	0.714938030006523	0.7419438421601362	1.0	Age-only
CC(=O)CC(c1ccccc1)c1c(O)c2ccccc2oc1=O	1	1	0.5789526	3	0.87032359076774	0.7021276595744681	0.727032922856822	0.732541059146322	1.0	Age-only
CC(=O)N1CCN(c2ccc(OCC3COC(Cn4ccnc4)(c4ccc(Cl)cc4Cl)O3)cc2)CC1	0	0	0.48263574	3	0.8783080712951798	0.76	0.7686666666666667	0.7703763440860215	0.9875	Age-only
CC(=O)NC(CS)C(=O)O	1	1	0.6594054	3	0.9122910675267424	0.6585365853658537	0.6668292682926829	0.6925863084717804	1.0	Age-only
CC(=O)Nc1cccc(-n2c(=O)n(C3CC3)c(=O)c3c(Nc4ccc(I)cc4F)n(C)c(=O)c(C)c32)c1	0	0	0.46203297	3	0.8895352621424111	0.7640449438202247	0.7721638274737224	0.7739576738644351	0.9873417721518988	Age-only
CC(=O)O	0	1	0.5887882	3	0.9285088388628875	0.5	0.5784615384615386	0.6428490028490029	1.0	Age-only
CC(=O)OC1(C(C)=O)CCC2C3=CC(Cl)=C4CC(=O)C5CC5C4(C)C3CCC21C	0	0	0.4495615	3	0.8991255627110661	0.47692307692307695	0.5541495124593716	0.6304386781152256	1.0	Age-only
CC(C)(C)C(=O)OCOP(=O)(COCCn1cnc2c(N)ncnc21)OCOC(=O)C(C)(C)C	0	0	0.4356451	3	0.8981137687330074	0.7397260273972602	0.7416046966731897	0.7533332666854946	0.9838709677419355	Age-only
CC(C)(C)NCC(O)COc1nsnc1N1CCOCC1	1	1	0.65130866	3	0.8942834757550471	0.6	0.608125	0.6470935314685314	0.9827586206896551	Age-only
CC(C)(C)c1nc(-c2cccc(NS(=O)(=O)c3c(F)cccc3F)c2F)c(-c2ccnc(N)n2)s1	1	0	0.46988553	3	0.9052799560381389	0.7373737373737373	0.7695526695526695	0.7820829026502785	1.0	Age-only
CC(C)(CCCCCC(O)CCCCCC(C)(C)C(=O)O)C(=O)O	0	1	0.64189345	3	0.9139567089168923	0.7586206896551724	0.7746996558218067	0.7773496778818038	1.0	Age-only
CC(C)(ON=C(C(=O)NC1C(=O)N2C(C(=O)[O-])=C(C[n+]3ccccc3)CSC12)c1csc(N)n1)C(=O)O	1	0	0.4297429	3	0.8869647382374136	0.6017699115044248	0.6668088604056359	0.6950313746423444	0.9873417721518988	Age-only
CC(C)(S)C(N)C(=O)O	0	0	0.4961167	3	0.9232505211632772	0.7419354838709677	0.7491039426523297	0.7633726687411022	1.0	Age-only
CC(C)C(N)C(=O)OCC(CO)OCn1cnc2c(=O)[nH]c(N)nc21	0	0	0.44600144	3	0.8930250550513914	0.6153846153846154	0.6382536382536383	0.6959404082691755	1.0	Age-only
CC(C)C(N)C(=O)OCCOCn1cnc2c(=O)[nH]c(N)nc21	0	0	0.4485592	3	0.8878212230536531	0.5172413793103449	0.5602719766877124	0.6426393610706383	1.0	Age-only
CC(C)CC(CN)CC(=O)O	1	1	0.572724	3	0.9118501275043972	0.6666666666666666	0.7378947368421052	0.7516812865497076	1.0	Age-only
CC(C)Cn1cnc2c(N)nc3ccccc3c21	0	1	0.6576609	3	0.8888694607246472	0.7450980392156863	0.7464519140989729	0.7486461251167134	1.0	Age-only
CC(C)Nc1cccnc1N1CCN(C(=O)c2cc3cc(NS(C)(=O)=O)ccc3[nH]2)CC1	1	1	0.5664389	3	0.8804537427979003	0.7361111111111112	0.7394265232974911	0.7487308270792977	1.0	Age-only
CC(C)Nc1nc2cc(Cl)c(Cl)cc2n1C1OC(CO)C(O)C1O	0	1	0.5450128	3	0.8967058210675858	0.7848101265822784	0.7874225693509291	0.7957723865905567	1.0	Age-only
CC(C)O	0	1	0.63464844	3	0.9510937133621197	0.782608695652174	0.7839816933638444	0.7875921688278669	1.0	Age-only
CC(C)OC(=O)C(C)NP(=O)(COC(C)Cn1cnc2c(N)ncnc21)Oc1ccccc1	0	1	0.6048289	3	0.8773723967796314	0.7473684210526316	0.7577721001532959	0.7637877447559813	1.0	Age-only
CC(C)OC(=O)C(C)NP(=O)(OCC1OC(n2ccc(=O)[nH]c2=O)C(C)(F)C1O)Oc1ccccc1	1	1	0.5370406	3	0.8759539996392256	0.7767857142857143	0.7810902580565503	0.7839560564279666	0.9864864864864865	Age-only
CC(C)OC(=O)OCOP(=O)(COC(C)Cn1cnc2c(N)ncnc21)OCOC(=O)OC(C)C	1	0	0.44917208	3	0.8996677071395152	0.7631578947368421	0.7738787122245769	0.7806715751988771	1.0	Age-only
CC(CN(C)C)CN1c2ccccc2CCc2ccccc21	1	1	0.7265436	3	0.8844431791667484	0.46153846153846156	0.48173076923076924	0.5196123321123322	1.0	Age-only
CC(CN1CC(=O)NC(=O)C1)N1CC(=O)NC(=O)C1	0	1	0.5263111	3	0.9066758315997759	0.7567567567567568	0.7771213073538655	0.793676870837579	1.0	Age-only
CC(Cn1cnc2c(N)ncnc21)OCP(=O)(O)O	1	0	0.45694727	3	0.8985386989473501	0.746268656716418	0.7485074626865671	0.7586303411611982	1.0	Age-only
CC(Nc1ncnc2[nH]cnc12)c1cc2cccc(Cl)c2c(=O)n1-c1ccccc1	1	1	0.5171281	3	0.8869086439559428	0.7402597402597403	0.746053946053946	0.7633853601595537	1.0	Age-only
CC(S)C(=O)NCC(=O)O	0	1	0.6712605	3	0.9125250311801368	0.7333333333333333	0.7443809523809524	0.7529960317460317	1.0	Age-only
CC1(C)SC2C(NC(=O)C(N)c3ccc(O)cc3)C(=O)N2C1C(=O)O	1	0	0.4748809	3	0.8798120018245199	0.42857142857142855	0.48952380952380947	0.6034391534391533	1.0	Age-only
CC1(C)SC2C(NC(=O)C(N)c3ccccc3)C(=O)N2C1C(=O)O	0	1	0.51006734	3	0.867765045293388	0.34615384615384615	0.42175066312997345	0.5635095428198876	1.0	Age-only
CC1(C)SC2C(NC(=O)COc3ccccc3)C(=O)N2C1C(=O)O	0	1	0.5246138	3	0.8599472852877461	0.26	0.3493793103448276	0.5237852306723351	1.0	Age-only
CC12CCC3c4ccc(O)cc4CC(CCCCCCCCCS(=O)CCCC(F)(F)C(F)(F)F)C3C1CCC2O	0	1	0.60000837	3	0.8891187525008615	0.5507246376811594	0.5889316356260966	0.6180332305379053	0.9859154929577465	Age-only
CC1=C(C(=O)O)N2C(=O)C(NC(=O)C(N)c3ccccc3)C2SC1	0	1	0.52995586	3	0.8625733411565121	0.6818181818181818	0.6892045454545455	0.7040499936069556	1.0	Age-only
CC1CNc2c(cccc2S(=O)(=O)NC(CCCN=C(N)N)C(=O)N2CCC(C)CC2C(=O)O)C1	1	1	0.6251464	3	0.8735331113717147	0.6923076923076923	0.6945054945054945	0.6991216668636024	1.0	Age-only
CC1OC(OC2C(O)CC(OC3C(O)CC(OC4CCC5(C)C(CCC6C5CC(O)C5(C)C(C7=CC(=O)OC7)CCC65O)C4)OC3C)OC2C)CC(O)C1O	1	1	0.5287494	3	0.9114497259430728	0.7608695652173914	0.7695679674394301	0.7724179339805113	1.0	Age-only
CC1OC1P(=O)(O)O	0	1	0.5373081	3	0.9413972814476294	0.8571428571428571	0.8605543710021321	0.8630498302140093	1.0	Age-only
CC1OC2(CS1)CN1CCC2CC1	1	0	0.46829325	3	0.9318889914243916	0.8412698412698413	0.8469556977019664	0.8486403959040776	1.0	Age-only
CCC(=O)NCC1CC1c1cccc2c1CCO2	0	1	0.63597405	3	0.868223804988589	0.7272727272727273	0.7304668304668305	0.7388000648870213	1.0	Age-only
CCC(=O)NCCC1CCc2ccc3c(c21)CCO3	0	1	0.60397005	3	0.8766910692251437	0.7368421052631579	0.7466207606558484	0.7551739268600867	1.0	Age-only
CCC(C(C)O)n1ncn(-c2ccc(N3CCN(c4ccc(OCC5COC(Cn6cncn6)(c6ccc(F)cc6F)C5)cc4)CC3)cc2)c1=O	1	0	0.41122377	3	0.8854878744905313	0.7029702970297029	0.7085940594059406	0.7195892922625595	0.9886363636363636	Age-only
CCC(C)n1ncn(-c2ccc(N3CCN(c4ccc(OCC5COC(Cn6cncn6)(c6ccc(Cl)cc6Cl)O5)cc4)CC3)cc2)c1=O	1	0	0.4607899	3	0.8918820333693915	0.7830188679245284	0.7857299871771387	0.787839410865606	1.0	Age-only
CCC(CC)COC(=O)C(C)NP(=O)(OCC1OC(C#N)(c2ccc3c(N)ncnn23)C(O)C1O)Oc1ccccc1	1	1	0.5781328	3	0.8815082843820948	0.7628865979381443	0.7731165741475019	0.7820505790181158	1.0	Age-only
CCC(CO)NCCNC(CC)CO	0	1	0.6181695	3	0.9308060007134907	0.7222222222222222	0.7570162142299388	0.7742897400571054	1.0	Age-only
CCC(Nc1ncnc2[nH]cnc12)c1nc2cccc(F)c2c(=O)n1-c1ccccc1	0	0	0.41642648	3	0.8875417030422016	0.7375	0.7442857142857143	0.7600759144237405	0.9859154929577465	Age-only
CCC1=C(C)CN(C(=O)NCCc2ccc(S(=O)(=O)NC(=O)NC3CCC(C)CC3)cc2)C1=O	1	1	0.5338603	3	0.8879191282009778	0.7590361445783133	0.7636144578313253	0.7723784024988843	1.0	Age-only
CCC1=CC2CN(C1)Cc1c([nH]c3ccccc13)C(C(=O)OC)(c1cc3c(cc1OC)N(C)C1C(O)(C(=O)OC)C(OC(C)=O)C4(CC)C=CCN5CCC31C54)C2	1	1	0.61991227	3	0.8904693169346365	0.7559055118110236	0.7610171679359751	0.7637834841023617	0.9910714285714286	Age-only
CCC1C(=O)OCC1Cc1cncn1C	0	0	0.47318769	3	0.8983090291541977	0.8	0.8	0.8017099889308752	1.0	Age-only
CCC1OC(=O)C(C)C(OC2CC(C)(OC)C(O)C(C)O2)C(C)C(OC2OC(C)CC(N(C)C)C2O)C(C)(O)CC(C)C(=O)C(C)C(O)C1(C)O	0	1	0.5811359	3	0.9168118678263296	0.7777777777777778	0.7815442561205274	0.7884219336791445	0.98989898989899	Age-only
CCC1OC(=O)C(C)C(OC2CC(C)(OC)C(O)C(C)O2)C(C)C(OC2OC(C)CC(N(C)C)C2O)C(C)(O)CC(C)CN(C)C(C)C(O)C1(C)O	1	1	0.57996905	3	0.9130468242559785	0.775	0.7786776859504132	0.7869165967980197	0.9902912621359223	Age-only
CCC1OC(=O)C(C)C(OC2CC(C)(OC)C(O)C(C)O2)C(C)C(OC2OC(C)CC(N(C)C)C2O)C(C)(OC)CC(C)C(=O)C(C)C(O)C1(C)O	1	1	0.58541167	3	0.9159588500101717	0.7739130434782608	0.777751124437781	0.7851367894034634	0.9896907216494846	Age-only
CCCC(CCC)C(=O)O	1	1	0.60658896	3	0.912015091523462	0.7105263157894737	0.7342105263157894	0.744595073542442	1.0	Age-only
CCCC(NC(C)C(=O)N1C(C(=O)O)CC2CCCCC21)C(=O)OCC	1	1	0.57914776	3	0.8752160799758756	0.19642857142857142	0.20908521303258146	0.30295791562238933	1.0	Age-only
CCCCCCCCCCCC(CC1OC(=O)C1CCCCCC)OC(=O)C(CC(C)C)NC=O	0	0	0.46929225	3	0.8973314964516989	0.6933333333333334	0.7144126984126984	0.7328004079811308	1.0	Age-only
CCCCCN(C)CCC(O)(P(=O)(O)O)P(=O)(O)O	0	1	0.6744025	3	0.9291357035294252	0.7333333333333333	0.76	0.7710533228263725	1.0	Age-only
CCCCCOC(=O)Nc1nc(=O)n(C2OC(C)C(O)C2O)cc1F	1	0	0.42313042	3	0.8786399079622875	0.7662337662337663	0.7669453833837395	0.770079333482626	0.9841269841269841	Age-only
CCCCc1oc2ccc(NS(C)(=O)=O)cc2c1C(=O)c1ccc(OCCCN(CCCC)CCCC)cc1	1	1	0.57615656	3	0.8870649681472837	0.6231884057971014	0.6573834704269487	0.6911389650520086	1.0	Age-only
CCCCc1oc2ccccc2c1C(=O)c1cc(I)c(OCCN(CC)CC)c(I)c1	1	1	0.5771519	3	0.8817417878605209	0.6764705882352942	0.6969001660798433	0.7228211225411963	1.0	Age-only
CCCNS(=O)(=O)Nc1ncnc(OCCOc2ncc(Br)cn2)c1-c1ccc(Br)cc1	1	1	0.5794557	3	0.9103586775316599	0.775	0.7789312777632611	0.7856527340986674	1.0	Age-only
CCCS(=O)(=O)Nc1ccc(F)c(C(=O)c2c[nH]c3ncc(-c4ccc(Cl)cc4)cc23)c1F	0	1	0.5080497	3	0.8853779171334758	0.7407407407407407	0.7499727668845315	0.7594994649116612	1.0	Age-only
CCCc1cc(=O)[nH]c(=S)[nH]1	1	1	0.50909686	3	0.9075410677802259	0.7619047619047619	0.788170426065163	0.793428014480646	1.0	Age-only
CCN(CC)CCCC(C)Nc1ccnc2cc(Cl)ccc12	1	1	0.6457837	3	0.894557309196908	0.14	0.24836363636363634	0.46892979559646225	1.0	Age-only
CCN(CC)CCNC(=O)c1cc(Cl)c(N)cc1OC	1	1	0.7067995	3	0.8835850366087832	0.5306122448979592	0.5867903525046382	0.6224114131566378	1.0	Age-only
CCN1CCCC1CNC(=O)c1cc(S(=O)(=O)CC)c(N)cc1OC	1	1	0.50200534	3	0.8713194333724354	0.6931818181818182	0.708199079401611	0.7208570098988116	1.0	Age-only
CCN1CCN(C(=O)NC(C(=O)NC2C(=O)N3C(C(=O)O)=C(CSc4nnnn4C)CSC23)c2ccc(O)cc2)C(=O)C1=O	0	1	0.5998905	3	0.8865152696261522	0.6698113207547169	0.743944648179129	0.7569451940055871	0.989247311827957	Age-only
CCN1CCN(C(=O)NC(C(=O)NC2C(=O)N3C2SC(C)(C)C3C(=O)O)c2ccccc2)C(=O)C1=O	1	1	0.6146193	3	0.8648480527470751	0.4375	0.502	0.6167292644757433	0.9864864864864865	Age-only
CCN1CCN(Cc2ccc(Nc3ncc(F)c(-c4cc(F)c5nc(C)n(C(C)C)c5c4)n3)nc2)CC1	0	0	0.45276114	3	0.8978966952667801	0.7676767676767676	0.7708101422387136	0.7769673525976046	1.0	Age-only
CCNC1CC(C)S(=O)(=O)c2sc(S(N)(=O)=O)cc21	0	1	0.5434608	3	0.9030143585637537	0.7666666666666667	0.7704761904761905	0.7793357310985876	1.0	Age-only
CCNC1CN(CCCOC)S(=O)(=O)c2sc(S(N)(=O)=O)cc21	1	1	0.5745834	3	0.8952738276460552	0.7529411764705882	0.767133917396746	0.7789013086281223	1.0	Age-only
CCOc1cc(C(CS(C)(=O)=O)N2C(=O)c3cccc(NC(C)=O)c3C2=O)ccc1OC	1	1	0.65024775	3	0.8767557776059092	0.7261904761904762	0.7509413067552602	0.7586012835706839	0.9857142857142858	Age-only
CCOc1ccc(Cc2cc(C34OCC(CO)(O3)C(O)C(O)C4O)ccc2Cl)cc1	0	1	0.566096	3	0.887225255914512	0.7840909090909091	0.7914593921443236	0.7957386280974653	0.9846153846153847	Age-only
CCOc1ccc(Cc2cc(C3OC(CO)C(O)C(O)C3O)ccc2Cl)cc1	1	1	0.59856886	3	0.8889308273546194	0.7671232876712328	0.7701404543089996	0.7725848363338135	1.0	Age-only
CCOc1ccc2ccccc2c1C(=O)NC1C(=O)N2C1SC(C)(C)C2C(=O)O	0	1	0.5737444	3	0.8645125561643783	0.4166666666666667	0.48275862068965514	0.6047344090083284	1.0	Age-only
CCc1cc(C(C)=NOCc2ccc(C3CCCCC3)c(C(F)(F)F)c2)ccc1CN1CC(C(=O)O)C1	1	0	0.48722568	3	0.8792330275310297	0.7446808510638298	0.7577439607328651	0.7697308660026649	0.9861111111111112	Age-only
CCc1nc(C(N)=O)c(Nc2ccc(N3CCC(N4CCN(C)CC4)CC3)c(OC)c2)nc1NC1CCOCC1	1	1	0.5616099	3	0.8740707583934566	0.6847826086956522	0.6892976588628763	0.6954731663527084	0.9880952380952381	Age-only
CCc1nc(C)ccc1O	1	1	0.6041204	3	0.893195543830872	0.717948717948718	0.732893772893773	0.7440888546151706	1.0	Age-only
CN(C)CCCC1(c2ccc(F)cc2)OCc2cc(C#N)ccc21	1	1	0.59600145	3	0.9053030993618778	0.7681159420289855	0.7699604743083004	0.7715160015300268	1.0	Age-only
CN(C)N=Nc1[nH]cnc1C(N)=O	1	1	0.5818723	3	0.8995493911075015	0.7560975609756098	0.777306468716861	0.781595381171203	1.0	Age-only
CNC(=O)c1cnn(-c2nc(N)c3ncn(C4OC(CO)C(O)C4O)c3n2)c1	1	0	0.4618417	3	0.89506544218205	0.7662337662337663	0.7678257226644323	0.7706558674300611	1.0	Age-only
CNC1CCc2[nH]c3ccc(C(N)=O)cc3c2C1	1	1	0.587559	3	0.8734381638775657	0.7571428571428571	0.7673732718894011	0.7715992490186039	1.0	Age-only
CNCC(O)C(O)C(O)C(O)CO	1	1	0.7424808	3	0.9344968461181585	0.6764705882352942	0.6856209150326797	0.7094965462498523	1.0	Age-only
COC(=O)C=CC(=O)OC	1	1	0.6171818	3	0.9246657133347631	0.7647058823529411	0.776470588235294	0.7904411764705882	1.0	Age-only
COC(=O)C=CC(=O)OCCn1c(O)ccc1O	0	1	0.6333647	3	0.8700997287736817	0.7441860465116279	0.7482660138718891	0.7538640140801831	1.0	Age-only
COC(=O)OCOc1c2n(ccc1=O)N(C1c3ccccc3SCc3c1ccc(F)c3F)C1COCCN1C2=O	0	1	0.53518033	3	0.8738526792804473	0.7623762376237624	0.7656386950170427	0.7718613916877186	0.9876543209876543	Age-only
COC1(C(=O)NC(C)c2ccc(-n3cc(F)cn3)nc2)CCC(c2nc(C)cc(Nc3cc(C)[nH]n3)n2)CC1	0	1	0.5806419	3	0.8838840515009547	0.7755102040816326	0.7839508618981573	0.7859269282034274	1.0	Age-only
COC1(NC(=O)Cc2cccs2)C(=O)N2C(C(=O)O)=C(COC(N)=O)CSC21	1	1	0.58950204	3	0.8718772767476686	0.6593406593406593	0.7095151906916612	0.7307764131293543	1.0	Age-only
COCCCOc1cc(CC(CC(N)C(O)CC(C(=O)NCC(C)(C)C(N)=O)C(C)C)C(C)C)ccc1OC	1	1	0.5686784	3	0.8875470869716701	0.7126436781609196	0.7389036251105217	0.7487142646625405	1.0	Age-only
COCCCOc1ccnc(CS(=O)c2nc3ccccc3[nH]2)c1C	0	1	0.6768111	3	0.8940480485200284	0.5428571428571428	0.59124773960217	0.6778943138436809	1.0	Age-only
COCCOCCCCCC(=O)NCCCCC(N)C(=O)O	0	0	0.4874665	3	0.9047027580928232	0.6333333333333333	0.6880701754385965	0.6986453893679585	1.0	Age-only
CON=C(C(=O)NC1C(=O)N2C(C(=O)O)=C(COC(C)=O)CSC12)c1csc(N)n1	1	1	0.50701714	3	0.8857794482039859	0.5888888888888889	0.6608408408408408	0.7072698548889025	0.9873417721518988	Age-only
CON=C(C(=O)NC1C(=O)N2C(C(=O)O)=C(COC(N)=O)CSC12)c1ccco1	1	1	0.57836956	3	0.8724126027941994	0.6902654867256637	0.7027321333436956	0.7093290754823985	1.0	Age-only
CON=C(C(=O)NC1C(=O)N2C(C(=O)O)=C(CSc3nc(=O)c(=O)[nH]n3C)CSC12)c1csc(N)n1	1	1	0.52408624	3	0.8905015794236639	0.6237623762376238	0.680519986424872	0.7196304451331592	1.0	Age-only
CON=C(C(=O)NC1C(=O)N2C(C(=O)[O-])=C(C[N+]3(C)CCCC3)CSC12)c1csc(N)n1	0	1	0.5955244	3	0.8923432896544503	0.625	0.6886138613861386	0.7329906067529829	1.0	Age-only
COc1c2occc2cc2ccc(=O)oc12	1	1	0.53897715	3	0.9080676268169152	0.7941176470588235	0.7997582594681709	0.8061980577821516	1.0	Age-only
COc1cc(CNC(=O)CCCCC=CC(C)C)ccc1O	0	1	0.6221537	3	0.8734934122703587	0.7222222222222222	0.7232323232323232	0.7299156438941385	1.0	Age-only
COc1cc(Cc2cnc(N)nc2N)cc(OC)c1OC	1	1	0.556392	3	0.9091795012607383	0.7457627118644068	0.7640761616443267	0.7675224188595715	1.0	Age-only
COc1cc(N2CCC(N3CCN(C)CC3)CC2)ccc1Nc1ncc(Cl)c(Nc2ccccc2P(C)(C)=O)n1	0	1	0.68708265	3	0.8820743710245791	0.7127659574468085	0.7180960737003729	0.7245627289935253	1.0	Age-only
COc1cc2c(cc1OC)C(=O)C(CC1CCN(Cc3ccccc3)CC1)C2	0	1	0.57968163	3	0.8665084833778666	0.7105263157894737	0.7145510835913313	0.7202051474497296	1.0	Age-only
COc1cc2c(cc1OC)C1CC(=O)C(CC(C)C)CN1CC2	0	0	0.47915953	3	0.8880861547732265	0.7123287671232876	0.7162044771132642	0.726658499461707	1.0	Age-only
COc1cc2c(cc1OC)C1CC(OC(=O)C(N)C(C)C)C(CC(C)C)CN1CC2	0	0	0.4435286	3	0.8821982433782363	0.6931818181818182	0.7455023658512031	0.7604212110026065	1.0	Age-only
COc1cc2c(cc1OC)CC(=O)N(CCCN(C)CC1Cc3cc(OC)c(OC)cc31)CC2	1	1	0.61201596	3	0.8944346368546967	0.7341772151898734	0.7379911228012495	0.7451229033507514	1.0	Age-only
COc1ccc(CC(C)(C)NCC(O)c2cc(O)cc3c2OCC(=O)N3)cc1	1	1	0.706424	3	0.8775878017916843	0.7	0.70375	0.7107243319268636	0.9848484848484849	Age-only
COc1ccc(Cl)cc1C(=O)NCCc1ccc(S(=O)(=O)NC(=O)NC2CCCCC2)cc1	1	1	0.59963316	3	0.8745722118546676	0.7142857142857143	0.7254786450662739	0.7339317331661497	1.0	Age-only
COc1ccc(OC)c(C(O)CNC(=O)CN)c1	1	1	0.7961052	3	0.8730079913343218	0.7058823529411765	0.706288032454361	0.7086743429572894	1.0	Age-only
COc1ccc2[nH]c(S(=O)Cc3ncc(C)c(OC)c3C)nc2c1	1	1	0.63176167	3	0.9021222706715447	0.4461538461538462	0.5069230769230769	0.621853694415124	1.0	Age-only
COc1ccc2[nH]cc(CCNC(C)=O)c2c1	1	1	0.6750632	3	0.8809157103156141	0.625	0.6402542372881357	0.6645692531991968	1.0	Age-only
COc1ccc2c(OC3CC4C(=O)NC5(C(=O)NS(=O)(=O)C6CC6)CC5C=CCCCCN(C)C(=O)C4C3)cc(-c3nc(C(C)C)cs3)nc2c1C	0	1	0.5838634	3	0.8942548648519857	0.8064516129032258	0.8088551549652119	0.8096333352500334	0.9904761904761905	Age-only
COc1ccc2c(c1)c(CC(=O)O)c(C)n2C(=O)c1ccc(Cl)cc1	0	1	0.5496679	3	0.8775030171572666	0.6842105263157895	0.714452798663325	0.7236377981992017	1.0	Age-only
COc1ccc2cc(C(C)C(=O)O)ccc2c1	1	1	0.6903623	3	0.8745540254032429	0.5714285714285714	0.5735714285714286	0.5759607351712616	1.0	Age-only
COc1ccc2cc(CCC(C)=O)ccc2c1	1	1	0.64872044	3	0.8759262532893813	0.6511627906976745	0.659928443649374	0.6764910016911543	1.0	Age-only
COc1ccccc1OCC(O)CN1CCN(CC(=O)Nc2c(C)cccc2C)CC1	1	1	0.75321716	3	0.8587319337322377	0.5660377358490566	0.5833857442348008	0.614492718700049	1.0	Age-only
COc1ccccc1OCC(O)COC(N)=O	1	1	0.73158026	3	0.8590169338917643	0.34285714285714286	0.384812030075188	0.4752536829879577	1.0	Age-only
COc1ccccc1Oc1c(NS(=O)(=O)c2ccc(C(C)(C)C)cc2)nc(-c2ncccn2)nc1OCCO	1	1	0.6545569	3	0.878664049888641	0.696969696969697	0.7095398428731763	0.7227210375358523	1.0	Age-only
COc1nc(N)nc2c1ncn2C1OC(CO)C(O)C1O	0	1	0.52618843	3	0.8967240578850142	0.7714285714285715	0.7742430703624734	0.7818168502087617	1.0	Age-only
CS(=O)(=O)OCCCCOS(C)(=O)=O	1	1	0.6035701	3	0.9427624110541687	0.7307692307692307	0.7846855480448361	0.8004115682329571	1.0	Age-only
CS(=O)(=O)c1cccc(CC(NC(=O)c2c(Cl)cc3c(c2Cl)CCN(C(=O)c2ccc4ccoc4c2)C3)C(=O)O)c1	0	1	0.5686735	3	0.8807073909068572	0.7395833333333334	0.7541666666666668	0.7628546099290779	1.0	Age-only
Cc1c(Cl)c(C)[n+]([O-])c(Cl)c1-c1noc(-c2cc(O)c(O)c([N+](=O)[O-])c2)n1	0	0	0.49316984	3	0.9170915925180102	0.7432432432432432	0.7721463918647016	0.7871791729264926	1.0	Age-only
Cc1c(O)c(=O)ccn1C	1	1	0.5342793	3	0.8926262438192315	0.7419354838709677	0.7435483870967742	0.758915770609319	1.0	Age-only
Cc1c(OCC(F)(F)F)ccnc1CS(=O)c1nc2ccccc2[nH]1	1	1	0.58496016	3	0.8935378340564848	0.5362318840579711	0.586880244088482	0.6781316943867248	1.0	Age-only
Cc1cc(C#N)cc(C)c1Oc1nc(Nc2ccc(C#N)cc2)nc(N)c1Br	0	1	0.5488227	3	0.9144381008472254	0.75	0.7664079822616409	0.7798148714849831	1.0	Age-only
Cc1cc(C)cc(OCC2CNC(=O)O2)c1	0	0	0.4501987	3	0.8896491130322481	0.7407407407407407	0.7555555555555555	0.7703703703703703	1.0	Age-only
Cc1cc(C=CC#N)cc(C)c1Nc1ccnc(Nc2ccc(C#N)cc2)n1	0	0	0.4483127	3	0.9188289686379463	0.7727272727272727	0.7774382480264832	0.7859308953700198	1.0	Age-only
Cc1cc(Nc2ncc(Cl)c(Nc3ccccc3S(=O)(=O)C(C)C)n2)c(OC(C)C)cc1C1CCNCC1	1	1	0.65890414	3	0.8862015747403513	0.75	0.7514851485148514	0.7519622748791731	1.0	Age-only
Cc1ccc(C(=O)Nc2ccc(CN3CCN(C)CC3)c(C(F)(F)F)c2)cc1C#Cc1cnc2cccnn12	1	0	0.45360374	3	0.8751487068567588	0.7307692307692307	0.7392464678178964	0.7443180285595603	0.9873417721518988	Age-only
Cc1ccc(C)c(OCCCC(C)(C)C(=O)O)c1	0	1	0.6331105	3	0.8752850702318142	0.74	0.7424126984126984	0.7472468207555927	1.0	Age-only
Cc1ccc(C2OC(CO)C(O)C(O)C2O)cc1Cc1ccc(-c2ccc(F)cc2)s1	1	1	0.53967494	3	0.8993252088253665	0.7865168539325843	0.7952714619862384	0.8018248728298774	1.0	Age-only
Cc1ccc(NC(=O)c2ccc(CN3CCN(C)CC3)cc2)cc1Nc1nccc(-c2cccnc2)n1	1	0	0.46527347	3	0.870730210581056	0.71	0.7130980392156863	0.7270012686209264	1.0	Age-only
Cc1ccc(Nc2nccc(N(C)c3ccc4c(C)n(C)nc4c3)n2)cc1S(N)(=O)=O	1	1	0.5601814	3	0.8987022911088777	0.7311827956989247	0.7534744019766174	0.760793885744377	0.9866666666666667	Age-only
Cc1cccc(Nc2ccncc2S(=O)(=O)NC(=O)NC(C)C)c1	1	1	0.56789804	3	0.8854708439001212	0.746268656716418	0.7467833247555327	0.7529998825458015	1.0	Age-only
Cc1cn(-c2cc(NC(=O)c3ccc(C)c(Nc4nccc(-c5cccnc5)n4)c3)cc(C(F)(F)F)c2)cn1	1	0	0.4523109	3	0.8934819220587247	0.7340425531914894	0.7403912148249828	0.7466459129980064	1.0	Age-only
Cc1cn(C2C=CC(CO)O2)c(=O)[nH]c1=O	0	1	0.5012385	3	0.8999283015564297	0.7567567567567568	0.7893986091354511	0.8028390109013015	1.0	Age-only
Cc1cn(C2CC(N=[N+]=[N-])C(CO)O2)c(=O)[nH]c1=O	1	0	0.48103702	3	0.8975925062374257	0.7710843373493976	0.7938988512188289	0.8021660284549049	1.0	Age-only
Cc1cn(C2CC(O)C(CO)O2)c(=O)[nH]c1=O	1	0	0.4910442	3	0.8881549154100629	0.7297297297297297	0.756680624286258	0.7657093713431741	1.0	Age-only
Cc1cnc(C(=O)NCCc2ccc(S(=O)(=O)NC(=O)NC3CCCCC3)cc2)cn1	0	1	0.60401726	3	0.8812054503631015	0.7368421052631579	0.7505906399350747	0.762056228561056	1.0	Age-only
Cc1nn(C)cc1S(=O)(=O)NC(=O)c1ccc(-n2ccc(OCC(C)(C)C(F)(F)F)n2)nc1N1CC(C)CC1(C)C	1	1	0.56819624	3	0.8829748980828799	0.7777777777777778	0.7798558984338801	0.7844504336604233	0.9873417721518988	Age-only
Cc1nnc(SCC2=C(C(=O)O)N3C(=O)C(NC(=O)Cn4cnnn4)C3SC2)s1	1	0	0.48411375	3	0.8905222479803916	0.7017543859649122	0.7223540779659994	0.7395897879108071	1.0	Age-only
Cc1onc(-c2c(Cl)cccc2Cl)c1C(=O)NC1C(=O)N2C1SC(C)(C)C2C(=O)O	0	1	0.5266857	3	0.8769383927105047	0.484375	0.5375	0.6363507268435797	1.0	Age-only
Cc1onc(-c2c(F)cccc2Cl)c1C(=O)NC1C(=O)N2C1SC(C)(C)C2C(=O)O	1	0	0.4614187	3	0.8761443227242675	0.5074626865671642	0.557777378169394	0.6515580118480793	0.9863013698630136	Age-only
Cc1onc(-c2ccccc2)c1C(=O)NC1C(=O)N2C1SC(C)(C)C2C(=O)O	0	1	0.51375186	3	0.8751509226589222	0.43333333333333335	0.4845045045045045	0.5888675003764517	1.0	Age-only
Clc1ccc(COC(Cn2ccnc2)c2ccc(Cl)cc2Cl)c(Cl)c1	0	1	0.51966715	3	0.9139830929864426	0.7865168539325843	0.7964249233912154	0.8033946599762598	1.0	Age-only
Clc1ccccc1C(c1ccccc1)(c1ccccc1)n1ccnc1	0	1	0.584559	3	0.9136504006129472	0.7954545454545454	0.7981818181818181	0.7989898989898988	1.0	Age-only
Cn1cc[nH]c1=S	1	1	0.5743047	3	0.9338278711334523	0.8108108108108109	0.8111486486486488	0.8131381381381382	1.0	Age-only
Cn1ncnc1C1c2n[nH]c(=O)c3cc(F)cc(c23)NC1c1ccc(F)cc1	0	0	0.4891341	3	0.9021065281073609	0.7555555555555555	0.7659770114942528	0.77641997714593	1.0	Age-only
Cn1nnc2c(C(N)=O)ncn2c1=O	1	0	0.47893047	3	0.8938507572949514	0.7	0.7129874776386405	0.7270492642585666	1.0	Age-only
N#CC1CC2CC2N1C(=O)C(N)C12CC3CC(CC(O)(C3)C1)C2	1	0	0.39933556	3	0.9314059885758834	0.5967741935483871	0.7371712158808934	0.7804172914203847	1.0	Age-only
N#Cc1cccc(C(NCC2CC2)c2ccc(F)c(NC(=O)c3cc(C(F)(F)F)nn3-c3cccc(CN)c3)c2)c1	0	0	0.3827243	3	0.8827024115692265	0.7407407407407407	0.7611139025670228	0.7695498516929261	0.9882352941176471	Age-only
N=C1CCCN1Cc1[nH]c(=O)[nH]c(=O)c1Cl	0	1	0.5093545	3	0.9199782626361982	0.8076923076923077	0.8095341278439869	0.8150178092183062	1.0	Age-only
NC(=O)CC(N)C(=O)O	0	0	0.4729804	3	0.9268654519541609	0.7058823529411765	0.7188947245564894	0.7255297489366117	1.0	Age-only
NC(=O)CCC(N)C(=O)O	0	0	0.44221264	3	0.9236048667340742	0.6666666666666666	0.6777777777777778	0.7070348268131729	1.0	Age-only
NC(=O)NC(CCC(=O)O)C(=O)O	0	1	0.5285576	3	0.9119762779333338	0.625	0.635593220338983	0.656791495580048	1.0	Age-only
NC(=O)c1cn(Cc2c(F)cccc2F)nn1	0	0	0.46307892	3	0.8842982070870153	0.7407407407407407	0.7471743219251523	0.7559415167157875	0.9803921568627451	Age-only
NC(=O)c1ncn(C2OC(CO)C(O)C2O)n1	1	0	0.46211147	3	0.897664986347745	0.782608695652174	0.7906785597534209	0.79490589715189	1.0	Age-only
NC(C(=O)O)C(O)c1ccc(O)c(O)c1	1	1	0.516713	3	0.892626408712262	0.5294117647058824	0.5445820433436532	0.5737444100447197	1.0	Age-only
NC(CC(=O)N1CCn2c(nnc2C(F)(F)F)C1)Cc1cc(F)c(F)cc1F	1	0	0.36561453	3	0.8914823355077596	0.7906976744186046	0.7912790697674418	0.7948078165374676	0.984375	Age-only
NC(Cc1cc(I)c(Oc2cc(I)c(O)c(I)c2)c(I)c1)C(=O)O	1	0	0.46082377	3	0.8848662729146802	0.7142857142857143	0.7359605911330048	0.7444679021033699	1.0	Age-only
NC(Cc1cc(I)c(Oc2ccc(O)c(I)c2)c(I)c1)C(=O)O	1	0	0.48372164	3	0.8869603485673097	0.7058823529411765	0.7364405871638271	0.7443204425220699	1.0	Age-only
NC(Cc1ccc(N(CCCl)CCCl)cc1)C(=O)O	1	1	0.5775869	3	0.8849329957915553	0.4634146341463415	0.5460064167389176	0.6028557434168361	1.0	Age-only
NC(Cc1ccc(O)c(O)c1)C(=O)O	1	1	0.5000979	3	0.878131018794006	0.5263157894736842	0.5339712918660287	0.5425240855279365	1.0	Age-only
NCC(CC(=O)O)c1ccc(Cl)cc1	1	1	0.55631846	3	0.8810248857702283	0.6578947368421053	0.6700404858299596	0.6913330334382967	1.0	Age-only
NCC1(CC(=O)O)CCCCC1	1	1	0.50986993	3	0.9176285923463613	0.55	0.6100000000000001	0.676724763979666	1.0	Age-only
NCCC(O)(P(=O)(O)O)P(=O)(O)O	0	1	0.51291454	3	0.937514185636145	0.6944444444444444	0.7390614216701172	0.7742260423419843	1.0	Age-only
NCCCC(O)(P(=O)(O)O)P(=O)(O)O	0	0	0.48043168	3	0.9422876751394252	0.7027027027027027	0.7485053235053235	0.7827018776507269	1.0	Age-only
NCCCNCCSP(=O)(O)O	1	1	0.5191208	3	0.9431687653937074	0.8	0.8042857142857143	0.8145356342493622	1.0	Age-only
NNc1nncc2ccccc12	1	1	0.6996235	3	0.9131483995333677	0.7619047619047619	0.7672619047619048	0.7711640211640212	1.0	Age-only
Nc1cccc2c1C(=O)N(C1CCC(=O)NC1=O)C2=O	1	0	0.48123264	3	0.8904150164506026	0.75	0.7562561094819159	0.7574580934795989	1.0	Age-only
Nc1cccc2c1CN(C1CCC(=O)NC1=O)C2=O	1	0	0.46524006	3	0.896453772050053	0.7538461538461538	0.765054945054945	0.772967092820034	1.0	Age-only
Nc1ccn(C2CSC(CO)O2)c(=O)n1	1	1	0.5628842	3	0.8871789915822672	0.65	0.7326971869829013	0.7621560335846049	1.0	Age-only
Nc1ccn(C2OC(CO)C(O)C2(F)F)c(=O)n1	1	0	0.45877808	3	0.8908554812795044	0.6867469879518072	0.7486731541550818	0.7702587757197501	0.9818181818181818	Age-only
Nc1ccn(C2OC(CO)C(O)C2O)c(=O)n1	1	1	0.534972	3	0.8918644611542484	0.6875	0.7442564745196323	0.766713410510403	1.0	Age-only
Nc1nc(=O)c2ncn(COC(CO)CO)c2[nH]1	0	0	0.43301356	3	0.9002131219274462	0.32608695652173914	0.40753623188405796	0.5592005734557409	1.0	Age-only
Nc1nc(=O)n(C2CSC(CO)O2)cc1F	1	0	0.44260982	3	0.894660465984806	0.775	0.7782539682539682	0.78291104652607	0.9821428571428571	Age-only
Nc1nc(Cl)nc2c1ncn2C1CC(O)C(CO)O1	0	1	0.525769	3	0.9000657350097472	0.7727272727272727	0.7742793791574278	0.7867173476929573	1.0	Age-only
Nc1nc(Cl)nc2c1ncn2C1OC(CO)C(O)C1F	1	1	0.5335203	3	0.9091559978863083	0.7971014492753623	0.7976811594202898	0.8009030227473425	1.0	Age-only
Nc1nc(F)nc2c1ncn2C1OC(CO)C(O)C1O	0	0	0.45096636	3	0.9080261722090044	0.759493670886076	0.774566699123661	0.7857870029527948	1.0	Age-only
Nc1nc(NC2CC2)c2ncn(C3C=CC(CO)C3)c2n1	1	0	0.45475197	3	0.9058661676724052	0.7916666666666666	0.794927536231884	0.7988732539415045	1.0	Age-only
Nc1nc2ccc(OC(F)(F)F)cc2s1	0	1	0.53766537	3	0.9213116954240931	0.7575757575757576	0.7677729677729678	0.7883070966013063	1.0	Age-only
Nc1ncn(C2CC(O)C(CO)O2)c(=O)n1	0	1	0.5077807	3	0.888151968952422	0.7297297297297297	0.741891891891892	0.7481836675385062	1.0	Age-only
Nc1ncn(C2OC(CO)C(O)C2O)c(=O)n1	1	1	0.50287217	3	0.8993287076188652	0.76	0.764	0.7713633461047255	1.0	Age-only
Nc1ncnc2c1ncn2C1OC(CO)C(O)C1O	1	0	0.40615726	3	0.9169928845822791	0.7936507936507936	0.7944143058067109	0.7980189403067978	1.0	Age-only
O=C(NCC1CCCCN1)c1cc(OCC(F)(F)F)ccc1OCC(F)(F)F	1	1	0.52068496	3	0.8769113055403833	0.7230769230769231	0.7271101871101872	0.7362342957848576	0.9818181818181818	Age-only
O=C(O)C=CC(=O)O	1	1	0.503707	3	0.9475386518698463	0.7333333333333333	0.7496078431372549	0.7660728618932953	1.0	Age-only
O=C(O)CC(O)(CC(=O)O)C(=O)O	0	1	0.5246067	3	0.9313746898968475	0.65	0.7119570477918936	0.7375471171296943	1.0	Age-only
O=C(O)CC(O)(CC(=O)O)C(=O)[O-]	0	1	0.53233397	3	0.9341984010518551	0.7142857142857143	0.7295721187025535	0.7429246813304784	1.0	Age-only
O=C(O)CCNC(=O)c1ccc(N=Nc2ccc(O)c(C(=O)O)c2)cc1	1	0	0.46962097	3	0.8876789440143146	0.576271186440678	0.5899058380414313	0.6200596602383491	1.0	Age-only
O=C(O)CSc1nnc(Br)n1-c1ccc(C2CC2)c2ccccc12	1	1	0.51971024	3	0.8748901434683675	0.7580645161290323	0.7593384825079509	0.7600230258671808	1.0	Age-only
O=C(O)P(=O)(O)O	1	1	0.5449732	3	0.9478389116411636	0.75	0.767094017094017	0.781718898385565	1.0	Age-only
O=C([O-])C(O)C(O)C(O)C(O)CO	1	1	0.5924274	3	0.9277991682303416	0.7450980392156863	0.7470588235294118	0.7483660130718954	1.0	Age-only
O=C([O-])O	1	1	0.5428996	3	0.9445773858400272	0.375	0.45	0.561563599798894	1.0	Age-only
O=C(c1ccc(F)c(F)c1Nc1ccc(I)cc1F)N1CC(O)(C2CCCCN2)C1	1	0	0.4387576	3	0.8968474989372602	0.7472527472527473	0.7646905725853094	0.7707345286292653	0.9868421052631579	Age-only
O=C1C=CC(=O)c2c1c(O)c1c(NCCNCCO)ccc(NCCNCCO)c1c2O	1	1	0.5478983	3	0.9057211235848204	0.8275862068965517	0.8278584392014519	0.8298043960475902	1.0	Age-only
O=C1CCC(N2C(=O)c3ccccc3C2=O)C(=O)N1	1	1	0.50374055	3	0.8875804094808722	0.7222222222222222	0.7286109669607335	0.7358733444288403	1.0	Age-only
O=C1CCc2cc(OCCCCc3nnnn3C3CCCCC3)ccc2N1	1	0	0.4547122	3	0.8907904811167211	0.6153846153846154	0.6473638720829732	0.705727882881441	0.9855072463768116	Age-only
O=C1NC(O)CCN1C1OC(CO)C(O)C1(F)F	0	0	0.42055267	3	0.9047733996538442	0.7941176470588235	0.8005738880918221	0.8034834758562672	0.9841269841269841	Age-only
O=C1OCCN1N=Cc1ccc([N+](=O)[O-])o1	1	0	0.45431855	3	0.9160371217519965	0.6451612903225806	0.749731182795699	0.7820765104130063	1.0	Age-only
O=C1c2cccc3c2C(CCC3)CN1C1CN2CCC1CC2	1	0	0.47393	3	0.9013392147171503	0.696969696969697	0.7127972027972028	0.7373962954608116	1.0	Age-only
O=C=O	1	1	0.52018785	3	0.9816897415245907	0.8888888888888888	0.888888888888889	0.8994215660882328	1.0	Age-only
O=P(O)(O)C(O)(Cn1ccnc1)P(=O)(O)O	1	0	0.48006564	3	0.9262225711712564	0.6341463414634146	0.7336585365853658	0.7644508209787979	1.0	Age-only
O=c1[nH]c(=O)n(C2CC(O)C(CO)O2)cc1C(F)(F)F	0	0	0.47855213	3	0.900062605463062	0.775	0.7821311475409836	0.789492857827629	0.9818181818181818	Age-only
O=c1[nH]c(O)cn1N=Cc1ccc([N+](=O)[O-])o1	0	0	0.46696037	3	0.9097676656999378	0.3137254901960784	0.6071803369235018	0.6942010550129853	1.0	Age-only
O=c1[nH]cc(F)c(=O)[nH]1	1	0	0.4544784	3	0.9339899961651871	0.71875	0.7800245098039215	0.805064121608239	1.0	Age-only
O=c1[nH]cnc2c1ncn2C1CCC(CO)O1	0	0	0.4748351	3	0.8929700135175762	0.7272727272727273	0.740909090909091	0.7490647212869436	1.0	Age-only
OCC(O)C(O)C(O)C(O)CO	1	1	0.6074105	3	0.9527971753429606	0.7692307692307693	0.7931318681318682	0.8017399267399268	1.0	Age-only
OCC1OC(O)C(O)C(O)C1O	1	1	0.52206874	3	0.9533600712151262	0.7666666666666667	0.7874716202270382	0.8072323216286064	1.0	Age-only
OCC1OC(c2ccc(Cl)c(Cc3ccc(OC4CCOC4)cc3)c2)C(O)C(O)C1O	1	1	0.568807	3	0.8989439375056885	0.7572815533980582	0.7775835856353448	0.7867688244563041	1.0	Age-only
OCC1OC(n2cnc3c2N=CNCC3O)CC1O	1	0	0.49330795	3	0.9105188283323321	0.7837837837837838	0.7921251457836824	0.8040894923965225	1.0	Age-only
C=C1C(CO)C(O)CC1n1cnc2c(=O)[nH]c(N)nc21	0	0	0.34027207	3	0.8931520591419146	0.6612903225806451	0.6802517702596381	0.7144537427778971	1.0	Age-only
C=C1CC2CCC34CC5OC6C(OC7CCC(CC(=O)CC8C(CC9OC(CCC1O2)CC(C)C9=C)OC(CC(O)CN)C8OC)OC7C6O3)C5O4	0	0	0.40248817	3	0.9197415823177472	0.824	0.8310663216498078	0.8357626739656209	1.0	Age-only
C=CC(=O)Nc1cc(Nc2nccc(-c3cn(C)c4ccccc34)n2)c(OC)cc1N(C)CCN(C)C	1	1	0.5240141	3	0.8746639464629054	0.26744186046511625	0.5359744291727566	0.6328576316273447	1.0	Age-only
C=CC1=C(C(=O)O)N2C(=O)C(NC(=O)C(=NO)c3csc(N)n3)C2SC1	0	0	0.29625973	3	0.9010119493088076	0.5747126436781609	0.6400403740781939	0.6948850345834651	1.0	Age-only
C=CC1CN2CCC1CC2C(O)c1ccnc2ccc(OC)cc12	0	0	0.44666326	3	0.8883707587788323	0.75	0.7512987012987014	0.7532745032745033	1.0	Age-only
C=c1c(C(=O)NCCN(CC)CC)c(C)[nH]c1=Cc1c(O)[nH]c2ccc(F)cc12	1	1	0.5200411	3	0.8882899130476023	0.6615384615384615	0.7228034294472651	0.7505834348300101	0.9859154929577465	Age-only
CC(=CC(=O)OCCCCCCCCC(=O)O)CC1OCC(CC2OC2C(C)C(C)O)C(O)C1O	0	0	0.4031007	3	0.9114729050590772	0.7469879518072289	0.761829134720701	0.773592132689195	0.9894736842105263	Age-only
CC(=O)CC(c1ccc([N+](=O)[O-])cc1)c1c(O)c2ccccc2oc1=O	1	0	0.47584724	3	0.8795033494003272	0.6984126984126984	0.714938030006523	0.7419438421601362	1.0	Age-only
CC(=O)CC(c1ccccc1)c1c(O)c2ccccc2oc1=O	1	0	0.47170228	3	0.87032359076774	0.7021276595744681	0.727032922856822	0.732541059146322	1.0	Age-only
CC(=O)N1CCN(c2ccc(OCC3COC(Cn4ccnc4)(c4ccc(Cl)cc4Cl)O3)cc2)CC1	0	0	0.3884412	3	0.8783080712951798	0.76	0.7686666666666667	0.7703763440860215	0.9875	Age-only
CC(=O)NC(CS)C(=O)O	1	1	0.55475235	3	0.9122910675267424	0.6585365853658537	0.6668292682926829	0.6925863084717804	1.0	Age-only
CC(=O)Nc1cccc(-n2c(=O)n(C3CC3)c(=O)c3c(Nc4ccc(I)cc4F)n(C)c(=O)c(C)c32)c1	0	0	0.39764562	3	0.8895352621424111	0.7640449438202247	0.7721638274737224	0.7739576738644351	0.9873417721518988	Age-only
CC(=O)O	0	0	0.46772528	3	0.9285088388628875	0.5	0.5784615384615386	0.6428490028490029	1.0	Age-only
CC(C)(C)C(=O)OCOP(=O)(COCCn1cnc2c(N)ncnc21)OCOC(=O)C(C)(C)C	0	0	0.35093656	3	0.8981137687330074	0.7397260273972602	0.7416046966731897	0.7533332666854946	0.9838709677419355	Age-only
CC(C)(C)NCC(O)COc1nsnc1N1CCOCC1	1	1	0.59797204	3	0.8942834757550471	0.6	0.608125	0.6470935314685314	0.9827586206896551	Age-only
CC(C)(C)c1nc(-c2cccc(NS(=O)(=O)c3c(F)cccc3F)c2F)c(-c2ccnc(N)n2)s1	0	0	0.42144176	3	0.9052799560381389	0.7373737373737373	0.7695526695526695	0.7820829026502785	1.0	Age-only
CC(C)(CCCCCC(O)CCCCCC(C)(C)C(=O)O)C(=O)O	0	1	0.5545528	3	0.9139567089168923	0.7586206896551724	0.7746996558218067	0.7773496778818038	1.0	Age-only
CC(C)(ON=C(C(=O)NC1C(=O)N2C(C(=O)[O-])=C(C[n+]3ccccc3)CSC12)c1csc(N)n1)C(=O)O	0	0	0.34224737	3	0.8869647382374136	0.6017699115044248	0.6668088604056359	0.6950313746423444	0.9873417721518988	Age-only
CC(C)(S)C(N)C(=O)O	0	0	0.39167652	3	0.9232505211632772	0.7419354838709677	0.7491039426523297	0.7633726687411022	1.0	Age-only
CC(C)C(N)C(=O)OCC(CO)OCn1cnc2c(=O)[nH]c(N)nc21	0	0	0.36951983	3	0.8930250550513914	0.6153846153846154	0.6382536382536383	0.6959404082691755	1.0	Age-only
CC(C)C(N)C(=O)OCCOCn1cnc2c(=O)[nH]c(N)nc21	0	0	0.3737386	3	0.8878212230536531	0.5172413793103449	0.5602719766877124	0.6426393610706383	1.0	Age-only
CC(C)CC(CN)CC(=O)O	1	0	0.4749294	3	0.9118501275043972	0.6666666666666666	0.7378947368421052	0.7516812865497076	1.0	Age-only
CC(C)Cn1cnc2c(N)nc3ccccc3c21	0	1	0.575019	3	0.8888694607246472	0.7450980392156863	0.7464519140989729	0.7486461251167134	1.0	Age-only
CC(C)Nc1nc2cc(Cl)c(Cl)cc2n1C1OC(CO)C(O)C1O	0	0	0.48497182	3	0.8967058210675858	0.7848101265822784	0.7874225693509291	0.7957723865905567	1.0	Age-only
CC(C)OC(=O)C(C)NP(=O)(COC(C)Cn1cnc2c(N)ncnc21)Oc1ccccc1	0	1	0.5528774	3	0.8773723967796314	0.7473684210526316	0.7577721001532959	0.7637877447559813	1.0	Age-only
CC(C)OC(=O)C(C)NP(=O)(OCC1OC(n2ccc(=O)[nH]c2=O)C(C)(F)C1O)Oc1ccccc1	1	0	0.48307133	3	0.8759539996392256	0.7767857142857143	0.7810902580565503	0.7839560564279666	0.9864864864864865	Age-only
CC(C)OC(=O)OCOP(=O)(COC(C)Cn1cnc2c(N)ncnc21)OCOC(=O)OC(C)C	0	0	0.37262237	3	0.8996677071395152	0.7631578947368421	0.7738787122245769	0.7806715751988771	1.0	Age-only
CC(CN(C)C)CN1c2ccccc2CCc2ccccc21	1	1	0.6625109	3	0.8844431791667484	0.46153846153846156	0.48173076923076924	0.5196123321123322	1.0	Age-only
CC(CN1CC(=O)NC(=O)C1)N1CC(=O)NC(=O)C1	0	0	0.42352957	3	0.9066758315997759	0.7567567567567568	0.7771213073538655	0.793676870837579	1.0	Age-only
CC(Cn1cnc2c(N)ncnc21)OCP(=O)(O)O	0	0	0.38019177	3	0.8985386989473501	0.746268656716418	0.7485074626865671	0.7586303411611982	1.0	Age-only
CC(Nc1ncnc2[nH]cnc12)c1cc2cccc(Cl)c2c(=O)n1-c1ccccc1	1	0	0.4477165	3	0.8869086439559428	0.7402597402597403	0.746053946053946	0.7633853601595537	1.0	Age-only
CC(S)C(=O)NCC(=O)O	0	1	0.57623935	3	0.9125250311801368	0.7333333333333333	0.7443809523809524	0.7529960317460317	1.0	Age-only
CC1(C)SC2C(NC(=O)C(N)c3ccc(O)cc3)C(=O)N2C1C(=O)O	1	0	0.38968405	3	0.8798120018245199	0.42857142857142855	0.48952380952380947	0.6034391534391533	1.0	Age-only
CC1(C)SC2C(NC(=O)C(N)c3ccccc3)C(=O)N2C1C(=O)O	1	0	0.42894453	3	0.867765045293388	0.34615384615384615	0.42175066312997345	0.5635095428198876	1.0	Age-only
CC1(C)SC2C(NC(=O)COc3ccccc3)C(=O)N2C1C(=O)O	0	0	0.4431855	3	0.8599472852877461	0.26	0.3493793103448276	0.5237852306723351	1.0	Age-only
CC12CCC3c4ccc(O)cc4CC(CCCCCCCCCS(=O)CCCC(F)(F)C(F)(F)F)C3C1CCC2O	0	1	0.5645676	3	0.8891187525008615	0.5507246376811594	0.5889316356260966	0.6180332305379053	0.9859154929577465	Age-only
CC1=C(C(=O)O)N2C(=O)C(NC(=O)C(N)c3ccccc3)C2SC1	0	0	0.44420227	3	0.8625733411565121	0.6818181818181818	0.6892045454545455	0.7040499936069556	1.0	Age-only
CC1CNc2c(cccc2S(=O)(=O)NC(CCCN=C(N)N)C(=O)N2CCC(C)CC2C(=O)O)C1	1	1	0.56316084	3	0.8735331113717147	0.6923076923076923	0.6945054945054945	0.6991216668636024	1.0	Age-only
CC1OC(OC2C(O)CC(OC3C(O)CC(OC4CCC5(C)C(CCC6C5CC(O)C5(C)C(C7=CC(=O)OC7)CCC65O)C4)OC3C)OC2C)CC(O)C1O	1	0	0.4834067	3	0.9114497259430728	0.7608695652173914	0.7695679674394301	0.7724179339805113	1.0	Age-only
CC1OC(OC2C(O)CC(OC3C(O)CC(OC4CCC5(C)C(CCC6C5CCC5(C)C(C7=CC(=O)OC7)CCC65O)C4)OC3C)OC2C)CC(O)C1O	1	0	0.47451457	3	0.9112076962590998	0.7666666666666667	0.7682352941176471	0.7712418300653595	1.0	Age-only
CC1OC1P(=O)(O)O	0	0	0.43180472	3	0.9413972814476294	0.8571428571428571	0.8605543710021321	0.8630498302140093	1.0	Age-only
CCC(=O)NCC1CC1c1cccc2c1CCO2	0	1	0.5514081	3	0.868223804988589	0.7272727272727273	0.7304668304668305	0.7388000648870213	1.0	Age-only
CCC(=O)NCCC1CCc2ccc3c(c21)CCO3	0	1	0.5254496	3	0.8766910692251437	0.7368421052631579	0.7466207606558484	0.7551739268600867	1.0	Age-only
CCC(C(C)O)n1ncn(-c2ccc(N3CCN(c4ccc(OCC5COC(Cn6cncn6)(c6ccc(F)cc6F)C5)cc4)CC3)cc2)c1=O	1	0	0.38954985	3	0.8854878744905313	0.7029702970297029	0.7085940594059406	0.7195892922625595	0.9886363636363636	Age-only
CCC(C)n1ncn(-c2ccc(N3CCN(c4ccc(OCC5COC(Cn6cncn6)(c6ccc(Cl)cc6Cl)O5)cc4)CC3)cc2)c1=O	1	0	0.40008992	3	0.8918820333693915	0.7830188679245284	0.7857299871771387	0.787839410865606	1.0	Age-only
CCC(CC)COC(=O)C(C)NP(=O)(OCC1OC(C#N)(c2ccc3c(N)ncnn23)C(O)C1O)Oc1ccccc1	1	1	0.5286644	3	0.8815082843820948	0.7628865979381443	0.7731165741475019	0.7820505790181158	1.0	Age-only
CCC(CO)NCCNC(CC)CO	0	1	0.5167988	3	0.9308060007134907	0.7222222222222222	0.7570162142299388	0.7742897400571054	1.0	Age-only
CCC(Nc1ncnc2[nH]cnc12)c1nc2cccc(F)c2c(=O)n1-c1ccccc1	0	0	0.3496601	3	0.8875417030422016	0.7375	0.7442857142857143	0.7600759144237405	0.9859154929577465	Age-only
CCC(c1ccccc1)c1c(O)c2ccccc2oc1=O	0	0	0.47297382	3	0.8724371011089147	0.7111111111111111	0.724040404040404	0.7270309936976604	1.0	Age-only
CCC1=C(C)CN(C(=O)NCCc2ccc(S(=O)(=O)NC(=O)NC3CCC(C)CC3)cc2)C1=O	0	0	0.44739497	3	0.8879191282009778	0.7590361445783133	0.7636144578313253	0.7723784024988843	1.0	Age-only
CCC1=CC2CN(C1)Cc1c([nH]c3ccccc13)C(C(=O)OC)(c1cc3c(cc1OC)N(C)C1C(O)(C(=O)OC)C(OC(C)=O)C4(CC)C=CCN5CCC31C54)C2	1	1	0.58228093	3	0.8904693169346365	0.7559055118110236	0.7610171679359751	0.7637834841023617	0.9910714285714286	Age-only
CCC1C(=O)OCC1Cc1cncn1C	0	0	0.3601391	3	0.8983090291541977	0.8	0.8	0.8017099889308752	1.0	Age-only
CCC1OC(=O)C(C)C(OC2CC(C)(OC)C(O)C(C)O2)C(C)C(OC2OC(C)CC(N(C)C)C2O)C(C)(O)CC(C)C(=O)C(C)C(O)C1(C)O	0	1	0.50973797	3	0.9168118678263296	0.7777777777777778	0.7815442561205274	0.7884219336791445	0.98989898989899	Age-only
CCC1OC(=O)C(C)C(OC2CC(C)(OC)C(O)C(C)O2)C(C)C(OC2OC(C)CC(N(C)C)C2O)C(C)(O)CC(C)CN(C)C(C)C(O)C1(C)O	1	1	0.5075656	3	0.9130468242559785	0.775	0.7786776859504132	0.7869165967980197	0.9902912621359223	Age-only
CCC1OC(=O)C(C)C(OC2CC(C)(OC)C(O)C(C)O2)C(C)C(OC2OC(C)CC(N(C)C)C2O)C(C)(OC)CC(C)C(=O)C(C)C(O)C1(C)O	1	1	0.51268566	3	0.9159588500101717	0.7739130434782608	0.777751124437781	0.7851367894034634	0.9896907216494846	Age-only
CCCC(CCC)C(=O)O	0	0	0.49414316	3	0.912015091523462	0.7105263157894737	0.7342105263157894	0.744595073542442	1.0	Age-only
CCCC(NC(C)C(=O)N1C(C(=O)O)CC2CCCCC21)C(=O)OCC	1	1	0.5161953	3	0.8752160799758756	0.19642857142857142	0.20908521303258146	0.30295791562238933	1.0	Age-only
CCCCCCCCCCCC(CC1OC(=O)C1CCCCCC)OC(=O)C(CC(C)C)NC=O	0	0	0.39248568	3	0.8973314964516989	0.6933333333333334	0.7144126984126984	0.7328004079811308	1.0	Age-only
CCCCCN(C)CCC(O)(P(=O)(O)O)P(=O)(O)O	0	1	0.6006635	3	0.9291357035294252	0.7333333333333333	0.76	0.7710533228263725	1.0	Age-only
CCCCCOC(=O)Nc1nc(=O)n(C2OC(C)C(O)C2O)cc1F	1	0	0.35956967	3	0.8786399079622875	0.7662337662337663	0.7669453833837395	0.770079333482626	0.9841269841269841	Age-only
CCCCc1oc2ccc(NS(C)(=O)=O)cc2c1C(=O)c1ccc(OCCCN(CCCC)CCCC)cc1	1	1	0.5233652	3	0.8870649681472837	0.6231884057971014	0.6573834704269487	0.6911389650520086	1.0	Age-only
CCCCc1oc2ccccc2c1C(=O)c1cc(I)c(OCCN(CC)CC)c(I)c1	1	1	0.51328033	3	0.8817417878605209	0.6764705882352942	0.6969001660798433	0.7228211225411963	1.0	Age-only
CCCNS(=O)(=O)Nc1ncnc(OCCOc2ncc(Br)cn2)c1-c1ccc(Br)cc1	1	0	0.49013996	3	0.9103586775316599	0.775	0.7789312777632611	0.7856527340986674	1.0	Age-only
CCCS(=O)(=O)Nc1ccc(F)c(C(=O)c2c[nH]c3ncc(-c4ccc(Cl)cc4)cc23)c1F	1	0	0.42843193	3	0.8853779171334758	0.7407407407407407	0.7499727668845315	0.7594994649116612	1.0	Age-only
CCN(CC)CCCC(C)Nc1ccnc2cc(Cl)ccc12	1	1	0.6013556	3	0.894557309196908	0.14	0.24836363636363634	0.46892979559646225	1.0	Age-only
CCN(CC)CCNC(=O)c1cc(Cl)c(N)cc1OC	1	1	0.65134346	3	0.8835850366087832	0.5306122448979592	0.5867903525046382	0.6224114131566378	1.0	Age-only
CCN1CCN(C(=O)NC(C(=O)NC2C(=O)N3C(C(=O)O)=C(CSc4nnnn4C)CSC23)c2ccc(O)cc2)C(=O)C1=O	1	1	0.5200034	3	0.8865152696261522	0.6698113207547169	0.743944648179129	0.7569451940055871	0.989247311827957	Age-only
CCN1CCN(C(=O)NC(C(=O)NC2C(=O)N3C2SC(C)(C)C3C(=O)O)c2ccccc2)C(=O)C1=O	0	1	0.54450065	3	0.8648480527470751	0.4375	0.502	0.6167292644757433	0.9864864864864865	Age-only
CCN1CCN(Cc2ccc(Nc3ncc(F)c(-c4cc(F)c5nc(C)n(C(C)C)c5c4)n3)nc2)CC1	0	0	0.40248606	3	0.8978966952667801	0.7676767676767676	0.7708101422387136	0.7769673525976046	1.0	Age-only
CCNC1CC(C)S(=O)(=O)c2sc(S(N)(=O)=O)cc21	0	0	0.4466216	3	0.9030143585637537	0.7666666666666667	0.7704761904761905	0.7793357310985876	1.0	Age-only
CCNC1CN(CCCOC)S(=O)(=O)c2sc(S(N)(=O)=O)cc21	0	1	0.5013701	3	0.8952738276460552	0.7529411764705882	0.767133917396746	0.7789013086281223	1.0	Age-only
CCOC(=O)c1c(CSc2ccccc2)n(C)c2cc(Br)c(O)c(CN(C)C)c12	1	0	0.49765384	3	0.8770756437876206	0.7101449275362319	0.7164979154258487	0.7333957629206522	1.0	Age-only
CCOc1cc(C(CS(C)(=O)=O)N2C(=O)c3cccc(NC(C)=O)c3C2=O)ccc1OC	1	1	0.5888673	3	0.8767557776059092	0.7261904761904762	0.7509413067552602	0.7586012835706839	0.9857142857142858	Age-only
CCOc1ccc(Cc2cc(C34OCC(CO)(O3)C(O)C(O)C4O)ccc2Cl)cc1	1	0	0.48747522	3	0.887225255914512	0.7840909090909091	0.7914593921443236	0.7957386280974653	0.9846153846153847	Age-only
CCOc1ccc(Cc2cc(C3OC(CO)C(O)C(O)C3O)ccc2Cl)cc1	1	1	0.5241106	3	0.8889308273546194	0.7671232876712328	0.7701404543089996	0.7725848363338135	1.0	Age-only
CCOc1ccc2ccccc2c1C(=O)NC1C(=O)N2C1SC(C)(C)C2C(=O)O	0	0	0.48995358	3	0.8645125561643783	0.4166666666666667	0.48275862068965514	0.6047344090083284	1.0	Age-only
CCc1cc(C(C)=NOCc2ccc(C3CCCCC3)c(C(F)(F)F)c2)ccc1CN1CC(C(=O)O)C1	0	0	0.43546784	3	0.8792330275310297	0.7446808510638298	0.7577439607328651	0.7697308660026649	0.9861111111111112	Age-only
CCc1nc(C(N)=O)c(Nc2ccc(N3CCC(N4CCN(C)CC4)CC3)c(OC)c2)nc1NC1CCOCC1	0	0	0.48733968	3	0.8740707583934566	0.6847826086956522	0.6892976588628763	0.6954731663527084	0.9880952380952381	Age-only
CN(C)CCCC1(c2ccc(F)cc2)OCc2cc(C#N)ccc21	1	1	0.564069	3	0.9053030993618778	0.7681159420289855	0.7699604743083004	0.7715160015300268	1.0	Age-only
CN(C)N=Nc1[nH]cnc1C(N)=O	0	0	0.4785618	3	0.8995493911075015	0.7560975609756098	0.777306468716861	0.781595381171203	1.0	Age-only
CNC(=O)c1cnn(-c2nc(N)c3ncn(C4OC(CO)C(O)C4O)c3n2)c1	1	0	0.39230543	3	0.89506544218205	0.7662337662337663	0.7678257226644323	0.7706558674300611	1.0	Age-only
CNCC(O)C(O)C(O)C(O)CO	1	1	0.6818125	3	0.9344968461181585	0.6764705882352942	0.6856209150326797	0.7094965462498523	1.0	Age-only
CNc1ccc(-c2nc3ccc(O)cc3s2)cc1[18F]	1	0	0.4243462	3	0.9060538204496651	0.7547169811320755	0.7578719455613981	0.7649052561926186	1.0	Age-only
COC(=O)C=CC(=O)OC	1	1	0.53028584	3	0.9246657133347631	0.7647058823529411	0.776470588235294	0.7904411764705882	1.0	Age-only
COC(=O)C=CC(=O)OCCn1c(O)ccc1O	0	1	0.5628295	3	0.8700997287736817	0.7441860465116279	0.7482660138718891	0.7538640140801831	1.0	Age-only
COC(=O)OCOc1c2n(ccc1=O)N(C1c3ccccc3SCc3c1ccc(F)c3F)C1COCCN1C2=O	1	0	0.49261898	3	0.8738526792804473	0.7623762376237624	0.7656386950170427	0.7718613916877186	0.9876543209876543	Age-only
COC1(C(=O)NC(C)c2ccc(-n3cc(F)cn3)nc2)CCC(c2nc(C)cc(Nc3cc(C)[nH]n3)n2)CC1	0	1	0.5336078	3	0.8838840515009547	0.7755102040816326	0.7839508618981573	0.7859269282034274	1.0	Age-only
COCCCOc1cc(CC(CC(N)C(O)CC(C(=O)NCC(C)(C)C(N)=O)C(C)C)C(C)C)ccc1OC	1	1	0.51893026	3	0.8875470869716701	0.7126436781609196	0.7389036251105217	0.7487142646625405	1.0	Age-only
COCCCOc1ccnc(CS(=O)c2nc3ccccc3[nH]2)c1C	0	1	0.6081431	3	0.8940480485200284	0.5428571428571428	0.59124773960217	0.6778943138436809	1.0	Age-only
CON=C(C(=O)NC1C(=O)N2C(C(=O)O)=C(COC(C)=O)CSC12)c1csc(N)n1	0	0	0.4196639	3	0.8857794482039859	0.5888888888888889	0.6608408408408408	0.7072698548889025	0.9873417721518988	Age-only
CON=C(C(=O)NC1C(=O)N2C(C(=O)O)=C(COC(N)=O)CSC12)c1ccco1	1	0	0.4943627	3	0.8724126027941994	0.6902654867256637	0.7027321333436956	0.7093290754823985	1.0	Age-only
CON=C(C(=O)NC1C(=O)N2C(C(=O)O)=C(CSc3nc(=O)c(=O)[nH]n3C)CSC12)c1csc(N)n1	1	0	0.43017545	3	0.8905015794236639	0.6237623762376238	0.680519986424872	0.7196304451331592	1.0	Age-only
CON=C(C(=O)NC1C(=O)N2C(C(=O)[O-])=C(C[N+]3(C)CCCC3)CSC12)c1csc(N)n1	0	1	0.52515143	3	0.8923432896544503	0.625	0.6886138613861386	0.7329906067529829	1.0	Age-only
COc1c2occc2cc2ccc(=O)oc12	1	0	0.4483293	3	0.9080676268169152	0.7941176470588235	0.7997582594681709	0.8061980577821516	1.0	Age-only
COc1cc(C(=O)NCc2ccc(OCCN(C)C)cc2)cc(OC)c1OC	1	1	0.68122774	3	0.8734828951181681	0.631578947368421	0.6585839598997494	0.6815867582985057	1.0	Age-only
COc1cc(CNC(=O)CCCCC=CC(C)C)ccc1O	0	1	0.5534123	3	0.8734934122703587	0.7222222222222222	0.7232323232323232	0.7299156438941385	1.0	Age-only
COc1cc(Cc2cnc(N)nc2N)cc(OC)c1OC	0	0	0.46971694	3	0.9091795012607383	0.7457627118644068	0.7640761616443267	0.7675224188595715	1.0	Age-only
COc1cc(N2CCC(N3CCN(C)CC3)CC2)ccc1Nc1ncc(Cl)c(Nc2ccccc2P(C)(C)=O)n1	0	1	0.640368	3	0.8820743710245791	0.7127659574468085	0.7180960737003729	0.7245627289935253	1.0	Age-only
COc1cc2c(cc1OC)C(=O)C(CC1CCN(Cc3ccccc3)CC1)C2	1	1	0.50750774	3	0.8665084833778666	0.7105263157894737	0.7145510835913313	0.7202051474497296	1.0	Age-only
COc1cc2c(cc1OC)C1CC(=O)C(CC(C)C)CN1CC2	0	0	0.40975273	3	0.8880861547732265	0.7123287671232876	0.7162044771132642	0.726658499461707	1.0	Age-only
COc1cc2c(cc1OC)C1CC(OC(=O)C(N)C(C)C)C(CC(C)C)CN1CC2	0	0	0.38010445	3	0.8821982433782363	0.6931818181818182	0.7455023658512031	0.7604212110026065	1.0	Age-only
COc1cc2c(cc1OC)CC(=O)N(CCCN(C)CC1Cc3cc(OC)c(OC)cc31)CC2	1	1	0.5551069	3	0.8944346368546967	0.7341772151898734	0.7379911228012495	0.7451229033507514	1.0	Age-only
COc1ccc(CC(C)(C)NCC(O)c2cc(O)cc3c2OCC(=O)N3)cc1	1	1	0.6527014	3	0.8775878017916843	0.7	0.70375	0.7107243319268636	0.9848484848484849	Age-only
COc1ccc(CNc2nc(N3CCCC3CO)ncc2C(=O)NCc2ncccn2)cc1Cl	0	1	0.5518352	3	0.8660922382730468	0.7264150943396226	0.732104145034951	0.7367575283197472	1.0	Age-only
COc1ccc(Cl)cc1C(=O)NCCc1ccc(S(=O)(=O)NC(=O)NC2CCCCC2)cc1	0	1	0.54001427	3	0.8745722118546676	0.7142857142857143	0.7254786450662739	0.7339317331661497	1.0	Age-only
COc1ccc(OC)c(C(O)CNC(=O)CN)c1	1	1	0.7534045	3	0.8730079913343218	0.7058823529411765	0.706288032454361	0.7086743429572894	1.0	Age-only
COc1ccc2[nH]c(S(=O)Cc3ncc(C)c(OC)c3C)nc2c1	1	1	0.545269	3	0.9021222706715447	0.4461538461538462	0.5069230769230769	0.621853694415124	1.0	Age-only
COc1ccc2c(OC3CC4C(=O)NC5(C(=O)NS(=O)(=O)C6CC6)CC5C=CCCCCN(C)C(=O)C4C3)cc(-c3nc(C(C)C)cs3)nc2c1C	0	1	0.5363968	3	0.8942548648519857	0.8064516129032258	0.8088551549652119	0.8096333352500334	0.9904761904761905	Age-only
COc1ccc2c(c1)c(CC(=O)O)c(C)n2C(=O)c1ccc(Cl)cc1	0	0	0.45963508	3	0.8775030171572666	0.6842105263157895	0.714452798663325	0.7236377981992017	1.0	Age-only
COc1ccc2cc(C(C)C(=O)O)ccc2c1	0	1	0.61476314	3	0.8745540254032429	0.5714285714285714	0.5735714285714286	0.5759607351712616	1.0	Age-only
COc1ccccc1OCC(O)CN1CCN(CC(=O)Nc2c(C)cccc2C)CC1	1	1	0.71869016	3	0.8587319337322377	0.5660377358490566	0.5833857442348008	0.614492718700049	1.0	Age-only
COc1ccccc1Oc1c(NS(=O)(=O)c2ccc(C(C)(C)C)cc2)nc(-c2ncccn2)nc1OCCO	1	1	0.6276682	3	0.878664049888641	0.696969696969697	0.7095398428731763	0.7227210375358523	1.0	Age-only
CS(=O)(=O)OCCCCOS(C)(=O)=O	1	0	0.48921287	3	0.9427624110541687	0.7307692307692307	0.7846855480448361	0.8004115682329571	1.0	Age-only
CS(=O)(=O)c1cccc(CC(NC(=O)c2c(Cl)cc3c(c2Cl)CCN(C(=O)c2ccc4ccoc4c2)C3)C(=O)O)c1	0	0	0.47641873	3	0.8807073909068572	0.7395833333333334	0.7541666666666668	0.7628546099290779	1.0	Age-only
Cc1c(Cl)c(C)[n+]([O-])c(Cl)c1-c1noc(-c2cc(O)c(O)c([N+](=O)[O-])c2)n1	0	0	0.39754868	3	0.9170915925180102	0.7432432432432432	0.7721463918647016	0.7871791729264926	1.0	Age-only
Cc1c(O)c(=O)ccn1C	0	0	0.42839372	3	0.8926262438192315	0.7419354838709677	0.7435483870967742	0.758915770609319	1.0	Age-only
Cc1c(OCC(F)(F)F)ccnc1CS(=O)c1nc2ccccc2[nH]1	1	1	0.5037544	3	0.8935378340564848	0.5362318840579711	0.586880244088482	0.6781316943867248	1.0	Age-only
Cc1cc(C#N)cc(C)c1Oc1nc(Nc2ccc(C#N)cc2)nc(N)c1Br	1	0	0.47418284	3	0.9144381008472254	0.75	0.7664079822616409	0.7798148714849831	1.0	Age-only
Cc1cc(C)cc(OCC2CNC(=O)O2)c1	0	0	0.35261595	3	0.8896491130322481	0.7407407407407407	0.7555555555555555	0.7703703703703703	1.0	Age-only
Cc1cc(C=CC#N)cc(C)c1Nc1ccnc(Nc2ccc(C#N)cc2)n1	0	0	0.3928222	3	0.9188289686379463	0.7727272727272727	0.7774382480264832	0.7859308953700198	1.0	Age-only
Cc1cc(Nc2ncc(Cl)c(Nc3ccccc3S(=O)(=O)C(C)C)n2)c(OC(C)C)cc1C1CCNCC1	0	1	0.61193717	3	0.8862015747403513	0.75	0.7514851485148514	0.7519622748791731	1.0	Age-only
Cc1ccc(C(=O)Nc2ccc(CN3CCN(C)CC3)c(C(F)(F)F)c2)cc1C#Cc1cnc2cccnn12	1	0	0.37691405	3	0.8751487068567588	0.7307692307692307	0.7392464678178964	0.7443180285595603	0.9873417721518988	Age-only
Cc1ccc(C)c(OCCCC(C)(C)C(=O)O)c1	0	1	0.5460334	3	0.8752850702318142	0.74	0.7424126984126984	0.7472468207555927	1.0	Age-only
Cc1ccc(C2OC(CO)C(O)C(O)C2O)cc1Cc1ccc(-c2ccc(F)cc2)s1	0	0	0.49105966	3	0.8993252088253665	0.7865168539325843	0.7952714619862384	0.8018248728298774	1.0	Age-only
Cc1ccc(NC(=O)c2ccc(CN3CCN(C)CC3)cc2)cc1Nc1nccc(-c2cccnc2)n1	1	0	0.38437366	3	0.870730210581056	0.71	0.7130980392156863	0.7270012686209264	1.0	Age-only
Cc1ccc(Nc2nccc(N(C)c3ccc4c(C)n(C)nc4c3)n2)cc1S(N)(=O)=O	1	0	0.48655555	3	0.8987022911088777	0.7311827956989247	0.7534744019766174	0.760793885744377	0.9866666666666667	Age-only
Cc1cccc(Nc2ccncc2S(=O)(=O)NC(=O)NC(C)C)c1	1	1	0.5015497	3	0.8854708439001212	0.746268656716418	0.7467833247555327	0.7529998825458015	1.0	Age-only
Cc1cn(-c2cc(NC(=O)c3ccc(C)c(Nc4nccc(-c5cccnc5)n4)c3)cc(C(F)(F)F)c2)cn1	1	0	0.38792533	3	0.8934819220587247	0.7340425531914894	0.7403912148249828	0.7466459129980064	1.0	Age-only
Cc1cn(C2CC(N=[N+]=[N-])C(CO)O2)c(=O)[nH]c1=O	1	0	0.37982196	3	0.8975925062374257	0.7710843373493976	0.7938988512188289	0.8021660284549049	1.0	Age-only
Cc1cn(C2CC(O)C(CO)O2)c(=O)[nH]c1=O	1	0	0.3883801	3	0.8881549154100629	0.7297297297297297	0.756680624286258	0.7657093713431741	1.0	Age-only
Cc1cnc(C(=O)NCCc2ccc(S(=O)(=O)NC(=O)NC3CCCCC3)cc2)cn1	0	1	0.51184434	3	0.8812054503631015	0.7368421052631579	0.7505906399350747	0.762056228561056	1.0	Age-only
Cc1nn(C)cc1S(=O)(=O)NC(=O)c1ccc(-n2ccc(OCC(C)(C)C(F)(F)F)n2)nc1N1CC(C)CC1(C)C	1	0	0.48840344	3	0.8829748980828799	0.7777777777777778	0.7798558984338801	0.7844504336604233	0.9873417721518988	Age-only
Cc1nnc(SCC2=C(C(=O)O)N3C(=O)C(NC(=O)Cn4cnnn4)C3SC2)s1	1	0	0.38446563	3	0.8905222479803916	0.7017543859649122	0.7223540779659994	0.7395897879108071	1.0	Age-only
Cc1onc(-c2ccccc2)c1C(=O)NC1C(=O)N2C1SC(C)(C)C2C(=O)O	1	0	0.42343557	3	0.8751509226589222	0.43333333333333335	0.4845045045045045	0.5888675003764517	1.0	Age-only
Clc1ccc(COC(Cn2ccnc2)c2ccc(Cl)cc2Cl)c(Cl)c1	0	0	0.43227315	3	0.9139830929864426	0.7865168539325843	0.7964249233912154	0.8033946599762598	1.0	Age-only
Cn1cc[nH]c1=S	0	0	0.46480525	3	0.9338278711334523	0.8108108108108109	0.8111486486486488	0.8131381381381382	1.0	Age-only
Cn1ncnc1C1c2n[nH]c(=O)c3cc(F)cc(c23)NC1c1ccc(F)cc1	0	0	0.44382355	3	0.9021065281073609	0.7555555555555555	0.7659770114942528	0.77641997714593	1.0	Age-only
Cn1nnc2c(C(N)=O)ncn2c1=O	0	0	0.37699687	3	0.8938507572949514	0.7	0.7129874776386405	0.7270492642585666	1.0	Age-only
N#CC1CC2CC2N1C(=O)C(N)C12CC3CC(CC(O)(C3)C1)C2	1	0	0.3209317	3	0.9314059885758834	0.5967741935483871	0.7371712158808934	0.7804172914203847	1.0	Age-only
N#CCNC(=O)c1ccc(-c2ccnc(Nc3ccc(N4CCOCC4)cc3)n2)cc1	1	0	0.47554725	3	0.877760794163313	0.7349397590361446	0.7406399792719265	0.7507737041355387	1.0	Age-only
N#Cc1cccc(C(NCC2CC2)c2ccc(F)c(NC(=O)c3cc(C(F)(F)F)nn3-c3cccc(CN)c3)c2)c1	1	0	0.33624732	3	0.8827024115692265	0.7407407407407407	0.7611139025670228	0.7695498516929261	0.9882352941176471	Age-only
N=C1CCCN1Cc1[nH]c(=O)[nH]c(=O)c1Cl	0	0	0.4091308	3	0.9199782626361982	0.8076923076923077	0.8095341278439869	0.8150178092183062	1.0	Age-only
NC(=O)c1ncn(C2OC(CO)C(O)C2O)n1	1	0	0.36032236	3	0.897664986347745	0.782608695652174	0.7906785597534209	0.79490589715189	1.0	Age-only
NC(C(=O)O)C(O)c1ccc(O)c(O)c1	1	0	0.42290103	3	0.892626408712262	0.5294117647058824	0.5445820433436532	0.5737444100447197	1.0	Age-only
NC(CC(=O)N1CCn2c(nnc2C(F)(F)F)C1)Cc1cc(F)c(F)cc1F	1	0	0.29437104	3	0.8914823355077596	0.7906976744186046	0.7912790697674418	0.7948078165374676	0.984375	Age-only
NC(Cc1cc(I)c(Oc2cc(I)c(O)c(I)c2)c(I)c1)C(=O)O	1	0	0.359865	3	0.8848662729146802	0.7142857142857143	0.7359605911330048	0.7444679021033699	1.0	Age-only
NC(Cc1cc(I)c(Oc2ccc(O)c(I)c2)c(I)c1)C(=O)O	1	0	0.38412264	3	0.8869603485673097	0.7058823529411765	0.7364405871638271	0.7443204425220699	1.0	Age-only
NC(Cc1ccc(N(CCCl)CCCl)cc1)C(=O)O	1	0	0.49996555	3	0.8849329957915553	0.4634146341463415	0.5460064167389176	0.6028557434168361	1.0	Age-only
NC(Cc1ccc(O)c(O)c1)C(=O)O	1	0	0.3988764	3	0.878131018794006	0.5263157894736842	0.5339712918660287	0.5425240855279365	1.0	Age-only
NCC(CC(=O)O)c1ccc(Cl)cc1	0	0	0.44848117	3	0.8810248857702283	0.6578947368421053	0.6700404858299596	0.6913330334382967	1.0	Age-only
NCC1(CC(=O)O)CCCCC1	1	0	0.39118722	3	0.9176285923463613	0.55	0.6100000000000001	0.676724763979666	1.0	Age-only
NCCC(O)(P(=O)(O)O)P(=O)(O)O	0	0	0.40420502	3	0.937514185636145	0.6944444444444444	0.7390614216701172	0.7742260423419843	1.0	Age-only
NCCCC(O)(P(=O)(O)O)P(=O)(O)O	1	0	0.37069693	3	0.9422876751394252	0.7027027027027027	0.7485053235053235	0.7827018776507269	1.0	Age-only
NCCCNCCSP(=O)(O)O	1	0	0.412758	3	0.9431687653937074	0.8	0.8042857142857143	0.8145356342493622	1.0	Age-only
NNc1nncc2ccccc12	1	1	0.6404504	3	0.9131483995333677	0.7619047619047619	0.7672619047619048	0.7711640211640212	1.0	Age-only
Nc1cccc2c1C(=O)N(C1CCC(=O)NC1=O)C2=O	1	0	0.38523516	3	0.8904150164506026	0.75	0.7562561094819159	0.7574580934795989	1.0	Age-only
Nc1cccc2c1CN(C1CCC(=O)NC1=O)C2=O	1	0	0.36980274	3	0.896453772050053	0.7538461538461538	0.765054945054945	0.772967092820034	1.0	Age-only
Nc1ccn(C2CSC(CO)O2)c(=O)n1	1	0	0.4894719	3	0.8871789915822672	0.65	0.7326971869829013	0.7621560335846049	1.0	Age-only
Nc1ccn(C2OC(CO)C(O)C2(F)F)c(=O)n1	1	0	0.38510507	3	0.8908554812795044	0.6867469879518072	0.7486731541550818	0.7702587757197501	0.9818181818181818	Age-only
Nc1ccn(C2OC(CO)C(O)C2O)c(=O)n1	1	0	0.45114505	3	0.8918644611542484	0.6875	0.7442564745196323	0.766713410510403	1.0	Age-only
Nc1nc(=O)c2ncn(COC(CO)CO)c2[nH]1	0	0	0.34253925	3	0.9002131219274462	0.32608695652173914	0.40753623188405796	0.5592005734557409	1.0	Age-only
Nc1nc(=O)n(C2CSC(CO)O2)cc1F	0	0	0.38047472	3	0.894660465984806	0.775	0.7782539682539682	0.78291104652607	0.9821428571428571	Age-only
Nc1nc(Cl)nc2c1ncn2C1CC(O)C(CO)O1	0	0	0.45055103	3	0.9000657350097472	0.7727272727272727	0.7742793791574278	0.7867173476929573	1.0	Age-only
Nc1nc(Cl)nc2c1ncn2C1OC(CO)C(O)C1F	1	0	0.47873887	3	0.9091559978863083	0.7971014492753623	0.7976811594202898	0.8009030227473425	1.0	Age-only
Nc1nc(F)nc2c1ncn2C1OC(CO)C(O)C1O	0	0	0.39026153	3	0.9080261722090044	0.759493670886076	0.774566699123661	0.7857870029527948	1.0	Age-only
Nc1nc(NC2CC2)c2ncn(C3C=CC(CO)C3)c2n1	1	0	0.37816942	3	0.9058661676724052	0.7916666666666666	0.794927536231884	0.7988732539415045	1.0	Age-only
Nc1nc2ccc(OC(F)(F)F)cc2s1	0	0	0.44516027	3	0.9213116954240931	0.7575757575757576	0.7677729677729678	0.7883070966013063	1.0	Age-only
Nc1ncn(C2CC(O)C(CO)O2)c(=O)n1	0	0	0.42850608	3	0.888151968952422	0.7297297297297297	0.741891891891892	0.7481836675385062	1.0	Age-only
Nc1ncn(C2OC(CO)C(O)C2O)c(=O)n1	1	0	0.41835356	3	0.8993287076188652	0.76	0.764	0.7713633461047255	1.0	Age-only
Nc1ncnc2c1ncn2C1OC(CO)C(O)C1O	1	0	0.3427447	3	0.9169928845822791	0.7936507936507936	0.7944143058067109	0.7980189403067978	1.0	Age-only
O=C(NCC1CCCCN1)c1cc(OCC(F)(F)F)ccc1OCC(F)(F)F	1	0	0.45210642	3	0.8769113055403833	0.7230769230769231	0.7271101871101872	0.7362342957848576	0.9818181818181818	Age-only
O=C(O)CC(O)(CC(=O)O)C(=O)O	0	0	0.40366477	3	0.9313746898968475	0.65	0.7119570477918936	0.7375471171296943	1.0	Age-only
O=C(O)CC(O)(CC(=O)O)C(=O)[O-]	0	0	0.41404366	3	0.9341984010518551	0.7142857142857143	0.7295721187025535	0.7429246813304784	1.0	Age-only
O=C(O)CCNC(=O)c1ccc(N=Nc2ccc(O)c(C(=O)O)c2)cc1	1	0	0.38479048	3	0.8876789440143146	0.576271186440678	0.5899058380414313	0.6200596602383491	1.0	Age-only
O=C(O)CNC(=O)c1c(O)n(C2CCCCC2)c(=O)n(C2CCCCC2)c1=O	1	0	0.3662988	3	0.9003675355202029	0.7341772151898734	0.7437321355655369	0.7557140015286197	1.0	Age-only
O=C(O)O	1	0	0.42977566	3	0.9452098652603922	0.625	0.6407342657342656	0.6707782957782958	1.0	Age-only
O=C(O)P(=O)(O)O	1	0	0.42878026	3	0.9478389116411636	0.75	0.767094017094017	0.781718898385565	1.0	Age-only
O=C([O-])C(O)C(O)C(O)C(O)CO	1	0	0.48526758	3	0.9277991682303416	0.7450980392156863	0.7470588235294118	0.7483660130718954	1.0	Age-only
O=C([O-])O	1	0	0.42736247	3	0.9445773858400272	0.375	0.45	0.561563599798894	1.0	Age-only
O=C(c1ccc(F)c(F)c1Nc1ccc(I)cc1F)N1CC(O)(C2CCCCN2)C1	1	0	0.37470305	3	0.8968474989372602	0.7472527472527473	0.7646905725853094	0.7707345286292653	0.9868421052631579	Age-only
O=C1C=CC(=O)c2c1c(O)c1c(NCCNCCO)ccc(NCCNCCO)c1c2O	1	0	0.43576658	3	0.9057211235848204	0.8275862068965517	0.8278584392014519	0.8298043960475902	1.0	Age-only
O=C1CCC(N2C(=O)c3ccccc3C2=O)C(=O)N1	1	0	0.40648186	3	0.8875804094808722	0.7222222222222222	0.7286109669607335	0.7358733444288403	1.0	Age-only
O=C1CCc2cc(OCCCCc3nnnn3C3CCCCC3)ccc2N1	1	0	0.36136454	3	0.8907904811167211	0.6153846153846154	0.6473638720829732	0.705727882881441	0.9855072463768116	Age-only
O=C1NC(O)CCN1C1OC(CO)C(O)C1(F)F	0	0	0.32937247	3	0.9047733996538442	0.7941176470588235	0.8005738880918221	0.8034834758562672	0.9841269841269841	Age-only
O=C1c2cccc3c2C(CCC3)CN1C1CN2CCC1CC2	1	0	0.38132048	3	0.9013392147171503	0.696969696969697	0.7127972027972028	0.7373962954608116	1.0	Age-only
O=CC(F)C(O)C(O)C(O)CO	1	0	0.4366575	3	0.933426617277319	0.8292682926829268	0.8300813008130081	0.8333218111092675	1.0	Age-only
O=P(O)(O)C(O)(Cn1ccnc1)P(=O)(O)O	1	0	0.36913928	3	0.9262225711712564	0.6341463414634146	0.7336585365853658	0.7644508209787979	1.0	Age-only
O=P(O)(O)C(O)P(=O)(O)O	1	0	0.4913809	3	0.9463384417541757	0.7857142857142857	0.7945054945054946	0.8031343656343657	1.0	Age-only
O=c1[nH]c(=O)n(C2CC(O)C(CO)O2)cc1C(F)(F)F	0	0	0.38753435	3	0.900062605463062	0.775	0.7821311475409836	0.789492857827629	0.9818181818181818	Age-only
O=c1[nH]c(O)cn1N=Cc1ccc([N+](=O)[O-])o1	0	0	0.37108773	3	0.9097676656999378	0.3137254901960784	0.6071803369235018	0.6942010550129853	1.0	Age-only
O=c1[nH]cc(F)c(=O)[nH]1	1	0	0.36988267	3	0.9339899961651871	0.71875	0.7800245098039215	0.805064121608239	1.0	Age-only
OCC(O)C(O)C(O)C(O)CO	1	1	0.5049829	3	0.9527971753429606	0.7692307692307693	0.7931318681318682	0.8017399267399268	1.0	Age-only
OCC1OC(O)C(O)C(O)C1O	1	0	0.4202577	3	0.9533600712151262	0.7666666666666667	0.7874716202270382	0.8072323216286064	1.0	Age-only
OCC1OC(c2ccc(Cl)c(Cc3ccc(OC4CCOC4)cc3)c2)C(O)C(O)C1O	1	0	0.49382603	3	0.8989439375056885	0.7572815533980582	0.7775835856353448	0.7867688244563041	1.0	Age-only
OCC1OC(n2cnc3c2N=CNCC3O)CC1O	0	0	0.40400463	3	0.9105188283323321	0.7837837837837838	0.7921251457836824	0.8040894923965225	1.0	Age-only
CC#CCC(C)C(O)C=CC1C(O)CC2CC(=CCCCC(=O)O)CC21	1	0	0.21315418	4	0.9019117988584358	0.7176470588235294	0.7511280875986758	0.7718188801417837	0.9846153846153847	Age-only
CC(=O)NCC1CN(c2ccc(N3CCOCC3)c(F)c2)C(=O)O1	0	0	0.41626066	4	0.8701110854796955	0.7349397590361446	0.7482179932028529	0.7553990687067329	0.9846153846153847	Age-only
CC(C)(C)NCC(O)COc1cccc2c1CC(O)C(O)C2	1	1	0.79378426	4	0.8773719703130094	0.5932203389830508	0.5974416373520947	0.6124368526748245	1.0	Age-only
CC(C)(CO)c1cc2cc(NC(=O)C3(c4ccc5c(c4)OC(F)(F)O5)CC3)c(F)cc2n1CC(O)CO	0	0	0.44256628	4	0.8886653057235752	0.7864077669902912	0.7984316654219568	0.8041500705335657	0.9864864864864865	Age-only
CC(C)(O)c1ccccc1CCC(SCC1(CC(=O)O)CC1)c1cccc(C=Cc2ccc3ccc(Cl)cc3n2)c1	0	0	0.33130243	4	0.8843714218175991	0.7608695652173914	0.762379862700229	0.7724586783015881	0.9878048780487805	Age-only
CC(C)CC(NC(=O)C(Cc1ccccc1)NC(=O)c1cnccn1)B(O)O	0	1	0.6201277	4	0.8787545490115928	0.671875	0.6882211538461538	0.7017895299145299	1.0	Age-only
CC(C)CN(CC(O)C(Cc1ccccc1)NC(=O)OC1COC2OCCC12)S(=O)(=O)c1ccc(N)cc1	1	1	0.6298865	4	0.8802436339782446	0.7195121951219512	0.7556671449067431	0.7611505127482693	1.0	Age-only
CC(C)[N+]1(C)C2CCC1CC(OC(=O)C(CO)c1ccccc1)C2	1	1	0.5479742	4	0.8624851345121697	0.6885245901639344	0.6908196721311475	0.6955534126218794	1.0	Age-only
CC(C)c1nc(CN(C)C(=O)NC(C(=O)NC(Cc2ccccc2)CC(O)C(Cc2ccccc2)NC(=O)OCc2cncs2)C(C)C)cs1	0	1	0.6639447	4	0.8908731143128324	0.375	0.5186170212765957	0.6191423693196743	1.0	Age-only
CC(O)C(O)C1CNc2[nH]c(N)nc(=O)c2N1	0	0	0.35585827	4	0.8968182425428225	0.75	0.75	0.750910746812386	1.0	Age-only
CC(Oc1cc(-c2cnn(C3CCNCC3)c2)cnc1N)c1c(Cl)ccc(F)c1Cl	0	0	0.49146742	4	0.897491376405218	0.7524752475247525	0.7630640958832725	0.7753456863434199	1.0	Age-only
CC12C=CC(=O)C=C1CCC1C3CC(O)C(O)(C(=O)CO)C3(C)CC(O)C12F	0	0	0.45492035	4	0.8955720573342203	0.5072463768115942	0.537184265010352	0.5594145387623649	0.9850746268656716	Age-only
CC1CC2C3CC(F)C4=CC(=O)C=CC4(C)C3(F)C(O)CC2(C)C1(O)C(=O)SCF	0	0	0.39589328	4	0.9054298862476781	0.7142857142857143	0.7285714285714286	0.7377528789293496	0.9861111111111112	Age-only
CC1CC2C3CC=C4CC(=O)C=CC4(C)C3(Cl)C(O)CC2(C)C1(OC(=O)c1ccco1)C(=O)CCl	0	0	0.34185535	4	0.8964789948980192	0.673469387755102	0.6901187950427695	0.6958305737036288	1.0	Age-only
CC1CC2C3CC=C4CC(=O)C=CC4(C)C3(F)C(O)CC2(C)C1(O)C(=O)CCl	1	0	0.26763347	4	0.9009510704448246	0.6506024096385542	0.661964200007384	0.6673833570577851	0.9855072463768116	Age-only
CC1CC2C3CC=C4CC(=O)C=CC4(C)C3(F)C(O)CC2(C)C1(O)C(=O)CO	1	0	0.36547512	4	0.8995412164596348	0.618421052631579	0.618796992481203	0.6262343893922843	0.9855072463768116	Age-only
CC1Oc2cc(cnc2N)-c2c(nn(C)c2C#N)CN(C)C(=O)c2ccc(F)cc21	0	0	0.45098874	4	0.9016336017331156	0.7857142857142857	0.7917885851490613	0.7958057576582376	1.0	Age-only
CCC(=O)C(CC(C)N(C)C)(c1ccccc1)c1ccccc1	1	1	0.5441466	4	0.8696932584532889	0.6153846153846154	0.6461538461538461	0.6716881716881716	1.0	Age-only
CCC(=O)OC1(C(=O)SCF)C(C)CC2C3CC(F)C4=CC(=O)C=CC4(C)C3(F)C(O)CC21C	0	0	0.4775055	4	0.9030241035908827	0.75	0.7630434782608696	0.7713105812685056	0.9864864864864865	Age-only
CCC(=O)OCC(=O)C1(OC(=O)CC)C(C)CC2C3CC=C4CC(=O)C=CC4(C)C3(Cl)C(O)CC21C	0	0	0.2623003	4	0.8989052029334184	0.6363636363636364	0.6448952989656043	0.663830721647558	1.0	Age-only
CCC(C)(C)C(=O)OC1CC(C)C=C2C=CC(C)C(CCC3CC(O)CC(=O)O3)C21	0	0	0.41774422	4	0.9012691687123396	0.813953488372093	0.8143206854345164	0.8162266130442384	0.9850746268656716	Age-only
CCC(CO)NC(=O)C1C=C2c3cccc4[nH]cc(c34)CC2N(C)C1	1	1	0.60868174	4	0.8800281908300925	0.7578947368421053	0.7736103295575123	0.7801260085319769	1.0	Age-only
CCC(c1cccc(O)c1)C(C)CN(C)C	1	1	0.6329302	4	0.8945282434043369	0.5952380952380952	0.6149659863945578	0.6551719220182832	1.0	Age-only
CCCC1CC(C(=O)NC(C(C)Cl)C2OC(SC)C(O)C(O)C2O)N(C)C1	0	1	0.5120473	4	0.9001687632171866	0.7681159420289855	0.7735132433783108	0.7771114442778612	0.9857142857142858	Age-only
CCCCC(=O)N(Cc1ccc(-c2ccccc2-c2nn[nH]n2)cc1)C(C(=O)O)C(C)C	1	1	0.59256566	4	0.8757471360818284	0.7272727272727273	0.7282099343955014	0.7324651685617652	1.0	Age-only
CCCCC(C)(O)CC=CC1C(O)CC(=O)C1CCCCCCC(=O)OC	0	0	0.23685649	4	0.8895093864409128	0.7195121951219512	0.7402008608321378	0.7479217126137105	0.9833333333333333	Age-only
CCCCC1=NC2(CCCC2)C(=O)N1Cc1ccc(-c2ccccc2-c2nn[nH]n2)cc1	1	1	0.61670685	4	0.8877048467536875	0.7571428571428571	0.7626763110307413	0.7731677343687939	1.0	Age-only
CCCCCC(O)C=CC1C(O)CC(=O)C1CC=CCCCC(=O)O	1	0	0.19028929	4	0.8909537056942142	0.5694444444444444	0.6599173270213715	0.7122039308406592	1.0	Age-only
CCCCCC(O)C=CC1C(O)CC(=O)C1CCCCCCC(=O)O	1	0	0.18704584	4	0.8862756484323328	0.6842105263157895	0.6929530277306168	0.7119498773783322	1.0	Age-only
CCCCCC(O)C=CC1C(O)CC2OC(=CCCCC(=O)O)CC21	1	0	0.21765816	4	0.8944650994101003	0.6363636363636364	0.7121925133689839	0.747441737637816	1.0	Age-only
CCCCCC(O)CCC1C(O)CC2Cc3c(cccc3OCC(=O)O)CC21	1	1	0.5863259	4	0.874017774972719	0.6625	0.7111538461538462	0.7277065527065527	0.9841269841269841	Age-only
CCCCN1CCCCC1C(=O)Nc1c(C)cccc1C	1	1	0.5451224	4	0.8628204254881542	0.3111111111111111	0.43764705882352944	0.5371601780808941	1.0	Age-only
CCCCNc1ccc(C(=O)OCCOCCOCCOCCOCCOCCOCCOCCOCCOC)cc1	1	1	0.7050826	4	0.8768016885820807	0.6557377049180327	0.6937075113457442	0.7117088513324309	1.0	Age-only
CCCCc1nc(Cl)c(CO)n1Cc1ccc(-c2ccccc2-c2nn[nH]n2)cc1	0	1	0.5567691	4	0.8992194672840729	0.7878787878787878	0.7896780303030303	0.7955922722247348	1.0	Age-only
CCCN(CCC)S(=O)(=O)c1ccc(C(=O)O)cc1	1	0	0.46461338	4	0.8771846193590918	0.65625	0.7030815396333973	0.7181064147415046	1.0	Age-only
CCCN1CCCCC1C(=O)Nc1c(C)cccc1C	1	1	0.5511389	4	0.8607835304377497	0.27906976744186046	0.4123398196487898	0.5177025802800583	1.0	Age-only
CCCOc1ccc(C(=O)OCCN(CC)CC)cc1N	1	1	0.6231209	4	0.8822442536262736	0.6607142857142857	0.6654761904761904	0.6724465148378193	1.0	Age-only
CCCc1nc(C(C)(C)O)c(C(=O)O)n1Cc1ccc(-c2ccccc2-c2nn[nH]n2)cc1	0	0	0.48955664	4	0.8800956883677679	0.7567567567567568	0.7579827249930343	0.764731939660652	0.984375	Age-only
CCN(C)C(=O)Oc1cccc(C(C)N(C)C)c1	1	1	0.6414339	4	0.8727926128972199	0.5957446808510638	0.6268345636126791	0.6630713562020553	1.0	Age-only
CCN(CC)CC#CCOC(=O)C(O)(c1ccccc1)C1CCCCC1	0	1	0.53690475	4	0.8711067457657349	0.6833333333333333	0.7103243616287095	0.7210135342381719	0.9803921568627451	Age-only
CCOC(=O)C1(c2ccccc2)CCN(C)CC1	1	1	0.63885957	4	0.8467392206245303	0.6440677966101694	0.6498696219035202	0.6626412429378532	1.0	Age-only
CCOC(=O)C1=C(COCCN)N=C(C)C(C(=O)OC)C1c1ccccc1Cl	1	1	0.6494568	4	0.8721851444065096	0.5	0.5529411764705883	0.601231190150479	1.0	Age-only
CCOC(=O)C1=CC(OC(CC)CC)C(NC(C)=O)C(N)C1	0	0	0.4641804	4	0.8791686578207872	0.7164179104477612	0.7217426381605486	0.7342404937527915	0.9791666666666666	Age-only
CCOC(=O)c1ccc(N)cc1	1	1	0.640339	4	0.8707914903230999	0.6666666666666666	0.724223602484472	0.732320153351498	1.0	Age-only
CCOc1ccccc1OCC1CNCCO1	0	1	0.71316665	4	0.8945788930020885	0.42857142857142855	0.6793650793650794	0.712056171175668	1.0	Age-only
CCOc1nc2cccc(C(=O)O)c2n1Cc1ccc(-c2ccccc2-c2nn[nH]n2)cc1	1	1	0.5835425	4	0.8739128347269374	0.7555555555555555	0.7562762762762765	0.7584042375709044	1.0	Age-only
CN(C)C(=O)C(CCN1CCC(O)(c2ccc(Cl)cc2)CC1)(c1ccccc1)c1ccccc1	1	0	0.44075572	4	0.8684356509758563	0.5483870967741935	0.5769449715370019	0.629435659568487	0.98	Age-only
CN(C)CCC(c1ccc(Cl)cc1)c1ccccn1	1	1	0.5875227	4	0.8903422392434558	0.640625	0.6815084586466165	0.6983039195210248	1.0	Age-only
CN(C)CCC=C1c2ccccc2C=Cc2ccccc21	1	1	0.6008587	4	0.9136535584348326	0.6428571428571429	0.6523809523809524	0.676984126984127	1.0	Age-only
CN(C)CCC=C1c2ccccc2CCc2ccccc21	1	1	0.5824902	4	0.9033260577628323	0.3888888888888889	0.4281842818428184	0.5057990426647562	1.0	Age-only
CN(C)CCC=C1c2ccccc2COc2ccccc21	1	1	0.5620359	4	0.9088200824537924	0.5681818181818182	0.5920454545454545	0.6362058080808082	1.0	Age-only
CN(C)CCOC(=O)C(c1ccccc1)C1(O)CCCC1	1	1	0.69197017	4	0.8595061116488864	0.6226415094339622	0.6236034036256012	0.6366735373394641	1.0	Age-only
CN(C)CCOC(c1ccccc1)c1ccccc1	1	1	0.7511524	4	0.895508493468697	0.7105263157894737	0.7135338345864662	0.7205443225180068	1.0	Age-only
CN(Cc1cnc2nc(N)nc(N)c2n1)c1ccc(C(=O)NC(CCC(=O)O)C(=O)O)cc1	0	0	0.4473862	4	0.8812420388479167	0.6885245901639344	0.7040238450074516	0.7345194440566941	1.0	Age-only
CN1C2CCC1CC(OC(=O)C(CO)c1ccccc1)C2	1	1	0.60477525	4	0.849551875348401	0.6666666666666666	0.669047619047619	0.6735337160869076	0.9772727272727273	Age-only
CN1C2CCC1CC(OC(c1ccccc1)c1ccccc1)C2	1	1	0.6431969	4	0.8883904132995109	0.6666666666666666	0.7068980832164564	0.7149978457956347	1.0	Age-only
CN1C2CCCC1CC(NC(=O)c1nn(C)c3ccccc13)C2	1	1	0.665935	4	0.8667308944626266	0.7419354838709677	0.7437528396183553	0.7486567027613711	1.0	Age-only
CN1CCN(c2ccc(C(=O)Nc3[nH]nc4ccc(Cc5cc(F)cc(F)c5)cc34)c(NC3CCOCC3)c2)CC1	1	0	0.4722422	4	0.878256596814008	0.6923076923076923	0.7123954273413675	0.7314899592779024	0.9878048780487805	Age-only
CNC1CCC(c2ccc(Cl)c(Cl)c2)c2ccccc21	1	1	0.5488535	4	0.8993112284692911	0.7636363636363637	0.7714578622041308	0.7744759623670155	1.0	Age-only
CNCCC(Oc1ccccc1C)c1ccccc1	0	1	0.73365337	4	0.8927421706098124	0.4418604651162791	0.4618217054263566	0.5130039284888972	1.0	Age-only
CNS(=O)(=O)Cc1ccc2[nH]cc(CCN(C)C)c2c1	0	1	0.64580524	4	0.9028554869091641	0.6440677966101694	0.7122006560962275	0.7286004602644441	1.0	Age-only
COC(=O)C1C(OC(=O)c2ccccc2)CC2CCC1N2C	1	1	0.70168906	4	0.8635953610868625	0.6888888888888889	0.7137777777777776	0.7168346488565066	1.0	Age-only
COC(=O)N(C)c1c(N)nc(-c2nn(Cc3ccccc3F)c3ncccc23)nc1N	1	0	0.46555954	4	0.8736020933809843	0.7659574468085106	0.7684376259798432	0.7721636873902643	0.9848484848484849	Age-only
COC(=O)NC(C(=O)NC(Cc1ccccc1)C(O)CN(Cc1ccc(-c2ccccn2)cc1)NC(=O)C(NC(=O)OC)C(C)(C)C)C(C)(C)C	1	1	0.6422263	4	0.8872590977550693	0.7472527472527473	0.7523894709941221	0.7541102308544169	1.0	Age-only
COCC(=O)Nc1c(I)c(C(=O)NCC(O)CO)c(I)c(C(=O)N(C)CC(O)CO)c1I	1	1	0.686174	4	0.9134846322199863	0.7288135593220338	0.7739724767830325	0.7818365611757587	1.0	Age-only
COc1ccc(-n2nc(C(N)=O)c3c2C(=O)N(c2ccc(N4CCCCC4=O)cc2)CC3)cc1	1	0	0.47952884	4	0.881128514880865	0.7538461538461538	0.7568298368298368	0.7607387982387982	0.9848484848484849	Age-only
COc1ccccc1OCC(O)CO	0	1	0.80081123	4	0.8814338909246492	0.3235294117647059	0.5236791162274476	0.5636503272753692	1.0	Age-only
COc1ccccc1OCCNCC(O)COc1cccc2[nH]c3ccccc3c12	1	1	0.8691558	4	0.8914925798149654	0.5818181818181818	0.5853291536050157	0.6022754205669865	1.0	Age-only
C[N+]1(C)CCC(OC(=O)C(O)(c2ccccc2)C2CCCC2)C1	1	1	0.526776	4	0.8822237158367242	0.6984126984126984	0.7113044076424357	0.7210950412828346	1.0	Age-only
Cc1ccc(-c2nc3ccc(C)cn3c2CC(=O)N(C)C)cc1	0	1	0.50608915	4	0.8910892908901065	0.7922077922077922	0.7932366258938266	0.7938795734603712	1.0	Age-only
Cc1ccc(NC(=O)C2(c3ccc4c(c3)OC(F)(F)O4)CC2)nc1-c1cccc(C(=O)O)c1	0	0	0.4356774	4	0.8813176046956007	0.7303370786516854	0.7348072973299505	0.7441534477054594	1.0	Age-only
Cc1cccc(C)c1OCC(=O)NC(Cc1ccccc1)C(O)CC(Cc1ccccc1)NC(=O)C(C(C)C)N1CCCNC1=O	1	1	0.6845491	4	0.8739324294700486	0.7058823529411765	0.7119586296056885	0.7237164654044449	1.0	Age-only
Cc1ncc([N+](=O)[O-])n1CCO	1	0	0.3900999	4	0.8971377505809679	0.7727272727272727	0.7782742681047766	0.7846211021954285	1.0	Age-only
Cn1c(CNc2ccc(C(=N)N)cc2)nc2cc(C(=O)N(CCC(=O)O)c3ccccn3)ccc21	1	1	0.57276946	4	0.8782752308328275	0.36046511627906974	0.4583843329253366	0.5900272501523691	1.0	Age-only
N#Cc1ccccc1-c1cc(-c2ccccn2)cn(-c2ccccc2)c1=O	0	0	0.40188324	4	0.9096886016412925	0.7424242424242424	0.7576277056277056	0.7650315071825369	1.0	Age-only
N=c1cc(N2CCCCC2)nc(N)n1O	1	0	0.33372718	4	0.91373381248348	0.8115942028985508	0.8141614906832297	0.8158550004018834	1.0	Age-only
NNC(=O)c1ccncc1	0	0	0.49052075	4	0.8800047219120164	0.6875	0.700859247135843	0.720926532096745	1.0	Age-only
Nc1ccc(O)c(C(=O)O)c1	1	0	0.39345124	4	0.8887833648712521	0.5	0.6182456140350877	0.6398187661345555	1.0	Age-only
Nc1ccncc1N	1	0	0.46987608	4	0.9322010859080236	0.7241379310344828	0.7599254426840634	0.7783703243473359	1.0	Age-only
O=C(NCC1CN(c2ccc(N3CCOCC3=O)cc2)C(=O)O1)c1ccc(Cl)s1	1	0	0.48616457	4	0.8870537591930524	0.7659574468085106	0.7667889459525556	0.7783685373241659	1.0	Age-only
O=C(OC1CN2CCC1CC2)N1CCc2ccccc2C1c1ccccc1	1	1	0.5178913	4	0.8855891016276438	0.696969696969697	0.7013257575757577	0.7211095295111689	1.0	Age-only
O=C1Nc2ccc(Cl)cc2C(C#CC2CC2)(C(F)(F)F)O1	0	0	0.35725617	4	0.9036418928868898	0.7258064516129032	0.7284178187403995	0.737676029979369	1.0	Age-only
O=P1(N(CCCl)CCCl)NCCCO1	1	0	0.4861955	4	0.9442410354918198	0.78125	0.7965210052513129	0.8160502176197644	1.0	Age-only
O=P1(NCCCl)OCCCN1CCCl	0	0	0.39008272	4	0.9337559913042235	0.8043478260869565	0.8252986694872794	0.8352126941434732	1.0	Age-only
O=c1ccc2ccc(OCCCCN3CCN(c4cccc5sccc45)CC3)cc2[nH]1	1	0	0.49400014	4	0.8887207139946871	0.5657894736842105	0.5918720852764824	0.6574480426727077	1.0	Age-only
OC(CCN1CCCCC1)(c1ccccc1)C1CCCCC1	1	0	0.41555423	4	0.8855159734031166	0.6724137931034483	0.6916256157635466	0.707857021230433	1.0	Age-only
OC(Cn1cncn1)(Cn1cncn1)c1ccc(F)cc1F	1	0	0.32437807	4	0.9054823277276075	0.40384615384615385	0.4082621082621083	0.5043721952218685	1.0	Age-only
OCCN(CCO)c1nc(N2CCCCC2)c2nc(N(CCO)CCO)nc(N3CCCCC3)c2n1	1	0	0.4234568	4	0.9218283583309645	0.8253968253968254	0.8258347016967706	0.8280100194611688	1.0	Age-only
Oc1c2c(c(O)n1CC1CCCCC1CN1CCN(c3nsc4ccccc34)CC1)C1CCC2C1	0	1	0.5935718	4	0.8990982401227537	0.7692307692307693	0.7698149951314509	0.7781135937864785	1.0	Age-only
Oc1cc2cc(CCN3CCN(c4nsc5ccccc45)CC3)c(Cl)cc2[nH]1	1	1	0.5449107	4	0.8959904481560846	0.7272727272727273	0.7280547409579669	0.7311654176170307	1.0	Age-only
c1cc(CN2CCCNCCNCCCNCC2)ccc1CN1CCCNCCNCCCNCC1	1	0	0.47744387	4	0.9123051848342493	0.717391304347826	0.7491192865105908	0.7646523269285417	1.0	Age-only
CC#CCC(C)C(O)C=CC1C(O)CC2CC(=CCCCC(=O)O)CC21	1	0	0.22105032	4	0.9019117988584358	0.7176470588235294	0.7511280875986758	0.7718188801417837	0.9846153846153847	Age-only
CC(=O)NCC1CN(c2ccc(N3CCOCC3)c(F)c2)C(=O)O1	0	0	0.44401193	4	0.8701110854796955	0.7349397590361446	0.7482179932028529	0.7553990687067329	0.9846153846153847	Age-only
CC(C)(C(=O)O)c1ccc(C(O)CCCN2CCC(C(O)(c3ccccc3)c3ccccc3)CC2)cc1	1	1	0.52476305	4	0.8644416520409447	0.6285714285714286	0.6608325920654686	0.680982031666963	0.9818181818181818	Age-only
CC(C)(C)C(NC(=O)C(F)(F)F)C(=O)N1CC2C(C1C(=O)NC(C#N)CC1CCNC1=O)C2(C)C	0	0	0.28613427	4	0.8993174689635024	0.797979797979798	0.7983838383838384	0.8020812551190217	0.989010989010989	Age-only
CC(C)(C)NCC(O)COc1cccc2c1CC(O)C(O)C2	1	1	0.8095635	4	0.8773719703130094	0.5932203389830508	0.5974416373520947	0.6124368526748245	1.0	Age-only
CC(C)(CO)c1cc2cc(NC(=O)C3(c4ccc5c(c4)OC(F)(F)O5)CC3)c(F)cc2n1CC(O)CO	0	0	0.46400544	4	0.8886653057235752	0.7864077669902912	0.7984316654219568	0.8041500705335657	0.9864864864864865	Age-only
CC(C)(O)c1ccccc1CCC(SCC1(CC(=O)O)CC1)c1cccc(C=Cc2ccc3ccc(Cl)cc3n2)c1	0	0	0.3427817	4	0.8843714218175991	0.7608695652173914	0.762379862700229	0.7724586783015881	0.9878048780487805	Age-only
CC(C)CC(NC(=O)C(Cc1ccccc1)NC(=O)c1cnccn1)B(O)O	1	1	0.64261246	4	0.8787545490115928	0.671875	0.6882211538461538	0.7017895299145299	1.0	Age-only
CC(C)CC1C(=O)N2CCCC2C2(O)OC(NC(=O)C3C=C4c5cccc6[nH]c(Br)c(c56)CC4N(C)C3)(C(C)C)C(=O)N12	1	0	0.4998291	4	0.8833164649394039	0.7627118644067796	0.7795693999083829	0.7823004602665619	1.0	Age-only
CC(C)[N+]1(C)C2CCC1CC(OC(=O)C(CO)c1ccccc1)C2	1	1	0.57227564	4	0.8624851345121697	0.6885245901639344	0.6908196721311475	0.6955534126218794	1.0	Age-only
CC(C)c1nc(CN(C)C(=O)NC(C(=O)NC(Cc2ccccc2)CC(O)C(Cc2ccccc2)NC(=O)OCc2cncs2)C(C)C)cs1	0	1	0.67515683	4	0.8908731143128324	0.375	0.5186170212765957	0.6191423693196743	1.0	Age-only
CC(CS)C(=O)N1CCCC1C(=O)O	1	0	0.40427306	4	0.898912146263594	0.5272727272727272	0.5438520801232666	0.580859441876391	1.0	Age-only
CC(O)(CS(=O)(=O)c1ccc(F)cc1)C(=O)Nc1ccc(C#N)c(C(F)(F)F)c1	1	0	0.4741946	4	0.8845707557167222	0.7230769230769231	0.7252969814995132	0.7296790879069361	1.0	Age-only
CC(O)C(O)C1CNc2[nH]c(N)nc(=O)c2N1	0	0	0.3745442	4	0.8968182425428225	0.75	0.75	0.750910746812386	1.0	Age-only
CC12C=CC(=O)C=C1CCC1C3CC(O)C(O)(C(=O)CO)C3(C)CC(O)C12F	0	0	0.4782074	4	0.8955720573342203	0.5072463768115942	0.537184265010352	0.5594145387623649	0.9850746268656716	Age-only
CC1CC2C3CC(F)C4=CC(=O)C=CC4(C)C3(F)C(O)CC2(C)C1(O)C(=O)SCF	1	0	0.4160715	4	0.9054298862476781	0.7142857142857143	0.7285714285714286	0.7377528789293496	0.9861111111111112	Age-only
CC1CC2C3CC=C4CC(=O)C=CC4(C)C3(Cl)C(O)CC2(C)C1(OC(=O)c1ccco1)C(=O)CCl	0	0	0.35939825	4	0.8964789948980192	0.673469387755102	0.6901187950427695	0.6958305737036288	1.0	Age-only
CC1CC2C3CC=C4CC(=O)C=CC4(C)C3(F)C(O)CC2(C)C1(O)C(=O)CO	0	0	0.38075212	4	0.8995412164596348	0.618421052631579	0.618796992481203	0.6262343893922843	0.9855072463768116	Age-only
CCC(=O)C(CC(C)N(C)C)(c1ccccc1)c1ccccc1	1	1	0.56758595	4	0.8696932584532889	0.6153846153846154	0.6461538461538461	0.6716881716881716	1.0	Age-only
CCC(=O)OCC(=O)C1(OC(=O)CC)C(C)CC2C3CC=C4CC(=O)C=CC4(C)C3(Cl)C(O)CC21C	0	0	0.2738657	4	0.8989052029334184	0.6363636363636364	0.6448952989656043	0.663830721647558	1.0	Age-only
CCC(c1cccc(O)c1)C(C)CN(C)C	1	1	0.6519309	4	0.8945282434043369	0.5952380952380952	0.6149659863945578	0.6551719220182832	1.0	Age-only
CCCC1CC(C(=O)NC(C(C)Cl)C2OC(SC)C(O)C(O)C2O)N(C)C1	0	1	0.5257277	4	0.9001687632171866	0.7681159420289855	0.7735132433783108	0.7771114442778612	0.9857142857142858	Age-only
CCCC1CC(C(=O)NC(C(C)O)C2OC(SC)C(O)C(O)C2O)N(C)C1	1	1	0.5845785	4	0.9036897747212208	0.7611940298507462	0.7617164179104478	0.7691665417532138	1.0	Age-only
CCCCC(=O)N(Cc1ccc(-c2ccccc2-c2nn[nH]n2)cc1)C(C(=O)O)C(C)C	1	1	0.6040975	4	0.8757471360818284	0.7272727272727273	0.7282099343955014	0.7324651685617652	1.0	Age-only
CCCCC(C)(O)CC=CC1C(O)CC(=O)C1CCCCCCC(=O)OC	1	0	0.24269794	4	0.8895093864409128	0.7195121951219512	0.7402008608321378	0.7479217126137105	0.9833333333333333	Age-only
CCCCCC(C)(O)C=CC1C(O)CC(O)C1CC=CCCCC(=O)O	1	0	0.1792572	4	0.9061042337097168	0.5633802816901409	0.6485100074128984	0.7174716006922673	0.9864864864864865	Age-only
CCCCCC(O)C=CC1C(O)CC2OC(=CCCCC(=O)O)CC21	1	0	0.22666144	4	0.8944650994101003	0.6363636363636364	0.7121925133689839	0.747441737637816	1.0	Age-only
CCCCCC(O)CCC1C(O)CC2Cc3c(cccc3OCC(=O)O)CC21	1	1	0.60393703	4	0.874017774972719	0.6625	0.7111538461538462	0.7277065527065527	0.9841269841269841	Age-only
CCCCN1CCCCC1C(=O)Nc1c(C)cccc1C	1	1	0.5664693	4	0.8628204254881542	0.3111111111111111	0.43764705882352944	0.5371601780808941	1.0	Age-only
CCCCNc1ccc(C(=O)OCCOCCOCCOCCOCCOCCOCCOCCOCCOC)cc1	1	1	0.7290153	4	0.8768016885820807	0.6557377049180327	0.6937075113457442	0.7117088513324309	1.0	Age-only
CCCCc1nc(Cl)c(CO)n1Cc1ccc(-c2ccccc2-c2nn[nH]n2)cc1	1	1	0.5713862	4	0.8992194672840729	0.7878787878787878	0.7896780303030303	0.7955922722247348	1.0	Age-only
CCCc1nc2c(C)cc(-c3nc4ccccc4n3C)cc2n1Cc1ccc(-c2ccccc2C(=O)O)cc1	1	0	0.41855815	4	0.8831523601438875	0.7228915662650602	0.7468597077385171	0.7556826064976313	1.0	Age-only
CCN(CC)CC#CCOC(=O)C(O)(c1ccccc1)C1CCCCC1	0	1	0.55018926	4	0.8711067457657349	0.6833333333333333	0.7103243616287095	0.7210135342381719	0.9803921568627451	Age-only
CCN(CC)CCNC(=O)c1ccc(N)cc1	1	1	0.6598915	4	0.8792997098107238	0.5306122448979592	0.5567974882260597	0.6071394444065251	1.0	Age-only
CCOC(=O)C1=C(C)N=C(C)C(C(=O)OC)C1c1cccc(Cl)c1Cl	1	1	0.7550738	4	0.8628836830878749	0.2037037037037037	0.3711366538952746	0.46312561649237893	1.0	Age-only
CCOC(=O)C1=C(COCCN)N=C(C)C(C(=O)OC)C1c1ccccc1Cl	1	1	0.66825515	4	0.8721851444065096	0.5	0.5529411764705883	0.601231190150479	1.0	Age-only
CCOC(=O)C1=CC(OC(CC)CC)C(NC(C)=O)C(N)C1	0	0	0.4862347	4	0.8791686578207872	0.7164179104477612	0.7217426381605486	0.7342404937527915	0.9791666666666666	Age-only
CCOc1ccccc1OCC1CNCCO1	0	1	0.73306435	4	0.8945788930020885	0.42857142857142855	0.6793650793650794	0.712056171175668	1.0	Age-only
CCOc1nc2cccc(C(=O)O)c2n1Cc1ccc(-c2ccccc2-c2nn[nH]n2)cc1	1	1	0.60055923	4	0.8739128347269374	0.7555555555555555	0.7562762762762765	0.7584042375709044	1.0	Age-only
CN(C)C(=O)C(CCN1CCC(O)(c2ccc(Cl)cc2)CC1)(c1ccccc1)c1ccccc1	1	0	0.46139234	4	0.8684356509758563	0.5483870967741935	0.5769449715370019	0.629435659568487	0.98	Age-only
CN(C)CCC(c1ccc(Br)cc1)c1ccccn1	1	1	0.67342615	4	0.8985579748543426	0.6666666666666666	0.7001486767766874	0.7145005876272601	1.0	Age-only
CN(C)CCC(c1ccc(Cl)cc1)c1ccccn1	1	1	0.61095273	4	0.8903422392434558	0.640625	0.6815084586466165	0.6983039195210248	1.0	Age-only
CN(C)CCC=C1c2ccccc2C=Cc2ccccc21	1	1	0.62011683	4	0.9136535584348326	0.6428571428571429	0.6523809523809524	0.676984126984127	1.0	Age-only
CN(C)CCC=C1c2ccccc2CCc2ccccc21	1	1	0.59893525	4	0.9033260577628323	0.3888888888888889	0.4281842818428184	0.5057990426647562	1.0	Age-only
CN(C)CCC=C1c2ccccc2COc2ccccc21	1	1	0.5773668	4	0.9088200824537924	0.5681818181818182	0.5920454545454545	0.6362058080808082	1.0	Age-only
CN(C)CCOC(C)(c1ccccc1)c1ccccn1	1	1	0.69592845	4	0.8986288335844801	0.6111111111111112	0.6741652983032294	0.7043949201266065	1.0	Age-only
CN(C)CCOC(c1ccccc1)c1ccccc1	1	1	0.77017903	4	0.895508493468697	0.7105263157894737	0.7135338345864662	0.7205443225180068	1.0	Age-only
CN(Cc1cnc2nc(N)nc(N)c2n1)c1ccc(C(=O)NC(CCC(=O)O)C(=O)O)cc1	0	0	0.45776725	4	0.8812420388479167	0.6885245901639344	0.7040238450074516	0.7345194440566941	1.0	Age-only
CN1C2CC(OC(=O)C(CO)c3ccccc3)CC1C1OC12	0	1	0.5895505	4	0.8533601075966896	0.6779661016949152	0.6811483915600138	0.6918106853538653	1.0	Age-only
CN1C2CCC1CC(OC(=O)C(CO)c1ccccc1)C2	1	1	0.6284071	4	0.849551875348401	0.6666666666666666	0.669047619047619	0.6735337160869076	0.9772727272727273	Age-only
CN1CCCC1Cc1c[nH]c2ccc(CCS(=O)(=O)c3ccccc3)cc12	1	1	0.53996915	4	0.8852459763157043	0.7191011235955056	0.7252722072093427	0.738162972150551	1.0	Age-only
CN1c2c([nH]c(N)nc2=O)NCC1CNc1ccc(C(=O)NC(CCC(=O)O)C(=O)O)cc1	0	0	0.36747545	4	0.873541560364932	0.7121212121212122	0.7379110251450678	0.7561214642331664	1.0	Age-only
CNC1CCC(c2ccc(Cl)c(Cl)c2)c2ccccc21	1	1	0.5692071	4	0.8993112284692911	0.7636363636363637	0.7714578622041308	0.7744759623670155	1.0	Age-only
CNCCC(Oc1ccccc1C)c1ccccc1	1	1	0.7565259	4	0.8927421706098124	0.4418604651162791	0.4618217054263566	0.5130039284888972	1.0	Age-only
CNS(=O)(=O)Cc1ccc2[nH]cc(CCN(C)C)c2c1	0	1	0.6626972	4	0.9028554869091641	0.6440677966101694	0.7122006560962275	0.7286004602644441	1.0	Age-only
COC(=O)C1C(OC(=O)c2ccccc2)CC2CCC1N2C	1	1	0.7189337	4	0.8635953610868625	0.6888888888888889	0.7137777777777776	0.7168346488565066	1.0	Age-only
COC(=O)N(C)c1c(N)nc(-c2nn(Cc3ccccc3F)c3ncccc23)nc1N	1	0	0.48877728	4	0.8736020933809843	0.7659574468085106	0.7684376259798432	0.7721636873902643	0.9848484848484849	Age-only
COCC(=O)Nc1c(I)c(C(=O)NCC(O)CO)c(I)c(C(=O)N(C)CC(O)CO)c1I	1	1	0.7008865	4	0.9134846322199863	0.7288135593220338	0.7739724767830325	0.7818365611757587	1.0	Age-only
COc1ccc(-n2nc(C(N)=O)c3c2C(=O)N(c2ccc(N4CCCCC4=O)cc2)CC3)cc1	1	1	0.501737	4	0.881128514880865	0.7538461538461538	0.7568298368298368	0.7607387982387982	0.9848484848484849	Age-only
COc1ccc(C(=O)CC(=O)c2ccc(C(C)(C)C)cc2)cc1	1	1	0.6661018	4	0.8677380486085825	0.6511627906976745	0.6712473572938689	0.6826795082609036	1.0	Age-only
COc1ccccc1OCC(O)CO	0	1	0.8198841	4	0.8814338909246492	0.3235294117647059	0.5236791162274476	0.5636503272753692	1.0	Age-only
COc1ccccc1OCCNCC(O)COc1cccc2[nH]c3ccccc3c12	1	1	0.8823441	4	0.8914925798149654	0.5818181818181818	0.5853291536050157	0.6022754205669865	1.0	Age-only
COc1nc2ccc(Br)cc2cc1C(c1ccccc1)C(O)(CCN(C)C)c1cccc2ccccc12	1	1	0.57805926	4	0.8963282426282402	0.7669902912621359	0.7711586357060833	0.7730348949160935	1.0	Age-only
C[N+]1(C)CCC(OC(=O)C(O)(c2ccccc2)C2CCCC2)C1	1	1	0.5439293	4	0.8822237158367242	0.6984126984126984	0.7113044076424357	0.7210950412828346	1.0	Age-only
Cc1ccc(-c2cc(C(F)(F)F)nn2-c2ccc(S(N)(=O)=O)cc2)cc1	1	0	0.3397333	4	0.904448768130126	0.6785714285714286	0.7490476190476191	0.7609651523444625	1.0	Age-only
Cc1ccc(-c2nc3ccc(C)cn3c2CC(=O)N(C)C)cc1	1	1	0.5233225	4	0.8910892908901065	0.7922077922077922	0.7932366258938266	0.7938795734603712	1.0	Age-only
Cc1ccc(NC(=O)C2(c3ccc4c(c3)OC(F)(F)O4)CC2)nc1-c1cccc(C(=O)O)c1	0	0	0.44728082	4	0.8813176046956007	0.7303370786516854	0.7348072973299505	0.7441534477054594	1.0	Age-only
Cc1cccc(C)c1OCC(=O)NC(Cc1ccccc1)C(O)CC(Cc1ccccc1)NC(=O)C(C(C)C)N1CCCNC1=O	1	1	0.7007824	4	0.8739324294700486	0.7058823529411765	0.7119586296056885	0.7237164654044449	1.0	Age-only
Cc1ncc([N+](=O)[O-])n1CCO	1	0	0.41589078	4	0.8971377505809679	0.7727272727272727	0.7782742681047766	0.7846211021954285	1.0	Age-only
Cn1c(CNc2ccc(C(=N)N)cc2)nc2cc(C(=O)N(CCC(=O)O)c3ccccn3)ccc21	1	1	0.5928302	4	0.8782752308328275	0.36046511627906974	0.4583843329253366	0.5900272501523691	1.0	Age-only
N#Cc1ccccc1-c1cc(-c2ccccn2)cn(-c2ccccc2)c1=O	0	0	0.41880018	4	0.9096886016412925	0.7424242424242424	0.7576277056277056	0.7650315071825369	1.0	Age-only
N=c1cc(N2CCCCC2)nc(N)n1O	1	0	0.35290527	4	0.91373381248348	0.8115942028985508	0.8141614906832297	0.8158550004018834	1.0	Age-only
NC(=O)N1CCC(CC(=O)N2CCC(C3c4ncc(Br)cc4CCc4cc(Cl)cc(Br)c43)CC2)CC1	1	0	0.36229053	4	0.8839351066544868	0.7325581395348837	0.740069500133654	0.7552911095145185	0.984375	Age-only
NNC(=O)c1ccncc1	0	1	0.5167191	4	0.8800047219120164	0.6875	0.700859247135843	0.720926532096745	1.0	Age-only
Nc1ccc(O)c(C(=O)O)c1	1	0	0.41499096	4	0.8887833648712521	0.5	0.6182456140350877	0.6398187661345555	1.0	Age-only
Nc1ccc(S(=O)(=O)c2ccc(N)cc2)cc1	1	1	0.50474143	4	0.923260486671299	0.6285714285714286	0.6285714285714286	0.6789554531490016	1.0	Age-only
O=C(NCC1CN(c2ccc(N3CCOCC3=O)cc2)C(=O)O1)c1ccc(Cl)s1	1	1	0.50561917	4	0.8870537591930524	0.7659574468085106	0.7667889459525556	0.7783685373241659	1.0	Age-only
O=C1CC2(CCCC2)CC(=O)N1CCCCN1CCN(c2ncccn2)CC1	1	0	0.4731921	4	0.8913791481730738	0.7297297297297297	0.7316098707403056	0.735366422322944	1.0	Age-only
O=P1(N(CCCl)CCCl)NCCCO1	1	1	0.50387704	4	0.9442410354918198	0.78125	0.7965210052513129	0.8160502176197644	1.0	Age-only
O=P1(NCCCl)OCCCN1CCCl	0	0	0.4119502	4	0.9337559913042235	0.8043478260869565	0.8252986694872794	0.8352126941434732	1.0	Age-only
O=c1ccc2ccc(OCCCCN3CCN(c4cccc5sccc45)CC3)cc2[nH]1	0	1	0.51880455	4	0.8887207139946871	0.5657894736842105	0.5918720852764824	0.6574480426727077	1.0	Age-only
OC(Cn1cncn1)(Cn1cncn1)c1ccc(F)cc1F	1	0	0.34029013	4	0.9054823277276075	0.40384615384615385	0.4082621082621083	0.5043721952218685	1.0	Age-only
OCCN(CCO)c1nc(N2CCCCC2)c2nc(N(CCO)CCO)nc(N3CCCCC3)c2n1	1	0	0.4375979	4	0.9218283583309645	0.8253968253968254	0.8258347016967706	0.8280100194611688	1.0	Age-only
Oc1c2c(c(O)n1CC1CCCCC1CN1CCN(c3nsc4ccccc34)CC1)C1CCC2C1	0	1	0.6173656	4	0.8990982401227537	0.7692307692307693	0.7698149951314509	0.7781135937864785	1.0	Age-only
Oc1cc2cc(CCN3CCN(c4nsc5ccccc45)CC3)c(Cl)cc2[nH]1	1	1	0.5656627	4	0.8959904481560846	0.7272727272727273	0.7280547409579669	0.7311654176170307	1.0	Age-only
C#CCC(Cc1cnc2nc(N)nc(N)c2n1)c1ccc(C(=O)NC(CCC(=O)O)C(=O)O)cc1	0	0	0.48811358	4	0.8927893205865506	0.703125	0.7175271739130433	0.7351341442374051	1.0	Age-only
C#CCN(C)C(C)Cc1ccccc1	0	1	0.6853888	4	0.8986491019830353	0.5757575757575758	0.5806060606060607	0.6137733928431603	1.0	Age-only
C#CCNC1CCc2ccccc21	0	1	0.6971362	4	0.8943051650617007	0.7142857142857143	0.715527950310559	0.7210383819079471	1.0	Age-only
C=C1CC2C(CCC3(C)C(=O)CCC23)C2(C)C=CC(=O)C=C12	0	1	0.5732856	4	0.9027113743519414	0.5555555555555556	0.6209354575163399	0.6456177378358752	1.0	Age-only
C=CCN1CC(C(=O)N(CCCN(C)C)C(=O)NCC)CC2c3cccc4[nH]cc(c34)CC21	1	0	0.49995035	4	0.8915708081981624	0.7640449438202247	0.7762062128222075	0.7817864214536666	1.0	Age-only
CC#CC1(O)CCC2C3=C(C4=C(CC3)CC(=O)CC4)C(c3ccc(N(C)C)cc3)CC21C	0	1	0.6033405	4	0.9045378797544898	0.25396825396825395	0.6080477890604474	0.6616837622463502	1.0	Age-only
CC#CCC(C)C(O)C=CC1C(O)CC2CC(=CCCCC(=O)O)CC21	1	0	0.2936741	4	0.9019117988584358	0.7176470588235294	0.7511280875986758	0.7718188801417837	0.9846153846153847	Age-only
CC(=O)N(CC(O)CO)c1c(I)c(C(=O)NCCO)c(I)c(C(=O)NCC(O)CO)c1I	1	1	0.7849163	4	0.9159475061492423	0.7543859649122807	0.8043983197430193	0.8105243190491522	1.0	Age-only
CC(=O)NCC1CN(c2ccc(N3CCOCC3)c(F)c2)C(=O)O1	0	1	0.5443026	4	0.8701110854796955	0.7349397590361446	0.7482179932028529	0.7553990687067329	0.9846153846153847	Age-only
CC(C)(C#N)c1cc(Cn2cncn2)cc(C(C)(C)C#N)c1	0	0	0.46311244	4	0.9210201526537904	0.703125	0.7049242424242423	0.7174043062200957	1.0	Age-only
CC(C)(C(=O)O)c1ccc(C(O)CCCN2CCC(C(O)(c3ccccc3)c3ccccc3)CC2)cc1	0	1	0.6213147	4	0.8644416520409447	0.6285714285714286	0.6608325920654686	0.680982031666963	0.9818181818181818	Age-only
CC(C)(C(=O)c1cccnc1)c1cccnc1	0	1	0.5969572	4	0.8935753879375555	0.4375	0.6100461133069828	0.6708805998182535	1.0	Age-only
CC(C)(C)C(NC(=O)C(F)(F)F)C(=O)N1CC2C(C1C(=O)NC(C#N)CC1CCNC1=O)C2(C)C	1	0	0.35524786	4	0.8993174689635024	0.797979797979798	0.7983838383838384	0.8020812551190217	0.989010989010989	Age-only
CC(C)(C)NC(=O)C1CC2CCCCC2CN1CC(O)C(Cc1ccccc1)NC(=O)C(CC(N)=O)NC(=O)c1ccc2ccccc2n1	0	1	0.6725786	4	0.8834381626007569	0.6782608695652174	0.7005716070328261	0.7106562183561096	0.9879518072289156	Age-only
CC(C)(C)NC(=O)NC(C(=O)N1CC2C(C1C(=O)NC(CC1CCC1)C(=O)C(N)=O)C2(C)C)C(C)(C)C	0	0	0.41424763	4	0.904373784593885	0.7865168539325843	0.7878341728012399	0.7910412318306235	0.9868421052631579	Age-only
CC(C)(C)NCC(O)COc1cccc2c1CC(O)C(O)C2	1	1	0.8503276	4	0.8773719703130094	0.5932203389830508	0.5974416373520947	0.6124368526748245	1.0	Age-only
CC(C)(C)NCC(O)COc1cccc2c1CCC(=O)N2	1	1	0.84219444	4	0.873194491364035	0.6379310344827587	0.639377085650723	0.6466174992256604	0.9818181818181818	Age-only
CC(C)(C)c1ccc(C(=O)CCCN2CCC(OC(c3ccccc3)c3ccccc3)CC2)cc1	1	1	0.63608545	4	0.8621589257805251	0.5074626865671642	0.620252473720428	0.6387906782990189	0.9818181818181818	Age-only
CC(C)(CO)c1cc2cc(NC(=O)C3(c4ccc5c(c4)OC(F)(F)O5)CC3)c(F)cc2n1CC(O)CO	1	1	0.5345202	4	0.8886653057235752	0.7864077669902912	0.7984316654219568	0.8041500705335657	0.9864864864864865	Age-only
CC(C)(O)c1ccccc1CCC(SCC1(CC(=O)O)CC1)c1cccc(C=Cc2ccc3ccc(Cl)cc3n2)c1	1	0	0.39167804	4	0.8843714218175991	0.7608695652173914	0.762379862700229	0.7724586783015881	0.9878048780487805	Age-only
CC(C)C(=O)OCC(=O)C12OC(C3CCCCC3)OC1CC1C3CC=C4CC(=O)C=CC4(C)C3C(O)CC12C	0	0	0.43577683	4	0.8945161000765913	0.4166666666666667	0.4252873563218391	0.4517007865574546	1.0	Age-only
CC(C)CC(N(C)C)C1(c2ccc(Cl)cc2)CCC1	1	1	0.6099093	4	0.9028578342423919	0.7692307692307693	0.769735182849937	0.7712648509708996	1.0	Age-only
CC(C)CC(NC(=O)C(CCc1ccccc1)NC(=O)CN1CCOCC1)C(=O)NC(Cc1ccccc1)C(=O)NC(CC(C)C)C(=O)C1(C)CO1	1	1	0.66572005	4	0.8699722431364247	0.6571428571428571	0.6639486356340288	0.6788018735978524	0.9866666666666667	Age-only
CC(C)CC(NC(=O)C(Cc1ccccc1)NC(=O)c1cnccn1)B(O)O	1	1	0.73528904	4	0.8787545490115928	0.671875	0.6882211538461538	0.7017895299145299	1.0	Age-only
CC(C)CC(NC(=O)CNC(=O)c1cc(Cl)ccc1Cl)B(O)O	1	1	0.6307546	4	0.8787599105367709	0.7192982456140351	0.7214703425229742	0.7286700107042101	1.0	Age-only
CC(C)CC1C(=O)N2CCCC2C2(O)OC(NC(=O)C3C=C4c5cccc6[nH]c(Br)c(c56)CC4N(C)C3)(C(C)C)C(=O)N12	1	1	0.5628475	4	0.8833164649394039	0.7627118644067796	0.7795693999083829	0.7823004602665619	1.0	Age-only
CC(C)CN(CC(O)C(Cc1ccccc1)NC(=O)OC1COC2OCCC12)S(=O)(=O)c1ccc(N)cc1	1	1	0.7278942	4	0.8802436339782446	0.7195121951219512	0.7556671449067431	0.7611505127482693	1.0	Age-only
CC(C)CN(CC(OP(=O)(O)O)C(Cc1ccccc1)NC(=O)OC1CCOC1)S(=O)(=O)c1ccc(N)cc1	0	1	0.7147513	4	0.8800992618774108	0.7411764705882353	0.7596353318037219	0.7643515209377421	1.0	Age-only
CC(C)COc1ccc(CNC(=O)N(Cc2ccc(F)cc2)C2CCN(C)CC2)cc1	0	1	0.7291851	4	0.8616636835349472	0.676056338028169	0.6939519469759736	0.7014031543545454	0.9830508474576272	Age-only
CC(C)NC(=O)COc1cccc(-c2nc(Nc3ccc4[nH]ncc4c3)c3ccccc3n2)c1	0	1	0.6989599	4	0.8746786438255104	0.7362637362637363	0.7384362763673109	0.7430560074238236	1.0	Age-only
CC(C)NCC(C(=O)N1CCN(c2ncnc3c2C(C)CC3O)CC1)c1ccc(Cl)cc1	1	1	0.56070304	4	0.8730753356252129	0.7441860465116279	0.7493614783006096	0.7536299400520629	1.0	Age-only
CC(C)OC(=O)CCCC=CCC1C(O)CC(O)C1C=CC(O)COc1cccc(C(F)(F)F)c1	0	0	0.37728652	4	0.8813745341229482	0.5308641975308642	0.5823340646104874	0.6616548629195422	0.9866666666666667	Age-only
CC(C)Oc1ccc(-c2nc(-c3cccc4c3CCC4NCCO)no2)cc1C#N	0	1	0.6958845	4	0.8895324668959954	0.7821782178217822	0.7825144778628808	0.7862251155386253	0.9863013698630136	Age-only
CC(C)[N+]1(C)C2CCC1CC(OC(=O)C(CO)c1ccccc1)C2	1	1	0.68144894	4	0.8624851345121697	0.6885245901639344	0.6908196721311475	0.6955534126218794	1.0	Age-only
CC(C)c1nc(CN(C)C(=O)NC(C(=O)NC(Cc2ccccc2)CC(O)C(Cc2ccccc2)NC(=O)OCc2cncs2)C(C)C)cs1	1	1	0.7382139	4	0.8908731143128324	0.375	0.5186170212765957	0.6191423693196743	1.0	Age-only
CC(COc1ccccc1)N(CCCl)Cc1ccccc1	1	1	0.7540362	4	0.8914192738891112	0.7037037037037037	0.706594399277326	0.7136706023704193	1.0	Age-only
CC(CS)C(=O)N1CCCC1C(=O)O	1	1	0.55375797	4	0.898912146263594	0.5272727272727272	0.5438520801232666	0.580859441876391	1.0	Age-only
CC(Cn1ccc(-c2ccc(C#N)c(Cl)c2)n1)NC(=O)c1cc(C(C)O)[nH]n1	0	1	0.6950661	4	0.8850880845462938	0.7608695652173914	0.7632411067193676	0.7691406821841604	1.0	Age-only
CC(O)(CS(=O)(=O)c1ccc(F)cc1)C(=O)Nc1ccc(C#N)c(C(F)(F)F)c1	1	1	0.56524706	4	0.8845707557167222	0.7230769230769231	0.7252969814995132	0.7296790879069361	1.0	Age-only
CC(O)C(=O)Nc1c(I)c(C(=O)NC(CO)CO)c(I)c(C(=O)NC(CO)CO)c1I	1	1	0.6679367	4	0.909636093788007	0.6444444444444445	0.7357854406130269	0.7515438359251747	1.0	Age-only
CC(O)C(O)C1CNc2[nH]c(N)nc(=O)c2N1	0	0	0.48994136	4	0.8968182425428225	0.75	0.75	0.750910746812386	1.0	Age-only
CC(Oc1cc(-c2cnn(C3CCNCC3)c2)cnc1N)c1c(Cl)ccc(F)c1Cl	1	1	0.57971454	4	0.897491376405218	0.7524752475247525	0.7630640958832725	0.7753456863434199	1.0	Age-only
CC12C=CC(=O)C=C1CCC1C3CC(O)C(O)(C(=O)CO)C3(C)CC(O)C12F	0	1	0.59656847	4	0.8955720573342203	0.5072463768115942	0.537184265010352	0.5594145387623649	0.9850746268656716	Age-only
CC12CC3CC(C)(C1)CC(N)(C3)C2	0	1	0.56165063	4	0.9442267351561472	0.8444444444444444	0.8463926940639268	0.8494625440479491	1.0	Age-only
CC1C(c2c(F)ccc(F)c2F)CC(NC(=O)c2cnc3c(c2)CC2(C3)C(=O)Nc3ncccc32)C(=O)N1CC(F)(F)F	0	0	0.41466027	4	0.8786570674761909	0.7747747747747747	0.779000819000819	0.7830512340333191	0.9875	Age-only
CC1C(c2ccccc2)CC(NC(=O)c2cnc3c(c2)CC2(C3)C(=O)Nc3ncccc32)C(=O)N1CC(F)(F)F	0	0	0.4942877	4	0.8734191749155902	0.7685185185185185	0.7712729536258948	0.7746489954006294	0.9876543209876543	Age-only
CC1CC2C3CC(F)C4=CC(=O)C=CC4(C)C3(F)C(O)CC2(C)C1(O)C(=O)SCF	1	1	0.55465555	4	0.9054298862476781	0.7142857142857143	0.7285714285714286	0.7377528789293496	0.9861111111111112	Age-only
CC1CC2C3CC(F)C4=CC(=O)C=CC4(C)C3(F)C(O)CC2(C)C1(OC(=O)c1ccco1)C(=O)SCF	0	1	0.6953756	4	0.8984231692911236	0.7676767676767676	0.7761616161616162	0.7806958473625141	0.9876543209876543	Age-only
CC1CC2C3CC=C4CC(=O)C=CC4(C)C3(Cl)C(O)CC2(C)C1(O)C(=O)CCl	0	0	0.3489111	4	0.9035996565283855	0.6463414634146342	0.661773578095189	0.6668660384492056	1.0	Age-only
CC1CC2C3CC=C4CC(=O)C=CC4(C)C3(Cl)C(O)CC2(C)C1(OC(=O)c1ccco1)C(=O)CCl	0	0	0.45689958	4	0.8964789948980192	0.673469387755102	0.6901187950427695	0.6958305737036288	1.0	Age-only
CC1CC2C3CC=C4CC(=O)C=CC4(C)C3(F)C(O)CC2(C)C1(O)C(=O)CCl	0	0	0.37707084	4	0.9009510704448246	0.6506024096385542	0.661964200007384	0.6673833570577851	0.9855072463768116	Age-only
CC1CC2C3CC=C4CC(=O)C=CC4(C)C3(F)C(O)CC2(C)C1(O)C(=O)CO	1	0	0.47647777	4	0.8995412164596348	0.618421052631579	0.618796992481203	0.6262343893922843	0.9855072463768116	Age-only
CC1Oc2cc(cnc2N)-c2c(nn(C)c2C#N)CN(C)C(=O)c2ccc(F)cc21	0	1	0.58473223	4	0.9016336017331156	0.7857142857142857	0.7917885851490613	0.7958057576582376	1.0	Age-only
CCC(=C(c1ccccc1)c1ccc(OCCN(C)C)cc1)c1ccccc1	0	1	0.75279486	4	0.8896705788511183	0.45652173913043476	0.5539837736634075	0.6209000762776505	1.0	Age-only
CCC(=O)C(CC(C)N(C)C)(c1ccccc1)c1ccccc1	1	1	0.67872316	4	0.8696932584532889	0.6153846153846154	0.6461538461538461	0.6716881716881716	1.0	Age-only
CCC(=O)OC(Cc1ccccc1)(c1ccccc1)C(C)CN(C)C	1	1	0.7547293	4	0.8746596655899054	0.7045454545454546	0.71467720685112	0.7210486725432377	1.0	Age-only
CCC(=O)OC1(C(=O)SCF)C(C)CC2C3CC(F)C4=CC(=O)C=CC4(C)C3(F)C(O)CC21C	0	1	0.62477815	4	0.9030241035908827	0.75	0.7630434782608696	0.7713105812685056	0.9864864864864865	Age-only
CCC(=O)OCC(=O)C1(OC(=O)CC)C(C)CC2C3CC=C4CC(=O)C=CC4(C)C3(Cl)C(O)CC21C	0	0	0.3666875	4	0.8989052029334184	0.6363636363636364	0.6448952989656043	0.663830721647558	1.0	Age-only
CCC(C)(C)C(=O)OC1CC(C)C=C2C=CC(C)C(CCC3CC(O)CC(=O)O3)C21	1	1	0.56851983	4	0.9012691687123396	0.813953488372093	0.8143206854345164	0.8162266130442384	0.9850746268656716	Age-only
CCC(C)C(=O)OC1CC(C)C=C2C=CC(C)C(CCC3CC(O)CC(=O)O3)C21	0	1	0.5871929	4	0.8945627734185873	0.7640449438202247	0.767780139690252	0.7817086292467675	0.9852941176470589	Age-only
CCC(C)C(=O)OC1CC(O)C=C2C=CC(C)C(CCC(O)CC(O)CC(=O)O)C21	0	1	0.63807553	4	0.8940519696516938	0.7272727272727273	0.7340909090909091	0.7552709636042969	0.9852941176470589	Age-only
CCC(CO)NC(=O)C1C=C2c3cccc4[nH]cc(c34)CC2N(C)C1	1	1	0.73458445	4	0.8800281908300925	0.7578947368421053	0.7736103295575123	0.7801260085319769	1.0	Age-only
CCC(CO)NC(=O)C1C=C2c3cccc4c3c(cn4C)CC2N(C)C1	1	1	0.68147963	4	0.8763292627673366	0.7631578947368421	0.7672016921736967	0.7719021746643994	1.0	Age-only
CCC(c1cccc(O)c1)C(C)CN(C)C	1	1	0.750746	4	0.8945282434043369	0.5952380952380952	0.6149659863945578	0.6551719220182832	1.0	Age-only
CCC=CCC=CCC=CCC=CCC=CCCCC(=O)OCC	0	0	0.39876992	4	0.9051256468003878	0.6904761904761905	0.7044177067432881	0.7166376957074632	1.0	Age-only
CCCC(NC(=O)C1C2CCCC2CN1C(=O)C(NC(=O)C(NC(=O)c1cnccn1)C1CCCCC1)C(C)(C)C)C(=O)C(=O)NC1CC1	1	1	0.5943734	4	0.9007653943020612	0.71875	0.7302184466019418	0.7357740021574972	0.9880952380952381	Age-only
CCCC(NC1CCc2cc(F)cc(F)c2C1)C(=O)Nc1cn(C(C)(C)CNCC(C)(C)C)cn1	0	0	0.4215177	4	0.8834359928053992	0.7472527472527473	0.7698587127158556	0.7774125192389955	0.9859154929577465	Age-only
CCCC1CC(C(=O)NC(C(C)Cl)C2OC(SC)C(O)C(O)C2O)N(C)C1	1	1	0.60650784	4	0.9001687632171866	0.7681159420289855	0.7735132433783108	0.7771114442778612	0.9857142857142858	Age-only
CCCCC(=O)N(Cc1ccc(-c2ccccc2-c2nn[nH]n2)cc1)C(C(=O)O)C(C)C	1	1	0.68422896	4	0.8757471360818284	0.7272727272727273	0.7282099343955014	0.7324651685617652	1.0	Age-only
CCCCC(C)(O)CC=CC1C(O)CC(=O)C1CCCCCCC(=O)OC	1	0	0.3031556	4	0.8895093864409128	0.7195121951219512	0.7402008608321378	0.7479217126137105	0.9833333333333333	Age-only
CCCCC(F)(F)C1(O)CCC2C(CC(=O)C2CCCCCCC(=O)O)O1	0	0	0.3378421	4	0.898982533460675	0.7313432835820896	0.7524552340894706	0.7629237152808998	0.9871794871794872	Age-only
CCCCC1=NC2(CCCC2)C(=O)N1Cc1ccc(-c2ccccc2-c2nn[nH]n2)cc1	1	1	0.7220202	4	0.8877048467536875	0.7571428571428571	0.7626763110307413	0.7731677343687939	1.0	Age-only
CCCCCC(C)(O)C=CC1C(O)CC(O)C1CC=CCCCC(=O)O	1	0	0.24241611	4	0.9061042337097168	0.5633802816901409	0.6485100074128984	0.7174716006922673	0.9864864864864865	Age-only
CCCCCC(O)C=CC1C(O)CC(=O)C1CC=CCCCC(=O)O	1	0	0.2669428	4	0.8909537056942142	0.5694444444444444	0.6599173270213715	0.7122039308406592	1.0	Age-only
CCCCCC(O)C=CC1C(O)CC(=O)C1CCCCCCC(=O)O	0	0	0.2604155	4	0.8862756484323328	0.6842105263157895	0.6929530277306168	0.7119498773783322	1.0	Age-only
CCCCCC(O)C=CC1C(O)CC2OC(=CCCCC(=O)O)CC21	1	0	0.29937696	4	0.8944650994101003	0.6363636363636364	0.7121925133689839	0.747441737637816	1.0	Age-only
CCCCCC(O)CCC1C(O)CC2Cc3c(cccc3OCC(=O)O)CC21	1	1	0.6879922	4	0.874017774972719	0.6625	0.7111538461538462	0.7277065527065527	0.9841269841269841	Age-only
CCCCCCCC(=O)NC(CN1CCCC1)C(O)c1ccc2c(c1)OCCO2	0	0	0.43507862	4	0.8783022866203632	0.7368421052631579	0.740682788051209	0.7492813537221431	1.0	Age-only
CCCCCN=C(N)NN=Cc1c[nH]c2ccc(OC)cc12	1	1	0.5344459	4	0.9013688503919233	0.625	0.7427215189873418	0.7564728313622948	1.0	Age-only
CCCCN1CCCCC1C(=O)Nc1c(C)cccc1C	1	1	0.68175775	4	0.8628204254881542	0.3111111111111111	0.43764705882352944	0.5371601780808941	1.0	Age-only
CCCCNc1ccc(C(=O)OCCN(C)C)cc1	1	1	0.8108855	4	0.8773454001360944	0.6774193548387096	0.6993897122929381	0.7166011512361257	1.0	Age-only
CCCCNc1ccc(C(=O)OCCOCCOCCOCCOCCOCCOCCOCCOCCOC)cc1	1	1	0.8029952	4	0.8768016885820807	0.6557377049180327	0.6937075113457442	0.7117088513324309	1.0	Age-only
CCCCc1nc(Cl)c(CO)n1Cc1ccc(-c2ccccc2-c2nn[nH]n2)cc1	1	1	0.6634654	4	0.8992194672840729	0.7878787878787878	0.7896780303030303	0.7955922722247348	1.0	Age-only
CCCN(CCC)S(=O)(=O)c1ccc(C(=O)O)cc1	1	1	0.59793127	4	0.8771846193590918	0.65625	0.7030815396333973	0.7181064147415046	1.0	Age-only
CCCN1CC(CSC)CC2c3cccc4[nH]cc(c34)CC21	1	1	0.6355667	4	0.9048302018108162	0.7794117647058824	0.7850041425020712	0.7901167115748723	1.0	Age-only
CCCN1CCCCC1C(=O)Nc1c(C)cccc1C	1	1	0.69704574	4	0.8607835304377497	0.27906976744186046	0.4123398196487898	0.5177025802800583	1.0	Age-only
CCCN=C1SC(=Cc2ccc(OCC(O)CO)c(Cl)c2)C(=O)N1c1ccccc1C	1	1	0.51039577	4	0.8915378421038554	0.7582417582417582	0.760114885114885	0.760869247711353	1.0	Age-only
CCCNC1CCc2nc(N)sc2C1	0	1	0.50666857	4	0.9180002988548173	0.8095238095238095	0.8264880952380953	0.8305837153784914	1.0	Age-only
CCCc1nc(C(C)(C)O)c(C(=O)O)n1Cc1ccc(-c2ccccc2-c2nn[nH]n2)cc1	0	1	0.59436625	4	0.8800956883677679	0.7567567567567568	0.7579827249930343	0.764731939660652	0.984375	Age-only
CCCc1nc2c(C)cc(-c3nc4ccccc4n3C)cc2n1Cc1ccc(-c2ccccc2C(=O)O)cc1	1	1	0.52891123	4	0.8831523601438875	0.7228915662650602	0.7468597077385171	0.7556826064976313	1.0	Age-only
CCN(C)C(=O)Oc1cccc(C(C)N(C)C)c1	0	1	0.7517605	4	0.8727926128972199	0.5957446808510638	0.6268345636126791	0.6630713562020553	1.0	Age-only
CCN(CC)C(=S)SSC(=S)N(CC)CC	0	1	0.59000254	4	0.9451192287423906	0.7777777777777778	0.8019098977642962	0.8138383391404722	1.0	Age-only
CCN(CC)CC#CCOC(=O)C(O)(c1ccccc1)C1CCCCC1	0	1	0.66009665	4	0.8711067457657349	0.6833333333333333	0.7103243616287095	0.7210135342381719	0.9803921568627451	Age-only
CCN(CC)CCNC(=O)c1ccc(N)cc1	1	1	0.7432885	4	0.8792997098107238	0.5306122448979592	0.5567974882260597	0.6071394444065251	1.0	Age-only
CCN(CC)CCOC(=O)c1ccc(N)cc1	1	1	0.81086797	4	0.8798657572198179	0.625	0.6543932230102443	0.6710179869163322	1.0	Age-only
CCN(CC)CCOC(=O)c1ccc(N)cc1Cl	1	1	0.73266536	4	0.8783861123599594	0.6	0.6158490566037735	0.6554083354739629	1.0	Age-only
CCN(c1cc(-c2ccc(CN3CCOCC3)cc2)cc(C(=O)NCc2c(C)cc(C)[nH]c2=O)c1C)C1CCOCC1	0	1	0.5568632	4	0.8830511472086197	0.7567567567567568	0.7684942084942085	0.7703755703755703	1.0	Age-only
CCOC(=O)C1(c2ccccc2)CCN(C)CC1	0	1	0.7613322	4	0.8467392206245303	0.6440677966101694	0.6498696219035202	0.6626412429378532	1.0	Age-only
CCOC(=O)C1(c2ccccc2)CCN(CCC(C#N)(c2ccccc2)c2ccccc2)CC1	1	1	0.6936588	4	0.8650431978029944	0.6376811594202898	0.6434782608695652	0.6717580752107606	0.9814814814814815	Age-only
CCOC(=O)C1=C(C)N=C(C)C(C(=O)OC)C1c1cccc(Cl)c1Cl	1	1	0.8113179	4	0.8628836830878749	0.2037037037037037	0.3711366538952746	0.46312561649237893	1.0	Age-only
CCOC(=O)C1=C(COCCN)N=C(C)C(C(=O)OC)C1c1ccccc1Cl	1	1	0.7239745	4	0.8721851444065096	0.5	0.5529411764705883	0.601231190150479	1.0	Age-only
CCOC(=O)C1=CC(OC(CC)CC)C(NC(C)=O)C(N)C1	0	1	0.6056869	4	0.8791686578207872	0.7164179104477612	0.7217426381605486	0.7342404937527915	0.9791666666666666	Age-only
CCOC(=O)Nc1ccc(NCc2ccc(F)cc2)cc1N	0	1	0.6448654	4	0.8751381654740225	0.7	0.719585326953748	0.7304990897262714	1.0	Age-only
CCOC(=O)c1ccc(C#Cc2ccc3c(c2)C(C)(C)CCS3)nc1	0	1	0.6355903	4	0.8790464488799998	0.7294117647058823	0.7420797970929665	0.7650723900797064	1.0	Age-only
CCOC(=O)c1ccc(N)cc1	1	1	0.78417194	4	0.8707914903230999	0.6666666666666666	0.724223602484472	0.732320153351498	1.0	Age-only
CCOC(=O)c1cncn1C(C)c1ccccc1	1	1	0.7428897	4	0.8561984663174379	0.6521739130434783	0.6821589205397303	0.687367200753365	1.0	Age-only
CCOC(=O)c1ncn2c1CN(C)C(=O)c1cc(F)ccc1-2	1	1	0.63224405	4	0.870077465110773	0.7471264367816092	0.7482758620689655	0.7490421455938697	0.9818181818181818	Age-only
CCOc1ccccc1OCC1CNCCO1	0	1	0.811498	4	0.8945788930020885	0.42857142857142855	0.6793650793650794	0.712056171175668	1.0	Age-only
CCOc1ccccc1OCCNC(C)Cc1ccc(OC)c(S(N)(=O)=O)c1	1	1	0.82720715	4	0.8849928047295492	0.6511627906976745	0.6865061941008147	0.6998969248763925	1.0	Age-only
CCOc1nc2cccc(C(=O)O)c2n1Cc1ccc(-c2ccccc2-c2nn[nH]n2)cc1	1	1	0.7000981	4	0.8739128347269374	0.7555555555555555	0.7562762762762765	0.7584042375709044	1.0	Age-only
CCOc1nc2cccc(C(=O)OC(C)OC(=O)OC3CCCCC3)c2n1Cc1ccc(-c2ccccc2-c2nn[nH]n2)cc1	1	1	0.72542816	4	0.8781459055446137	0.7545454545454545	0.7659691252144082	0.7717101412000846	1.0	Age-only
CCOc1nc2cccc(C(=O)OCc3oc(=O)oc3C)c2n1Cc1ccc(-c2ccccc2-c2nc(=O)o[nH]2)cc1	1	1	0.6893687	4	0.8848512972603788	0.7767857142857143	0.7854015250804242	0.791342598108653	1.0	Age-only
CN(C)C(=O)C(CCN1CCC(O)(c2ccc(Cl)cc2)CC1)(c1ccccc1)c1ccccc1	1	1	0.55630213	4	0.8684356509758563	0.5483870967741935	0.5769449715370019	0.629435659568487	0.98	Age-only
CN(C)CCC(c1ccc(Br)cc1)c1ccccn1	1	1	0.74501055	4	0.8985579748543426	0.6666666666666666	0.7001486767766874	0.7145005876272601	1.0	Age-only
CN(C)CCC(c1ccc(Cl)cc1)c1ccccn1	1	1	0.6760087	4	0.8903422392434558	0.640625	0.6815084586466165	0.6983039195210248	1.0	Age-only
CN(C)CCC=C1c2ccccc2C=Cc2ccccc21	1	1	0.6868576	4	0.9136535584348326	0.6428571428571429	0.6523809523809524	0.676984126984127	1.0	Age-only
CN(C)CCC=C1c2ccccc2CCc2ccccc21	1	1	0.66430557	4	0.9033260577628323	0.3888888888888889	0.4281842818428184	0.5057990426647562	1.0	Age-only
CN(C)CCC=C1c2ccccc2COc2ccc(CC(=O)O)cc21	0	1	0.50935006	4	0.8796429928342735	0.6666666666666666	0.672108843537415	0.7015660703485926	1.0	Age-only
CN(C)CCC=C1c2ccccc2COc2ccccc21	1	1	0.6451365	4	0.9088200824537924	0.5681818181818182	0.5920454545454545	0.6362058080808082	1.0	Age-only
CN(C)CCOC(=O)C(c1ccccc1)C1(O)CCCC1	1	1	0.7781867	4	0.8595061116488864	0.6226415094339622	0.6236034036256012	0.6366735373394641	1.0	Age-only
CN(C)CCOC(C)(c1ccccc1)c1ccccn1	1	1	0.763052	4	0.8986288335844801	0.6111111111111112	0.6741652983032294	0.7043949201266065	1.0	Age-only
CN(C)CCOC(c1ccccc1)c1ccccc1	1	1	0.82971877	4	0.895508493468697	0.7105263157894737	0.7135338345864662	0.7205443225180068	1.0	Age-only
CN(C)CCOc1ccccc1Cc1ccccc1	1	1	0.8085667	4	0.8978637549632561	0.6885245901639344	0.6901053864168618	0.6991813550269115	1.0	Age-only
CN(C)CCc1c[nH]c2ccc(CC3COC(=O)N3)cc12	1	1	0.6726327	4	0.8977098405803979	0.696969696969697	0.7322648788144838	0.7567745745094298	1.0	Age-only
CN(C)CCc1c[nH]c2ccc(CS(=O)(=O)N3CCCC3)cc12	1	1	0.673335	4	0.8972249392757344	0.6875	0.7157363977485929	0.7459917588743509	1.0	Age-only
CN(C)CCc1c[nH]c2ccc(Cn3cncn3)cc12	1	1	0.66089356	4	0.9124567282299858	0.6984126984126984	0.7372086441002104	0.7458966941697867	1.0	Age-only
CN(Cc1cnc2nc(N)nc(N)c2n1)c1ccc(C(=O)NC(CCC(=O)O)C(=O)O)cc1	1	1	0.54082435	4	0.8812420388479167	0.6885245901639344	0.7040238450074516	0.7345194440566941	1.0	Age-only
CN1C2CC(OC(=O)C(CO)c3ccccc3)CC1C1OC12	0	1	0.6943046	4	0.8533601075966896	0.6779661016949152	0.6811483915600138	0.6918106853538653	1.0	Age-only
CN1C2CCC1CC(OC(=O)C(CO)c1ccccc1)C2	1	1	0.7300597	4	0.849551875348401	0.6666666666666666	0.669047619047619	0.6735337160869076	0.9772727272727273	Age-only
CN1C2CCC1CC(OC(c1ccccc1)c1ccccc1)C2	1	1	0.7627406	4	0.8883904132995109	0.6666666666666666	0.7068980832164564	0.7149978457956347	1.0	Age-only
CN1C2CCCC1CC(NC(=O)c1nn(C)c3ccccc13)C2	1	1	0.7647298	4	0.8667308944626266	0.7419354838709677	0.7437528396183553	0.7486567027613711	1.0	Age-only
CN1CC(C(=O)NC2(C)OC3(O)C4CCCN4C(=O)C(Cc4ccccc4)N3C2=O)C=C2c3cccc4[nH]cc(c34)CC21	1	1	0.6302143	4	0.8830559889743617	0.7575757575757576	0.7593316340979892	0.7626935677299125	1.0	Age-only
CN1CC(C(=O)NC2(C)OC3(O)C4CCCN4C(=O)C(Cc4ccccc4)N3C2=O)CC2c3cccc4[nH]cc(c34)CC21	0	1	0.5449051	4	0.880356765315382	0.7525773195876289	0.7548920443493483	0.7593225936886175	1.0	Age-only
CN1CCC(NC(=O)Nc2ccc(C#N)cc2)CC1c1nc2ccccc2[nH]1	1	1	0.7276291	4	0.8806334806938549	0.7575757575757576	0.7665577291906407	0.7699706027405209	1.0	Age-only
CN1CCCC(n2nc(Cc3ccc(Cl)cc3)c3ccccc3c2=O)CC1	0	1	0.5946517	4	0.8780130412010292	0.7142857142857143	0.7263577002707438	0.7349794294068637	1.0	Age-only
CN1CCCC1CCOC(C)(c1ccccc1)c1ccc(Cl)cc1	1	1	0.5759833	4	0.8710386269895191	0.6615384615384615	0.6807444168734491	0.6894749841587703	1.0	Age-only
CN1CCCC1Cc1c[nH]c2ccc(CCS(=O)(=O)c3ccccc3)cc12	0	1	0.64906013	4	0.8852459763157043	0.7191011235955056	0.7252722072093427	0.738162972150551	1.0	Age-only
CN1CCN(c2ccc(C(=O)Nc3[nH]nc4ccc(Cc5cc(F)cc(F)c5)cc34)c(NC3CCOCC3)c2)CC1	1	1	0.6037375	4	0.878256596814008	0.6923076923076923	0.7123954273413675	0.7314899592779024	0.9878048780487805	Age-only
CN1c2c([nH]c(N)nc2=O)NCC1CNc1ccc(C(=O)NC(CCC(=O)O)C(=O)O)cc1	0	0	0.47998405	4	0.873541560364932	0.7121212121212122	0.7379110251450678	0.7561214642331664	1.0	Age-only
CN=C1CN(O)C(c2ccccc2)=c2cc(Cl)ccc2=N1	1	1	0.5816335	4	0.8950495645806761	0.6935483870967742	0.6964669738863287	0.6995001851338887	1.0	Age-only
CNC(=O)c1ccc(N2C(=S)N(c3ccc(C#N)c(C(F)(F)F)c3)C(=O)C2(C)C)cc1F	1	0	0.47834942	4	0.8955443330402371	0.39473684210526316	0.6062463851937536	0.67138685632919	0.9859154929577465	Age-only
CNC1CCC(c2ccc(Cl)c(Cl)c2)c2ccccc21	1	1	0.6738199	4	0.8993112284692911	0.7636363636363637	0.7714578622041308	0.7744759623670155	1.0	Age-only
CNCCC(Oc1ccccc1C)c1ccccc1	0	1	0.82062227	4	0.8927421706098124	0.4418604651162791	0.4618217054263566	0.5130039284888972	1.0	Age-only
CNCCCC12CCC(c3ccccc31)c1ccccc12	1	1	0.7241658	4	0.8961320112945239	0.6808510638297872	0.7131567520625272	0.7247444288984308	1.0	Age-only
CNCc1ccc(-c2[nH]c3cc(F)cc4c3c2CCNC4=O)cc1	1	1	0.6386145	4	0.8980492413538224	0.7662337662337663	0.7901785714285714	0.7934854497354498	1.0	Age-only
CNS(=O)(=O)CCc1ccc2[nH]cc(C3CCN(C)CC3)c2c1	1	1	0.6455538	4	0.8872284504530292	0.7536231884057971	0.7656617006182224	0.7688019548889113	1.0	Age-only
CNS(=O)(=O)Cc1ccc2[nH]cc(CCN(C)C)c2c1	1	1	0.72615814	4	0.9028554869091641	0.6440677966101694	0.7122006560962275	0.7286004602644441	1.0	Age-only
COC(=O)C1C(OC(=O)c2ccccc2)CC2CCC1N2C	1	1	0.7798897	4	0.8635953610868625	0.6888888888888889	0.7137777777777776	0.7168346488565066	1.0	Age-only
COC(=O)N(C)c1c(N)nc(-c2nn(Cc3ccccc3F)c3ncccc23)nc1N	1	1	0.55217326	4	0.8736020933809843	0.7659574468085106	0.7684376259798432	0.7721636873902643	0.9848484848484849	Age-only
COC(=O)NC(C(=O)NC(Cc1ccccc1)C(O)CN(Cc1ccc(-c2ccccn2)cc1)NC(=O)C(NC(=O)OC)C(C)(C)C)C(C)(C)C	0	1	0.7115866	4	0.8872590977550693	0.7472527472527473	0.7523894709941221	0.7541102308544169	1.0	Age-only
COC(=O)NC(C)CNc1nccc(-c2cn(C(C)C)nc2-c2cc(Cl)cc(NS(C)(=O)=O)c2F)n1	0	1	0.65592295	4	0.8801151726633253	0.7009345794392523	0.7227980741999434	0.732706084731007	0.9873417721518988	Age-only
COC(=O)Nc1c(N)nc(-c2nn(Cc3ccccc3F)c3ncc(F)cc23)nc1N	1	0	0.47840703	4	0.8719974044670102	0.759493670886076	0.759493670886076	0.7604674983183515	0.9848484848484849	Age-only
COCC(=O)Nc1c(I)c(C(=O)NCC(O)CO)c(I)c(C(=O)N(C)CC(O)CO)c1I	1	1	0.76230335	4	0.9134846322199863	0.7288135593220338	0.7739724767830325	0.7818365611757587	1.0	Age-only
COCCCN1CCC(NC(=O)c2cc(Cl)c(N)c3c2OCC3)CC1	0	1	0.60774505	4	0.8731282069751014	0.6162790697674418	0.6510861231791465	0.6841152268442827	1.0	Age-only
CONC(=O)Nc1ccc(-c2sc3c(c2CN(C)C)c(=O)n(-c2ccc(OC)nn2)c(=O)n3Cc2c(F)cccc2F)cc1	0	1	0.58134806	4	0.8890391558646698	0.7407407407407407	0.754567228903512	0.7696636193472988	0.9873417721518988	Age-only
COc1ccc(-n2nc(C(N)=O)c3c2C(=O)N(c2ccc(N4CCCCC4=O)cc2)CC3)cc1	1	1	0.6470244	4	0.881128514880865	0.7538461538461538	0.7568298368298368	0.7607387982387982	0.9848484848484849	Age-only
COc1ccc(C(=O)CC(=O)c2ccc(C(C)(C)C)cc2)cc1	0	1	0.76428086	4	0.8677380486085825	0.6511627906976745	0.6712473572938689	0.6826795082609036	1.0	Age-only
COc1ccc(CN(CCN(C)C)c2ccccn2)cc1	0	1	0.83277166	4	0.9012282784248181	0.640625	0.6544354838709678	0.6810355862775218	1.0	Age-only
COc1ccc(CN2C3CC2CN(c2ccc(-c4cc(OCC(C)(C)O)cn5ncc(C#N)c45)cn2)C3)cn1	0	1	0.503753	4	0.9017975933691006	0.7798165137614679	0.7874595642058626	0.7938599119299757	0.9878048780487805	Age-only
COc1ccccc1OCC(O)CO	0	1	0.8705329	4	0.8814338909246492	0.3235294117647059	0.5236791162274476	0.5636503272753692	1.0	Age-only
COc1ccccc1OCCNCC(O)COc1cccc2[nH]c3ccccc3c12	1	1	0.9049791	4	0.8914925798149654	0.5818181818181818	0.5853291536050157	0.6022754205669865	1.0	Age-only
COc1nc2ccc(Br)cc2cc1C(c1ccccc1)C(O)(CCN(C)C)c1cccc2ccccc12	1	1	0.6297886	4	0.8963282426282402	0.7669902912621359	0.7711586357060833	0.7730348949160935	1.0	Age-only
CS(=O)(=O)c1ccc(Oc2cc(F)cc(C#N)c2)c2c1C(O)C(F)C2F	0	1	0.7456447	4	0.9046021036585539	0.7701149425287356	0.7818710897715698	0.7846310032102525	1.0	Age-only
C[N+]1(C)CCC(OC(=O)C(O)(c2ccccc2)C2CCCC2)C1	1	1	0.6618221	4	0.8822237158367242	0.6984126984126984	0.7113044076424357	0.7210950412828346	1.0	Age-only
Cc1[nH]c(=O)c(C#N)cc1-c1ccncc1	1	1	0.6513037	4	0.9058197230637027	0.7758620689655172	0.7840353997054657	0.7891598259334209	1.0	Age-only
Cc1c(N(C)CS(=O)(=O)O)c(=O)n(-c2ccccc2)n1C	1	1	0.6901295	4	0.8810592307208523	0.75	0.7513698630136986	0.7581438433036607	1.0	Age-only
Cc1cc(=O)n(-c2ccccc2)[nH]1	0	1	0.66977614	4	0.889922147422292	0.723404255319149	0.7250648676699534	0.7341146283803264	1.0	Age-only
Cc1cc(Nc2ncnc3ccc(N=C4NC(C)(C)CO4)cc23)ccc1Oc1ccn2ncnc2c1	0	0	0.35996652	4	0.9126430418556286	0.719626168224299	0.7290241980768645	0.7347789333248284	1.0	Age-only
Cc1ccc(-c2cc(C(F)(F)F)nn2-c2ccc(S(N)(=O)=O)cc2)cc1	1	0	0.47401112	4	0.904448768130126	0.6785714285714286	0.7490476190476191	0.7609651523444625	1.0	Age-only
Cc1ccc(-c2nc3ccc(C)cn3c2CC(=O)N(C)C)cc1	1	1	0.6494615	4	0.8910892908901065	0.7922077922077922	0.7932366258938266	0.7938795734603712	1.0	Age-only
Cc1ccc(=O)n(-c2ccccc2)c1	0	1	0.6663128	4	0.8968236153950481	0.7446808510638298	0.7469641930461858	0.7526607757212322	1.0	Age-only
Cc1ccc(NC(=O)C2(c3ccc4c(c3)OC(F)(F)O4)CC2)nc1-c1cccc(C(=O)O)c1	0	1	0.53698033	4	0.8813176046956007	0.7303370786516854	0.7348072973299505	0.7441534477054594	1.0	Age-only
Cc1cccc(C)c1OCC(=O)NC(Cc1ccccc1)C(O)CC(Cc1ccccc1)NC(=O)C(C(C)C)N1CCCNC1=O	0	1	0.77238786	4	0.8739324294700486	0.7058823529411765	0.7119586296056885	0.7237164654044449	1.0	Age-only
Cc1nc(-c2ccc(OCC(C)C)c(C#N)c2)sc1C(=O)O	1	1	0.62049484	4	0.8791643943272613	0.7671232876712328	0.7697977821265491	0.7723195115474266	1.0	Age-only
Cc1nc(NC(=O)N2CCCC2C(N)=O)sc1-c1ccnc(C(C)(C)C(F)(F)F)c1	0	1	0.6352534	4	0.879633928487853	0.75	0.750561797752809	0.7528824263787911	0.9864864864864865	Age-only
Cc1ncc([N+](=O)[O-])n1CCO	1	1	0.55773693	4	0.8971377505809679	0.7727272727272727	0.7782742681047766	0.7846211021954285	1.0	Age-only
Clc1ccc(C(c2ccccc2Cl)C(Cl)Cl)cc1	0	1	0.7069671	4	0.9250381126511911	0.7317073170731707	0.7353658536585366	0.741869918699187	1.0	Age-only
Cn1c(CNc2ccc(C(=N)N)cc2)nc2cc(C(=O)N(CCC(=O)O)c3ccccn3)ccc21	1	1	0.6660625	4	0.8782752308328275	0.36046511627906974	0.4583843329253366	0.5900272501523691	1.0	Age-only
Cn1nnc(-c2ccc(-c3ccc(N4CC(CO)OC4=O)cc3F)cn2)n1	0	1	0.60220236	4	0.8715584302951926	0.7272727272727273	0.7287469287469288	0.7321009321009321	0.9841269841269841	Age-only
N#Cc1ccccc1-c1cc(-c2ccccn2)cn(-c2ccccc2)c1=O	0	1	0.54112184	4	0.9096886016412925	0.7424242424242424	0.7576277056277056	0.7650315071825369	1.0	Age-only
N=c1cc(N2CCCCC2)nc(N)n1O	1	0	0.49464735	4	0.91373381248348	0.8115942028985508	0.8141614906832297	0.8158550004018834	1.0	Age-only
NC(=O)C1CCCN1C(=O)C(Cc1c[nH]cn1)NC(=O)C1CCC(=O)N1	0	1	0.59802735	4	0.8832071391243015	0.691358024691358	0.691358024691358	0.7007427481682225	1.0	Age-only
NC(=O)c1cnccn1	1	1	0.55962014	4	0.9046282402231893	0.6451612903225806	0.6780645161290323	0.70451104839702	1.0	Age-only
NC12CC3CC(CC(C3)C1)C2	0	1	0.5370687	4	0.9589873321578979	0.8333333333333334	0.8383975812547242	0.8511642534607748	1.0	Age-only
NNC(=O)c1ccncc1	0	1	0.6515282	4	0.8800047219120164	0.6875	0.700859247135843	0.720926532096745	1.0	Age-only
Nc1ccc(C(=O)O)c(O)c1	1	1	0.56350833	4	0.8898067780223694	0.5	0.6559251559251559	0.6801923380870748	1.0	Age-only
Nc1ccc(O)c(C(=O)O)c1	1	1	0.5709608	4	0.8887833648712521	0.5	0.6182456140350877	0.6398187661345555	1.0	Age-only
Nc1ccc(S(=O)(=O)c2ccc(N)cc2)cc1	0	1	0.66203207	4	0.923260486671299	0.6285714285714286	0.6285714285714286	0.6789554531490016	1.0	Age-only
Nc1ccncc1	1	1	0.65029967	4	0.9316767158028234	0.7837837837837838	0.7837837837837838	0.7878163878163877	1.0	Age-only
Nc1ccncc1N	0	1	0.6402738	4	0.9322010859080236	0.7241379310344828	0.7599254426840634	0.7783703243473359	1.0	Age-only
Nc1nc(=O)c2c(CCc3ccc(C(=O)NC(CCC(=O)O)C(=O)O)cc3)c[nH]c2[nH]1	1	0	0.47138485	4	0.8865882174180219	0.6779661016949152	0.7067796610169491	0.734183606434296	1.0	Age-only
Nc1nc(=O)c2c([nH]1)NCC(CNc1ccc(C(=O)NC(CCC(=O)O)C(=O)O)cc1)N2C=O	0	0	0.32489792	4	0.8831992860157255	0.7164179104477612	0.7328810492989598	0.7586300614019165	1.0	Age-only
Nc1nc(=O)c2nc(CNc3ccc(C(=O)NC(CCC(=O)O)C(=O)O)cc3)cnc2[nH]1	0	0	0.39766127	4	0.8851237828084112	0.6833333333333333	0.7033333333333334	0.7211111111111113	1.0	Age-only
O=C(C1CCCCC1)N1CC(=O)N2CCc3ccccc3C2C1	0	1	0.62668586	4	0.8866976678576122	0.7123287671232876	0.7144783983140147	0.7186032458237496	1.0	Age-only
O=C(C=Cn1cnc(-c2cc(C(F)(F)F)cc(C(F)(F)F)c2)n1)NNc1cnccn1	0	0	0.39013976	4	0.9134328370251302	0.7340425531914894	0.7449805214264309	0.7651727039650323	1.0	Age-only
O=C(CCCC=CCC1C(O)CC(O)C1CCC(O)CCc1ccccc1)OCCCCO[N+](=O)[O-]	0	0	0.42470062	4	0.8885478507915258	0.3088235294117647	0.47927909976613214	0.5837722129160259	1.0	Age-only
O=C(NCC1CN(c2ccc(N3CCOCC3=O)cc2)C(=O)O1)c1ccc(Cl)s1	1	1	0.6165552	4	0.8870537591930524	0.7659574468085106	0.7667889459525556	0.7783685373241659	1.0	Age-only
O=C(O)c1cc(=O)c2c(OCC(O)COc3cccc4oc(C(=O)O)cc(=O)c34)cccc2o1	0	1	0.70579183	4	0.8652193160817574	0.6041666666666666	0.6491352201257862	0.6617059466648634	1.0	Age-only
O=C(OC1CN2CCC1CC2)N1CCc2ccccc2C1c1ccccc1	0	1	0.6547246	4	0.8855891016276438	0.696969696969697	0.7013257575757577	0.7211095295111689	1.0	Age-only
O=C(c1cc(Cc2n[nH]c(=O)c3ccccc23)ccc1F)N1CCN(C(=O)C2CC2)CC1	0	1	0.5020396	4	0.8758203671514359	0.7625	0.7630864197530863	0.7650607823660186	0.9855072463768116	Age-only
O=C1CC2(CCCC2)CC(=O)N1CCCCN1CCN(c2ncccn2)CC1	0	1	0.5969844	4	0.8913791481730738	0.7297297297297297	0.7316098707403056	0.735366422322944	1.0	Age-only
O=C1Nc2ccc(Cl)cc2C(C#CC2CC2)(C(F)(F)F)O1	0	0	0.48156172	4	0.9036418928868898	0.7258064516129032	0.7284178187403995	0.737676029979369	1.0	Age-only
O=P(O)(O)C(O)(Cc1cccnc1)P(=O)(O)O	0	1	0.61128753	4	0.8993164061327975	0.6111111111111112	0.6249322493224934	0.6491267690454684	1.0	Age-only
O=P1(N(CCCl)CCCl)NCCCO1	1	1	0.60253626	4	0.9442410354918198	0.78125	0.7965210052513129	0.8160502176197644	1.0	Age-only
O=P1(NCCCl)OCCCN1CCCl	0	1	0.5293207	4	0.9337559913042235	0.8043478260869565	0.8252986694872794	0.8352126941434732	1.0	Age-only
O=c1ccc2ccc(OCCCCN3CCN(c4cccc5sccc45)CC3)cc2[nH]1	0	1	0.64397657	4	0.8887207139946871	0.5657894736842105	0.5918720852764824	0.6574480426727077	1.0	Age-only
OC(Cn1cncn1)(Cn1cncn1)c1ccc(F)cc1F	1	0	0.4105856	4	0.9054823277276075	0.40384615384615385	0.4082621082621083	0.5043721952218685	1.0	Age-only
OCCN(CCO)c1nc(N2CCCCC2)c2nc(N(CCO)CCO)nc(N3CCCCC3)c2n1	1	1	0.529081	4	0.9218283583309645	0.8253968253968254	0.8258347016967706	0.8280100194611688	1.0	Age-only
Oc1c2c(c(O)n1CC1CCCCC1CN1CCN(c3nsc4ccccc34)CC1)C1CCC2C1	0	1	0.71070445	4	0.8990982401227537	0.7692307692307693	0.7698149951314509	0.7781135937864785	1.0	Age-only
Oc1cc2cc(CCN3CCN(c4nsc5ccccc45)CC3)c(Cl)cc2[nH]1	0	1	0.6583488	4	0.8959904481560846	0.7272727272727273	0.7280547409579669	0.7311654176170307	1.0	Age-only
c1cc(CN2CCCNCCNCCCNCC2)ccc1CN1CCCNCCNCCCNCC1	1	1	0.6326716	4	0.9123051848342493	0.717391304347826	0.7491192865105908	0.7646523269285417	1.0	Age-only
C#CCC(Cc1cnc2nc(N)nc(N)c2n1)c1ccc(C(=O)NC(CCC(=O)O)C(=O)O)cc1	0	0	0.39553586	4	0.8927893205865506	0.703125	0.7175271739130433	0.7351341442374051	1.0	Age-only
C#CCN(C)C(C)Cc1ccccc1	0	1	0.58764803	4	0.8986491019830353	0.5757575757575758	0.5806060606060607	0.6137733928431603	1.0	Age-only
C#CCNC1CCc2ccccc21	0	1	0.6007359	4	0.8943051650617007	0.7142857142857143	0.715527950310559	0.7210383819079471	1.0	Age-only
C1=CCOCc2cc(ccc2OCCN2CCCC2)Nc2nccc(n2)-c2cccc(c2)COC1	1	0	0.39382732	4	0.8924077281442627	0.7448979591836735	0.7531225823662798	0.7590176811465327	1.0	Age-only
C=C1CC2C(CCC3(C)C(=O)CCC23)C2(C)C=CC(=O)C=C12	0	0	0.4380939	4	0.9027113743519414	0.5555555555555556	0.6209354575163399	0.6456177378358752	1.0	Age-only
C=CCN1CC(C(=O)N(CCCN(C)C)C(=O)NCC)CC2c3cccc4[nH]cc(c34)CC21	1	0	0.4513938	4	0.8915708081981624	0.7640449438202247	0.7762062128222075	0.7817864214536666	1.0	Age-only
CC#CC1(O)CCC2C3=C(C4=C(CC3)CC(=O)CC4)C(c3ccc(N(C)C)cc3)CC21C	0	0	0.4888392	4	0.9045378797544898	0.25396825396825395	0.6080477890604474	0.6616837622463502	1.0	Age-only
CC#CCC(C)C(O)C=CC1C(O)CC2CC(=CCCCC(=O)O)CC21	1	0	0.22477978	4	0.9019117988584358	0.7176470588235294	0.7511280875986758	0.7718188801417837	0.9846153846153847	Age-only
CC(=O)NCC1CN(c2ccc(N3CCOCC3)c(F)c2)C(=O)O1	0	0	0.4489132	4	0.8701110854796955	0.7349397590361446	0.7482179932028529	0.7553990687067329	0.9846153846153847	Age-only
CC(=O)OCC(=O)C1(O)C(C)CC2C3CC=C4CC(=O)C=CC4(C)C3(F)C(O)CC21C	1	0	0.31708378	4	0.8960534595448917	0.5256410256410257	0.56996336996337	0.6209941427332732	0.9855072463768116	Age-only
CC(C)(C#N)c1cc(Cn2cncn2)cc(C(C)(C)C#N)c1	0	0	0.3381167	4	0.9210201526537904	0.703125	0.7049242424242423	0.7174043062200957	1.0	Age-only
CC(C)(C(=O)O)c1ccc(C(O)CCCN2CCC(C(O)(c3ccccc3)c3ccccc3)CC2)cc1	0	1	0.53085184	4	0.8644416520409447	0.6285714285714286	0.6608325920654686	0.680982031666963	0.9818181818181818	Age-only
CC(C)(C)C(NC(=O)C(F)(F)F)C(=O)N1CC2C(C1C(=O)NC(C#N)CC1CCNC1=O)C2(C)C	1	0	0.29148802	4	0.8993174689635024	0.797979797979798	0.7983838383838384	0.8020812551190217	0.989010989010989	Age-only
CC(C)(C)NC(=O)C1CC2CCCCC2CN1CC(O)C(Cc1ccccc1)NC(=O)C(CC(N)=O)NC(=O)c1ccc2ccccc2n1	1	1	0.61679983	4	0.8834381626007569	0.6782608695652174	0.7005716070328261	0.7106562183561096	0.9879518072289156	Age-only
CC(C)(C)NC(=O)NC(C(=O)N1CC2C(C1C(=O)NC(CC1CCC1)C(=O)C(N)=O)C2(C)C)C(C)(C)C	0	0	0.34808788	4	0.904373784593885	0.7865168539325843	0.7878341728012399	0.7910412318306235	0.9868421052631579	Age-only
CC(C)(C)NCC(O)COc1cccc2c1CC(O)C(O)C2	1	1	0.81266654	4	0.8773719703130094	0.5932203389830508	0.5974416373520947	0.6124368526748245	1.0	Age-only
CC(C)(C)NCC(O)COc1cccc2c1CCC(=O)N2	1	1	0.79532707	4	0.873194491364035	0.6379310344827587	0.639377085650723	0.6466174992256604	0.9818181818181818	Age-only
CC(C)(C)NCC(O)COc1cccc2c1CCCC2=O	1	1	0.745069	4	0.8739198570859075	0.6071428571428571	0.6090476190476191	0.6265046296296296	0.9814814814814815	Age-only
CC(C)(C)c1ccc(C(=O)CCCN2CCC(OC(c3ccccc3)c3ccccc3)CC2)cc1	1	1	0.5304284	4	0.8621589257805251	0.5074626865671642	0.620252473720428	0.6387906782990189	0.9818181818181818	Age-only
CC(C)(CO)c1cc2cc(NC(=O)C3(c4ccc5c(c4)OC(F)(F)O5)CC3)c(F)cc2n1CC(O)CO	1	0	0.46900338	4	0.8886653057235752	0.7864077669902912	0.7984316654219568	0.8041500705335657	0.9864864864864865	Age-only
CC(C)(O)c1ccccc1CCC(SCC1(CC(=O)O)CC1)c1cccc(C=Cc2ccc3ccc(Cl)cc3n2)c1	0	0	0.34187832	4	0.8843714218175991	0.7608695652173914	0.762379862700229	0.7724586783015881	0.9878048780487805	Age-only
CC(C)C(=O)OCC(=O)C12OC(C3CCCCC3)OC1CC1C3CC=C4CC(=O)C=CC4(C)C3C(O)CC12C	0	0	0.3593842	4	0.8945161000765913	0.4166666666666667	0.4252873563218391	0.4517007865574546	1.0	Age-only
CC(C)CC(NC(=O)C(CCc1ccccc1)NC(=O)CN1CCOCC1)C(=O)NC(Cc1ccccc1)C(=O)NC(CC(C)C)C(=O)C1(C)CO1	1	1	0.59471196	4	0.8699722431364247	0.6571428571428571	0.6639486356340288	0.6788018735978524	0.9866666666666667	Age-only
CC(C)CC(NC(=O)C(Cc1ccccc1)NC(=O)c1cnccn1)B(O)O	1	1	0.65283775	4	0.8787545490115928	0.671875	0.6882211538461538	0.7017895299145299	1.0	Age-only
CC(C)CC(NC(=O)CNC(=O)c1cc(Cl)ccc1Cl)B(O)O	1	1	0.5549081	4	0.8787599105367709	0.7192982456140351	0.7214703425229742	0.7286700107042101	1.0	Age-only
CC(C)CC1C(=O)N2CCCC2C2(O)OC(NC(=O)C3C=C4c5cccc6[nH]c(Br)c(c56)CC4N(C)C3)(C(C)C)C(=O)N12	1	1	0.5034162	4	0.8833164649394039	0.7627118644067796	0.7795693999083829	0.7823004602665619	1.0	Age-only
CC(C)CN(CC(O)C(Cc1ccccc1)NC(=O)OC1COC2OCCC12)S(=O)(=O)c1ccc(N)cc1	1	1	0.6566449	4	0.8802436339782446	0.7195121951219512	0.7556671449067431	0.7611505127482693	1.0	Age-only
CC(C)COc1ccc(CNC(=O)N(Cc2ccc(F)cc2)C2CCN(C)CC2)cc1	1	1	0.65734065	4	0.8616636835349472	0.676056338028169	0.6939519469759736	0.7014031543545454	0.9830508474576272	Age-only
CC(C)NC(=O)COc1cccc(-c2nc(Nc3ccc4[nH]ncc4c3)c3ccccc3n2)c1	0	1	0.62848365	4	0.8746786438255104	0.7362637362637363	0.7384362763673109	0.7430560074238236	1.0	Age-only
CC(C)OC(=O)CCCC=CCC1C(O)CC(O)C1C=CC(F)(F)COc1ccccc1	0	0	0.3267572	4	0.8776929628830443	0.47297297297297297	0.560386941208859	0.6502513646647059	0.9855072463768116	Age-only
CC(C)OC(=O)CCCC=CCC1C(O)CC(O)C1C=CC(O)COc1cccc(C(F)(F)F)c1	0	0	0.31854331	4	0.8813745341229482	0.5308641975308642	0.5823340646104874	0.6616548629195422	0.9866666666666667	Age-only
CC(C)Oc1ccc(-c2nc(-c3cccc4c3CCC4NCCO)no2)cc1C#N	0	1	0.6230377	4	0.8895324668959954	0.7821782178217822	0.7825144778628808	0.7862251155386253	0.9863013698630136	Age-only
CC(C)Oc1ccc(-c2nn(C(C)c3oc4ccc(F)cc4c(=O)c3-c3cccc(F)c3)c3ncnc(N)c23)cc1F	0	0	0.45795786	4	0.8995933605726913	0.7425742574257426	0.747029702970297	0.7507770194495176	0.9880952380952381	Age-only
CC(C)[N+]1(C)C2CCC1CC(OC(=O)C(CO)c1ccccc1)C2	1	1	0.57984304	4	0.8624851345121697	0.6885245901639344	0.6908196721311475	0.6955534126218794	1.0	Age-only
CC(C)c1nc(CN(C)C(=O)NC(C(=O)NC(Cc2ccccc2)CC(O)C(Cc2ccccc2)NC(=O)OCc2cncs2)C(C)C)cs1	1	1	0.6815753	4	0.8908731143128324	0.375	0.5186170212765957	0.6191423693196743	1.0	Age-only
CC(CS)C(=O)N1CCCC1C(=O)O	0	0	0.41621682	4	0.898912146263594	0.5272727272727272	0.5438520801232666	0.580859441876391	1.0	Age-only
CC(Cn1ccc(-c2ccc(C#N)c(Cl)c2)n1)NC(=O)c1cc(C(C)O)[nH]n1	0	1	0.62736523	4	0.8850880845462938	0.7608695652173914	0.7632411067193676	0.7691406821841604	1.0	Age-only
CC(O)(CS(=O)(=O)c1ccc(F)cc1)C(=O)Nc1ccc(C#N)c(C(F)(F)F)c1	1	0	0.48160622	4	0.8845707557167222	0.7230769230769231	0.7252969814995132	0.7296790879069361	1.0	Age-only
CC(O)C(=O)Nc1c(I)c(C(=O)NC(CO)CO)c(I)c(C(=O)NC(CO)CO)c1I	1	1	0.57833517	4	0.909636093788007	0.6444444444444445	0.7357854406130269	0.7515438359251747	1.0	Age-only
CC(Oc1cc(-c2cnn(C3CCNCC3)c2)cnc1N)c1c(Cl)ccc(F)c1Cl	0	1	0.51022047	4	0.897491376405218	0.7524752475247525	0.7630640958832725	0.7753456863434199	1.0	Age-only
CC12C=CC(=O)C=C1CCC1C3CC(O)C(O)(C(=O)CO)C3(C)CC(O)C12F	0	0	0.49057758	4	0.8955720573342203	0.5072463768115942	0.537184265010352	0.5594145387623649	0.9850746268656716	Age-only
CC12CC3CC(C)(C1)CC(N)(C3)C2	1	0	0.43164533	4	0.9442267351561472	0.8444444444444444	0.8463926940639268	0.8494625440479491	1.0	Age-only
CC1CC(=O)NN=C1c1ccc(NN=C(C#N)C#N)cc1	1	0	0.4402622	4	0.8936686213157429	0.7875	0.7924206349206349	0.7968866353125612	1.0	Age-only
CC1CC2C3CC(F)C4=CC(=O)C=CC4(C)C3(F)C(O)CC2(C)C1(O)C(=O)SCF	1	0	0.4298086	4	0.9054298862476781	0.7142857142857143	0.7285714285714286	0.7377528789293496	0.9861111111111112	Age-only
CC1CC2C3CC(F)C4=CC(=O)C=CC4(C)C3(F)C(O)CC2(C)C1(OC(=O)c1ccco1)C(=O)SCF	0	1	0.59163225	4	0.8984231692911236	0.7676767676767676	0.7761616161616162	0.7806958473625141	0.9876543209876543	Age-only
CC1CC2C3CC=C4CC(=O)C=CC4(C)C3(Cl)C(O)CC2(C)C1(O)C(=O)CCl	1	0	0.26142073	4	0.9035996565283855	0.6463414634146342	0.661773578095189	0.6668660384492056	1.0	Age-only
CC1CC2C3CC=C4CC(=O)C=CC4(C)C3(Cl)C(O)CC2(C)C1(OC(=O)c1ccco1)C(=O)CCl	0	0	0.36813807	4	0.8964789948980192	0.673469387755102	0.6901187950427695	0.6958305737036288	1.0	Age-only
CC1CC2C3CC=C4CC(=O)C=CC4(C)C3(F)C(O)CC2(C)C1(O)C(=O)CO	1	0	0.39259917	4	0.8995412164596348	0.618421052631579	0.618796992481203	0.6262343893922843	0.9855072463768116	Age-only
CC1Oc2cc(cnc2N)-c2c(nn(C)c2C#N)CN(C)C(=O)c2ccc(F)cc21	1	0	0.47474796	4	0.9016336017331156	0.7857142857142857	0.7917885851490613	0.7958057576582376	1.0	Age-only
CCC(=C(c1ccccc1)c1ccc(OCCN(C)C)cc1)c1ccccc1	0	1	0.6874262	4	0.8896705788511183	0.45652173913043476	0.5539837736634075	0.6209000762776505	1.0	Age-only
CCC(=O)C(CC(C)N(C)C)(c1ccccc1)c1ccccc1	1	1	0.5736592	4	0.8696932584532889	0.6153846153846154	0.6461538461538461	0.6716881716881716	1.0	Age-only
CCC(=O)OC(Cc1ccccc1)(c1ccccc1)C(C)CN(C)C	1	1	0.6669184	4	0.8746596655899054	0.7045454545454546	0.71467720685112	0.7210486725432377	1.0	Age-only
CCC(=O)OC1(C(=O)CCl)C(C)CC2C3CC=C4CC(=O)C=CC4(C)C3(F)C(O)CC21C	0	0	0.32019705	4	0.898560600777096	0.6521739130434783	0.6702008644800406	0.6764273808514845	0.9859154929577465	Age-only
CCC(=O)OC1(C(=O)SCF)C(C)CC2C3CC(F)C4=CC(=O)C=CC4(C)C3(F)C(O)CC21C	0	1	0.5110057	4	0.9030241035908827	0.75	0.7630434782608696	0.7713105812685056	0.9864864864864865	Age-only
CCC(=O)OCC(=O)C1(OC(=O)CC)C(C)CC2C3CC=C4CC(=O)C=CC4(C)C3(Cl)C(O)CC21C	0	0	0.28114563	4	0.8989052029334184	0.6363636363636364	0.6448952989656043	0.663830721647558	1.0	Age-only
CCC(C)(C)C(=O)OC1CC(C)C=C2C=CC(C)C(CCC3CC(O)CC(=O)O3)C21	1	0	0.44782555	4	0.9012691687123396	0.813953488372093	0.8143206854345164	0.8162266130442384	0.9850746268656716	Age-only
CCC(C)C(=O)OC1CC(C)C=C2C=CC(C)C(CCC3CC(O)CC(=O)O3)C21	0	0	0.46917686	4	0.8945627734185873	0.7640449438202247	0.767780139690252	0.7817086292467675	0.9852941176470589	Age-only
CCC(C)C(=O)OC1CC(O)C=C2C=CC(C)C(CCC(O)CC(O)CC(=O)O)C21	0	1	0.5427735	4	0.8940519696516938	0.7272727272727273	0.7340909090909091	0.7552709636042969	0.9852941176470589	Age-only
CCC(c1cccc(O)c1)C(C)CN(C)C	0	1	0.6577913	4	0.8945282434043369	0.5952380952380952	0.6149659863945578	0.6551719220182832	1.0	Age-only
CCC=CCC=CCC=CCC=CCC=CCCCC(=O)OCC	0	0	0.3068735	4	0.9051256468003878	0.6904761904761905	0.7044177067432881	0.7166376957074632	1.0	Age-only
CCCC(=O)OC1(C(=O)COC(C)=O)CCC2C3CC(F)C4=CC(=O)C=CC4(C)C3(F)C(O)CC21C	0	1	0.51702803	4	0.8963441755742807	0.6483516483516484	0.6795693195693195	0.6879043726161521	0.987012987012987	Age-only
CCCC(NC(=O)C1C2CCCC2CN1C(=O)C(NC(=O)C(NC(=O)c1cnccn1)C1CCCCC1)C(C)(C)C)C(=O)C(=O)NC1CC1	0	0	0.4989101	4	0.9007653943020612	0.71875	0.7302184466019418	0.7357740021574972	0.9880952380952381	Age-only
CCCC1CC(C(=O)NC(C(C)Cl)C2OC(SC)C(O)C(O)C2O)N(C)C1	0	1	0.53704846	4	0.9001687632171866	0.7681159420289855	0.7735132433783108	0.7771114442778612	0.9857142857142858	Age-only
CCCCC(=O)N(Cc1ccc(-c2ccccc2-c2nn[nH]n2)cc1)C(C(=O)O)C(C)C	1	1	0.6090809	4	0.8757471360818284	0.7272727272727273	0.7282099343955014	0.7324651685617652	1.0	Age-only
CCCCC(C)(O)CC=CC1C(O)CC(=O)C1CCCCCCC(=O)OC	0	0	0.24775219	4	0.8895093864409128	0.7195121951219512	0.7402008608321378	0.7479217126137105	0.9833333333333333	Age-only
CCCCC(F)(F)C1(O)CCC2C(CC(=O)C2CCCCCCC(=O)O)O1	1	0	0.24193192	4	0.898982533460675	0.7313432835820896	0.7524552340894706	0.7629237152808998	0.9871794871794872	Age-only
CCCCC1=NC2(CCCC2)C(=O)N1Cc1ccc(-c2ccccc2-c2nn[nH]n2)cc1	1	1	0.6416762	4	0.8877048467536875	0.7571428571428571	0.7626763110307413	0.7731677343687939	1.0	Age-only
CCCCCC(O)C=CC1C(O)CC(=O)C1CCCCCCC(=O)O	0	0	0.1976331	4	0.8862756484323328	0.6842105263157895	0.6929530277306168	0.7119498773783322	1.0	Age-only
CCCCCC(O)C=CC1C(O)CC2OC(=CCCCC(=O)O)CC21	1	0	0.2307787	4	0.8944650994101003	0.6363636363636364	0.7121925133689839	0.747441737637816	1.0	Age-only
CCCCCC(O)CCC1C(O)CC2Cc3c(cccc3OCC(=O)O)CC21	1	1	0.6105802	4	0.874017774972719	0.6625	0.7111538461538462	0.7277065527065527	0.9841269841269841	Age-only
CCCCCCCC(=O)NC(CN1CCCC1)C(O)c1ccc2c(c1)OCCO2	0	0	0.3722352	4	0.8783022866203632	0.7368421052631579	0.740682788051209	0.7492813537221431	1.0	Age-only
CCCCN1CCCCC1C(=O)Nc1c(C)cccc1C	1	1	0.5774213	4	0.8628204254881542	0.3111111111111111	0.43764705882352944	0.5371601780808941	1.0	Age-only
CCCCNc1ccc(C(=O)OCCOCCOCCOCCOCCOCCOCCOCCOCCOC)cc1	0	1	0.73846495	4	0.8768016885820807	0.6557377049180327	0.6937075113457442	0.7117088513324309	1.0	Age-only
CCCCc1nc(Cl)c(CO)n1Cc1ccc(-c2ccccc2-c2nn[nH]n2)cc1	1	1	0.5749826	4	0.8992194672840729	0.7878787878787878	0.7896780303030303	0.7955922722247348	1.0	Age-only
CCCN(CCC)S(=O)(=O)c1ccc(C(=O)O)cc1	0	0	0.49672937	4	0.8771846193590918	0.65625	0.7030815396333973	0.7181064147415046	1.0	Age-only
CCCN1CCCCC1C(=O)Nc1c(C)cccc1C	1	1	0.5873109	4	0.8607835304377497	0.27906976744186046	0.4123398196487898	0.5177025802800583	1.0	Age-only
CCCNC1CCc2nc(N)sc2C1	0	0	0.3962363	4	0.9180002988548173	0.8095238095238095	0.8264880952380953	0.8305837153784914	1.0	Age-only
CCCc1nc(C(C)(C)O)c(C(=O)O)n1Cc1ccc(-c2ccccc2-c2nn[nH]n2)cc1	0	1	0.5086232	4	0.8800956883677679	0.7567567567567568	0.7579827249930343	0.764731939660652	0.984375	Age-only
CCCc1nc2c(C)cc(-c3nc4ccccc4n3C)cc2n1Cc1ccc(-c2ccccc2C(=O)O)cc1	1	0	0.42688704	4	0.8831523601438875	0.7228915662650602	0.7468597077385171	0.7556826064976313	1.0	Age-only
CCN(C)C(=O)Oc1cccc(C(C)N(C)C)c1	1	1	0.66473913	4	0.8727926128972199	0.5957446808510638	0.6268345636126791	0.6630713562020553	1.0	Age-only
CCN(CC)C(=S)SSC(=S)N(CC)CC	0	0	0.4624468	4	0.9451192287423906	0.7777777777777778	0.8019098977642962	0.8138383391404722	1.0	Age-only
CCN(CC)CC#CCOC(=O)C(O)(c1ccccc1)C1CCCCC1	0	1	0.5553809	4	0.8711067457657349	0.6833333333333333	0.7103243616287095	0.7210135342381719	0.9803921568627451	Age-only
CCN(CC)CCOC(=O)c1ccc(N)cc1	1	1	0.7418947	4	0.8798657572198179	0.625	0.6543932230102443	0.6710179869163322	1.0	Age-only
CCN(c1cc(-c2ccc(CN3CCOCC3)cc2)cc(C(=O)NCc2c(C)cc(C)[nH]c2=O)c1C)C1CCOCC1	0	0	0.44662857	4	0.8830511472086197	0.7567567567567568	0.7684942084942085	0.7703755703755703	1.0	Age-only
CCOC(=O)C1(c2ccccc2)CCN(C)CC1	0	1	0.6638026	4	0.8467392206245303	0.6440677966101694	0.6498696219035202	0.6626412429378532	1.0	Age-only
CCOC(=O)C1(c2ccccc2)CCN(CCC(C#N)(c2ccccc2)c2ccccc2)CC1	0	1	0.5951652	4	0.8650431978029944	0.6376811594202898	0.6434782608695652	0.6717580752107606	0.9814814814814815	Age-only
CCOC(=O)C1=C(C)N=C(C)C(C(=O)OC)C1c1cccc(Cl)c1Cl	1	1	0.76077574	4	0.8628836830878749	0.2037037037037037	0.3711366538952746	0.46312561649237893	1.0	Age-only
CCOC(=O)C1=C(COCCN)N=C(C)C(C(=O)OC)C1c1ccccc1Cl	1	1	0.6720408	4	0.8721851444065096	0.5	0.5529411764705883	0.601231190150479	1.0	Age-only
CCOC(=O)C1=CC(OC(CC)CC)C(NC(C)=O)C(N)C1	0	0	0.49940115	4	0.8791686578207872	0.7164179104477612	0.7217426381605486	0.7342404937527915	0.9791666666666666	Age-only
CCOC(=O)NC1CCC2C(C1)CC1C(=O)OC(C)C1C2C=Cc1ccc(-c2cccc(F)c2)cn1	1	0	0.42389953	4	0.8783511892039578	0.7475728155339806	0.770873786407767	0.7778476966718606	0.9876543209876543	Age-only
CCOC(=O)c1ccc(N)cc1	1	1	0.6770705	4	0.8707914903230999	0.6666666666666666	0.724223602484472	0.732320153351498	1.0	Age-only
CCOC(=O)c1cncn1C(C)c1ccccc1	1	1	0.63653046	4	0.8561984663174379	0.6521739130434783	0.6821589205397303	0.687367200753365	1.0	Age-only
CCOC(=O)c1ncn2c1CN(C)C(=O)c1cc(F)ccc1-2	1	1	0.5270678	4	0.870077465110773	0.7471264367816092	0.7482758620689655	0.7490421455938697	0.9818181818181818	Age-only
CCOc1ccccc1OCCNC(C)Cc1ccc(OC)c(S(N)(=O)=O)c1	1	1	0.7795917	4	0.8849928047295492	0.6511627906976745	0.6865061941008147	0.6998969248763925	1.0	Age-only
CCOc1nc2cccc(C(=O)O)c2n1Cc1ccc(-c2ccccc2-c2nn[nH]n2)cc1	1	1	0.6056908	4	0.8739128347269374	0.7555555555555555	0.7562762762762765	0.7584042375709044	1.0	Age-only
CCOc1nc2cccc(C(=O)OC(C)OC(=O)OC3CCCCC3)c2n1Cc1ccc(-c2ccccc2-c2nn[nH]n2)cc1	1	1	0.65461314	4	0.8781459055446137	0.7545454545454545	0.7659691252144082	0.7717101412000846	1.0	Age-only
CCOc1nc2cccc(C(=O)OCc3oc(=O)oc3C)c2n1Cc1ccc(-c2ccccc2-c2nc(=O)o[nH]2)cc1	0	1	0.5894973	4	0.8848512972603788	0.7767857142857143	0.7854015250804242	0.791342598108653	1.0	Age-only
CN(C)C(=O)C(CCN1CCC(O)(c2ccc(Cl)cc2)CC1)(c1ccccc1)c1ccccc1	0	0	0.4626627	4	0.8684356509758563	0.5483870967741935	0.5769449715370019	0.629435659568487	0.98	Age-only
CN(C)CCC(c1ccc(Cl)cc1)c1ccccn1	1	1	0.60950136	4	0.8903422392434558	0.640625	0.6815084586466165	0.6983039195210248	1.0	Age-only
CN(C)CCC=C1c2ccccc2C=Cc2ccccc21	1	1	0.62476486	4	0.9136535584348326	0.6428571428571429	0.6523809523809524	0.676984126984127	1.0	Age-only
CN(C)CCC=C1c2ccccc2CCc2ccccc21	1	1	0.603366	4	0.9033260577628323	0.3888888888888889	0.4281842818428184	0.5057990426647562	1.0	Age-only
CN(C)CCC=C1c2ccccc2COc2ccc(CC(=O)O)cc21	0	0	0.4380732	4	0.8796429928342735	0.6666666666666666	0.672108843537415	0.7015660703485926	1.0	Age-only
CN(C)CCC=C1c2ccccc2COc2ccccc21	0	1	0.5818488	4	0.9088200824537924	0.5681818181818182	0.5920454545454545	0.6362058080808082	1.0	Age-only
CN(C)CCOC(C)(c1ccccc1)c1ccccn1	0	1	0.6998721	4	0.8986288335844801	0.6111111111111112	0.6741652983032294	0.7043949201266065	1.0	Age-only
CN(C)CCOC(c1ccccc1)c1ccccc1	0	1	0.77467465	4	0.895508493468697	0.7105263157894737	0.7135338345864662	0.7205443225180068	1.0	Age-only
CN(C)CCc1c[nH]c2ccc(CC3COC(=O)N3)cc12	1	1	0.58580333	4	0.8977098405803979	0.696969696969697	0.7322648788144838	0.7567745745094298	1.0	Age-only
CN(C)CCc1c[nH]c2ccc(Cn3cncn3)cc12	1	1	0.5923284	4	0.9124567282299858	0.6984126984126984	0.7372086441002104	0.7458966941697867	1.0	Age-only
CN(CCN1CCC(OC(=O)Nc2ccccc2-c2ccccc2)CC1)C(=O)c1ccc(CN2CCC(C(N)=O)CC2)cc1	0	1	0.71569186	4	0.867535230903802	0.7160493827160493	0.7179375453885257	0.7214923380500723	1.0	Age-only
CN(Cc1cnc2nc(N)nc(N)c2n1)c1ccc(C(=O)NC(CCC(=O)O)C(=O)O)cc1	1	0	0.46368593	4	0.8812420388479167	0.6885245901639344	0.7040238450074516	0.7345194440566941	1.0	Age-only
CN1C2CC(OC(=O)C(CO)c3ccccc3)CC1C1OC12	0	1	0.6000025	4	0.8533601075966896	0.6779661016949152	0.6811483915600138	0.6918106853538653	1.0	Age-only
CN1C2CCC1CC(OC(=O)C(CO)c1ccccc1)C2	0	1	0.63797486	4	0.849551875348401	0.6666666666666666	0.669047619047619	0.6735337160869076	0.9772727272727273	Age-only
CN1C2CCC1CC(OC(c1ccccc1)c1ccccc1)C2	0	1	0.6744608	4	0.8883904132995109	0.6666666666666666	0.7068980832164564	0.7149978457956347	1.0	Age-only
CN1C2CCCC1CC(NC(=O)c1nn(C)c3ccccc13)C2	0	1	0.69946	4	0.8667308944626266	0.7419354838709677	0.7437528396183553	0.7486567027613711	1.0	Age-only
CN1CC(C(=O)NC2(C)OC3(O)C4CCCN4C(=O)C(Cc4ccccc4)N3C2=O)CC2c3cccc4[nH]cc(c34)CC21	1	0	0.4444853	4	0.880356765315382	0.7525773195876289	0.7548920443493483	0.7593225936886175	1.0	Age-only
CN1CCC(NC(=O)Nc2ccc(C#N)cc2)CC1c1nc2ccccc2[nH]1	1	1	0.6526266	4	0.8806334806938549	0.7575757575757576	0.7665577291906407	0.7699706027405209	1.0	Age-only
CN1CCCC(n2nc(Cc3ccc(Cl)cc3)c3ccccc3c2=O)CC1	0	0	0.48360634	4	0.8780130412010292	0.7142857142857143	0.7263577002707438	0.7349794294068637	1.0	Age-only
CN1CCCC1CCOC(C)(c1ccccc1)c1ccc(Cl)cc1	1	0	0.47638068	4	0.8710386269895191	0.6615384615384615	0.6807444168734491	0.6894749841587703	1.0	Age-only
CN1CCCC1Cc1c[nH]c2ccc(CCS(=O)(=O)c3ccccc3)cc12	0	1	0.5473396	4	0.8852459763157043	0.7191011235955056	0.7252722072093427	0.738162972150551	1.0	Age-only
CN1CCN(c2ccc(C(=O)Nc3[nH]nc4ccc(Cc5cc(F)cc(F)c5)cc34)c(NC3CCOCC3)c2)CC1	1	1	0.5051967	4	0.878256596814008	0.6923076923076923	0.7123954273413675	0.7314899592779024	0.9878048780487805	Age-only
CN=C1CN(O)C(c2ccccc2)=c2cc(Cl)ccc2=N1	1	0	0.4983421	4	0.8950495645806761	0.6935483870967742	0.6964669738863287	0.6995001851338887	1.0	Age-only
CNC(=O)c1ccc(N2C(=S)N(c3ccc(C#N)c(C(F)(F)F)c3)C(=O)C2(C)C)cc1F	1	0	0.39482915	4	0.8955443330402371	0.39473684210526316	0.6062463851937536	0.67138685632919	0.9859154929577465	Age-only
CNC1CCC(c2ccc(Cl)c(Cl)c2)c2ccccc21	1	1	0.5755855	4	0.8993112284692911	0.7636363636363637	0.7714578622041308	0.7744759623670155	1.0	Age-only
CNCCC(Oc1ccccc1C)c1ccccc1	0	1	0.7617601	4	0.8927421706098124	0.4418604651162791	0.4618217054263566	0.5130039284888972	1.0	Age-only
CNCc1ccc(-c2[nH]c3cc(F)cc4c3c2CCNC4=O)cc1	0	1	0.54865557	4	0.8980492413538224	0.7662337662337663	0.7901785714285714	0.7934854497354498	1.0	Age-only
CNS(=O)(=O)Cc1ccc2[nH]cc(CCN(C)C)c2c1	0	1	0.67006207	4	0.9028554869091641	0.6440677966101694	0.7122006560962275	0.7286004602644441	1.0	Age-only
COC(=O)N(C)c1c(N)nc(-c2nn(Cc3ccccc3F)c3ncccc23)nc1N	1	0	0.49322435	4	0.8736020933809843	0.7659574468085106	0.7684376259798432	0.7721636873902643	0.9848484848484849	Age-only
COC(=O)NC(C(=O)NC(Cc1ccccc1)C(O)CN(Cc1ccc(-c2ccccn2)cc1)NC(=O)C(NC(=O)OC)C(C)(C)C)C(C)(C)C	1	1	0.65567905	4	0.8872590977550693	0.7472527472527473	0.7523894709941221	0.7541102308544169	1.0	Age-only
COC(=O)NC(C)CNc1nccc(-c2cn(C(C)C)nc2-c2cc(Cl)cc(NS(C)(=O)=O)c2F)n1	0	1	0.5833286	4	0.8801151726633253	0.7009345794392523	0.7227980741999434	0.732706084731007	0.9873417721518988	Age-only
COC(=O)Nc1c(N)nc(-c2nn(Cc3ccccc3F)c3ncc(F)cc23)nc1N	1	0	0.4124587	4	0.8719974044670102	0.759493670886076	0.759493670886076	0.7604674983183515	0.9848484848484849	Age-only
COCC(=O)Nc1c(I)c(C(=O)NCC(O)CO)c(I)c(C(=O)N(C)CC(O)CO)c1I	1	1	0.7107633	4	0.9134846322199863	0.7288135593220338	0.7739724767830325	0.7818365611757587	1.0	Age-only
COCCCN1CCC(NC(=O)c2cc(Cl)c(N)c3c2OCC3)CC1	0	1	0.51355404	4	0.8731282069751014	0.6162790697674418	0.6510861231791465	0.6841152268442827	1.0	Age-only
CONC(=O)Nc1ccc(-c2sc3c(c2CN(C)C)c(=O)n(-c2ccc(OC)nn2)c(=O)n3Cc2c(F)cccc2F)cc1	0	1	0.5064568	4	0.8890391558646698	0.7407407407407407	0.754567228903512	0.7696636193472988	0.9873417721518988	Age-only
COc1cc(OC)cc(N(CCNC(C)C)c2ccc3ncc(-c4cnn(C)c4)nc3c2)c1	0	1	0.6498315	4	0.8961925439089706	0.7733333333333333	0.7744358974358974	0.7779339910024411	1.0	Age-only
COc1ccc(-n2nc(C(N)=O)c3c2C(=O)N(c2ccc(N4CCCCC4=O)cc2)CC3)cc1	1	1	0.5135598	4	0.881128514880865	0.7538461538461538	0.7568298368298368	0.7607387982387982	0.9848484848484849	Age-only
COc1ccc(C(=O)CC(=O)c2ccc(C(C)(C)C)cc2)cc1	1	1	0.676033	4	0.8677380486085825	0.6511627906976745	0.6712473572938689	0.6826795082609036	1.0	Age-only
COc1ccc(CN(CCN(C)C)c2ccccn2)cc1	0	1	0.78591895	4	0.9012282784248181	0.640625	0.6544354838709678	0.6810355862775218	1.0	Age-only
COc1ccc(CN2C3CC2CN(c2ccc(-c4cc(OCC(C)(C)O)cn5ncc(C#N)c45)cn2)C3)cn1	0	0	0.43323195	4	0.9017975933691006	0.7798165137614679	0.7874595642058626	0.7938599119299757	0.9878048780487805	Age-only
COc1ccccc1OCC(O)CO	0	1	0.82437027	4	0.8814338909246492	0.3235294117647059	0.5236791162274476	0.5636503272753692	1.0	Age-only
COc1ccccc1OCCNCC(O)COc1cccc2[nH]c3ccccc3c12	1	1	0.8851121	4	0.8914925798149654	0.5818181818181818	0.5853291536050157	0.6022754205669865	1.0	Age-only
COc1nc2ccc(Br)cc2cc1C(c1ccccc1)C(O)(CCN(C)C)c1cccc2ccccc12	1	1	0.5797922	4	0.8963282426282402	0.7669902912621359	0.7711586357060833	0.7730348949160935	1.0	Age-only
CS(=O)(=O)c1ccc(Oc2cc(F)cc(C#N)c2)c2c1C(O)C(F)C2F	1	1	0.6574856	4	0.9046021036585539	0.7701149425287356	0.7818710897715698	0.7846310032102525	1.0	Age-only
C[N+]1(C)CCC(OC(=O)C(O)(c2ccccc2)C2CCCC2)C1	1	1	0.550719	4	0.8822237158367242	0.6984126984126984	0.7113044076424357	0.7210950412828346	1.0	Age-only
C[N+]12CCC(CC1)C(OC(=O)C(O)(c1ccccc1)c1ccccc1)C2	0	1	0.5019537	4	0.8771402552245006	0.5409836065573771	0.6341761600444568	0.679680023000216	1.0	Age-only
Cc1[nH]c(=O)c(C#N)cc1-c1ccncc1	1	1	0.5168544	4	0.9058197230637027	0.7758620689655172	0.7840353997054657	0.7891598259334209	1.0	Age-only
Cc1cc(=O)n(-c2ccccc2)[nH]1	0	1	0.5269141	4	0.889922147422292	0.723404255319149	0.7250648676699534	0.7341146283803264	1.0	Age-only
Cc1cc(Nc2ncnc3ccc(N=C4NC(C)(C)CO4)cc23)ccc1Oc1ccn2ncnc2c1	0	0	0.3199928	4	0.9126430418556286	0.719626168224299	0.7290241980768645	0.7347789333248284	1.0	Age-only
Cc1ccc(-c2cc(C(F)(F)F)nn2-c2ccc(S(N)(=O)=O)cc2)cc1	1	0	0.34590173	4	0.904448768130126	0.6785714285714286	0.7490476190476191	0.7609651523444625	1.0	Age-only
Cc1ccc(-c2nc3ccc(C)cn3c2CC(=O)N(C)C)cc1	0	1	0.53401476	4	0.8910892908901065	0.7922077922077922	0.7932366258938266	0.7938795734603712	1.0	Age-only
Cc1ccc(=O)n(-c2ccccc2)c1	1	1	0.5239054	4	0.8968236153950481	0.7446808510638298	0.7469641930461858	0.7526607757212322	1.0	Age-only
Cc1cccc(C)c1OCC(=O)NC(Cc1ccccc1)C(O)CC(Cc1ccccc1)NC(=O)C(C(C)C)N1CCCNC1=O	1	1	0.7094935	4	0.8739324294700486	0.7058823529411765	0.7119586296056885	0.7237164654044449	1.0	Age-only
Cc1nc(-c2ccc(OCC(C)C)c(C#N)c2)sc1C(=O)O	1	1	0.50108373	4	0.8791643943272613	0.7671232876712328	0.7697977821265491	0.7723195115474266	1.0	Age-only
Cc1nc(NC(=O)N2CCCC2C(N)=O)sc1-c1ccnc(C(C)(C)C(F)(F)F)c1	0	1	0.5524833	4	0.879633928487853	0.75	0.750561797752809	0.7528824263787911	0.9864864864864865	Age-only
Cc1ncc([N+](=O)[O-])n1CCO	0	0	0.42435992	4	0.8971377505809679	0.7727272727272727	0.7782742681047766	0.7846211021954285	1.0	Age-only
Cn1c(CNc2ccc(C(=N)N)cc2)nc2cc(C(=O)N(CCC(=O)O)c3ccccn3)ccc21	1	1	0.59958446	4	0.8782752308328275	0.36046511627906974	0.4583843329253366	0.5900272501523691	1.0	Age-only
Cn1nnc(-c2ccc(-c3ccc(N4CC(CO)OC4=O)cc3F)cn2)n1	0	1	0.5200363	4	0.8715584302951926	0.7272727272727273	0.7287469287469288	0.7321009321009321	0.9841269841269841	Age-only
N#Cc1ccccc1-c1cc(-c2ccccn2)cn(-c2ccccc2)c1=O	0	0	0.42452845	4	0.9096886016412925	0.7424242424242424	0.7576277056277056	0.7650315071825369	1.0	Age-only
N=c1cc(N2CCCCC2)nc(N)n1O	1	0	0.35887825	4	0.91373381248348	0.8115942028985508	0.8141614906832297	0.8158550004018834	1.0	Age-only
NC(=O)C(c1ccccc1)(c1ccccc1)C1CCN(CCc2ccc3c(c2)CCO3)C1	0	1	0.5067899	4	0.8714100689106493	0.6417910447761194	0.6628304261823412	0.7030703988013823	0.9850746268656716	Age-only
NC(=O)C1CCCN1C(=O)C(Cc1c[nH]cn1)NC(=O)C1CCC(=O)N1	0	0	0.48839754	4	0.8832071391243015	0.691358024691358	0.691358024691358	0.7007427481682225	1.0	Age-only
NC12CC3CC(CC(C3)C1)C2	0	0	0.41319332	4	0.9589873321578979	0.8333333333333334	0.8383975812547242	0.8511642534607748	1.0	Age-only
NNC(=O)c1ccncc1	0	1	0.53041947	4	0.8800047219120164	0.6875	0.700859247135843	0.720926532096745	1.0	Age-only
Nc1ccc(O)c(C(=O)O)c1	0	0	0.42648277	4	0.8887833648712521	0.5	0.6182456140350877	0.6398187661345555	1.0	Age-only
Nc1ccc(S(=O)(=O)c2ccc(N)cc2)cc1	0	1	0.5152877	4	0.923260486671299	0.6285714285714286	0.6285714285714286	0.6789554531490016	1.0	Age-only
Nc1ccncc1	0	1	0.5109528	4	0.9316767158028234	0.7837837837837838	0.7837837837837838	0.7878163878163877	1.0	Age-only
Nc1ccncc1N	0	1	0.50373805	4	0.9322010859080236	0.7241379310344828	0.7599254426840634	0.7783703243473359	1.0	Age-only
Nc1nc(=O)c2c(CCc3ccc(C(=O)NC(CCC(=O)O)C(=O)O)cc3)c[nH]c2[nH]1	0	0	0.36941916	4	0.8865882174180219	0.6779661016949152	0.7067796610169491	0.734183606434296	1.0	Age-only
Nc1nc(=O)c2c([nH]1)NCC(CNc1ccc(C(=O)NC(CCC(=O)O)C(=O)O)cc1)N2C=O	0	0	0.25537753	4	0.8831992860157255	0.7164179104477612	0.7328810492989598	0.7586300614019165	1.0	Age-only
Nc1nc(=O)c2nc(CNc3ccc(C(=O)NC(CCC(=O)O)C(=O)O)cc3)cnc2[nH]1	0	0	0.3137089	4	0.8851237828084112	0.6833333333333333	0.7033333333333334	0.7211111111111113	1.0	Age-only
O=C(C=Cn1cnc(-c2cc(C(F)(F)F)cc(C(F)(F)F)c2)n1)NNc1cnccn1	0	0	0.319651	4	0.9134328370251302	0.7340425531914894	0.7449805214264309	0.7651727039650323	1.0	Age-only
O=C(CCCC=CCC1C(O)CC(O)C1CCC(O)CCc1ccccc1)OCCCCO[N+](=O)[O-]	0	0	0.36039114	4	0.8885478507915258	0.3088235294117647	0.47927909976613214	0.5837722129160259	1.0	Age-only
O=C(NCC1CN(c2ccc(N3CCOCC3=O)cc2)C(=O)O1)c1ccc(Cl)s1	1	1	0.5166303	4	0.8870537591930524	0.7659574468085106	0.7667889459525556	0.7783685373241659	1.0	Age-only
O=C(OC1CC2CCC(C1)[N+]21CCCC1)C(O)(c1ccccc1)c1ccccc1	0	1	0.6077542	4	0.8870354214954435	0.6206896551724138	0.6676035931614026	0.6963326861529607	1.0	Age-only
O=C(OC1CN2CCC1CC2)N1CCc2ccccc2C1c1ccccc1	0	1	0.5450748	4	0.8855891016276438	0.696969696969697	0.7013257575757577	0.7211095295111689	1.0	Age-only
O=C(c1cc(Cc2n[nH]c(=O)c3ccccc23)ccc1F)N1CCN(C(=O)C2CC2)CC1	0	0	0.4115533	4	0.8758203671514359	0.7625	0.7630864197530863	0.7650607823660186	0.9855072463768116	Age-only
O=C1CC2(CCCC2)CC(=O)N1CCCCN1CCN(c2ncccn2)CC1	0	0	0.48331556	4	0.8913791481730738	0.7297297297297297	0.7316098707403056	0.735366422322944	1.0	Age-only
O=C1Nc2ccc(Cl)cc2C(C#CC2CC2)(C(F)(F)F)O1	0	0	0.3826818	4	0.9036418928868898	0.7258064516129032	0.7284178187403995	0.737676029979369	1.0	Age-only
O=P(O)(O)C(O)(Cc1cccnc1)P(=O)(O)O	0	0	0.49376783	4	0.8993164061327975	0.6111111111111112	0.6249322493224934	0.6491267690454684	1.0	Age-only
O=P1(N(CCCl)CCCl)NCCCO1	1	1	0.51241493	4	0.9442410354918198	0.78125	0.7965210052513129	0.8160502176197644	1.0	Age-only
O=P1(NCCCl)OCCCN1CCCl	0	0	0.42108077	4	0.9337559913042235	0.8043478260869565	0.8252986694872794	0.8352126941434732	1.0	Age-only
O=c1ccc2ccc(OCCCCN3CCN(c4cccc5sccc45)CC3)cc2[nH]1	0	1	0.5279124	4	0.8887207139946871	0.5657894736842105	0.5918720852764824	0.6574480426727077	1.0	Age-only
OC(Cn1cncn1)(Cn1cncn1)c1ccc(F)cc1F	1	0	0.3414452	4	0.9054823277276075	0.40384615384615385	0.4082621082621083	0.5043721952218685	1.0	Age-only
OCCN(CCO)c1nc(N2CCCCC2)c2nc(N(CCO)CCO)nc(N3CCCCC3)c2n1	1	0	0.44559652	4	0.9218283583309645	0.8253968253968254	0.8258347016967706	0.8280100194611688	1.0	Age-only
Oc1c2c(c(O)n1CC1CCCCC1CN1CCN(c3nsc4ccccc34)CC1)C1CCC2C1	0	1	0.62640107	4	0.8990982401227537	0.7692307692307693	0.7698149951314509	0.7781135937864785	1.0	Age-only
Oc1cc2cc(CCN3CCN(c4nsc5ccccc45)CC3)c(Cl)cc2[nH]1	0	1	0.5711927	4	0.8959904481560846	0.7272727272727273	0.7280547409579669	0.7311654176170307	1.0	Age-only
c1cc(CN2CCCNCCNCCCNCC2)ccc1CN1CCCNCCNCCCNCC1	1	1	0.51163256	4	0.9123051848342493	0.717391304347826	0.7491192865105908	0.7646523269285417	1.0	Age-only
