SMILES	y_true	y_pred	y_score	Test_Fold	Mean	Min	5 Nearest	9 Nearest	Max	Evaluation
Brc1c(NC2=NCCN2)ccc2nccnc12	1	1	0.84763813	0	0.9275294196569438	0.7894736842105263	0.8009542958822937	0.8123444710225807	1.0	No-demo
C=C(C)C1CCC(C)=CC1c1c(O)cc(CCCCC)cc1O	1	1	0.69155085	0	0.9044082715500709	0.7272727272727273	0.7863653013653014	0.7976147270193868	1.0	No-demo
C=C(CC)C(=O)c1ccc(OCC(=O)O)c(Cl)c1Cl	0	1	0.59834987	0	0.8820234805310875	0.75	0.7657592256503326	0.773059493832331	1.0	No-demo
C=C(c1ccc(C(=O)O)cc1)c1cc2c(cc1C)C(C)(C)CCC2(C)C	0	1	0.6840221	0	0.8806785910576301	0.7313432835820896	0.742205643476934	0.7501898844178142	1.0	No-demo
C=C1C(=CC=C2CCCC3(C)C2CCC3C(C)C=CC(C)C(C)C)CC(O)CC1O	1	1	0.8137625	0	0.9177769912703506	0.7974683544303798	0.8109394799789438	0.8173385707904468	1.0	No-demo
C=C1C(=CC=C2CCCC3(C)C2CCC3C(C)C=CC(O)C2CC2)CC(O)CC1O	0	1	0.81958616	0	0.9221541545188918	0.7721518987341772	0.7972453147177243	0.805895207568753	1.0	No-demo
C=C1C(=CC=C2CCCC3(C)C2CCC3C(C)CCCC(C)(C)O)CC(O)CC1O	0	1	0.8075906	0	0.9203340380338885	0.8048780487804879	0.8088043938752042	0.8131858976624364	1.0	No-demo
C=C1CCC(O)CC1=CC=C1CCCC2(C)C1CCC2C(C)C=CC(C)C(C)C	0	1	0.80723536	0	0.9266280719937481	0.7922077922077922	0.8115374200536769	0.8243755872369223	1.0	No-demo
C=C1CCC(O)CC1=CC=C1CCCC2(C)C1CCC2C(C)CCCC(C)(C)O	1	1	0.80318385	0	0.9216724003347121	0.8024691358024691	0.8171893538560205	0.8233282628014411	1.0	No-demo
C=C1CCC(O)CC1=CC=C1CCCC2(C)C1CCC2C(C)CCCC(C)C	0	1	0.8093104	0	0.9230136312449039	0.7948717948717948	0.8071534598849723	0.8172966243696868	1.0	No-demo
C=CC(=O)Nc1cc(Nc2ncc(C(=O)OC(C)C)c(-c3cn(C)c4ccccc34)n2)c(OC)cc1N(C)CCN(C)C	0	1	0.8155085	0	0.8786149411178706	0.26744186046511625	0.6530385295379175	0.7020346378632765	1.0	No-demo
C=CC(N)CCC(=O)O	1	1	0.53739476	0	0.923838552377301	0.625	0.6971370967741934	0.7265731298197928	1.0	No-demo
C=CC1=C(C(=O)O)N2C(=O)C(=NC(=O)C(NOCC(=O)O)c3csc(N)n3)C2SC1	0	1	0.5398266	0	0.8918033862879301	0.5747126436781609	0.6963102601033635	0.7265826231343473	1.0	No-demo
C=CCN1CCC23c4c5ccc(O)c4OC2C(=O)CCC3(O)C1C5	1	1	0.748169	0	0.897262504683096	0.7066666666666667	0.7596130404702974	0.7774292464961756	1.0	No-demo
C=CCN1CCC23c4c5ccc(O)c4OC2C(OCCOCCOCCOCCOCCOCCOCCOC)CCC3(O)C1C5	0	1	0.7210634	0	0.8938073639940869	0.7325581395348837	0.772082880971741	0.7864942043172345	1.0	No-demo
C=CC[N+]1(C2CC3C4CCC5CC(O)C(N6CCOCC6)CC5(C)C4CCC3(C)C2OC(C)=O)CCCC1	1	1	0.66992307	0	0.9074181478179499	0.7802197802197802	0.7882077549481183	0.7925671714552684	0.989247311827957	No-demo
C=c1c(N)c(O)c2c(c1O)N1CC3NC3C1(OC)C=2COC(N)=O	0	1	0.7043545	0	0.8964210195370026	0.7752808988764045	0.7942060325806318	0.8051833092029456	1.0	No-demo
CC(=Cc1csc(C)n1)C1CC2OC2(C)CCCC(C)C(O)C(C)C(=O)C(C)(C)C(O)CC(=O)N1	0	1	0.7425696	0	0.9058534312803976	0.7976190476190477	0.8049483036422765	0.8087897981053369	1.0	No-demo
CC(=O)C1(O)C=C2C(=O)c3c(c(O)c4ccccc4c3O)C(=O)C2C(OC2CC(N)C(O)C(C)O2)C1	1	1	0.756755	0	0.888610599209632	0.7662337662337663	0.775361887630026	0.7848673274954537	0.9857142857142858	No-demo
CC(=O)C1CCC2C3CCC4CC(O)CCC4(C)C3CCC12C	0	1	0.67298913	0	0.9237313631579176	0.47058823529411764	0.6392840405410679	0.6908665894872505	1.0	No-demo
CC(=O)CCCCn1c(=O)c2c(ncn2C)n(C)c1=O	1	1	0.66601455	0	0.8913010232491075	0.7115384615384616	0.7692070429570429	0.7816855817646956	1.0	No-demo
CC(=O)N(O)CCCCCNC(=O)CCC(=O)N(O)CCCCCNC(=O)CCC(=O)N(O)CCCCCN	1	1	0.6888209	0	0.920600122416438	0.7017543859649122	0.7722700691121742	0.7874693857149997	1.0	No-demo
CC(=O)NCCCS(=O)(=O)O	1	1	0.6827799	0	0.919948814941577	0.7441860465116279	0.759406489646042	0.7696627441725226	1.0	No-demo
CC(=O)OC1CC2CCC3C(CCC4(C)C3CC([N+]3(C)CCCCC3)C4OC(C)=O)C2(C)CC1N1CCCCC1	1	1	0.64270455	0	0.9223478132765197	0.7849462365591398	0.7975282509559113	0.8037922243138333	1.0	No-demo
CC(=O)OC1CC2CCC3C(CCC4(C)C3CC([N+]3(C)CCCCC3)C4OC(C)=O)C2(C)CC1[N+]1(C)CCCCC1	1	1	0.61371243	0	0.925159560247314	0.7647058823529411	0.7754285442639535	0.7817696116781724	1.0	No-demo
CC(=O)Oc1cc2c(s1)CCN(C(C(=O)C1CC1)c1ccccc1F)C2	1	1	0.731385	0	0.8756246222545391	0.5857142857142857	0.7306071810702421	0.7535495229086009	0.984375	No-demo
CC(=O)Oc1ccc2c3c1OC1C(OC(C)=O)C=CC4C(C2)N(C)CCC341	1	1	0.7340158	0	0.8884134914791707	0.7051282051282052	0.7488047996660436	0.7646090530622055	0.9841269841269841	No-demo
CC(=O)Oc1ccccc1C(=O)O	1	1	0.6641057	0	0.8745287657808807	0.5833333333333334	0.6492504652969769	0.6806569686414647	1.0	No-demo
CC(C(=O)O)c1ccc(-c2ccccc2)c(F)c1	1	1	0.8003979	0	0.8715560185039657	0.5714285714285714	0.7033292316106097	0.7237462746809444	1.0	No-demo
CC(C(=O)O)c1cccc(C(=O)c2ccccc2)c1	0	1	0.8524035	0	0.8729914699338676	0.575	0.6640834499987818	0.6917059052699784	1.0	No-demo
CC(C)(C)C(O)C=Cc1ccc2c(c1)OCO2	0	1	0.8517163	0	0.9045015005751883	0.75	0.7851010101010101	0.8009484766449573	1.0	No-demo
CC(C)(C)NC(=O)C1CCC2C3CCC4NC(=O)C=CC4(C)C3CCC12C	1	1	0.7304699	0	0.8985158912760408	0.6714285714285714	0.7035916592933663	0.7271730275114856	1.0	No-demo
CC(C)(N)Cc1ccccc1	1	1	0.75806546	0	0.8922789659099538	0.6666666666666666	0.7153765877678921	0.7359791087546396	1.0	No-demo
CC(C)(NC(=O)C1CC2(O)C3Cc4ccc(O)c5c4C2(CCN3CC2CC2)C(O5)C1=O)c1nc(-c2ccccc2)no1	0	1	0.7797464	0	0.8798352864812882	0.6847826086956522	0.7498422211072644	0.7662545555611451	0.9879518072289156	No-demo
CC(C)C1CCC(C(=O)NC(Cc2ccccc2)C(=O)O)CC1	0	1	0.77333117	0	0.8605698164693272	0.671875	0.6962488738738738	0.7077619653429807	1.0	No-demo
CC(C)Cc1ccc(C(C)C(=O)O)cc1	1	1	0.85338813	0	0.8758490216976295	0.5789473684210527	0.6595620835033319	0.6906098463949415	1.0	No-demo
CC(C)N=C(N)N=C(N)Nc1ccc(Cl)cc1	0	1	0.83482486	0	0.9044873004188999	0.75	0.7617930431907809	0.7721370283103747	1.0	No-demo
CC(C)N=c1cc2n(-c3ccc(Cl)cc3)c3ccccc3nc-2cc1Nc1ccc(Cl)cc1	1	1	0.8556732	0	0.9046642627146786	0.782608695652174	0.786015412978539	0.7917766324770583	1.0	No-demo
CC(C)OC(=O)CCCC=CCC1C(O)CC(O)C1CCC(O)CCc1ccccc1	1	1	0.697342	0	0.8750435033464917	0.3088235294117647	0.5274444206848747	0.6140479586752152	1.0	No-demo
CC(C)c1nc(CN(C)C(=O)NC(CCN2CCOCC2)C(=O)NC(CCC(Cc2ccccc2)NC(=O)OCc2cncs2)Cc2ccccc2)cs1	1	1	0.74959266	0	0.8783366668125309	0.375	0.6596654196158885	0.7102966581765652	1.0	No-demo
CC(C)n1nccc1-c1ncccc1COc1cccc(O)c1C=O	1	1	0.8488945	0	0.8833074949834696	0.7746478873239436	0.7888032374688527	0.7930040004407294	1.0	No-demo
CC(C=CC(C)C(C)(C)O)C1CCC2C(=CC=C3CC(O)CC(O)C3)CCCC21C	1	1	0.7856471	0	0.917681564342967	0.7866666666666666	0.8003236767607822	0.8085398649241243	1.0	No-demo
CC(CCC(=O)O)C1CCC2C3C(O)CC4CC(O)CCC4(C)C3CC(O)C12C	0	1	0.66074294	0	0.9029464522196262	0.7567567567567568	0.7626996541133163	0.7680992344665649	1.0	No-demo
CC(CCC(=O)O)C1CCC2C3C(O)CC4CC(O)CCC4(C)C3CCC12C	1	1	0.6316029	0	0.8991488145321045	0.7246376811594203	0.7577131233231386	0.7623955119361296	1.0	No-demo
CC(CCC(=O)O)C1CCC2C3CCC4CC(O)CCC4(C)C3CC(O)C12C	0	1	0.67150486	0	0.9122015013721688	0.7534246575342466	0.759465149043956	0.7670179347577948	1.0	No-demo
CC(CCc1ccccc1)NCC(O)c1ccc(O)c(C(N)=O)c1	1	1	0.8789581	0	0.8712143689254919	0.5686274509803921	0.603418175096933	0.6339458843948189	1.0	No-demo
CC(Cc1ccccc1)NC(=O)C(N)CCCCN	1	1	0.8575824	0	0.8683016976418176	0.575	0.6813216971276672	0.6996159029068013	1.0	No-demo
CC(N)(Cc1ccc(O)cc1)C(=O)O	0	1	0.7508136	0	0.8745763874554258	0.3333333333333333	0.6001150361265138	0.6581045301308222	1.0	No-demo
CC(N)C(=O)NC(C)C(=O)NC1C2CN(c3nc4c(cc3F)c(=O)c(C(=O)O)cn4-c3ccc(F)cc3F)CC21	1	1	0.81448734	0	0.8775199039985411	0.74	0.7634798495124695	0.7694109330530353	0.9875	No-demo
CC(N)Cc1ccccc1	1	1	0.82005847	0	0.8866468316388297	0.5757575757575758	0.6597623765663849	0.6865633132599845	1.0	No-demo
CC(OC(=O)NCC1(CC(=O)O)CCCCC1)OC(=O)C(C)C	1	1	0.6630786	0	0.902490582691919	0.55	0.7054971478479215	0.7453494866827944	0.9863013698630136	No-demo
CC(OC1OCCN(Cc2n[nH]c(=O)[nH]2)C1c1ccc(F)cc1)c1cc(C(F)(F)F)cc(C(F)(F)F)c1	1	1	0.7156017	0	0.8856935632601894	0.7555555555555555	0.7676467088263295	0.7763493823991439	0.9857142857142858	No-demo
CC(OC1OCCN(Cc2nc(=O)n(P(=O)(O)O)[nH]2)C1c1ccc(F)cc1)c1cc(C(F)(F)F)cc(C(F)(F)F)c1	0	1	0.7315552	0	0.8808150858359397	0.7604166666666666	0.7816705374996686	0.7867421267453184	0.9871794871794872	No-demo
CC(OCC1(c2ccccc2)CCC2(CCC(=O)N2)CN1)c1cc(C(F)(F)F)cc(C(F)(F)F)c1	0	1	0.76759046	0	0.8883402280568599	0.7590361445783133	0.7691030142636391	0.7734248292929395	0.9859154929577465	No-demo
CC(Oc1c(Cl)cccc1Cl)C1=NCCN1	1	1	0.83255243	0	0.8981920734904668	0.7636363636363637	0.7730908629909644	0.7806456131517804	1.0	No-demo
CC1(C)C(C=C(Cl)Cl)C1C(=O)OCc1cccc(Oc2ccccc2)c1	0	1	0.702222	0	0.8688142117778036	0.7428571428571429	0.7502930928468949	0.7585575992965201	1.0	No-demo
CC1(C)OC2COC3(COS(N)(=O)=O)OC(C)(C)OC3C2O1	1	1	0.63061124	0	0.9288985168701133	0.8160919540229885	0.8354513586493475	0.844380293413089	1.0	No-demo
CC1(C)SC2C(NC(=O)Cc3ccccc3)C(=O)N2C1C(=O)O	1	1	0.6735681	0	0.8541341578764158	0.26	0.3769450549450549	0.41803764704015606	1.0	No-demo
CC12C=CC(=O)NC1CCC1C2CCC2(C)C(C(=O)Nc3cc(C(F)(F)F)ccc3C(F)(F)F)CCC12	1	1	0.77223206	0	0.8928839151518358	0.7195121951219512	0.7367560614138775	0.7542355883997836	1.0	No-demo
CC12OC(CC1(O)CO)n1c3ccccc3c3c4c(c5c6ccccc6n2c5c31)CNC4=O	1	1	0.78794676	0	0.8818452586876232	0.7764705882352941	0.7835031179490823	0.7897538131313707	1.0	No-demo
CC1C(=NC(=O)C(NOC(C)(C)C(=O)O)c2csc(N)n2)C(=O)N1S(=O)(=O)O	1	1	0.609978	0	0.8922374626195597	0.7128712871287128	0.7581249186378628	0.773975620640115	0.9850746268656716	No-demo
CC1CCC(C(C)C)C(O)C1	0	1	0.7636499	0	0.9214798515734154	0.8260869565217391	0.8330961791831356	0.8352220693682656	1.0	No-demo
CC1CCC2C(C)C(OC(=O)CCC(=O)O)OC3OC4(C)CCC1C32OO4	1	0	0.497153	0	0.9119331141040343	0.7325581395348837	0.7692476060191519	0.783460455025602	1.0	No-demo
CC1CCCC(C)N1CCCC(O)(c1ccccc1)c1ccccn1	1	1	0.76651466	0	0.8758367854672022	0.6666666666666666	0.6866944549703171	0.7042932002405391	1.0	No-demo
CC1CCOC2Cn3cc(C(=O)NCc4ccc(F)cc4F)c(=O)c(O)c3C(=O)N12	1	1	0.7546004	0	0.8787187961653863	0.7419354838709677	0.76298605702197	0.7691039062994157	0.9848484848484849	No-demo
CC1COC2Cn3cc(C(=O)NCc4ccc(F)cc4F)c(=O)c(O)c3C(=O)N12	1	1	0.7601819	0	0.8777638422158798	0.7362637362637363	0.7646074709604121	0.7736211292338743	0.984375	No-demo
CC1COc2c(N3CCN(C)CC3)c(F)cc3c(=O)c(C(=O)O)cn1c23	1	1	0.7236474	0	0.8926573564369249	0.7684210526315789	0.7781352425860435	0.7838900551941662	0.9833333333333333	No-demo
CCC(=O)N(c1ccccc1)C1CCN(CCc2ccccc2)CC1	1	1	0.7586685	0	0.8579199849194921	0.578125	0.6245154635858391	0.6571439354613781	1.0	No-demo
CCC(=O)OC(OP(=O)(CCCCc1ccccc1)CC(=O)N1CC(C2CCCCC2)CC1C(=O)O)C(C)C	0	1	0.8400935	0	0.8757510200300633	0.6941176470588235	0.7299113194225447	0.7467366398518734	1.0	No-demo
CCC1=C(C)c2cc3[nH]c(cc4[nH]c(cc5nc(cc1n2)C(C)=C5C(C)O)c(C)c4CCC(=O)O)c(CCC(=O)O)c3C	1	1	0.7395802	0	0.8920996826229015	0.7843137254901961	0.7930344779686572	0.800216924282985	1.0	No-demo
CCC1C(O)C2C3CCC(C(C)CCC(=O)O)C3(C)CCC2C2(C)CCC(O)CC12	1	1	0.6415771	0	0.9090175301214182	0.7534246575342466	0.7703996728250633	0.7786828734458617	1.0	No-demo
CCC1CN(C(=O)NCC(F)(F)F)CC1c1cnc2cnc3[nH]ccc3n12	1	1	0.7603729	0	0.8813363119766219	0.75	0.7732118209846066	0.7782640077048435	0.9838709677419355	No-demo
CCCCC(CC)COC(=O)C(C#N)=C(c1ccccc1)c1ccccc1	1	1	0.8232405	0	0.8747950385125796	0.49019607843137253	0.6571784339559276	0.6992203708131741	1.0	No-demo
CCCCCCC(C)(C)c1cc(O)c2c(c1)OC(C)(C)C1CCC(=O)CC21	0	1	0.8019203	0	0.8894874019820231	0.7261904761904762	0.7453077975376197	0.7613145501754741	0.9838709677419355	No-demo
CCCCCCCCCCCCC[N+](C)(C)Cc1ccccc1	1	1	0.8143599	0	0.9019735794729787	0.6857142857142857	0.7336552505473307	0.7534694723939128	1.0	No-demo
CCCCCCOC(C)c1cccc(-c2csc(NC(=O)c3cc(Cl)c(C=C(C)C(=O)O)c(Cl)c3)n2)c1OC	1	1	0.8655331	0	0.8791519524994307	0.7647058823529411	0.7779822162991799	0.7831644467385958	1.0	No-demo
CCCCCc1cc(O)c2c(c1)OC(C)(C)C1CCC(C)=CC21	0	1	0.75014114	0	0.9017006660926739	0.7741935483870968	0.7845179616599024	0.7910750721430879	1.0	No-demo
CCCCN1CC(O)C(O)C(O)C1CO	0	1	0.68278074	0	0.9037468932606122	0.7222222222222222	0.7680147050296304	0.7844022640162907	1.0	No-demo
CCCNC(C)C(=O)Nc1c(C)csc1C(=O)OC	1	1	0.7556036	0	0.8898659698535479	0.7407407407407407	0.7595240498405353	0.7662811500975285	1.0	No-demo
CCCNC(C)C(=O)Nc1ccccc1C	1	1	0.88061523	0	0.8711598482366019	0.6808510638297872	0.7060569006277003	0.7221881263799443	1.0	No-demo
CCCNCC(O)COc1ccccc1C(=O)CCc1ccccc1	1	1	0.8009105	0	0.870642934442546	0.6229508196721312	0.6325915219660588	0.6545378255138754	1.0	No-demo
CCCSc1nc(NC2CC2c2ccc(F)c(F)c2)c2nnn(C3CC(OCCO)C(O)C3O)c2n1	1	1	0.7534209	0	0.8974815516599083	0.782608695652174	0.7974296162800775	0.8045434081596355	1.0	No-demo
CCCc1nc(C)c2c(=O)[nH]c(-c3cc(S(=O)(=O)N4CCN(CC)CC4)ccc3OCC)nn12	1	1	0.6974752	0	0.8894472581589605	0.7692307692307693	0.7858638649627385	0.7947398497453418	1.0	No-demo
CCCc1nn(C)c2c(=O)[nH]c(-c3cc(S(=O)(=O)N4CCN(C)CC4)ccc3OCC)nc12	1	1	0.75058913	0	0.8869980964838645	0.7441860465116279	0.7704321056340641	0.7802238281862518	1.0	No-demo
CCN(CC)CCOC(=O)C1(C2CCCCC2)CCCCC1	0	1	0.69565594	0	0.9000837026247178	0.6382978723404256	0.6823181548813825	0.7174298780524362	1.0	No-demo
CCN(Cc1ccncc1)C(=O)C(CO)c1ccccc1	0	1	0.8434871	0	0.8721537990500315	0.6666666666666666	0.6848610136505484	0.705238556120189	1.0	No-demo
CCNC(=O)CCCC=CCC1C(O)CC(O)C1C=CC(O)CCc1ccccc1	1	1	0.79053897	0	0.8712635535130234	0.5443037974683544	0.5554382125379739	0.6158538901628392	1.0	No-demo
CCOC(=O)C(C)CC(Cc1ccc(-c2ccccc2)cc1)NC(=O)CCC(=O)O	1	1	0.7446024	0	0.8665969219734009	0.6901408450704225	0.710426811227497	0.7168074096435393	1.0	No-demo
CCOC(=O)C(CCc1ccccc1)NC(C)C(=O)N1C(C(=O)O)CC2CCCC21	1	1	0.791769	0	0.8538813746798072	0.22807017543859648	0.5640644213028114	0.6366313344328556	1.0	No-demo
CCOC(=O)C(CCc1ccccc1)NC(C)C(=O)N1C(C(=O)O)CC2CCCCC21	1	1	0.794533	0	0.853686521974816	0.19642857142857142	0.5543507997416283	0.629404588816673	1.0	No-demo
CCOC(=O)C(CCc1ccccc1)NC(C)C(=O)N1CCCC1C(=O)O	1	1	0.8422995	0	0.8515963978954773	0.36363636363636365	0.5507921122994652	0.6187802189640426	1.0	No-demo
CCOC(=O)C(CCc1ccccc1)NC(C)C(=O)N1Cc2ccccc2CC1C(=O)O	1	1	0.8326014	0	0.8598517398704262	0.19672131147540983	0.5741125995871383	0.6449338072866418	1.0	No-demo
CCOC(=O)C(CCc1ccccc1)NC1CCc2ccccc2N(CC(=O)O)C1=O	1	1	0.7084578	0	0.853414043722818	0.5897435897435898	0.6886574927198451	0.7039896996804345	1.0	No-demo
CCON=C(C(=O)NC1C(=O)N2C(C(=O)[O-])=C(Sc3nc(-c4cc[n+](C)cc4)cs3)CSC12)c1nsc(NP(=O)(O)O)n1	0	1	0.59033024	0	0.8928680024596302	0.6017699115044248	0.6481362727880935	0.6795492216525334	1.0	No-demo
CCOc1cc(CC(=O)NC(CC(C)C)c2ccccc2N2CCCCC2)ccc1C(=O)O	1	1	0.8310065	0	0.8569638440618463	0.7078651685393258	0.7264021685507985	0.7339856115806794	0.9838709677419355	No-demo
CCc1ccc(CCOc2ccc(Cc3sc(=O)[nH]c3O)cc2)nc1	1	1	0.64612347	0	0.8916417152259096	0.7575757575757576	0.7715077313538768	0.7763522552515413	1.0	No-demo
CCc1cccc2c3c([nH]c12)C(CC)(CC(=O)O)OCC3	0	1	0.77566564	0	0.878032275853548	0.75	0.7616885416940653	0.7720483644651158	0.9818181818181818	No-demo
CCn1c(=O)c2c(nc(C=Cc3ccc(OC)c(OC)c3)n2C)n(CC)c1=O	0	1	0.71598446	0	0.892107487005256	0.7580645161290323	0.7746285713530365	0.78294297858921	0.9838709677419355	No-demo
CCn1cc(C(=O)O)c(=O)c2cc(F)c(N3CCNCC3)cc21	0	1	0.66621315	0	0.8806584555641107	0.7037037037037037	0.7538837088837089	0.7710530585124407	0.9791666666666666	No-demo
CCn1cc(C(=O)O)c(=O)c2ccc(C)nc21	1	1	0.7656704	0	0.872472730703331	0.6666666666666666	0.733617763310858	0.752418225581056	1.0	No-demo
CN(CCCl)CCCl	1	1	0.7316092	0	0.9518761755006659	0.7647058823529411	0.7779950042217845	0.7962004607708941	1.0	No-demo
CN(CCOc1ccc(Cc2sc(=O)[nH]c2O)cc1)c1ccccn1	1	1	0.7825413	0	0.8834302225091811	0.640625	0.6983871761409682	0.7184839775472734	1.0	No-demo
CN(CCOc1ccc(NS(C)(=O)=O)cc1)CCc1ccc(NS(C)(=O)=O)cc1	1	1	0.8519316	0	0.8958624225288626	0.6231884057971014	0.6695589297919489	0.6951212502819616	1.0	No-demo
CN1CCC(COc2cnc(-c3cccc(Cn4nc(-c5cccc(C#N)c5)ccc4=O)c3)nc2)CC1	0	1	0.7113225	0	0.8797714138357577	0.7126436781609196	0.7378904620887533	0.752752919285746	1.0	No-demo
CN1CCC23CCCCC2C1Cc1ccc(O)cc13	0	1	0.80274993	0	0.8936775947367952	0.6166666666666667	0.6785279250694375	0.7045674476234989	1.0	No-demo
CN1CCC23c4c5ccc(O)c4OC2C(=O)CCC3(O)C1C5	1	1	0.7458018	0	0.8800911081685825	0.7397260273972602	0.7563982087868243	0.7667950333168643	1.0	No-demo
CN1CCC23c4c5ccc(O)c4OC2C(=O)CCC3C1C5	1	1	0.7744554	0	0.8767879141239444	0.7323943661971831	0.7488559471459222	0.760036816104346	1.0	No-demo
CN1CCC23c4c5ccc(O)c4OC2C(O)C=CC3C1C5	1	1	0.8205866	0	0.9006149660312851	0.7083333333333334	0.7647632801980628	0.7804240445544793	1.0	No-demo
CN1CCc2cccc3c2C1Cc1ccc(O)c(O)c1-3	1	1	0.835452	0	0.8957438587688623	0.7407407407407407	0.7555692771680855	0.7635713741117792	1.0	No-demo
CN1CCc2nc(C(=O)NC3CC(C(=O)N(C)C)CCC3NC(=O)C(=O)Nc3ccc(Cl)cn3)sc2C1	1	1	0.69939244	0	0.885678718452212	0.7395833333333334	0.7541611806788586	0.768133984968832	0.987012987012987	No-demo
CN1c2ccccc2C(NCCCCCCC(=O)O)c2ccc(Cl)cc2S1(=O)=O	1	1	0.7291393	0	0.8646748680115377	0.7164179104477612	0.7253124986394857	0.7330207897406227	0.9827586206896551	No-demo
CNC(=O)c1ccccc1Sc1ccc2c(C=Cc3ccccn3)[nH]nc2c1	1	1	0.826079	0	0.8885676592896149	0.7241379310344828	0.766961625007602	0.7787278313748404	1.0	No-demo
CNC(C)Cc1ccccc1	1	1	0.8628012	0	0.8924526263865513	0.6	0.651557185731705	0.6881225987751095	1.0	No-demo
CNNCc1ccc(C(=O)NC(C)C)cc1	0	1	0.8655188	0	0.8689505685819403	0.6862745098039216	0.6958012668057064	0.7075276693430014	1.0	No-demo
COC(=O)C(c1ccccc1)C1CCCCN1	1	1	0.87246627	0	0.8523123319979807	0.6785714285714286	0.6975514527845036	0.7095521770797774	1.0	No-demo
COC(=O)C(c1ccccc1)C1CCCCN1C(=O)OC[n+]1cccc(C(=O)NC(CO)C(=O)[O-])c1	0	1	0.7638631	0	0.8688586902981443	0.6962025316455697	0.7311921829376254	0.7451356717606177	1.0	No-demo
COC(=O)CC(O)(CCCC(C)(C)O)C(=O)OC1C(OC)=CC23CCCN2CCc2cc4c(cc2C13)OCO4	0	1	0.7862144	0	0.8892141913512075	0.7818181818181819	0.7898127024681358	0.794327186325303	0.9866666666666667	No-demo
COC(=O)NC(C(=O)N1CCCC1c1nc(-c2ccc(-c3ccc(-c4c[nH]c(C5CCCN5C(=O)C(NC(=O)OC)C(C)C)n4)cc3)cc2)c[nH]1)C(C)C	1	1	0.8969209	0	0.8737981406151162	0.691358024691358	0.7362730513268148	0.7532975468013109	1.0	No-demo
COC1(NC(O)=c2sc(=C(C(N)=O)C(=O)O)s2)C(=O)N2C(C(=O)O)=C(CSc3nnnn3C)CSC21	1	1	0.6490696	0	0.899385052732202	0.5617977528089888	0.6351691767726634	0.6897565568094276	1.0	No-demo
COC12CCC3(CC1C(C)(O)C(C)(C)C)C1Cc4ccc(O)c5c4C3(CCN1CC1CC1)C2O5	1	1	0.7561234	0	0.8993548276641619	0.6987951807228916	0.7651535012300547	0.7854873633604043	1.0	No-demo
COC1C(N(C)C(=O)c2ccccc2)CC2OC1(C)n1c3ccccc3c3c4c(c5c6ccccc6n2c5c31)C(=O)NC4	1	1	0.7636366	0	0.8850095340194718	0.7888888888888889	0.7982218110802755	0.8022734134964238	1.0	No-demo
COC1C=COC2(C)Oc3c(C)c(O)c4c(O)c(c5c(nc6cc(C)ccn65)c4c3C2=O)NC(=O)C(C)=CC=CC(C)C(O)C(C)C(O)C(C)C(OC(C)=O)C1C	1	1	0.7564993	0	0.8997785078839577	0.8031496062992126	0.808653258333407	0.8149124928394911	1.0	No-demo
COCC(NC(C)=O)C(=O)NCc1ccccc1	1	1	0.7990437	0	0.8629405648056478	0.6585365853658537	0.7069766969181319	0.7180839128463666	1.0	No-demo
COCC1=C(C(=O)O)N2C(=O)C(=NC(=O)C(NOC)c3csc(N)n3)C2SC1	0	1	0.58776903	0	0.8823968824976908	0.5888888888888889	0.6469745104305163	0.6726528700242276	1.0	No-demo
COCCCCC(=NOCCN)c1ccc(C(F)(F)F)cc1	1	1	0.7031312	0	0.9016655997660834	0.7377049180327869	0.7580481424818377	0.7746168676984817	1.0	No-demo
CON=C1CN(c2nc3c(cc2F)c(=O)c(C(=O)O)cn3C2CC2)CC1CN	1	1	0.706597	0	0.8798427626547539	0.7653061224489796	0.7795208401240532	0.7858091073848272	0.984375	No-demo
COc1c(C)c2c(c(O)c1CC=C(C)CCC(=O)O)C(=O)OC2	1	1	0.64780295	0	0.896148512449469	0.7706422018348624	0.7772773629454083	0.7850211472477133	0.9861111111111112	No-demo
COc1c(C)c2c(c(O)c1CC=C(C)CCC(=O)OCCN1CCOCC1)C(=O)OC2	1	1	0.65083164	0	0.8949324205126853	0.776595744680851	0.7882734855151092	0.7934852697306162	0.9873417721518988	No-demo
COc1c(N2CC3CCCNC3C2)c(F)cc2c(=O)c(C(=O)O)cn(C3CC3)c12	1	1	0.7465158	0	0.8848906960405396	0.7604166666666666	0.7801337618691987	0.7871590478937893	0.9855072463768116	No-demo
COc1c(OCCCN2CCOCC2)ccc2c3n(c(=NC(=O)c4cnc(N)nc4)nc12)CCN3	1	1	0.68346035	0	0.8832828046870295	0.6804123711340206	0.7223524277527691	0.7403121835676452	1.0	No-demo
COc1cc(Nc2ncc(F)c(Nc3ccc4c(n3)N(COP(=O)(O)O)C(=O)C(C)(C)O4)n2)cc(OC)c1OC	1	1	0.7247886	0	0.8862674796990445	0.7333333333333333	0.7551576690241794	0.7658828735925988	0.9866666666666667	No-demo
COc1ccc(-c2ccc3cc(C(=O)O)ccc3c2)cc1C12CC3CC(CC(C3)C1)C2	0	1	0.72927916	0	0.8709862111106599	0.7272727272727273	0.7448473714602747	0.7536151356738271	1.0	No-demo
COc1ccc(C2Sc3ccccc3N(CCN(C)C)C(=O)C2OC(C)=O)cc1	1	1	0.745568	0	0.8751465136993171	0.6764705882352942	0.7209042969414486	0.7354853392959335	0.9841269841269841	No-demo
COc1ccc(CCN(C)CCCC(C#N)(c2ccc(OC)c(OC)c2)C(C)C)cc1OC	1	1	0.8716502	0	0.9068053670736744	0.7532467532467533	0.7728296705040891	0.7796767478839894	1.0	No-demo
COc1ccc(CN(C(=O)C(N)Cc2c(C)cc(C(N)=O)cc2C)C(C)c2nc(-c3ccccc3)c[nH]2)cc1C(=O)O	0	1	0.80573225	0	0.8775360077300263	0.7319587628865979	0.7566150671996111	0.7616589853841342	1.0	No-demo
COc1ccc2c(c1)C13CCCCC1C(C2)N(C)CC3	1	1	0.7895366	0	0.8989644147735495	0.6721311475409836	0.737381344568575	0.7495048512049908	1.0	No-demo
COc1ccc2c3c1OC1C(=O)CCC4(O)C(C2)N(C)CCC314	1	1	0.71609694	0	0.8769493752068109	0.625	0.7097557419171776	0.7336652897415796	1.0	No-demo
COc1ccc2c3c1OC1C(=O)CCC4C(C2)N(C)CCC314	1	1	0.7436437	0	0.881372817652043	0.6338028169014085	0.7150477054042019	0.7341364932288937	1.0	No-demo
COc1ccc2c3c1OC1C(O)C=CC4C(C2)N(C)CCC341	1	1	0.79382	0	0.8958209107786169	0.5882352941176471	0.7281818778318816	0.7540152814854867	1.0	No-demo
COc1ccc2c3c1OC1C(O)CCC4C(C2)N(C)CCC341	0	1	0.78078526	0	0.8894096622196696	0.6029411764705882	0.7095520740750143	0.7375497733958513	1.0	No-demo
COc1cccc(N2CCN(C3=Nc4c(F)cccc4C(CC(=O)O)N3c3cc(C(F)(F)F)ccc3OC)CC2)c1	0	1	0.74743176	0	0.8753020306326513	0.7303370786516854	0.7494628981357204	0.7601111346278505	0.9855072463768116	No-demo
COc1cccc2c(O)c3c(c(O)c12)C(=O)C1=C(CC(O)(C(=O)CO)CC1OC1CC(N)C(O)C(C)O1)C3=O	1	1	0.7661767	0	0.8831187405406988	0.7739130434782608	0.7787959519357994	0.7842817733265094	1.0	No-demo
COc1cccc2c(O)c3c(c(O)c12)C(=O)C1=C(CC(O)(C(C)=O)CC1OC1CC(N)C(O)C(C)O1)C3=O	1	1	0.7456149	0	0.8904077752196458	0.7684210526315789	0.7837098588591742	0.7889434600656705	0.9873417721518988	No-demo
C[N+]1(C)C2CC(OC(=O)C(O)(c3cccs3)c3cccs3)CC1C1OC12	1	1	0.74854404	0	0.8887644385610564	0.6206896551724138	0.669566137387573	0.7112591933822131	1.0	No-demo
C[N+]1(CC2CC2)CCC23c4c5ccc(O)c4OC2C(=O)CCC3(O)C1C5	0	1	0.80455846	0	0.8932688682730979	0.759493670886076	0.7903757957335451	0.8007915968715726	1.0	No-demo
C[n+]1ccccc1C=NO	1	1	0.7883586	0	0.9141407650497263	0.7954545454545454	0.8120473296262771	0.817867934680087	1.0	No-demo
Cc1[nH]c2ccccc2c1CCNCc1ccc(C=CC(O)=NO)cc1	1	1	0.8394618	0	0.9031532196266889	0.7721518987341772	0.7990785409453842	0.8078347616799865	1.0	No-demo
Cc1cc(C(=O)NNCc2ccccc2)no1	1	1	0.8263398	0	0.8651823106685054	0.7049180327868853	0.717935675633466	0.7337324215838723	1.0	No-demo
Cc1ccc(-n2[nH]c(C)c(N=Nc3cccc(-c4cccc(C(=O)O)c4)c3O)c2=O)cc1C	1	1	0.7635529	0	0.8881728901240572	0.7303370786516854	0.7726884402316708	0.7823318109883574	0.9855072463768116	No-demo
Cc1ccc(N(CC2=NCCN2)c2cccc(O)c2)cc1	1	1	0.8119354	0	0.8934474261724926	0.6274509803921569	0.7000458662997362	0.7329988573271231	1.0	No-demo
Cc1cn2nc(-c3cc(=O)n4cc(N5CCNC6(CC6)C5)ccc4n3)cc(C)c2n1	1	1	0.7989509	0	0.8969019885225731	0.7446808510638298	0.7784524653307348	0.7949826071658381	1.0	No-demo
Cc1ncc(OCC2(c3cccc(F)c3)CC2C(=O)Nc2ccc(F)cn2)c(C)n1	0	1	0.64054596	0	0.8702923575360132	0.7317073170731707	0.7449140690932976	0.7534580072025795	0.9852941176470589	No-demo
Clc1ccc2nsnc2c1NC1=NCCN1	1	1	0.8511273	0	0.9276469453386469	0.8035714285714286	0.8206037414965988	0.827479974136522	1.0	No-demo
Clc1cccc(Cl)c1NC1=NCCN1	1	1	0.83714265	0	0.9138825490237723	0.7272727272727273	0.7744898078449876	0.7864048716021936	1.0	No-demo
Cn1c(=O)c2[nH]cnc2n(C)c1=O	1	1	0.59184444	0	0.9118641917870298	0.7317073170731707	0.755785947521787	0.772395092413288	1.0	No-demo
Cn1c(=O)c2c(ncn2C)n(C)c1=O	1	1	0.7324451	0	0.9118052342667298	0.7209302325581395	0.7782920766142066	0.7955483120461784	1.0	No-demo
Cn1c(CCCC(=O)O)nc2cc(N(CCCl)CCCl)ccc21	1	1	0.75147474	0	0.8786974261751248	0.6052631578947368	0.6883276906357085	0.7318742244549841	0.9824561403508771	No-demo
Cn1cc(-c2cc3c(N4CCN(c5ncc(C(C)(N)c6ccc(F)cc6)cn5)CC4)ncnn3c2)cn1	1	1	0.74139774	0	0.9104981982862619	0.7789473684210526	0.7962533693023838	0.8032224953757396	1.0	No-demo
FC(F)OC(Cl)C(F)(F)F	1	1	0.640923	0	0.9717213592684847	0.85	0.8863788815019371	0.8945227796394895	1.0	No-demo
FC(F)OC(F)C(F)(F)F	1	1	0.6267537	0	0.974372046818888	0.8333333333333334	0.8776781155050312	0.8893645034519498	1.0	No-demo
FCOC(C(F)(F)F)C(F)(F)F	1	1	0.6391702	0	0.9616203155465117	0.8421052631578947	0.8596073054031976	0.8730679922856712	1.0	No-demo
Fc1ccc(C2CCNCC2COc2ccc3c(c2)OCO3)cc1	1	1	0.7734845	0	0.9079031162703425	0.746031746031746	0.7602486425271235	0.7711410267795977	1.0	No-demo
N#Cc1ccc(Oc2ccc3c(c2)COB3O)cc1	0	1	0.80022657	0	0.9206413949882066	0.75	0.7801378076314137	0.7984872365699682	1.0	No-demo
N#Cc1ccc2[nH]cc(CCCCN3CCN(c4ccc5oc(C(N)=O)cc5c4)CC3)c2c1	1	1	0.8262076	0	0.8901399667051838	0.7073170731707317	0.7230014353323986	0.7372673015694827	1.0	No-demo
N=C(N=C(N)NCCCCCCN=C(N)N=C(N)Nc1ccc(Cl)cc1)Nc1ccc(Cl)cc1	1	1	0.8242971	0	0.9153779577647129	0.7733333333333333	0.8089320049220022	0.8165658098976141	1.0	No-demo
NC(=O)C1CCC2CN1C(=O)N2OS(=O)(=O)O	1	1	0.6564855	0	0.9080701258356749	0.7796610169491526	0.7945965146013115	0.8045738212431528	1.0	No-demo
NC(=O)CS(=O)C(c1ccccc1)c1ccccc1	1	1	0.8026994	0	0.8790625228402646	0.6938775510204082	0.7072194848341027	0.7196775684383554	1.0	No-demo
NC(=O)OCC(COC(N)=O)c1ccccc1	1	1	0.7898035	0	0.8683801138138543	0.5526315789473685	0.6448804712985053	0.6676907499218747	1.0	No-demo
NC(=O)OCC(N)Cc1ccccc1	1	1	0.7841429	0	0.8721157068504284	0.5853658536585366	0.6609769140472154	0.6846704188376044	1.0	No-demo
NC(=O)c1ccc2c(c1O)C13CCN(CC4CC4)C(C2)C1(O)CCC(=O)C3	0	1	0.66119325	0	0.8887019675006198	0.5441176470588235	0.7366180236499209	0.7646386774931729	1.0	No-demo
NC(=O)c1cccc2cn(-c3ccc(C4CCCNC4)cc3)nc12	1	1	0.79055643	0	0.888155743892233	0.7640449438202247	0.7765898325448887	0.7851074647767782	1.0	No-demo
NC(O)=NO	1	1	0.63279766	0	0.9650564091166726	0.75	0.8069023569023569	0.8265859654748542	1.0	No-demo
NC1CCCCN(c2c(F)cc3c(=O)c(C(=O)O)cn(C4CC4)c3c2Cl)C1	0	1	0.70844865	0	0.8906048583377412	0.7444444444444445	0.762192790520825	0.7782066948447168	1.0	No-demo
NCC(=O)CCC(=O)O	0	0	0.49870846	0	0.9286892444090636	0.6129032258064516	0.6975806451612904	0.7258509299159042	1.0	No-demo
NCC(=O)O	1	1	0.5229259	0	0.9242815966652433	0.6363636363636364	0.6641148325358851	0.6794586039437298	1.0	No-demo
NCC1CCC(C(=O)O)CC1	1	1	0.5625226	0	0.9140539795876529	0.75	0.7776597911892029	0.7893638198192278	1.0	No-demo
NCCCCC(NC(CCc1ccccc1)C(=O)O)C(=O)N1CCCC1C(=O)O	1	1	0.7898083	0	0.8722721808500341	0.6101694915254238	0.6649229377741819	0.6981372888971569	1.0	No-demo
NCCCCCC(=O)O	0	1	0.5435109	0	0.9244815137189737	0.5769230769230769	0.6839621883492851	0.7100353171320913	1.0	No-demo
NNCCc1ccccc1	0	1	0.80601263	0	0.90468080342246	0.7435897435897436	0.754420891712291	0.7621100848301129	1.0	No-demo
NS(=O)(=O)Cc1noc2ccccc12	1	1	0.8171369	0	0.90282400394955	0.7142857142857143	0.7606083681953754	0.776123156476594	1.0	No-demo
NS(=O)(=O)c1cc2c(cc1C(F)(F)F)NC(Cc1ccccc1)NS2(=O)=O	0	1	0.79915667	0	0.9004448923831775	0.6721311475409836	0.7388569459389132	0.7625872903877503	1.0	No-demo
Nc1cc(Cl)c(NC2=NCCN2)c(Cl)c1	1	1	0.8032464	0	0.9221874399557388	0.717391304347826	0.7712198539607024	0.7877279544498094	1.0	No-demo
O=C(CCCCCCC(O)=NO)Nc1ccccc1	1	1	0.78479004	0	0.8861378505342072	0.7435897435897436	0.762089220303506	0.7696996289944825	1.0	No-demo
O=C(CCCc1ccccc1)OCC(COC(=O)CCCc1ccccc1)OC(=O)CCCc1ccccc1	0	1	0.7415873	0	0.8786381509019109	0.48717948717948717	0.6715687512388773	0.7053159729104874	1.0	No-demo
O=C(NC1CCNCC1)C1CCC2CN1C(=O)N2OS(=O)(=O)O	0	1	0.7299169	0	0.9113953088768546	0.7875	0.8054446566187	0.8130106041366832	1.0	No-demo
O=C(NCc1c(F)cc(F)cc1F)c1cn2c(c(O)c1=O)C(=O)N1C3CCC(C3)OC1C2	1	1	0.6597048	0	0.8941518260988489	0.7714285714285715	0.7760218708605592	0.7838377773471935	0.9863013698630136	No-demo
O=C(Nc1c(Cl)cncc1Cl)c1ccc(OC(F)F)c(OCC2CC2)c1	1	1	0.71573114	0	0.8738397454042998	0.7325581395348837	0.7505349229915372	0.7596166903382012	0.9830508474576272	No-demo
O=C(O)CCCCC1SCC2NC(=O)NC21	1	1	0.6018717	0	0.9073670779555741	0.7096774193548387	0.76383354727964	0.7857766394980961	1.0	No-demo
O=C(O)CCCCCCCC(=O)O	0	1	0.56045014	0	0.9278895277854957	0.65	0.6987260887260888	0.7163511255999958	1.0	No-demo
O=C(O)CCCN1CCC(OC(c2ccc(Cl)cc2)c2ccccn2)CC1	0	1	0.6931302	0	0.8621749202754588	0.5074626865671642	0.5937979196483336	0.6297033858947924	1.0	No-demo
O=C(O)CCCc1ccc(N(CCCl)CCCl)cc1	1	1	0.7567533	0	0.8946227383985095	0.4634146341463415	0.6839140685688846	0.7240117201366076	1.0	No-demo
O=C(O)CCCc1ccccc1	0	1	0.682968	0	0.8785868102162847	0.7454545454545455	0.7524419405604075	0.7543041487873079	1.0	No-demo
O=C(O)CCc1nc(-c2ccccc2)c(-c2ccccc2)o1	0	1	0.62761414	0	0.8851871407664934	0.7333333333333333	0.756960230078258	0.7704952450469429	1.0	No-demo
O=C(O)CNC(=O)c1ncc(-c2cccc(Cl)c2)cc1O	1	1	0.6884524	0	0.8782841685772579	0.7090909090909091	0.7383383283383284	0.7496129654395783	1.0	No-demo
O=C(O)CNCP(=O)(O)O	1	1	0.5741242	0	0.9309435568638619	0.6818181818181818	0.7237040648211343	0.7521384922389918	1.0	No-demo
O=C(O)Cc1ccccc1	1	1	0.7052136	0	0.8743548184011197	0.6756756756756757	0.6942491656777372	0.7096201798582752	1.0	No-demo
O=C(O)Cc1ccccc1Nc1c(Cl)cccc1Cl	1	1	0.71273583	0	0.8786859036072276	0.6428571428571429	0.6807537513365449	0.7127305683669198	1.0	No-demo
O=C(O)c1ccc(-n2nc(-c3ccccc3O)nc2-c2ccccc2O)cc1	1	1	0.8084534	0	0.8777738153236009	0.7567567567567568	0.7605909014604666	0.7643367929681992	1.0	No-demo
O=C(O)c1ccc2nc(-c3cc(Cl)cc(Cl)c3)oc2c1	1	1	0.7659904	0	0.8932393599915515	0.75	0.7676258322574112	0.7761329753343739	1.0	No-demo
O=C(O)c1ccccc1	1	1	0.7541914	0	0.8776101602911941	0.65625	0.6747997835497836	0.6911733071455294	1.0	No-demo
O=C(O)c1ccccc1O	0	1	0.72152776	0	0.8847381528402194	0.48	0.5505454545454544	0.6102626518080914	1.0	No-demo
O=C(O)c1cccnc1	1	1	0.70240945	0	0.8848845828343057	0.4375	0.6130965855498962	0.6711004962523557	1.0	No-demo
O=C(O)c1cn(C2CC2)c2cc(N3CCNCC3)c(F)cc2c1=O	1	1	0.6780224	0	0.8940813119684837	0.7349397590361446	0.7543611497447223	0.770246709964377	0.9841269841269841	No-demo
O=C(OC1C[N+]2(CCCOc3ccccc3)CCC1CC2)C(O)(c1cccs1)c1cccs1	1	1	0.72637355	0	0.8849480546822259	0.5409836065573771	0.6977862949524161	0.7327129674255101	0.9836065573770492	No-demo
O=C(OOC(=O)c1ccccc1)c1ccccc1	0	1	0.72814906	0	0.8804302871109678	0.6428571428571429	0.6814285714285715	0.6995579786277459	1.0	No-demo
O=C1C(CCC(O)c2ccc(F)cc2)C(c2ccc(O)cc2)N1c1ccc(F)cc1	1	1	0.7819964	0	0.894382153514798	0.7361111111111112	0.751828622111641	0.7608827110881599	0.9818181818181818	No-demo
O=C1CCC2(O)C3Cc4ccc(O)c5c4C2(CCN3CC2CC2)C1O5	1	1	0.760173	0	0.8942522686088448	0.5882352941176471	0.739659205940866	0.7639873806567704	1.0	No-demo
O=S(=O)(Nc1ccccc1)c1cccc(C=CC(O)=NO)c1	1	1	0.8159906	0	0.9042580725465144	0.7384615384615385	0.7667413888695138	0.7793382129415813	1.0	No-demo
O=[N+]([O-])OC1COC2C(O)COC12	1	1	0.6150344	0	0.9243580201206142	0.796875	0.8248519921436589	0.8331633874482315	1.0	No-demo
O=[N+]([O-])OC1COC2C(O[N+](=O)[O-])COC12	1	1	0.6052683	0	0.9388674693789246	0.819672131147541	0.8364447682737015	0.8454199874747731	1.0	No-demo
O=[N+]([O-])OCC(CO[N+](=O)[O-])O[N+](=O)[O-]	1	1	0.6250676	0	0.9409843814789894	0.8043478260869565	0.8209894453372716	0.8299997595891316	1.0	No-demo
O=c1[nH]c2cc(Cl)ccc2o1	0	1	0.7560713	0	0.914085640717202	0.7407407407407407	0.7511685563114133	0.7603570094552806	1.0	No-demo
O=c1[nH]cnc2[nH]ncc12	1	1	0.64444506	0	0.9212033772967155	0.7058823529411765	0.759940772647732	0.782306402512607	1.0	No-demo
OB1OCc2cc(F)ccc21	0	1	0.79196703	0	0.9204446712810168	0.8	0.8123040893532696	0.8227482920766896	1.0	No-demo
OC(CNCC(O)C1CCc2cc(F)ccc2O1)C1CCc2cc(F)ccc2O1	1	1	0.8358162	0	0.8921073096471055	0.7692307692307693	0.7798525232317243	0.7854723281627733	1.0	No-demo
OC(c1cc(C(F)(F)F)nc2c(C(F)(F)F)cccc12)C1CCCCN1	0	1	0.8810402	0	0.8907715531623757	0.7466666666666667	0.770747722169645	0.7840071324715081	1.0	No-demo
OC(c1ccccc1)(c1ccccc1)C12CC[N+](CCOCc3ccccc3)(CC1)CC2	1	1	0.80479324	0	0.8957943806104076	0.711864406779661	0.7383571319341762	0.7528330943697692	1.0	No-demo
OC1COC2C(O)COC12	1	1	0.68334514	0	0.9392795682638864	0.8461538461538461	0.8526676222328395	0.8571385780081431	1.0	No-demo
OCC(O)c1oc(O)c(O)c1O	0	1	0.80459493	0	0.9388482085124615	0.7692307692307693	0.7938062043944398	0.8077482607533759	1.0	No-demo
OCC1NCC(O)C(O)C1O	1	1	0.69164586	0	0.9284614759925477	0.7666666666666667	0.801940083725798	0.8144725041671359	1.0	No-demo
OCCN1CC(O)C(O)C(O)C1CO	1	1	0.65493274	0	0.9194348078744563	0.7941176470588235	0.7994107116530822	0.8058255841153706	1.0	No-demo
Oc1c(C2=CCC(c3ccc(Cl)cc3)CC2)c(O)c2ccccc2c1O	1	1	0.7822877	0	0.9104881083541884	0.7704918032786885	0.7825296778350046	0.7957849313319156	1.0	No-demo
Oc1ccc2c3c1OC1C(O)CCC4(O)C(C2)N(CC2CCC2)CCC314	0	1	0.79048145	0	0.9040367417939951	0.5230769230769231	0.7269346235729938	0.7637576849767949	1.0	No-demo
Oc1ccccc1	1	1	0.78515685	0	0.9081258622710746	0.6956521739130435	0.7154795671317411	0.7292243887234988	1.0	No-demo
c1ccc2c(CC3=NCCN3)cccc2c1	0	1	0.86112374	0	0.9051935210557499	0.6046511627906976	0.6941827578106647	0.7383752445836206	1.0	No-demo
c1ccc2c(c1)CCCC2C1=NCCN1	0	1	0.8409178	0	0.9105276558398153	0.7142857142857143	0.7517983193277311	0.766821983838573	1.0	No-demo
C#CC1(O)C=CC2C3CC=C4CC(=O)CCC4C3CCC21CC	0	1	0.5615907	1	0.9069553418276625	0.6056338028169014	0.7369559928905606	0.7709213640393675	1.0	No-demo
C#CC1(O)CCC2C3CC=C4CC(=O)CCC4C3C(=C)CC21CC	1	0	0.38550383	1	0.9073225705643225	0.3492063492063492	0.6444576999228161	0.7183287770412812	1.0	No-demo
C#CC1(O)CCC2C3CC=C4CC(=O)CCC4C3CCC21C	1	1	0.5816857	1	0.9124301933293851	0.582089552238806	0.6975953511604132	0.7360587537800846	1.0	No-demo
C#CC1(O)CCC2C3CC=C4CC(=O)CCC4C3CCC21CC	1	1	0.58082837	1	0.9034305747504436	0.4098360655737705	0.6516034604261208	0.7184848792756169	1.0	No-demo
C#CC1(O)CCC2C3CCC4=Cc5oncc5CC4(C)C3CCC21C	0	0	0.4269228	1	0.9213536114714621	0.6842105263157895	0.7367456235124366	0.7602585198003583	1.0	No-demo
C#CC1(O)CCC2C3CCc4cc(O)ccc4C3CCC21C	1	1	0.5220437	1	0.9026573267614242	0.4230769230769231	0.4927954152149491	0.5713853081494206	1.0	No-demo
C#CC1(OC(C)=O)CCC2C3CCC4=CC(=NO)CCC4C3CCC21CC	0	0	0.3445668	1	0.9037639091404892	0.3064516129032258	0.6643485710005974	0.7305567334104693	0.9859154929577465	No-demo
C#Cc1cccc(Nc2ncnc3cc(OCCOC)c(OCCOC)cc23)c1	1	1	0.88213253	1	0.8962800458311109	0.7553191489361702	0.7655112451170023	0.7729485121534472	1.0	No-demo
C1N2CN3CN1CN(C2)C3	0	1	0.71933854	1	0.9773549848481662	0.9	0.9073098330241187	0.9142180708240466	1.0	No-demo
C=C1CC2C3CC=C4CC(=O)CCC4C3CCC2(C)C1(OC(C)=O)C(C)=O	0	1	0.5809905	1	0.9058488338623584	0.6962025316455697	0.7512491709595014	0.7660342814562732	1.0	No-demo
C=C1CCN(C(C)C(O)(Cn2cncn2)c2ccc(F)cc2F)CC1	0	1	0.91655207	1	0.8917203263027854	0.42592592592592593	0.6712210308750173	0.722240820303691	1.0	No-demo
C=CC(=O)N1CCC(C2CCNc3c(C(N)=O)c(-c4ccc(Oc5ccccc5)cc4)nn32)CC1	1	1	0.87221074	1	0.8872231948215776	0.7368421052631579	0.7744446606419995	0.7872362270387233	1.0	No-demo
C=CC(=O)N1CCCC(n2nc(-c3ccc(Oc4ccccc4)cc3)c3c(N)ncnc32)C1	1	1	0.75510544	1	0.8837173293071588	0.7425742574257426	0.7512046591948172	0.76444213418865	0.9866666666666667	No-demo
CC#CC(=O)N1CCCC1c1nc(-c2ccc(C(=O)Nc3ccccn3)cc2)c2c(N)nccn12	1	1	0.79468596	1	0.8808254917865002	0.7419354838709677	0.7582856016306816	0.7672709121978731	1.0	No-demo
CC#CCn1c(N2CCCC(N)C2)nc2c1c(=O)n(Cc1nc(C)c3ccccc3n1)c(=O)n2C	1	1	0.9079375	1	0.8876777510087575	0.7472527472527473	0.7564635491097345	0.7676860164985784	1.0	No-demo
CC(=O)C1(O)CCC2C3=C(C4=C(CC3)CC(=O)CC4)C(c3ccc(N(C)C)cc3)CC21C	0	1	0.840513	1	0.9000134631753663	0.25396825396825395	0.6896623944095854	0.7451531287499571	1.0	No-demo
CC(=O)C1(O)CCC2C3CC(C)=C4CC(=O)C=CC4(C)C3(F)C(O)CC21C	0	1	0.5363089	1	0.90081182957352	0.5675675675675675	0.5808087273119716	0.6021032675852594	1.0	No-demo
CC(=O)C1CCC2C3CC=C4CC(=O)CCC4(C)C3CCC12C	1	1	0.590323	1	0.904461872549099	0.5714285714285714	0.6872273727970851	0.716840227845905	1.0	No-demo
CC(=O)C1CCC2C3CC=C4CC(O)CCC4(C)C3CCC12C	1	1	0.7026238	1	0.9051249267781127	0.47058823529411764	0.6678310796943576	0.704982134708309	1.0	No-demo
CC(=O)OC1(C(C)=O)CCC2C3=CC(C)=C4CC(=O)CCC4(C)C3CCC21C	0	1	0.6292514	1	0.9009833827082143	0.47692307692307695	0.7157725098950871	0.7522324581291027	1.0	No-demo
CC(=O)OC1(C(C)=O)CCC2C3CC(C)=C4CC(=O)CCC4(C)C3CCC21C	1	1	0.66780585	1	0.9103466904331925	0.6056338028169014	0.7252282098387426	0.7532205490908611	1.0	No-demo
CC(=O)OC1CCC2(C)C(=CCC3C2CCC2(C)C(c4cccnc4)=CCC32)C1	1	0	0.39545366	1	0.8905073182990149	0.7611940298507462	0.7658767798968436	0.7736418441391284	1.0	No-demo
CC(=O)OCC(=O)C1(O)CCC2C3CC=C4CC(=O)C=CC4(C)C3C(O)CC21C	0	1	0.6822892	1	0.8900706854852254	0.46987951807228917	0.5840401904267122	0.620823219819748	0.9855072463768116	No-demo
CC(=O)OCC(=O)C1(O)CCC2C3CC=C4CC(=O)CCC4(C)C3C(O)CC21C	0	1	0.7353368	1	0.8908931843788932	0.6195652173913043	0.6798907537112902	0.7066090440355948	0.9855072463768116	No-demo
CC(=O)OCC(=O)C12N=C(C)OC1CC1C3CC=C4CC(=O)C=CC4(C)C3C(O)CC12C	1	1	0.640469	1	0.8911653363967755	0.45977011494252873	0.5913318073780053	0.6280905730587446	0.9848484848484849	No-demo
CC(=O)OCC(CCn1cnc2cnc(N)nc21)COC(C)=O	0	1	0.7125499	1	0.8796995944974558	0.7297297297297297	0.7388301052144673	0.7484851598957903	0.9791666666666666	No-demo
CC(=O)Oc1ccc(C(c2ccc(OC(C)=O)cc2)c2ccccn2)cc1	1	1	0.8054836	1	0.8796718909830411	0.6595744680851063	0.6655407529120336	0.6949672593798756	1.0	No-demo
CC(=O)Oc1ccccc1C(=O)Nc1ncc([N+](=O)[O-])s1	0	1	0.7441571	1	0.8890564995142145	0.5833333333333334	0.7123084886128364	0.744176308379227	1.0	No-demo
CC(=O)SC1C=C2CC(=O)CCC2(C)C2CCC3(C)C(CCC34CCC(=O)O4)C12	1	1	0.6746449	1	0.9061286471873043	0.7733333333333333	0.7859411764705881	0.79295351287938	1.0	No-demo
CC(=O)[O-]	1	1	0.7040601	1	0.9319594163182182	0.5	0.6148663101604278	0.6772331154684096	1.0	No-demo
CC(C)(C)NC(=O)C1CN(Cc2cccnc2)CCN1CC(O)CC(Cc1ccccc1)C(=O)NC1c2ccccc2CC1O	1	1	0.7978335	1	0.8806524230831347	0.6782608695652174	0.7292482275656319	0.7473859405783763	0.9878048780487805	No-demo
CC(C)(C)c1cc(C(C)(C)C)c(NC(=O)c2c[nH]c3ccccc3c2=O)cc1O	1	1	0.78105927	1	0.8886415820383244	0.7547169811320755	0.7715342840967148	0.7803320043260258	1.0	No-demo
CC(C)(O)CNc1nc(Nc2ccnc(C(F)(F)F)c2)nc(-c2cccc(C(F)(F)F)n2)n1	1	1	0.86553633	1	0.8970101757735214	0.7209302325581395	0.7550009310867435	0.7680013345359362	1.0	No-demo
CC(C)C(=O)Oc1ccc(CO)cc1C(CCN(C(C)C)C(C)C)c1ccccc1	1	1	0.77297395	1	0.8663114397687477	0.5272727272727272	0.682818468081626	0.7023837902312438	1.0	No-demo
CC(C)N(CCC(C(N)=O)(c1ccccc1)c1ccccn1)C(C)C	1	1	0.73300856	1	0.866275219286511	0.6111111111111112	0.6637839937839938	0.6920064404156154	0.9811320754716981	No-demo
CC(C)N(CCCCOCC(=O)NS(C)(=O)=O)c1cnc(-c2ccccc2)c(-c2ccccc2)n1	1	1	0.75603354	1	0.8707079603864165	0.7362637362637363	0.7568600134891137	0.7614937285707781	1.0	No-demo
CC(C)c1cc(-c2n[nH]c(=O)n2-c2ccc3c(ccn3C)c2)c(O)cc1OP(=O)(O)O	1	1	0.87408686	1	0.8960450565371327	0.7741935483870968	0.7890717887737375	0.802246071524932	1.0	No-demo
CC(C)c1cccc(C(C)C)c1O	1	1	0.81682056	1	0.896161146378156	0.7142857142857143	0.733657310431504	0.7410502281470024	1.0	No-demo
CC(C[N+](C)(C)C)OC(N)=O	1	1	0.6318194	1	0.9096806894733088	0.696969696969697	0.7335231644289821	0.752574597522274	1.0	No-demo
CC(NC(C)(C)C)C(=O)c1cccc(Cl)c1	1	1	0.8536438	1	0.8755416488395188	0.6862745098039216	0.7044360490403141	0.7175756192613807	1.0	No-demo
CC(NCCCc1cccc(C(F)(F)F)c1)c1cccc2ccccc12	1	1	0.7660694	1	0.8936912264522436	0.7333333333333333	0.752047994445989	0.7603758858911116	1.0	No-demo
CC(NCc1ccc(OCc2cccc(F)c2)cc1)C(N)=O	1	1	0.8467133	1	0.8665099588391677	0.6206896551724138	0.6807416950326128	0.6976444998203666	0.9795918367346939	No-demo
CC(O)C(=O)[O-]	1	1	0.7435812	1	0.925241518622278	0.4666666666666667	0.6227594627594628	0.6789554067331846	1.0	No-demo
CC(c1nc(-c2ccc(C#N)cc2)cs1)C(O)(Cn1cncn1)c1cc(F)ccc1F	1	1	0.87657577	1	0.9053418470383454	0.5882352941176471	0.7288717872380349	0.7604870280260676	0.9859154929577465	No-demo
CC(c1ncncc1F)C(O)(Cn1cncn1)c1ccc(F)cc1F	1	1	0.89574826	1	0.9000807380088858	0.40384615384615385	0.6710674212010418	0.7254604564127591	1.0	No-demo
CC1(C)C(C(=O)O)N2C(=O)CC2S1(=O)=O	1	1	0.619005	1	0.895768768432153	0.6792452830188679	0.7129849149041315	0.7333125886427119	1.0	No-demo
CC1(C)CC1C(=O)N=C(CCCCCSCC(N)C(=O)O)C(=O)O	1	1	0.6352484	1	0.9066116644316788	0.7538461538461538	0.7643199419627991	0.7757725413424326	1.0	No-demo
CC1(Cn2ccnn2)C(C(=O)O)N2C(=O)CC2S1(=O)=O	1	1	0.6410149	1	0.8840201230408588	0.7164179104477612	0.7546914167446832	0.7650931088729966	0.9833333333333333	No-demo
CC12C=CC(=O)C=C1CCC1C2C(=O)CC2(C)C1CCC2(O)C(=O)CO	1	0	0.4157438	1	0.8972017871151855	0.5972222222222222	0.6760156816929284	0.7098475807108479	1.0	No-demo
CC12C=CC(=O)C=C1CCC1C2C(O)CC2(C)C1CCC2(O)C(=O)CO	1	1	0.5733532	1	0.895260887581838	0.5571428571428572	0.6466201249730663	0.6847908515938456	1.0	No-demo
CC12CC=C3C4=C(CCC3C1CCC2(O)CC#N)CC(=O)CC4	0	1	0.5600429	1	0.9062135320091553	0.6708860759493671	0.7547216461075045	0.7736382258896286	1.0	No-demo
CC12CCC(=O)C=C1C1CC1C1C2CCC2(C)C1C1CC1C21CCC(=O)O1	1	1	0.6549878	1	0.921344949576935	0.7702702702702703	0.7944039467756253	0.8030770037384852	1.0	No-demo
CC12CCC(=O)C=C1CCC1C2C(=O)CC2(C)C1CCC2(O)C(=O)CO	0	0	0.48836014	1	0.89811249943471	0.6883116883116883	0.7378047878047879	0.7549515883001217	1.0	No-demo
CC12CCC(=O)C=C1CCC1C2C(O)CC2(C)C1CCC2(O)C(=O)CO	1	1	0.68804145	1	0.8952875750533787	0.6533333333333333	0.7121513151988508	0.7371004463098614	1.0	No-demo
CC12CCC(=O)C=C1CCC1C2C(O)CC2(C)C1CCC2(O)C(=O)COC(=O)CCC(=O)O	0	1	0.5489731	1	0.8892793004817647	0.6868686868686869	0.720284180752284	0.7382908449412359	1.0	No-demo
CC12CCC(=O)C=C1CCC1C2CCC2(C)C(O)CCC12	1	1	0.7695768	1	0.9045624832371311	0.5818181818181818	0.6635157016763878	0.6912307943589339	1.0	No-demo
CC12CCC(=O)C=C1CCC1C2CCC2(C)C(OC(=O)CCC3CCCC3)CCC12	1	0	0.32722613	1	0.8922947217110028	0.44285714285714284	0.6715024703978193	0.710850037011941	0.984375	No-demo
CC12CCC(=O)C=C1CCC1C2CCC2(C)C1CCC2(C)O	1	1	0.65983117	1	0.9089084477091512	0.6833333333333333	0.7313758705063054	0.7514382495497626	1.0	No-demo
CC12CCC(=O)C=C1CCC1C3CCC(O)(C(=O)CO)C3(C)CC(O)C12F	1	1	0.6353571	1	0.894773280475392	0.5072463768115942	0.6240470661355483	0.6608668958598729	0.9848484848484849	No-demo
CC12CCC(O)CC1=CCC1C2CCC2(C)C(c3cccnc3)=CCC12	1	0	0.4883358	1	0.9066929087347273	0.7333333333333333	0.7666432624844577	0.7808227069160156	1.0	No-demo
CC12CCC3C(CC=C4CC(O)CCC43C)C1CCC2=O	0	1	0.7471193	1	0.9015087421995416	0.5555555555555556	0.6891331723224472	0.7282540712111701	1.0	No-demo
CC12CCC3C4=C(CCC3C1CCC2O)CC(=O)CC4	1	1	0.79918754	1	0.9145271751874131	0.5283018867924528	0.6439316386108086	0.6806901591505069	1.0	No-demo
CC1=C(CC(=O)O)c2cc(F)ccc2C1=Cc1ccc(S(C)=O)cc1	0	1	0.7058661	1	0.8965528083243791	0.7702702702702703	0.7792258839219789	0.7887985035750529	0.9824561403508771	No-demo
CC1=C2CC(=O)C=CC2(C)C2C(O)CC3(C)C(CCC3(O)C(=O)CO)C2C1	1	1	0.58592105	1	0.8937358940652212	0.6410256410256411	0.6637763232053435	0.6858190872814549	1.0	No-demo
CC1=NS(=O)(=O)c2cc(Cl)ccc2N1	1	1	0.7629721	1	0.9105301289370217	0.6851851851851852	0.7461528364918195	0.7650603680205084	1.0	No-demo
CC1CC(OC(=O)c2ccccc2O)CC(C)(C)C1	1	0	0.42149585	1	0.8734172600127298	0.5641025641025641	0.6902465538983347	0.7180047392015074	1.0	No-demo
CC1CNCCc2ccc(Cl)cc21	1	1	0.5255883	1	0.9087631855385166	0.7058823529411765	0.7395896547113338	0.7574704430935981	1.0	No-demo
CC1Cc2ccccc2N1NC(=O)c1ccc(Cl)c(S(N)(=O)=O)c1	1	1	0.7930193	1	0.87359583200138	0.7049180327868853	0.7297116124224796	0.7433802005203403	1.0	No-demo
CCC(=O)NS(=O)(=O)c1ccc(-c2c(-c3ccccc3)noc2C)cc1	1	1	0.5809055	1	0.8755953501414412	0.6891891891891891	0.7062287649936758	0.721410952656633	1.0	No-demo
CCC1(O)C(=O)OCc2c1cc1n(c2=O)Cc2cc3c(CN(C)C)c(O)ccc3nc2-1	1	1	0.8772813	1	0.885318599870728	0.7752808988764045	0.7827314829095751	0.7900343221142563	1.0	No-demo
CCCC(=O)OCOC(=O)C1=C(C)N=C(C)C(C(=O)OC)C1c1cccc(Cl)c1Cl	1	1	0.8214618	1	0.8684503380107611	0.2037037037037037	0.5927897022383021	0.6724991792103896	0.9827586206896551	No-demo
CCCC1OC2CC3C4CC=C5CC(=O)C=CC5(C)C4C(O)CC3(C)C2(C(=O)CO)O1	1	1	0.7532701	1	0.8996459796870719	0.4166666666666667	0.6093985602412568	0.6451618036941587	1.0	No-demo
CCCCC(CC)COC(=O)c1ccccc1O	1	1	0.5681523	1	0.8678276800211949	0.49019607843137253	0.5964980263791277	0.6520945950237094	1.0	No-demo
CCCCCC(=O)OC1(C(C)=O)CCC2C3CC=C4CC(=O)CCC4(C)C3CCC21C	1	1	0.54655266	1	0.8949689134897725	0.6987951807228916	0.7264573876641491	0.7412640672066791	0.9859154929577465	No-demo
CCCCCCC(=O)OC1CCC2C3CC=C4CC(=O)CCC4(C)C3CCC12C	1	0	0.46093354	1	0.8918849919300138	0.625	0.717211197732105	0.7363686579101475	1.0	No-demo
CCCCCCCCCC(=O)OC1CCC2C3CC=C4CC(=O)CCC4C3CCC12C	1	0	0.4740507	1	0.8914712635730204	0.6075949367088608	0.7126144430562557	0.7320483430781083	1.0	No-demo
CCCCCCCCCCC(=O)OC1CCC2C3CC=C4CC(=O)CCC4(C)C3CCC12C	0	0	0.46093354	1	0.8918849919300138	0.625	0.717211197732105	0.7363686579101475	1.0	No-demo
CCCCCCCN(CC)CCCC(O)c1ccc(NS(C)(=O)=O)cc1	1	1	0.9582584	1	0.8896555651116842	0.5102040816326531	0.6669384143569881	0.7056957652262552	1.0	No-demo
CCCCCCOC(=O)CCC(=O)CN	1	1	0.62044823	1	0.9135914259412751	0.5789473684210527	0.6470282917920989	0.687680545867461	1.0	No-demo
CCCCCCOC(=O)N=C(N)c1ccc(NCc2nc3cc(C(=O)N(CCC(=O)OCC)c4ccccn4)ccc3n2C)cc1	1	1	0.8729699	1	0.8847438682529214	0.36046511627906974	0.6723956745457302	0.7244607388305949	1.0	No-demo
CCCCNc1cc(C(=O)O)cc(S(N)(=O)=O)c1Oc1ccccc1	1	1	0.74085754	1	0.8630694489745714	0.6557377049180327	0.6951432086845608	0.7145151521493109	0.9803921568627451	No-demo
CCCN(CCC)CCc1cccc2[nH]c(O)cc12	1	1	0.84159553	1	0.8952184953311101	0.7534246575342466	0.7605094876428808	0.7686892891391816	1.0	No-demo
CCCN(CCc1cccs1)C1CCc2c(O)cccc2C1	1	1	0.8039012	1	0.8920431832397802	0.6933333333333334	0.7595729276186941	0.772455464319058	1.0	No-demo
CCCSc1ccc2[nH]c(NC(=O)OC)nc2c1	0	1	0.88678056	1	0.8759098228630443	0.7432432432432432	0.7621043596043595	0.7718912489564662	1.0	No-demo
CCN(CC)CC(=O)Nc1c(C)cccc1C	1	1	0.8617396	1	0.8729413981796506	0.6122448979591837	0.654274305977455	0.6869184998141111	1.0	No-demo
CCN(CC)CCN1C(=O)CN=C(c2ccccc2F)c2cc(Cl)ccc21	0	1	0.8421158	1	0.8820022579381019	0.5	0.6588909444374765	0.6945105276797583	1.0	No-demo
CCN(CCO)CCCC(C)Nc1ccnc2cc(Cl)ccc12	1	1	0.9063653	1	0.8928178428772789	0.14	0.6514115705653768	0.7126649177503658	1.0	No-demo
CCNC(C)Cc1cccc(C(F)(F)F)c1	1	1	0.80491143	1	0.897078057697107	0.6410256410256411	0.6968922305764411	0.7205350730559731	1.0	No-demo
CCOC(=O)N1CCC(=C2c3ccc(Cl)cc3CCc3cccnc32)CC1	1	1	0.7758888	1	0.8665669016722286	0.6753246753246753	0.7277558032108494	0.7416120154938176	1.0	No-demo
CCOC(=O)OC1(C(=O)OCCl)CCC2C3CC=C4CC(=O)C=CC4(C)C3C(O)CC21C	0	1	0.76630753	1	0.8926492296864994	0.5494505494505495	0.6329092292944669	0.6562659538609272	1.0	No-demo
CCOCCP(CCOCC)CCP(CCOCC)CCOCC	0	1	0.61445385	1	0.955754533925549	0.75	0.8184371184371184	0.8369890019012826	1.0	No-demo
CCOc1ccccc1OC(c1ccccc1)C1CNCCO1	1	1	0.60501784	1	0.886982016987497	0.42857142857142855	0.6864942528735631	0.7249943389694308	1.0	No-demo
CC[N+](CC)(CCNC(=O)C(=O)NCC[N+](CC)(CC)Cc1ccccc1Cl)Cc1ccccc1Cl	1	1	0.90727854	1	0.8777256290767875	0.6595744680851063	0.7299369776650487	0.7474575272188689	1.0	No-demo
CCc1c2c(nc3ccc(OC(=O)N4CCC(N5CCCCC5)CC4)cc13)-c1cc3c(c(=O)n1C2)COC(=O)C3(O)CC	1	1	0.6235732	1	0.8793843302083655	0.7699115044247787	0.7841598820058997	0.7914329207239936	0.989010989010989	No-demo
CCc1cc2c(cc1N1CCC(N3CCOCC3)CC1)C(C)(C)c1[nH]c3cc(C#N)ccc3c1C2=O	1	1	0.8392914	1	0.8961668550647053	0.7238095238095238	0.7703584402379109	0.7818895308817099	1.0	No-demo
CN(C)C(=O)NC1CCC(CCN2CCN(c3cccc(Cl)c3Cl)CC2)CC1	1	1	0.95256567	1	0.8674807916656156	0.631578947368421	0.7120729720501439	0.7281469563032882	0.9841269841269841	No-demo
CN(C)C(=O)Oc1ccc[n+](C)c1	1	1	0.7974425	1	0.8917004193187077	0.673469387755102	0.7469511834129774	0.761850873706342	1.0	No-demo
CN(C)C(=O)Oc1cccc([N+](C)(C)C)c1	1	1	0.83753055	1	0.8862377901676852	0.5957446808510638	0.7110931536985124	0.7413430056040471	1.0	No-demo
CN(C)CC=CC(=O)Nc1cc2c(Nc3ccc(F)c(Cl)c3)ncnc2cc1OC1CCOC1	1	1	0.87394804	1	0.8833689360061463	0.5794392523364486	0.7186485089729884	0.7416071572576992	0.9875	No-demo
CN(CC=CC#CC(C)(C)C)Cc1cccc2ccccc12	1	1	0.77623725	1	0.9121297083828075	0.64	0.7723819454296117	0.7910090953661777	1.0	No-demo
CN1C(=O)C(O)N=C(c2ccccc2)c2cc(Cl)ccc21	0	1	0.7685531	1	0.8766685325398302	0.40816326530612246	0.635024870163119	0.6857816668332415	1.0	No-demo
CN1C(C(=O)Nc2ccccn2)C(=O)c2ccccc2S1(=O)=O	0	1	0.8470457	1	0.8794039137723038	0.36538461538461536	0.6911203379020183	0.7323763449445978	1.0	No-demo
CN1CCC(=C2c3ccccc3C=Cc3ccccc32)CC1	1	1	0.9272837	1	0.9046500541187342	0.6842105263157895	0.7219227008088697	0.7365651602448937	1.0	No-demo
CN1CCC(=C2c3ccccc3CC(=O)c3sccc32)CC1	0	1	0.93821025	1	0.89950286190207	0.6981132075471698	0.7337042741624952	0.7467621841695292	1.0	No-demo
CN1CCC(=C2c3ccccc3CCn3c(C=O)cnc32)CC1	0	1	0.92822933	1	0.8975589301797623	0.6933333333333334	0.7225343151739174	0.7366391170529312	1.0	No-demo
CN1CCC(C(=O)c2cccc(NC(=O)c3c(F)cc(F)cc3F)n2)CC1	0	1	0.7737772	1	0.8671723172632743	0.7303370786516854	0.7345555708698588	0.7434149252453546	0.9836065573770492	No-demo
CN1CCN2c3c(cccc31)C1CN(CCCC(=O)c3ccc(F)cc3)CCC12	0	1	0.8090888	1	0.8737352012126169	0.6142857142857143	0.6895122474116713	0.7182211140596435	0.9852941176470589	No-demo
CN1CCN2c3ncccc3Cc3ccccc3C2C1	1	1	0.66597605	1	0.8952353354444899	0.7166666666666667	0.7257578923021615	0.7357385115964389	1.0	No-demo
CNC(=O)c1c(C)oc2cc(Oc3ncnc4cc(OC)c(OC)cc34)ccc12	0	1	0.7314502	1	0.8928774682542288	0.7466666666666667	0.7679480519480519	0.7741083683303169	1.0	No-demo
CNC(=O)c1cc(Oc2ccc(NC(=O)Nc3ccc(Cl)c(C(F)(F)F)c3)c(F)c2)ccn1	1	1	0.81168616	1	0.8936971075653947	0.7380952380952381	0.747839169112461	0.758836878367362	0.9850746268656716	No-demo
CNC(=O)c1cc(Oc2ccc(NC(=O)Nc3ccc(Cl)c(C(F)(F)F)c3)cc2)ccn1	1	1	0.8147069	1	0.8908457888513557	0.7341772151898734	0.7453652597622658	0.7587287868216861	1.0	No-demo
CNC(C)C1CCC(N)C(OC2C(N)CC(N)C(OC3OCC(C)(O)C(NC)C3O)C2O)O1	1	1	0.7323603	1	0.9271804007479648	0.8315789473684211	0.8366137730435124	0.8400577047866657	1.0	No-demo
CNC1(c2ccccc2Cl)CCCCC1=O	1	1	0.78743464	1	0.8904763166962111	0.75	0.7689841269841271	0.7779801376024694	1.0	No-demo
CNCC(=O)OCc1cccnc1N(C)C(=O)OC(C)[n+]1cnn(CC(O)(c2cc(F)ccc2F)C(C)c2nc(-c3ccc(C#N)cc3)cs2)c1	1	1	0.87532586	1	0.8970447902989983	0.7698412698412699	0.7826808460778775	0.790975965275976	0.981651376146789	No-demo
CNCCC(Oc1ccc(C(F)(F)F)cc1)c1ccccc1	1	1	0.8736115	1	0.89107995001179	0.4418604651162791	0.6463425717807965	0.6908786827888076	1.0	No-demo
CNCCC=C1c2ccccc2CCc2ccccc21	1	1	0.9100504	1	0.8987195396625746	0.3888888888888889	0.5703920740506107	0.6373542676994174	1.0	No-demo
CNCc1cc(-c2ccccc2F)n(S(=O)(=O)c2cccnc2)c1	0	1	0.853146	1	0.8940666814496797	0.7662337662337663	0.7762755897057166	0.784014056860775	0.984375	No-demo
COC(=O)C(c1ccccc1Cl)N1CCc2sccc2C1	1	1	0.8675522	1	0.8652001353751191	0.5857142857142857	0.7072666271521906	0.7273707384182737	1.0	No-demo
COC(=O)C1=C(C)N=C(C)C(C(=O)OC(C)(C)CN(C)CCC(c2ccccc2)c2ccccc2)C1c1cccc([N+](=O)[O-])c1	1	1	0.80098414	1	0.8720053624970291	0.6785714285714286	0.7452612299980721	0.7582449787767298	0.9863013698630136	No-demo
COC(=O)C1=C(C)N=C(C)C(C(=O)OC(C)C)C1c1cccc2nonc12	1	1	0.8845985	1	0.8815303406610517	0.53125	0.6968572016288734	0.733008205142702	1.0	No-demo
COC(=O)C1=C(C)N=C(C)C(C(=O)OC)C1c1ccccc1[N+](=O)[O-]	1	1	0.743608	1	0.8797749526836519	0.4827586206896552	0.659713934476612	0.7064690602655914	1.0	No-demo
COC(=O)C1=C(C)N=C(C)C(C(=O)OCC(C)C)C1c1ccccc1[N+](=O)[O-]	1	1	0.79774296	1	0.8691329222988056	0.5454545454545454	0.6849682539433777	0.7202128884885887	0.9824561403508771	No-demo
COC(=O)C1=C(C)N=C(C)C(C(=O)OCCN(C)Cc2ccccc2)C1c1cccc([N+](=O)[O-])c1	1	1	0.75544184	1	0.869211516506062	0.618421052631579	0.70696534225706	0.7317730558545212	0.9848484848484849	No-demo
COC(=O)C1C(c2ccc([123I])cc2)CC2CCC1N2CCCF	0	1	0.91466373	1	0.8737917379824744	0.6363636363636364	0.7416549804906606	0.7595025316129794	0.9821428571428571	No-demo
COC(=O)C1C=C2CC(=O)CCC2(C)C23OC2CC2(C)C(CCC24CCC(=O)O4)C13	1	1	0.65157485	1	0.9051019765384334	0.7830188679245284	0.7995065222485105	0.8063536884759153	1.0	No-demo
COC(=O)CCC1N=C(c2ccccn2)c2cc(Br)ccc2-n2c(C)cnc21	1	1	0.6103459	1	0.8810632620116516	0.7669902912621359	0.7851270476530274	0.7907139333870967	1.0	No-demo
COC(c1ccccc1)(c1ccccc1)C(Oc1nc(C)cc(C)n1)C(=O)O	1	1	0.7140422	1	0.8741301951257279	0.7307692307692307	0.7396690648650734	0.7454622073814502	1.0	No-demo
COCCOC(=O)C1=C(C)N=C(C)C(C(=O)OC(C)C)C1c1cccc([N+](=O)[O-])c1	1	1	0.69064415	1	0.8726476406337949	0.6056338028169014	0.7193124571596001	0.7437482225521909	0.9833333333333333	No-demo
COCCOC(=O)NCCCCC(NC(=O)OCCOC)C(=O)NCCCCCCCOP(C)(=O)O	1	1	0.69406813	1	0.9132717494731369	0.5	0.6844174404830142	0.7344519926310427	1.0	No-demo
COc1c(-c2ccc3cc(NS(C)(=O)=O)ccc3c2)cc(-n2ccc(=O)[nH]c2=O)cc1C(C)(C)C	1	1	0.82186407	1	0.9096417807730809	0.7608695652173914	0.7729623519348396	0.7816180163764722	1.0	No-demo
COc1cc(C(C)=O)ccc1OCCCN1CCC(c2noc3cc(F)ccc23)CC1	1	1	0.7435968	1	0.8700885931106236	0.5357142857142857	0.6321298800644756	0.680030288500244	0.9850746268656716	No-demo
COc1cc(NC(C)CCCN)c2ncccc2c1	1	1	0.6688374	1	0.8920776759599957	0.6818181818181818	0.7421418283487249	0.7564824322257419	1.0	No-demo
COc1cc(Nc2c(C#N)cnc3cc(OCCCN4CCN(C)CC4)c(OC)cc23)c(Cl)cc1Cl	1	1	0.719445	1	0.9028253353073016	0.6568627450980392	0.729402433946414	0.7438471287990985	1.0	No-demo
COc1cc2c(Nc3ccc(Br)cc3F)ncnc2cc1OCC1CCN(C)CC1	1	1	0.87821776	1	0.8898956978981685	0.7127659574468085	0.7296919970966869	0.7404098070017326	1.0	No-demo
COc1cc2c(Oc3ccc4[nH]c(C)cc4c3F)ncnc2cc1OCCCN1CCCC1	1	1	0.7511153	1	0.8969315332094159	0.7411764705882353	0.7521939680569274	0.7619208547709884	1.0	No-demo
COc1cc2c(c(OC)c1OC)-c1ccc(OC)c(=O)cc1C(NC(C)=O)CC2	1	1	0.7854431	1	0.8818522354762507	0.75	0.7627823541012455	0.7674700098693941	1.0	No-demo
COc1cc2c(cc1O)CCNC21CSC2c3c(OC(C)=O)c(C)c4c(c3C(COC1=O)N1C(O)C3Cc5cc(C)c(OC)c(O)c5C(C21)N3C)OCO4	1	1	0.7443258	1	0.9013483414321628	0.7545454545454545	0.7626899609323559	0.7727108991306259	1.0	No-demo
COc1cc2nc(N3CCN(C(=O)c4ccco4)CC3)nc(N)c2cc1OC	1	1	0.84323454	1	0.8759601879003158	0.4117647058823529	0.5828039446155895	0.6532853194552474	1.0	No-demo
COc1cc2nccc(Oc3ccc(NC(=O)C4(C(=O)Nc5ccc(F)cc5)CC4)cc3)c2cc1OC	1	1	0.8748485	1	0.8818375364181134	0.7432432432432432	0.7492014941771039	0.758493983994877	1.0	No-demo
COc1cc2nccc(Oc3ccc(NC(=O)NC4CC4)c(Cl)c3)c2cc1C(N)=O	1	1	0.8207495	1	0.8831309154275538	0.7052631578947368	0.7357971155006249	0.7497459874450418	1.0	No-demo
COc1cc2nccc(Oc3ccc(NC(=O)Nc4cc(C)on4)c(Cl)c3)c2cc1OC	1	1	0.8636428	1	0.8938853544579267	0.7638888888888888	0.7716526019690576	0.7758270326614107	1.0	No-demo
COc1cc2ncnc(Nc3ccc(F)c(Cl)c3)c2cc1NC(=O)C=CCN1CCCCC1	0	1	0.7513647	1	0.8735756554447146	0.6190476190476191	0.7074048730965016	0.7255587230122781	0.9863013698630136	No-demo
COc1cc2ncnc(Nc3ccc(F)c(Cl)c3)c2cc1OCCCN1CCOCC1	1	1	0.81299376	1	0.8905281067473401	0.6804123711340206	0.7183729754468791	0.7319053217891467	1.0	No-demo
COc1ccc2[nH]c3c(c2c1)CCNC31CSC2c3c(OC(C)=O)c(C)c4c(c3C(COC1=O)N1C(O)C3Cc5cc(C)c(OC)c(O)c5C(C21)N3C)OCO4	0	1	0.7883493	1	0.8977071930195999	0.7678571428571429	0.7722556943201436	0.7788126254224361	1.0	No-demo
COc1ccc2c3c1OC1CC(O)C=CC31CCN(C)C2	1	1	0.7657212	1	0.8964538527054849	0.5882352941176471	0.6310214985235698	0.6777314608942845	1.0	No-demo
COc1cccc(-c2c(C)n(Cc3c(F)cccc3C(F)(F)F)c(=O)n(CC(NCCCC(=O)O)c3ccccc3)c2=O)c1F	1	1	0.7821146	1	0.8817278819352561	0.7545454545454545	0.766250178323366	0.7740311971364007	1.0	No-demo
COc1ccnc(CS(=O)c2nc3cc(OC(F)F)ccc3[nH]2)c1OC	1	1	0.82520974	1	0.8946630468238389	0.4461538461538462	0.6135613951266126	0.6917410030744858	1.0	No-demo
CS(=O)(=O)CCNCc1ccc(-c2ccc3ncnc(Nc4ccc(OCc5cccc(F)c5)c(Cl)c4)c3c2)o1	1	1	0.8151617	1	0.9005920318349407	0.7345132743362832	0.7634669880968998	0.7783696968673517	0.9882352941176471	No-demo
CS(=O)(=O)c1ccc(C(=O)Nc2ccc(Cl)c(-c3ccccn3)c2)c(Cl)c1	1	1	0.80104196	1	0.8915181361449159	0.7323943661971831	0.7582254237114772	0.7635333063246387	1.0	No-demo
CS(=O)(=O)c1ccc(C2=C(c3ccccc3)C(=O)OC2)cc1	1	1	0.5063323	1	0.8990932377729406	0.7313432835820896	0.7794145651937218	0.7885069579874417	1.0	No-demo
CS(C)=O	1	1	0.6798385	1	0.9647309646003431	0.8181818181818182	0.8613394448688567	0.8755257580370566	1.0	No-demo
C[N+](C)(C)CC(=O)[O-]	0	1	0.6565415	1	0.9195964687622802	0.6956521739130435	0.7483293044277258	0.7761625470944186	1.0	No-demo
C[N+](C)(C)CC(O)CC(=O)[O-]	1	1	0.7418653	1	0.9210908715280525	0.75	0.76210101010101	0.7796618514898084	1.0	No-demo
C[N+](C)(C)CCOC(=O)CCC(=O)OCC[N+](C)(C)C	1	1	0.5816055	1	0.9108805798285587	0.7222222222222222	0.7634423384423384	0.7779979785726912	1.0	No-demo
Cc1c(C(=O)Nc2ccc(N3CC(C)OC(C)C3)nc2)cccc1-c1ccc(OC(F)(F)F)cc1	0	1	0.8307663	1	0.8782804585625866	0.6891891891891891	0.7357800603373699	0.7534385163524172	1.0	No-demo
Cc1c(O)cccc1C(=O)NC(CSc1ccccc1)C(O)CN1CC2CCCCC2CC1C(=O)NC(C)(C)C	0	1	0.85435045	1	0.8749704175984729	0.5051546391752577	0.6868288785943026	0.717853621606556	0.9866666666666667	No-demo
Cc1cc(C(C)(C)C)c(O)c(C)c1CC1=NCCN1	1	1	0.56679714	1	0.9076695174435271	0.631578947368421	0.7301450424554796	0.7662014422162011	1.0	No-demo
Cc1cc(C(C)(C)C)cc(C)c1CC1=NCCN1	0	1	0.50140464	1	0.9132422809152168	0.6046511627906976	0.6957810424473125	0.7374648015668309	1.0	No-demo
Cc1cc(NS(=O)(=O)c2ccc(N)cc2)no1	1	1	0.78796786	1	0.9029558350865112	0.575	0.6821128871128871	0.7253699097830604	1.0	No-demo
Cc1cc(O)ccc1Cl	0	1	0.6350874	1	0.9069423291574957	0.6896551724137931	0.738515122407	0.7548876194611212	1.0	No-demo
Cc1ccc(-c2ncc(Cl)cc2-c2ccc(S(C)(=O)=O)cc2)cn1	1	1	0.8170742	1	0.9115983328054619	0.7758620689655172	0.785243384489074	0.7935608407010135	1.0	No-demo
Cc1ccc(C(=O)OCc2ccc(C(CN)C(=O)Nc3ccc4cnccc4c3)cc2)c(C)c1	0	1	0.6744712	1	0.8858372422698427	0.7448979591836735	0.7689312386933207	0.7801299720449796	1.0	No-demo
Cc1ccc(Sc2ccccc2N2CCNCC2)c(C)c1	1	1	0.8646751	1	0.9017429653430316	0.7538461538461538	0.770616965494248	0.7818635150586439	1.0	No-demo
Cc1cccc(C(C)c2c[nH]cn2)c1C	1	1	0.66993225	1	0.9112297761213715	0.7843137254901961	0.7991665796306374	0.8059247658261816	1.0	No-demo
Cc1cccc(C)c1NC(=O)C1CCCCN1C	1	1	0.8819006	1	0.8653430321637905	0.27906976744186046	0.5452988875750011	0.6290219648736789	1.0	No-demo
Cc1cccc(C)c1OCC(C)N	1	1	0.7663578	1	0.8913506832771501	0.6129032258064516	0.705196188348262	0.727081291027565	1.0	No-demo
Cc1cccc(N(C)C(=S)Oc2ccc3ccccc3c2)c1	0	1	0.75951606	1	0.9049718792473539	0.7368421052631579	0.7712098261478406	0.7842855075225207	1.0	No-demo
Cc1cccc(Nc2ccccc2C(=O)O)c1C	1	1	0.7406782	1	0.878262573017199	0.6060606060606061	0.6587932038100011	0.686132175040878	1.0	No-demo
Cc1ccccc1C(=O)Nc1ccc(C(=O)N2CCCC(O)c3cc(Cl)ccc32)c(C)c1	1	1	0.85215795	1	0.8768364522929314	0.74	0.7456685275508805	0.750858082465117	1.0	No-demo
Cc1ccccc1N1C(=O)c2cc(S(N)(=O)=O)c(Cl)cc2NC1C	1	1	0.7581879	1	0.8891589950806809	0.7457627118644068	0.7548535702649205	0.7680294005546109	1.0	No-demo
Cc1ccnc2c1NC(=O)c1cccnc1N2C1CC1	1	1	0.88965386	1	0.884047042035332	0.7222222222222222	0.7530914855263064	0.7623389771774008	1.0	No-demo
Cc1nc(Nc2ncc(C(=O)Nc3c(C)cccc3Cl)s2)cc(N2CCN(CCO)CC2)n1	1	1	0.800952	1	0.8768204059325352	0.71	0.7289035232926929	0.738866441580067	1.0	No-demo
Cc1ncc(C[n+]2csc(CCO)c2C)c(N)n1	1	0	0.4958883	1	0.9143443459409634	0.7457627118644068	0.7899752665081679	0.8084854158733424	1.0	No-demo
Cc1ncc2n1-c1ccc(Cl)cc1C(c1ccccc1F)=NC2	1	1	0.78259134	1	0.9002880605811799	0.5789473684210527	0.7080456864170722	0.7309739145196361	1.0	No-demo
Cc1nnc(C(C)C)n1C1CC2CCC(C1)N2CCC(NC(=O)C1CCC(F)(F)CC1)c1ccccc1	1	1	0.8861996	1	0.8673586363312968	0.7027027027027027	0.7268014101057579	0.7450350120983097	0.9848484848484849	No-demo
Cc1nnc(NS(=O)(=O)c2ccc(N)cc2)s1	1	1	0.7875465	1	0.906112363124815	0.575	0.6789356295878035	0.7206279415784957	1.0	No-demo
Cc1nnc2n1-c1ccc(Cl)cc1C(c1ccccc1)=NC2	1	1	0.7091027	1	0.9004064594780693	0.42	0.6528578137966348	0.6968603029374257	1.0	No-demo
Cc1nnc2n1-c1ccc(Cl)cc1C(c1ccccc1Cl)=NC2	0	1	0.7283365	1	0.9065542095409995	0.5714285714285714	0.7032678955834694	0.725334844016538	1.0	No-demo
Cc1onc(-c2ccccc2)c1-c1ccc(S(N)(=O)=O)cc1	1	0	0.468001	1	0.8994342456619044	0.6785714285714286	0.7170542964660612	0.7422752019484045	1.0	No-demo
Clc1ccc2c(c1)C(c1ccccc1)=NCc1nncn1-2	1	1	0.7121124	1	0.910979215889307	0.44	0.668959024985026	0.7141404149177124	1.0	No-demo
Clc1ccc2c(c1)CCc1cccnc1C2=C1CCNCC1	1	1	0.7044928	1	0.9205183085624151	0.7540983606557377	0.7755914975279729	0.7857627727142985	1.0	No-demo
Clc1ccccc1CN1CCc2sccc2C1	0	1	0.7109989	1	0.905096953239887	0.7457627118644068	0.7691238606874412	0.7794620001997521	1.0	No-demo
Cn1c(=O)cc(N2CCCC(N)C2)n(Cc2ccccc2C#N)c1=O	1	1	0.74965644	1	0.8809029217706543	0.7126436781609196	0.7411714075858213	0.7554542219221212	1.0	No-demo
Cn1cnc2c(F)c(Nc3ccc(Br)cc3Cl)c(C(=O)NOCCO)cc21	0	1	0.88185847	1	0.8835564824495312	0.7575757575757576	0.7744267171995027	0.782361091252695	0.9846153846153847	No-demo
Cn1cnc2c(F)c(Nc3ccc(Br)cc3F)c(C(=O)NOCCO)cc21	1	1	0.8355967	1	0.8834328697094106	0.7472527472527473	0.7698911950021369	0.7783123383333825	0.9841269841269841	No-demo
FC(F)(F)c1ccc(CNc2ccc(Cc3c[nH]c4ncc(Cl)cc34)cn2)cn1	1	1	0.8582332	1	0.9123355432919573	0.7529411764705882	0.785578169656799	0.7967831737958744	1.0	No-demo
N#CC1CCCN1C(=O)CNC12CC3CC(CC(O)(C3)C1)C2	1	1	0.8183122	1	0.9185521338662551	0.5967741935483871	0.768150852256954	0.7953645672421971	1.0	No-demo
N#Cc1ccc(C(c2ccc(C#N)cc2)n2cncn2)cc1	1	1	0.8765388	1	0.9314115891829606	0.7291666666666666	0.7782226749239461	0.7926646058237776	1.0	No-demo
N#Cc1ccc(C2CCc3cncn32)c(F)c1	1	1	0.7438579	1	0.9153439935377621	0.7708333333333334	0.7744093803175578	0.7830302979505499	1.0	No-demo
N=C(N)NC(=O)Cc1c(Cl)cccc1Cl	1	1	0.7629727	1	0.8827606010034368	0.6428571428571429	0.719094373953083	0.7360146432241854	1.0	No-demo
N=C(N)NC(=O)c1nc(Cl)c(N)nc1N	1	1	0.7518902	1	0.9098486645577328	0.7804878048780488	0.7917983377402162	0.8005624384080114	1.0	No-demo
NC(=O)OC(Cn1ncnn1)c1ccccc1Cl	1	1	0.62694085	1	0.873682319291563	0.7254901960784313	0.7385309679427327	0.7476010738330015	1.0	No-demo
NC1c2cccnc2C(OC(=O)N2CCC(n3c(=O)[nH]c4ncccc43)CC2)CCC1c1cccc(F)c1F	1	1	0.6610259	1	0.8904038037055647	0.717391304347826	0.7645875099544618	0.7782389715449776	1.0	No-demo
NS(=O)(=O)c1cc(C(=O)O)c(NCc2ccco2)cc1Cl	1	1	0.73657453	1	0.8829303147251724	0.7446808510638298	0.7519066329355507	0.7625462037906336	1.0	No-demo
NS(=O)(=O)c1cc(C2(O)NC(=O)c3ccccc32)ccc1Cl	1	1	0.62195396	1	0.9036895070261448	0.7692307692307693	0.7816399315893371	0.793347609019984	1.0	No-demo
NS(=O)(=O)c1cc(Cl)c(Cl)c(S(N)(=O)=O)c1	0	1	0.57182896	1	0.9335718660945768	0.7741935483870968	0.7963508986378842	0.8068083454650496	1.0	No-demo
NS(=O)(=O)c1cc2c(cc1Cl)N=CNS2(=O)=O	1	1	0.76660377	1	0.9227974163591355	0.7142857142857143	0.7892443747268988	0.8064726270988628	1.0	No-demo
NS(=O)(=O)c1cc2c(cc1Cl)NCNS2(=O)=O	1	1	0.7075618	1	0.9231789944847877	0.6721311475409836	0.7758044853709642	0.8011671508844526	1.0	No-demo
Nc1[nH]c(=O)ncc1F	1	1	0.5085703	1	0.9208436235094307	0.71875	0.7784014935988619	0.7917005940993663	1.0	No-demo
Nc1nc(=O)c2ncn(COCCO)c2[nH]1	1	1	0.77392834	1	0.8976167737926214	0.32608695652173914	0.5725720833308975	0.6510585648134616	1.0	No-demo
Nc1nc(CC(=O)Nc2ccc(CCNCC(O)c3ccccc3)cc2)cs1	1	1	0.7944426	1	0.8832755777549377	0.684931506849315	0.7177697568901606	0.7367352121082936	1.0	No-demo
O=C(CCCN1CC=C(n2c(=O)[nH]c3ccccc32)CC1)c1ccc(F)cc1	1	1	0.8651258	1	0.8847487307279918	0.582089552238806	0.6949331218898018	0.7323011086833788	0.9848484848484849	No-demo
O=C(CCCN1CCC(O)(c2ccc(Cl)cc2)CC1)c1ccc(F)cc1	1	1	0.74406904	1	0.8805029211259787	0.44642857142857145	0.6134149835702161	0.6693003314001472	0.9803921568627451	No-demo
O=C(NC1CCN(CCCCC2(C(=O)NCC(F)(F)F)c3ccccc3-c3ccccc32)CC1)c1ccccc1-c1ccc(C(F)(F)F)cc1	1	1	0.8402609	1	0.8829991653285367	0.7032967032967034	0.7297235117823353	0.7429449361823347	0.9864864864864865	No-demo
O=C(Nc1ccc(CC2CCC(C(O)c3ccccc3)N2)cc1)C1CCc2nccc(=O)n21	1	1	0.89395154	1	0.8735844474606611	0.7555555555555555	0.762801530396467	0.7691409529567678	1.0	No-demo
O=C(Nc1ccc(OC(F)(F)Cl)cc1)c1cnc(N2CCC(O)C2)c(-c2cc[nH]n2)c1	1	1	0.9153851	1	0.8831564393935167	0.7307692307692307	0.7503190991713444	0.7616570473752743	1.0	No-demo
O=C(Nc1nc(-c2cc(Cl)cs2)c(N2CCN(C3CCCCC3)CC2)s1)c1cnc(N2CCC(C(=O)O)CC2)c(Cl)c1	0	1	0.75084996	1	0.8994955533025092	0.7663551401869159	0.7769537013524094	0.7839031902882169	1.0	No-demo
O=C(O)C1C(=CCO)OC2CC(=O)N21	1	1	0.8098047	1	0.8963180425449967	0.7868852459016393	0.7959977388355002	0.7991986411415565	1.0	No-demo
O=C(O)C1N=C(c2ccccc2)c2cc(Cl)ccc2NC1=O	0	1	0.6666243	1	0.8829668031533733	0.6071428571428571	0.7050611501431174	0.7297176857835601	1.0	No-demo
O=C(O)c1cc(N=Nc2ccc(S(=O)(=O)Nc3ccccn3)cc2)ccc1O	1	1	0.6660917	1	0.8883913534374316	0.576271186440678	0.6820506720528641	0.7183766882719809	1.0	No-demo
O=C(OC1CC2CC3CC(C1)N2CC3=O)c1c[nH]c2ccccc12	1	1	0.5958787	1	0.8879384146818298	0.71875	0.7582007713533174	0.7701053747049894	1.0	No-demo
O=C([O-])[O-]	0	1	0.72353435	1	0.948183770444388	0.375	0.6108333333333332	0.6730582688916021	1.0	No-demo
O=C(c1ccccc1)c1ccc2n1CCC2C(=O)O	1	1	0.77161145	1	0.8811232464117319	0.6571428571428571	0.7110772122614228	0.7264738896621558	1.0	No-demo
O=C1CN=C(c2ccccc2Cl)c2cc([N+](=O)[O-])ccc2N1	1	1	0.7089286	1	0.9057977932329915	0.734375	0.7616637282730531	0.7719645899858834	1.0	No-demo
O=C1CN=C(c2ccccn2)c2cc(Br)ccc2N1	1	1	0.7317921	1	0.9061977402189582	0.7288135593220338	0.7516930608930676	0.7709899805729887	1.0	No-demo
O=C1N=C(c2ccccc2)c2cc(Cl)ccc2NC1O	1	1	0.7872639	1	0.8817610358877922	0.6037735849056604	0.6944008557885611	0.7185615263354047	1.0	No-demo
O=C1N=C(c2ccccc2Cl)c2cc(Cl)ccc2NC1O	1	1	0.8113177	1	0.8885887097187852	0.7	0.7282303088087293	0.7435496962082057	1.0	No-demo
O=C1OC2(c3ccc(O)cc3Oc3cc(O)ccc32)c2ccccc21	1	1	0.71815264	1	0.9022439098040738	0.7714285714285715	0.7940909090909092	0.7990326996268609	1.0	No-demo
O=NN(CCCl)C(=O)NC1CCCCC1	0	1	0.83267033	1	0.9141098056047078	0.7575757575757576	0.7625890709317099	0.7822667004721913	1.0	No-demo
O=NN(CCCl)C(=O)NCCCl	1	1	0.8791511	1	0.9312058960914951	0.7608695652173914	0.7810380856083586	0.7981843388369936	1.0	No-demo
O=S(=O)([O-])Oc1ccc(C(c2ccc(OS(=O)(=O)O)cc2)c2ccccn2)cc1	0	1	0.7213023	1	0.8966859999198088	0.711864406779661	0.7163455488737834	0.7483164648759614	1.0	No-demo
O=c1[nH]c2ccccc2n1C1CCN(CCCC(c2ccc(F)cc2)c2ccc(F)cc2)CC1	1	1	0.84473556	1	0.8809045858584309	0.41935483870967744	0.627209127330095	0.6746593495763276	0.984375	No-demo
O=c1[nH]c2ccccc2n1CCN1CCN(c2cccc(C(F)(F)F)c2)CC1	0	1	0.82716763	1	0.8942884460863951	0.5942028985507246	0.680964333468651	0.7120343261301786	1.0	No-demo
Oc1ccc(C2CNCCc3c2cc(O)c(O)c3Cl)cc1	1	1	0.5941502	1	0.9143430087186132	0.7704918032786885	0.7847956080381907	0.7960872375197595	1.0	No-demo
S=P(N1CC1)(N1CC1)N1CC1	1	1	0.79278165	1	0.9737849630965519	0.8787878787878788	0.8890294814393487	0.8978607536923587	1.0	No-demo
C#CC1(O)CCC2C3CCC4=CC(=NO)CCC4C3CCC21CC	0	1	0.7067626	2	0.9133754417309283	0.3064516129032258	0.4893736352779693	0.5870959728846822	1.0	No-demo
C#CC1(O)CCC2C3CCC4=CCCCC4C3C(=C)CC21CC	1	1	0.5936502	2	0.9132716552147722	0.3492063492063492	0.5700726480552495	0.6453901442041894	1.0	No-demo
C=CC(=O)N1CCN(c2nc(=O)n(-c3c(C)ccnc3C(C)C)c3nc(-c4c(O)cccc4F)c(F)cc23)C(C)C1	1	1	0.89909387	2	0.8799008720069141	0.7547169811320755	0.7716918238519221	0.7778435165825119	0.9885057471264368	No-demo
C=CCC1(CC(C)C)C(=O)NC(=O)NC1=O	1	1	0.7290652	2	0.9233306359467701	0.7906976744186046	0.8237864109554593	0.8342057361713046	1.0	No-demo
C=Cc1c(C)c2[nH]c1=Cc1[nH]c(c(CCC(=O)O)c1C)C=c1[nH]c(c(C)c1CCC(=O)OC)=CC1=NC(=C3C=CC(C(=O)OC)=C(C(=O)OC)C13C)C=2	0	1	0.7627647	2	0.9033792148685482	0.7843137254901961	0.8166840181645952	0.8231805857464916	1.0	No-demo
CC(=O)C(C#N)C(=O)Nc1ccc(C(F)(F)F)cc1	1	1	0.9069005	2	0.8953126658494633	0.7230769230769231	0.7524773288924231	0.7659106773831154	1.0	No-demo
CC(=O)NC1C(N=C(N)N)C=C(C(=O)O)OC1C(O)C(O)CO	1	1	0.8353886	2	0.8871171384067519	0.7164179104477612	0.7701979267747946	0.7851305699094617	0.9830508474576272	No-demo
CC(=O)Nc1c(I)c(NC(C)=O)c(I)c(C(=O)O)c1I	0	1	0.91424286	2	0.897216541275017	0.6904761904761905	0.7416283932815142	0.7562728287190069	1.0	No-demo
CC(=O)Nc1ccc(O)cc1	1	1	0.8033041	2	0.887519597782031	0.6764705882352942	0.7022500062186102	0.7276908159020112	1.0	No-demo
CC(=O)Nc1nnc(S(N)(=O)=O)s1	0	1	0.8466418	2	0.8987245679205672	0.6956521739130435	0.7497664709250523	0.7725252423364553	1.0	No-demo
CC(=O)OC1Cc2ccccc2N(C(N)=O)c2ccccc21	1	1	0.837417	2	0.8686981462355884	0.7121212121212122	0.7354700170721298	0.7419277872622944	0.9807692307692307	No-demo
CC(=O)c1c(C)c2cnc(Nc3ccc(N4CCNCC4)cn3)nc2n(C2CCCC2)c1=O	1	1	0.8661317	2	0.8811024069384826	0.7341772151898734	0.7525269135078402	0.7628717147386044	1.0	No-demo
CC(C)(C)NCC(O)c1cc(Cl)c(N)c(Cl)c1	1	1	0.83812714	2	0.9008080583617585	0.7321428571428571	0.7501234866828087	0.7602803753452082	1.0	No-demo
CC(C)(C)NCC(O)c1cc(O)cc(O)c1	1	1	0.8028161	2	0.9070217306047583	0.7115384615384616	0.7270317182817184	0.7461589385309729	1.0	No-demo
CC(C)(C)NCC(O)c1ccc(O)c(CO)c1	1	1	0.86695397	2	0.9002344609546387	0.6779661016949152	0.7263488869266306	0.748276655065395	1.0	No-demo
CC(C)(C)c1cc(NC(=O)Nc2ccc(-c3cn4c(n3)sc3cc(OCCN5CCOCC5)ccc34)cc2)no1	0	1	0.7521467	2	0.8860299735395786	0.6938775510204082	0.7521003058974342	0.7647101741726311	0.9759036144578314	No-demo
CC(C)(F)CC(NC(c1ccc(-c2ccc(S(C)(=O)=O)cc2)cc1)C(F)(F)F)C(=O)NC1(C#N)CC1	1	1	0.80013055	2	0.8866515674269032	0.7313432835820896	0.7700257628965023	0.7830941994977008	0.9841269841269841	No-demo
CC(C)(Oc1ccc(C(=O)c2ccc(Cl)cc2)cc1)C(=O)O	0	1	0.7264403	2	0.8860421251974163	0.6818181818181818	0.7122469256679783	0.7247793469718167	1.0	No-demo
CC(C)=CCN1CCC2(C)c3cc(O)ccc3CC1C2C	0	1	0.72177213	2	0.8861496462283894	0.6166666666666667	0.7148625083836351	0.732933190901549	1.0	No-demo
CC(C)=c1nc(N(C)S(C)(=O)=O)nc(-c2ccc(F)cc2)c1=CCC(O)CC(O)CC(=O)O	1	1	0.93397343	2	0.8886581279509159	0.7888888888888889	0.7937285354978043	0.7976070125437154	1.0	No-demo
CC(C)NCC(O)COc1ccc(CC(N)=O)cc1	1	1	0.9350335	2	0.8724311059098043	0.6206896551724138	0.670251843266042	0.6888153371182445	1.0	No-demo
CC(C)NCC(O)COc1ccc(CCOCC2CC2)cc1	1	1	0.9117263	2	0.8859458024047092	0.7123287671232876	0.7292453506390373	0.7411571619700017	1.0	No-demo
CC(C)NCC(O)COc1ccc(COCCOC(C)C)cc1	1	1	0.925223	2	0.9014726398377104	0.7230769230769231	0.7378617436193959	0.7450931987485155	1.0	No-demo
CC(C)NCC(O)COc1cccc2[nH]ccc12	1	1	0.97963506	2	0.8905550734589054	0.5967741935483871	0.6255339894295607	0.6571075739514867	1.0	No-demo
CC(C)NCC(O)COc1cccc2ccccc12	1	1	0.96031374	2	0.8819353441326127	0.5813953488372093	0.6005754980477293	0.6253273231567237	1.0	No-demo
CC(C)NCC(O)c1ccc(NS(C)(=O)=O)cc1	1	1	0.95660615	2	0.8913661895320504	0.5102040816326531	0.674861474011595	0.7141536824095817	1.0	No-demo
CC(C)NCC(O)c1ccc(O)c(O)c1	1	1	0.90453994	2	0.8969695103526696	0.5686274509803921	0.6895913981624318	0.7271512127445061	1.0	No-demo
CC(C)OC(=O)C(C)(C)Oc1ccc(C(=O)c2ccc(Cl)cc2)cc1	1	1	0.8183402	2	0.890159437753615	0.6862745098039216	0.7250871870760882	0.7447161287398538	1.0	No-demo
CC(C)c1c(C(=O)Nc2ccccc2)c(-c2ccccc2)c(-c2ccc(F)cc2)n1CCC(O)CC(O)CC(=O)O	1	1	0.8900068	2	0.8752032842012483	0.7386363636363636	0.7486914887078703	0.7607309566014453	1.0	No-demo
CC(C)n1c(C=CC(O)CC(O)CC(=O)O)c(-c2ccc(F)cc2)c2ccccc21	1	1	0.8113253	2	0.8791344158463961	0.7466666666666667	0.7654494123762415	0.7744181875625311	1.0	No-demo
CC(C=CC1=C(C)CCCC1(C)C)=CC=CC(C)=CC(=O)O	1	1	0.7665233	2	0.9141869831368757	0.7833333333333333	0.8038134982735923	0.8158203781220563	1.0	No-demo
CC(C=CC1=C(C)CCCC1(C)C)=CC=CC(C)=CCO	1	1	0.8428045	2	0.9271084815837467	0.821917808219178	0.8369188330237798	0.841401586930821	1.0	No-demo
CC(CCc1ccc(O)cc1)NCCc1ccc(O)c(O)c1	1	1	0.83454317	2	0.8997615525456402	0.6140350877192983	0.7106481043408086	0.7373585545352461	1.0	No-demo
CC(CN1c2ccccc2Sc2ccccc21)N(C)C	1	1	0.85492516	2	0.8987553550127212	0.6046511627906976	0.7021939688218758	0.7340569768586442	1.0	No-demo
CC(Cc1cc2c(c(C(N)=O)c1)N(CCCO)CC2)NCCOc1ccccc1OCC(F)(F)F	1	1	0.66816515	2	0.8714645131274928	0.6511627906976745	0.7326094920354561	0.7464633461444373	0.9857142857142858	No-demo
CC(Cc1ccc(O)c(O)c1)(NN)C(=O)O	1	1	0.8912978	2	0.8704904483105882	0.5609756097560976	0.6405289832119101	0.6771457314140241	1.0	No-demo
CC(Cc1ccc(O)cc1)NCC(O)c1cc(O)cc(O)c1	1	1	0.86109376	2	0.902251867603204	0.631578947368421	0.6928156852418728	0.7189626710197728	1.0	No-demo
CC(N)(Cc1ccc(O)c(O)c1)C(=O)O	1	1	0.8066031	2	0.8716949992513642	0.3333333333333333	0.5701754385964912	0.6377540649378415	1.0	No-demo
CC(NCCc1ccc(O)cc1)C(O)c1ccc(O)cc1	1	1	0.92769027	2	0.9013263398687223	0.7068965517241379	0.7297378510289496	0.7524885466698759	1.0	No-demo
CC(O)C1C(=O)N2C(C(=O)O)=C(SC3CNC(C(=O)N(C)C)C3)C(C)C12	1	1	0.90537274	2	0.9038268820491044	0.8	0.8078097841323242	0.8149860429487175	0.9875	No-demo
CC(O)C1C(=O)N2C(C(=O)O)=C(SC3CNC(C(=O)Nc4cccc(C(=O)O)c4)C3)C(C)C12	1	1	0.88297164	2	0.8776025116109156	0.7647058823529411	0.7794807010913141	0.7831030656999785	0.9863013698630136	No-demo
CC(O)C1C(=O)N2C(C(=O)O)=C(SC3CNC(CNS(N)(=O)=O)C3)C(C)C12	0	1	0.8973223	2	0.8922881944698777	0.7682926829268293	0.779240167920581	0.7889013563025851	0.9857142857142858	No-demo
CC(O)C1C(=O)N2C(C(=O)O)=C(SCCN=CN)CC12	1	1	0.89841956	2	0.8873966101855386	0.75	0.7628852639201545	0.7693780266437122	0.9836065573770492	No-demo
CC1(C)C(=CC=CC=CC=CC2=[N+](CCCCS(=O)(=O)[O-])c3ccc4ccccc4c3C2(C)C)N(CCCCS(=O)(=O)O)c2ccc3ccccc3c21	1	1	0.9282839	2	0.8955370797076029	0.8080808080808081	0.810866127964257	0.8140037146891649	1.0	No-demo
CC12CCC(CC1=O)C2(C)C	1	1	0.71730566	2	0.9191338454383283	0.7446808510638298	0.7750202038262113	0.7909039687257358	1.0	No-demo
CC12CCC3c4ccc(O)cc4CCC3C1C(O)C(O)C2O	0	1	0.87699056	2	0.8927074708614539	0.4716981132075472	0.6581605093700409	0.7090372739540951	1.0	No-demo
CC12CCC3c4ccc(O)cc4CCC3C1CC(O)C2O	1	1	0.8653115	2	0.8944698401442222	0.4230769230769231	0.6393619200886453	0.6970121567698813	1.0	No-demo
CC12CCC3c4ccc(O)cc4CCC3C1CCC2O	1	1	0.8686526	2	0.8938631810576484	0.4230769230769231	0.5577679324311205	0.6402561745829458	1.0	No-demo
CC12CCC3c4ccc(O)cc4CCC3C1CCC2OC(=O)CCC1CCCC1	0	1	0.6219119	2	0.8743445055138235	0.44285714285714284	0.5718551217955536	0.6297517474447524	0.9846153846153847	No-demo
CC12CCC3c4ccc(OC(=O)N(CCCl)CCCl)cc4CCC3C1CCC2O	1	1	0.8556203	2	0.8739550432450565	0.6176470588235294	0.6587466064054184	0.6977072462150153	0.9852941176470589	No-demo
CC12CCC3c4ccc(OS(=O)(=O)O)cc4CCC3C1CCC2=O	1	1	0.518445	2	0.8826864555690104	0.5873015873015873	0.6651773720902973	0.7037378222715369	0.9836065573770492	No-demo
CC1C(c2ccccc2)OCCN1C	1	1	0.73456347	2	0.8884963288523872	0.7441860465116279	0.7554201392350093	0.7646541134401523	1.0	No-demo
CC1CCN(C(=O)CC#N)CC1N(C)c1ncnc2[nH]ccc12	1	1	0.95051026	2	0.874214873733926	0.75	0.7716980162401069	0.7817482558658253	0.9857142857142858	No-demo
CC1CN(CC(Cc2ccccc2)C(=O)NCC(=O)O)CCC1(C)c1cccc(O)c1	1	1	0.76483417	2	0.8657037923253681	0.6741573033707865	0.7201885250556119	0.7356133216505921	0.9863013698630136	No-demo
CC1c2cccc(O)c2C(=O)C2C(=O)C3(O)C(=O)C(C(N)=O)C(=O)C(N(C)C)C3C(O)C21	1	1	0.9605682	2	0.8978462907200115	0.7849462365591398	0.8014691517313487	0.8050039863258328	1.0	No-demo
CC=C(C)C(=O)OC1C(C)=CC23C(=O)C(=CC(CO)C(O)C12O)C1C(CC3C)C1(C)C	0	1	0.8564024	2	0.88742945096325	0.7209302325581395	0.7390201965118747	0.7555035343298258	0.984375	No-demo
CCC(=O)N(c1ccccc1)C1(C(=O)OC)CCN(CCC(=O)OC)CC1	1	1	0.7521049	2	0.8602669180832371	0.6065573770491803	0.668661266615928	0.7058114723956694	0.9795918367346939	No-demo
CCC(=O)N(c1ccccc1)C1(COC)CCN(CCc2cccs2)CC1	1	1	0.85452604	2	0.8692077790455565	0.578125	0.6618331447963801	0.6934351551270296	0.9850746268656716	No-demo
CCC(C(N)=O)N1CCCC1=O	1	1	0.8297064	2	0.881010768443768	0.765625	0.7844814506262274	0.790149493011153	0.9726027397260274	No-demo
CCC(CC)C(NC(C)=O)C1C(N=C(N)N)CC(C(=O)O)C1O	1	1	0.85754514	2	0.90185142402657	0.76	0.7834378089520088	0.7917301653426447	0.9871794871794872	No-demo
CCC1(C)CC(=O)NC1=O	0	1	0.74935764	2	0.9155974482187448	0.7567567567567568	0.798237684832112	0.8168291435521797	1.0	No-demo
CCC1(c2ccccc2)C(=O)NC(=O)NC1=O	1	1	0.64356935	2	0.8812166218860125	0.717391304347826	0.7400439174352218	0.7519461732910155	1.0	No-demo
CCC1(c2ccccc2)C(=O)NCNC1=O	0	1	0.70273626	2	0.8732380150864978	0.7021276595744681	0.7291749018883777	0.7422880844525189	1.0	No-demo
CCC1=NC(=O)C2CSSCCC=CC(CC(=O)NC(C(C)C)C(=O)N2)OC(=O)C(C(C)C)NC1=O	1	1	0.78105915	2	0.909587320710544	0.8222222222222222	0.8343883449542586	0.8394073060615717	1.0	No-demo
CCC1CN2CCc3c([nH]c4cccc(OC)c34)C2CC1C(=COC)C(=O)OC	0	1	0.92882925	2	0.8757332371024604	0.6931818181818182	0.7327106535511335	0.7476726366848303	0.9868421052631579	No-demo
CCCC(=O)Nc1ccc(OCC(O)CNC(C)C)c(C(C)=O)c1	1	1	0.8076918	2	0.8799206904049588	0.6268656716417911	0.699007410086654	0.7154604312557393	1.0	No-demo
CCCC(C)(COC(N)=O)COC(=O)NC(C)C	1	1	0.84676313	2	0.9052871027792982	0.7073170731707317	0.7509541553748871	0.7667595171598182	1.0	No-demo
CCCC(C)(COC(N)=O)COC(N)=O	1	1	0.6804114	2	0.9106869880270164	0.696969696969697	0.7435378097080225	0.7543083000529809	1.0	No-demo
CCCC(C)C1(CC)C(=O)NC(=O)NC1=O	1	1	0.8119353	2	0.9183529417227122	0.7575757575757576	0.7978508077288564	0.8142181906737374	1.0	No-demo
CCCC(C)C1(CC)C(=O)NC(=S)NC1=O	1	1	0.8707949	2	0.919700743764268	0.7619047619047619	0.7945914489826938	0.8124477176850025	1.0	No-demo
CCCC1CC(=O)N(C(CC)C(N)=O)C1	1	1	0.9030837	2	0.8843874923460493	0.7611940298507462	0.7655604209493729	0.7681893187664951	0.9791666666666666	No-demo
CCCCC(CC)COC(=O)CC(C(=O)OCC(CC)CCCC)S(=O)(=O)O	0	1	0.7820754	2	0.9158764100588224	0.5531914893617021	0.6790641439081953	0.7277239607764272	1.0	No-demo
CCCCCCC(=O)OCC(COC(=O)CCCCCC)OC(=O)CCCCCC	1	1	0.62260234	2	0.9096262221074445	0.48717948717948717	0.6374317203264572	0.6848263910940764	1.0	No-demo
CCCCCCCCCCCCCCCCCCCCCCO	0	1	0.70361966	2	0.9421657610462852	0.7096774193548387	0.7411789706319862	0.7706020736315267	1.0	No-demo
CCCCCCCCCCCCCCCC[n+]1ccccc1	0	1	0.7782113	2	0.934216043571606	0.6857142857142857	0.7791489434967696	0.8001056517127749	1.0	No-demo
CCCCCCCCCCCCOCCOCCOCCOCCOCCOCCOCCOCCOCCO	0	1	0.7785926	2	0.9341265470374286	0.6571428571428571	0.7308775621541579	0.7607209725312207	1.0	No-demo
CCCCCCCCc1ccc(CCC(N)(CO)CO)cc1	1	1	0.88168335	2	0.8996424704571524	0.7209302325581395	0.7405839881925884	0.7555146933822465	1.0	No-demo
CCCCCON=O	1	1	0.85664165	2	0.9388491788558353	0.6764705882352942	0.7608680035653195	0.7836102057781418	1.0	No-demo
CCCCS(=O)(=O)NC(Cc1ccc(OCCCCC2CCNCC2)cc1)C(=O)O	1	1	0.87045217	2	0.8669002701362644	0.7	0.7405139913359091	0.7494229761219907	0.984375	No-demo
CCCS(=O)(=O)NC1CC(N(C)c2ncnc3[nH]ccc23)C1	0	1	0.9756053	2	0.8917625713613292	0.7407407407407407	0.7813327079716327	0.7952218604466489	1.0	No-demo
CCN(C(C)=O)c1cccc(-c2ccnc3c(C#N)cnn23)c1	0	1	0.7577545	2	0.8788557409778534	0.7415730337078652	0.764621617216996	0.7722969696325666	0.9846153846153847	No-demo
CCN(CC)C(=O)C(C#N)=Cc1cc(O)c(O)c([N+](=O)[O-])c1	1	0	0.37428278	2	0.9031154704251567	0.7432432432432432	0.7888786619436774	0.8010126209089039	1.0	No-demo
CCN(CC)C(=O)C1(c2ccccc2)CC1CN	1	1	0.5943691	2	0.8609414460150049	0.6730769230769231	0.7145202750465909	0.728976481057956	1.0	No-demo
CCN(CC)CCOc1ccc(C(=C(Cl)c2ccccc2)c2ccccc2)cc1	1	1	0.81626475	2	0.8838042960286364	0.45652173913043476	0.5837198214782344	0.6389156177356511	1.0	No-demo
CCN(CC)c1ccc(C(=C2C=CC(=[N+](CC)CC)C=C2)c2cc(S(=O)(=O)O)ccc2S(=O)(=O)[O-])cc1	1	1	0.74408734	2	0.9054634515342246	0.7301587301587301	0.7849643717135976	0.797583995035424	1.0	No-demo
CCO	1	1	0.56880486	2	0.9417403518826714	0.7222222222222222	0.7726984126984127	0.7931903576831112	1.0	No-demo
CCOC(=O)C(Cc1ccc(F)cc1)NC(=O)C(N)Cc1ccc(N(CCCl)CCCl)cc1	1	1	0.8245282	2	0.8751979931010035	0.4716981132075472	0.64446493306718	0.6827280023218433	1.0	No-demo
CCOC(=O)C(N)Cc1ccc(-c2cc(OC(c3ccc(Cl)cc3-n3ccc(C)n3)C(F)(F)F)nc(N)n2)cc1	1	1	0.7613152	2	0.8830311677224109	0.75	0.768448051948052	0.7744698796802757	0.9868421052631579	No-demo
CCOc1ncc(C)c2c1C(c1ccc(C#N)cc1OC)C(C(N)=O)C(C)=N2	0	1	0.518891	2	0.8773310495877537	0.6923076923076923	0.7296927286120172	0.7419135182928788	1.0	No-demo
CCS(=O)(=O)N1CC(CC#N)(n2cc(-c3ncnc4[nH]ccc34)cn2)C1	1	1	0.9579793	2	0.8964635486070726	0.7790697674418605	0.7951569486574541	0.8041867046738704	0.9857142857142858	No-demo
CC[N+](C)(C)c1cccc(O)c1	1	1	0.8295487	2	0.898093424568627	0.6666666666666666	0.7067378713002817	0.730518269038977	1.0	No-demo
CCc1cc2c(cc1CC)CC(NCC(O)c1ccc(O)c3[nH]c(=O)ccc13)C2	1	1	0.879228	2	0.8823480487491837	0.7571428571428571	0.7791228070175439	0.7857052419854359	0.9838709677419355	No-demo
CCc1nc(N)nc(N)c1-c1ccc(Cl)cc1	0	1	0.88452923	2	0.9083681767185168	0.717948717948718	0.7634952032094888	0.7768752116940619	1.0	No-demo
CCn1c(=O)c(-c2cc(NC(=O)Nc3ccccc3)c(F)cc2Br)cc2cnc(NC)cc21	1	1	0.84485507	2	0.8736499125319804	0.7391304347826086	0.7619920914023279	0.7682430723013909	0.9864864864864865	No-demo
CN(C)C(=O)c1cc2cnc(Nc3ccc(N4CCNCC4)cn3)nc2n1C1CCCC1	1	1	0.9097624	2	0.8793550483783572	0.7216494845360825	0.7493904651385319	0.7601000956464072	1.0	No-demo
CN(C)C(N)=NC(=N)N	1	1	0.7939897	2	0.9447515263414831	0.8181818181818182	0.8280495630624755	0.840673261225381	1.0	No-demo
CN(C)C1C(=O)C(C(N)=O)C(=O)C2(O)C(=O)C3C(=O)c4c(O)cccc4C(C)(O)C3CC12	0	1	0.93682784	2	0.8914026063745335	0.782608695652174	0.7913618989705946	0.797394618213904	0.9848484848484849	No-demo
CN(C)CC(c1ccc(O)cc1)C1(O)CCCCC1	1	1	0.75329775	2	0.8948490037695287	0.6274509803921569	0.7241780365992551	0.7498334765635541	1.0	No-demo
CN(C)CCCN1c2ccccc2CCc2ccc(Cl)cc21	1	1	0.9124003	2	0.8917702688825955	0.5625	0.669834627173729	0.6997527429660072	1.0	No-demo
CN(C)CCCN1c2ccccc2CCc2ccccc21	1	1	0.9222727	2	0.8935605795373137	0.46153846153846156	0.6332162667661076	0.6790424044897798	1.0	No-demo
CN(C)CCCN1c2ccccc2Sc2ccc(Cl)cc21	0	1	0.9172695	2	0.8993081758336063	0.6764705882352942	0.7153457026063087	0.7290194017970771	1.0	No-demo
CN(C)P(=O)(OCC1CNCC(n2ccc(N)nc2=O)O1)N1CCN(C(=O)OCCOCCOCCO)CC1	0	1	0.92483103	2	0.8823333620383846	0.65	0.7077630570397065	0.7378208138078413	0.9880952380952381	No-demo
CN(C)c1cc(CNCC(C)(C)C)c(O)c2c1CC1CC3C(N(C)C)C(=O)C(C(N)=O)C(=O)C3(O)C(=O)C1C2=O	0	1	0.9426483	2	0.8968261370649017	0.7857142857142857	0.8031861791068037	0.8078337027026938	0.9871794871794872	No-demo
CN(C)c1cc(NC(=O)CNC(C)(C)C)c(O)c2c1CC1CC3C(N(C)C)C(=O)C(C(N)=O)C(=O)C3(O)C(=O)C1C2=O	0	1	0.9424671	2	0.89599212826358	0.8151260504201681	0.8194100861998965	0.8222442902234465	0.9875	No-demo
CN(C)c1ccc(O)c2c1CC1CC3C(N(C)C)C(=O)C(C(N)=O)C(=O)C3(O)C(=O)C1C2=O	1	1	0.9326091	2	0.8979695104960101	0.7974683544303798	0.8031405956667216	0.8087937706289242	0.9855072463768116	No-demo
CN(C)c1ccc2nc3ccc(=[N+](C)C)cc-3sc2c1	1	1	0.7155442	2	0.922797688584663	0.7592592592592593	0.7878740695835764	0.809377739534463	1.0	No-demo
CN1C(=O)CC(=O)N(c2ccccc2)c2cc(Cl)ccc21	1	0	0.336277	2	0.8883780919995963	0.6111111111111112	0.6808507488679902	0.7021427207021487	1.0	No-demo
CN1C(=O)CC(C)(c2ccccc2)C1=O	0	1	0.6889505	2	0.8853928847284435	0.7021276595744681	0.7352403467297084	0.7480614447405273	1.0	No-demo
CN1C(=O)CN=C(c2ccccc2)c2cc(Cl)ccc21	1	1	0.6086714	2	0.8820671856341501	0.40816326530612246	0.4679183673469387	0.5371526311101277	1.0	No-demo
CN1CC(=O)N2C(Cc3c([nH]c4ccccc34)C2c2ccc3c(c2)OCO3)C1=O	1	1	0.7604065	2	0.89696037908456	0.759493670886076	0.778780291391048	0.7884831211979093	1.0	No-demo
CN1CC2c3ccccc3Oc3ccc(Cl)cc3C2C1	1	1	0.70705205	2	0.8940480272036165	0.7083333333333334	0.7305313625576717	0.7414315784113512	1.0	No-demo
CN1CCCC1c1cccnc1	1	1	0.81391805	2	0.8927554504659994	0.6842105263157895	0.7191171635382162	0.7288935526057315	1.0	No-demo
CN1CCN(C(=O)OC2c3nccnc3C(=O)N2c2ccc(Cl)cn2)CC1	0	1	0.64948845	2	0.871295051629196	0.6753246753246753	0.7238685004749211	0.7386166730815464	0.9846153846153847	No-demo
CN1CCN(C(c2ccccc2)c2ccccc2)CC1	1	1	0.812089	2	0.8912382945130728	0.6666666666666666	0.7007653805694118	0.7146446977334036	1.0	No-demo
CN1CCN(C2=Nc3cc(Cl)ccc3Nc3ccccc32)CC1	1	1	0.9442118	2	0.8954798276753868	0.6721311475409836	0.6976537427357099	0.7173103803487492	1.0	No-demo
CN1CCN(C2=Nc3ccccc3Oc3ccc(Cl)cc32)CC1	1	1	0.86391145	2	0.892924990661966	0.6911764705882353	0.710111254179091	0.7213614958436274	1.0	No-demo
CN1CCN(CCC=C2c3ccccc3Sc3ccc(S(=O)(=O)N(C)C)cc32)CC1	0	1	0.82399946	2	0.893842277688631	0.6551724137931034	0.698992816091954	0.725163454276212	1.0	No-demo
CN1CCN(CCCN2c3ccccc3Sc3ccc(C(F)(F)F)cc32)CC1	0	1	0.83292735	2	0.898091572587542	0.7	0.7438654934003772	0.7526736790288432	1.0	No-demo
CN1CCN(CCCN2c3ccccc3Sc3ccc(Cl)cc32)CC1	0	1	0.8691681	2	0.8950242986534754	0.7222222222222222	0.7346952976970971	0.7426754887875996	1.0	No-demo
CN1CCN(c2nc(C3=C(c4c[nH]c5ccccc45)C(=O)NC3=O)c3ccccc3n2)CC1	1	1	0.9573564	2	0.8912372225069336	0.7183098591549296	0.743053072533562	0.7521754500709128	1.0	No-demo
CN=C(C[N+](=O)[O-])NCCSCc1ccc(CN(C)C)o1	1	1	0.91811514	2	0.8981841051197323	0.7941176470588235	0.8010131132494829	0.8053919880233045	1.0	No-demo
CN=C(NC#N)NCCSCc1[nH]cnc1C	1	1	0.92900515	2	0.9120803357881363	0.8	0.8196752568762451	0.8267733810068145	1.0	No-demo
CNC(=O)c1c(I)c(NC(C)=O)c(I)c(C(=O)O)c1I	1	1	0.9189098	2	0.9023100044178893	0.6444444444444445	0.7359167787169782	0.7620932846371002	1.0	No-demo
CNC(=O)c1ccc(-c2cnc3ncc(Cc4ccc5ncccc5c4)n3n2)cc1F	0	1	0.79539883	2	0.8847327854537572	0.7241379310344828	0.7488212485712354	0.7590083620387146	0.9855072463768116	No-demo
CNC(=O)c1ccc(N2C(=S)N(c3cnc(C#N)c(C(F)(F)F)c3)C(=O)C23CCC3)cc1F	1	1	0.7877541	2	0.8873354161497661	0.39473684210526316	0.6895131271385908	0.7317530359240452	0.9873417721518988	No-demo
CNC(C)C(O)c1ccccc1	1	1	0.9098479	2	0.8894102009967678	0.6129032258064516	0.6755028836018215	0.6975411805866898	1.0	No-demo
CNCC(O)c1ccc(O)c(O)c1	1	1	0.8771864	2	0.8984030158571875	0.6052631578947368	0.6773648197305978	0.7227550523160345	1.0	No-demo
CNCC(O)c1cccc(O)c1	1	1	0.94484085	2	0.8901767239947401	0.5952380952380952	0.6963405483405485	0.7193286351950878	1.0	No-demo
CNCCC(Oc1cccc2ccccc12)c1cccs1	1	1	0.94722915	2	0.9018984629357771	0.5416666666666666	0.6807976517319937	0.7218004197051194	1.0	No-demo
CNCCCN1c2ccccc2CCc2ccccc21	1	1	0.9227681	2	0.8906751667381662	0.5714285714285714	0.6491617508446035	0.689865189637347	1.0	No-demo
COC(=O)CCc1ccc(OCC(O)CNC(C)C)cc1	1	1	0.8475865	2	0.8771085840070092	0.6229508196721312	0.6792514704825252	0.6978950985790179	1.0	No-demo
COC(=O)c1ccc2c(C(=Nc3ccc(N(C)C(=O)CN4CCN(C)CC4)cc3)c3ccccc3)c(O)[nH]c2c1	1	1	0.92303467	2	0.8751071109954712	0.75	0.7621749689240827	0.7673211528129699	0.9871794871794872	No-demo
COC(=O)c1ccccc1O	0	1	0.7835748	2	0.8688423064766705	0.48	0.5774851814851815	0.6314262389116191	1.0	No-demo
COCCc1ccc(OCC(O)CNC(C)C)cc1	1	1	0.940199	2	0.8921785187137795	0.6935483870967742	0.7107205870463635	0.7177512547781199	1.0	No-demo
CON(C)Cc1ccc(O)c2c1CC1CC3C(N(C)C)C(=O)C(C(N)=O)C(=O)C3(O)C(=O)C1C2=O	0	1	0.92053735	2	0.8884015697172604	0.79	0.7992650370789905	0.8018118721428933	0.9861111111111112	No-demo
COc1cc(C)c(C=CC(C)=CC=CC(C)=CC(=O)O)c(C)c1C	1	1	0.6103511	2	0.9036076954395227	0.7719298245614035	0.7781268543386392	0.7833003975192508	1.0	No-demo
COc1cc(C2c3cc4c(cc3C(OC3OC5COC(C)OC5C(O)C3O)C3COC(=O)C23)OCO4)cc(OC)c1O	1	1	0.8282633	2	0.9088980676843098	0.7818181818181819	0.7980887042113535	0.8091573942282076	0.9868421052631579	No-demo
COc1cc(N)c(Cl)cc1C(=O)NC1CCN(CCCOc2ccc(F)cc2)CC1OC	1	1	0.5172005	2	0.865333187481848	0.6162790697674418	0.66355086977486	0.6914689176145729	0.9850746268656716	No-demo
COc1cc2c(cc1Cc1cccc(Cl)c1F)c(=O)c(C(=O)O)cn2C(CO)C(C)C	1	1	0.78327465	2	0.8717620976100383	0.7037037037037037	0.7306175814368586	0.7391157808831648	0.9861111111111112	No-demo
COc1cc2nc(N(C)CCCNC(=O)C3CCCO3)nc(N)c2cc1OC	1	1	0.85425067	2	0.8715988207179264	0.6666666666666666	0.7315057753042249	0.7431280259798033	0.9861111111111112	No-demo
COc1cc2nc(N3CCN(C(=O)C4CCCO4)CC3)nc(N)c2cc1OC	1	1	0.6677276	2	0.8778261122317079	0.4153846153846154	0.6596186657966234	0.7040329044697885	0.9850746268656716	No-demo
COc1cc2nc(N3CCN(C(=O)C4COc5ccccc5O4)CC3)nc(N)c2cc1OC	1	1	0.8232534	2	0.870879919597633	0.4117647058823529	0.6691388476891191	0.7117919533181841	0.9861111111111112	No-demo
COc1ccc(C(CN(C)C)C2(O)CCCCC2)cc1	1	1	0.76157504	2	0.8865907869680458	0.6226415094339622	0.7032300562727574	0.7306304612870835	1.0	No-demo
COc1ccc(CC(C)NCC(O)c2ccc(O)c(NC=O)c2)cc1	1	1	0.866898	2	0.891267709209457	0.5909090909090909	0.6847107462007952	0.7072153149725643	1.0	No-demo
COc1cccc(C2(O)CCCCC2CN(C)C)c1	1	1	0.5770615	2	0.880577602422896	0.6721311475409836	0.7317042349726776	0.7486733996877439	1.0	No-demo
COc1ccccc1N1CCN(CCCNc2cc(=O)n(C)c(=O)n2C)CC1	1	1	0.88754684	2	0.8781683528892927	0.6962025316455697	0.7307658437368043	0.7378583442640301	1.0	No-demo
CSc1ccc2c(c1)N(CCC1CCCCN1C)c1ccccc1S2	1	1	0.76843333	2	0.8949223929128998	0.6615384615384615	0.7295028352139298	0.7472802901440437	1.0	No-demo
Cc1[nH]cnc1CN1CCc2c(c3ccccc3n2C)C1=O	0	1	0.9075573	2	0.8820936030612537	0.7413793103448276	0.7569921591910597	0.7651561914942641	1.0	No-demo
Cc1cc(C2CCCCC2)n(O)c(=O)c1	0	1	0.6018325	2	0.8907292369637765	0.7692307692307693	0.7779527661880603	0.7844318679342344	1.0	No-demo
Cc1cc2c(s1)Nc1ccccc1N=C2N1CCN(C)CC1	1	1	0.78638107	2	0.901186984371541	0.7272727272727273	0.7537398769263522	0.7725764357846083	1.0	No-demo
Cc1ccc(-n2nccn2)c(C(=O)N2CCN(c3nc4cc(Cl)ccc4o3)CCC2C)c1	1	1	0.6277133	2	0.8849675140763896	0.7472527472527473	0.7704909337233283	0.7752157168709357	0.9861111111111112	No-demo
Cc1ccc(C(=CCN2CCCC2)c2ccccn2)cc1	1	1	0.75813687	2	0.8819360559085005	0.7368421052631579	0.7625825576911869	0.7722621751003024	1.0	No-demo
Cc1ccc(O)c(C(CCN(C(C)C)C(C)C)c2ccccc2)c1	1	1	0.83063936	2	0.8878106359441916	0.5272727272727272	0.6715803316180674	0.698414337671413	1.0	No-demo
Cc1cccc(CN2CCN(C(c3ccccc3)c3ccc(Cl)cc3)CC2)c1	0	1	0.8607009	2	0.8859181869157071	0.7205882352941176	0.7329155807692944	0.7427584637883048	1.0	No-demo
Cc1ccccc1-c1cc(N2CCN(C)CC2)ncc1N(C)C(=O)C(C)(C)c1cc(C(F)(F)F)cc(C(F)(F)F)c1	1	1	0.7607435	2	0.8819310624599398	0.6933333333333334	0.74332619967825	0.7565723457177009	0.9861111111111112	No-demo
Cc1ccsc1C(=CCCN1CCCC(C(=O)O)C1)c1sccc1C	0	1	0.59663856	2	0.8739077877623367	0.7313432835820896	0.7383381647255712	0.7491835957877105	1.0	No-demo
Cc1cnc(NC(=O)C2C(=O)c3ccccc3S(=O)(=O)N2C)s1	1	0	0.44655183	2	0.8778733418936638	0.36538461538461536	0.6699124207692534	0.7172280203336174	1.0	No-demo
Cc1cnc(Nc2ccc(OCCN3CCCC3)cc2)nc1Nc1cccc(S(=O)(=O)NC(C)(C)C)c1	0	1	0.7980782	2	0.8850660690223957	0.7209302325581395	0.735917048973296	0.7436479576538368	1.0	No-demo
Cc1nc2n(c(=O)c1CCN1CCC(c3noc4cc(F)ccc34)CC1)CCCC2	1	1	0.62888294	2	0.8905023571842867	0.5421686746987951	0.7266975330239736	0.7536457997684123	0.9868421052631579	No-demo
Cc1nc2n(c(=O)c1CCN1CCC(c3noc4cc(F)ccc34)CC1)CCCC2O	1	1	0.7709876	2	0.8852014759077934	0.5357142857142857	0.7247981178484453	0.7505427402234078	0.9871794871794872	No-demo
Cc1ncc(CO)c(CO)c1O	0	1	0.8069878	2	0.9113623100734664	0.7692307692307693	0.7850201600201601	0.8016567841618552	1.0	No-demo
Cc1nccn1CC1CCc2c(c3ccccc3n2C)C1=O	1	1	0.7413835	2	0.8838650020081893	0.7464788732394366	0.7667197624248162	0.7768517109826263	1.0	No-demo
Cc1nnc(C(=O)NC(C)(C)c2nc(C(=O)NCc3ccc(F)cc3)c(O)c(=O)n2C)o1	1	1	0.9052172	2	0.8812760393338159	0.7362637362637363	0.7478981959909153	0.761858185826324	1.0	No-demo
Cc1oncc1C(=O)Nc1ccc(C(F)(F)F)cc1	1	1	0.76679987	2	0.8901519352041063	0.6891891891891891	0.7395619757688724	0.7535335719756318	1.0	No-demo
Cc1sc2c(c1C)C(c1ccc(Cl)cc1)=NC(CC(=O)NCCCN1CCN(C)CC1)c1nnc(C)n1-2	1	1	0.9426182	2	0.8846431415507698	0.7431192660550459	0.7557969134381822	0.7639293865746573	0.9857142857142858	No-demo
Clc1ccc(CCCOCCCN2CCCCC2)cc1	0	1	0.76659036	2	0.8984117994696436	0.7017543859649122	0.7103128361379923	0.7226517105497441	1.0	No-demo
Cn1c(Cn2ccc(C(F)(F)F)c(Oc3cc(Cl)cc(C#N)c3)c2=O)n[nH]c1=O	0	1	0.8380351	2	0.8993248006293528	0.7701149425287356	0.7774829517455099	0.7884770661564566	1.0	No-demo
Cn1cnc([N+](=O)[O-])c1Sc1ncnc2[nH]cnc12	1	1	0.85129035	2	0.9146808248595664	0.7375	0.7611380676530719	0.7792072367428948	1.0	No-demo
FC(F)(F)C(F)(F)C(F)(F)F	1	1	0.66920793	2	0.9883868379166886	0.8333333333333334	0.8705535578075624	0.8930174365899229	1.0	No-demo
N#CCC(C1CCCC1)n1cc(-c2ncnc3[nH]ccc23)cn1	1	1	0.90197384	2	0.9045268197500207	0.7954545454545454	0.8077107185518863	0.8122171005335392	1.0	No-demo
N#Cc1ccnc(N2C(=O)CCC2C(=O)N(c2cncc(F)c2)C(C(=O)NC2CC(F)(F)C2)c2ccccc2Cl)c1	1	1	0.7434588	2	0.8864774216348091	0.7708333333333334	0.7862215503261195	0.7911525130175716	1.0	No-demo
N=C(CCSCc1csc(N=C(N)N)n1)NS(N)(=O)=O	1	1	0.892703	2	0.9121421142580752	0.7804878048780488	0.8064942688847909	0.8161879676477404	1.0	No-demo
N=C(N)c1ccc(OCCCCCOc2ccc(C(=N)N)cc2)cc1	1	1	0.8764453	2	0.90194930331424	0.6818181818181818	0.7303034280514185	0.7479891510982283	1.0	No-demo
NC(=O)C1(N2CCCCC2)CCN(CCCC(=O)c2ccc(F)cc2)CC1	1	1	0.613255	2	0.8829248439427385	0.44642857142857145	0.6090639122447065	0.6737625233835772	0.9830508474576272	No-demo
NC(=O)Cc1cccc(C(=O)c2ccccc2)c1N	0	1	0.5186221	2	0.8818579565910957	0.6666666666666666	0.6840601133284061	0.6923611776135883	1.0	No-demo
NC(=O)N1c2ccccc2C=Cc2ccccc21	1	1	0.79349756	2	0.8812109705450745	0.7241379310344828	0.7345452443116514	0.7408693623082159	1.0	No-demo
NC(=O)N1c2ccccc2CC(=O)c2ccccc21	1	1	0.6477494	2	0.8743841295389055	0.6981132075471698	0.7317163166596587	0.7437142953784142	1.0	No-demo
NC(=O)N1c2ccccc2CC(O)c2ccccc21	1	1	0.8187517	2	0.8797658508972442	0.7049180327868853	0.7430995489207554	0.7550337290928145	1.0	No-demo
NC(CO)(CO)CO	1	1	0.6974019	2	0.9533765721746776	0.8235294117647058	0.8337811511701455	0.8442497165156327	1.0	No-demo
NC(N)=O	1	1	0.5335986	2	0.9398165362850006	0.625	0.6716666666666666	0.7008698092031426	1.0	No-demo
NC1CC1c1ccccc1	1	1	0.6275645	2	0.907917781032911	0.7391304347826086	0.7604576659038902	0.7709886565938803	1.0	No-demo
NCC(O)c1ccc(O)c(O)c1	1	1	0.80442756	2	0.9025809535449205	0.5294117647058824	0.6662347932936168	0.7143634973046737	1.0	No-demo
NCCNCCNCCN	0	1	0.70146257	2	0.9616978399988743	0.6666666666666666	0.7697268673355631	0.797669778420129	1.0	No-demo
NCCO	0	1	0.70005065	2	0.9545345577144068	0.7142857142857143	0.7563052889139845	0.7831987054813141	1.0	No-demo
NCCS	1	1	0.66181743	2	0.9727323167749207	0.8	0.8174251835121401	0.8397006091284758	1.0	No-demo
NCCc1ccc(O)c(O)c1	1	1	0.70957404	2	0.9084367238457222	0.5454545454545454	0.6873037247499229	0.7230220084145049	1.0	No-demo
Nc1c(CC(=O)O)cccc1C(=O)c1ccc(Br)cc1	0	1	0.59505135	2	0.8880725339238673	0.6756756756756757	0.7197331612225228	0.7367698821626133	1.0	No-demo
Nc1cc(C(F)(F)F)c(-c2cc(N3CCOCC3)nc(N3CCOCC3)n2)cn1	1	1	0.86630106	2	0.9250266798043244	0.7666666666666667	0.7918579101597812	0.8052830363657751	1.0	No-demo
Nc1ccc(N=Nc2ccccc2)c(N)n1	0	1	0.6484879	2	0.91924114457532	0.7843137254901961	0.7929302432638499	0.7999686906769035	1.0	No-demo
Nc1nc(=S)c2[nH]cnc2[nH]1	0	1	0.84005237	2	0.937839814770448	0.7317073170731707	0.771102367374773	0.7841379813414946	1.0	No-demo
Nc1nc(N)c2nc(-c3ccccc3)c(N)nc2n1	0	1	0.5520903	2	0.9199204780919671	0.7272727272727273	0.7432364104669704	0.760545885615495	1.0	No-demo
Nc1nnc(-c2cccc(Cl)c2Cl)c(N)n1	1	1	0.7017856	2	0.9223110025715147	0.7272727272727273	0.7569104841518636	0.7691504265776705	1.0	No-demo
O=C(NC(CO)C(O)c1ccc([N+](=O)[O-])cc1)C(Cl)Cl	1	1	0.88526565	2	0.8987109634678918	0.6984126984126984	0.7602565663946738	0.7723020761291619	1.0	No-demo
O=C(Nc1cnn2ccc(N3CCCC3c3cc(F)ccc3F)nc12)N1CCC(O)C1	0	1	0.90201205	2	0.890746025142614	0.7553191489361702	0.7635930300226754	0.7717996912362243	1.0	No-demo
O=C(O)CC(O)CC(O)C=Cc1c(C2CC2)nc2ccccc2c1-c1ccc(F)cc1	0	1	0.74926454	2	0.8768865299715705	0.7553191489361702	0.7754952787800866	0.7836887666886503	0.9855072463768116	No-demo
O=C(O)COCCN1CCN(C(c2ccccc2)c2ccc(Cl)cc2)CC1	1	1	0.74862283	2	0.8668128946050316	0.5970149253731343	0.6720090985902673	0.6940855421861915	0.9833333333333333	No-demo
O=C([O-])CCCO	1	1	0.5218991	2	0.9340171583668995	0.6470588235294118	0.6900758129338692	0.720982289236765	1.0	No-demo
O=C(c1ccc(OCCN2CCCCC2)cc1)c1c(-c2ccc(O)cc2)sc2cc(O)ccc12	1	1	0.7692144	2	0.8878019455702907	0.7380952380952381	0.7579594077420164	0.7670598386097439	0.9830508474576272	No-demo
O=C1CCCC(=O)C1C(=O)c1ccc(C(F)(F)F)cc1[N+](=O)[O-]	0	1	0.74127793	2	0.8975542569534032	0.7575757575757576	0.779691661358328	0.7907706536954089	0.9824561403508771	No-demo
O=C1CCc2ccc(OCCCCN3CCN(c4cccc(Cl)c4Cl)CC3)cc2N1	1	1	0.76340145	2	0.88275477015306	0.5657894736842105	0.6597786045154466	0.7061135892012538	1.0	No-demo
O=C1NC(=O)C(c2ccccc2)(c2ccccc2)N1	1	1	0.54651296	2	0.905634372101854	0.7419354838709677	0.7522410215379011	0.7641528602900156	1.0	No-demo
O=C1NC(c2ccccc2)(c2ccccc2)C(=O)N1COP(=O)(O)O	1	1	0.7502054	2	0.8855120076160832	0.7317073170731707	0.7517563697933959	0.7641043457635712	0.98	No-demo
O=C1c2ccccc2C(=O)C1c1ccc(F)cc1	1	1	0.7681816	2	0.8998719310200378	0.7317073170731707	0.7511032290940935	0.7628732315983151	1.0	No-demo
O=[N+]([O-])c1cn2c(n1)OCC(OCc1ccc(OC(F)(F)F)cc1)C2	1	1	0.6671139	2	0.9000303316911153	0.7272727272727273	0.7709961905685591	0.7887932458647589	1.0	No-demo
O=c1[nH]c(O)cn1N=Cc1ccc(-c2ccc([N+](=O)[O-])cc2)o1	1	1	0.8367299	2	0.911050040807849	0.3137254901960784	0.6587440880019706	0.7321089117449335	1.0	No-demo
O=c1[nH]c2ccccc2n1CCCN1CCC(n2c(=O)[nH]c3cc(Cl)ccc32)CC1	1	1	0.7348719	2	0.8897926838612189	0.41935483870967744	0.6245497092902422	0.6794719091740965	1.0	No-demo
O=c1n(CCCN2CCN(c3cccc(Cl)c3)CC2)nc2ccccn12	1	1	0.6629572	2	0.895340082415863	0.676056338028169	0.7329910439724674	0.7481412914845369	1.0	No-demo
OC(CCN1CCCCC1)(c1ccccc1)C1CC2C=CC1C2	1	1	0.51640487	2	0.8904842953693447	0.391304347826087	0.6568489737031937	0.6976168031608143	1.0	No-demo
OCCN1CCN(CCC=C2c3ccccc3Sc3ccc(Cl)cc32)CC1	1	1	0.72432226	2	0.8970464036993402	0.7321428571428571	0.7426517273576098	0.7479560184222827	1.0	No-demo
OCCN1CCN(CCCN2c3ccccc3Sc3ccc(C(F)(F)F)cc32)CC1	1	1	0.81385344	2	0.8986752219597622	0.704225352112676	0.7386584102512203	0.7500157510576503	1.0	No-demo
OCCN1CCN(CCCN2c3ccccc3Sc3ccc(Cl)cc32)CC1	0	1	0.8379899	2	0.8956666897731395	0.7384615384615385	0.7442433363328885	0.7479704718101773	1.0	No-demo
OCCOCCN1CCN(C(c2ccccc2)c2ccc(Cl)cc2)CC1	1	1	0.8203185	2	0.8850865732824786	0.6470588235294118	0.7020941616478289	0.7191794527787885	1.0	No-demo
OCCOCCN1CCN(C2=Nc3ccccc3Sc3ccccc32)CC1	1	1	0.8601321	2	0.8962999127141715	0.7272727272727273	0.7603048970873209	0.7686574424254555	1.0	No-demo
OCCOc1ccc(C(=C(CCCl)c2ccccc2)c2ccccc2)cc1	1	1	0.6750626	2	0.898922010406038	0.2857142857142857	0.6041371591371592	0.687367251159746	1.0	No-demo
OCc1cc(C(O)CNCCCCCCOCCCCc2ccccc2)ccc1O	1	1	0.8832925	2	0.8960902334644514	0.6119402985074627	0.7061581324549828	0.734092073908732	1.0	No-demo
OCc1cc(C(O)CNCCCCCCOCCOCc2c(Cl)cccc2Cl)ccc1O	1	1	0.8750105	2	0.9034259118913078	0.7368421052631579	0.7694891450489405	0.7854249318287411	1.0	No-demo
Oc1ccc2c(c1)C13CCCCC1(O)C(C2)N(CC1CCC1)CC3	0	1	0.53393304	2	0.8964464402064143	0.5230769230769231	0.5938489462027123	0.649665638370585	1.0	No-demo
Oc1cn2c(n1)Nc1ccc(Cl)c(Cl)c1C2	1	1	0.9561862	2	0.9123998970635939	0.7692307692307693	0.7982514289363604	0.8083319226013289	1.0	No-demo
S=c1[nH]cnc2[nH]cnc12	1	1	0.8413645	2	0.9438796602460974	0.7058823529411765	0.7802417841654334	0.8066542796028185	1.0	No-demo
c1cnc2cc3c(cc2n1)C1CNCC3C1	1	1	0.84860563	2	0.9245913008842245	0.7619047619047619	0.8004990520798483	0.8149453746511226	1.0	No-demo
C=C1C(CO)C(O)CC1n1cnc2c(=O)[nH]c(N)nc21	1	1	0.61453545	3	0.8942894303387185	0.6612903225806451	0.7479732987100735	0.7721150206118597	1.0	No-demo
C=C1CC2CCC34CC5OC6C(OC7CCC(CC(=O)CC8C(CC9OC(CCC1O2)CC(C)C9=C)OC(CC(O)CN)C8OC)OC7C6O3)C5O4	1	1	0.84335554	3	0.9195629909092965	0.8148148148148148	0.8311312139502298	0.8371356647887412	1.0	No-demo
C=CC(=O)Nc1cc(Nc2nccc(-c3cn(C)c4ccccc34)n2)c(OC)cc1N(C)CCN(C)C	1	1	0.5009353	3	0.8758208665953942	0.26744186046511625	0.6408228397155815	0.6978179673360363	1.0	No-demo
C=CC1=C(C(=O)O)N2C(=O)C(NC(=O)C(=NO)c3csc(N)n3)C2SC1	0	1	0.65895087	3	0.9014225858649981	0.5747126436781609	0.697894949847446	0.7398879010957731	1.0	No-demo
C=CC1CN2CCC1CC2C(O)c1ccnc2ccc(OC)cc12	1	1	0.92133296	3	0.8893937333022107	0.75	0.7641256592869496	0.7766272474288554	1.0	No-demo
C=c1c(C(=O)NCCN(CC)CC)c(C)[nH]c1=Cc1c(O)[nH]c2ccc(F)cc12	1	1	0.96260166	3	0.8884214051680768	0.6615384615384615	0.7544536627755806	0.7704112552800679	0.9859154929577465	No-demo
CC(=CC(=O)OCCCCCCCCC(=O)O)CC1OCC(CC2OC2C(C)C(C)O)C(O)C1O	0	1	0.9020934	3	0.9112758998805244	0.7469879518072289	0.7793614368729544	0.7885917338164364	0.9894736842105263	No-demo
CC(=O)CC(c1ccc([N+](=O)[O-])cc1)c1c(O)c2ccccc2oc1=O	1	1	0.5999054	3	0.8807923382009419	0.6984126984126984	0.7520242474820702	0.7657479009056285	1.0	No-demo
CC(=O)CC(c1ccccc1)c1c(O)c2ccccc2oc1=O	1	1	0.62299085	3	0.8721557453779651	0.7021276595744681	0.7300050894548233	0.7393790457984886	1.0	No-demo
CC(=O)N1CCN(c2ccc(OCC3COC(Cn4ccnc4)(c4ccc(Cl)cc4Cl)O3)cc2)CC1	1	1	0.8560502	3	0.8790462541134704	0.76	0.7714220430107528	0.7792316645587255	0.9875	No-demo
CC(=O)NC(CS)C(=O)O	0	1	0.84931976	3	0.9130692757103812	0.6585365853658537	0.7258191183154066	0.7510140705661021	1.0	No-demo
CC(=O)Nc1cccc(-n2c(=O)n(C3CC3)c(=O)c3c(Nc4ccc(I)cc4F)n(C)c(=O)c(C)c32)c1	1	1	0.5774978	3	0.8912550151182975	0.7666666666666667	0.776840013692329	0.7837881508956618	0.9875	No-demo
CC(=O)O	1	1	0.6420637	3	0.9275594814629555	0.5	0.665128205128205	0.7022232839624143	1.0	No-demo
CC(=O)OC1(C(C)=O)CCC2C3=CC(Cl)=C4CC(=O)C5CC5C4(C)C3CCC21C	1	0	0.47717083	3	0.8978655935558773	0.47692307692307695	0.6449846026322141	0.7005655450102964	1.0	No-demo
CC(=O)OCC1OC(n2ccc(=O)[nH]c2=O)C(OC(C)=O)C1OC(C)=O	0	1	0.5564179	3	0.8750984348185359	0.7230769230769231	0.7569743589743589	0.7679839913173246	0.9827586206896551	No-demo
CC(C)(C)C(=O)OCOP(=O)(COCCn1cnc2c(N)ncnc21)OCOC(=O)C(C)(C)C	0	1	0.8065035	3	0.8987826378700012	0.7397260273972602	0.7687569607739659	0.7887993154754294	0.9838709677419355	No-demo
CC(C)(C)NCC(O)COc1nsnc1N1CCOCC1	1	1	0.9800663	3	0.8964066976094244	0.6	0.6780595815474848	0.7201222779215726	0.9827586206896551	No-demo
CC(C)(C)c1nc(-c2cccc(NS(=O)(=O)c3c(F)cccc3F)c2F)c(-c2ccnc(N)n2)s1	1	1	0.7723708	3	0.9060831113244054	0.7373737373737373	0.7830481208691041	0.7942305778752234	1.0	No-demo
CC(C)(CCCCCC(O)CCCCCC(C)(C)C(=O)O)C(=O)O	0	1	0.85217977	3	0.9143524499146938	0.7586206896551724	0.7755594578520304	0.7800318318801961	1.0	No-demo
CC(C)(ON=C(C(=O)NC1C(=O)N2C(C(=O)[O-])=C(C[n+]3ccccc3)CSC12)c1csc(N)n1)C(=O)O	1	1	0.669391	3	0.8874148439393214	0.6017699115044248	0.7106951274935153	0.7520829794776981	0.9873417721518988	No-demo
CC(C)(S)C(N)C(=O)O	0	1	0.8882938	3	0.9237608065618814	0.7419354838709677	0.7728119524357936	0.78486773398125	1.0	No-demo
CC(C)C(N)C(=O)OCC(CO)OCn1cnc2c(=O)[nH]c(N)nc21	1	1	0.79782355	3	0.8945329787257313	0.6153846153846154	0.7424906233710298	0.7694366143701734	1.0	No-demo
CC(C)C(N)C(=O)OCCOCn1cnc2c(=O)[nH]c(N)nc21	1	1	0.8227359	3	0.8894290945151304	0.5172413793103449	0.7128683255720938	0.7478321899985757	1.0	No-demo
CC(C)CC(CN)CC(=O)O	1	1	0.8505441	3	0.9122477042041417	0.6666666666666666	0.7291668238697102	0.7492946199628902	1.0	No-demo
CC(C)Cn1cnc2c(N)nc3ccccc3c21	1	1	0.87159187	3	0.8909504180348817	0.7450980392156863	0.7534354288163353	0.7640077240086107	1.0	No-demo
CC(C)Nc1cccnc1N1CCN(C(=O)c2cc3cc(NS(C)(=O)=O)ccc3[nH]2)CC1	1	1	0.8873183	3	0.8821527370587088	0.7361111111111112	0.7549655638432426	0.7629888678762886	1.0	No-demo
CC(C)Nc1nc2cc(Cl)c(Cl)cc2n1C1OC(CO)C(O)C1O	1	1	0.9615011	3	0.8984511891892484	0.7848101265822784	0.8040526370151486	0.812057884618757	1.0	No-demo
CC(C)O	1	1	0.8529676	3	0.9520429841624182	0.6153846153846154	0.7611297626858267	0.7917765159460101	1.0	No-demo
CC(C)OC(=O)C(C)NP(=O)(COC(C)Cn1cnc2c(N)ncnc21)Oc1ccccc1	1	1	0.81476754	3	0.8783195844970394	0.7473684210526316	0.7642916247712925	0.7718394377434701	1.0	No-demo
CC(C)OC(=O)C(C)NP(=O)(OCC1OC(n2ccc(=O)[nH]c2=O)C(C)(F)C1O)Oc1ccccc1	1	1	0.8490159	3	0.8764239291002575	0.7767857142857143	0.7836525608121775	0.7874605270890281	0.9864864864864865	No-demo
CC(C)OC(=O)OCOP(=O)(COC(C)Cn1cnc2c(N)ncnc21)OCOC(=O)OC(C)C	1	1	0.8037598	3	0.9002880243030028	0.7631578947368421	0.7771305835955163	0.7894132570398449	1.0	No-demo
CC(CN(C)C)CN1c2ccccc2CCc2ccccc21	1	1	0.87825406	3	0.887602876181926	0.46153846153846156	0.5733569724848795	0.6447494870427687	1.0	No-demo
CC(CN1CC(=O)NC(=O)C1)N1CC(=O)NC(=O)C1	0	1	0.7889966	3	0.9072296575012844	0.7567567567567568	0.7849220119451493	0.8007863991325865	1.0	No-demo
CC(Cn1cnc2c(N)ncnc21)OCP(=O)(O)O	1	1	0.8623463	3	0.899366117966313	0.746268656716418	0.7662808827468732	0.7824691695855328	1.0	No-demo
CC(Nc1ncnc2[nH]cnc12)c1cc2cccc(Cl)c2c(=O)n1-c1ccccc1	0	1	0.8345792	3	0.8888080909682157	0.7402597402597403	0.7752579766769231	0.7846713787758248	1.0	No-demo
CC(O)(P(=O)(O)O)P(=O)(O)O	1	1	0.8644445	3	0.9461630731130255	0.7647058823529411	0.8186762827736459	0.837304095781959	1.0	No-demo
CC(O)C(=O)O	0	1	0.88626194	3	0.9217974027221985	0.4666666666666667	0.6737204301075268	0.7170632745332302	1.0	No-demo
CC(S)C(=O)NCC(=O)O	0	1	0.9596166	3	0.9135418041936354	0.7096774193548387	0.7461081029185868	0.7593703941063771	1.0	No-demo
CC(c1cc2ccccc2s1)N(O)C(N)=O	0	1	0.8592725	3	0.881197883111292	0.7333333333333333	0.7598026705302603	0.765958132512788	1.0	No-demo
CC1(C)SC2C(NC(=O)C(C(=O)O)c3ccsc3)C(=O)N2C1C(=O)O	1	1	0.9783431	3	0.8872668912829883	0.4482758620689655	0.7080768242209066	0.7532539502088413	1.0	No-demo
CC1(C)SC2C(NC(=O)C(N)c3ccc(O)cc3)C(=O)N2C1C(=O)O	1	1	0.970783	3	0.8808854465382021	0.42857142857142855	0.6880483252623083	0.7303526637757547	1.0	No-demo
CC1(C)SC2C(NC(=O)C(N)c3ccccc3)C(=O)N2C1C(=O)O	1	1	0.9755937	3	0.8693260518374462	0.34615384615384615	0.6641896276742012	0.707761559180948	1.0	No-demo
CC1(C)SC2C(NC(=O)COc3ccccc3)C(=O)N2C1C(=O)O	0	1	0.90078014	3	0.860798772828137	0.26	0.6482883797827114	0.7007587920178822	1.0	No-demo
CC12CCC3c4ccc(O)cc4CC(CCCCCCCCCS(=O)CCCC(F)(F)C(F)(F)F)C3C1CCC2O	1	1	0.8683635	3	0.8880546412157383	0.5507246376811594	0.6322076720265011	0.6739611198989128	0.9859154929577465	No-demo
CC1=C(C(=O)O)N2C(=O)C(NC(=O)C(N)c3ccc(O)cc3)C2SC1	0	1	0.9562018	3	0.8757729071261425	0.7285714285714285	0.7423519633847341	0.7546379330423153	1.0	No-demo
CC1=C(C(=O)O)N2C(=O)C(NC(=O)C(N)c3ccccc3)C2SC1	1	1	0.9636228	3	0.8640641205256334	0.6818181818181818	0.7237439511964828	0.7342648340218731	1.0	No-demo
CC1CNc2c(cccc2S(=O)(=O)NC(CCCN=C(N)N)C(=O)N2CCC(C)CC2C(=O)O)C1	1	1	0.88018125	3	0.8745149455406164	0.6923076923076923	0.7230971793183774	0.7434636520389206	1.0	No-demo
CC1OC(OC2C(O)CC(OC3C(O)CC(OC4CCC5(C)C(CCC6C5CC(O)C5(C)C(C7=CC(=O)OC7)CCC65O)C4)OC3C)OC2C)CC(O)C1O	1	1	0.6460479	3	0.9104446897159537	0.7608695652173914	0.7687167001032273	0.7766005829264313	1.0	No-demo
CC1OC(OC2C(O)CC(OC3C(O)CC(OC4CCC5(C)C(CCC6C5CCC5(C)C(C7=CC(=O)OC7)CCC65O)C4)OC3C)OC2C)CC(O)C1O	1	1	0.66745055	3	0.9103003031477815	0.7530864197530864	0.7705103320789595	0.777703006943261	1.0	No-demo
CC1OC1P(=O)(O)O	0	1	0.8589674	3	0.9410652501827687	0.8333333333333334	0.8582471103130962	0.864893356175167	1.0	No-demo
CC1OC2(CS1)CN1CCC2CC1	0	1	0.87430596	3	0.9313153917028643	0.8412698412698413	0.8492570449527902	0.8520499696587169	1.0	No-demo
CC=CC1=C(C(=O)O)N2C(=O)C(NC(=O)C(N)c3ccc(O)cc3)C2SC1	0	1	0.9437241	3	0.8807603887173203	0.75	0.7530677655677656	0.7625974719418204	1.0	No-demo
CCC(=O)NCC1CC1c1cccc2c1CCO2	1	1	0.7190935	3	0.8690254022329404	0.7272727272727273	0.7468278317843534	0.7554765715583485	1.0	No-demo
CCC(=O)NCCC1CCc2ccc3c(c21)CCO3	0	1	0.7075522	3	0.877145978028421	0.7368421052631579	0.7549812094987534	0.7653090366824706	1.0	No-demo
CCC(C(C)O)n1ncn(-c2ccc(N3CCN(c4ccc(OCC5COC(Cn6cncn6)(c6ccc(F)cc6F)C5)cc4)CC3)cc2)c1=O	1	1	0.861359	3	0.8861834011451528	0.7029702970297029	0.732219006730003	0.7536748619602452	0.9886363636363636	No-demo
CCC(C)n1ncn(-c2ccc(N3CCN(c4ccc(OCC5COC(Cn6cncn6)(c6ccc(Cl)cc6Cl)O5)cc4)CC3)cc2)c1=O	1	1	0.88970745	3	0.8928262017809712	0.7830188679245284	0.7909091365067734	0.7979961096297541	1.0	No-demo
CCC(CC)COC(=O)C(C)NP(=O)(OCC1OC(C#N)(c2ccc3c(N)ncnn23)C(O)C1O)Oc1ccccc1	1	1	0.84173197	3	0.8821872086008105	0.7628865979381443	0.7865107620317096	0.7933012145927066	1.0	No-demo
CCC(CO)NCCNC(CC)CO	0	1	0.8272456	3	0.9316708765589035	0.7222222222222222	0.7738512579902126	0.7903779011457404	1.0	No-demo
CCC(Nc1ncnc2[nH]cnc12)c1nc2cccc(F)c2c(=O)n1-c1ccccc1	1	1	0.6164983	3	0.8888688116617329	0.7375	0.7720178301383767	0.781763923801544	0.9859154929577465	No-demo
CCC(c1ccccc1)c1c(O)c2ccccc2oc1=O	1	1	0.6778662	3	0.8741034047136386	0.7111111111111111	0.7301352050960114	0.7379485307289055	1.0	No-demo
CCC1=C(C)CN(C(=O)NCCc2ccc(S(=O)(=O)NC(=O)NC3CCC(C)CC3)cc2)C1=O	1	1	0.8995165	3	0.8882582013364624	0.7590361445783133	0.7738842078553867	0.7836849476603075	1.0	No-demo
CCC1=CC2CN(C1)Cc1c([nH]c3ccccc13)C(C(=O)OC)(c1cc3c(cc1OC)N(C)C1C(O)(C(=O)OC)C(OC(C)=O)C4(CC)C=CCN5CCC31C54)C2	1	1	0.745225	3	0.8907583001944672	0.7559055118110236	0.7712668766861066	0.7850756805467318	0.9910714285714286	No-demo
CCC1C(=O)OCC1Cc1cncn1C	0	1	0.56101006	3	0.8986709110633774	0.8	0.8028293126184328	0.8065161935637889	1.0	No-demo
CCC1OC(=O)C(C)C(OC2CC(C)(OC)C(O)C(C)O2)C(C)C(OC2OC(C)CC(N(C)C)C2O)C(C)(O)CC(C)C(=O)C(C)C(O)C1(C)O	1	1	0.6717726	3	0.9163260773142693	0.7777777777777778	0.7948870726212386	0.8007439118184233	0.98989898989899	No-demo
CCC1OC(=O)C(C)C(OC2CC(C)(OC)C(O)C(C)O2)C(C)C(OC2OC(C)CC(N(C)C)C2O)C(C)(O)CC(C)CN(C)C(C)C(O)C1(C)O	1	1	0.7739388	3	0.9128817060348088	0.775	0.8005009914693708	0.8083707819132943	0.9902912621359223	No-demo
CCC1OC(=O)C(C)C(OC2CC(C)(OC)C(O)C(C)O2)C(C)C(OC2OC(C)CC(N(C)C)C2O)C(C)(OC)CC(C)C(=O)C(C)C(O)C1(C)O	1	1	0.69881177	3	0.9155347176588836	0.7739130434782608	0.7968808636888864	0.8066963391335447	0.9896907216494846	No-demo
CCCC(CCC)C(=O)O	1	1	0.7230109	3	0.9118900900027802	0.7105263157894737	0.7429616531447195	0.7534972147100293	1.0	No-demo
CCCC(NC(C)C(=O)N1C(C(=O)O)CC2CCCCC21)C(=O)OCC	1	1	0.7594584	3	0.8762474201296006	0.19642857142857142	0.4261914991241813	0.5520707969727687	1.0	No-demo
CCCC=c1ncc(=CC(Cc2cccs2)C(=O)O)n1Cc1ccc(C(=O)O)cc1	0	1	0.93545175	3	0.8749852504191835	0.7362637362637363	0.7593251818603931	0.7726214916656012	0.9868421052631579	No-demo
CCCCCCCCCCCC(CC1OC(=O)C1CCCCCC)OC(=O)C(CC(C)C)NC=O	1	1	0.9131119	3	0.897480977530456	0.6933333333333334	0.7461477701380893	0.7643262098323075	1.0	No-demo
CCCCCN(C)CCC(O)(P(=O)(O)O)P(=O)(O)O	1	1	0.8921633	3	0.9287004532777506	0.7333333333333333	0.7667397378035675	0.7764892925773852	1.0	No-demo
CCCCCOC(=O)Nc1nc(=O)n(C2OC(C)C(O)C2O)cc1F	1	1	0.705016	3	0.8789851961642953	0.7662337662337663	0.7699055249136938	0.7772857790007368	0.9841269841269841	No-demo
CCCCc1oc2ccc(NS(C)(=O)=O)cc2c1C(=O)c1ccc(OCCCN(CCCC)CCCC)cc1	1	1	0.7506874	3	0.887433903509567	0.6231884057971014	0.6963133568350959	0.7233012886513847	1.0	No-demo
CCCCc1oc2ccccc2c1C(=O)c1cc(I)c(OCCN(CC)CC)c(I)c1	1	1	0.77055943	3	0.882188129551646	0.6811594202898551	0.7066402412930642	0.7351796837932894	1.0	No-demo
CCCNS(=O)(=O)Nc1ncnc(OCCOc2ncc(Br)cn2)c1-c1ccc(Br)cc1	1	1	0.51497936	3	0.9104234746406465	0.775	0.7868342961318386	0.7995409698436271	1.0	No-demo
CCCS(=O)(=O)Nc1ccc(F)c(C(=O)c2c[nH]c3ncc(-c4ccc(Cl)cc4)cc23)c1F	1	1	0.62043846	3	0.8857349172071346	0.7407407407407407	0.7597995184204951	0.770490536001703	1.0	No-demo
CCCc1cc(=O)[nH]c(=S)[nH]1	0	1	0.5710904	3	0.9080076246194885	0.7619047619047619	0.7921804511278194	0.8027718534621037	1.0	No-demo
CCN(CC)CCCC(C)Nc1ccnc2cc(Cl)ccc12	1	1	0.9698207	3	0.896613858176821	0.14	0.6122186342186342	0.6829073239798303	1.0	No-demo
CCN(CC)CCNC(=O)c1cc(Cl)c(N)cc1OC	1	1	0.5956743	3	0.8840455476049219	0.5306122448979592	0.6237655466226895	0.6802519375897265	1.0	No-demo
CCN(CC)CCNC(=O)c1cc(S(C)(=O)=O)ccc1OC	1	1	0.6511749	3	0.880859453434115	0.54	0.6626298394575694	0.6995309364839778	1.0	No-demo
CCN1CCCC1CNC(=O)c1cc(S(=O)(=O)CC)c(N)cc1OC	1	0	0.27087915	3	0.8712636801979033	0.6931818181818182	0.731570790346872	0.7473493201736633	1.0	No-demo
CCN1CCCC1CNC(=O)c1cc(S(N)(=O)=O)ccc1OC	1	0	0.42540252	3	0.8625595502583904	0.7142857142857143	0.7261287834972046	0.7350820398231273	1.0	No-demo
CCN1CCN(C(=O)NC(C(=O)NC2C(=O)N3C(C(=O)O)=C(CSc4nnnn4C)CSC23)c2ccc(O)cc2)C(=O)C1=O	1	1	0.88099945	3	0.8869385901157104	0.5728155339805825	0.7081557382188846	0.7481193850192539	0.989247311827957	No-demo
CCN1CCN(C(=O)NC(C(=O)NC2C(=O)N3C2SC(C)(C)C3C(=O)O)c2ccccc2)C(=O)C1=O	1	1	0.9657703	3	0.8659679924715599	0.4375	0.6988824178088384	0.7315013855254917	0.9864864864864865	No-demo
CCN1CCN(Cc2ccc(Nc3ncc(F)c(-c4cc(F)c5nc(C)n(C(C)C)c5c4)n3)nc2)CC1	1	1	0.5614117	3	0.8988424336864148	0.7676767676767676	0.7800504039999838	0.7870486546420651	1.0	No-demo
CCNC1CC(C)S(=O)(=O)c2sc(S(N)(=O)=O)cc21	1	1	0.7544855	3	0.9032363026481459	0.7666666666666667	0.7873207295272495	0.7977976395485982	1.0	No-demo
CCNC1CN(CCCOC)S(=O)(=O)c2sc(S(N)(=O)=O)cc21	1	1	0.6866636	3	0.8955233040972413	0.7529411764705882	0.7821751327089898	0.7928137043244831	1.0	No-demo
CCOC(=O)C(CCc1ccccc1)NC(C)C(=O)N1Cc2cc(OC)c(OC)cc2CC1C(=O)O	1	1	0.95576763	3	0.854534222186985	0.19672131147540983	0.4077980307488504	0.5318189975417424	1.0	No-demo
CCOC(=O)c1c(CSc2ccccc2)n(C)c2cc(Br)c(O)c(CN(C)C)c12	1	1	0.7056157	3	0.8780140260156567	0.7101449275362319	0.7414226462559163	0.7565989620532899	1.0	No-demo
CCOc1cc(C(CS(C)(=O)=O)N2C(=O)c3cccc(NC(C)=O)c3C2=O)ccc1OC	1	1	0.7064805	3	0.8782731401635508	0.7261904761904762	0.7615508647733221	0.7696197487500707	0.9857142857142858	No-demo
CCOc1ccc(Cc2cc(C34OCC(CO)(O3)C(O)C(O)C4O)ccc2Cl)cc1	0	1	0.81293714	3	0.8877106463841606	0.7840909090909091	0.7974476832034251	0.8035651209825525	0.9846153846153847	No-demo
CCOc1ccc(Cc2cc(C3OC(CO)C(O)C(O)C3O)ccc2Cl)cc1	1	1	0.90408105	3	0.8898070212230007	0.7671232876712328	0.7745561036725508	0.7803744205261699	1.0	No-demo
CCOc1ccc2ccccc2c1C(=O)NC1C(=O)N2C1SC(C)(C)C2C(=O)O	0	1	0.94814354	3	0.8654639867251519	0.4166666666666667	0.6909562565622963	0.7272484253628918	1.0	No-demo
CCc1cc(C(C)=NOCc2ccc(C3CCCCC3)c(C(F)(F)F)c2)ccc1CN1CC(C(=O)O)C1	1	0	0.42278495	3	0.8792834536082244	0.7446808510638298	0.7691709787005643	0.7790164530889125	0.9866666666666667	No-demo
CCc1nc(C(N)=O)c(Nc2ccc(N3CCC(N4CCN(C)CC4)CC3)c(OC)c2)nc1NC1CCOCC1	1	1	0.8849951	3	0.8746514510965167	0.6847826086956522	0.7021141850841914	0.7193380498071961	0.9880952380952381	No-demo
CCc1nc(C)ccc1O	1	1	0.76205397	3	0.8948477755393603	0.6666666666666666	0.7310672609124621	0.7521210768995762	1.0	No-demo
CN(C)CCCC1(c2ccc(F)cc2)OCc2cc(C#N)ccc21	1	1	0.7730754	3	0.9057966257601531	0.7681159420289855	0.7754114447002822	0.782450733919216	1.0	No-demo
CN(C)N=Nc1[nH]cnc1C(N)=O	1	1	0.8274822	3	0.9019431575188396	0.7619047619047619	0.7887998723245382	0.8009229777026826	1.0	No-demo
CNC(=O)c1cnn(-c2nc(N)c3ncn(C4OC(CO)C(O)C4O)c3n2)c1	1	1	0.8159494	3	0.8958847581144082	0.7662337662337663	0.7802236445653838	0.7903328102133869	1.0	No-demo
CNC1CCc2[nH]c3ccc(C(N)=O)cc3c2C1	1	1	0.92210644	3	0.8741160204133271	0.7571428571428571	0.7732607451582784	0.7804730401481302	1.0	No-demo
CNCC(O)C(O)C(O)C(O)CO	1	1	0.91085637	3	0.9365449385262014	0.6764705882352942	0.758757217854345	0.7836701804696475	1.0	No-demo
CNc1ccc(-c2nc3ccc(O)cc3s2)cc1[18F]	1	1	0.90093774	3	0.907077568318638	0.7547169811320755	0.7719333596633972	0.7850038936862116	1.0	No-demo
COC(=O)C=CC(=O)OC	1	1	0.75101763	3	0.9245610413092765	0.7407407407407407	0.772412854030501	0.7921326555313484	1.0	No-demo
COC(=O)C=CC(=O)OCCn1c(O)ccc1O	1	1	0.86163294	3	0.8712188088546523	0.7317073170731707	0.7502111418065782	0.7569866775421488	1.0	No-demo
COC(=O)OCOc1c2n(ccc1=O)N(C1c3ccccc3SCc3c1ccc(F)c3F)C1COCCN1C2=O	0	1	0.94118905	3	0.8759007803204606	0.7647058823529411	0.7797190773787812	0.7845264715596404	0.9878048780487805	No-demo
COC1(C(=O)NC(C)c2ccc(-n3cc(F)cn3)nc2)CCC(c2nc(C)cc(Nc3cc(C)[nH]n3)n2)CC1	1	1	0.8642928	3	0.8845173940794554	0.7755102040816326	0.785335388183128	0.7902995561496704	1.0	No-demo
COC1(NC(=O)Cc2cccs2)C(=O)N2C(C(=O)O)=C(COC(N)=O)CSC21	1	1	0.86541146	3	0.8720006496314642	0.5617977528089888	0.6859923883122825	0.7250805525205172	1.0	No-demo
COCCCOc1cc(CC(CC(N)C(O)CC(C(=O)NCC(C)(C)C(N)=O)C(C)C)C(C)C)ccc1OC	1	1	0.9616037	3	0.8889124946173467	0.7126436781609196	0.7523383831379098	0.760725891887317	1.0	No-demo
COCCCOc1ccnc(CS(=O)c2nc3ccccc3[nH]2)c1C	1	1	0.8133419	3	0.8953013361857839	0.5428571428571428	0.7394576963121267	0.7690805932611577	1.0	No-demo
COCCOC(=O)NCCCCC(N)C(=O)O	0	1	0.93236774	3	0.9052835105144057	0.5	0.6886694944176297	0.7302681192051332	1.0	No-demo
COCCOCCCCCC(=O)NCCCCC(N)C(=O)O	1	1	0.92058516	3	0.9047946792219402	0.6333333333333333	0.709095826197578	0.7367381390312018	1.0	No-demo
CON=C(C(=O)NC1C(=O)N2C(C(=O)O)=C(COC(C)=O)CSC12)c1csc(N)n1	1	0	0.42595157	3	0.8858187738209957	0.5888888888888889	0.6866013030298744	0.7317009562026172	0.9873417721518988	No-demo
CON=C(C(=O)NC1C(=O)N2C(C(=O)O)=C(COC(N)=O)CSC12)c1ccco1	1	1	0.84122175	3	0.8730282840510093	0.6902654867256637	0.7089787045628035	0.7392198335494033	1.0	No-demo
CON=C(C(=O)NC1C(=O)N2C(C(=O)O)=C(CSc3nc(=O)c(=O)[nH]n3C)CSC12)c1csc(N)n1	1	0	0.47369358	3	0.8909598636343184	0.6237623762376238	0.6902848886683424	0.7370345817549491	1.0	No-demo
CON=C(C(=O)NC1C(=O)N2C(C(=O)[O-])=C(C[N+]3(C)CCCC3)CSC12)c1csc(N)n1	0	0	0.44472042	3	0.8927476979383842	0.625	0.7292009059205515	0.7634160202340442	1.0	No-demo
COc1c2occc2cc2ccc(=O)oc12	0	1	0.57092404	3	0.9092805944172843	0.7941176470588235	0.809243410374977	0.8138598707654676	1.0	No-demo
COc1cc(C(=O)NCc2ccc(OCCN(C)C)cc2)cc(OC)c1OC	0	1	0.9832501	3	0.8747711948603267	0.631578947368421	0.6708703209636996	0.6899380409345615	1.0	No-demo
COc1cc(C(=O)NS(=O)(=O)c2ccccc2C)ccc1Cc1cn(C)c2ccc(NC(=O)OC3CCCC3)cc12	0	1	0.53624284	3	0.872860264454924	0.74	0.748137859981357	0.7553133747009357	1.0	No-demo
COc1cc(CNC(=O)CCCCC=CC(C)C)ccc1O	0	1	0.97770864	3	0.875386048813673	0.7222222222222222	0.7374386290460647	0.7462122436967839	1.0	No-demo
COc1cc(Cc2cnc(N)nc2N)cc(OC)c1OC	1	1	0.52483	3	0.9099383607432174	0.7457627118644068	0.7659542087958661	0.775053925521513	1.0	No-demo
COc1cc(N2CCC(N3CCN(C)CC3)CC2)ccc1Nc1ncc(Cl)c(Nc2ccccc2P(C)(C)=O)n1	1	1	0.858732	3	0.8835282754748116	0.7127659574468085	0.7290643146581083	0.7418255384115456	1.0	No-demo
COc1cc2c(cc1OC)C(=O)C(CC1CCN(Cc3ccccc3)CC1)C2	1	1	0.8354031	3	0.8675177095070059	0.7105263157894737	0.7234734645404434	0.7304621328975637	1.0	No-demo
COc1cc2c(cc1OC)C1CC(=O)C(CC(C)C)CN1CC2	1	1	0.8409805	3	0.8888016673365179	0.7123287671232876	0.7472167327830541	0.7640035759848656	1.0	No-demo
COc1cc2c(cc1OC)C1CC(OC(=O)C(N)C(C)C)C(CC(C)C)CN1CC2	1	1	0.8025362	3	0.8825791249330356	0.6931818181818182	0.7539272742761115	0.7676084516553972	1.0	No-demo
COc1cc2c(cc1OC)CC(=O)N(CCCN(C)CC1Cc3cc(OC)c(OC)cc31)CC2	1	1	0.8162146	3	0.8948248204787708	0.7341772151898734	0.7530465315275442	0.7657913633871606	1.0	No-demo
COc1ccc(CC(C)(C)NCC(O)c2cc(O)cc3c2OCC(=O)N3)cc1	1	1	0.96011466	3	0.879626204162768	0.7	0.7298075288116379	0.7459243842600005	0.9848484848484849	No-demo
COc1ccc(CNc2nc(N3CCCC3CO)ncc2C(=O)NCc2ncccn2)cc1Cl	0	1	0.8501627	3	0.8669930568930634	0.7264150943396226	0.7388243497451983	0.7477630368083353	1.0	No-demo
COc1ccc(Cl)cc1C(=O)NCCc1ccc(S(=O)(=O)NC(=O)NC2CCCCC2)cc1	0	1	0.58103997	3	0.8754184271796568	0.7142857142857143	0.7416794046573874	0.7521693437505886	1.0	No-demo
COc1ccc(OC)c(C(O)CNC(=O)CN)c1	1	1	0.93291044	3	0.8750263840966865	0.7058823529411765	0.7160476963559484	0.7299160485430436	1.0	No-demo
COc1ccc2[nH]c(S(=O)Cc3ncc(C)c(OC)c3C)nc2c1	1	1	0.7687565	3	0.9032673949841762	0.4461538461538462	0.7084625240730974	0.7471534853409755	1.0	No-demo
COc1ccc2[nH]cc(CCNC(C)=O)c2c1	0	1	0.9467604	3	0.8819215418832227	0.625	0.6703900383985131	0.6970568088165466	1.0	No-demo
COc1ccc2c(OC3CC4C(=O)NC5(C(=O)NS(=O)(=O)C6CC6)CC5C=CCCCCN(C)C(=O)C4C3)cc(-c3nc(C(C)C)cs3)nc2c1C	1	1	0.9478607	3	0.8948435786628017	0.8017241379310345	0.8079690776772501	0.8110650747731944	0.9906542056074766	No-demo
COc1ccc2c(c1)c(CC(=O)O)c(C)n2C(=O)c1ccc(Cl)cc1	1	1	0.8294255	3	0.8784073214897152	0.6842105263157895	0.7294607731449837	0.7503997997079292	1.0	No-demo
COc1ccc2cc(C(C)C(=O)O)ccc2c1	1	1	0.75886476	3	0.8766638584985907	0.5714285714285714	0.6132922422334907	0.6621091589853165	1.0	No-demo
COc1ccc2cc(CCC(C)=O)ccc2c1	0	1	0.5683663	3	0.8772113988659919	0.6511627906976745	0.7062800491576414	0.7280176114130729	1.0	No-demo
COc1ccccc1OCC(O)CN1CCN(CC(=O)Nc2c(C)cccc2C)CC1	1	1	0.9236337	3	0.8615280012708968	0.5660377358490566	0.6455912362776383	0.6657911071027538	1.0	No-demo
COc1ccccc1OCC(O)COC(N)=O	1	1	0.80596143	3	0.8615569262604122	0.34285714285714286	0.532395404888528	0.5809469011735772	1.0	No-demo
COc1ccccc1Oc1c(NS(=O)(=O)c2ccc(C(C)(C)C)cc2)nc(-c2ncccn2)nc1OCCO	1	1	0.9308849	3	0.8803238155439048	0.696969696969697	0.7368239777314105	0.7491429216364652	1.0	No-demo
COc1nc(N)nc2c1ncn2C1OC(CO)C(O)C1O	0	1	0.83070934	3	0.8977512399586713	0.7714285714285715	0.7876969988765847	0.796165158023013	1.0	No-demo
CS(=O)(=O)OCCCCOS(C)(=O)=O	1	1	0.5590565	3	0.9420916069242474	0.7307692307692307	0.7893301645121127	0.8054748163576013	1.0	No-demo
CS(=O)(=O)c1cccc(CC(NC(=O)c2c(Cl)cc3c(c2Cl)CCN(C(=O)c2ccc4ccoc4c2)C3)C(=O)O)c1	1	1	0.8816926	3	0.8819710729329272	0.7395833333333334	0.7629580378250591	0.7715361806937353	1.0	No-demo
Cc1c(Cl)c(C)[n+]([O-])c(Cl)c1-c1noc(-c2cc(O)c(O)c([N+](=O)[O-])c2)n1	0	1	0.8474108	3	0.9177120887725262	0.7432432432432432	0.7896541790818369	0.8039793205297366	1.0	No-demo
Cc1c(O)c(=O)ccn1C	1	1	0.8063173	3	0.8937180331586466	0.7419354838709677	0.7675318336162988	0.7785594236751483	1.0	No-demo
Cc1c(OCC(F)(F)F)ccnc1CS(=O)c1nc2ccccc2[nH]1	1	1	0.73769414	3	0.8945598399702247	0.5362318840579711	0.7448729144199829	0.774475893157013	1.0	No-demo
Cc1cc(C#N)cc(C)c1Oc1nc(Nc2ccc(C#N)cc2)nc(N)c1Br	0	1	0.89223665	3	0.9149210963348116	0.75	0.7815952890983896	0.7942509373643888	1.0	No-demo
Cc1cc(C)cc(OCC2CNC(=O)O2)c1	0	1	0.5991704	3	0.8895782856570199	0.7407407407407407	0.780566448801743	0.7910550760383236	1.0	No-demo
Cc1cc(C=CC#N)cc(C)c1Nc1ccnc(Nc2ccc(C#N)cc2)n1	1	1	0.8823701	3	0.9199666761253044	0.7752808988764045	0.7865458115615465	0.7974642303560373	1.0	No-demo
Cc1cc(Nc2ncc(Cl)c(Nc3ccccc3S(=O)(=O)C(C)C)n2)c(OC(C)C)cc1C1CCNCC1	1	1	0.82239056	3	0.8873378322117154	0.75	0.7530082074423217	0.7659116786950032	1.0	No-demo
Cc1ccc(C(=O)Nc2ccc(CN3CCN(C)CC3)c(C(F)(F)F)c2)cc1C#Cc1cnc2cccnn12	1	0	0.4209341	3	0.8758430915218254	0.7307692307692307	0.7486841599561394	0.7557507121123187	0.9873417721518988	No-demo
Cc1ccc(C)c(OCCCC(C)(C)C(=O)O)c1	0	1	0.7813771	3	0.8754629854892815	0.74	0.7489607351712616	0.7533984295737335	1.0	No-demo
Cc1ccc(C2OC(CO)C(O)C(O)C2O)cc1Cc1ccc(-c2ccc(F)cc2)s1	1	1	0.90663004	3	0.9000958807105194	0.7865168539325843	0.8006684126186894	0.8063649938437636	1.0	No-demo
Cc1ccc(NC(=O)c2ccc(CN3CCN(C)CC3)cc2)cc1Nc1nccc(-c2cccnc2)n1	1	1	0.645448	3	0.8719203867482224	0.71	0.734087432032519	0.7417362979400649	1.0	No-demo
Cc1ccc(Nc2nccc(N(C)c3ccc4c(C)n(C)nc4c3)n2)cc1S(N)(=O)=O	1	1	0.9643712	3	0.8999091455691529	0.7311827956989247	0.7654705143476083	0.7783424695393375	0.9866666666666667	No-demo
Cc1ccc(S(=O)(=O)NC(=O)NN2CC3CCCC3C2)cc1	0	1	0.9375439	3	0.8801731166689657	0.6521739130434783	0.7188421647002883	0.7371009859851619	1.0	No-demo
Cc1cccc(Nc2ccncc2S(=O)(=O)NC(=O)NC(C)C)c1	1	1	0.88860255	3	0.8866767205528305	0.746268656716418	0.7541704825265155	0.7653439881714768	1.0	No-demo
Cc1cn(-c2cc(NC(=O)c3ccc(C)c(Nc4nccc(-c5cccnc5)n4)c3)cc(C(F)(F)F)c2)cn1	1	1	0.86398846	3	0.8946286568099868	0.7340425531914894	0.7537670359839199	0.7677693762774435	1.0	No-demo
Cc1cn(C2C=CC(CO)O2)c(=O)[nH]c1=O	0	1	0.8579081	3	0.9000885203091257	0.7567567567567568	0.8034005572391745	0.8134868438639393	1.0	No-demo
Cc1cn(C2CC(N=[N+]=[N-])C(CO)O2)c(=O)[nH]c1=O	1	1	0.73690087	3	0.8977183270982823	0.7710843373493976	0.8033183473853128	0.8114163790352814	1.0	No-demo
Cc1cn(C2CC(O)C(CO)O2)c(=O)[nH]c1=O	1	1	0.7544633	3	0.8884616811547653	0.7297297297297297	0.7727141432053832	0.783793613192573	1.0	No-demo
Cc1cnc(C(=O)NCCc2ccc(S(=O)(=O)NC(=O)NC3CCCCC3)cc2)cn1	1	1	0.6315201	3	0.881401665784686	0.7368421052631579	0.7508220433245404	0.7638919196724889	1.0	No-demo
Cc1nn(C)cc1S(=O)(=O)NC(=O)c1ccc(-n2ccc(OCC(C)(C)C(F)(F)F)n2)nc1N1CC(C)CC1(C)C	1	1	0.5875353	3	0.8830035517804314	0.7777777777777778	0.7875962993852902	0.7958285579335527	0.9873417721518988	No-demo
Cc1nnc(SCC2=C(C(=O)O)N3C(=O)C(NC(=O)Cn4cnnn4)C3SC2)s1	1	1	0.69689965	3	0.8906545512974847	0.6530612244897959	0.7182740350848111	0.7564101717872261	1.0	No-demo
Cc1onc(-c2c(Cl)cccc2Cl)c1C(=O)NC1C(=O)N2C1SC(C)(C)C2C(=O)O	0	1	0.9796089	3	0.8781213597650678	0.484375	0.7048416564980122	0.7356231806531507	1.0	No-demo
Cc1onc(-c2c(F)cccc2Cl)c1C(=O)NC1C(=O)N2C1SC(C)(C)C2C(=O)O	1	1	0.96608233	3	0.8772143936787407	0.5074626865671642	0.7167810183790783	0.7457118049406538	0.9863013698630136	No-demo
Cc1onc(-c2ccccc2)c1C(=O)NC1C(=O)N2C1SC(C)(C)C2C(=O)O	0	1	0.94840455	3	0.8762018442156815	0.43333333333333335	0.6621236628397755	0.7112139491313514	1.0	No-demo
Clc1ccc(COC(Cn2ccnc2)c2ccc(Cl)cc2Cl)c(Cl)c1	0	1	0.78569674	3	0.9149714262658334	0.7794117647058824	0.7973046547642104	0.8064411263130234	1.0	No-demo
Clc1ccccc1C(c1ccccc1)(c1ccccc1)n1ccnc1	0	1	0.8721971	3	0.9150878400136476	0.7954545454545454	0.7990909090909091	0.8006918034642239	1.0	No-demo
Cn1cc[nH]c1=S	1	1	0.81949294	3	0.9347430782469296	0.8108108108108109	0.8247498814604078	0.8369193234725969	1.0	No-demo
Cn1ncnc1C1c2n[nH]c(=O)c3cc(F)cc(c23)NC1c1ccc(F)cc1	0	1	0.8726061	3	0.9020726323955819	0.7555555555555555	0.7825319881089449	0.7900788756830952	1.0	No-demo
Cn1nnc2c(C(N)=O)ncn2c1=O	1	1	0.7554077	3	0.8944260620768447	0.7	0.7280088903344717	0.7501665346901542	1.0	No-demo
N#CC1CC2CC2N1C(=O)C(N)C12CC3CC(CC(O)(C3)C1)C2	1	1	0.88885593	3	0.9313599515004911	0.5967741935483871	0.7883462582490423	0.8145236442029264	1.0	No-demo
N#CCNC(=O)c1ccc(-c2ccnc(Nc3ccc(N4CCOCC4)cc3)n2)cc1	1	1	0.9885612	3	0.8790652724542707	0.6938775510204082	0.744201030587128	0.755102238979153	1.0	No-demo
N#Cc1cccc(C(NCC2CC2)c2ccc(F)c(NC(=O)c3cc(C(F)(F)F)nn3-c3cccc(CN)c3)c2)c1	1	0	0.38422287	3	0.8837634619977931	0.7407407407407407	0.7708126883058117	0.7795778179755077	0.9882352941176471	No-demo
N=C(N)NCCCC(N)C(=O)O	1	1	0.91966164	3	0.9213509482031177	0.7346938775510204	0.7596662945535126	0.7731464486585047	1.0	No-demo
N=C(N)NCCN1CCCCCCC1	1	1	0.76220804	3	0.9272917223009467	0.7333333333333333	0.7513771376621439	0.7731392803459503	1.0	No-demo
N=C1CCCN1Cc1[nH]c(=O)[nH]c(=O)c1Cl	1	1	0.8720479	3	0.9206251932594643	0.8076923076923077	0.8204752002941873	0.8275979985500673	1.0	No-demo
NC(=O)CC(N)C(=O)O	0	1	0.7602773	3	0.9271550412983344	0.7058823529411765	0.7188947245564894	0.7399587612822907	1.0	No-demo
NC(=O)CCC(N)C(=O)O	0	1	0.69131476	3	0.9238360141255534	0.6666666666666666	0.7226626882637113	0.7363373524211173	1.0	No-demo
NC(=O)NC(CCC(=O)O)C(=O)O	0	1	0.79822123	3	0.9126446423463547	0.625	0.6682981383717699	0.6844934008537517	1.0	No-demo
NC(=O)c1cn(Cc2c(F)cccc2F)nn1	0	1	0.7595871	3	0.8852393160659376	0.7407407407407407	0.755505765613739	0.7670239217077854	0.9803921568627451	No-demo
NC(=O)c1ncn(C2OC(CO)C(O)C2O)n1	1	1	0.86768126	3	0.8982981517841836	0.782608695652174	0.7936761770019183	0.8018378071183552	1.0	No-demo
NC(C(=O)NC1C(=O)N2C(C(=O)O)=C(Cl)CSC12)c1ccccc1	0	1	0.96210366	3	0.8718343713511051	0.7058823529411765	0.738145806243017	0.7489792882675119	1.0	No-demo
NC(C(=O)O)C(O)c1ccc(O)c(O)c1	1	1	0.8100698	3	0.8951051672928326	0.5294117647058824	0.617086499671639	0.6542914340901956	1.0	No-demo
NC(CC(=O)N1CCn2c(nnc2C(F)(F)F)C1)Cc1cc(F)c(F)cc1F	1	1	0.64802516	3	0.891999539288022	0.7906976744186046	0.7953415391031301	0.799516559025374	0.984375	No-demo
NC(Cc1cc(I)c(Oc2cc(I)c(O)c(I)c2)c(I)c1)C(=O)O	1	1	0.79368824	3	0.8856029271508576	0.7142857142857143	0.7489203303826066	0.7601576534228592	1.0	No-demo
NC(Cc1cc(I)c(Oc2ccc(O)c(I)c2)c(I)c1)C(=O)O	1	1	0.88044757	3	0.8883728361347316	0.7058823529411765	0.7420418920132524	0.7512744404742159	1.0	No-demo
NC(Cc1ccc(N(CCCl)CCCl)cc1)C(=O)O	1	1	0.9312746	3	0.8859754607364838	0.4634146341463415	0.5882072108398818	0.6559827580856775	1.0	No-demo
NC(Cc1ccc(O)c(O)c1)C(=O)O	1	1	0.88289285	3	0.8804126687352545	0.5263157894736842	0.5862789186665951	0.6283296724804789	1.0	No-demo
NCC(CC(=O)O)c1ccc(Cl)cc1	1	1	0.651752	3	0.8824249388780823	0.6578947368421053	0.6997729521030264	0.714478511727314	1.0	No-demo
NCC1(CC(=O)O)CCCCC1	1	1	0.6729859	3	0.9170879856303069	0.55	0.6894982078853047	0.7283599548215073	1.0	No-demo
NCCC(O)(P(=O)(O)O)P(=O)(O)O	0	1	0.8322978	3	0.9375647714070455	0.6944444444444444	0.7594582470669426	0.7827711264617813	1.0	No-demo
NCCCC(O)(P(=O)(O)O)P(=O)(O)O	1	1	0.71899366	3	0.9417405820828613	0.7027027027027027	0.7562764712764712	0.7855095201322823	1.0	No-demo
NCCCCC(N)C(=O)O	1	1	0.5340176	3	0.9226986936725432	0.575	0.6596936215957955	0.7071219271825219	1.0	No-demo
NCCCNCCSP(=O)(O)O	1	1	0.80652356	3	0.9432737834693421	0.6666666666666666	0.7661157796451914	0.7966857740206637	1.0	No-demo
NNc1nncc2ccccc12	1	1	0.8057548	3	0.9152012607417199	0.7619047619047619	0.7767496392496392	0.7909972222079139	1.0	No-demo
Nc1cccc2c1C(=O)N(C1CCC(=O)NC1=O)C2=O	1	1	0.8800861	3	0.8911417472507598	0.75	0.7590339606468639	0.7718700365653771	1.0	No-demo
Nc1cccc2c1CN(C1CCC(=O)NC1=O)C2=O	1	1	0.91455895	3	0.8969496402240248	0.7538461538461538	0.7743764813617754	0.7846874335434266	1.0	No-demo
Nc1ccn(C2CSC(CO)O2)c(=O)n1	1	1	0.74335665	3	0.8883442801060063	0.65	0.7659404302261444	0.7838196772797423	1.0	No-demo
Nc1ccn(C2OC(CO)C(O)C2(F)F)c(=O)n1	1	1	0.8981638	3	0.8919814820087146	0.6867469879518072	0.7757322828210728	0.7909847642588367	0.9818181818181818	No-demo
Nc1ccn(C2OC(CO)C(O)C2O)c(=O)n1	1	1	0.8587754	3	0.8931006808911282	0.6875	0.7706769900942833	0.786392540626649	1.0	No-demo
Nc1ccn(CC(CO)OCP(=O)(O)O)c(=O)n1	0	1	0.73567283	3	0.8986207616517068	0.7471264367816092	0.7780051995883268	0.7925984425187762	1.0	No-demo
Nc1nc(=O)c2ncn(COC(CO)CO)c2[nH]1	1	1	0.7557739	3	0.9017774740443433	0.32608695652173914	0.6693171167155485	0.7255484420691078	1.0	No-demo
Nc1nc(=O)n(C2CSC(CO)O2)cc1F	1	1	0.5430883	3	0.8953483149194728	0.775	0.7833396284137575	0.791376516710097	0.9821428571428571	No-demo
Nc1nc(Cl)nc2c1ncn2C1CC(O)C(CO)O1	1	1	0.88668364	3	0.9012464714217535	0.7727272727272727	0.7969525393305881	0.8060538474729696	1.0	No-demo
Nc1nc(Cl)nc2c1ncn2C1OC(CO)C(O)C1F	1	1	0.91607594	3	0.9101423991923381	0.7971014492753623	0.8057106124357176	0.8163963648756996	1.0	No-demo
Nc1nc(F)nc2c1ncn2C1OC(CO)C(O)C1O	1	1	0.9047075	3	0.9089695324162202	0.759493670886076	0.7920633531931325	0.8022398382252087	1.0	No-demo
Nc1nc(NC2CC2)c2ncn(C3C=CC(CO)C3)c2n1	1	1	0.76119953	3	0.9059849840986193	0.7916666666666666	0.8062943208628244	0.8174122659300331	1.0	No-demo
Nc1nc2ccc(OC(F)(F)F)cc2s1	0	1	0.76061803	3	0.9221700958050398	0.7575757575757576	0.7920719603818196	0.8085036507218651	1.0	No-demo
Nc1ncn(C2CC(O)C(CO)O2)c(=O)n1	1	1	0.7011613	3	0.8890816407068522	0.7297297297297297	0.7579702981878526	0.7759530285484488	1.0	No-demo
Nc1ncn(C2OC(CO)C(O)C2O)c(=O)n1	1	1	0.78821933	3	0.9002779567174196	0.76	0.7802040229885059	0.7952779551582234	1.0	No-demo
Nc1ncnc2c1ncn2C1OC(CO)C(O)C1O	1	1	0.86918104	3	0.9176296371932656	0.7936507936507936	0.8045418326009044	0.8158879299925769	1.0	No-demo
O=C(NCC1CCCCN1)c1cc(OCC(F)(F)F)ccc1OCC(F)(F)F	1	0	0.35186037	3	0.8786598815450305	0.7272727272727273	0.7471810411810412	0.7541769084585177	0.9821428571428571	No-demo
O=C(O)C=CC(=O)O	0	1	0.62845665	3	0.9466639879838393	0.7333333333333333	0.756750700280112	0.7778814237018571	1.0	No-demo
O=C(O)CC(O)(CC(=O)O)C(=O)O	0	1	0.72834694	3	0.930893284662762	0.65	0.7042329098608591	0.7362663289523543	1.0	No-demo
O=C(O)CC(O)(CC(=O)O)C(=O)[O-]	1	1	0.71242917	3	0.9338038664773435	0.7142857142857143	0.7389738281042628	0.7570340287731592	1.0	No-demo
O=C(O)CCNC(=O)c1ccc(N=Nc2ccc(O)c(C(=O)O)c2)cc1	1	1	0.8772346	3	0.8888071731012606	0.576271186440678	0.6702520839720287	0.7114433648679154	1.0	No-demo
O=C(O)CNC(=O)c1c(O)n(C2CCCCC2)c(=O)n(C2CCCCC2)c1=O	1	1	0.6100648	3	0.9004045334873807	0.7341772151898734	0.7641716883674088	0.7806438537038862	1.0	No-demo
O=C(O)CSc1nnc(Br)n1-c1ccc(C2CC2)c2ccccc12	1	1	0.760021	3	0.875867045778775	0.7580645161290323	0.76105080500538	0.7657630347679263	1.0	No-demo
O=C(O)O	1	1	0.573619	3	0.9442262350892596	0.625	0.6557342657342657	0.7035851222125732	1.0	No-demo
O=C(O)P(=O)(O)O	1	1	0.5631184	3	0.9473139072892607	0.6818181818181818	0.7496114996114995	0.7750847917514583	1.0	No-demo
O=C([O-])C(O)C(O)C(O)C(O)CO	1	1	0.7646157	3	0.928813381537229	0.6666666666666666	0.7347338935574229	0.7584564393806832	1.0	No-demo
O=C([O-])O	1	1	0.55845284	3	0.943850996281773	0.375	0.582032967032967	0.646663195192607	1.0	No-demo
O=C(c1ccc(F)c(F)c1Nc1ccc(I)cc1F)N1CC(O)(C2CCCCN2)C1	1	1	0.7734418	3	0.8972146274068127	0.7472527472527473	0.7748804704067861	0.7847064217782802	0.9868421052631579	No-demo
O=C1C=CC(=O)c2c1c(O)c1c(NCCNCCO)ccc(NCCNCCO)c1c2O	1	1	0.8556299	3	0.9068298451858745	0.8275862068965517	0.8313067150635209	0.834136674014486	1.0	No-demo
O=C1CCC(N2C(=O)c3ccccc3C2=O)C(=O)N1	1	1	0.8906417	3	0.8883340175352822	0.7222222222222222	0.739751813427182	0.7545739091249197	1.0	No-demo
O=C1CCc2cc(OCCCCc3nnnn3C3CCCCC3)ccc2N1	1	1	0.89698005	3	0.891031868489417	0.6153846153846154	0.7534836105741487	0.7745679149654361	0.9855072463768116	No-demo
O=C1NC(O)CCN1C1OC(CO)C(O)C1(F)F	1	1	0.9494308	3	0.9047147383734088	0.7941176470588235	0.8029814363227622	0.8067417581229781	0.9841269841269841	No-demo
O=C1OCCN1N=Cc1ccc([N+](=O)[O-])o1	1	1	0.83806515	3	0.9167059039102186	0.6451612903225806	0.7896136860891483	0.8098022161774729	1.0	No-demo
O=C1c2cccc3c2C(CCC3)CN1C1CN2CCC1CC2	1	1	0.65021354	3	0.9023433866055296	0.696969696969697	0.7426941875328972	0.7628813189221143	1.0	No-demo
O=C=O	1	1	0.6575871	3	0.9814639520558935	0.8888888888888888	0.8997668997668997	0.9135457135457136	1.0	No-demo
O=CC(F)C(O)C(O)C(O)CO	0	1	0.78249586	3	0.9341981945233633	0.8292682926829268	0.8363518578162973	0.8425034134675446	1.0	No-demo
O=P(O)(O)C(O)(Cn1ccnc1)P(=O)(O)O	1	1	0.8818406	3	0.9266980090768686	0.6341463414634146	0.77500570209322	0.8082690905084873	1.0	No-demo
O=P(O)(O)C(O)P(=O)(O)O	0	1	0.7471337	3	0.9467457855847867	0.6956521739130435	0.759399055051229	0.7877313172603028	1.0	No-demo
O=c1[nH]c(=O)n(C2CC(O)C(CO)O2)cc1C(F)(F)F	1	1	0.77670115	3	0.9002638297628441	0.775	0.7951255871920238	0.8009148786758137	0.9818181818181818	No-demo
O=c1[nH]c(O)cn1N=Cc1ccc([N+](=O)[O-])o1	1	1	0.8168661	3	0.9101771051822254	0.3137254901960784	0.7101519634742501	0.7637988868545	1.0	No-demo
O=c1[nH]cc(F)c(=O)[nH]1	1	0	0.3897559	3	0.9340075001739621	0.71875	0.7872371770165888	0.8111521189243066	1.0	No-demo
O=c1[nH]cnc2c1ncn2C1CCC(CO)O1	0	1	0.5225686	3	0.8936332256325801	0.7272727272727273	0.7559869528619528	0.7762590006919319	1.0	No-demo
OCC(O)C(O)C(O)C(O)CO	1	1	0.76261127	3	0.9540133581816769	0.7692307692307693	0.800989010989011	0.8153063435972653	1.0	No-demo
OCC1OC(O)C(O)C(O)C1O	1	1	0.77801585	3	0.9532842329952218	0.7666666666666667	0.8145455267127094	0.8372230945846595	1.0	No-demo
OCC1OC(c2ccc(Cl)c(Cc3ccc(OC4CCOC4)cc3)c2)C(O)C(O)C1O	1	1	0.9247491	3	0.8994960784310578	0.7572815533980582	0.7885948147267499	0.8029857489445712	1.0	No-demo
OCC1OC(n2cnc3c2N=CNCC3O)CC1O	0	1	0.7869882	3	0.9110785520559322	0.7837837837837838	0.8058234002997274	0.814703717832892	1.0	No-demo
C#CCC(Cc1cnc2nc(N)nc(N)c2n1)c1ccc(C(=O)NC(CCC(=O)O)C(=O)O)cc1	0	1	0.5218198	4	0.8941553121464256	0.703125	0.7553007466668723	0.7736667881281467	1.0	No-demo
C#CCN(C)C(C)Cc1ccccc1	0	1	0.9231949	4	0.9001580086752479	0.5757575757575758	0.6644356008788292	0.6963913724515639	1.0	No-demo
C#CCNC1CCc2ccccc21	1	1	0.676116	4	0.8945881016687998	0.7142857142857143	0.733984289795047	0.7471811853199299	1.0	No-demo
C1=CCOCc2cc(ccc2OCCN2CCCC2)Nc2nccc(n2)-c2cccc(c2)COC1	1	1	0.8839144	4	0.8938387686254157	0.7448979591836735	0.7597376393730354	0.7675375665797148	1.0	No-demo
C=C1CC2C(CCC3(C)C(=O)CCC23)C2(C)C=CC(=O)C=C12	1	0	0.35623923	4	0.9018062811252633	0.5555555555555556	0.6464910130718955	0.6781097797250217	1.0	No-demo
C=CCN1CC(C(=O)N(CCCN(C)C)C(=O)NCC)CC2c3cccc4[nH]cc(c34)CC21	1	1	0.7544516	4	0.8913608181778574	0.7640449438202247	0.7830969212406351	0.7926161394510519	1.0	No-demo
CC#CC1(O)CCC2C3=C(C4=C(CC3)CC(=O)CC4)C(c3ccc(N(C)C)cc3)CC21C	1	1	0.6393549	4	0.9042141700017188	0.25396825396825395	0.6176214653007903	0.6832349049415005	1.0	No-demo
CC#CCC(C)C(O)C=CC1C(O)CC2CC(=CCCCC(=O)O)CC21	1	0	0.32122856	4	0.9010548753976814	0.7176470588235294	0.7736305753765078	0.7895649188020832	0.9846153846153847	No-demo
CC(=O)N(CC(O)CO)c1c(I)c(C(=O)NCCO)c(I)c(C(=O)NCC(O)CO)c1I	1	1	0.9567215	4	0.9161668953312913	0.7543859649122807	0.8010419864571089	0.8124054870137282	1.0	No-demo
CC(=O)NCC1CN(c2ccc(N3CCOCC3)c(F)c2)C(=O)O1	1	1	0.86122996	4	0.8705858141117198	0.7349397590361446	0.7522118012523884	0.7600694865950484	0.9846153846153847	No-demo
CC(=O)NS(=O)(=O)c1ccc(N)cc1	0	1	0.8797625	4	0.8904063213072261	0.575	0.6412338947063649	0.6857383059828165	1.0	No-demo
CC(=O)OCC(=O)C1(O)C(C)CC2C3CC=C4CC(=O)C=CC4(C)C3(F)C(O)CC21C	1	0	0.32850608	4	0.8951207387220783	0.5256410256410257	0.5924908424908425	0.641026395492186	0.9855072463768116	No-demo
CC(=O)OCC(=O)C12OC(C)(C)OC1CC1C3CC(F)C4=CC(=O)C=CC4(C)C3(F)C(O)CC12C	0	1	0.6286398	4	0.8993922529256129	0.6451612903225806	0.6946906062844407	0.7232086282312076	0.9863013698630136	No-demo
CC(C)(C#N)c1cc(Cn2cncn2)cc(C(C)(C)C#N)c1	1	0	0.28851193	4	0.9220256926147992	0.703125	0.7327727359406422	0.7702733341247853	1.0	No-demo
CC(C)(C(=O)O)c1ccc(C(O)CCCN2CCC(C(O)(c3ccccc3)c3ccccc3)CC2)cc1	1	1	0.8049825	4	0.8637782737529522	0.6285714285714286	0.675889998427223	0.7045160392589417	0.9818181818181818	No-demo
CC(C)(C(=O)c1cccnc1)c1cccnc1	0	1	0.5878424	4	0.8934083437316607	0.4375	0.6766838307401415	0.7163881459174123	1.0	No-demo
CC(C)(C)C(NC(=O)C(F)(F)F)C(=O)N1CC2C(C1C(=O)NC(C#N)CC1CCNC1=O)C2(C)C	1	1	0.7688936	4	0.8993906755599133	0.797979797979798	0.8050515770712815	0.8127146571674281	0.989010989010989	No-demo
CC(C)(C)NC(=O)C1CC2CCCCC2CN1CC(O)C(Cc1ccccc1)NC(=O)C(CC(N)=O)NC(=O)c1ccc2ccccc2n1	0	1	0.6811398	4	0.8829550046696572	0.5051546391752577	0.6642346407750975	0.7025823782310909	0.9879518072289156	No-demo
CC(C)(C)NC(=O)NC(C(=O)N1CC2C(C1C(=O)NC(CC1CCC1)C(=O)C(N)=O)C2(C)C)C(C)(C)C	1	1	0.5299133	4	0.9041880856809131	0.7766990291262136	0.7904036512131686	0.798481978630292	0.9878048780487805	No-demo
CC(C)(C)NCC(O)COc1cccc2c1CC(O)C(O)C2	1	1	0.9120611	4	0.8806394765451493	0.6	0.6434995496601982	0.6749757243336725	1.0	No-demo
CC(C)(C)NCC(O)COc1cccc2c1CCC(=O)N2	1	1	0.95362204	4	0.8746968037493505	0.6379310344827587	0.6626691575634845	0.6872091142708131	0.9818181818181818	No-demo
CC(C)(C)NCC(O)COc1cccc2c1CCCC2=O	1	1	0.8328154	4	0.8753368410984854	0.6071428571428571	0.6440147243107769	0.670822245911944	0.9814814814814815	No-demo
CC(C)(C)c1ccc(C(=O)CCCN2CCC(OC(c3ccccc3)c3ccccc3)CC2)cc1	1	1	0.7915695	4	0.8611666913543581	0.5074626865671642	0.6266382712826962	0.6619640501668979	0.9818181818181818	No-demo
CC(C)(CO)c1cc2cc(NC(=O)C3(c4ccc5c(c4)OC(F)(F)O5)CC3)c(F)cc2n1CC(O)CO	1	0	0.42632663	4	0.8894539328616217	0.7864077669902912	0.8053716614183534	0.8109308880659051	0.9864864864864865	No-demo
CC(C)(O)c1ccccc1CCC(SCC1(CC(=O)O)CC1)c1cccc(C=Cc2ccc3ccc(Cl)cc3n2)c1	1	1	0.75002086	4	0.8844709730809049	0.7608695652173914	0.7773821426819889	0.7858378417761318	0.9878048780487805	No-demo
CC(C)C(=O)OCC(=O)C12OC(C3CCCCC3)OC1CC1C3CC=C4CC(=O)C=CC4(C)C3C(O)CC12C	1	1	0.51818615	4	0.8940045354258278	0.4166666666666667	0.5030664133046676	0.5839239059598567	1.0	No-demo
CC(C)CC(N(C)C)C1(c2ccc(Cl)cc2)CCC1	1	1	0.83394015	4	0.9041209854259892	0.7692307692307693	0.775116928294995	0.7809379438045649	1.0	No-demo
CC(C)CC(NC(=O)C(CCc1ccccc1)NC(=O)CN1CCOCC1)C(=O)NC(Cc1ccccc1)C(=O)NC(CC(C)C)C(=O)C1(C)CO1	1	1	0.94418716	4	0.8699718102059686	0.6571428571428571	0.6882435202348237	0.69827138858412	0.9866666666666667	No-demo
CC(C)CC(NC(=O)C(Cc1ccccc1)NC(=O)c1cnccn1)B(O)O	1	1	0.8656771	4	0.8797004155500608	0.671875	0.7054754273504275	0.7176526817353291	1.0	No-demo
CC(C)CC(NC(=O)CNC(=O)c1cc(Cl)ccc1Cl)B(O)O	1	1	0.72765625	4	0.8794822467917318	0.7192982456140351	0.7375040977972358	0.7476953401953594	1.0	No-demo
CC(C)CC1C(=O)N2CCCC2C2(O)OC(NC(=O)C3C=C4c5cccc6[nH]c(Br)c(c56)CC4N(C)C3)(C(C)C)C(=O)N12	1	1	0.88591194	4	0.8834276342115286	0.7627118644067796	0.7832145108929435	0.7893441511866166	1.0	No-demo
CC(C)CN(CC(O)C(Cc1ccccc1)NC(=O)OC1COC2OCCC12)S(=O)(=O)c1ccc(N)cc1	1	1	0.9625444	4	0.8802948598091148	0.7195121951219512	0.7587643319611495	0.7680990474719566	1.0	No-demo
CC(C)CN(CC(OP(=O)(O)O)C(Cc1ccccc1)NC(=O)OC1CCOC1)S(=O)(=O)c1ccc(N)cc1	0	1	0.979491	4	0.8801167546735361	0.7411764705882353	0.7632761191306447	0.7691550944711008	1.0	No-demo
CC(C)COc1ccc(CNC(=O)N(Cc2ccc(F)cc2)C2CCN(C)CC2)cc1	1	1	0.974874	4	0.8626024530911869	0.676056338028169	0.7041763879003271	0.7150328245399784	0.9830508474576272	No-demo
CC(C)NC(=O)COc1cccc(-c2nc(Nc3ccc4[nH]ncc4c3)c3ccccc3n2)c1	1	1	0.80724496	4	0.8754580207144085	0.7362637362637363	0.7478861645406033	0.7546346180481046	1.0	No-demo
CC(C)NCC(C(=O)N1CCN(c2ncnc3c2C(C)CC3O)CC1)c1ccc(Cl)cc1	1	1	0.9526011	4	0.8747698552099648	0.7441860465116279	0.7525242689982841	0.7591437638408561	1.0	No-demo
CC(C)OC(=O)CCCC=CCC1C(O)CC(O)C1C=CC(F)(F)COc1ccccc1	0	1	0.75193924	4	0.8772323887522938	0.47297297297297297	0.6642315885317672	0.7158406586043238	0.9855072463768116	No-demo
CC(C)OC(=O)CCCC=CCC1C(O)CC(O)C1C=CC(O)COc1cccc(C(F)(F)F)c1	1	1	0.7193697	4	0.8813674858772296	0.5308641975308642	0.6746816611363282	0.724953975342227	0.9866666666666667	No-demo
CC(C)Oc1ccc(-c2nc(-c3cccc4c3CCC4NCCO)no2)cc1C#N	1	1	0.90389603	4	0.8899536940953887	0.7821782178217822	0.7917943944992968	0.7991977262323646	0.9863013698630136	No-demo
CC(C)Oc1ccc(-c2nn(C(C)c3oc4ccc(F)cc4c(=O)c3-c3cccc(F)c3)c3ncnc(N)c23)cc1F	0	1	0.9670754	4	0.9018334230600439	0.7425742574257426	0.757704781928455	0.7731427166816137	0.9883720930232558	No-demo
CC(C)[N+]1(C)C2CCC1CC(OC(=O)C(CO)c1ccccc1)C2	1	1	0.8440142	4	0.8621834036376661	0.6885245901639344	0.7095740293136629	0.7233938088155707	1.0	No-demo
CC(C)c1nc(CN(C)C(=O)NC(C(=O)NC(Cc2ccccc2)CC(O)C(Cc2ccccc2)NC(=O)OCc2cncs2)C(C)C)cs1	1	1	0.8994951	4	0.8921192928660072	0.375	0.6833614683909782	0.7288240975767145	1.0	No-demo
CC(COc1ccccc1)N(CCCl)Cc1ccccc1	1	1	0.9734293	4	0.892539338391871	0.7037037037037037	0.7182733187696319	0.7283297918239121	1.0	No-demo
CC(CS)C(=O)N1CCCC1C(=O)O	0	1	0.77574456	4	0.8981909270876425	0.5272727272727272	0.6455059065228557	0.6851980331808454	1.0	No-demo
CC(Cn1ccc(-c2ccc(C#N)c(Cl)c2)n1)NC(=O)c1cc(C(C)O)[nH]n1	1	1	0.707626	4	0.8858915463361898	0.7608695652173914	0.7756082564778216	0.7854062835596262	1.0	No-demo
CC(O)(CS(=O)(=O)c1ccc(F)cc1)C(=O)Nc1ccc(C#N)c(C(F)(F)F)c1	1	1	0.8771523	4	0.8850341428291449	0.7230769230769231	0.7407481298876071	0.7534960618234804	1.0	No-demo
CC(O)C(=O)Nc1c(I)c(C(=O)NC(CO)CO)c(I)c(C(=O)NC(CO)CO)c1I	1	1	0.8589089	4	0.9094818458558084	0.6444444444444445	0.7272049969413052	0.751867416168037	1.0	No-demo
CC(O)C(O)C1CNc2[nH]c(N)nc(=O)c2N1	1	1	0.8116434	4	0.8975953318703969	0.75	0.7582171765874754	0.7734660000464976	1.0	No-demo
CC(Oc1cc(-c2cnn(C3CCNCC3)c2)cnc1N)c1c(Cl)ccc(F)c1Cl	1	1	0.87153137	4	0.8990494734936698	0.7524752475247525	0.7816285031123785	0.7907534864745025	1.0	No-demo
CC12C=CC(=O)C=C1C(F)CC1C3CC(O)C(O)(C(=O)CO)C3(C)CC(O)C12F	0	0	0.41767526	4	0.8995897205727211	0.6133333333333333	0.6462105263157895	0.6850954210030947	0.9850746268656716	No-demo
CC12C=CC(=O)C=C1CCC1C3CC(O)C(O)(C(=O)CO)C3(C)CC(O)C12F	1	0	0.39210722	4	0.8952892518275671	0.5072463768115942	0.5772609142561496	0.6274200846396599	0.9850746268656716	No-demo
CC12CC3CC(C)(C1)CC(N)(C3)C2	1	1	0.54352903	4	0.9436812129642749	0.8444444444444444	0.8498831659534268	0.8541465467586801	1.0	No-demo
CC1C(c2c(F)ccc(F)c2F)CC(NC(=O)c2cnc3c(c2)CC2(C3)C(=O)Nc3ncccc32)C(=O)N1CC(F)(F)F	0	1	0.89359474	4	0.879689796840229	0.7747747747747747	0.7845474857254799	0.7890721150056467	0.9875	No-demo
CC1C(c2ccccc2)CC(NC(=O)c2cnc3c(c2)CC2(C3)C(=O)Nc3ncccc32)C(=O)N1CC(F)(F)F	0	1	0.92208064	4	0.8740254105850662	0.7685185185185185	0.7761231714908186	0.7810574445459629	0.9876543209876543	No-demo
CC1CC(=O)NN=C1c1ccc(NN=C(C#N)C#N)cc1	1	1	0.9381331	4	0.8939882136225844	0.7875	0.8014808382337119	0.809535639014935	1.0	No-demo
CC1CC2C3CC(F)C4=CC(=O)C=CC4(C)C3(F)C(O)CC2(C)C1(O)C(=O)SCF	1	0	0.38021556	4	0.9050287574533646	0.654320987654321	0.7242013505738996	0.7512250503551948	0.9861111111111112	No-demo
CC1CC2C3CC(F)C4=CC(=O)C=CC4(C)C3(F)C(O)CC2(C)C1(OC(=O)c1ccco1)C(=O)SCF	0	1	0.7266471	4	0.8984819702575171	0.71875	0.769783306033306	0.7822300000391398	0.9876543209876543	No-demo
CC1CC2C3CC=C4CC(=O)C=CC4(C)C3(Cl)C(O)CC2(C)C1(O)C(=O)CCl	1	0	0.25488797	4	0.902438521742819	0.6463414634146342	0.6642256897233305	0.6933789712128223	1.0	No-demo
CC1CC2C3CC=C4CC(=O)C=CC4(C)C3(Cl)C(O)CC2(C)C1(OC(=O)c1ccco1)C(=O)CCl	1	0	0.4651264	4	0.8958087667219242	0.673469387755102	0.7014017983430996	0.7328364744883012	1.0	No-demo
CC1CC2C3CC=C4CC(=O)C=CC4(C)C3(F)C(O)CC2(C)C1(O)C(=O)CCl	1	0	0.34713647	4	0.9000046069844341	0.5789473684210527	0.6474165950399091	0.6768225882606066	0.9855072463768116	No-demo
CC1CC2C3CC=C4CC(=O)C=CC4(C)C3(F)C(O)CC2(C)C1(O)C(=O)CO	1	0	0.35507894	4	0.8990830064384241	0.5675675675675675	0.6176074377828764	0.6457867924468947	0.9855072463768116	No-demo
CC1CC2C3CC=C4CC(=O)C=CC4(C)C3(F)C(O)CC2(C)C1C(=O)CO	0	0	0.3965458	4	0.9002293781326121	0.6052631578947368	0.6703005954336528	0.6949086001658284	0.9855072463768116	No-demo
CC1Oc2cc(cnc2N)-c2c(nn(C)c2C#N)CN(C)C(=O)c2ccc(F)cc21	1	1	0.9369368	4	0.9035568066122641	0.7857142857142857	0.7965670622342943	0.8027886199106167	1.0	No-demo
CCC(=C(c1ccccc1)c1ccc(OCCN(C)C)cc1)c1ccccc1	1	1	0.88017493	4	0.88994396132543	0.45652173913043476	0.5964080160876499	0.6606775142140184	1.0	No-demo
CCC(=O)C(CC(C)N(C)C)(c1ccccc1)c1ccccc1	1	1	0.8580759	4	0.8698356389622197	0.6153846153846154	0.6859617859617859	0.7107457781216646	1.0	No-demo
CCC(=O)OC(Cc1ccccc1)(c1ccccc1)C(C)CN(C)C	1	1	0.8576263	4	0.8750751685158115	0.7045454545454546	0.7210242565405609	0.7280399408739644	1.0	No-demo
CCC(=O)OC1(C(=O)CCl)C(C)CC2C3CC=C4CC(=O)C=CC4(C)C3(F)C(O)CC21C	0	0	0.24005449	4	0.8974190055235818	0.6309523809523809	0.6637597617231485	0.6965136542592378	0.9859154929577465	No-demo
CCC(=O)OC1(C(=O)SCF)C(C)CC2C3CC(F)C4=CC(=O)C=CC4(C)C3(F)C(O)CC21C	1	0	0.3770198	4	0.9024735000483456	0.6966292134831461	0.757944469493472	0.7725566299890027	0.9864864864864865	No-demo
CCC(=O)OCC(=O)C1(OC(=O)CC)C(C)CC2C3CC=C4CC(=O)C=CC4(C)C3(Cl)C(O)CC21C	1	0	0.15376914	4	0.8977131741865723	0.6363636363636364	0.66504305310272	0.6981407173069287	1.0	No-demo
CCC(C)(C)C(=O)OC1CC(C)C=C2C=CC(C)C(CCC3CC(O)CC(=O)O3)C21	1	1	0.5767952	4	0.9015461498772628	0.813953488372093	0.819201201674144	0.821800419111778	0.9850746268656716	No-demo
CCC(C)C(=O)OC1CC(C)C=C2C=CC(C)C(CCC3CC(O)CC(=O)O3)C21	0	1	0.77507293	4	0.8952161798098187	0.7640449438202247	0.7882128669546382	0.8002686191131859	0.9852941176470589	No-demo
CCC(C)C(=O)OC1CC(O)C=C2C=CC(C)C(CCC(O)CC(O)CC(=O)O)C21	1	1	0.6578502	4	0.8945201341927719	0.7272727272727273	0.7632135642135641	0.777260495378775	0.9852941176470589	No-demo
CCC(CO)NC(=O)C1C=C2c3cccc4[nH]cc(c34)CC2N(C)C1	1	1	0.9377497	4	0.8804971496967675	0.7578947368421053	0.7775106545845979	0.7833623694560807	1.0	No-demo
CCC(CO)NC(=O)C1C=C2c3cccc4c3c(cn4C)CC2N(C)C1	1	1	0.8420073	4	0.8767880733735872	0.7631578947368421	0.7722739852454243	0.7764281116080022	1.0	No-demo
CCC(c1cccc(O)c1)C(C)CN(C)C	1	1	0.9249577	4	0.8952317643748053	0.5952380952380952	0.6807065351539745	0.7082182805136416	1.0	No-demo
CCC=CCC=CCC=CCC=CCC=CCCCC(=O)OCC	1	0	0.22804497	4	0.9038812056619256	0.6904761904761905	0.7259195382451196	0.754366631087475	1.0	No-demo
CCCC(=O)OC1(C(=O)COC(C)=O)CCC2C3CC(F)C4=CC(=O)C=CC4(C)C3(F)C(O)CC21C	0	1	0.64802456	4	0.8955331935671997	0.6162790697674418	0.6663755311157586	0.6870628685601546	0.987012987012987	No-demo
CCCC(NC(=O)C1C2CCCC2CN1C(=O)C(NC(=O)C(NC(=O)c1cnccn1)C1CCCCC1)C(C)(C)C)C(=O)C(=O)NC1CC1	1	1	0.6968799	4	0.9008125358675522	0.71875	0.7441980955937267	0.7700551158496235	0.9880952380952381	No-demo
CCCC(NC1CCc2cc(F)cc(F)c2C1)C(=O)Nc1cn(C(C)(C)CNCC(C)(C)C)cn1	0	1	0.55991554	4	0.8837806936114442	0.7472527472527473	0.7768935550383553	0.7831811043240504	0.9859154929577465	No-demo
CCCC1CC(C(=O)NC(C(C)Cl)C2OC(SC)C(O)C(O)C2O)N(C)C1	1	1	0.9133618	4	0.9003180788773567	0.7681159420289855	0.7792152116712728	0.7856698765771851	0.9857142857142858	No-demo
CCCC1CC(C(=O)NC(C(C)O)C2OC(SC)C(O)C(O)C2O)N(C)C1	1	1	0.82826704	4	0.903614860093322	0.7611940298507462	0.7734338553793347	0.7831738473037647	1.0	No-demo
CCCCC(=O)N(Cc1ccc(-c2ccccc2-c2nn[nH]n2)cc1)C(C(=O)O)C(C)C	1	1	0.9358255	4	0.8759357445333041	0.7272727272727273	0.7465011116702005	0.7583857515548071	1.0	No-demo
CCCCC(C)(O)CC=CC1C(O)CC(=O)C1CCCCCCC(=O)OC	1	0	0.39999306	4	0.8899412019254327	0.7228915662650602	0.7427148814134789	0.756344224823387	0.9836065573770492	No-demo
CCCCC(F)(F)C1(O)CCC2C(CC(=O)C2CCCCCCC(=O)O)O1	1	1	0.5525539	4	0.8974604868343359	0.7313432835820896	0.7567748126671703	0.7664658572997758	0.9871794871794872	No-demo
CCCCC1=NC2(CCCC2)C(=O)N1Cc1ccc(-c2ccccc2-c2nn[nH]n2)cc1	1	1	0.9106731	4	0.8886431579539757	0.7571428571428571	0.7865301316287481	0.7971810186293579	1.0	No-demo
CCCCCC(C)(O)C=CC1C(O)CC(O)C1CC=CCCCC(=O)O	1	0	0.27320522	4	0.9042343015591693	0.5633802816901409	0.7261946139994733	0.7634792352191189	0.9864864864864865	No-demo
CCCCCC(O)C=CC1C(O)CC(=O)C1CC=CCCCC(=O)O	1	0	0.20027222	4	0.8900253440729962	0.5694444444444444	0.7170562496568257	0.7482111151480809	1.0	No-demo
CCCCCC(O)C=CC1C(O)CC(=O)C1CCCCCCC(=O)O	1	0	0.2884299	4	0.8852614305330971	0.6842105263157895	0.7146679331187598	0.7334981809740012	1.0	No-demo
CCCCCC(O)C=CC1C(O)CC2OC(=CCCCC(=O)O)CC21	1	0	0.36150712	4	0.8933155147710958	0.6363636363636364	0.7486297672638649	0.7722798007626197	1.0	No-demo
CCCCCC(O)CCC1C(O)CC2Cc3c(cccc3OCC(=O)O)CC21	1	1	0.7768235	4	0.8749243502441306	0.6666666666666666	0.7332886572350459	0.7433191772447684	0.984375	No-demo
CCCCCCCC(=O)NC(CN1CCCC1)C(O)c1ccc2c(c1)OCCO2	1	1	0.6481855	4	0.8774205139338714	0.7368421052631579	0.7477907183499288	0.7603839452731619	1.0	No-demo
CCCCCN=C(N)NN=Cc1c[nH]c2ccc(OC)cc12	1	1	0.87626886	4	0.901322000335998	0.625	0.7448707797224466	0.7627209737496776	1.0	No-demo
CCCCN1CCCCC1C(=O)Nc1c(C)cccc1C	1	1	0.5233492	4	0.8616754143220616	0.3111111111111111	0.6112872975277067	0.6640133598128024	1.0	No-demo
CCCCNc1ccc(C(=O)OCCN(C)C)cc1	0	1	0.96225315	4	0.8777132198687808	0.6774193548387096	0.716418115908778	0.7319332173813016	1.0	No-demo
CCCCNc1ccc(C(=O)OCCOCCOCCOCCOCCOCCOCCOCCOCCOC)cc1	1	1	0.89732265	4	0.8768994903681573	0.6557377049180327	0.7112982001173165	0.7256135586678326	1.0	No-demo
CCCC[N+]1(C)C2CC(OC(=O)C(CO)c3ccccc3)CC1C1OC12	1	1	0.8851523	4	0.8684426304857341	0.6417910447761194	0.7023871239414214	0.7249943757989609	1.0	No-demo
CCCCc1nc(Cl)c(CO)n1Cc1ccc(-c2ccccc2-c2nn[nH]n2)cc1	1	1	0.8729081	4	0.8999203748165187	0.7878787878787878	0.7959225652042816	0.803713255721838	1.0	No-demo
CCCN(CCC)S(=O)(=O)c1ccc(C(=O)O)cc1	1	1	0.84260917	4	0.8762559939663437	0.65625	0.7091592338689863	0.7240339904969297	1.0	No-demo
CCCN1CC(CSC)CC2c3cccc4[nH]cc(c34)CC21	1	1	0.8542049	4	0.905082915558185	0.7794117647058824	0.7930882912738753	0.799028544248795	1.0	No-demo
CCCN1CCCCC1C(=O)Nc1c(C)cccc1C	1	0	0.47641897	4	0.8600095461968982	0.27906976744186046	0.5966688028908196	0.6537021148988519	1.0	No-demo
CCCN=C1SC(=Cc2ccc(OCC(O)CO)c(Cl)c2)C(=O)N1c1ccccc1C	1	1	0.78428805	4	0.8924266234666344	0.7582417582417582	0.7627738927738927	0.7748137456920268	1.0	No-demo
CCCNC1CCc2nc(N)sc2C1	1	1	0.6828058	4	0.9179665162070932	0.8095238095238095	0.8280272743425728	0.8330292885683316	1.0	No-demo
CCCOc1ccc(C(=O)OCCN(CC)CC)cc1N	0	1	0.8186295	4	0.8827174621000718	0.6607142857142857	0.6754200183280725	0.7130482592966133	1.0	No-demo
CCCc1nc(C(C)(C)O)c(C(=O)O)n1Cc1ccc(-c2ccccc2-c2nn[nH]n2)cc1	1	1	0.85296607	4	0.880683836409888	0.7362637362637363	0.7625005671278977	0.7729650125412538	0.984375	No-demo
CCCc1nc2c(C)cc(-c3nc4ccccc4n3C)cc2n1Cc1ccc(-c2ccccc2C(=O)O)cc1	1	1	0.54349494	4	0.8832135801088155	0.7228915662650602	0.758292050496161	0.7690469759472741	1.0	No-demo
CCN(C)C(=O)Oc1cccc(C(C)N(C)C)c1	1	1	0.94708604	4	0.8738007298027605	0.5957446808510638	0.6898158529369194	0.7135204535346846	1.0	No-demo
CCN(CC)C(=S)SSC(=S)N(CC)CC	0	1	0.7231605	4	0.9451641885868453	0.7777777777777778	0.8183524437749485	0.8309106863414895	1.0	No-demo
CCN(CC)CC#CCOC(=O)C(O)(c1ccccc1)C1CCCCC1	1	0	0.46071023	4	0.8700196623386622	0.6833333333333333	0.7237546802735804	0.73810289585138	0.9803921568627451	No-demo
CCN(CC)CCNC(=O)c1ccc(N)cc1	1	1	0.9350878	4	0.8792199509410272	0.5306122448979592	0.6263013168106336	0.6733776296163272	1.0	No-demo
CCN(CC)CCOC(=O)c1ccc(N)cc1	1	1	0.84345114	4	0.8802299791059718	0.625	0.6675609693694801	0.7002630823766748	1.0	No-demo
CCN(CC)CCOC(=O)c1ccc(N)cc1Cl	1	1	0.68974775	4	0.878614028165854	0.6	0.6745516313564589	0.7095294234833054	1.0	No-demo
CCN(c1cc(-c2ccc(CN3CCOCC3)cc2)cc(C(=O)NCc2c(C)cc(C)[nH]c2=O)c1C)C1CCOCC1	1	1	0.74766743	4	0.8829009406215218	0.7567567567567568	0.7698014620989093	0.775865498128603	1.0	No-demo
CCN1C(=O)N(c2c(F)c(OC)cc(OC)c2F)Cc2cnc3[nH]c(CN4CCOCC4)cc3c21	0	1	0.8406442	4	0.8976415006226435	0.7291666666666666	0.75470263863121	0.769424589975924	1.0	No-demo
CCOC(=O)C1(c2ccccc2)CCN(C)CC1	1	1	0.82474643	4	0.8458536074516996	0.6440677966101694	0.6755992736077481	0.6870852043003143	1.0	No-demo
CCOC(=O)C1(c2ccccc2)CCN(CCC(C#N)(c2ccccc2)c2ccccc2)CC1	0	1	0.65911585	4	0.8640914066620694	0.6376811594202898	0.6976420212353717	0.720950734058151	0.9814814814814815	No-demo
CCOC(=O)C1=C(C)N=C(C)C(C(=O)OC)C1c1cccc(Cl)c1Cl	1	1	0.9055696	4	0.8628538709176504	0.2037037037037037	0.4737601345329612	0.5641554546432823	1.0	No-demo
CCOC(=O)C1=C(COCCN)N=C(C)C(C(=O)OC)C1c1ccccc1Cl	1	1	0.8842396	4	0.8720708672357501	0.5	0.6127510979912161	0.6666484006464408	1.0	No-demo
CCOC(=O)C1=CC(OC(CC)CC)C(NC(C)=O)C(N)C1	1	1	0.83243644	4	0.8786216789647138	0.7164179104477612	0.7391746533327361	0.7486724232046914	0.9791666666666666	No-demo
CCOC(=O)NC1CCC2C(C1)CC1C(=O)OC(C)C1C2C=Cc1ccc(-c2cccc(F)c2)cn1	1	1	0.8295452	4	0.8784666854862524	0.7475728155339806	0.7789318858209583	0.7861094476792947	0.9876543209876543	No-demo
CCOC(=O)Nc1ccc(NCc2ccc(F)cc2)cc1N	0	1	0.8335514	4	0.8759054831220879	0.7	0.7278084007331176	0.7430598465066726	1.0	No-demo
CCOC(=O)c1ccc(C#Cc2ccc3c(c2)C(C)(C)CCS3)nc1	0	0	0.48251364	4	0.8791314248637057	0.7294117647058823	0.7642828544210181	0.7796459385082257	1.0	No-demo
CCOC(=O)c1ccc(N)cc1	1	1	0.670209	4	0.8704708982246954	0.6666666666666666	0.7259213250517599	0.7352647128177967	1.0	No-demo
CCOC(=O)c1cncn1C(C)c1ccccc1	1	1	0.915823	4	0.8571278269036555	0.6521739130434783	0.6920677978837713	0.7057775875527452	1.0	No-demo
CCOC(=O)c1ncn2c1CN(C)C(=O)c1cc(F)ccc1-2	1	1	0.5729613	4	0.8711177446865234	0.7471264367816092	0.7553470100392842	0.7633259951725802	0.9818181818181818	No-demo
CCOCCn1c(C2CCN(CCc3ccc(C(C)(C)C(=O)O)cc3)CC2)nc2ccccc21	1	1	0.70372754	4	0.8709501539255781	0.6142857142857143	0.7131694479449091	0.7314706274947473	0.9852941176470589	No-demo
CCOc1cc2ncc(C#N)c(Nc3ccc(OCc4ccccn4)c(Cl)c3)c2cc1NC(=O)C=CCN(C)C	1	1	0.8831992	4	0.8928294324846086	0.5794392523364486	0.6688721210986192	0.7105676242035714	1.0	No-demo
CCOc1ccccc1OCC1CNCCO1	0	1	0.7813777	4	0.8947386798056169	0.42857142857142855	0.6937263794406652	0.7341969076329486	1.0	No-demo
CCOc1ccccc1OCCNC(C)Cc1ccc(OC)c(S(N)(=O)=O)c1	1	1	0.9472565	4	0.8864191309670029	0.6511627906976745	0.7022907626050927	0.7151783097973821	1.0	No-demo
CCOc1nc2cccc(C(=O)O)c2n1Cc1ccc(-c2ccccc2-c2nn[nH]n2)cc1	1	1	0.81985605	4	0.8743522320869882	0.75	0.7579036389330508	0.7634172853780696	1.0	No-demo
CCOc1nc2cccc(C(=O)OC(C)OC(=O)OC3CCCCC3)c2n1Cc1ccc(-c2ccccc2-c2nn[nH]n2)cc1	1	1	0.77040976	4	0.8782722715979127	0.7545454545454545	0.7729484623468847	0.7785860615720014	1.0	No-demo
CCOc1nc2cccc(C(=O)OCc3oc(=O)oc3C)c2n1Cc1ccc(-c2ccccc2-c2nc(=O)o[nH]2)cc1	0	1	0.7980301	4	0.8855271360908167	0.7767857142857143	0.793079550419	0.7987247107935579	1.0	No-demo
CCS(=O)(=O)CCn1c([N+](=O)[O-])cnc1C	0	1	0.79557437	4	0.909818339120668	0.7704918032786885	0.7980260257656688	0.8057314243700366	1.0	No-demo
CN(C)C(=O)C(CCN1CCC(O)(c2ccc(Cl)cc2)CC1)(c1ccccc1)c1ccccc1	1	1	0.5602282	4	0.8684585187353101	0.5483870967741935	0.6737698563296287	0.697343233405852	0.98	No-demo
CN(C)CCC(c1ccc(Br)cc1)c1ccccn1	1	1	0.98446864	4	0.900123896411552	0.6666666666666666	0.7160509324157852	0.7351924231245877	1.0	No-demo
CN(C)CCC(c1ccc(Cl)cc1)c1ccccn1	1	1	0.9807031	4	0.8923989033606905	0.640625	0.6920347744360902	0.7099063888366328	1.0	No-demo
CN(C)CCC(c1ccccc1)c1ccccn1	0	1	0.98452663	4	0.8943505048822654	0.6595744680851063	0.6988920137147041	0.7167317138554307	1.0	No-demo
CN(C)CCC=C1c2ccccc2C=Cc2ccccc21	1	1	0.7644433	4	0.914834363398977	0.6428571428571429	0.7066666666666668	0.7407031855369682	1.0	No-demo
CN(C)CCC=C1c2ccccc2CCc2ccccc21	1	1	0.75118846	4	0.9042738201540289	0.3888888888888889	0.5912187646014391	0.6597009594889441	1.0	No-demo
CN(C)CCC=C1c2ccccc2COc2ccc(CC(=O)O)cc21	1	1	0.6313778	4	0.8797938102150544	0.6666666666666666	0.7148737211480145	0.7381963327332722	1.0	No-demo
CN(C)CCC=C1c2ccccc2COc2ccccc21	1	1	0.8012527	4	0.9097344350308352	0.5681818181818182	0.6891297846889952	0.7281122884867133	1.0	No-demo
CN(C)CCOC(=O)C(c1ccccc1)C1(O)CCCC1	1	1	0.94195116	4	0.8598952037453552	0.6226415094339622	0.6647601393026099	0.6892047257634082	1.0	No-demo
CN(C)CCOC(C)(c1ccccc1)c1ccccn1	1	1	0.8966091	4	0.8999701655680062	0.6111111111111112	0.7051906630310496	0.7346713064875556	1.0	No-demo
CN(C)CCOC(c1ccc(Cl)cc1)c1ccccn1	1	1	0.9620547	4	0.9003469180412969	0.59375	0.6856277315851188	0.7138706718398296	1.0	No-demo
CN(C)CCOC(c1ccccc1)c1ccccc1	1	1	0.9719081	4	0.8967687327437994	0.7105263157894737	0.7241101063469484	0.7342320584061905	1.0	No-demo
CN(C)CCOc1ccc(C(=C(CCCl)c2ccccc2)c2ccccc2)cc1	1	1	0.9285175	4	0.8924019253525517	0.2857142857142857	0.5669068830760476	0.6498525706711886	1.0	No-demo
CN(C)CCOc1ccccc1Cc1ccccc1	1	1	0.8928215	4	0.8992069004981007	0.6885245901639344	0.7065741563459611	0.7179954984242788	1.0	No-demo
CN(C)CCc1c[nH]c2ccc(CC3COC(=O)N3)cc12	1	1	0.94074064	4	0.898394137279028	0.696969696969697	0.7562312886632465	0.7773771858079422	1.0	No-demo
CN(C)CCc1c[nH]c2ccc(CS(=O)(=O)N3CCCC3)cc12	1	1	0.9572151	4	0.8976608127185748	0.6875	0.7471886534476204	0.7730795852905127	1.0	No-demo
CN(C)CCc1c[nH]c2ccc(Cn3cncn3)cc12	1	1	0.8609424	4	0.9140188246486789	0.6984126984126984	0.7421457671096225	0.7704741697078208	1.0	No-demo
CN(CCN1CCC(OC(=O)Nc2ccccc2-c2ccccc2)CC1)C(=O)c1ccc(CN2CCC(C(N)=O)CC2)cc1	0	1	0.91271234	4	0.8674935152328965	0.7160493827160493	0.7342211768097718	0.7442689263390994	1.0	No-demo
CN(Cc1cnc2nc(N)nc(N)c2n1)c1ccc(C(=O)NC(CCC(=O)O)C(=O)O)cc1	1	1	0.60881525	4	0.8826980287341286	0.6885245901639344	0.74714461809942	0.7638210479344874	1.0	No-demo
CN1C(=O)OC(C)(C)C1=O	1	1	0.8012341	4	0.9297902570025859	0.7222222222222222	0.8046814623285211	0.8194137742754621	1.0	No-demo
CN1C2CC(OC(=O)C(CO)c3ccccc3)CC1C1OC12	0	1	0.9360379	4	0.8534853754716903	0.6779661016949152	0.7003265906059267	0.7146272848189015	1.0	No-demo
CN1C2CCC1CC(OC(=O)C(CO)c1ccccc1)C2	1	1	0.9070418	4	0.8492395857780468	0.6666666666666666	0.6857916714760238	0.7022532532628817	0.9772727272727273	No-demo
CN1C2CCC1CC(OC(c1ccccc1)c1ccccc1)C2	0	1	0.8956177	4	0.8881427373755792	0.6666666666666666	0.7070685862002586	0.7297418281086976	1.0	No-demo
CN1C2CCCC1CC(NC(=O)c1nn(C)c3ccccc13)C2	1	1	0.8670789	4	0.8667828680062307	0.7419354838709677	0.7561673007251721	0.7632910331570987	1.0	No-demo
CN1CC(C(=O)NC2(C)OC3(O)C4CCCN4C(=O)C(Cc4ccccc4)N3C2=O)C=C2c3cccc4[nH]cc(c34)CC21	1	1	0.8984957	4	0.8832074640221935	0.7575757575757576	0.7669040379089251	0.7736163738400259	1.0	No-demo
CN1CC(C(=O)NC2(C)OC3(O)C4CCCN4C(=O)C(Cc4ccccc4)N3C2=O)CC2c3cccc4[nH]cc(c34)CC21	0	1	0.86945564	4	0.8801850961201987	0.7525773195876289	0.7650005915831433	0.7700919597644682	1.0	No-demo
CN1CCC(NC(=O)Nc2ccc(C#N)cc2)CC1c1nc2ccccc2[nH]1	1	1	0.93174374	4	0.8806531041530993	0.7575757575757576	0.7706682203376172	0.7752648728384967	1.0	No-demo
CN1CCCC(n2nc(Cc3ccc(Cl)cc3)c3ccccc3c2=O)CC1	1	1	0.67480797	4	0.8787489982880751	0.7142857142857143	0.7352489519054124	0.7448020440243343	1.0	No-demo
CN1CCCC1CCOC(C)(c1ccccc1)c1ccc(Cl)cc1	1	1	0.8261603	4	0.8707083766740014	0.6615384615384615	0.6935317084584912	0.7075517332862508	1.0	No-demo
CN1CCCC1Cc1c[nH]c2ccc(CCS(=O)(=O)c3ccccc3)cc12	1	1	0.914629	4	0.884743387980881	0.7191011235955056	0.7407903380381545	0.7547842352806634	1.0	No-demo
CN1CCN(c2ccc(C(=O)Nc3[nH]nc4ccc(Cc5cc(F)cc(F)c5)cc34)c(NC3CCOCC3)c2)CC1	1	1	0.9229006	4	0.8786795506267588	0.6923076923076923	0.7395602400452708	0.7511877704265784	0.9878048780487805	No-demo
CN1c2c([nH]c(N)nc2=O)NCC1CNc1ccc(C(=O)NC(CCC(=O)O)C(=O)O)cc1	0	1	0.60626805	4	0.8741888652021701	0.7121212121212122	0.7663891281537397	0.7761865888043554	1.0	No-demo
CN=C1CN(O)C(c2ccccc2)=c2cc(Cl)ccc2=N1	1	1	0.822768	4	0.8955424090139091	0.6935483870967742	0.7093758236592717	0.7265496028876295	1.0	No-demo
CNC(=O)c1ccc(N2C(=S)N(c3ccc(C#N)c(C(F)(F)F)c3)C(=O)C2(C)C)cc1F	1	1	0.57456625	4	0.8959895888410424	0.39473684210526316	0.687993023544572	0.7345375854374092	0.9859154929577465	No-demo
CNC1CCC(c2ccc(Cl)c(Cl)c2)c2ccccc21	1	1	0.6654132	4	0.8995847484770153	0.7636363636363637	0.7746113260627772	0.7808139313442573	1.0	No-demo
CNCCC(Oc1ccccc1C)c1ccccc1	1	1	0.93424904	4	0.8939315559387598	0.4418604651162791	0.6235729238716896	0.6755341527982426	1.0	No-demo
CNCCCC12CCC(c3ccccc31)c1ccccc12	1	1	0.776772	4	0.8958215725474744	0.6808510638297872	0.7321343294067658	0.759842802432441	1.0	No-demo
CNCc1ccc(-c2[nH]c3cc(F)cc4c3c2CCNC4=O)cc1	1	1	0.5152324	4	0.8983786537014942	0.7662337662337663	0.7912364718614718	0.7979006892202349	1.0	No-demo
CNS(=O)(=O)CCc1ccc2[nH]cc(C3CCN(C)CC3)c2c1	1	1	0.9090724	4	0.8873984443627997	0.7536231884057971	0.7656617006182224	0.773942046524311	1.0	No-demo
CNS(=O)(=O)Cc1ccc2[nH]cc(CCN(C)C)c2c1	1	1	0.96579146	4	0.903806523998273	0.6440677966101694	0.7222740595706585	0.7521883461881324	1.0	No-demo
COC(=O)C1C(OC(=O)c2ccccc2)CC2CCC1N2C	1	1	0.86476994	4	0.863347143491128	0.6363636363636364	0.6973128001324722	0.7159365644474934	1.0	No-demo
COC(=O)N(C)c1c(N)nc(-c2nn(Cc3ccccc3F)c3ncccc23)nc1N	1	1	0.94281536	4	0.8768226815757652	0.7684210526315789	0.7753836549985458	0.778631311885171	0.9850746268656716	No-demo
COC(=O)NC(C(=O)NC(Cc1ccccc1)C(O)CN(Cc1ccc(-c2ccccn2)cc1)NC(=O)C(NC(=O)OC)C(C)(C)C)C(C)(C)C	1	1	0.9165739	4	0.8877271242374907	0.7472527472527473	0.7572175202818158	0.7623773603760431	1.0	No-demo
COC(=O)NC(C)CNc1nccc(-c2cn(C(C)C)nc2-c2cc(Cl)cc(NS(C)(=O)=O)c2F)n1	1	1	0.9644153	4	0.8819754759012786	0.7009345794392523	0.7419840176559168	0.7546934478286483	0.9873417721518988	No-demo
COC(=O)Nc1c(N)nc(-c2nn(Cc3ccccc3F)c3ncc(F)cc23)nc1N	1	1	0.7966261	4	0.8748528073096314	0.7625	0.7639660811577992	0.768817083139543	0.9850746268656716	No-demo
COCC(=O)Nc1c(I)c(C(=O)NCC(O)CO)c(I)c(C(=O)N(C)CC(O)CO)c1I	1	1	0.8854879	4	0.9140348177200456	0.7288135593220338	0.7721691816253069	0.791500056508338	1.0	No-demo
COCCCN1CCC(NC(=O)c2cc(Cl)c(N)c3c2OCC3)CC1	0	1	0.7833437	4	0.872747661333683	0.6162790697674418	0.702715971917134	0.7228737155204862	1.0	No-demo
CONC(=O)Nc1ccc(-c2sc3c(c2CN(C)C)c(=O)n(-c2ccc(OC)nn2)c(=O)n3Cc2c(F)cccc2F)cc1	1	1	0.94582343	4	0.890330432823834	0.7407407407407407	0.7726972574125688	0.7872268247642931	0.9873417721518988	No-demo
COc1cc(OC)cc(N(CCNC(C)C)c2ccc3ncc(-c4cnn(C)c4)nc3c2)c1	0	1	0.9302141	4	0.8978037530933485	0.7733333333333333	0.7819642641648936	0.7880959118845606	1.0	No-demo
COc1ccc(-n2nc(C(N)=O)c3c2C(=O)N(c2ccc(N4CCCCC4=O)cc2)CC3)cc1	1	1	0.85887885	4	0.8823236922557797	0.7538461538461538	0.7635412504162504	0.7722481933602825	0.9848484848484849	No-demo
COc1ccc(C(=O)CC(=O)c2ccc(C(C)(C)C)cc2)cc1	1	1	0.6143992	4	0.8682007865690899	0.6511627906976745	0.6820503254155785	0.6953014699780726	1.0	No-demo
COc1ccc(CN(CCN(C)C)c2ccccn2)cc1	0	1	0.9224229	4	0.9034307157565582	0.640625	0.7074558591014969	0.7286715914255432	1.0	No-demo
COc1ccc(CN2C3CC2CN(c2ccc(-c4cc(OCC(C)(C)O)cn5ncc(C#N)c45)cn2)C3)cn1	1	1	0.7966789	4	0.9021398437481879	0.7798165137614679	0.7925707304179463	0.8004137931197448	0.9878048780487805	No-demo
COc1ccccc1OCC(O)CO	1	1	0.9003519	4	0.8829757656151557	0.34285714285714286	0.5563913788420151	0.6302235376961134	1.0	No-demo
COc1ccccc1OCCNCC(O)COc1cccc2[nH]c3ccccc3c12	1	1	0.9576365	4	0.8927569348169664	0.5862068965517241	0.6114795046680148	0.6677719942109568	1.0	No-demo
COc1nc2ccc(Br)cc2cc1C(c1ccccc1)C(O)(CCN(C)C)c1cccc2ccccc12	1	1	0.8497989	4	0.89729042043025	0.7669902912621359	0.7735091832022618	0.7816170922996936	1.0	No-demo
CS(=O)(=O)c1ccc(Oc2cc(F)cc(C#N)c2)c2c1C(O)C(F)C2F	0	1	0.658014	4	0.9045805535230972	0.7701149425287356	0.7843068726862303	0.7930350325586523	1.0	No-demo
C[N+]1(C)CCC(OC(=O)C(O)(c2ccccc2)C2CCCC2)C1	1	0	0.4767805	4	0.8807565500472808	0.6984126984126984	0.7230136595697705	0.7439357397139674	1.0	No-demo
C[N+]12CCC(CC1)C(OC(=O)C(O)(c1ccccc1)c1ccccc1)C2	0	1	0.5777296	4	0.8759500177936307	0.5409836065573771	0.6851495207001945	0.7209385776652726	1.0	No-demo
Cc1[nH]c(=O)c(C#N)cc1-c1ccncc1	1	1	0.6201436	4	0.9070449435926442	0.7758620689655172	0.7892809102216262	0.7990587293300527	1.0	No-demo
Cc1c(N(C)CS(=O)(=O)O)c(=O)n(-c2ccccc2)n1C	1	1	0.85608196	4	0.8819563472612172	0.75	0.7692707900927078	0.7768922672395986	1.0	No-demo
Cc1cc(=O)n(-c2ccccc2)[nH]1	1	1	0.6580155	4	0.8906335490437047	0.723404255319149	0.7460348458067847	0.7562298802861861	1.0	No-demo
Cc1cc(Nc2ncnc3ccc(N=C4NC(C)(C)CO4)cc23)ccc1Oc1ccn2ncnc2c1	1	1	0.97231585	4	0.9141163053876623	0.719626168224299	0.7368329548859627	0.758585730060702	1.0	No-demo
Cc1ccc(-c2cc(C(F)(F)F)nn2-c2ccc(S(N)(=O)=O)cc2)cc1	1	1	0.8434225	4	0.9055096813924016	0.6785714285714286	0.7546142980736975	0.7683370843393222	1.0	No-demo
Cc1ccc(-c2nc3ccc(C)cn3c2CC(=O)N(C)C)cc1	1	1	0.76059973	4	0.8914640044568509	0.7833333333333333	0.7912826029053208	0.7975970024147236	1.0	No-demo
Cc1ccc(=O)n(-c2ccccc2)c1	1	1	0.59311193	4	0.8972110406637038	0.7446808510638298	0.7603805709470958	0.7711293276274143	1.0	No-demo
Cc1ccc(NC(=O)C2(c3ccc4c(c3)OC(F)(F)O4)CC2)nc1-c1cccc(C(=O)O)c1	1	0	0.38818458	4	0.8813840097313185	0.7303370786516854	0.7524713926719484	0.7610989057323113	1.0	No-demo
Cc1cccc(C)c1OCC(=O)NC(Cc1ccccc1)C(O)CC(Cc1ccccc1)NC(=O)C(C(C)C)N1CCCNC1=O	1	1	0.93743193	4	0.8750918115452272	0.7058823529411765	0.7350357926023824	0.7448795238721208	1.0	No-demo
Cc1ccccc1C(OCCN(C)C)c1ccccc1	0	1	0.96014357	4	0.9027835197629527	0.7169811320754716	0.7482517600263883	0.7612622011369946	1.0	No-demo
Cc1cn[nH]c1	1	1	0.65707266	4	0.9294902978610214	0.8205128205128205	0.8281809954751133	0.8367739903129929	1.0	No-demo
Cc1nc(-c2ccc(OCC(C)C)c(C#N)c2)sc1C(=O)O	1	1	0.80070144	4	0.8793932491555684	0.75	0.76811613976094	0.7719010509461023	1.0	No-demo
Cc1nc(NC(=O)N2CCCC2C(N)=O)sc1-c1ccnc(C(C)(C)C(F)(F)F)c1	1	1	0.7237793	4	0.8799300844954081	0.75	0.7620688764063207	0.7699790800276601	0.9864864864864865	No-demo
Cc1ncc([N+](=O)[O-])n1CCO	1	1	0.75984216	4	0.8980568938749202	0.7727272727272727	0.7861880404489462	0.7940711836584753	1.0	No-demo
Clc1ccc(C(c2ccccc2Cl)C(Cl)Cl)cc1	0	1	0.86657476	4	0.9263061556327535	0.7317073170731707	0.7472848596410492	0.7589447037177501	1.0	No-demo
Cn1c(CNc2ccc(C(=N)N)cc2)nc2cc(C(=O)N(CCC(=O)O)c3ccccn3)ccc21	1	1	0.8775106	4	0.8792148585617564	0.36046511627906974	0.6510219695531813	0.710235892018238	1.0	No-demo
Cn1nnc(-c2ccc(-c3ccc(N4CC(CO)OC4=O)cc3F)cn2)n1	0	1	0.88442	4	0.8738308693863979	0.7272727272727273	0.737137378112988	0.7481135172841299	0.9841269841269841	No-demo
N#Cc1ccccc1-c1cc(-c2ccccn2)cn(-c2ccccc2)c1=O	1	0	0.49907494	4	0.9105785643921513	0.7424242424242424	0.7646506978909724	0.7777826236568502	1.0	No-demo
N=c1cc(N2CCCCC2)nc(N)n1O	1	1	0.55952483	4	0.9141756425691472	0.7666666666666667	0.7911813623325973	0.8039577061702396	1.0	No-demo
NC(=O)C(c1ccccc1)(c1ccccc1)C1CCN(CCc2ccc3c(c2)CCO3)C1	0	1	0.78292364	4	0.8713260315841016	0.6417910447761194	0.7317565013173717	0.7482683675393204	0.9850746268656716	No-demo
NC(=O)C1CCCN1C(=O)C(Cc1c[nH]cn1)NC(=O)C1CCC(=O)N1	0	1	0.68275595	4	0.8841274973738602	0.691358024691358	0.7291123155676001	0.7531577954449836	1.0	No-demo
NC(=O)N1CCC(CC(=O)N2CCC(C3c4ncc(Br)cc4CCc4cc(Cl)cc(Br)c43)CC2)CC1	1	1	0.8422593	4	0.8855529333718565	0.735632183908046	0.770159777709687	0.7822638882774028	0.9846153846153847	No-demo
NC(=O)c1cnccn1	0	1	0.62914014	4	0.9050115986838242	0.6451612903225806	0.7228819986951625	0.7519697176568454	1.0	No-demo
NC12CC3CC(CC(C3)C1)C2	1	1	0.5433886	4	0.9583920931728069	0.8043478260869565	0.83668211245851	0.853880718167952	1.0	No-demo
NNC(=O)c1ccncc1	1	1	0.66399026	4	0.8807776910051726	0.6875	0.7270716217177826	0.7473541184253583	1.0	No-demo
Nc1ccc(C(=O)O)c(O)c1	1	1	0.5245051	4	0.8895230537136993	0.5	0.6632126053178684	0.68844703822774	1.0	No-demo
Nc1ccc(O)c(C(=O)O)c1	1	1	0.5941934	4	0.88885947038943	0.5	0.6307381065275802	0.6574256961832788	1.0	No-demo
Nc1ccc(S(=O)(=O)c2ccc(N)cc2)cc1	0	1	0.82204795	4	0.923891197574461	0.6285714285714286	0.7117972350230415	0.7563946764407593	1.0	No-demo
Nc1ccncc1	1	1	0.6226803	4	0.9332350124732836	0.7837837837837838	0.7906563706563705	0.8020088409148296	1.0	No-demo
Nc1ccncc1N	1	1	0.6069586	4	0.9335023411857855	0.7241379310344828	0.7873576162369266	0.8035050898707885	1.0	No-demo
Nc1nc(=O)c2c(CCc3ccc(C(=O)NC(CCC(=O)O)C(=O)O)cc3)c[nH]c2[nH]1	1	1	0.58816016	4	0.8879612911075441	0.6779661016949152	0.7482060163951398	0.7622878017032151	1.0	No-demo
Nc1nc(=O)c2c([nH]1)NCC(CNc1ccc(C(=O)NC(CCC(=O)O)C(=O)O)cc1)N2C=O	1	1	0.5579478	4	0.8836854453056924	0.7164179104477612	0.7703089376863363	0.7829591211645677	1.0	No-demo
Nc1nc(=O)c2nc(CNc3ccc(C(=O)NC(CCC(=O)O)C(=O)O)cc3)cnc2[nH]1	0	1	0.71803284	4	0.8865514319310853	0.6833333333333333	0.7406109175377468	0.759973330952729	1.0	No-demo
O=C(C1CCCCC1)N1CC(=O)N2CCc3ccccc3C2C1	0	1	0.6909945	4	0.8866422767400923	0.7123287671232876	0.7305182904315883	0.7419454196333979	1.0	No-demo
O=C(C=Cn1cnc(-c2cc(C(F)(F)F)cc(C(F)(F)F)c2)n1)NNc1cnccn1	1	1	0.5848737	4	0.9142641916356322	0.7340425531914894	0.7858545304388957	0.7994564158412955	1.0	No-demo
O=C(CCCC=CCC1C(O)CC(O)C1CCC(O)CCc1ccccc1)OCCCCO[N+](=O)[O-]	0	1	0.73983514	4	0.8882036732686737	0.3088235294117647	0.6046955138589541	0.6694997523683303	1.0	No-demo
O=C(NCC1CN(c2ccc(N3CCOCC3=O)cc2)C(=O)O1)c1ccc(Cl)s1	1	1	0.8931112	4	0.8877230638573688	0.7659574468085106	0.7799072440384762	0.7883594605470626	1.0	No-demo
O=C(O)c1cc(=O)c2c(OCC(O)COc3cccc4oc(C(=O)O)cc(=O)c34)cccc2o1	0	1	0.9156879	4	0.8686640694438164	0.5918367346938775	0.6674901750901896	0.6880507412080628	1.0	No-demo
O=C(OC1CC2CCC(C1)[N+]21CCCC1)C(O)(c1ccccc1)c1ccccc1	0	1	0.70385176	4	0.8860624779978334	0.6206896551724138	0.6960830811875673	0.7235856563065394	1.0	No-demo
O=C(OC1CN2CCC1CC2)N1CCc2ccccc2C1c1ccccc1	1	1	0.7543484	4	0.8851699821045198	0.696969696969697	0.7369698007381726	0.749926843192377	1.0	No-demo
O=C(c1cc(Cc2n[nH]c(=O)c3ccccc23)ccc1F)N1CCN(C(=O)C2CC2)CC1	1	0	0.34284988	4	0.8763325319403307	0.7625	0.7669967956462209	0.7705562152165238	0.9855072463768116	No-demo
O=C1CC2(CCCC2)CC(=O)N1CCCCN1CCN(c2ncccn2)CC1	0	1	0.8862213	4	0.8921280590152929	0.7297297297297297	0.743112692243127	0.7514362236143356	1.0	No-demo
O=C1Nc2ccc(Cl)cc2C(C#CC2CC2)(C(F)(F)F)O1	1	1	0.8846404	4	0.9044652144500138	0.7258064516129032	0.7418312807107373	0.758363343335445	1.0	No-demo
O=P(O)(O)C(O)(Cc1cccnc1)P(=O)(O)O	1	1	0.73034465	4	0.8998923727704694	0.6111111111111112	0.6751475866110013	0.7117290862420091	1.0	No-demo
O=P1(N(CCCl)CCCl)NCCCO1	1	1	0.76295567	4	0.9444532922099929	0.7608695652173914	0.8023053834110702	0.8304712361079578	1.0	No-demo
O=P1(NCCCl)OCCCN1CCCl	1	1	0.7512257	4	0.9332440634141611	0.8043478260869565	0.8308315906723743	0.8404348730927508	1.0	No-demo
O=c1ccc2ccc(OCCCCN3CCN(c4cccc5sccc45)CC3)cc2[nH]1	1	1	0.90865695	4	0.8890461978718177	0.5657894736842105	0.6981655968331518	0.7228915526216262	1.0	No-demo
OC(CCN1CCCCC1)(c1ccccc1)C1CCCCC1	0	1	0.5778028	4	0.8840434958211003	0.391304347826087	0.6380870347793136	0.6835663226643722	1.0	No-demo
OC(Cn1cncn1)(Cn1cncn1)c1ccc(F)cc1F	1	1	0.6758974	4	0.907123794099064	0.40384615384615385	0.586268141444612	0.6797210298089864	1.0	No-demo
OCCN(CCO)c1nc(N2CCCCC2)c2nc(N(CCO)CCO)nc(N3CCCCC3)c2n1	1	1	0.8646678	4	0.9225516199549872	0.8222222222222222	0.826819897056966	0.8315116458366537	1.0	No-demo
Oc1c2c(c(O)n1CC1CCCCC1CN1CCN(c3nsc4ccccc34)CC1)C1CCC2C1	1	1	0.71198535	4	0.8990221650866937	0.7692307692307693	0.7828549439044824	0.7925422837420082	1.0	No-demo
Oc1cc2cc(CCN3CCN(c4nsc5ccccc45)CC3)c(Cl)cc2[nH]1	1	1	0.74796927	4	0.8967665858376086	0.7272727272727273	0.7416417218782809	0.7501427901935668	1.0	No-demo
c1cc(CN2CCCNCCNCCCNCC2)ccc1CN1CCCNCCNCCCNCC1	1	1	0.8255782	4	0.9129511632160202	0.717391304347826	0.7587170743436727	0.7825831857090737	1.0	No-demo
