SMILES	y_true	y_pred	y_score	Test_Fold	Mean	Min	5 Nearest	9 Nearest	Max	Evaluation
Brc1c(NC2=NCCN2)ccc2nccnc12	1	1	0.7552397	0	0.927076987378127	0.7894736842105263	0.7934160798822453	0.7995537374210043	1.0	Sex-only
C=C(C)C1CCC(C)=CC1c1c(O)cc(CCCCC)cc1O	1	1	0.5004369	0	0.9046457356198587	0.7272727272727273	0.7675757575757576	0.783995633995634	1.0	Sex-only
C=C(c1ccc(C(=O)O)cc1)c1cc2c(cc1C)C(C)(C)CCC2(C)C	0	1	0.56308055	0	0.8812690508976458	0.74	0.7413159041394335	0.7462362915957688	1.0	Sex-only
C=C1C(=CC=C2CCCC3(C)C2CCC3C(C)C=CC(C)C(C)C)CC(O)CC1O	1	0	0.36898303	0	0.9184458512408623	0.7974683544303798	0.8088709602633652	0.815529474799765	1.0	Sex-only
C=C1C(=CC=C2CCCC3(C)C2CCC3C(C)C=CC(O)C2CC2)CC(O)CC1O	0	0	0.36052436	0	0.9227773540484341	0.7721518987341772	0.7972453147177243	0.8048880266167853	1.0	Sex-only
C=C1C(=CC=C2CCCC3(C)C2CCC3C(C)CCCC(C)(C)O)CC(O)CC1O	0	0	0.4447638	0	0.9211864618698885	0.8048780487804879	0.8088043938752042	0.8122310564107524	1.0	Sex-only
C=C1CCC(O)CC1=CC=C1CCCC2(C)C1CCC2C(C)C=CC(C)C(C)C	0	0	0.43336967	0	0.9273599696749815	0.7922077922077922	0.8091590755066577	0.8209730326295485	1.0	Sex-only
C=C1CCC(O)CC1=CC=C1CCCC2(C)C1CCC2C(C)CCCC(C)(C)O	1	0	0.45303884	0	0.9225226474111173	0.8024691358024691	0.816532788199455	0.8220316804764902	1.0	Sex-only
C=C1CCC(O)CC1=CC=C1CCCC2(C)C1CCC2C(C)CCCC(C)C	1	1	0.54212683	0	0.9239558191910759	0.7948717948717948	0.8062328614960194	0.8145956216686839	1.0	Sex-only
C=CC(=O)Nc1cc(Nc2ncc(C(=O)OC(C)C)c(-c3cn(C)c4ccccc34)n2)c(OC)cc1N(C)CCN(C)C	0	1	0.8111762	0	0.8783238033895278	0.26744186046511625	0.5552223582211342	0.6422650328199083	1.0	Sex-only
C=CC(N)CCC(=O)O	1	0	0.14123854	0	0.9240575636244373	0.625	0.6633333333333333	0.7010196514645903	1.0	Sex-only
C=CC1=C(C(=O)O)N2C(=O)C(=NC(=O)C(NOCC(=O)O)c3csc(N)n3)C2SC1	0	0	0.05052123	0	0.8916769670792931	0.5747126436781609	0.6517032392894462	0.6903447334481817	1.0	Sex-only
C=CCN1CCC23c4c5ccc(O)c4OC2C(=O)CCC3(O)C1C5	1	0	0.38099337	0	0.8976523638958902	0.7066666666666667	0.7549529813501443	0.7699404153373676	1.0	Sex-only
C=CCN1CCC23c4c5ccc(O)c4OC2C(OCCOCCOCCOCCOCCOCCOCCOC)CCC3(O)C1C5	0	1	0.56095666	0	0.8940440368171864	0.7325581395348837	0.7662516154630562	0.7799952810506217	1.0	Sex-only
C=CC[N+]1(C2CC3C4CCC5CC(O)C(N6CCOCC6)CC5(C)C4CCC3(C)C2OC(C)=O)CCCC1	1	0	0.4406784	0	0.908399755261597	0.7802197802197802	0.785420097541601	0.7905642420297564	0.989247311827957	Sex-only
C=c1c(N)c(O)c2c(c1O)N1CC3NC3C1(OC)C=2COC(N)=O	0	0	0.28464532	0	0.8966106905582398	0.7752808988764045	0.7878752541090817	0.7963088252144348	1.0	Sex-only
CC(=O)C1(O)C=C2C(=O)c3c(c(O)c4ccccc4c3O)C(=O)C2C(OC2CC(N)C(O)C(C)O2)C1	1	1	0.8050292	0	0.8887978250436079	0.7662337662337663	0.7711993888464477	0.7754565635976323	0.9857142857142858	Sex-only
CC(=O)CCCCn1c(=O)c2c(ncn2C)n(C)c1=O	1	1	0.63940454	0	0.8910502878193641	0.7115384615384616	0.753479020979021	0.7673729048729049	1.0	Sex-only
CC(=O)N(O)CCCCCNC(=O)CCC(=O)N(O)CCCCCNC(=O)CCC(=O)N(O)CCCCCN	1	0	0.47335634	0	0.9209138330064235	0.7017543859649122	0.7570653907496012	0.7790223421802369	1.0	Sex-only
CC(=O)NCCCS(=O)(=O)O	0	1	0.66073346	0	0.9206076168472239	0.7441860465116279	0.7660402168211226	0.7736492622809308	1.0	Sex-only
CC(=O)OC1CC2CCC3C(CCC4(C)C3CC([N+]3(C)CCCCC3)C4OC(C)=O)C2(C)CC1N1CCCCC1	1	1	0.66349125	0	0.9233674374822887	0.7849462365591398	0.7926512403176783	0.7975181624377848	1.0	Sex-only
CC(=O)Oc1cc2c(s1)CCN(C(C(=O)C1CC1)c1ccccc1F)C2	1	0	0.12638187	0	0.8758195080001256	0.5857142857142857	0.6917199601257572	0.7259271708861277	0.984375	Sex-only
CC(=O)Oc1ccc2c3c1OC1C(OC(C)=O)C=CC4C(C2)N(C)CCC341	1	0	0.22865494	0	0.8888984575625279	0.7051282051282052	0.7334798534798536	0.7466058839264582	0.9841269841269841	Sex-only
CC(=O)Oc1ccccc1C(=O)O	1	0	0.3372024	0	0.8752189062387624	0.5833333333333334	0.6419119640049872	0.6733726078687319	1.0	Sex-only
CC(C(=O)O)c1ccc(-c2ccccc2)c(F)c1	1	1	0.82327026	0	0.8710051180453157	0.5714285714285714	0.6685983827493261	0.6993513201470543	1.0	Sex-only
CC(C(=O)O)c1cccc(C(=O)c2ccccc2)c1	0	0	0.47092435	0	0.87288558777831	0.575	0.6258230958230958	0.6579484727081981	1.0	Sex-only
CC(C)(C)NC(=O)C1CCC2C3CCC4NC(=O)C=CC4(C)C3CCC12C	1	1	0.9081224	0	0.8993426988672112	0.6714285714285714	0.6871562538058702	0.7060841302937566	1.0	Sex-only
CC(C)(N)Cc1ccccc1	1	1	0.5318196	0	0.8919464613264327	0.6666666666666666	0.6986231884057971	0.7128522932870759	1.0	Sex-only
CC(C)(NC(=O)C1CC2(O)C3Cc4ccc(O)c5c4C2(CCN3CC2CC2)C(O5)C1=O)c1nc(-c2ccccc2)no1	0	0	0.32678378	0	0.8796791860946231	0.6847826086956522	0.7452134024730753	0.7584678923276021	0.9879518072289156	Sex-only
CC(C)C1CCC(C(=O)NC(Cc2ccccc2)C(=O)O)CC1	1	0	0.40853795	0	0.8603985310591453	0.671875	0.6887500000000001	0.6950913413413414	1.0	Sex-only
CC(C)Cc1ccc(C(C)C(=O)O)cc1	1	1	0.8473199	0	0.8757170604765002	0.5789473684210527	0.631578947368421	0.6610611527031902	1.0	Sex-only
CC(C)N=C(N)N=C(N)Nc1ccc(Cl)cc1	0	1	0.5319234	0	0.9036921160923357	0.75	0.7548279689234183	0.7604828362497146	1.0	Sex-only
CC(C)N=c1cc2n(-c3ccc(Cl)cc3)c3ccccc3nc-2cc1Nc1ccc(Cl)cc1	1	0	0.49435067	0	0.9037220318238253	0.782608695652174	0.7835190170908388	0.7853273708419555	1.0	Sex-only
CC(C)OC(=O)CCCC=CCC1C(O)CC(O)C1CCC(O)CCc1ccccc1	0	0	0.12723276	0	0.8750802496555621	0.3088235294117647	0.418891440460068	0.5129499411118492	1.0	Sex-only
CC(C)c1nc(CN(C)C(=O)NC(CCN2CCOCC2)C(=O)NC(CCC(Cc2ccccc2)NC(=O)OCc2cncs2)Cc2ccccc2)cs1	0	1	0.7047392	0	0.8782861929015394	0.375	0.5599159663865546	0.6482621237990748	1.0	Sex-only
CC(C)n1nccc1-c1ncccc1COc1cccc(O)c1C=O	0	0	0.45821667	0	0.8830130221296725	0.7746478873239436	0.7885358577897084	0.7916319411217931	1.0	Sex-only
CC(C=CC(C)C(C)(C)O)C1CCC2C(=CC=C3CC(O)CC(O)C3)CCCC21C	1	0	0.45704865	0	0.9182784309472927	0.7866666666666666	0.7990810548285051	0.8062868679090146	1.0	Sex-only
CC(CCC(=O)O)C1CCC2C3C(O)CC4CC(O)CCC4(C)C3CC(O)C12C	0	0	0.48087233	0	0.9037703767213371	0.7567567567567568	0.7622832509929284	0.7635778409655702	1.0	Sex-only
CC(CCC(=O)O)C1CCC2C3C(O)CC4CC(O)CCC4(C)C3CCC12C	0	0	0.48088476	0	0.9000479261003633	0.7246376811594203	0.7569827286792333	0.7615492030482538	1.0	Sex-only
CC(CCc1ccccc1)NCC(O)c1ccc(O)c(C(N)=O)c1	1	1	0.9640319	0	0.870849077659835	0.5686274509803921	0.5862026764572856	0.6002892004001009	1.0	Sex-only
CC(Cc1ccccc1)NC(=O)C(N)CCCCN	1	1	0.7278091	0	0.8685599315492848	0.6923076923076923	0.7028329868329868	0.7103116740927686	1.0	Sex-only
CC(N)(Cc1ccc(O)cc1)C(=O)O	0	1	0.6714897	0	0.8746315603149479	0.3333333333333333	0.5027737924438067	0.5887164065069374	1.0	Sex-only
CC(N)Cc1ccccc1	1	1	0.5318544	0	0.8865016747446323	0.5757575757575758	0.6139258590871494	0.6556705257893714	1.0	Sex-only
CC(OC(=O)NCC1(CC(=O)O)CCCCC1)OC(=O)C(C)C	1	1	0.60733014	0	0.9027617737729356	0.55	0.6611594202898552	0.7017601159662897	0.9863013698630136	Sex-only
CC(OC1OCCN(Cc2n[nH]c(=O)[nH]2)C1c1ccc(F)cc1)c1cc(C(F)(F)F)cc(C(F)(F)F)c1	0	0	0.49405128	0	0.8849439091838033	0.7555555555555555	0.7600516795865633	0.7689614594194357	0.9857142857142858	Sex-only
CC(OC1OCCN(Cc2nc(=O)n(P(=O)(O)O)[nH]2)C1c1ccc(F)cc1)c1cc(C(F)(F)F)cc(C(F)(F)F)c1	0	1	0.5740392	0	0.8800997931618566	0.7604166666666666	0.7751737102608034	0.7817042593109093	0.9871794871794872	Sex-only
CC(OCC1(c2ccccc2)CCC2(CCC(=O)N2)CN1)c1cc(C(F)(F)F)cc(C(F)(F)F)c1	0	0	0.44330597	0	0.8880991455183963	0.7590361445783133	0.764680640369698	0.7688828672541104	0.9859154929577465	Sex-only
CC(Oc1c(Cl)cccc1Cl)C1=NCCN1	1	1	0.65726817	0	0.8978942406405902	0.7636363636363637	0.767336898395722	0.7740465038368669	1.0	Sex-only
CC1(C)OC2COC3(COS(N)(=O)=O)OC(C)(C)OC3C2O1	1	0	0.324255	0	0.9291839801799632	0.8297872340425532	0.8366861035176889	0.8419718063090205	1.0	Sex-only
CC1(C)SC2C(NC(=O)Cc3ccccc3)C(=O)N2C1C(=O)O	0	0	0.42519242	0	0.8545678202202578	0.26	0.3257948717948718	0.37299450549450547	1.0	Sex-only
CC12C=CC(=O)NC1CCC1C2CCC2(C)C(C(=O)Nc3cc(C(F)(F)F)ccc3C(F)(F)F)CCC12	1	1	0.96186286	0	0.8931749397380083	0.7195121951219512	0.7271547764704088	0.7376850613789312	1.0	Sex-only
CC12OC(CC1(O)CO)n1c3ccccc3c3c4c(c5c6ccccc6n2c5c31)CNC4=O	0	0	0.36725432	0	0.8816004916331961	0.7764705882352941	0.778030095759234	0.7839957124498848	1.0	Sex-only
CC1C(=NC(=O)C(NOC(C)(C)C(=O)O)c2csc(N)n2)C(=O)N1S(=O)(=O)O	0	0	0.34771913	0	0.8918601406232474	0.7128712871287128	0.7435860834273026	0.7556401535000642	0.9850746268656716	Sex-only
CC1CCC(C(C)C)C(O)C1	0	1	0.5832033	0	0.9218993918788808	0.8260869565217391	0.8304347826086957	0.8327331283853021	1.0	Sex-only
CC1CCC2C(C)C(OC(=O)CCC(=O)O)OC3OC4(C)CCC1C32OO4	1	0	0.19659232	0	0.9127798620218855	0.7325581395348837	0.7594254445964432	0.7722783170115591	1.0	Sex-only
CC1CCCC(C)N1CCCC(O)(c1ccccc1)c1ccccn1	1	0	0.13456358	0	0.875691635570499	0.6666666666666666	0.6701149425287356	0.688281195177747	1.0	Sex-only
CC1CCOC2Cn3cc(C(=O)NCc4ccc(F)cc4F)c(=O)c(O)c3C(=O)N12	1	1	0.64765817	0	0.8782635849362311	0.7419354838709677	0.7558805431695003	0.7622922001098812	0.9848484848484849	Sex-only
CC1COC2Cn3cc(C(=O)NCc4ccc(F)cc4F)c(=O)c(O)c3C(=O)N12	0	1	0.7156421	0	0.8772696676506065	0.7362637362637363	0.755111555111555	0.765388772447596	0.984375	Sex-only
CC1COc2c(N3CCN(C)CC3)c(F)cc3c(=O)c(C(=O)O)cn1c23	1	0	0.4691937	0	0.8924544885289689	0.7684210526315789	0.7740350877192982	0.778174960898073	0.9833333333333333	Sex-only
CCC(=O)N(c1ccccc1)C1CCN(CCc2ccccc2)CC1	1	1	0.5355564	0	0.8582144435062009	0.578125	0.6022311597748959	0.6347790865239482	1.0	Sex-only
CCC(=O)OC(OP(=O)(CCCCc1ccccc1)CC(=O)N1CC(C2CCCCC2)CC1C(=O)O)C(C)C	0	1	0.72353965	0	0.8759561340766504	0.6941176470588235	0.7271034431471703	0.7438011622750675	1.0	Sex-only
CCC1=C(C)c2cc3[nH]c(cc4[nH]c(cc5nc(cc1n2)C(C)=C5C(C)O)c(C)c4CCC(=O)O)c(CCC(=O)O)c3C	1	0	0.4365778	0	0.891746375703389	0.7843137254901961	0.7871670486376369	0.7915971811592045	1.0	Sex-only
CCC1C(O)C2C3CCC(C(C)CCC(=O)O)C3(C)CCC2C2(C)CCC(O)CC12	0	0	0.4466375	0	0.9098626843872469	0.7534246575342466	0.7703996728250633	0.7773777662476237	1.0	Sex-only
CCC1CN(C(=O)NCC(F)(F)F)CC1c1cnc2cnc3[nH]ccc3n12	1	1	0.58654267	0	0.8811305524232631	0.75	0.767094017094017	0.7728290913991709	0.9838709677419355	Sex-only
CCCCC(CC)COC(=O)C(C#N)=C(c1ccccc1)c1ccccc1	0	1	0.8435723	0	0.874942683616382	0.49019607843137253	0.5883489627735152	0.6575614440306325	1.0	Sex-only
CCCCCCC(C)(C)c1cc(O)c2c(c1)OC(C)(C)C1CCC(=O)CC21	0	0	0.35039327	0	0.8899262874570072	0.7411764705882353	0.7489069116018501	0.760753894138449	0.9838709677419355	Sex-only
CCCCCCCCCCCCC[N+](C)(C)Cc1ccccc1	1	1	0.7957129	0	0.9021886840499675	0.6857142857142857	0.7114950166112957	0.7374308557858682	1.0	Sex-only
CCCCCc1cc(O)c2c(c1)OC(C)(C)C1CCC(C)=CC21	0	1	0.5563446	0	0.9022099467733011	0.7741935483870968	0.7816101924640824	0.7851065374864716	1.0	Sex-only
CCCCN1CC(O)C(O)C(O)C1CO	0	1	0.83524144	0	0.9036790921489873	0.7222222222222222	0.7547901518050771	0.7738883927938653	1.0	Sex-only
CCCNC(C)C(=O)Nc1c(C)csc1C(=O)OC	1	1	0.8537965	0	0.8904010149607734	0.7407407407407407	0.7521255245393176	0.758679690081569	1.0	Sex-only
CCCNC(C)C(=O)Nc1ccccc1C	0	1	0.9485595	0	0.871146900451425	0.6808510638297872	0.6942249240121581	0.7088575491608018	1.0	Sex-only
CCCNCC(O)COc1ccccc1C(=O)CCc1ccccc1	1	1	0.9699911	0	0.8706123362116798	0.6229508196721312	0.626397184760863	0.6314508974226052	1.0	Sex-only
CCCSc1nc(NC2CC2c2ccc(F)c(F)c2)c2nnn(C3CC(OCCO)C(O)C3O)c2n1	1	0	0.43066823	0	0.8967867191253337	0.782608695652174	0.791067895574965	0.7964271722108386	1.0	Sex-only
CCCc1nc(C)c2c(=O)[nH]c(-c3cc(S(=O)(=O)N4CCN(CC)CC4)ccc3OCC)nn12	0	0	0.40296578	0	0.8892694643217691	0.7692307692307693	0.7810855810855811	0.7877119867107352	1.0	Sex-only
CCCc1nn(C)c2c(=O)[nH]c(-c3cc(S(=O)(=O)N4CCN(C)CC4)ccc3OCC)nc12	1	0	0.40464708	0	0.8865173226059615	0.7441860465116279	0.7652965394458662	0.7733483344254457	1.0	Sex-only
CCN(CC)CCOC(=O)C1(C2CCCCC2)CCCCC1	0	0	0.39290106	0	0.9008203869002549	0.6382978723404256	0.6645015388732771	0.6826595850883286	1.0	Sex-only
CCN(Cc1ccncc1)C(=O)C(CO)c1ccccc1	0	1	0.612284	0	0.871885650996356	0.6666666666666666	0.6755580253774196	0.684991478610295	1.0	Sex-only
CCNC(=O)CCCC=CCC1C(O)CC(O)C1C=CC(O)CCc1ccccc1	0	0	0.16168086	0	0.8711716053973539	0.5443037974683544	0.5474901243657033	0.5545557604099554	1.0	Sex-only
CCOC(=O)C(C)CC(Cc1ccc(-c2ccccc2)cc1)NC(=O)CCC(=O)O	1	0	0.42204958	0	0.8663473154237854	0.6901408450704225	0.7068008632769749	0.7126808074671719	1.0	Sex-only
CCOC(=O)C(CCc1ccccc1)NC(C)C(=O)N1C(C(=O)O)CC2CCCC21	1	1	0.7011872	0	0.8542323149065855	0.22807017543859648	0.5192138099258842	0.6082197273734942	1.0	Sex-only
CCOC(=O)C(CCc1ccccc1)NC(C)C(=O)N1C(C(=O)O)CC2CCCCC21	1	1	0.72024065	0	0.8540369796272207	0.19642857142857142	0.5021837898075521	0.5976477372047981	1.0	Sex-only
CCOC(=O)C(CCc1ccccc1)NC(C)C(=O)N1CCCC1C(=O)O	1	1	0.7737343	0	0.8519381821802895	0.484375	0.542159090909091	0.6089609328579918	1.0	Sex-only
CCOC(=O)C(CCc1ccccc1)NC(C)C(=O)N1Cc2ccccc2CC1C(=O)O	0	1	0.67162156	0	0.8604135505178575	0.5441176470588235	0.638370421482376	0.6749951222436992	1.0	Sex-only
CCOC(=O)C(CCc1ccccc1)NC1CCc2ccccc2N(CC(=O)O)C1=O	1	0	0.473212	0	0.853628733363706	0.7123287671232876	0.7132375104033111	0.7146732319108658	1.0	Sex-only
CCON=C(C(=O)NC1C(=O)N2C(C(=O)[O-])=C(Sc3nc(-c4cc[n+](C)cc4)cs3)CSC12)c1nsc(NP(=O)(O)O)n1	0	0	0.38131315	0	0.8926845366143414	0.6017699115044248	0.6222394961333014	0.6445594287809416	1.0	Sex-only
CCOc1cc(CC(=O)NC(CC(C)C)c2ccccc2N2CCCCC2)ccc1C(=O)O	0	1	0.7532657	0	0.856622468360289	0.7078651685393258	0.7202183778213741	0.7270081728446527	0.9838709677419355	Sex-only
CCc1ccc(CCOc2ccc(Cc3sc(=O)[nH]c3O)cc2)nc1	1	0	0.4660329	0	0.8915389616815741	0.7575757575757576	0.7655005604389121	0.7706295054258762	1.0	Sex-only
CCc1cccc2c3c([nH]c12)C(CC)(CC(=O)O)OCC3	0	1	0.65467566	0	0.8781877488317249	0.75	0.7531734132933533	0.7599008487958749	0.9818181818181818	Sex-only
CN(CCCl)CCCl	0	1	0.68537265	0	0.9521609491374651	0.7647058823529411	0.7721078431372549	0.7842131570072746	1.0	Sex-only
CN(CCOc1ccc(Cc2sc(=O)[nH]c2O)cc1)c1ccccn1	1	0	0.36988115	0	0.8834213316352377	0.640625	0.6788034028812717	0.7041001448530186	1.0	Sex-only
CN(CCOc1ccc(NS(C)(=O)=O)cc1)CCc1ccc(NS(C)(=O)=O)cc1	1	1	0.78136253	0	0.8957747045239199	0.6231884057971014	0.6518394648829432	0.6715223284862195	1.0	Sex-only
CN1CCC(COc2cnc(-c3cccc(Cn4nc(-c5cccc(C#N)c5)ccc4=O)c3)nc2)CC1	0	0	0.25796485	0	0.8792864569568917	0.7126436781609196	0.7296683743022372	0.7374812874644074	1.0	Sex-only
CN1CCC23CCCCC2C1Cc1ccc(O)cc13	1	0	0.37622255	0	0.894744626073204	0.6166666666666667	0.6743502413042339	0.6989420993805777	1.0	Sex-only
CN1CCC23c4c5ccc(O)c4OC2C(=O)CCC3(O)C1C5	0	0	0.4588804	0	0.8805660405056843	0.7397260273972602	0.7494836670179136	0.7586787097687573	1.0	Sex-only
CN1CCC23c4c5ccc(O)c4OC2C(=O)CCC3C1C5	1	0	0.46329892	0	0.8771924980238422	0.7323943661971831	0.7413506681112315	0.7522134179300708	1.0	Sex-only
CN1CCC23c4c5ccc(O)c4OC2C(O)C=CC3C1C5	1	1	0.6264566	0	0.9009042566207464	0.7083333333333334	0.7457509157509158	0.7675193566497914	1.0	Sex-only
CN1CCc2cccc3c2C1Cc1ccc(O)c(O)c1-3	1	1	0.55983865	0	0.895731800589849	0.7407407407407407	0.7472396925227114	0.7547260974382237	1.0	Sex-only
CN1CCc2nc(C(=O)NC3CC(C(=O)N(C)C)CCC3NC(=O)C(=O)Nc3ccc(Cl)cn3)sc2C1	1	1	0.57603806	0	0.8854708235856492	0.7395833333333334	0.7481608902480463	0.7553880600815046	0.987012987012987	Sex-only
CN1c2ccccc2C(NCCCCCCC(=O)O)c2ccc(Cl)cc2S1(=O)=O	1	0	0.13205332	0	0.8640794202812306	0.7164179104477612	0.719246902741196	0.724242803039857	0.9827586206896551	Sex-only
CNC(=O)c1ccccc1Sc1ccc2c(C=Cc3ccccn3)[nH]nc2c1	1	0	0.43459958	0	0.8882287102613117	0.7241379310344828	0.7505899166818707	0.7648779960401927	1.0	Sex-only
CNC(C)Cc1ccccc1	1	1	0.6637467	0	0.8922481405033498	0.6	0.6133664185277088	0.6483587785974358	1.0	Sex-only
CNNCc1ccc(C(=O)NC(C)C)cc1	0	1	0.7168149	0	0.86853661322472	0.6862745098039216	0.6907185951303598	0.6946811461239873	1.0	Sex-only
COC(=O)C(c1ccccc1)C1CCCCN1	1	1	0.91757774	0	0.8526175457544655	0.6785714285714286	0.6828571428571429	0.6951960586494486	1.0	Sex-only
COC(=O)C(c1ccccc1)C1CCCCN1C(=O)OC[n+]1cccc(C(=O)NC(CO)C(=O)[O-])c1	0	1	0.5949854	0	0.8687267472214559	0.6962025316455697	0.7115239859451036	0.7281866745704996	1.0	Sex-only
COC(=O)CC(O)(CCCC(C)(C)O)C(=O)OC1C(OC)=CC23CCCN2CCc2cc4c(cc2C13)OCO4	0	0	0.39461932	0	0.8893576006867482	0.7818181818181819	0.7860367313327078	0.7893343752913928	0.9866666666666667	Sex-only
COC(=O)NC(C(=O)N1CCCC1c1nc(-c2ccc(-c3ccc(-c4c[nH]c(C5CCCN5C(=O)C(NC(=O)OC)C(C)C)n4)cc3)cc2)c[nH]1)C(C)C	1	1	0.7635024	0	0.8734850229928214	0.691358024691358	0.721966052073579	0.7339060839658211	1.0	Sex-only
COC12CCC3(CC1C(C)(O)C(C)(C)C)C1Cc4ccc(O)c5c4C3(CCN1CC1CC1)C2O5	1	1	0.5164741	0	0.8995341056608219	0.6987951807228916	0.7558826316501963	0.7734674283056178	1.0	Sex-only
COC1C(N(C)C(=O)c2ccccc2)CC2OC1(C)n1c3ccccc3c3c4c(c5c6ccccc6n2c5c31)C(=O)NC4	1	1	0.8168409	0	0.8850588685989039	0.7888888888888889	0.7947044917257683	0.7980242345336394	1.0	Sex-only
COC1C=COC2(C)Oc3c(C)c(O)c4c(O)c(c5c(nc6cc(C)ccn65)c4c3C2=O)NC(=O)C(C)=CC=CC(C)C(O)C(C)C(O)C(C)C(OC(C)=O)C1C	1	0	0.3717635	0	0.8996809876546378	0.8031496062992126	0.8051985027295316	0.8082258425926744	1.0	Sex-only
COCC(NC(C)=O)C(=O)NCc1ccccc1	1	1	0.81270474	0	0.8632773964654736	0.6585365853658537	0.6942479674796748	0.7070167180125974	1.0	Sex-only
COCCCCC(=NOCCN)c1ccc(C(F)(F)F)cc1	1	0	0.22578168	0	0.901350730525858	0.7377049180327869	0.7478092399403875	0.7573083936072708	1.0	Sex-only
CON=C1CN(c2nc3c(cc2F)c(=O)c(C(=O)O)cn3C2CC2)CC1CN	1	0	0.44073206	0	0.8791228163690338	0.7653061224489796	0.771960958296362	0.7786219757523896	0.984375	Sex-only
COc1c(C)c2c(c(O)c1CC=C(C)CCC(=O)O)C(=O)OC2	1	0	0.15535831	0	0.8963426746722438	0.7706422018348624	0.7744458641643078	0.7768359588282314	0.9861111111111112	Sex-only
COc1c(C)c2c(c(O)c1CC=C(C)CCC(=O)OCCN1CCOCC1)C(=O)OC2	1	0	0.11582213	0	0.8952449887397428	0.776595744680851	0.7828807221147646	0.7876951771423918	0.9873417721518988	Sex-only
COc1c(N2CC3CCCNC3C2)c(F)cc2c(=O)c(C(=O)O)cn(C3CC3)c12	1	1	0.7425087	0	0.8844385213851103	0.7604166666666666	0.7708902343611082	0.7788523280028135	0.9855072463768116	Sex-only
COc1c(OCCCN2CCOCC2)ccc2c3n(c(=NC(=O)c4cnc(N)nc4)nc12)CCN3	1	1	0.68041795	0	0.8829517506757824	0.6804123711340206	0.6986955606985061	0.7225235206360743	1.0	Sex-only
COc1cc(Nc2ncc(F)c(Nc3ccc4c(n3)N(COP(=O)(O)O)C(=O)C(C)(C)O4)n2)cc(OC)c1OC	0	0	0.247814	0	0.8858096279899952	0.7333333333333333	0.7432396251673359	0.7552721895683121	0.9866666666666667	Sex-only
COc1ccc(C2Sc3ccccc3N(CCN(C)C)C(=O)C2OC(C)=O)cc1	1	1	0.5718758	0	0.8756372547164201	0.6764705882352942	0.703670942061035	0.7191334293501477	0.9841269841269841	Sex-only
COc1ccc(CCN(C)CCCC(C#N)(c2ccc(OC)c(OC)c2)C(C)C)cc1OC	1	1	0.868389	0	0.9066864384811608	0.7532467532467533	0.7649623649623649	0.7726601059934394	1.0	Sex-only
COc1ccc(CN(C(=O)C(N)Cc2c(C)cc(C(N)=O)cc2C)C(C)c2nc(-c3ccccc3)c[nH]2)cc1C(=O)O	0	1	0.52781767	0	0.8774101348365326	0.7319587628865979	0.7495122836225481	0.7558349231510831	1.0	Sex-only
COc1ccc2c(c1)C13CCCCC1C(C2)N(C)CC3	1	1	0.52959895	0	0.8994460718606485	0.6721311475409836	0.7201511603150947	0.7360816782968805	1.0	Sex-only
COc1ccc2c3c1OC1C(=O)CCC4(O)C(C2)N(C)CCC314	1	1	0.55783236	0	0.8776283859333855	0.625	0.6803860523038605	0.705284157685753	1.0	Sex-only
COc1ccc2c3c1OC1C(=O)CCC4C(C2)N(C)CCC314	1	1	0.563575	0	0.8818785457979603	0.6338028169014085	0.6900491556936557	0.7151323710840339	1.0	Sex-only
COc1ccc2c3c1OC1C(O)C=CC4C(C2)N(C)CCC341	0	1	0.7150311	0	0.8962864010270899	0.5882352941176471	0.6906050560583961	0.7275522463711503	1.0	Sex-only
COc1cccc(N2CCN(C3=Nc4c(F)cccc4C(CC(=O)O)N3c3cc(C(F)(F)F)ccc3OC)CC2)c1	0	0	0.22881313	0	0.8747337604884458	0.7303370786516854	0.748009895692619	0.753140551853176	0.9855072463768116	Sex-only
COc1cccc2c(O)c3c(c(O)c12)C(=O)C1=C(CC(O)(C(=O)CO)CC1OC1CC(N)C(O)C(C)O1)C3=O	1	1	0.773286	0	0.8830886342348511	0.7739130434782608	0.7751207729468599	0.7782417483971346	1.0	Sex-only
COc1cccc2c(O)c3c(c(O)c12)C(=O)C1=C(CC(O)(C(C)=O)CC1OC1CC(N)C(O)C(C)O1)C3=O	1	1	0.5997323	0	0.8905537577170739	0.7684210526315789	0.7764593301435406	0.7839200451970622	0.9873417721518988	Sex-only
C[N+]1(C)C2CC(OC(=O)C(O)(c3cccs3)c3cccs3)CC1C1OC12	1	1	0.6192516	0	0.8888756118662234	0.6206896551724138	0.6653458594668319	0.6864555720783346	1.0	Sex-only
C[N+]1(CC2CC2)CCC23c4c5ccc(O)c4OC2C(=O)CCC3(O)C1C5	0	0	0.31316018	0	0.8934973117934866	0.759493670886076	0.7880195239565415	0.7948653439970204	1.0	Sex-only
C[n+]1ccccc1C=NO	1	1	0.67572504	0	0.9142736327275655	0.7954545454545454	0.8056640372429846	0.8116315358420623	1.0	Sex-only
Cc1[nH]c2ccccc2c1CCNCc1ccc(C=CC(O)=NO)cc1	0	0	0.34664467	0	0.9031609746025424	0.7721518987341772	0.7893545866541647	0.7974257690090831	1.0	Sex-only
Cc1ccc(-n2[nH]c(C)c(N=Nc3cccc(-c4cccc(C(=O)O)c4)c3O)c2=O)cc1C	1	0	0.35013908	0	0.887780695847273	0.7303370786516854	0.7571305099394987	0.7711519498204582	0.9855072463768116	Sex-only
Cc1ccc(N(CC2=NCCN2)c2cccc(O)c2)cc1	1	0	0.3063373	0	0.8936996840619043	0.6274509803921569	0.6509803921568628	0.6974873191374693	1.0	Sex-only
Cc1cn2nc(-c3cc(=O)n4cc(N5CCNC6(CC6)C5)ccc4n3)cc(C)c2n1	0	0	0.4780327	0	0.8964813839293901	0.7446808510638298	0.7588409330891618	0.7756429261722598	1.0	Sex-only
Cc1ncc(OCC2(c3cccc(F)c3)CC2C(=O)Nc2ccc(F)cn2)c(C)n1	0	1	0.53464603	0	0.869872299585077	0.7317073170731707	0.7371974899360645	0.7437820722351834	0.9852941176470589	Sex-only
Clc1ccc2nsnc2c1NC1=NCCN1	1	1	0.6154489	0	0.927202991194133	0.8035714285714286	0.8137202380952381	0.8207010582010582	1.0	Sex-only
Clc1cccc(Cl)c1NC1=NCCN1	1	1	0.6310584	0	0.9135232526539153	0.7272727272727273	0.7538138087629299	0.771655342049986	1.0	Sex-only
Cn1c(=O)c2[nH]cnc2n(C)c1=O	1	1	0.57408464	0	0.9113267202437868	0.7317073170731707	0.7446624926019376	0.7573866849858937	1.0	Sex-only
Cn1c(=O)c2c(ncn2C)n(C)c1=O	0	1	0.62112474	0	0.911349972211809	0.7209302325581395	0.7573779409764722	0.7755157864019419	1.0	Sex-only
Cn1c(CCCC(=O)O)nc2cc(N(CCCl)CCCl)ccc21	1	1	0.6044714	0	0.8781526004409341	0.6052631578947368	0.6533388216363875	0.6837274640697061	0.9824561403508771	Sex-only
Cn1cc(-c2cc3c(N4CCN(c5ncc(C(C)(N)c6ccc(F)cc6)cn5)CC4)ncnn3c2)cn1	0	1	0.8415511	0	0.9098264450367974	0.7789473684210526	0.7889005504964757	0.7950795012450729	1.0	Sex-only
FC(F)OC(Cl)C(F)(F)F	1	0	0.44828564	0	0.9714101953244749	0.85	0.8749001175088132	0.8846832745285642	1.0	Sex-only
FC(F)OC(F)C(F)(F)F	1	0	0.49775097	0	0.9741043096135593	0.8333333333333334	0.8634883720930231	0.8770497579685533	1.0	Sex-only
FCOC(C(F)(F)F)C(F)(F)F	1	0	0.47172037	0	0.9612390528021285	0.8421052631578947	0.8510327926245769	0.8578970060035527	1.0	Sex-only
Fc1ccc(C2CCNCC2COc2ccc3c(c2)OCO3)cc1	1	0	0.45436746	0	0.9075755985707652	0.746031746031746	0.7530141352926164	0.7588621280604403	1.0	Sex-only
N#Cc1ccc(Oc2ccc3c(c2)COB3O)cc1	0	1	0.5034894	0	0.9206244796884604	0.75	0.76890756302521	0.7782529585598639	1.0	Sex-only
N#Cc1ccc2[nH]cc(CCCCN3CCN(c4ccc5oc(C(N)=O)cc5c4)CC3)c2c1	0	1	0.68072486	0	0.8897399865880075	0.7073170731707317	0.715567278706495	0.7231830971946075	1.0	Sex-only
N=C(N=C(N)NCCCCCCN=C(N)N=C(N)Nc1ccc(Cl)cc1)Nc1ccc(Cl)cc1	0	1	0.56866753	0	0.9147785493087836	0.7733333333333333	0.798090395480226	0.8075434975323833	1.0	Sex-only
NC(=O)C1CCC2CN1C(=O)N2OS(=O)(=O)O	0	0	0.3287887	0	0.9079011859712075	0.7796610169491526	0.7883049983145922	0.7935993019379652	1.0	Sex-only
NC(=O)CS(=O)C(c1ccccc1)c1ccccc1	0	1	0.8064702	0	0.8791416342951529	0.6938775510204082	0.6975298787591147	0.7057994275934475	1.0	Sex-only
NC(=O)OCC(COC(N)=O)c1ccccc1	0	1	0.7656338	0	0.8684418513706456	0.5526315789473685	0.6135011441647598	0.6408837387950296	1.0	Sex-only
NC(=O)OCC(N)Cc1ccccc1	0	1	0.565584	0	0.8721132717993892	0.5853658536585366	0.6259645232815965	0.6559874208367753	1.0	Sex-only
NC(=O)c1ccc2c(c1O)C13CCN(CC4CC4)C(C2)C1(O)CCC(=O)C3	0	0	0.38989225	0	0.8891795975719079	0.5441176470588235	0.7296397906153499	0.759002529603504	1.0	Sex-only
NC(=O)c1cccc2cn(-c3ccc(C4CCCNC4)cc3)nc12	1	1	0.62243456	0	0.88776124152015	0.7640449438202247	0.7702644421745545	0.7765048814632357	1.0	Sex-only
NC(O)=NO	0	0	0.267815	0	0.9650476933153657	0.75	0.8031986531986532	0.8132248410026188	1.0	Sex-only
NC1CCCCN(c2c(F)cc3c(=O)c(C(=O)O)cn(C4CC4)c3c2Cl)C1	0	1	0.53487194	0	0.8898861469445305	0.7444444444444445	0.7485323751144931	0.7591031005786945	1.0	Sex-only
NCC(=O)CCC(=O)O	0	0	0.3120022	0	0.9287804806845946	0.6129032258064516	0.6859139784946237	0.706989247311828	1.0	Sex-only
NCC(=O)O	1	0	0.3265545	0	0.9242484416912802	0.6363636363636364	0.6606060606060605	0.670047301626249	1.0	Sex-only
NCC1CCC(C(=O)O)CC1	1	0	0.19300061	0	0.9142561890887814	0.75	0.7630252100840336	0.7778711484593837	1.0	Sex-only
NCCCCC(NC(CCc1ccccc1)C(=O)O)C(=O)N1CCCC1C(=O)O	1	1	0.579819	0	0.87209660012341	0.6101694915254238	0.6590725449482513	0.6830399346960287	1.0	Sex-only
NCCCCCC(=O)O	1	0	0.18907917	0	0.92454522677239	0.6666666666666666	0.6963809523809523	0.7141901348352961	1.0	Sex-only
NNCCc1ccccc1	0	1	0.63751966	0	0.9044076130692983	0.75	0.7542908762420957	0.7581884551788989	1.0	Sex-only
NS(=O)(=O)Cc1noc2ccccc12	0	1	0.60648966	0	0.9024835669014568	0.7142857142857143	0.7593931459376203	0.7687559574872836	1.0	Sex-only
O=C(CCCCCCC(O)=NO)Nc1ccccc1	0	0	0.38381857	0	0.8859476260810811	0.7435897435897436	0.7523076923076923	0.760597999883714	1.0	Sex-only
O=C(CCCc1ccccc1)OCC(COC(=O)CCCc1ccccc1)OC(=O)CCCc1ccccc1	0	0	0.40905416	0	0.8785131368610709	0.48717948717948717	0.6132358252076562	0.6643161563472905	1.0	Sex-only
O=C(NC1CCNCC1)C1CCC2CN1C(=O)N2OS(=O)(=O)O	1	0	0.4521331	0	0.9110108349805174	0.7875	0.7989442815249266	0.804499230868323	1.0	Sex-only
O=C(NCc1c(F)cc(F)cc1F)c1cn2c(c(O)c1=O)C(=O)N1C3CCC(C3)OC1C2	0	0	0.38833433	0	0.8936942611164123	0.7714285714285715	0.7731141678688258	0.7764518677634905	0.9863013698630136	Sex-only
O=C(Nc1c(Cl)cncc1Cl)c1ccc(OC(F)F)c(OCC2CC2)c1	1	0	0.49396014	0	0.8733452820066407	0.7325581395348837	0.7395434023341	0.7488655222247423	0.9830508474576272	Sex-only
O=C(O)CCCc1ccc(N(CCCl)CCCl)cc1	1	1	0.5476882	0	0.8945853550167266	0.4634146341463415	0.6218717206728781	0.6883414321198529	1.0	Sex-only
O=C(O)CCc1nc(-c2ccccc2)c(-c2ccccc2)o1	0	1	0.52267826	0	0.884801947738723	0.7333333333333333	0.7500140473498474	0.7625248882115858	1.0	Sex-only
O=C(O)CNC(=O)c1ncc(-c2cccc(Cl)c2)cc1O	1	1	0.6383434	0	0.877519033269675	0.7090909090909091	0.7249062049062049	0.7376673107855903	1.0	Sex-only
O=C(O)Cc1ccccc1Nc1c(Cl)cccc1Cl	1	1	0.62206507	0	0.878585054582455	0.6428571428571429	0.6743575573362808	0.6999475713173255	1.0	Sex-only
O=C(O)c1ccc(-n2nc(-c3ccccc3O)nc2-c2ccccc2O)cc1	1	1	0.7853128	0	0.8773127173726029	0.7567567567567568	0.7575793184488837	0.7605599388208084	1.0	Sex-only
O=C(O)c1ccc2nc(-c3cc(Cl)cc(Cl)c3)oc2c1	1	0	0.4329207	0	0.892655445400713	0.75	0.7583703703703705	0.766337504817037	1.0	Sex-only
O=C(O)c1ccccc1O	0	1	0.6727563	0	0.8850446803638247	0.48	0.5172121212121212	0.5836363636363636	1.0	Sex-only
O=C(O)c1cccnc1	0	1	0.55238	0	0.884654063857627	0.4375	0.5978188077721185	0.641382499578985	1.0	Sex-only
O=C(O)c1cn(C2CC2)c2cc(N3CCNCC3)c(F)cc2c1=O	1	0	0.44176865	0	0.8934555660833021	0.7349397590361446	0.7466771558505938	0.7532117350104758	0.9841269841269841	Sex-only
O=C(OC1C[N+]2(CCCOc3ccccc3)CCC1CC2)C(O)(c1cccs1)c1cccs1	0	1	0.60492116	0	0.8850485811716031	0.5409836065573771	0.6719912532087414	0.7152088158851982	0.9836065573770492	Sex-only
O=C1C(CCC(O)c2ccc(F)cc2)C(c2ccc(O)cc2)N1c1ccc(F)cc1	1	1	0.84595233	0	0.8940365211033476	0.7361111111111112	0.7505465708295898	0.7571466278920959	0.9818181818181818	Sex-only
O=C1CCC2(O)C3Cc4ccc(O)c5c4C2(CCN3CC2CC2)C1O5	0	0	0.4874796	0	0.8946357578947414	0.5882352941176471	0.7360045467462346	0.757403998452248	1.0	Sex-only
O=S(=O)(Nc1ccccc1)c1cccc(C=CC(O)=NO)c1	1	1	0.5195448	0	0.9042161302483084	0.7384615384615385	0.749447633626738	0.7653641155358575	1.0	Sex-only
O=[N+]([O-])OC1COC2C(O)COC12	1	1	0.644746	0	0.9246452012323492	0.796875	0.812689393939394	0.8235729205636613	1.0	Sex-only
O=[N+]([O-])OC1COC2C(O[N+](=O)[O-])COC12	1	0	0.3714609	0	0.9390504735597813	0.819672131147541	0.8254624353467168	0.8350434532181589	1.0	Sex-only
O=[N+]([O-])OCC(CO[N+](=O)[O-])O[N+](=O)[O-]	1	1	0.57999015	0	0.9410258541996789	0.8043478260869565	0.813114421810074	0.8201470027556983	1.0	Sex-only
O=c1[nH]cnc2[nH]ncc12	1	0	0.2873723	0	0.9206044777869735	0.7058823529411765	0.7323529411764707	0.7566593380296437	1.0	Sex-only
OB1OCc2cc(F)ccc21	0	1	0.61773354	0	0.9200280491618122	0.8	0.8032162373145979	0.809967506688818	1.0	Sex-only
OC(CNCC(O)C1CCc2cc(F)ccc2O1)C1CCc2cc(F)ccc2O1	1	1	0.68738467	0	0.8915590379231971	0.7692307692307693	0.77407320175232	0.7788959659839672	1.0	Sex-only
OC(c1cc(C(F)(F)F)nc2c(C(F)(F)F)cccc12)C1CCCCN1	0	1	0.74362874	0	0.889945562679349	0.7466666666666667	0.7576539235412475	0.7682221067585427	1.0	Sex-only
OC(c1ccccc1)(c1ccccc1)C12CC[N+](CCOCc3ccccc3)(CC1)CC2	1	0	0.47012028	0	0.8959479232498381	0.711864406779661	0.7324804082376527	0.7415866947508527	1.0	Sex-only
OC1COC2C(O)COC12	1	1	0.51869524	0	0.9395424982556606	0.8461538461538461	0.8486064659977703	0.8521703739095042	1.0	Sex-only
OCC1NCC(O)C(O)C1O	1	1	0.8125853	0	0.9282751886042712	0.7666666666666667	0.7865724751439037	0.8013009477295191	1.0	Sex-only
OCCN1CC(O)C(O)C(O)C1CO	1	1	0.7757618	0	0.9191398476167061	0.7941176470588235	0.7960144057623049	0.7985655080745748	1.0	Sex-only
Oc1c(C2=CCC(c3ccc(Cl)cc3)CC2)c(O)c2ccccc2c1O	0	0	0.4624257	0	0.9106267231638843	0.7714285714285715	0.7773589122741665	0.7882041090351642	1.0	Sex-only
c1ccc2c(CC3=NCCN3)cccc2c1	0	1	0.55310625	0	0.9048958869795364	0.6046511627906976	0.6311937984496124	0.6844454884764963	1.0	Sex-only
c1ccc2c(c1)CCCC2C1=NCCN1	0	1	0.7749413	0	0.910452338813688	0.7142857142857143	0.7357142857142858	0.7519981325863679	1.0	Sex-only
Brc1c(NC2=NCCN2)ccc2nccnc12	1	1	0.8483715	0	0.927076987378127	0.7894736842105263	0.7934160798822453	0.7995537374210043	1.0	Sex-only
C=C(C)C1CCC(C)=CC1c1c(O)cc(CCCCC)cc1O	0	1	0.6894701	0	0.9046457356198587	0.7272727272727273	0.7675757575757576	0.783995633995634	1.0	Sex-only
C=C(CC)C(=O)c1ccc(OCC(=O)O)c(Cl)c1Cl	1	0	0.3637528	0	0.8821823442964185	0.75	0.7604960677555959	0.7678519414756558	1.0	Sex-only
C=C(c1ccc(C(=O)O)cc1)c1cc2c(cc1C)C(C)(C)CCC2(C)C	0	1	0.6973422	0	0.8812690508976458	0.74	0.7413159041394335	0.7462362915957688	1.0	Sex-only
C=C1C(=CC=C2CCCC3(C)C2CCC3C(C)C=CC(C)C(C)C)CC(O)CC1O	1	0	0.47304007	0	0.9184458512408623	0.7974683544303798	0.8088709602633652	0.815529474799765	1.0	Sex-only
C=C1C(=CC=C2CCCC3(C)C2CCC3C(C)C=CC(O)C2CC2)CC(O)CC1O	0	0	0.4820767	0	0.9227773540484341	0.7721518987341772	0.7972453147177243	0.8048880266167853	1.0	Sex-only
C=C1C(=CC=C2CCCC3(C)C2CCC3C(C)CCCC(C)(C)O)CC(O)CC1O	0	1	0.5780926	0	0.9211864618698885	0.8048780487804879	0.8088043938752042	0.8122310564107524	1.0	Sex-only
C=C1CCC(O)CC1=CC=C1CCCC2(C)C1CCC2C(C)C=CC(C)C(C)C	0	1	0.5173724	0	0.9273599696749815	0.7922077922077922	0.8091590755066577	0.8209730326295485	1.0	Sex-only
C=C1CCC(O)CC1=CC=C1CCCC2(C)C1CCC2C(C)CCCC(C)(C)O	1	1	0.5749683	0	0.9225226474111173	0.8024691358024691	0.816532788199455	0.8220316804764902	1.0	Sex-only
C=C1CCC(O)CC1=CC=C1CCCC2(C)C1CCC2C(C)CCCC(C)C	0	1	0.6644929	0	0.9239558191910759	0.7948717948717948	0.8062328614960194	0.8145956216686839	1.0	Sex-only
C=CC(=O)Nc1cc(Nc2ncc(C(=O)OC(C)C)c(-c3cn(C)c4ccccc34)n2)c(OC)cc1N(C)CCN(C)C	0	1	0.8267281	0	0.8783238033895278	0.26744186046511625	0.5552223582211342	0.6422650328199083	1.0	Sex-only
C=CC(N)CCC(=O)O	1	0	0.1824502	0	0.9240575636244373	0.625	0.6633333333333333	0.7010196514645903	1.0	Sex-only
C=CC1=C(C(=O)O)N2C(=O)C(=NC(=O)C(NOCC(=O)O)c3csc(N)n3)C2SC1	0	0	0.07551358	0	0.8916769670792931	0.5747126436781609	0.6517032392894462	0.6903447334481817	1.0	Sex-only
C=CCN1CCC23c4c5ccc(O)c4OC2C(=O)CCC3(O)C1C5	1	1	0.5741198	0	0.8976523638958902	0.7066666666666667	0.7549529813501443	0.7699404153373676	1.0	Sex-only
C=CCN1CCC23c4c5ccc(O)c4OC2C(OCCOCCOCCOCCOCCOCCOCCOC)CCC3(O)C1C5	0	1	0.72894937	0	0.8940440368171864	0.7325581395348837	0.7662516154630562	0.7799952810506217	1.0	Sex-only
C=CC[N+]1(C2CC3C4CCC5CC(O)C(N6CCOCC6)CC5(C)C4CCC3(C)C2OC(C)=O)CCCC1	1	1	0.5583705	0	0.908399755261597	0.7802197802197802	0.785420097541601	0.7905642420297564	0.989247311827957	Sex-only
C=c1c(N)c(O)c2c(c1O)N1CC3NC3C1(OC)C=2COC(N)=O	1	0	0.43213922	0	0.8966106905582398	0.7752808988764045	0.7878752541090817	0.7963088252144348	1.0	Sex-only
CC(=Cc1csc(C)n1)C1CC2OC2(C)CCCC(C)C(O)C(C)C(=O)C(C)(C)C(O)CC(=O)N1	1	1	0.7711333	0	0.9064154178428833	0.7976190476190477	0.8037952638099913	0.8072644671912824	1.0	Sex-only
CC(=O)C1(O)C=C2C(=O)c3c(c(O)c4ccccc4c3O)C(=O)C2C(OC2CC(N)C(O)C(C)O2)C1	1	1	0.8774525	0	0.8887978250436079	0.7662337662337663	0.7711993888464477	0.7754565635976323	0.9857142857142858	Sex-only
CC(=O)CCCCn1c(=O)c2c(ncn2C)n(C)c1=O	1	1	0.7231705	0	0.8910502878193641	0.7115384615384616	0.753479020979021	0.7673729048729049	1.0	Sex-only
CC(=O)N(O)CCCCCNC(=O)CCC(=O)N(O)CCCCCNC(=O)CCC(=O)N(O)CCCCCN	1	1	0.5687532	0	0.9209138330064235	0.7017543859649122	0.7570653907496012	0.7790223421802369	1.0	Sex-only
CC(=O)NCCCS(=O)(=O)O	1	1	0.7729163	0	0.9206076168472239	0.7441860465116279	0.7660402168211226	0.7736492622809308	1.0	Sex-only
CC(=O)OC1CC2CCC3C(CCC4(C)C3CC([N+]3(C)CCCCC3)C4OC(C)=O)C2(C)CC1N1CCCCC1	1	1	0.75146174	0	0.9233674374822887	0.7849462365591398	0.7926512403176783	0.7975181624377848	1.0	Sex-only
CC(=O)Oc1cc2c(s1)CCN(C(C(=O)C1CC1)c1ccccc1F)C2	1	0	0.19640014	0	0.8758195080001256	0.5857142857142857	0.6917199601257572	0.7259271708861277	0.984375	Sex-only
CC(=O)Oc1ccc2c3c1OC1C(OC(C)=O)C=CC4C(C2)N(C)CCC341	1	0	0.36399785	0	0.8888984575625279	0.7051282051282052	0.7334798534798536	0.7466058839264582	0.9841269841269841	Sex-only
CC(=O)Oc1ccccc1C(=O)O	1	0	0.3669257	0	0.8752189062387624	0.5833333333333334	0.6419119640049872	0.6733726078687319	1.0	Sex-only
CC(C(=O)O)c1ccc(-c2ccccc2)c(F)c1	0	1	0.8422726	0	0.8710051180453157	0.5714285714285714	0.6685983827493261	0.6993513201470543	1.0	Sex-only
CC(C(=O)O)c1cccc(C(=O)c2ccccc2)c1	1	1	0.51932293	0	0.87288558777831	0.575	0.6258230958230958	0.6579484727081981	1.0	Sex-only
CC(C)(C)C(O)C=Cc1ccc2c(c1)OCO2	0	0	0.4997801	0	0.9043417435122222	0.75	0.7686868686868686	0.7847923681257015	1.0	Sex-only
CC(C)(C)NC(=O)C1CCC2C3CCC4NC(=O)C=CC4(C)C3CCC12C	0	1	0.92925656	0	0.8993426988672112	0.6714285714285714	0.6871562538058702	0.7060841302937566	1.0	Sex-only
CC(C)(N)Cc1ccccc1	1	1	0.5838713	0	0.8919464613264327	0.6666666666666666	0.6986231884057971	0.7128522932870759	1.0	Sex-only
CC(C)(NC(=O)C1CC2(O)C3Cc4ccc(O)c5c4C2(CCN3CC2CC2)C(O5)C1=O)c1nc(-c2ccccc2)no1	0	0	0.4236073	0	0.8796791860946231	0.6847826086956522	0.7452134024730753	0.7584678923276021	0.9879518072289156	Sex-only
CC(C)Cc1ccc(C(C)C(=O)O)cc1	1	1	0.9071119	0	0.8757170604765002	0.5789473684210527	0.631578947368421	0.6610611527031902	1.0	Sex-only
CC(C)N=C(N)N=C(N)Nc1ccc(Cl)cc1	0	1	0.60295814	0	0.9036921160923357	0.75	0.7548279689234183	0.7604828362497146	1.0	Sex-only
CC(C)N=c1cc2n(-c3ccc(Cl)cc3)c3ccccc3nc-2cc1Nc1ccc(Cl)cc1	1	1	0.5579777	0	0.9037220318238253	0.782608695652174	0.7835190170908388	0.7853273708419555	1.0	Sex-only
CC(C)OC(=O)CCCC=CCC1C(O)CC(O)C1CCC(O)CCc1ccccc1	1	0	0.1630527	0	0.8750802496555621	0.3088235294117647	0.418891440460068	0.5129499411118492	1.0	Sex-only
CC(C)c1nc(CN(C)C(=O)NC(CCN2CCOCC2)C(=O)NC(CCC(Cc2ccccc2)NC(=O)OCc2cncs2)Cc2ccccc2)cs1	0	1	0.7434856	0	0.8782861929015394	0.375	0.5599159663865546	0.6482621237990748	1.0	Sex-only
CC(C)n1nccc1-c1ncccc1COc1cccc(O)c1C=O	1	1	0.5497212	0	0.8830130221296725	0.7746478873239436	0.7885358577897084	0.7916319411217931	1.0	Sex-only
CC(C=CC(C)C(C)(C)O)C1CCC2C(=CC=C3CC(O)CC(O)C3)CCCC21C	1	1	0.526495	0	0.9182784309472927	0.7866666666666666	0.7990810548285051	0.8062868679090146	1.0	Sex-only
CC(CCC(=O)O)C1CCC2C3C(O)CC4CC(O)CCC4(C)C3CC(O)C12C	1	1	0.5627507	0	0.9037703767213371	0.7567567567567568	0.7622832509929284	0.7635778409655702	1.0	Sex-only
CC(CCC(=O)O)C1CCC2C3C(O)CC4CC(O)CCC4(C)C3CCC12C	0	1	0.55906904	0	0.9000479261003633	0.7246376811594203	0.7569827286792333	0.7615492030482538	1.0	Sex-only
CC(CCC(=O)O)C1CCC2C3CCC4CC(O)CCC4(C)C3CC(O)C12C	0	1	0.5979284	0	0.9129226222145082	0.7534246575342466	0.7591968727193417	0.7616081084925719	1.0	Sex-only
CC(CCc1ccccc1)NCC(O)c1ccc(O)c(C(N)=O)c1	1	1	0.9719414	0	0.870849077659835	0.5686274509803921	0.5862026764572856	0.6002892004001009	1.0	Sex-only
CC(Cc1ccccc1)NC(=O)C(N)CCCCN	1	1	0.7638909	0	0.8685599315492848	0.6923076923076923	0.7028329868329868	0.7103116740927686	1.0	Sex-only
CC(N)(Cc1ccc(O)cc1)C(=O)O	1	1	0.7892516	0	0.8746315603149479	0.3333333333333333	0.5027737924438067	0.5887164065069374	1.0	Sex-only
CC(N)Cc1ccccc1	1	1	0.5746679	0	0.8865016747446323	0.5757575757575758	0.6139258590871494	0.6556705257893714	1.0	Sex-only
CC(OC(=O)NCC1(CC(=O)O)CCCCC1)OC(=O)C(C)C	1	1	0.75872326	0	0.9027617737729356	0.55	0.6611594202898552	0.7017601159662897	0.9863013698630136	Sex-only
CC(OC1OCCN(Cc2n[nH]c(=O)[nH]2)C1c1ccc(F)cc1)c1cc(C(F)(F)F)cc(C(F)(F)F)c1	0	1	0.620262	0	0.8849439091838033	0.7555555555555555	0.7600516795865633	0.7689614594194357	0.9857142857142858	Sex-only
CC(OC1OCCN(Cc2nc(=O)n(P(=O)(O)O)[nH]2)C1c1ccc(F)cc1)c1cc(C(F)(F)F)cc(C(F)(F)F)c1	1	1	0.691015	0	0.8800997931618566	0.7604166666666666	0.7751737102608034	0.7817042593109093	0.9871794871794872	Sex-only
CC(OCC1(c2ccccc2)CCC2(CCC(=O)N2)CN1)c1cc(C(F)(F)F)cc(C(F)(F)F)c1	0	1	0.5391772	0	0.8880991455183963	0.7590361445783133	0.764680640369698	0.7688828672541104	0.9859154929577465	Sex-only
CC(Oc1c(Cl)cccc1Cl)C1=NCCN1	0	1	0.7529256	0	0.8978942406405902	0.7636363636363637	0.767336898395722	0.7740465038368669	1.0	Sex-only
CC1(C)OC2COC3(COS(N)(=O)=O)OC(C)(C)OC3C2O1	1	0	0.4293609	0	0.9291839801799632	0.8297872340425532	0.8366861035176889	0.8419718063090205	1.0	Sex-only
CC1(C)SC2C(NC(=O)Cc3ccccc3)C(=O)N2C1C(=O)O	0	0	0.49771267	0	0.8545678202202578	0.26	0.3257948717948718	0.37299450549450547	1.0	Sex-only
CC12OC(CC1(O)CO)n1c3ccccc3c3c4c(c5c6ccccc6n2c5c31)CNC4=O	1	0	0.43697506	0	0.8816004916331961	0.7764705882352941	0.778030095759234	0.7839957124498848	1.0	Sex-only
CC1C(=NC(=O)C(NOC(C)(C)C(=O)O)c2csc(N)n2)C(=O)N1S(=O)(=O)O	1	0	0.44567823	0	0.8918601406232474	0.7128712871287128	0.7435860834273026	0.7556401535000642	0.9850746268656716	Sex-only
CC1CCC(C(C)C)C(O)C1	0	1	0.7480105	0	0.9218993918788808	0.8260869565217391	0.8304347826086957	0.8327331283853021	1.0	Sex-only
CC1CCOC2Cn3cc(C(=O)NCc4ccc(F)cc4F)c(=O)c(O)c3C(=O)N12	0	1	0.80217594	0	0.8782635849362311	0.7419354838709677	0.7558805431695003	0.7622922001098812	0.9848484848484849	Sex-only
CC1COC2Cn3cc(C(=O)NCc4ccc(F)cc4F)c(=O)c(O)c3C(=O)N12	0	1	0.8468678	0	0.8772696676506065	0.7362637362637363	0.755111555111555	0.765388772447596	0.984375	Sex-only
CC1COc2c(N3CCN(C)CC3)c(F)cc3c(=O)c(C(=O)O)cn1c23	1	1	0.6583481	0	0.8924544885289689	0.7684210526315789	0.7740350877192982	0.778174960898073	0.9833333333333333	Sex-only
CCC(=O)N(c1ccccc1)C1CCN(CCc2ccccc2)CC1	1	1	0.639764	0	0.8582144435062009	0.578125	0.6022311597748959	0.6347790865239482	1.0	Sex-only
CCC(=O)OC(OP(=O)(CCCCc1ccccc1)CC(=O)N1CC(C2CCCCC2)CC1C(=O)O)C(C)C	1	1	0.83146024	0	0.8759561340766504	0.6941176470588235	0.7271034431471703	0.7438011622750675	1.0	Sex-only
CCC1=C(C)c2cc3[nH]c(cc4[nH]c(cc5nc(cc1n2)C(C)=C5C(C)O)c(C)c4CCC(=O)O)c(CCC(=O)O)c3C	1	1	0.542692	0	0.891746375703389	0.7843137254901961	0.7871670486376369	0.7915971811592045	1.0	Sex-only
CCC1C(O)C2C3CCC(C(C)CCC(=O)O)C3(C)CCC2C2(C)CCC(O)CC12	1	1	0.549852	0	0.9098626843872469	0.7534246575342466	0.7703996728250633	0.7773777662476237	1.0	Sex-only
CCC1CN(C(=O)NCC(F)(F)F)CC1c1cnc2cnc3[nH]ccc3n12	1	1	0.7427396	0	0.8811305524232631	0.75	0.767094017094017	0.7728290913991709	0.9838709677419355	Sex-only
CCCCC(CC)COC(=O)C(C#N)=C(c1ccccc1)c1ccccc1	1	1	0.86762613	0	0.874942683616382	0.49019607843137253	0.5883489627735152	0.6575614440306325	1.0	Sex-only
CCCCCCCCCCCCC[N+](C)(C)Cc1ccccc1	1	1	0.8417479	0	0.9021886840499675	0.6857142857142857	0.7114950166112957	0.7374308557858682	1.0	Sex-only
CCCCCc1cc(O)c2c(c1)OC(C)(C)C1CCC(C)=CC21	0	1	0.70759326	0	0.9022099467733011	0.7741935483870968	0.7816101924640824	0.7851065374864716	1.0	Sex-only
CCCCN1CC(O)C(O)C(O)C1CO	0	1	0.9149523	0	0.9036790921489873	0.7222222222222222	0.7547901518050771	0.7738883927938653	1.0	Sex-only
CCCNC(C)C(=O)Nc1c(C)csc1C(=O)OC	1	1	0.9105447	0	0.8904010149607734	0.7407407407407407	0.7521255245393176	0.758679690081569	1.0	Sex-only
CCCNC(C)C(=O)Nc1ccccc1C	1	1	0.95886034	0	0.871146900451425	0.6808510638297872	0.6942249240121581	0.7088575491608018	1.0	Sex-only
CCCNCC(O)COc1ccccc1C(=O)CCc1ccccc1	1	1	0.9708222	0	0.8706123362116798	0.6229508196721312	0.626397184760863	0.6314508974226052	1.0	Sex-only
CCCSc1nc(NC2CC2c2ccc(F)c(F)c2)c2nnn(C3CC(OCCO)C(O)C3O)c2n1	1	1	0.53907496	0	0.8967867191253337	0.782608695652174	0.791067895574965	0.7964271722108386	1.0	Sex-only
CCCc1nn(C)c2c(=O)[nH]c(-c3cc(S(=O)(=O)N4CCN(C)CC4)ccc3OCC)nc12	1	1	0.5887306	0	0.8865173226059615	0.7441860465116279	0.7652965394458662	0.7733483344254457	1.0	Sex-only
CCN(CC)CCOC(=O)C1(C2CCCCC2)CCCCC1	1	1	0.5881244	0	0.9008203869002549	0.6382978723404256	0.6645015388732771	0.6826595850883286	1.0	Sex-only
CCN(Cc1ccncc1)C(=O)C(CO)c1ccccc1	0	1	0.6478372	0	0.871885650996356	0.6666666666666666	0.6755580253774196	0.684991478610295	1.0	Sex-only
CCNC(=O)CCCC=CCC1C(O)CC(O)C1C=CC(O)CCc1ccccc1	0	0	0.2401734	0	0.8711716053973539	0.5443037974683544	0.5474901243657033	0.5545557604099554	1.0	Sex-only
CCOC(=O)C(C)CC(Cc1ccc(-c2ccccc2)cc1)NC(=O)CCC(=O)O	1	0	0.44834846	0	0.8663473154237854	0.6901408450704225	0.7068008632769749	0.7126808074671719	1.0	Sex-only
CCOC(=O)C(CCc1ccccc1)NC(C)C(=O)N1C(C(=O)O)CC2CCCC21	1	1	0.7976177	0	0.8542323149065855	0.22807017543859648	0.5192138099258842	0.6082197273734942	1.0	Sex-only
CCOC(=O)C(CCc1ccccc1)NC(C)C(=O)N1C(C(=O)O)CC2CCCCC21	1	1	0.8117223	0	0.8540369796272207	0.19642857142857142	0.5021837898075521	0.5976477372047981	1.0	Sex-only
CCOC(=O)C(CCc1ccccc1)NC(C)C(=O)N1CCCC1C(=O)O	1	1	0.86166656	0	0.8519381821802895	0.484375	0.542159090909091	0.6089609328579918	1.0	Sex-only
CCOC(=O)C(CCc1ccccc1)NC(C)C(=O)N1Cc2ccccc2CC1C(=O)O	1	1	0.78199935	0	0.8604135505178575	0.5441176470588235	0.638370421482376	0.6749951222436992	1.0	Sex-only
CCOC(=O)C(CCc1ccccc1)NC1CCc2ccccc2N(CC(=O)O)C1=O	1	1	0.62785554	0	0.853628733363706	0.7123287671232876	0.7132375104033111	0.7146732319108658	1.0	Sex-only
CCON=C(C(=O)NC1C(=O)N2C(C(=O)[O-])=C(Sc3nc(-c4cc[n+](C)cc4)cs3)CSC12)c1nsc(NP(=O)(O)O)n1	1	1	0.5307278	0	0.8926845366143414	0.6017699115044248	0.6222394961333014	0.6445594287809416	1.0	Sex-only
CCOc1cc(CC(=O)NC(CC(C)C)c2ccccc2N2CCCCC2)ccc1C(=O)O	1	1	0.82468593	0	0.856622468360289	0.7078651685393258	0.7202183778213741	0.7270081728446527	0.9838709677419355	Sex-only
CCc1ccc(CCOc2ccc(Cc3sc(=O)[nH]c3O)cc2)nc1	1	1	0.5546591	0	0.8915389616815741	0.7575757575757576	0.7655005604389121	0.7706295054258762	1.0	Sex-only
CN(CCCl)CCCl	0	1	0.8031242	0	0.9521609491374651	0.7647058823529411	0.7721078431372549	0.7842131570072746	1.0	Sex-only
CN(CCOc1ccc(Cc2sc(=O)[nH]c2O)cc1)c1ccccn1	1	0	0.38406652	0	0.8834213316352377	0.640625	0.6788034028812717	0.7041001448530186	1.0	Sex-only
CN(CCOc1ccc(NS(C)(=O)=O)cc1)CCc1ccc(NS(C)(=O)=O)cc1	1	1	0.8438672	0	0.8957747045239199	0.6231884057971014	0.6518394648829432	0.6715223284862195	1.0	Sex-only
CN1CCC(COc2cnc(-c3cccc(Cn4nc(-c5cccc(C#N)c5)ccc4=O)c3)nc2)CC1	0	0	0.3768378	0	0.8792864569568917	0.7126436781609196	0.7296683743022372	0.7374812874644074	1.0	Sex-only
CN1CCC23CCCCC2C1Cc1ccc(O)cc13	0	1	0.57200414	0	0.894744626073204	0.6166666666666667	0.6743502413042339	0.6989420993805777	1.0	Sex-only
CN1CCC23c4c5ccc(O)c4OC2C(=O)CCC3(O)C1C5	0	1	0.63414806	0	0.8805660405056843	0.7397260273972602	0.7494836670179136	0.7586787097687573	1.0	Sex-only
CN1CCC23c4c5ccc(O)c4OC2C(=O)CCC3C1C5	1	1	0.6499443	0	0.8771924980238422	0.7323943661971831	0.7413506681112315	0.7522134179300708	1.0	Sex-only
CN1CCC23c4c5ccc(O)c4OC2C(O)C=CC3C1C5	1	1	0.771794	0	0.9009042566207464	0.7083333333333334	0.7457509157509158	0.7675193566497914	1.0	Sex-only
CN1CCc2cccc3c2C1Cc1ccc(O)c(O)c1-3	0	1	0.72250515	0	0.895731800589849	0.7407407407407407	0.7472396925227114	0.7547260974382237	1.0	Sex-only
CN1CCc2nc(C(=O)NC3CC(C(=O)N(C)C)CCC3NC(=O)C(=O)Nc3ccc(Cl)cn3)sc2C1	1	1	0.68212456	0	0.8854708235856492	0.7395833333333334	0.7481608902480463	0.7553880600815046	0.987012987012987	Sex-only
CN1c2ccccc2C(NCCCCCCC(=O)O)c2ccc(Cl)cc2S1(=O)=O	1	0	0.18795623	0	0.8640794202812306	0.7164179104477612	0.719246902741196	0.724242803039857	0.9827586206896551	Sex-only
CNC(=O)c1ccccc1Sc1ccc2c(C=Cc3ccccn3)[nH]nc2c1	1	0	0.4715958	0	0.8882287102613117	0.7241379310344828	0.7505899166818707	0.7648779960401927	1.0	Sex-only
CNC(C)Cc1ccccc1	1	1	0.7091646	0	0.8922481405033498	0.6	0.6133664185277088	0.6483587785974358	1.0	Sex-only
CNNCc1ccc(C(=O)NC(C)C)cc1	0	1	0.81889296	0	0.86853661322472	0.6862745098039216	0.6907185951303598	0.6946811461239873	1.0	Sex-only
COC(=O)C(c1ccccc1)C1CCCCN1	1	1	0.95306486	0	0.8526175457544655	0.6785714285714286	0.6828571428571429	0.6951960586494486	1.0	Sex-only
COC(=O)C(c1ccccc1)C1CCCCN1C(=O)OC[n+]1cccc(C(=O)NC(CO)C(=O)[O-])c1	1	1	0.67644477	0	0.8687267472214559	0.6962025316455697	0.7115239859451036	0.7281866745704996	1.0	Sex-only
COC(=O)CC(O)(CCCC(C)(C)O)C(=O)OC1C(OC)=CC23CCCN2CCc2cc4c(cc2C13)OCO4	0	1	0.5830667	0	0.8893576006867482	0.7818181818181819	0.7860367313327078	0.7893343752913928	0.9866666666666667	Sex-only
COC(=O)NC(C(=O)N1CCCC1c1nc(-c2ccc(-c3ccc(-c4c[nH]c(C5CCCN5C(=O)C(NC(=O)OC)C(C)C)n4)cc3)cc2)c[nH]1)C(C)C	1	1	0.8752553	0	0.8734850229928214	0.691358024691358	0.721966052073579	0.7339060839658211	1.0	Sex-only
COC1(NC(O)=c2sc(=C(C(N)=O)C(=O)O)s2)C(=O)N2C(C(=O)O)=C(CSc3nnnn3C)CSC21	1	1	0.7201822	0	0.8993348005477729	0.5617977528089888	0.602710253949949	0.6433215572130715	1.0	Sex-only
COC12CCC3(CC1C(C)(O)C(C)(C)C)C1Cc4ccc(O)c5c4C3(CCN1CC1CC1)C2O5	1	1	0.63543165	0	0.8995341056608219	0.6987951807228916	0.7558826316501963	0.7734674283056178	1.0	Sex-only
COC1C(N(C)C(=O)c2ccccc2)CC2OC1(C)n1c3ccccc3c3c4c(c5c6ccccc6n2c5c31)C(=O)NC4	1	1	0.8625512	0	0.8850588685989039	0.7888888888888889	0.7947044917257683	0.7980242345336394	1.0	Sex-only
COC1C=COC2(C)Oc3c(C)c(O)c4c(O)c(c5c(nc6cc(C)ccn65)c4c3C2=O)NC(=O)C(C)=CC=CC(C)C(O)C(C)C(O)C(C)C(OC(C)=O)C1C	1	0	0.47435188	0	0.8996809876546378	0.8031496062992126	0.8051985027295316	0.8082258425926744	1.0	Sex-only
COCC(NC(C)=O)C(=O)NCc1ccccc1	1	1	0.81611717	0	0.8632773964654736	0.6585365853658537	0.6942479674796748	0.7070167180125974	1.0	Sex-only
COCC1=C(C(=O)O)N2C(=O)C(=NC(=O)C(NOC)c3csc(N)n3)C2SC1	0	1	0.503744	0	0.8823861966248168	0.5888888888888889	0.6169286379187369	0.6456004938849449	1.0	Sex-only
COCCCCC(=NOCCN)c1ccc(C(F)(F)F)cc1	1	0	0.28737712	0	0.901350730525858	0.7377049180327869	0.7478092399403875	0.7573083936072708	1.0	Sex-only
CON=C1CN(c2nc3c(cc2F)c(=O)c(C(=O)O)cn3C2CC2)CC1CN	1	1	0.58552754	0	0.8791228163690338	0.7653061224489796	0.771960958296362	0.7786219757523896	0.984375	Sex-only
COc1c(C)c2c(c(O)c1CC=C(C)CCC(=O)O)C(=O)OC2	1	0	0.25244617	0	0.8963426746722438	0.7706422018348624	0.7744458641643078	0.7768359588282314	0.9861111111111112	Sex-only
COc1c(C)c2c(c(O)c1CC=C(C)CCC(=O)OCCN1CCOCC1)C(=O)OC2	1	0	0.18559562	0	0.8952449887397428	0.776595744680851	0.7828807221147646	0.7876951771423918	0.9873417721518988	Sex-only
COc1c(N2CC3CCCNC3C2)c(F)cc2c(=O)c(C(=O)O)cn(C3CC3)c12	1	1	0.86237055	0	0.8844385213851103	0.7604166666666666	0.7708902343611082	0.7788523280028135	0.9855072463768116	Sex-only
COc1c(OCCCN2CCOCC2)ccc2c3n(c(=NC(=O)c4cnc(N)nc4)nc12)CCN3	1	1	0.7814396	0	0.8829517506757824	0.6804123711340206	0.6986955606985061	0.7225235206360743	1.0	Sex-only
COc1cc(Nc2ncc(F)c(Nc3ccc4c(n3)N(COP(=O)(O)O)C(=O)C(C)(C)O4)n2)cc(OC)c1OC	0	0	0.31211004	0	0.8858096279899952	0.7333333333333333	0.7432396251673359	0.7552721895683121	0.9866666666666667	Sex-only
COc1ccc(-c2ccc3cc(C(=O)O)ccc3c2)cc1C12CC3CC(CC(C3)C1)C2	0	1	0.5354475	0	0.8713178057190447	0.7272727272727273	0.7337662337662338	0.7435241064273321	1.0	Sex-only
COc1ccc(C2Sc3ccccc3N(CCN(C)C)C(=O)C2OC(C)=O)cc1	1	1	0.59476155	0	0.8756372547164201	0.6764705882352942	0.703670942061035	0.7191334293501477	0.9841269841269841	Sex-only
COc1ccc(CCN(C)CCCC(C#N)(c2ccc(OC)c(OC)c2)C(C)C)cc1OC	1	1	0.92852294	0	0.9066864384811608	0.7532467532467533	0.7649623649623649	0.7726601059934394	1.0	Sex-only
COc1ccc(CN(C(=O)C(N)Cc2c(C)cc(C(N)=O)cc2C)C(C)c2nc(-c3ccccc3)c[nH]2)cc1C(=O)O	0	1	0.5659879	0	0.8774101348365326	0.7319587628865979	0.7495122836225481	0.7558349231510831	1.0	Sex-only
COc1ccc2c(c1)C13CCCCC1C(C2)N(C)CC3	1	1	0.65213156	0	0.8994460718606485	0.6721311475409836	0.7201511603150947	0.7360816782968805	1.0	Sex-only
COc1ccc2c3c1OC1C(=O)CCC4(O)C(C2)N(C)CCC314	1	1	0.6973794	0	0.8776283859333855	0.625	0.6803860523038605	0.705284157685753	1.0	Sex-only
COc1ccc2c3c1OC1C(=O)CCC4C(C2)N(C)CCC314	1	1	0.7048805	0	0.8818785457979603	0.6338028169014085	0.6900491556936557	0.7151323710840339	1.0	Sex-only
COc1ccc2c3c1OC1C(O)C=CC4C(C2)N(C)CCC341	0	1	0.81910706	0	0.8962864010270899	0.5882352941176471	0.6906050560583961	0.7275522463711503	1.0	Sex-only
COc1ccc2c3c1OC1C(O)CCC4C(C2)N(C)CCC341	1	1	0.7125885	0	0.8899461208779461	0.6029411764705882	0.6768224036025894	0.7112607695479339	1.0	Sex-only
COc1cccc(N2CCN(C3=Nc4c(F)cccc4C(CC(=O)O)N3c3cc(C(F)(F)F)ccc3OC)CC2)c1	0	0	0.33162302	0	0.8747337604884458	0.7303370786516854	0.748009895692619	0.753140551853176	0.9855072463768116	Sex-only
COc1cccc2c(O)c3c(c(O)c12)C(=O)C1=C(CC(O)(C(=O)CO)CC1OC1CC(N)C(O)C(C)O1)C3=O	1	1	0.832445	0	0.8830886342348511	0.7739130434782608	0.7751207729468599	0.7782417483971346	1.0	Sex-only
COc1cccc2c(O)c3c(c(O)c12)C(=O)C1=C(CC(O)(C(C)=O)CC1OC1CC(N)C(O)C(C)O1)C3=O	1	1	0.6760242	0	0.8905537577170739	0.7684210526315789	0.7764593301435406	0.7839200451970622	0.9873417721518988	Sex-only
C[N+]1(C)C2CC(OC(=O)C(O)(c3cccs3)c3cccs3)CC1C1OC12	1	1	0.7684152	0	0.8888756118662234	0.6206896551724138	0.6653458594668319	0.6864555720783346	1.0	Sex-only
C[N+]1(CC2CC2)CCC23c4c5ccc(O)c4OC2C(=O)CCC3(O)C1C5	0	1	0.50880736	0	0.8934973117934866	0.759493670886076	0.7880195239565415	0.7948653439970204	1.0	Sex-only
Cc1[nH]c2ccccc2c1CCNCc1ccc(C=CC(O)=NO)cc1	1	0	0.38478428	0	0.9031609746025424	0.7721518987341772	0.7893545866541647	0.7974257690090831	1.0	Sex-only
Cc1cc(C(=O)NNCc2ccccc2)no1	1	1	0.7269476	0	0.8651981304405976	0.7049180327868853	0.7141235813366961	0.7230418666626792	1.0	Sex-only
Cc1ccc(-n2[nH]c(C)c(N=Nc3cccc(-c4cccc(C(=O)O)c4)c3O)c2=O)cc1C	1	0	0.48348713	0	0.887780695847273	0.7303370786516854	0.7571305099394987	0.7711519498204582	0.9855072463768116	Sex-only
Cc1ccc(N(CC2=NCCN2)c2cccc(O)c2)cc1	1	0	0.4788798	0	0.8936996840619043	0.6274509803921569	0.6509803921568628	0.6974873191374693	1.0	Sex-only
Cc1cn2nc(-c3cc(=O)n4cc(N5CCNC6(CC6)C5)ccc4n3)cc(C)c2n1	0	1	0.6543288	0	0.8964813839293901	0.7446808510638298	0.7588409330891618	0.7756429261722598	1.0	Sex-only
Cc1ncc(OCC2(c3cccc(F)c3)CC2C(=O)Nc2ccc(F)cn2)c(C)n1	0	1	0.6553229	0	0.869872299585077	0.7317073170731707	0.7371974899360645	0.7437820722351834	0.9852941176470589	Sex-only
Clc1ccc2nsnc2c1NC1=NCCN1	1	1	0.7315496	0	0.927202991194133	0.8035714285714286	0.8137202380952381	0.8207010582010582	1.0	Sex-only
Clc1cccc(Cl)c1NC1=NCCN1	1	1	0.7488986	0	0.9135232526539153	0.7272727272727273	0.7538138087629299	0.771655342049986	1.0	Sex-only
Cn1c(=O)c2[nH]cnc2n(C)c1=O	1	1	0.6751899	0	0.9113267202437868	0.7317073170731707	0.7446624926019376	0.7573866849858937	1.0	Sex-only
Cn1c(=O)c2c(ncn2C)n(C)c1=O	1	1	0.72819304	0	0.911349972211809	0.7209302325581395	0.7573779409764722	0.7755157864019419	1.0	Sex-only
Cn1c(CCCC(=O)O)nc2cc(N(CCCl)CCCl)ccc21	1	1	0.6778032	0	0.8781526004409341	0.6052631578947368	0.6533388216363875	0.6837274640697061	0.9824561403508771	Sex-only
Cn1cc(-c2cc3c(N4CCN(c5ncc(C(C)(N)c6ccc(F)cc6)cn5)CC4)ncnn3c2)cn1	1	1	0.8931773	0	0.9098264450367974	0.7789473684210526	0.7889005504964757	0.7950795012450729	1.0	Sex-only
FC(F)OC(Cl)C(F)(F)F	1	1	0.55942476	0	0.9714101953244749	0.85	0.8749001175088132	0.8846832745285642	1.0	Sex-only
FC(F)OC(F)C(F)(F)F	1	1	0.6114415	0	0.9741043096135593	0.8333333333333334	0.8634883720930231	0.8770497579685533	1.0	Sex-only
FCOC(C(F)(F)F)C(F)(F)F	1	1	0.6147009	0	0.9612390528021285	0.8421052631578947	0.8510327926245769	0.8578970060035527	1.0	Sex-only
Fc1ccc(C2CCNCC2COc2ccc3c(c2)OCO3)cc1	1	1	0.56768596	0	0.9075755985707652	0.746031746031746	0.7530141352926164	0.7588621280604403	1.0	Sex-only
N#Cc1ccc(Oc2ccc3c(c2)COB3O)cc1	1	1	0.6457683	0	0.9206244796884604	0.75	0.76890756302521	0.7782529585598639	1.0	Sex-only
N#Cc1ccc2[nH]cc(CCCCN3CCN(c4ccc5oc(C(N)=O)cc5c4)CC3)c2c1	0	1	0.8169477	0	0.8897399865880075	0.7073170731707317	0.715567278706495	0.7231830971946075	1.0	Sex-only
N=C(N=C(N)NCCCCCCN=C(N)N=C(N)Nc1ccc(Cl)cc1)Nc1ccc(Cl)cc1	0	1	0.6676177	0	0.9147785493087836	0.7733333333333333	0.798090395480226	0.8075434975323833	1.0	Sex-only
NC(=O)C1CCC2CN1C(=O)N2OS(=O)(=O)O	1	0	0.46522555	0	0.9079011859712075	0.7796610169491526	0.7883049983145922	0.7935993019379652	1.0	Sex-only
NC(=O)CS(=O)C(c1ccccc1)c1ccccc1	0	1	0.84214365	0	0.8791416342951529	0.6938775510204082	0.6975298787591147	0.7057994275934475	1.0	Sex-only
NC(=O)OCC(COC(N)=O)c1ccccc1	1	1	0.80114895	0	0.8684418513706456	0.5526315789473685	0.6135011441647598	0.6408837387950296	1.0	Sex-only
NC(=O)OCC(N)Cc1ccccc1	1	1	0.60924566	0	0.8721132717993892	0.5853658536585366	0.6259645232815965	0.6559874208367753	1.0	Sex-only
NC(=O)c1ccc2c(c1O)C13CCN(CC4CC4)C(C2)C1(O)CCC(=O)C3	0	1	0.53348833	0	0.8891795975719079	0.5441176470588235	0.7296397906153499	0.759002529603504	1.0	Sex-only
NC(=O)c1cccc2cn(-c3ccc(C4CCCNC4)cc3)nc12	1	1	0.78759813	0	0.88776124152015	0.7640449438202247	0.7702644421745545	0.7765048814632357	1.0	Sex-only
NC(O)=NO	0	0	0.37142104	0	0.9650476933153657	0.75	0.8031986531986532	0.8132248410026188	1.0	Sex-only
NCC(=O)CCC(=O)O	0	0	0.4030835	0	0.9287804806845946	0.6129032258064516	0.6859139784946237	0.706989247311828	1.0	Sex-only
NCC(=O)O	1	0	0.45798302	0	0.9242484416912802	0.6363636363636364	0.6606060606060605	0.670047301626249	1.0	Sex-only
NCC1CCC(C(=O)O)CC1	1	0	0.3257104	0	0.9142561890887814	0.75	0.7630252100840336	0.7778711484593837	1.0	Sex-only
NCCCCC(NC(CCc1ccccc1)C(=O)O)C(=O)N1CCCC1C(=O)O	1	1	0.6986647	0	0.87209660012341	0.6101694915254238	0.6590725449482513	0.6830399346960287	1.0	Sex-only
NNCCc1ccccc1	0	1	0.6878637	0	0.9044076130692983	0.75	0.7542908762420957	0.7581884551788989	1.0	Sex-only
NS(=O)(=O)Cc1noc2ccccc12	0	1	0.6552797	0	0.9024835669014568	0.7142857142857143	0.7593931459376203	0.7687559574872836	1.0	Sex-only
Nc1cc(Cl)c(NC2=NCCN2)c(Cl)c1	1	1	0.75266606	0	0.9216115659936953	0.717391304347826	0.7481070339534723	0.7688870973293098	1.0	Sex-only
O=C(CCCCCCC(O)=NO)Nc1ccccc1	1	0	0.41008586	0	0.8859476260810811	0.7435897435897436	0.7523076923076923	0.760597999883714	1.0	Sex-only
O=C(CCCc1ccccc1)OCC(COC(=O)CCCc1ccccc1)OC(=O)CCCc1ccccc1	0	0	0.41384077	0	0.8785131368610709	0.48717948717948717	0.6132358252076562	0.6643161563472905	1.0	Sex-only
O=C(NCc1c(F)cc(F)cc1F)c1cn2c(c(O)c1=O)C(=O)N1C3CCC(C3)OC1C2	0	1	0.5716051	0	0.8936942611164123	0.7714285714285715	0.7731141678688258	0.7764518677634905	0.9863013698630136	Sex-only
O=C(Nc1c(Cl)cncc1Cl)c1ccc(OC(F)F)c(OCC2CC2)c1	0	1	0.6381698	0	0.8733452820066407	0.7325581395348837	0.7395434023341	0.7488655222247423	0.9830508474576272	Sex-only
O=C(O)CCCCC1SCC2NC(=O)NC21	1	1	0.54360425	0	0.9075470910402682	0.7096774193548387	0.7322906341159479	0.7595020634875501	1.0	Sex-only
O=C(O)CCCCCCCC(=O)O	0	0	0.47707942	0	0.9279739095484185	0.65	0.67994301994302	0.6994392438836884	1.0	Sex-only
O=C(O)CCCN1CCC(OC(c2ccc(Cl)cc2)c2ccccn2)CC1	0	0	0.40176386	0	0.8618965131970576	0.5074626865671642	0.5678184420363934	0.5997264466680832	1.0	Sex-only
O=C(O)CCCc1ccc(N(CCCl)CCCl)cc1	1	1	0.6640519	0	0.8945853550167266	0.4634146341463415	0.6218717206728781	0.6883414321198529	1.0	Sex-only
O=C(O)CCCc1ccccc1	0	1	0.65256405	0	0.8785032277605368	0.7454545454545455	0.7492022263450835	0.7520357605142738	1.0	Sex-only
O=C(O)CCc1nc(-c2ccccc2)c(-c2ccccc2)o1	0	1	0.5644149	0	0.884801947738723	0.7333333333333333	0.7500140473498474	0.7625248882115858	1.0	Sex-only
O=C(O)CNC(=O)c1ncc(-c2cccc(Cl)c2)cc1O	1	1	0.71000034	0	0.877519033269675	0.7090909090909091	0.7249062049062049	0.7376673107855903	1.0	Sex-only
O=C(O)Cc1ccccc1	1	1	0.75400823	0	0.8743627381285799	0.6756756756756757	0.6868235582521297	0.6942904561952182	1.0	Sex-only
O=C(O)Cc1ccccc1Nc1c(Cl)cccc1Cl	1	1	0.66994816	0	0.878585054582455	0.6428571428571429	0.6743575573362808	0.6999475713173255	1.0	Sex-only
O=C(O)c1ccc(-n2nc(-c3ccccc3O)nc2-c2ccccc2O)cc1	1	1	0.85013515	0	0.8773127173726029	0.7567567567567568	0.7575793184488837	0.7605599388208084	1.0	Sex-only
O=C(O)c1ccc2nc(-c3cc(Cl)cc(Cl)c3)oc2c1	1	1	0.57721066	0	0.892655445400713	0.75	0.7583703703703705	0.766337504817037	1.0	Sex-only
O=C(O)c1ccccc1	1	1	0.76207495	0	0.877856217306192	0.65625	0.6586904761904762	0.673084682806905	1.0	Sex-only
O=C(O)c1ccccc1O	0	1	0.75320196	0	0.8850446803638247	0.48	0.5172121212121212	0.5836363636363636	1.0	Sex-only
O=C(O)c1cccnc1	0	1	0.645559	0	0.884654063857627	0.4375	0.5978188077721185	0.641382499578985	1.0	Sex-only
O=C(O)c1cn(C2CC2)c2cc(N3CCNCC3)c(F)cc2c1=O	1	1	0.60833293	0	0.8934555660833021	0.7349397590361446	0.7466771558505938	0.7532117350104758	0.9841269841269841	Sex-only
O=C(OC1C[N+]2(CCCOc3ccccc3)CCC1CC2)C(O)(c1cccs1)c1cccs1	1	1	0.6898801	0	0.8850485811716031	0.5409836065573771	0.6719912532087414	0.7152088158851982	0.9836065573770492	Sex-only
O=C(OOC(=O)c1ccccc1)c1ccccc1	0	1	0.8799645	0	0.8804485493169537	0.6428571428571429	0.6707936507936509	0.6857142857142858	1.0	Sex-only
O=C1C(CCC(O)c2ccc(F)cc2)C(c2ccc(O)cc2)N1c1ccc(F)cc1	1	1	0.8961867	0	0.8940365211033476	0.7361111111111112	0.7505465708295898	0.7571466278920959	0.9818181818181818	Sex-only
O=C1CCC2(O)C3Cc4ccc(O)c5c4C2(CCN3CC2CC2)C1O5	1	1	0.67021346	0	0.8946357578947414	0.5882352941176471	0.7360045467462346	0.757403998452248	1.0	Sex-only
O=S(=O)(Nc1ccccc1)c1cccc(C=CC(O)=NO)c1	1	1	0.5836964	0	0.9042161302483084	0.7384615384615385	0.749447633626738	0.7653641155358575	1.0	Sex-only
O=[N+]([O-])OC1COC2C(O)COC12	1	1	0.74377245	0	0.9246452012323492	0.796875	0.812689393939394	0.8235729205636613	1.0	Sex-only
O=[N+]([O-])OC1COC2C(O[N+](=O)[O-])COC12	1	1	0.5414522	0	0.9390504735597813	0.819672131147541	0.8254624353467168	0.8350434532181589	1.0	Sex-only
O=[N+]([O-])OCC(CO[N+](=O)[O-])O[N+](=O)[O-]	1	1	0.7111434	0	0.9410258541996789	0.8043478260869565	0.813114421810074	0.8201470027556983	1.0	Sex-only
O=c1[nH]c2cc(Cl)ccc2o1	0	1	0.5026531	0	0.913331282919654	0.7407407407407407	0.7462962962962962	0.7501872847904593	1.0	Sex-only
O=c1[nH]cnc2[nH]ncc12	1	0	0.39212036	0	0.9206044777869735	0.7058823529411765	0.7323529411764707	0.7566593380296437	1.0	Sex-only
OB1OCc2cc(F)ccc21	0	1	0.75348705	0	0.9200280491618122	0.8	0.8032162373145979	0.809967506688818	1.0	Sex-only
OC(CNCC(O)C1CCc2cc(F)ccc2O1)C1CCc2cc(F)ccc2O1	1	1	0.8166607	0	0.8915590379231971	0.7692307692307693	0.77407320175232	0.7788959659839672	1.0	Sex-only
OC(c1cc(C(F)(F)F)nc2c(C(F)(F)F)cccc12)C1CCCCN1	0	1	0.84762466	0	0.889945562679349	0.7466666666666667	0.7576539235412475	0.7682221067585427	1.0	Sex-only
OC(c1ccccc1)(c1ccccc1)C12CC[N+](CCOCc3ccccc3)(CC1)CC2	1	1	0.5847815	0	0.8959479232498381	0.711864406779661	0.7324804082376527	0.7415866947508527	1.0	Sex-only
OC1COC2C(O)COC12	1	1	0.63095236	0	0.9395424982556606	0.8461538461538461	0.8486064659977703	0.8521703739095042	1.0	Sex-only
OCC(O)c1oc(O)c(O)c1O	1	1	0.6779593	0	0.9386984337248941	0.7692307692307693	0.7843137254901961	0.7919168036815095	1.0	Sex-only
OCC1NCC(O)C(O)C1O	1	1	0.9018976	0	0.9282751886042712	0.7666666666666667	0.7865724751439037	0.8013009477295191	1.0	Sex-only
Oc1c(C2=CCC(c3ccc(Cl)cc3)CC2)c(O)c2ccccc2c1O	0	1	0.5788508	0	0.9106267231638843	0.7714285714285715	0.7773589122741665	0.7882041090351642	1.0	Sex-only
Oc1ccc2c3c1OC1C(O)CCC4(O)C(C2)N(CC2CCC2)CCC314	0	1	0.7421594	0	0.9044736306422194	0.5230769230769231	0.7253473219856922	0.7536790464351302	1.0	Sex-only
Oc1ccccc1	1	1	0.629459	0	0.9087371266582779	0.6956521739130435	0.7131699604743084	0.7215616589529633	1.0	Sex-only
c1ccc2c(CC3=NCCN3)cccc2c1	0	1	0.64667606	0	0.9048958869795364	0.6046511627906976	0.6311937984496124	0.6844454884764963	1.0	Sex-only
c1ccc2c(c1)CCCC2C1=NCCN1	0	1	0.84409684	0	0.910452338813688	0.7142857142857143	0.7357142857142858	0.7519981325863679	1.0	Sex-only
C#CC1(O)CCC2C3CC=C4CC(=O)CCC4C3CCC21CC	0	0	0.10012446	1	0.9039534724628784	0.4098360655737705	0.6382463281934866	0.7071330517815939	1.0	Sex-only
C#Cc1cccc(Nc2ncnc3cc(OCCOC)c(OCCOC)cc23)c1	1	1	0.902454	1	0.8962136639221505	0.7553191489361702	0.7601547388781431	0.7673699166606968	1.0	Sex-only
C=CC(=O)N1CCC(C2CCNc3c(C(N)=O)c(-c4ccc(Oc5ccccc5)cc4)nn32)CC1	1	0	0.29643	1	0.886869083405874	0.7368421052631579	0.76259607964192	0.7762563412818081	1.0	Sex-only
C=CC(=O)N1CCCC(n2nc(-c3ccc(Oc4ccccc4)cc3)c3c(N)ncnc32)C1	1	0	0.28308123	1	0.8834284789240605	0.7425742574257426	0.7474622199062011	0.7521635927247144	0.9866666666666667	Sex-only
CC#CC(=O)N1CCCC1c1nc(-c2ccc(C(=O)Nc3ccccn3)cc2)c2c(N)nccn12	1	1	0.7230215	1	0.880644183704433	0.7419354838709677	0.7536114739150792	0.7599706712271092	1.0	Sex-only
CC#CCn1c(N2CCCC(N)C2)nc2c1c(=O)n(Cc1nc(C)c3ccccc3n1)c(=O)n2C	1	1	0.89664435	1	0.8875848770859579	0.7472527472527473	0.7515662724733273	0.7603496652476641	1.0	Sex-only
CC(=O)C1CCC2C3CC=C4CC(=O)CCC4(C)C3CCC12C	1	0	0.28586012	1	0.9055585133764938	0.6714285714285714	0.7072273727970853	0.7257206992263763	1.0	Sex-only
CC(=O)OC1(C(C)=O)CCC2C3=CC(C)=C4CC(=O)CCC4(C)C3CCC21C	0	0	0.41231197	1	0.9014920684431286	0.47692307692307695	0.7115478189234082	0.7464110842224846	1.0	Sex-only
CC(=O)OC1(C(C)=O)CCC2C3CC(C)=C4CC(=O)CCC4(C)C3CCC21C	1	0	0.47565973	1	0.9110730530953216	0.6056338028169014	0.7273710669815998	0.753636731824117	1.0	Sex-only
CC(=O)OC1CCC2(C)C(=CCC3C2CCC2(C)C(c4cccnc4)=CCC32)C1	1	0	0.28001815	1	0.8911453809258544	0.7611940298507462	0.764017225211255	0.767980867529108	1.0	Sex-only
CC(=O)OCC(=O)C12N=C(C)OC1CC1C3CC=C4CC(=O)C=CC4(C)C3C(O)CC12C	0	0	0.34167078	1	0.8913133711863892	0.45977011494252873	0.5530063235859275	0.6001354602383396	0.9848484848484849	Sex-only
CC(=O)OCC(CCn1cnc2cnc(N)nc21)COC(C)=O	0	0	0.36233827	1	0.8793456067758914	0.7297297297297297	0.7327948438502172	0.7380035994920284	0.9791666666666666	Sex-only
CC(=O)Oc1ccc(C(c2ccc(OC(C)=O)cc2)c2ccccn2)cc1	0	1	0.6569764	1	0.8802004177446016	0.6666666666666666	0.6682170542635658	0.6863554803754139	1.0	Sex-only
CC(=O)SC1C=C2CC(=O)CCC2(C)C2CCC3(C)C(CCC34CCC(=O)O4)C12	1	0	0.3921311	1	0.9066101899977131	0.7733333333333333	0.7852549019607842	0.7900857508951322	1.0	Sex-only
CC(=O)[O-]	1	1	0.7247846	1	0.932740528947703	0.5	0.5294117647058824	0.606080411962765	1.0	Sex-only
CC(C)(C)NC(=O)C1CN(Cc2cccnc2)CCN1CC(O)CC(Cc1ccccc1)C(=O)NC1c2ccccc2CC1O	1	1	0.6277379	1	0.8801420857436355	0.6782608695652174	0.7107545196473928	0.7287943269247763	0.9878048780487805	Sex-only
CC(C)(C)c1cc(C(C)(C)C)c(NC(=O)c2c[nH]c3ccccc3c2=O)cc1O	1	1	0.5575222	1	0.8888477341193427	0.7547169811320755	0.7741486631816821	0.778611779198938	1.0	Sex-only
CC(C)(O)CNc1nc(Nc2ccnc(C(F)(F)F)c2)nc(-c2cccc(C(F)(F)F)n2)n1	0	1	0.58073264	1	0.8964483270103498	0.7209302325581395	0.7367946382199946	0.7524701703432953	1.0	Sex-only
CC(C)C(=O)Oc1ccc(CO)cc1C(CCN(C(C)C)C(C)C)c1ccccc1	0	0	0.37527645	1	0.8663580225349	0.5272727272727272	0.6430728335991495	0.678345306415482	1.0	Sex-only
CC(C)N(CCC(C(N)=O)(c1ccccc1)c1ccccn1)C(C)C	1	1	0.5594888	1	0.8664489466617604	0.6111111111111112	0.6239316239316239	0.6652170796824886	0.9811320754716981	Sex-only
CC(C)N(CCCCOCC(=O)NS(C)(=O)=O)c1cnc(-c2ccccc2)c(-c2ccccc2)n1	1	0	0.30107424	1	0.8706515128942669	0.7362637362637363	0.7485178401845067	0.7562061152057691	1.0	Sex-only
CC(C)c1cc(-c2n[nH]c(=O)n2-c2ccc3c(ccn3C)c2)c(O)cc1OP(=O)(O)O	0	0	0.4557147	1	0.8956365061730718	0.7741935483870968	0.7814007203257125	0.793253272528293	1.0	Sex-only
CC(C)c1cccc(C(C)C)c1O	1	0	0.46304786	1	0.8962876024057426	0.7142857142857143	0.7279430247172183	0.734366708560257	1.0	Sex-only
CC(C[N+](C)(C)C)OC(N)=O	1	0	0.29691142	1	0.9093740996223189	0.696969696969697	0.7095407950126932	0.7297544204249671	1.0	Sex-only
CC(NC(C)(C)C)C(=O)c1cccc(Cl)c1	1	0	0.49122688	1	0.8752534512628962	0.6862745098039216	0.6945888553049678	0.7036106759581644	1.0	Sex-only
CC(NCCCc1cccc(C(F)(F)F)c1)c1cccc2ccccc12	1	1	0.5379959	1	0.8932732743253429	0.7333333333333333	0.7459930857588937	0.7511018404642443	1.0	Sex-only
CC(NCc1ccc(OCc2cccc(F)c2)cc1)C(N)=O	1	1	0.6309178	1	0.8658901304565507	0.6206896551724138	0.6579841115659473	0.6772550820227685	0.9795918367346939	Sex-only
CC(O)C(=O)[O-]	1	1	0.6012257	1	0.9254568088582659	0.4666666666666667	0.5966300366300367	0.641337674671008	1.0	Sex-only
CC(c1nc(-c2ccc(C#N)cc2)cs1)C(O)(Cn1cncn1)c1cc(F)ccc1F	0	1	0.58254886	1	0.9044896983803197	0.5882352941176471	0.6787035261240033	0.7214465497387964	0.9859154929577465	Sex-only
CC(c1ncncc1F)C(O)(Cn1cncn1)c1ccc(F)cc1F	1	1	0.82904977	1	0.8992355910764889	0.40384615384615385	0.5847884615384615	0.6587850018453467	1.0	Sex-only
CC1(C)C(C(=O)O)N2C(=O)CC2S1(=O)=O	1	0	0.27979147	1	0.8964032994335118	0.6792452830188679	0.6992843201040988	0.7158646393085777	1.0	Sex-only
CC1(C)CC1C(=O)N=C(CCCCCSCC(N)C(=O)O)C(=O)O	0	0	0.47109076	1	0.9066702829283807	0.7538461538461538	0.7577459445316588	0.7694884078127022	1.0	Sex-only
CC1(Cn2ccnn2)C(C(=O)O)N2C(=O)CC2S1(=O)=O	1	0	0.23334049	1	0.8840128362964637	0.7164179104477612	0.7413616847270497	0.7550664864414609	0.9833333333333333	Sex-only
CC12C=CC(=O)C=C1CCC1C2C(=O)CC2(C)C1CCC2(O)C(=O)CO	1	0	0.35792997	1	0.8976766262627988	0.5972222222222222	0.6476340391808512	0.685275451771877	1.0	Sex-only
CC12C=CC(=O)C=C1CCC1C2C(O)CC2(C)C1CCC2(O)C(=O)CO	1	0	0.48232257	1	0.8956900544167044	0.5571428571428572	0.6201904761904762	0.6512968948263066	1.0	Sex-only
CC12CCC(=O)C=C1CCC1C2C(=O)CC2(C)C1CCC2(O)C(=O)CO	0	1	0.50568825	1	0.8985382027528735	0.6883116883116883	0.7166827000160334	0.7388846064771991	1.0	Sex-only
CC12CCC(=O)C=C1CCC1C2C(O)CC2(C)C1CCC2(O)C(=O)CO	1	1	0.58988607	1	0.8956170504512182	0.6533333333333333	0.6906371308016876	0.7124332140612776	1.0	Sex-only
CC12CCC(=O)C=C1CCC1C2C(O)CC2(C)C1CCC2(O)C(=O)COC(=O)CCC(=O)O	0	0	0.22924626	1	0.8894671141956365	0.6868686868686869	0.7098571926158133	0.719660491565119	1.0	Sex-only
CC12CCC(=O)C=C1CCC1C2CCC2(C)C(O)CCC12	1	1	0.58166456	1	0.9053765921132221	0.5818181818181818	0.6332893336172024	0.6684655017827631	1.0	Sex-only
CC12CCC(=O)C=C1CCC1C2CCC2(C)C(OC(=O)CCC3CCCC3)CCC12	1	0	0.3015902	1	0.8928824284408919	0.44285714285714284	0.666594684385382	0.7025078323915532	0.984375	Sex-only
CC12CCC(=O)C=C1CCC1C2CCC2(C)C1CCC2(C)O	1	1	0.5073073	1	0.9095895528816447	0.6833333333333333	0.7299472990777339	0.7460590608372405	1.0	Sex-only
CC12CCC(=O)C=C1CCC1C3CCC(O)(C(=O)CO)C3(C)CC(O)C12F	1	1	0.69973624	1	0.895113647177641	0.5072463768115942	0.5756003051106026	0.6239323662529019	0.9848484848484849	Sex-only
CC12CCC(O)CC1=CCC1C2CCC2(C)C(c3cccnc3)=CCC12	1	0	0.18372835	1	0.907165053649964	0.7333333333333333	0.7574275762099478	0.7713916386338012	1.0	Sex-only
CC12CCC3C4=C(CCC3C1CCC2O)CC(=O)CC4	1	1	0.6461295	1	0.9150919692204649	0.5283018867924528	0.5939727985853759	0.6426191674039327	1.0	Sex-only
CC1=C2CC(=O)C=CC2(C)C2C(O)CC3(C)C(CCC3(O)C(=O)CO)C2C1	1	0	0.480628	1	0.8943036441062159	0.6410256410256411	0.64875921180269	0.6634551739318633	1.0	Sex-only
CC1=NS(=O)(=O)c2cc(Cl)ccc2N1	1	1	0.67893374	1	0.9105234069776669	0.6851851851851852	0.7291588198367858	0.7457253738797994	1.0	Sex-only
CC1CC(OC(=O)c2ccccc2O)CC(C)(C)C1	0	1	0.5355129	1	0.8738439684392644	0.5641025641025641	0.6745691467002943	0.7042625527645313	1.0	Sex-only
CC1CNCCc2ccc(Cl)cc21	1	0	0.33632624	1	0.9085767186861956	0.7058823529411765	0.7165634674922601	0.7364949651831356	1.0	Sex-only
CC1Cc2ccccc2N1NC(=O)c1ccc(Cl)c(S(N)(=O)=O)c1	1	0	0.19887911	1	0.8736553157039437	0.7049180327868853	0.7216654247391953	0.7324664546042124	1.0	Sex-only
CCC(=O)NS(=O)(=O)c1ccc(-c2c(-c3ccccc3)noc2C)cc1	1	0	0.2097643	1	0.8758002228061624	0.6891891891891891	0.7082991583684171	0.7202051854483407	1.0	Sex-only
CCC1(O)C(=O)OCc2c1cc1n(c2=O)Cc2cc3c(CN(C)C)c(O)ccc3nc2-1	0	1	0.6148317	1	0.8851254609049538	0.7752808988764045	0.7803408541742177	0.7833991418607932	1.0	Sex-only
CCCC(=O)OCOC(=O)C1=C(C)N=C(C)C(C(=O)OC)C1c1cccc(Cl)c1Cl	1	1	0.74599665	1	0.8679884597487023	0.2037037037037037	0.42799310938845825	0.5741481824557033	0.9827586206896551	Sex-only
CCCC1OC2CC3C4CC=C5CC(=O)C=CC5(C)C4C(O)CC3(C)C2(C(=O)CO)O1	1	0	0.46033797	1	0.8997778046061624	0.4166666666666667	0.5476190476190477	0.6030354373051002	1.0	Sex-only
CCCCC(CC)COC(=O)c1ccccc1O	0	1	0.5807192	1	0.8678552663746589	0.49019607843137253	0.5301755399377427	0.6000975221876348	1.0	Sex-only
CCCCCC(=O)OC1(C(C)=O)CCC2C3CC=C4CC(=O)CCC4(C)C3CCC21C	1	0	0.2532092	1	0.8955865862139522	0.6987951807228916	0.7264573876641491	0.7382127605886102	0.9859154929577465	Sex-only
CCCCCCC(=O)OC1CCC2C3CC=C4CC(=O)CCC4(C)C3CCC12C	1	0	0.141919	1	0.8925836544267132	0.625	0.711789510985117	0.7287802140539889	1.0	Sex-only
CCCCCCCCCCC(=O)OC1CCC2C3CC=C4CC(=O)CCC4(C)C3CCC12C	0	0	0.141919	1	0.8925836544267132	0.625	0.711789510985117	0.7287802140539889	1.0	Sex-only
CCCCCCCN(CC)CCCC(O)c1ccc(NS(C)(=O)=O)cc1	1	1	0.887837	1	0.8897279691275044	0.5102040816326531	0.6045397178569092	0.6586421002182933	1.0	Sex-only
CCCCCCOC(=O)CCC(=O)CN	1	0	0.38469064	1	0.9137894236136527	0.5789473684210527	0.608168809119573	0.6462575506769217	1.0	Sex-only
CCCCCCOC(=O)N=C(N)c1ccc(NCc2nc3cc(C(=O)N(CCC(=O)OCC)c4ccccn4)ccc3n2C)cc1	1	1	0.8217364	1	0.8844603116158654	0.36046511627906974	0.5771092257600483	0.6604600257439817	1.0	Sex-only
CCCCNc1cc(C(=O)O)cc(S(N)(=O)=O)c1Oc1ccccc1	1	1	0.63752407	1	0.8634031149193216	0.6557377049180327	0.6736137010956794	0.6919215728679028	0.9803921568627451	Sex-only
CCCN(CCC)CCc1cccc2[nH]c(O)cc12	0	1	0.6309174	1	0.8954504768820699	0.7534246575342466	0.7553901596569461	0.7595404563553378	1.0	Sex-only
CCCN(CCc1cccs1)C1CCc2c(O)cccc2C1	0	1	0.5677794	1	0.892111004255685	0.6933333333333334	0.7398428680396643	0.7568828324892398	1.0	Sex-only
CCCSc1ccc2[nH]c(NC(=O)OC)nc2c1	0	1	0.96211445	1	0.8759578130835604	0.7432432432432432	0.7497972972972973	0.7620219718045804	1.0	Sex-only
CCN(CC)CC(=O)Nc1c(C)cccc1C	1	1	0.5681568	1	0.873211910856124	0.6122448979591837	0.626912834099157	0.6496767650957229	1.0	Sex-only
CCN(CC)CCN1C(=O)CN=C(c2ccccc2F)c2cc(Cl)ccc21	0	1	0.6648084	1	0.8816681740626999	0.5	0.6152985074626866	0.6581082681828951	1.0	Sex-only
CCN(CCO)CCCC(C)Nc1ccnc2cc(Cl)ccc12	1	1	0.60348487	1	0.8924267775800749	0.14	0.5185088589652729	0.6364890466599424	1.0	Sex-only
CCNC(C)Cc1cccc(C(F)(F)F)c1	0	1	0.7576896	1	0.8966205638172547	0.6410256410256411	0.6733333333333335	0.6965469228627124	1.0	Sex-only
CCOC(=O)N1CCC(=C2c3ccc(Cl)cc3CCc3cccnc32)CC1	0	0	0.40001082	1	0.8664278472768566	0.6753246753246753	0.7097936203443151	0.72688064980005	1.0	Sex-only
CCOCCP(CCOCC)CCP(CCOCC)CCOCC	0	0	0.47193545	1	0.9559853887116488	0.75	0.7976190476190477	0.8197080697080696	1.0	Sex-only
CCc1c2c(nc3ccc(OC(=O)N4CCC(N5CCCCC5)CC4)cc13)-c1cc3c(c(=O)n1C2)COC(=O)C3(O)CC	1	0	0.14341408	1	0.8794202794653175	0.7699115044247787	0.7790867256637168	0.78332579482137	0.989010989010989	Sex-only
CCc1cc2c(cc1N1CCC(N3CCOCC3)CC1)C(C)(C)c1[nH]c3cc(C#N)ccc3c1C2=O	0	0	0.49633425	1	0.8962582104943948	0.7238095238095238	0.7555019132213927	0.7679450216064796	1.0	Sex-only
CN(C)C(=O)NC1CCC(CCN2CCN(c3cccc(Cl)c3Cl)CC2)CC1	0	1	0.97432816	1	0.8673331072300302	0.631578947368421	0.682286197421264	0.7085711085457439	0.9841269841269841	Sex-only
CN(C)C(=O)Oc1ccc[n+](C)c1	1	1	0.8845125	1	0.8921337167571626	0.673469387755102	0.7277158506394387	0.7458616752636686	1.0	Sex-only
CN(C)C(=O)Oc1cccc([N+](C)(C)C)c1	1	1	0.8595988	1	0.8865432580789592	0.5957446808510638	0.6909294512877939	0.7251916865018768	1.0	Sex-only
CN(C)CC=CC(=O)Nc1cc2c(Nc3ccc(F)c(Cl)c3)ncnc2cc1OC1CCOC1	0	1	0.8126659	1	0.883333438641168	0.7368421052631579	0.7528897380640288	0.7581136160344397	0.9875	Sex-only
CN(CC=CC#CC(C)(C)C)Cc1cccc2ccccc12	0	1	0.550931	1	0.9120873345613737	0.64	0.7367142857142858	0.7685335456040521	1.0	Sex-only
CN1C(=O)C(O)N=C(c2ccccc2)c2cc(Cl)ccc21	0	0	0.36431885	1	0.8766454670237782	0.40816326530612246	0.5464194279862482	0.6255174743012211	1.0	Sex-only
CN1C(C(=O)Nc2ccccn2)C(=O)c2ccccc2S1(=O)=O	0	1	0.57564765	1	0.8793451951054291	0.36538461538461536	0.6084283559577678	0.6829441662963602	1.0	Sex-only
CN1CCC(=C2c3ccccc3C=Cc3ccccc32)CC1	1	1	0.96995354	1	0.9048366897795632	0.6842105263157895	0.7093288777499304	0.7261129424192119	1.0	Sex-only
CN1CCC(=C2c3ccccc3CC(=O)c3sccc32)CC1	0	1	0.91510355	1	0.8996437429240748	0.6981132075471698	0.7233269156719292	0.7360363206724393	1.0	Sex-only
CN1CCC(C(=O)c2cccc(NC(=O)c3c(F)cc(F)cc3F)n2)CC1	0	0	0.3952436	1	0.867176162399313	0.7303370786516854	0.7310136083081442	0.7339217742709833	0.9836065573770492	Sex-only
CN1CCN2c3c(cccc31)C1CN(CCCC(=O)c3ccc(F)cc3)CCC12	0	1	0.50733757	1	0.87347329681488	0.6142857142857143	0.6454205136813832	0.6844647461200631	0.9852941176470589	Sex-only
CN1CCN2c3ncccc3Cc3ccccc3C2C1	1	0	0.22649628	1	0.895234415898832	0.723404255319149	0.7285784051226742	0.7335292214839231	1.0	Sex-only
CNC(=O)c1c(C)oc2cc(Oc3ncnc4cc(OC)c(OC)cc34)ccc12	0	1	0.932035	1	0.8931323840838125	0.7466666666666667	0.7677316017316016	0.7705963865514427	1.0	Sex-only
CNC(=O)c1cc(Oc2ccc(NC(=O)Nc3ccc(Cl)c(C(F)(F)F)c3)c(F)c2)ccn1	1	1	0.5949837	1	0.8933330008876849	0.7380952380952381	0.7403408186016881	0.747032183367587	0.9850746268656716	Sex-only
CNC(=O)c1cc(Oc2ccc(NC(=O)Nc3ccc(Cl)c(C(F)(F)F)c3)cc2)ccn1	1	1	0.67044556	1	0.8905606967497358	0.7341772151898734	0.7383026518257276	0.7438924342186094	1.0	Sex-only
CNC(C)C1CCC(N)C(OC2C(N)CC(N)C(OC3OCC(C)(O)C(NC)C3O)C2O)O1	1	1	0.60585505	1	0.9266815401118428	0.8315789473684211	0.8339198537793326	0.8362375256039027	1.0	Sex-only
CNC1(c2ccccc2Cl)CCCCC1=O	0	0	0.4309088	1	0.890650996983134	0.75	0.763968253968254	0.7710934744268079	1.0	Sex-only
CNCCC(Oc1ccc(C(F)(F)F)cc1)c1ccccc1	1	1	0.7963783	1	0.8908160760520791	0.4418604651162791	0.5645763000241781	0.6410609074208398	1.0	Sex-only
CNCCC=C1c2ccccc2CCc2ccccc21	1	1	0.7174541	1	0.898762491926218	0.3888888888888889	0.4999014535599902	0.5724320244645448	1.0	Sex-only
CNCc1cc(-c2ccccc2F)n(S(=O)(=O)c2cccnc2)c1	0	1	0.61208963	1	0.8935702951114001	0.7662337662337663	0.7700950390605563	0.7748091347607379	0.984375	Sex-only
COC(=O)C(c1ccccc1Cl)N1CCc2sccc2C1	1	1	0.74216676	1	0.8650800724752532	0.5857142857142857	0.6741184607645876	0.7032307253257959	1.0	Sex-only
COC(=O)C1=C(C)N=C(C)C(C(=O)OC)C1c1ccccc1[N+](=O)[O-]	1	1	0.68363553	1	0.8798078626975046	0.4827586206896552	0.5723975659229209	0.6530154827517911	1.0	Sex-only
COC(=O)C1=C(C)N=C(C)C(C(=O)OCCN(C)Cc2ccccc2)C1c1cccc([N+](=O)[O-])c1	1	1	0.7797258	1	0.8692676015247219	0.618421052631579	0.6672415711583397	0.7033914430875545	0.9848484848484849	Sex-only
COC(=O)C1C=C2CC(=O)CCC2(C)C23OC2CC2(C)C(CCC24CCC(=O)O4)C13	1	0	0.14685592	1	0.9053080082600465	0.7830188679245284	0.792686029255883	0.7982821007439591	1.0	Sex-only
COC(=O)CCC1N=C(c2ccccn2)c2cc(Br)ccc2-n2c(C)cnc21	1	0	0.19083717	1	0.8810502925855892	0.7669902912621359	0.7818576483974882	0.7871422428075708	1.0	Sex-only
COC(c1ccccc1)(c1ccccc1)C(Oc1nc(C)cc(C)n1)C(=O)O	1	1	0.6562896	1	0.8743273328689758	0.7307692307692307	0.7352157464773288	0.7397289126520139	1.0	Sex-only
COCCOC(=O)C1=C(C)N=C(C)C(C(=O)OC(C)C)C1c1cccc([N+](=O)[O-])c1	1	1	0.6387298	1	0.8724232691464028	0.6056338028169014	0.6708640993673743	0.713377477652081	0.9833333333333333	Sex-only
COc1c(-c2ccc3cc(NS(C)(=O)=O)ccc3c2)cc(-n2ccc(=O)[nH]c2=O)cc1C(C)(C)C	1	1	0.71259904	1	0.9092765365219906	0.7608695652173914	0.7675623139194409	0.7750709915454174	1.0	Sex-only
COc1cc(C(C)=O)ccc1OCCCN1CCC(c2noc3cc(F)ccc23)CC1	1	1	0.5749867	1	0.8698828960302123	0.5357142857142857	0.5644865174985656	0.622119619824726	0.9850746268656716	Sex-only
COc1cc(NC(C)CCCN)c2ncccc2c1	1	0	0.42685914	1	0.891530383615228	0.6818181818181818	0.7227272727272727	0.7390164459129976	1.0	Sex-only
COc1cc(Nc2c(C#N)cnc3cc(OCCCN4CCN(C)CC4)c(OC)cc23)c(Cl)cc1Cl	1	1	0.6583251	1	0.9029585221586056	0.7319587628865979	0.7427537963014009	0.7488484901034673	1.0	Sex-only
COc1cc2c(Nc3ccc(Br)cc3F)ncnc2cc1OCC1CCN(C)CC1	0	1	0.8541074	1	0.8896263547503712	0.7127659574468085	0.7243009377149684	0.7287583036524033	1.0	Sex-only
COc1cc2c(c(OC)c1OC)-c1ccc(OC)c(=O)cc1C(NC(C)=O)CC2	1	1	0.87779385	1	0.8816344790544325	0.75	0.7581865622961513	0.7623000281490246	1.0	Sex-only
COc1cc2c(cc1O)CCNC21CSC2c3c(OC(C)=O)c(C)c4c(c3C(COC1=O)N1C(O)C3Cc5cc(C)c(OC)c(O)c5C(C21)N3C)OCO4	1	1	0.6691382	1	0.9011294428478814	0.7545454545454545	0.75937491769457	0.7628257466017002	1.0	Sex-only
COc1cc2nc(N3CCN(C(=O)c4ccco4)CC3)nc(N)c2cc1OC	1	1	0.7661562	1	0.8757944147025508	0.4117647058823529	0.4641930618401207	0.573485864387692	1.0	Sex-only
COc1cc2nccc(Oc3ccc(NC(=O)C4(C(=O)Nc5ccc(F)cc5)CC4)cc3)c2cc1OC	1	1	0.8331964	1	0.8816962763444046	0.7432432432432432	0.7466306306306306	0.7494831416782636	1.0	Sex-only
COc1cc2nccc(Oc3ccc(NC(=O)NC4CC4)c(Cl)c3)c2cc1C(N)=O	1	0	0.47686112	1	0.8829179360261417	0.7052631578947368	0.716334400357329	0.7350440997311674	1.0	Sex-only
COc1cc2ncnc(Nc3ccc(F)c(Cl)c3)c2cc1NC(=O)C=CCN1CCCCC1	0	1	0.694072	1	0.873611733502124	0.719626168224299	0.7295953492869778	0.7368673973484753	0.9863013698630136	Sex-only
COc1cc2ncnc(Nc3ccc(F)c(Cl)c3)c2cc1OCCCN1CCOCC1	0	1	0.6936394	1	0.8903910234275899	0.6804123711340206	0.7053791977135859	0.7193354255502267	1.0	Sex-only
COc1ccc2[nH]c3c(c2c1)CCNC31CSC2c3c(OC(C)=O)c(C)c4c(c3C(COC1=O)N1C(O)C3Cc5cc(C)c(OC)c(O)c5C(C21)N3C)OCO4	0	1	0.74550974	1	0.8975599683124399	0.7678571428571429	0.768818161807376	0.7716421294915174	1.0	Sex-only
COc1ccc2c3c1OC1CC(O)C=CC31CCN(C)C2	1	1	0.7559344	1	0.8965153356385492	0.5882352941176471	0.6058823529411764	0.6341415343072344	1.0	Sex-only
COc1ccnc(CS(=O)c2nc3cc(OC(F)F)ccc3[nH]2)c1OC	1	1	0.8778584	1	0.8942456845479134	0.4461538461538462	0.5015257206561554	0.5990161207552512	1.0	Sex-only
CS(=O)(=O)CCNCc1ccc(-c2ccc3ncnc(Nc4ccc(OCc5cccc(F)c5)c(Cl)c4)c3c2)o1	0	1	0.93390447	1	0.9003446552065947	0.7345132743362832	0.7657249528355328	0.7765693684767637	0.9882352941176471	Sex-only
CS(=O)(=O)c1ccc(C(=O)Nc2ccc(Cl)c(-c3ccccn3)c2)c(Cl)c1	1	0	0.29073942	1	0.891783881551349	0.7638888888888888	0.7645243282498184	0.7657224462085103	1.0	Sex-only
CS(=O)(=O)c1ccc(C2=C(c3ccccc3)C(=O)OC2)cc1	1	0	0.23730698	1	0.8994986802511794	0.7313432835820896	0.7801405180067889	0.787606410230529	1.0	Sex-only
CS(C)=O	1	1	0.6548888	1	0.9650442647930422	0.8181818181818182	0.8485052202699261	0.8661682181290026	1.0	Sex-only
C[N+](C)(C)CC(=O)[O-]	0	1	0.5603859	1	0.9201416601095771	0.6956521739130435	0.7144599645878419	0.7433543995557107	1.0	Sex-only
C[N+](C)(C)CC(O)CC(=O)[O-]	1	1	0.6233355	1	0.9213460064849616	0.75	0.752	0.7623344556677889	1.0	Sex-only
C[N+](C)(C)CCOC(=O)CCC(=O)OCC[N+](C)(C)C	1	0	0.33121467	1	0.9110498673902356	0.7222222222222222	0.7379236379236379	0.7603063019729688	1.0	Sex-only
Cc1c(C(=O)Nc2ccc(N3CC(C)OC(C)C3)nc2)cccc1-c1ccc(OC(F)(F)F)cc1	0	1	0.8834399	1	0.8776651418968011	0.6891891891891891	0.7149718633589602	0.7324270173961321	1.0	Sex-only
Cc1cc(C(C)(C)C)c(O)c(C)c1CC1=NCCN1	0	0	0.44131887	1	0.9074221805065564	0.631578947368421	0.6711500974658868	0.7269101294772816	1.0	Sex-only
Cc1cc(C(C)(C)C)cc(C)c1CC1=NCCN1	1	0	0.33931208	1	0.9129573033158959	0.6046511627906976	0.636319118142707	0.6933799022361443	1.0	Sex-only
Cc1cc(NS(=O)(=O)c2ccc(N)cc2)no1	1	1	0.5079893	1	0.9030269152196915	0.575	0.6587362637362637	0.7078404217566778	1.0	Sex-only
Cc1cc(O)ccc1Cl	0	0	0.24835673	1	0.9077772059204302	0.6896551724137931	0.7285647716682201	0.744618418220447	1.0	Sex-only
Cc1ccc(-c2ncc(Cl)cc2-c2ccc(S(C)(=O)=O)cc2)cn1	1	1	0.8073955	1	0.9115233480165413	0.7758620689655172	0.7778661951075744	0.7839509827656379	1.0	Sex-only
Cc1ccc(Sc2ccccc2N2CCNCC2)c(C)c1	0	1	0.89618707	1	0.9017406063253529	0.7538461538461538	0.7680786259913395	0.7776548542944578	1.0	Sex-only
Cc1cccc(C(C)c2c[nH]cn2)c1C	1	1	0.7565997	1	0.9111376483368968	0.7962962962962963	0.802538703547955	0.8063334010529916	1.0	Sex-only
Cc1cccc(C)c1NC(=O)C1CCCCN1C	1	1	0.76522434	1	0.865518248523936	0.27906976744186046	0.37357235142118866	0.5249083684919974	1.0	Sex-only
Cc1cccc(C)c1OCC(C)N	1	1	0.6913817	1	0.89108202135178	0.6129032258064516	0.6750602802215706	0.7030297784368446	1.0	Sex-only
Cc1cccc(N(C)C(=S)Oc2ccc3ccccc3c2)c1	0	1	0.76205325	1	0.9052645327377702	0.7368421052631579	0.7590095140468336	0.7704800537445143	1.0	Sex-only
Cc1ccccc1C(=O)Nc1ccc(C(=O)N2CCCC(O)c3cc(Cl)ccc32)c(C)c1	1	0	0.4117338	1	0.8767310852063744	0.74	0.7431372549019608	0.7462983639454228	1.0	Sex-only
Cc1ccccc1N1C(=O)c2cc(S(N)(=O)=O)c(Cl)cc2NC1C	1	0	0.4632311	1	0.8887409313626989	0.7457627118644068	0.7509438317665321	0.7561682213793756	1.0	Sex-only
Cc1ccnc2c1NC(=O)c1cccnc1N2C1CC1	0	1	0.8790742	1	0.8838487968364696	0.7222222222222222	0.7418716551283939	0.7518917740415753	1.0	Sex-only
Cc1nc(Nc2ncc(C(=O)Nc3c(C)cccc3Cl)s2)cc(N2CCN(CCO)CC2)n1	1	1	0.67453766	1	0.87687206105754	0.71	0.721594583831143	0.7276705814363256	1.0	Sex-only
Cc1ncc(C[n+]2csc(CCO)c2C)c(N)n1	1	0	0.42600268	1	0.9139915616622036	0.7457627118644068	0.7756806503566225	0.7922802106501009	1.0	Sex-only
Cc1ncc2n1-c1ccc(Cl)cc1C(c1ccccc1F)=NC2	1	1	0.76207656	1	0.8998068350001918	0.5789473684210527	0.6776068722600918	0.7097943524292256	1.0	Sex-only
Cc1nnc(C(C)C)n1C1CC2CCC(C1)N2CCC(NC(=O)C1CCC(F)(F)CC1)c1ccccc1	1	1	0.5039645	1	0.8671895659096047	0.7027027027027027	0.7130622796709754	0.729479044261653	0.9848484848484849	Sex-only
Cc1nnc(NS(=O)(=O)c2ccc(N)cc2)s1	0	1	0.69044465	1	0.9061008062713638	0.575	0.6446894409937888	0.6947621077416473	1.0	Sex-only
Cc1nnc2n1-c1ccc(Cl)cc1C(c1ccccc1)=NC2	1	0	0.47894782	1	0.9003050005192474	0.42	0.5835446086480569	0.6495598283807406	1.0	Sex-only
Cc1nnc2n1-c1ccc(Cl)cc1C(c1ccccc1Cl)=NC2	0	1	0.6065284	1	0.9064254662066826	0.5714285714285714	0.672138244269392	0.7050198839816326	1.0	Sex-only
Cc1onc(-c2ccccc2)c1-c1ccc(S(N)(=O)=O)cc1	1	0	0.24558446	1	0.8995240768179011	0.6785714285714286	0.6983193277310925	0.7219319871607454	1.0	Sex-only
Clc1ccc2c(c1)C(c1ccccc1)=NCc1nncn1-2	1	0	0.45825425	1	0.9106488669460169	0.44	0.6056336206896551	0.6702377970050384	1.0	Sex-only
Clc1ccc2c(c1)CCc1cccnc1C2=C1CCNCC1	1	1	0.8283299	1	0.9201860806908202	0.7540983606557377	0.7645560109289617	0.7766694605301393	1.0	Sex-only
Clc1ccccc1CN1CCc2sccc2C1	0	0	0.33722022	1	0.9052395788042812	0.7457627118644068	0.7575207710202725	0.7681196827740425	1.0	Sex-only
Cn1c(=O)cc(N2CCCC(N)C2)n(Cc2ccccc2C#N)c1=O	1	1	0.5392245	1	0.8807027128259453	0.7126436781609196	0.7274463060582659	0.7432514774592842	1.0	Sex-only
Cn1cnc2c(F)c(Nc3ccc(Br)cc3Cl)c(C(=O)NOCCO)cc21	0	1	0.54443556	1	0.8830970924820534	0.7575757575757576	0.7678560036454772	0.7753370450845846	0.9846153846153847	Sex-only
Cn1cnc2c(F)c(Nc3ccc(Br)cc3F)c(C(=O)NOCCO)cc21	0	1	0.5375797	1	0.8829254528493103	0.7472527472527473	0.7617857855900125	0.7688849535111463	0.9841269841269841	Sex-only
FC(F)(F)c1ccc(CNc2ccc(Cc3c[nH]c4ncc(Cl)cc34)cn2)cn1	0	1	0.6763174	1	0.9117236300242156	0.7529411764705882	0.7680257856567284	0.7833985434859092	1.0	Sex-only
N#CC1CCCN1C(=O)CNC12CC3CC(CC(O)(C3)C1)C2	1	1	0.8943249	1	0.9182470483415975	0.5967741935483871	0.7162844928099495	0.7618342802855046	1.0	Sex-only
N#Cc1ccc(C(c2ccc(C#N)cc2)n2cncn2)cc1	0	1	0.8222734	1	0.9309663877606721	0.7291666666666666	0.7613589743589744	0.77615019435994	1.0	Sex-only
N#Cc1ccc(C2CCc3cncn32)c(F)c1	0	1	0.5645448	1	0.9145421142207295	0.7708333333333334	0.7711974480199278	0.7748747118191003	1.0	Sex-only
N=C(N)NC(=O)Cc1c(Cl)cccc1Cl	1	0	0.22560571	1	0.8826465103931128	0.6428571428571429	0.6926882423449928	0.7156604155034254	1.0	Sex-only
N=C(N)NC(=O)c1nc(Cl)c(N)nc1N	0	0	0.37241647	1	0.9094389218372237	0.7804878048780488	0.783927644747572	0.7916038878117099	1.0	Sex-only
NC1c2cccnc2C(OC(=O)N2CCC(n3c(=O)[nH]c4ncccc43)CC2)CCC1c1cccc(F)c1F	0	0	0.06547612	1	0.8896840548360423	0.717391304347826	0.7446397368691541	0.7619710562582532	1.0	Sex-only
NS(=O)(=O)c1cc(C(=O)O)c(NCc2ccco2)cc1Cl	1	0	0.41660038	1	0.8829497037123296	0.7446808510638298	0.7449311639549437	0.752663143348869	1.0	Sex-only
NS(=O)(=O)c1cc(C2(O)NC(=O)c3ccccc32)ccc1Cl	1	0	0.43493912	1	0.9037000581839939	0.7692307692307693	0.7796785304247991	0.7879569990118939	1.0	Sex-only
NS(=O)(=O)c1cc(Cl)c(Cl)c(S(N)(=O)=O)c1	0	0	0.37753057	1	0.9335195579226725	0.7741935483870968	0.7832158808933002	0.7954984442081215	1.0	Sex-only
NS(=O)(=O)c1cc2c(cc1Cl)N=CNS2(=O)=O	1	0	0.43382406	1	0.9225271399118367	0.7868852459016393	0.8027325350183376	0.8110678208344432	1.0	Sex-only
NS(=O)(=O)c1cc2c(cc1Cl)NCNS2(=O)=O	1	0	0.27824214	1	0.9231223822062347	0.7666666666666667	0.7900575781734432	0.8068007685253407	1.0	Sex-only
Nc1[nH]c(=O)ncc1F	1	0	0.4619624	1	0.9203902337316548	0.71875	0.7600462304409673	0.7778034613560929	1.0	Sex-only
Nc1nc(=O)c2ncn(COCCO)c2[nH]1	1	0	0.2813665	1	0.8966873033235445	0.32608695652173914	0.46040825740975666	0.5536515211613147	1.0	Sex-only
Nc1nc(CC(=O)Nc2ccc(CCNCC(O)c3ccccc3)cc2)cs1	1	1	0.7339177	1	0.8826838750771508	0.684931506849315	0.6934605117013192	0.7137612683394947	1.0	Sex-only
O=C(CCCN1CC=C(n2c(=O)[nH]c3ccccc32)CC1)c1ccc(F)cc1	1	1	0.6014013	1	0.8847129082155304	0.582089552238806	0.6353630234227249	0.686169077232055	0.9848484848484849	Sex-only
O=C(CCCN1CCC(O)(c2ccc(Cl)cc2)CC1)c1ccc(F)cc1	1	0	0.37679398	1	0.8804195413472653	0.44642857142857145	0.5302792084575765	0.603946633190651	0.9803921568627451	Sex-only
O=C(NC1CCN(CCCCC2(C(=O)NCC(F)(F)F)c3ccccc3-c3ccccc32)CC1)c1ccccc1-c1ccc(C(F)(F)F)cc1	0	1	0.8523189	1	0.8826360075761958	0.7032967032967034	0.7208106599283071	0.7287331949096654	0.9864864864864865	Sex-only
O=C(Nc1ccc(CC2CCC(C(O)c3ccccc3)N2)cc1)C1CCc2nccc(=O)n21	0	0	0.33539772	1	0.8729062836383964	0.7555555555555555	0.7579388824958445	0.7638334886735595	1.0	Sex-only
O=C(Nc1ccc(OC(F)(F)Cl)cc1)c1cnc(N2CCC(O)C2)c(-c2cc[nH]n2)c1	1	1	0.84617436	1	0.882717431038218	0.7307692307692307	0.7370550860526801	0.7482178024980751	1.0	Sex-only
O=C(Nc1nc(-c2cc(Cl)cs2)c(N2CCN(C3CCCCC3)CC2)s1)c1cnc(N2CCC(C(=O)O)CC2)c(Cl)c1	0	0	0.3523324	1	0.8992985912000516	0.7663551401869159	0.772648971814035	0.7789169372030834	1.0	Sex-only
O=C(O)C1C(=CCO)OC2CC(=O)N21	1	0	0.39411533	1	0.8961005240629129	0.7868852459016393	0.7919954776710005	0.7955530431505557	1.0	Sex-only
O=C(O)c1cc(N=Nc2ccc(S(=O)(=O)Nc3ccccn3)cc2)ccc1O	0	0	0.39407694	1	0.8886778614490721	0.576271186440678	0.6401038020689704	0.6757827980074558	1.0	Sex-only
O=C([O-])[O-]	0	1	0.55382174	1	0.9487247105136473	0.375	0.5458333333333333	0.615432098765432	1.0	Sex-only
O=C(c1ccccc1)c1ccc2n1CCC2C(=O)O	0	0	0.32142758	1	0.881421480211097	0.6571428571428571	0.706565934065934	0.7197894211052105	1.0	Sex-only
O=C1CN=C(c2ccccc2Cl)c2cc([N+](=O)[O-])ccc2N1	1	1	0.90061855	1	0.9057246636007568	0.734375	0.7466878424334026	0.759664029531264	1.0	Sex-only
O=C1CN=C(c2ccccn2)c2cc(Br)ccc2N1	1	0	0.3462715	1	0.9060538802272781	0.7288135593220338	0.7343498948551714	0.7474952138577944	1.0	Sex-only
O=C1N=C(c2ccccc2)c2cc(Cl)ccc2NC1O	0	1	0.6426069	1	0.8814903633043089	0.6037735849056604	0.6684791309319611	0.6909113451414121	1.0	Sex-only
O=C1N=C(c2ccccc2Cl)c2cc(Cl)ccc2NC1O	1	1	0.70096904	1	0.8882720544861457	0.7	0.7087903667214012	0.7263759654564252	1.0	Sex-only
O=C1OC2(c3ccc(O)cc3Oc3cc(O)ccc32)c2ccccc21	1	1	0.65180737	1	0.9030025116135484	0.7714285714285715	0.7940909090909092	0.7986137286196546	1.0	Sex-only
O=NN(CCCl)C(=O)NCCCl	1	0	0.4989357	1	0.9314388200366666	0.7608695652173914	0.767536231884058	0.7784481144440699	1.0	Sex-only
O=S(=O)([O-])Oc1ccc(C(c2ccc(OS(=O)(=O)O)cc2)c2ccccn2)cc1	1	1	0.5151653	1	0.8970012382949417	0.7142857142857143	0.718295739348371	0.7479278098144804	1.0	Sex-only
O=c1[nH]c2ccccc2n1C1CCN(CCCC(c2ccc(F)cc2)c2ccc(F)cc2)CC1	1	1	0.6063525	1	0.8805530332208386	0.41935483870967744	0.5525038402457757	0.6234791430881894	0.984375	Sex-only
S=P(N1CC1)(N1CC1)N1CC1	0	1	0.52148664	1	0.9738907786318128	0.8787878787878788	0.8822341057635175	0.8874521119935416	1.0	Sex-only
C#CC1(O)C=CC2C3CC=C4CC(=O)CCC4C3CCC21CC	0	0	0.29191282	1	0.9072725751489451	0.6056338028169014	0.7304170052024622	0.7653460486418907	1.0	Sex-only
C#CC1(O)CCC2C3CC=C4CC(=O)CCC4C3C(=C)CC21CC	1	0	0.09738195	1	0.9078221906653736	0.3492063492063492	0.6319312728615054	0.7099594132539868	1.0	Sex-only
C#CC1(O)CCC2C3CC=C4CC(=O)CCC4C3CCC21C	1	0	0.1147637	1	0.9130456138107894	0.582089552238806	0.6836914147212656	0.7254243607382842	1.0	Sex-only
C#CC1(O)CCC2C3CC=C4CC(=O)CCC4C3CCC21CC	1	0	0.15744591	1	0.9039534724628784	0.4098360655737705	0.6382463281934866	0.7071330517815939	1.0	Sex-only
C#CC1(O)CCC2C3CCC4=Cc5oncc5CC4(C)C3CCC21C	1	0	0.18277244	1	0.9218373510099929	0.6842105263157895	0.7367456235124366	0.7556068002032793	1.0	Sex-only
C#CC1(O)CCC2C3CCc4cc(O)ccc4C3CCC21C	1	0	0.2847781	1	0.9037914805116605	0.4230769230769231	0.4599504823700162	0.5325730317262939	1.0	Sex-only
C#CC1(OC(C)=O)CCC2C3CCC4=CC(=NO)CCC4C3CCC21CC	1	1	0.7021488	1	0.9044265799003467	0.3064516129032258	0.6643485710005974	0.7293765603184158	0.9859154929577465	Sex-only
C#Cc1cccc(Nc2ncnc3cc(OCCOC)c(OCCOC)cc23)c1	1	1	0.91697836	1	0.8962136639221505	0.7553191489361702	0.7601547388781431	0.7673699166606968	1.0	Sex-only
C1N2CN3CN1CN(C2)C3	0	0	0.40800664	1	0.9772555078421264	0.9	0.9036363636363637	0.9081833224690369	1.0	Sex-only
C=C1CCN(C(C)C(O)(Cn2cncn2)c2ccc(F)cc2F)CC1	0	1	0.82581687	1	0.8909731766767538	0.42592592592592593	0.5939827316064938	0.6617617787072293	1.0	Sex-only
C=CC(=O)N1CCCC(n2nc(-c3ccc(Oc4ccccc4)cc3)c3c(N)ncnc32)C1	1	0	0.3796456	1	0.8834284789240605	0.7425742574257426	0.7474622199062011	0.7521635927247144	0.9866666666666667	Sex-only
CC#CC(=O)N1CCCC1c1nc(-c2ccc(C(=O)Nc3ccccn3)cc2)c2c(N)nccn12	1	1	0.7804947	1	0.880644183704433	0.7419354838709677	0.7536114739150792	0.7599706712271092	1.0	Sex-only
CC#CCn1c(N2CCCC(N)C2)nc2c1c(=O)n(Cc1nc(C)c3ccccc3n1)c(=O)n2C	1	1	0.9364408	1	0.8875848770859579	0.7472527472527473	0.7515662724733273	0.7603496652476641	1.0	Sex-only
CC(=O)C1(O)CCC2C3=C(C4=C(CC3)CC(=O)CC4)C(c3ccc(N(C)C)cc3)CC21C	0	1	0.52376187	1	0.9000230325700638	0.25396825396825395	0.574774227021418	0.6776523483452322	1.0	Sex-only
CC(=O)C1(O)CCC2C3CC(C)=C4CC(=O)C=CC4(C)C3(F)C(O)CC21C	0	1	0.62277126	1	0.9016710804818532	0.5675675675675675	0.5725486287130123	0.5821371524039152	1.0	Sex-only
CC(=O)C1CCC2C3CC=C4CC(=O)CCC4(C)C3CCC12C	0	0	0.35845	1	0.9055585133764938	0.6714285714285714	0.7072273727970853	0.7257206992263763	1.0	Sex-only
CC(=O)C1CCC2C3CC=C4CC(O)CCC4(C)C3CCC12C	1	1	0.6118024	1	0.9063650968541345	0.6811594202898551	0.7079978529253892	0.7227320182872705	1.0	Sex-only
CC(=O)OC1(C(C)=O)CCC2C3=CC(C)=C4CC(=O)CCC4(C)C3CCC21C	0	0	0.4932204	1	0.9014920684431286	0.47692307692307695	0.7115478189234082	0.7464110842224846	1.0	Sex-only
CC(=O)OC1(C(C)=O)CCC2C3CC(C)=C4CC(=O)CCC4(C)C3CCC21C	0	1	0.5539249	1	0.9110730530953216	0.6056338028169014	0.7273710669815998	0.753636731824117	1.0	Sex-only
CC(=O)OC1CCC2(C)C(=CCC3C2CCC2(C)C(c4cccnc4)=CCC32)C1	1	0	0.33103448	1	0.8911453809258544	0.7611940298507462	0.764017225211255	0.767980867529108	1.0	Sex-only
CC(=O)OCC(=O)C1(O)CCC2C3CC=C4CC(=O)C=CC4(C)C3C(O)CC21C	0	0	0.40196663	1	0.8905160005167493	0.46987951807228917	0.5476254669025753	0.5905289865140106	0.9855072463768116	Sex-only
CC(=O)OCC(CCn1cnc2cnc(N)nc21)COC(C)=O	1	0	0.47227588	1	0.8793456067758914	0.7297297297297297	0.7327948438502172	0.7380035994920284	0.9791666666666666	Sex-only
CC(=O)Oc1ccc(C(c2ccc(OC(C)=O)cc2)c2ccccn2)cc1	0	1	0.69871724	1	0.8802004177446016	0.6666666666666666	0.6682170542635658	0.6863554803754139	1.0	Sex-only
CC(=O)Oc1ccccc1C(=O)Nc1ncc([N+](=O)[O-])s1	0	1	0.75196344	1	0.889229024291665	0.5833333333333334	0.6689026915113871	0.7086384336752797	1.0	Sex-only
CC(=O)SC1C=C2CC(=O)CCC2(C)C2CCC3(C)C(CCC34CCC(=O)O4)C12	1	0	0.4884021	1	0.9066101899977131	0.7733333333333333	0.7852549019607842	0.7900857508951322	1.0	Sex-only
CC(=O)[O-]	1	1	0.81915945	1	0.932740528947703	0.5	0.5294117647058824	0.606080411962765	1.0	Sex-only
CC(C)(C)NC(=O)C1CN(Cc2cccnc2)CCN1CC(O)CC(Cc1ccccc1)C(=O)NC1c2ccccc2CC1O	1	1	0.71456224	1	0.8801420857436355	0.6782608695652174	0.7107545196473928	0.7287943269247763	0.9878048780487805	Sex-only
CC(C)(C)c1cc(C(C)(C)C)c(NC(=O)c2c[nH]c3ccccc3c2=O)cc1O	1	1	0.6038785	1	0.8888477341193427	0.7547169811320755	0.7741486631816821	0.778611779198938	1.0	Sex-only
CC(C)(O)CNc1nc(Nc2ccnc(C(F)(F)F)c2)nc(-c2cccc(C(F)(F)F)n2)n1	0	1	0.6481484	1	0.8964483270103498	0.7209302325581395	0.7367946382199946	0.7524701703432953	1.0	Sex-only
CC(C)C(=O)Oc1ccc(CO)cc1C(CCN(C(C)C)C(C)C)c1ccccc1	0	0	0.45535618	1	0.8663580225349	0.5272727272727272	0.6430728335991495	0.678345306415482	1.0	Sex-only
CC(C)N(CCC(C(N)=O)(c1ccccc1)c1ccccn1)C(C)C	1	1	0.6440716	1	0.8664489466617604	0.6111111111111112	0.6239316239316239	0.6652170796824886	0.9811320754716981	Sex-only
CC(C)N(CCCCOCC(=O)NS(C)(=O)=O)c1cnc(-c2ccccc2)c(-c2ccccc2)n1	1	0	0.36845037	1	0.8706515128942669	0.7362637362637363	0.7485178401845067	0.7562061152057691	1.0	Sex-only
CC(C)c1cc(-c2n[nH]c(=O)n2-c2ccc3c(ccn3C)c2)c(O)cc1OP(=O)(O)O	1	1	0.52245164	1	0.8956365061730718	0.7741935483870968	0.7814007203257125	0.793253272528293	1.0	Sex-only
CC(C)c1cccc(C(C)C)c1O	1	1	0.55667424	1	0.8962876024057426	0.7142857142857143	0.7279430247172183	0.734366708560257	1.0	Sex-only
CC(NC(C)(C)C)C(=O)c1cccc(Cl)c1	1	1	0.5850206	1	0.8752534512628962	0.6862745098039216	0.6945888553049678	0.7036106759581644	1.0	Sex-only
CC(NCCCc1cccc(C(F)(F)F)c1)c1cccc2ccccc12	1	1	0.60108584	1	0.8932732743253429	0.7333333333333333	0.7459930857588937	0.7511018404642443	1.0	Sex-only
CC(NCc1ccc(OCc2cccc(F)c2)cc1)C(N)=O	1	1	0.7078382	1	0.8658901304565507	0.6206896551724138	0.6579841115659473	0.6772550820227685	0.9795918367346939	Sex-only
CC(O)C(=O)[O-]	1	1	0.7199509	1	0.9254568088582659	0.4666666666666667	0.5966300366300367	0.641337674671008	1.0	Sex-only
CC(c1nc(-c2ccc(C#N)cc2)cs1)C(O)(Cn1cncn1)c1cc(F)ccc1F	0	1	0.6481666	1	0.9044896983803197	0.5882352941176471	0.6787035261240033	0.7214465497387964	0.9859154929577465	Sex-only
CC(c1ncncc1F)C(O)(Cn1cncn1)c1ccc(F)cc1F	1	1	0.8725196	1	0.8992355910764889	0.40384615384615385	0.5847884615384615	0.6587850018453467	1.0	Sex-only
CC1(C)C(C(=O)O)N2C(=O)CC2S1(=O)=O	1	0	0.39154	1	0.8964032994335118	0.6792452830188679	0.6992843201040988	0.7158646393085777	1.0	Sex-only
CC1(C)CC1C(=O)N=C(CCCCCSCC(N)C(=O)O)C(=O)O	0	1	0.5849967	1	0.9066702829283807	0.7538461538461538	0.7577459445316588	0.7694884078127022	1.0	Sex-only
CC1(Cn2ccnn2)C(C(=O)O)N2C(=O)CC2S1(=O)=O	1	0	0.31624433	1	0.8840128362964637	0.7164179104477612	0.7413616847270497	0.7550664864414609	0.9833333333333333	Sex-only
CC12C=CC(=O)C=C1CCC1C2C(=O)CC2(C)C1CCC2(O)C(=O)CO	1	0	0.4575535	1	0.8976766262627988	0.5972222222222222	0.6476340391808512	0.685275451771877	1.0	Sex-only
CC12C=CC(=O)C=C1CCC1C2C(O)CC2(C)C1CCC2(O)C(=O)CO	1	1	0.5782705	1	0.8956900544167044	0.5571428571428572	0.6201904761904762	0.6512968948263066	1.0	Sex-only
CC12CC=C3C4=C(CCC3C1CCC2(O)CC#N)CC(=O)CC4	0	0	0.46931177	1	0.9065476704405062	0.6708860759493671	0.7263490103255462	0.7541398371254627	1.0	Sex-only
CC12CCC(=O)C=C1C1CC1C1C2CCC2(C)C1C1CC1C21CCC(=O)O1	1	1	0.7653537	1	0.9217719306881408	0.7702702702702703	0.7944039467756253	0.8022765510686996	1.0	Sex-only
CC12CCC(=O)C=C1CCC1C2C(=O)CC2(C)C1CCC2(O)C(=O)CO	0	1	0.6122576	1	0.8985382027528735	0.6883116883116883	0.7166827000160334	0.7388846064771991	1.0	Sex-only
CC12CCC(=O)C=C1CCC1C2C(O)CC2(C)C1CCC2(O)C(=O)CO	1	1	0.69065464	1	0.8956170504512182	0.6533333333333333	0.6906371308016876	0.7124332140612776	1.0	Sex-only
CC12CCC(=O)C=C1CCC1C2C(O)CC2(C)C1CCC2(O)C(=O)COC(=O)CCC(=O)O	0	0	0.2989341	1	0.8894671141956365	0.6868686868686869	0.7098571926158133	0.719660491565119	1.0	Sex-only
CC12CCC(=O)C=C1CCC1C2CCC2(C)C(O)CCC12	1	1	0.6755834	1	0.9053765921132221	0.5818181818181818	0.6332893336172024	0.6684655017827631	1.0	Sex-only
CC12CCC(=O)C=C1CCC1C2CCC2(C)C(OC(=O)CCC3CCCC3)CCC12	0	0	0.3882107	1	0.8928824284408919	0.44285714285714284	0.666594684385382	0.7025078323915532	0.984375	Sex-only
CC12CCC(=O)C=C1CCC1C3CCC(O)(C(=O)CO)C3(C)CC(O)C12F	1	1	0.7954774	1	0.895113647177641	0.5072463768115942	0.5756003051106026	0.6239323662529019	0.9848484848484849	Sex-only
CC12CCC(O)CC1=CCC1C2CCC2(C)C(c3cccnc3)=CCC12	0	0	0.23382854	1	0.907165053649964	0.7333333333333333	0.7574275762099478	0.7713916386338012	1.0	Sex-only
CC12CCC3C(CC=C4CC(O)CCC43C)C1CCC2=O	0	0	0.46666706	1	0.9022653618884602	0.5555555555555556	0.6897934804662477	0.7262504366494967	1.0	Sex-only
CC1=C(CC(=O)O)c2cc(F)ccc2C1=Cc1ccc(S(C)=O)cc1	0	1	0.8798102	1	0.896219608884526	0.7702702702702703	0.7762686815318395	0.781907699093454	0.9824561403508771	Sex-only
CC1=C2CC(=O)C=CC2(C)C2C(O)CC3(C)C(CCC3(O)C(=O)CO)C2C1	1	1	0.5414156	1	0.8943036441062159	0.6410256410256411	0.64875921180269	0.6634551739318633	1.0	Sex-only
CC1=NS(=O)(=O)c2cc(Cl)ccc2N1	1	1	0.76832575	1	0.9105234069776669	0.6851851851851852	0.7291588198367858	0.7457253738797994	1.0	Sex-only
CC1CC(OC(=O)c2ccccc2O)CC(C)(C)C1	1	1	0.60019314	1	0.8738439684392644	0.5641025641025641	0.6745691467002943	0.7042625527645313	1.0	Sex-only
CC1CNCCc2ccc(Cl)cc21	0	0	0.45919436	1	0.9085767186861956	0.7058823529411765	0.7165634674922601	0.7364949651831356	1.0	Sex-only
CC1Cc2ccccc2N1NC(=O)c1ccc(Cl)c(S(N)(=O)=O)c1	1	0	0.24817543	1	0.8736553157039437	0.7049180327868853	0.7216654247391953	0.7324664546042124	1.0	Sex-only
CCC1(O)C(=O)OCc2c1cc1n(c2=O)Cc2cc3c(CN(C)C)c(O)ccc3nc2-1	0	1	0.6860477	1	0.8851254609049538	0.7752808988764045	0.7803408541742177	0.7833991418607932	1.0	Sex-only
CCCC(=O)OCOC(=O)C1=C(C)N=C(C)C(C(=O)OC)C1c1cccc(Cl)c1Cl	1	1	0.8240273	1	0.8679884597487023	0.2037037037037037	0.42799310938845825	0.5741481824557033	0.9827586206896551	Sex-only
CCCC1OC2CC3C4CC=C5CC(=O)C=CC5(C)C4C(O)CC3(C)C2(C(=O)CO)O1	1	1	0.5732644	1	0.8997778046061624	0.4166666666666667	0.5476190476190477	0.6030354373051002	1.0	Sex-only
CCCCC(CC)COC(=O)c1ccccc1O	1	1	0.6627041	1	0.8678552663746589	0.49019607843137253	0.5301755399377427	0.6000975221876348	1.0	Sex-only
CCCCCC(=O)OC1(C(C)=O)CCC2C3CC=C4CC(=O)CCC4(C)C3CCC21C	1	0	0.33563265	1	0.8955865862139522	0.6987951807228916	0.7264573876641491	0.7382127605886102	0.9859154929577465	Sex-only
CCCCCCCN(CC)CCCC(O)c1ccc(NS(C)(=O)=O)cc1	1	1	0.91729075	1	0.8897279691275044	0.5102040816326531	0.6045397178569092	0.6586421002182933	1.0	Sex-only
CCCCCCOC(=O)N=C(N)c1ccc(NCc2nc3cc(C(=O)N(CCC(=O)OCC)c4ccccn4)ccc3n2C)cc1	1	1	0.8547121	1	0.8844603116158654	0.36046511627906974	0.5771092257600483	0.6604600257439817	1.0	Sex-only
CCCCNc1cc(C(=O)O)cc(S(N)(=O)=O)c1Oc1ccccc1	1	1	0.7013313	1	0.8634031149193216	0.6557377049180327	0.6736137010956794	0.6919215728679028	0.9803921568627451	Sex-only
CCCN(CCC)CCc1cccc2[nH]c(O)cc12	0	1	0.7086599	1	0.8954504768820699	0.7534246575342466	0.7553901596569461	0.7595404563553378	1.0	Sex-only
CCCN(CCc1cccs1)C1CCc2c(O)cccc2C1	1	1	0.6535309	1	0.892111004255685	0.6933333333333334	0.7398428680396643	0.7568828324892398	1.0	Sex-only
CCCSc1ccc2[nH]c(NC(=O)OC)nc2c1	0	1	0.976931	1	0.8759578130835604	0.7432432432432432	0.7497972972972973	0.7620219718045804	1.0	Sex-only
CCN(CC)CC(=O)Nc1c(C)cccc1C	1	1	0.68851596	1	0.873211910856124	0.6122448979591837	0.626912834099157	0.6496767650957229	1.0	Sex-only
CCN(CC)CCN1C(=O)CN=C(c2ccccc2F)c2cc(Cl)ccc21	0	1	0.75603414	1	0.8816681740626999	0.5	0.6152985074626866	0.6581082681828951	1.0	Sex-only
CCN(CCO)CCCC(C)Nc1ccnc2cc(Cl)ccc12	1	1	0.6879698	1	0.8924267775800749	0.14	0.5185088589652729	0.6364890466599424	1.0	Sex-only
CCNC(C)Cc1cccc(C(F)(F)F)c1	0	1	0.82744944	1	0.8966205638172547	0.6410256410256411	0.6733333333333335	0.6965469228627124	1.0	Sex-only
CCOC(=O)N1CCC(=C2c3ccc(Cl)cc3CCc3cccnc32)CC1	1	0	0.49327916	1	0.8664278472768566	0.6753246753246753	0.7097936203443151	0.72688064980005	1.0	Sex-only
CCOC(=O)OC1(C(=O)OCCl)CCC2C3CC=C4CC(=O)C=CC4(C)C3C(O)CC21C	0	1	0.6902203	1	0.8931403369376959	0.5494505494505495	0.6065345170501895	0.63076870887791	1.0	Sex-only
CCOCCP(CCOCC)CCP(CCOCC)CCOCC	0	1	0.5939076	1	0.9559853887116488	0.75	0.7976190476190477	0.8197080697080696	1.0	Sex-only
CCOc1ccccc1OC(c1ccccc1)C1CNCCO1	1	1	0.7491357	1	0.8869188806094147	0.42857142857142855	0.6110837438423645	0.6774539317642767	1.0	Sex-only
CCc1c2c(nc3ccc(OC(=O)N4CCC(N5CCCCC5)CC4)cc13)-c1cc3c(c(=O)n1C2)COC(=O)C3(O)CC	1	0	0.22289525	1	0.8794202794653175	0.7699115044247787	0.7790867256637168	0.78332579482137	0.989010989010989	Sex-only
CCc1cc2c(cc1N1CCC(N3CCOCC3)CC1)C(C)(C)c1[nH]c3cc(C#N)ccc3c1C2=O	1	1	0.5788001	1	0.8962582104943948	0.7238095238095238	0.7555019132213927	0.7679450216064796	1.0	Sex-only
CN(C)C(=O)NC1CCC(CCN2CCN(c3cccc(Cl)c3Cl)CC2)CC1	0	1	0.98506635	1	0.8673331072300302	0.631578947368421	0.682286197421264	0.7085711085457439	0.9841269841269841	Sex-only
CN(C)C(=O)Oc1ccc[n+](C)c1	1	1	0.9156076	1	0.8921337167571626	0.673469387755102	0.7277158506394387	0.7458616752636686	1.0	Sex-only
CN(C)C(=O)Oc1cccc([N+](C)(C)C)c1	1	1	0.9060484	1	0.8865432580789592	0.5957446808510638	0.6909294512877939	0.7251916865018768	1.0	Sex-only
CN(C)CC=CC(=O)Nc1cc2c(Nc3ccc(F)c(Cl)c3)ncnc2cc1OC1CCOC1	1	1	0.8761771	1	0.883333438641168	0.7368421052631579	0.7528897380640288	0.7581136160344397	0.9875	Sex-only
CN(CC=CC#CC(C)(C)C)Cc1cccc2ccccc12	0	1	0.6219846	1	0.9120873345613737	0.64	0.7367142857142858	0.7685335456040521	1.0	Sex-only
CN1C(=O)C(O)N=C(c2ccccc2)c2cc(Cl)ccc21	0	0	0.44749796	1	0.8766454670237782	0.40816326530612246	0.5464194279862482	0.6255174743012211	1.0	Sex-only
CN1C(C(=O)Nc2ccccn2)C(=O)c2ccccc2S1(=O)=O	0	1	0.65619045	1	0.8793451951054291	0.36538461538461536	0.6084283559577678	0.6829441662963602	1.0	Sex-only
CN1CCC(=C2c3ccccc3C=Cc3ccccc32)CC1	1	1	0.97896266	1	0.9048366897795632	0.6842105263157895	0.7093288777499304	0.7261129424192119	1.0	Sex-only
CN1CCC(C(=O)c2cccc(NC(=O)c3c(F)cc(F)cc3F)n2)CC1	0	0	0.4924299	1	0.867176162399313	0.7303370786516854	0.7310136083081442	0.7339217742709833	0.9836065573770492	Sex-only
CN1CCN2c3c(cccc31)C1CN(CCCC(=O)c3ccc(F)cc3)CCC12	0	1	0.6161163	1	0.87347329681488	0.6142857142857143	0.6454205136813832	0.6844647461200631	0.9852941176470589	Sex-only
CN1CCN2c3ncccc3Cc3ccccc3C2C1	1	0	0.2872385	1	0.895234415898832	0.723404255319149	0.7285784051226742	0.7335292214839231	1.0	Sex-only
CNC(=O)c1c(C)oc2cc(Oc3ncnc4cc(OC)c(OC)cc34)ccc12	0	1	0.9454762	1	0.8931323840838125	0.7466666666666667	0.7677316017316016	0.7705963865514427	1.0	Sex-only
CNC(=O)c1cc(Oc2ccc(NC(=O)Nc3ccc(Cl)c(C(F)(F)F)c3)c(F)c2)ccn1	1	1	0.65579736	1	0.8933330008876849	0.7380952380952381	0.7403408186016881	0.747032183367587	0.9850746268656716	Sex-only
CNC(=O)c1cc(Oc2ccc(NC(=O)Nc3ccc(Cl)c(C(F)(F)F)c3)cc2)ccn1	1	1	0.7364226	1	0.8905606967497358	0.7341772151898734	0.7383026518257276	0.7438924342186094	1.0	Sex-only
CNC(C)C1CCC(N)C(OC2C(N)CC(N)C(OC3OCC(C)(O)C(NC)C3O)C2O)O1	0	1	0.70305663	1	0.9266815401118428	0.8315789473684211	0.8339198537793326	0.8362375256039027	1.0	Sex-only
CNC1(c2ccccc2Cl)CCCCC1=O	1	1	0.52341425	1	0.890650996983134	0.75	0.763968253968254	0.7710934744268079	1.0	Sex-only
CNCCC(Oc1ccc(C(F)(F)F)cc1)c1ccccc1	1	1	0.8404522	1	0.8908160760520791	0.4418604651162791	0.5645763000241781	0.6410609074208398	1.0	Sex-only
CNCCC=C1c2ccccc2CCc2ccccc21	1	1	0.78823674	1	0.898762491926218	0.3888888888888889	0.4999014535599902	0.5724320244645448	1.0	Sex-only
CNCc1cc(-c2ccccc2F)n(S(=O)(=O)c2cccnc2)c1	0	1	0.67064565	1	0.8935702951114001	0.7662337662337663	0.7700950390605563	0.7748091347607379	0.984375	Sex-only
COC(=O)C(c1ccccc1Cl)N1CCc2sccc2C1	1	1	0.79856	1	0.8650800724752532	0.5857142857142857	0.6741184607645876	0.7032307253257959	1.0	Sex-only
COC(=O)C1=C(C)N=C(C)C(C(=O)OC)C1c1ccccc1[N+](=O)[O-]	1	1	0.7603096	1	0.8798078626975046	0.4827586206896552	0.5723975659229209	0.6530154827517911	1.0	Sex-only
COC(=O)C1=C(C)N=C(C)C(C(=O)OCC(C)C)C1c1ccccc1[N+](=O)[O-]	1	1	0.7786191	1	0.8687600276782038	0.5454545454545454	0.6196506064315122	0.6769488535878799	0.9824561403508771	Sex-only
COC(=O)C1=C(C)N=C(C)C(C(=O)OCCN(C)Cc2ccccc2)C1c1cccc([N+](=O)[O-])c1	1	1	0.82510924	1	0.8692676015247219	0.618421052631579	0.6672415711583397	0.7033914430875545	0.9848484848484849	Sex-only
COC(=O)C1C=C2CC(=O)CCC2(C)C23OC2CC2(C)C(CCC24CCC(=O)O4)C13	1	0	0.21080646	1	0.9053080082600465	0.7830188679245284	0.792686029255883	0.7982821007439591	1.0	Sex-only
COC(c1ccccc1)(c1ccccc1)C(Oc1nc(C)cc(C)n1)C(=O)O	1	1	0.7247546	1	0.8743273328689758	0.7307692307692307	0.7352157464773288	0.7397289126520139	1.0	Sex-only
COCCOC(=O)C1=C(C)N=C(C)C(C(=O)OC(C)C)C1c1cccc([N+](=O)[O-])c1	1	1	0.6901321	1	0.8724232691464028	0.6056338028169014	0.6708640993673743	0.713377477652081	0.9833333333333333	Sex-only
COCCOC(=O)NCCCCC(NC(=O)OCCOC)C(=O)NCCCCCCCOP(C)(=O)O	1	1	0.5612358	1	0.9132585227451872	0.5	0.6484153005464481	0.7049082672033493	1.0	Sex-only
COc1c(-c2ccc3cc(NS(C)(=O)=O)ccc3c2)cc(-n2ccc(=O)[nH]c2=O)cc1C(C)(C)C	1	1	0.76870835	1	0.9092765365219906	0.7608695652173914	0.7675623139194409	0.7750709915454174	1.0	Sex-only
COc1cc(C(C)=O)ccc1OCCCN1CCC(c2noc3cc(F)ccc23)CC1	1	1	0.6654275	1	0.8698828960302123	0.5357142857142857	0.5644865174985656	0.622119619824726	0.9850746268656716	Sex-only
COc1cc(NC(C)CCCN)c2ncccc2c1	1	1	0.50582176	1	0.891530383615228	0.6818181818181818	0.7227272727272727	0.7390164459129976	1.0	Sex-only
COc1cc(Nc2c(C#N)cnc3cc(OCCCN4CCN(C)CC4)c(OC)cc23)c(Cl)cc1Cl	1	1	0.7330804	1	0.9029585221586056	0.7319587628865979	0.7427537963014009	0.7488484901034673	1.0	Sex-only
COc1cc2c(Nc3ccc(Br)cc3F)ncnc2cc1OCC1CCN(C)CC1	0	1	0.8977392	1	0.8896263547503712	0.7127659574468085	0.7243009377149684	0.7287583036524033	1.0	Sex-only
COc1cc2c(c(OC)c1OC)-c1ccc(OC)c(=O)cc1C(NC(C)=O)CC2	1	1	0.92817295	1	0.8816344790544325	0.75	0.7581865622961513	0.7623000281490246	1.0	Sex-only
COc1cc2c(cc1O)CCNC21CSC2c3c(OC(C)=O)c(C)c4c(c3C(COC1=O)N1C(O)C3Cc5cc(C)c(OC)c(O)c5C(C21)N3C)OCO4	1	1	0.72773653	1	0.9011294428478814	0.7545454545454545	0.75937491769457	0.7628257466017002	1.0	Sex-only
COc1cc2nc(N3CCN(C(=O)c4ccco4)CC3)nc(N)c2cc1OC	1	1	0.84984463	1	0.8757944147025508	0.4117647058823529	0.4641930618401207	0.573485864387692	1.0	Sex-only
COc1cc2nccc(Oc3ccc(NC(=O)C4(C(=O)Nc5ccc(F)cc5)CC4)cc3)c2cc1OC	1	1	0.88387704	1	0.8816962763444046	0.7432432432432432	0.7466306306306306	0.7494831416782636	1.0	Sex-only
COc1cc2nccc(Oc3ccc(NC(=O)NC4CC4)c(Cl)c3)c2cc1C(N)=O	1	1	0.58429885	1	0.8829179360261417	0.7052631578947368	0.716334400357329	0.7350440997311674	1.0	Sex-only
COc1cc2ncnc(Nc3ccc(F)c(Cl)c3)c2cc1NC(=O)C=CCN1CCCCC1	0	1	0.78289366	1	0.873611733502124	0.719626168224299	0.7295953492869778	0.7368673973484753	0.9863013698630136	Sex-only
COc1cc2ncnc(Nc3ccc(F)c(Cl)c3)c2cc1OCCCN1CCOCC1	0	1	0.76738083	1	0.8903910234275899	0.6804123711340206	0.7053791977135859	0.7193354255502267	1.0	Sex-only
COc1ccc2[nH]c3c(c2c1)CCNC31CSC2c3c(OC(C)=O)c(C)c4c(c3C(COC1=O)N1C(O)C3Cc5cc(C)c(OC)c(O)c5C(C21)N3C)OCO4	0	1	0.79674464	1	0.8975599683124399	0.7678571428571429	0.768818161807376	0.7716421294915174	1.0	Sex-only
COc1ccc2c3c1OC1CC(O)C=CC31CCN(C)C2	1	1	0.8280444	1	0.8965153356385492	0.5882352941176471	0.6058823529411764	0.6341415343072344	1.0	Sex-only
COc1cccc(-c2c(C)n(Cc3c(F)cccc3C(F)(F)F)c(=O)n(CC(NCCCC(=O)O)c3ccccc3)c2=O)c1F	0	1	0.94891644	1	0.8813847267350684	0.7545454545454545	0.7588202801668726	0.764839379423623	1.0	Sex-only
COc1ccnc(CS(=O)c2nc3cc(OC(F)F)ccc3[nH]2)c1OC	1	1	0.9141725	1	0.8942456845479134	0.4461538461538462	0.5015257206561554	0.5990161207552512	1.0	Sex-only
CS(=O)(=O)CCNCc1ccc(-c2ccc3ncnc(Nc4ccc(OCc5cccc(F)c5)c(Cl)c4)c3c2)o1	1	1	0.9461982	1	0.9003446552065947	0.7345132743362832	0.7657249528355328	0.7765693684767637	0.9882352941176471	Sex-only
CS(=O)(=O)c1ccc(C(=O)Nc2ccc(Cl)c(-c3ccccn3)c2)c(Cl)c1	0	0	0.33240423	1	0.891783881551349	0.7638888888888888	0.7645243282498184	0.7657224462085103	1.0	Sex-only
CS(=O)(=O)c1ccc(C2=C(c3ccccc3)C(=O)OC2)cc1	1	0	0.31753513	1	0.8994986802511794	0.7313432835820896	0.7801405180067889	0.787606410230529	1.0	Sex-only
CS(C)=O	1	1	0.76168406	1	0.9650442647930422	0.8181818181818182	0.8485052202699261	0.8661682181290026	1.0	Sex-only
C[N+](C)(C)CC(=O)[O-]	0	1	0.6878168	1	0.9201416601095771	0.6956521739130435	0.7144599645878419	0.7433543995557107	1.0	Sex-only
C[N+](C)(C)CC(O)CC(=O)[O-]	1	1	0.7426671	1	0.9213460064849616	0.75	0.752	0.7623344556677889	1.0	Sex-only
C[N+](C)(C)CCOC(=O)CCC(=O)OCC[N+](C)(C)C	1	0	0.42976385	1	0.9110498673902356	0.7222222222222222	0.7379236379236379	0.7603063019729688	1.0	Sex-only
Cc1c(C(=O)Nc2ccc(N3CC(C)OC(C)C3)nc2)cccc1-c1ccc(OC(F)(F)F)cc1	1	1	0.92268825	1	0.8776651418968011	0.6891891891891891	0.7149718633589602	0.7324270173961321	1.0	Sex-only
Cc1c(O)cccc1C(=O)NC(CSc1ccccc1)C(O)CN1CC2CCCCC2CC1C(=O)NC(C)(C)C	0	0	0.43700084	1	0.8744331099514108	0.5051546391752577	0.6342109784771206	0.6806035158984315	0.9866666666666667	Sex-only
Cc1cc(C(C)(C)C)c(O)c(C)c1CC1=NCCN1	0	1	0.5333213	1	0.9074221805065564	0.631578947368421	0.6711500974658868	0.7269101294772816	1.0	Sex-only
Cc1cc(C(C)(C)C)cc(C)c1CC1=NCCN1	0	0	0.42454946	1	0.9129573033158959	0.6046511627906976	0.636319118142707	0.6933799022361443	1.0	Sex-only
Cc1cc(NS(=O)(=O)c2ccc(N)cc2)no1	1	1	0.61120534	1	0.9030269152196915	0.575	0.6587362637362637	0.7078404217566778	1.0	Sex-only
Cc1cc(O)ccc1Cl	0	0	0.32724386	1	0.9077772059204302	0.6896551724137931	0.7285647716682201	0.744618418220447	1.0	Sex-only
Cc1ccc(-c2ncc(Cl)cc2-c2ccc(S(C)(=O)=O)cc2)cn1	1	1	0.8662477	1	0.9115233480165413	0.7758620689655172	0.7778661951075744	0.7839509827656379	1.0	Sex-only
Cc1ccc(C(=O)OCc2ccc(C(CN)C(=O)Nc3ccc4cnccc4c3)cc2)c(C)c1	0	0	0.46059263	1	0.8856684067747213	0.7448979591836735	0.7569279563677322	0.7671669178167698	1.0	Sex-only
Cc1ccc(Sc2ccccc2N2CCNCC2)c(C)c1	1	1	0.92860097	1	0.9017406063253529	0.7538461538461538	0.7680786259913395	0.7776548542944578	1.0	Sex-only
Cc1cccc(C(C)c2c[nH]cn2)c1C	1	1	0.8146192	1	0.9111376483368968	0.7962962962962963	0.802538703547955	0.8063334010529916	1.0	Sex-only
Cc1cccc(C)c1NC(=O)C1CCCCN1C	1	1	0.8371431	1	0.865518248523936	0.27906976744186046	0.37357235142118866	0.5249083684919974	1.0	Sex-only
Cc1cccc(C)c1OCC(C)N	1	1	0.7583568	1	0.89108202135178	0.6129032258064516	0.6750602802215706	0.7030297784368446	1.0	Sex-only
Cc1cccc(Nc2ccccc2C(=O)O)c1C	1	1	0.91893506	1	0.8788555610791948	0.6060606060606061	0.6350047116004564	0.6559690568649136	1.0	Sex-only
Cc1ccccc1C(=O)Nc1ccc(C(=O)N2CCCC(O)c3cc(Cl)ccc32)c(C)c1	1	1	0.5033438	1	0.8767310852063744	0.74	0.7431372549019608	0.7462983639454228	1.0	Sex-only
Cc1ccccc1N1C(=O)c2cc(S(N)(=O)=O)c(Cl)cc2NC1C	1	1	0.5364239	1	0.8887409313626989	0.7457627118644068	0.7509438317665321	0.7561682213793756	1.0	Sex-only
Cc1ccnc2c1NC(=O)c1cccnc1N2C1CC1	1	1	0.92332613	1	0.8838487968364696	0.7222222222222222	0.7418716551283939	0.7518917740415753	1.0	Sex-only
Cc1nc(Nc2ncc(C(=O)Nc3c(C)cccc3Cl)s2)cc(N2CCN(CCO)CC2)n1	1	1	0.7640212	1	0.87687206105754	0.71	0.721594583831143	0.7276705814363256	1.0	Sex-only
Cc1ncc2n1-c1ccc(Cl)cc1C(c1ccccc1F)=NC2	1	1	0.8158921	1	0.8998068350001918	0.5789473684210527	0.6776068722600918	0.7097943524292256	1.0	Sex-only
Cc1nnc(C(C)C)n1C1CC2CCC(C1)N2CCC(NC(=O)C1CCC(F)(F)CC1)c1ccccc1	1	1	0.60883105	1	0.8671895659096047	0.7027027027027027	0.7130622796709754	0.729479044261653	0.9848484848484849	Sex-only
Cc1nnc2n1-c1ccc(Cl)cc1C(c1ccccc1)=NC2	1	1	0.56140554	1	0.9003050005192474	0.42	0.5835446086480569	0.6495598283807406	1.0	Sex-only
Cc1nnc2n1-c1ccc(Cl)cc1C(c1ccccc1Cl)=NC2	0	1	0.68779206	1	0.9064254662066826	0.5714285714285714	0.672138244269392	0.7050198839816326	1.0	Sex-only
Clc1ccc2c(c1)C(c1ccccc1)=NCc1nncn1-2	1	1	0.54657245	1	0.9106488669460169	0.44	0.6056336206896551	0.6702377970050384	1.0	Sex-only
Clc1ccc2c(c1)CCc1cccnc1C2=C1CCNCC1	1	1	0.8709184	1	0.9201860806908202	0.7540983606557377	0.7645560109289617	0.7766694605301393	1.0	Sex-only
Clc1ccccc1CN1CCc2sccc2C1	1	0	0.4285546	1	0.9052395788042812	0.7457627118644068	0.7575207710202725	0.7681196827740425	1.0	Sex-only
Cn1c(=O)cc(N2CCCC(N)C2)n(Cc2ccccc2C#N)c1=O	1	1	0.6543174	1	0.8807027128259453	0.7126436781609196	0.7274463060582659	0.7432514774592842	1.0	Sex-only
Cn1cnc2c(F)c(Nc3ccc(Br)cc3Cl)c(C(=O)NOCCO)cc21	1	1	0.6277972	1	0.8830970924820534	0.7575757575757576	0.7678560036454772	0.7753370450845846	0.9846153846153847	Sex-only
Cn1cnc2c(F)c(Nc3ccc(Br)cc3F)c(C(=O)NOCCO)cc21	0	1	0.6153834	1	0.8829254528493103	0.7472527472527473	0.7617857855900125	0.7688849535111463	0.9841269841269841	Sex-only
FC(F)(F)c1ccc(CNc2ccc(Cc3c[nH]c4ncc(Cl)cc34)cn2)cn1	0	1	0.74658483	1	0.9117236300242156	0.7529411764705882	0.7680257856567284	0.7833985434859092	1.0	Sex-only
N#CC1CCCN1C(=O)CNC12CC3CC(CC(O)(C3)C1)C2	1	1	0.94185424	1	0.9182470483415975	0.5967741935483871	0.7162844928099495	0.7618342802855046	1.0	Sex-only
N#Cc1ccc(C(c2ccc(C#N)cc2)n2cncn2)cc1	1	1	0.8706509	1	0.9309663877606721	0.7291666666666666	0.7613589743589744	0.77615019435994	1.0	Sex-only
N#Cc1ccc(C2CCc3cncn32)c(F)c1	0	1	0.6859534	1	0.9145421142207295	0.7708333333333334	0.7711974480199278	0.7748747118191003	1.0	Sex-only
N=C(N)NC(=O)Cc1c(Cl)cccc1Cl	1	0	0.31336442	1	0.8826465103931128	0.6428571428571429	0.6926882423449928	0.7156604155034254	1.0	Sex-only
N=C(N)NC(=O)c1nc(Cl)c(N)nc1N	1	0	0.46636635	1	0.9094389218372237	0.7804878048780488	0.783927644747572	0.7916038878117099	1.0	Sex-only
NC1c2cccnc2C(OC(=O)N2CCC(n3c(=O)[nH]c4ncccc43)CC2)CCC1c1cccc(F)c1F	0	0	0.108917296	1	0.8896840548360423	0.717391304347826	0.7446397368691541	0.7619710562582532	1.0	Sex-only
NS(=O)(=O)c1cc(C(=O)O)c(NCc2ccco2)cc1Cl	1	1	0.50782925	1	0.8829497037123296	0.7446808510638298	0.7449311639549437	0.752663143348869	1.0	Sex-only
NS(=O)(=O)c1cc(C2(O)NC(=O)c3ccccc32)ccc1Cl	1	0	0.4757637	1	0.9037000581839939	0.7692307692307693	0.7796785304247991	0.7879569990118939	1.0	Sex-only
NS(=O)(=O)c1cc(Cl)c(Cl)c(S(N)(=O)=O)c1	0	0	0.489084	1	0.9335195579226725	0.7741935483870968	0.7832158808933002	0.7954984442081215	1.0	Sex-only
NS(=O)(=O)c1cc2c(cc1Cl)NCNS2(=O)=O	1	0	0.40138683	1	0.9231223822062347	0.7666666666666667	0.7900575781734432	0.8068007685253407	1.0	Sex-only
Nc1nc(=O)c2ncn(COCCO)c2[nH]1	1	0	0.3811189	1	0.8966873033235445	0.32608695652173914	0.46040825740975666	0.5536515211613147	1.0	Sex-only
Nc1nc(CC(=O)Nc2ccc(CCNCC(O)c3ccccc3)cc2)cs1	1	1	0.7980729	1	0.8826838750771508	0.684931506849315	0.6934605117013192	0.7137612683394947	1.0	Sex-only
O=C(CCCN1CC=C(n2c(=O)[nH]c3ccccc32)CC1)c1ccc(F)cc1	1	1	0.67081183	1	0.8847129082155304	0.582089552238806	0.6353630234227249	0.686169077232055	0.9848484848484849	Sex-only
O=C(CCCN1CCC(O)(c2ccc(Cl)cc2)CC1)c1ccc(F)cc1	1	0	0.47095308	1	0.8804195413472653	0.44642857142857145	0.5302792084575765	0.603946633190651	0.9803921568627451	Sex-only
O=C(NC1CCN(CCCCC2(C(=O)NCC(F)(F)F)c3ccccc3-c3ccccc32)CC1)c1ccccc1-c1ccc(C(F)(F)F)cc1	0	1	0.8906803	1	0.8826360075761958	0.7032967032967034	0.7208106599283071	0.7287331949096654	0.9864864864864865	Sex-only
O=C(Nc1ccc(CC2CCC(C(O)c3ccccc3)N2)cc1)C1CCc2nccc(=O)n21	0	0	0.4133522	1	0.8729062836383964	0.7555555555555555	0.7579388824958445	0.7638334886735595	1.0	Sex-only
O=C(Nc1ccc(OC(F)(F)Cl)cc1)c1cnc(N2CCC(O)C2)c(-c2cc[nH]n2)c1	1	1	0.89490277	1	0.882717431038218	0.7307692307692307	0.7370550860526801	0.7482178024980751	1.0	Sex-only
O=C(Nc1nc(-c2cc(Cl)cs2)c(N2CCN(C3CCCCC3)CC2)s1)c1cnc(N2CCC(C(=O)O)CC2)c(Cl)c1	0	0	0.47020108	1	0.8992985912000516	0.7663551401869159	0.772648971814035	0.7789169372030834	1.0	Sex-only
O=C(O)C1C(=CCO)OC2CC(=O)N21	1	1	0.56465185	1	0.8961005240629129	0.7868852459016393	0.7919954776710005	0.7955530431505557	1.0	Sex-only
O=C(O)C1N=C(c2ccccc2)c2cc(Cl)ccc2NC1=O	0	1	0.54446685	1	0.8828661622842913	0.6071428571428571	0.6609159510798854	0.7004952950308142	1.0	Sex-only
O=C(O)c1cc(N=Nc2ccc(S(=O)(=O)Nc3ccccn3)cc2)ccc1O	1	0	0.44896019	1	0.8886778614490721	0.576271186440678	0.6401038020689704	0.6757827980074558	1.0	Sex-only
O=C(OC1CC2CC3CC(C1)N2CC3=O)c1c[nH]c2ccccc12	1	0	0.40838516	1	0.8880023722453276	0.71875	0.7453823529411764	0.7580008570592415	1.0	Sex-only
O=C([O-])[O-]	0	1	0.6787419	1	0.9487247105136473	0.375	0.5458333333333333	0.615432098765432	1.0	Sex-only
O=C(c1ccccc1)c1ccc2n1CCC2C(=O)O	0	0	0.4280374	1	0.881421480211097	0.6571428571428571	0.706565934065934	0.7197894211052105	1.0	Sex-only
O=C1CN=C(c2ccccc2Cl)c2cc([N+](=O)[O-])ccc2N1	1	1	0.9166818	1	0.9057246636007568	0.734375	0.7466878424334026	0.759664029531264	1.0	Sex-only
O=C1CN=C(c2ccccn2)c2cc(Br)ccc2N1	1	0	0.4218529	1	0.9060538802272781	0.7288135593220338	0.7343498948551714	0.7474952138577944	1.0	Sex-only
O=C1N=C(c2ccccc2)c2cc(Cl)ccc2NC1O	1	1	0.7058776	1	0.8814903633043089	0.6037735849056604	0.6684791309319611	0.6909113451414121	1.0	Sex-only
O=C1N=C(c2ccccc2Cl)c2cc(Cl)ccc2NC1O	1	1	0.7572559	1	0.8882720544861457	0.7	0.7087903667214012	0.7263759654564252	1.0	Sex-only
O=C1OC2(c3ccc(O)cc3Oc3cc(O)ccc32)c2ccccc21	1	1	0.6924545	1	0.9030025116135484	0.7714285714285715	0.7940909090909092	0.7986137286196546	1.0	Sex-only
O=NN(CCCl)C(=O)NC1CCCCC1	0	1	0.6890287	1	0.9141125554171021	0.7575757575757576	0.7594295681864572	0.7618511044540366	1.0	Sex-only
O=NN(CCCl)C(=O)NCCCl	1	1	0.61989874	1	0.9314388200366666	0.7608695652173914	0.767536231884058	0.7784481144440699	1.0	Sex-only
O=S(=O)([O-])Oc1ccc(C(c2ccc(OS(=O)(=O)O)cc2)c2ccccn2)cc1	0	1	0.57775736	1	0.8970012382949417	0.7142857142857143	0.718295739348371	0.7479278098144804	1.0	Sex-only
O=c1[nH]c2ccccc2n1C1CCN(CCCC(c2ccc(F)cc2)c2ccc(F)cc2)CC1	1	1	0.7015778	1	0.8805530332208386	0.41935483870967744	0.5525038402457757	0.6234791430881894	0.984375	Sex-only
O=c1[nH]c2ccccc2n1CCN1CCN(c2cccc(C(F)(F)F)c2)CC1	0	1	0.609554	1	0.8940938368798877	0.5942028985507246	0.6481036946315575	0.6788492594096123	1.0	Sex-only
S=P(N1CC1)(N1CC1)N1CC1	0	1	0.65915275	1	0.9738907786318128	0.8787878787878788	0.8822341057635175	0.8874521119935416	1.0	Sex-only
C=CC(=O)N1CCN(c2nc(=O)n(-c3c(C)ccnc3C(C)C)c3nc(-c4c(O)cccc4F)c(F)cc23)C(C)C1	0	0	0.388773	2	0.8792329191356564	0.7547169811320755	0.7661380001822988	0.7743789899817568	0.9885057471264368	Sex-only
C=CCC1(CC(C)C)C(=O)NC(=O)NC1=O	1	1	0.56989765	2	0.9232012622525811	0.7906976744186046	0.8133710022252278	0.8237223551646669	1.0	Sex-only
C=Cc1c(C)c2[nH]c1=Cc1[nH]c(c(CCC(=O)O)c1C)C=c1[nH]c(c(C)c1CCC(=O)OC)=CC1=NC(=C3C=CC(C(=O)OC)=C(C(=O)OC)C13C)C=2	0	1	0.6164105	2	0.9038739659087024	0.7843137254901961	0.8063130912742456	0.8168615706240567	1.0	Sex-only
CC(=O)C(C#N)C(=O)Nc1ccc(C(F)(F)F)cc1	1	1	0.8324153	2	0.8950410276055185	0.7230769230769231	0.7374125874125874	0.7501320425848728	1.0	Sex-only
CC(=O)NC1C(N=C(N)N)C=C(C(=O)O)OC1C(O)C(O)CO	0	1	0.8006744	2	0.8871976107082377	0.7164179104477612	0.7425011167074842	0.7680561759486023	0.9830508474576272	Sex-only
CC(=O)Nc1ccc(O)cc1	1	1	0.8032239	2	0.8878678110686837	0.6764705882352942	0.6855807390422436	0.7078850594813202	1.0	Sex-only
CC(=O)Nc1nnc(S(N)(=O)=O)s1	0	1	0.85658616	2	0.899061877119656	0.6956521739130435	0.748721174757805	0.7671195045675563	1.0	Sex-only
CC(=O)OC1Cc2ccccc2N(C(N)=O)c2ccccc21	0	1	0.7940197	2	0.8687080254433855	0.7121212121212122	0.7216442594963721	0.7338555745245886	0.9807692307692307	Sex-only
CC(=O)c1c(C)c2cnc(Nc3ccc(N4CCNCC4)cn3)nc2n(C2CCCC2)c1=O	0	1	0.5626159	2	0.8810822783681072	0.7341772151898734	0.7501511234432245	0.754565768876503	1.0	Sex-only
CC(C)(C)NCC(O)c1cc(Cl)c(N)c(Cl)c1	1	1	0.82469666	2	0.9001695608123438	0.7321428571428571	0.7420096852300242	0.7506080172181866	1.0	Sex-only
CC(C)(C)NCC(O)c1cc(O)cc(O)c1	1	1	0.840687	2	0.906530509232131	0.7115384615384616	0.7175699300699302	0.7270049395049394	1.0	Sex-only
CC(C)(C)NCC(O)c1ccc(O)c(CO)c1	1	1	0.86588377	2	0.8994315121516341	0.6779661016949152	0.7083825966983166	0.7250871056926131	1.0	Sex-only
CC(C)(C)c1cc(NC(=O)Nc2ccc(-c3cn4c(n3)sc3cc(OCCN5CCOCC5)ccc34)cc2)no1	0	0	0.29343307	2	0.8857446549917174	0.6938775510204082	0.7464539351425558	0.7601551844266403	0.9759036144578314	Sex-only
CC(C)(Oc1ccc(C(=O)c2ccc(Cl)cc2)cc1)C(=O)O	0	1	0.6787435	2	0.8861939711836064	0.6818181818181818	0.6923574291995345	0.7103043918833393	1.0	Sex-only
CC(C)=CCN1CCC2(C)c3cc(O)ccc3CC1C2C	0	1	0.72753423	2	0.8859877345021159	0.6166666666666667	0.6861032863849765	0.7129145241821297	1.0	Sex-only
CC(C)=c1nc(N(C)S(C)(=O)=O)nc(-c2ccc(F)cc2)c1=CCC(O)CC(O)CC(=O)O	1	1	0.9650396	2	0.8884276363648099	0.7888888888888889	0.7923381337079967	0.7935671813429419	1.0	Sex-only
CC(C)NCC(O)COc1ccc(CC(N)=O)cc1	1	1	0.6287893	2	0.8720743027347059	0.6206896551724138	0.6415307640297498	0.6662928977465827	1.0	Sex-only
CC(C)NCC(O)COc1ccc(CCOCC2CC2)cc1	1	1	0.8285458	2	0.8855315216370343	0.7123287671232876	0.7202411247676286	0.7281470079564183	1.0	Sex-only
CC(C)NCC(O)COc1ccc(COCCOC(C)C)cc1	1	1	0.80960727	2	0.9010351990143874	0.7230769230769231	0.7303395112350336	0.7378692617498587	1.0	Sex-only
CC(C)NCC(O)COc1cccc2ccccc12	1	1	0.92105985	2	0.8813571231828411	0.5813953488372093	0.5884694695841448	0.599845791481604	1.0	Sex-only
CC(C)NCC(O)c1ccc(NS(C)(=O)=O)cc1	1	1	0.96171725	2	0.8908726650024306	0.5102040816326531	0.6122954527312882	0.6680559587783156	1.0	Sex-only
CC(C)NCC(O)c1ccc(O)c(O)c1	1	1	0.86963445	2	0.8963764496555342	0.5686274509803921	0.6216370269037848	0.6809413467954667	1.0	Sex-only
CC(C)OC(=O)C(C)(C)Oc1ccc(C(=O)c2ccc(Cl)cc2)cc1	0	1	0.69886553	2	0.8900235228537872	0.6862745098039216	0.7062558356676004	0.7217949877365342	1.0	Sex-only
CC(C)c1c(C(=O)Nc2ccccc2)c(-c2ccccc2)c(-c2ccc(F)cc2)n1CCC(O)CC(O)CC(=O)O	1	1	0.7949986	2	0.8744900633871997	0.7386363636363636	0.7408121729017252	0.7485460985643003	1.0	Sex-only
CC(C)n1c(C=CC(O)CC(O)CC(=O)O)c(-c2ccc(F)cc2)c2ccccc21	1	1	0.69319224	2	0.8786831303349611	0.7466666666666667	0.753863664790494	0.7639681758077789	1.0	Sex-only
CC(C=CC1=C(C)CCCC1(C)C)=CC=CC(C)=CC(=O)O	0	1	0.7516061	2	0.9151682886938336	0.7833333333333333	0.7899374021909233	0.801219387656529	1.0	Sex-only
CC(C=CC1=C(C)CCCC1(C)C)=CC=CC(C)=CCO	1	1	0.7616222	2	0.9275353747139233	0.821917808219178	0.8321562266767746	0.836342563008878	1.0	Sex-only
CC(CCc1ccc(O)cc1)NCCc1ccc(O)c(O)c1	1	1	0.60461724	2	0.8992194758613439	0.6140350877192983	0.6651792524790237	0.70503189039526	1.0	Sex-only
CC(CN1c2ccccc2Sc2ccccc21)N(C)C	1	1	0.8043808	2	0.8983272781061175	0.6046511627906976	0.6551937984496123	0.694898060595735	1.0	Sex-only
CC(Cc1cc2c(c(C(N)=O)c1)N(CCCO)CC2)NCCOc1ccccc1OCC(F)(F)F	0	1	0.6702666	2	0.8706931958412668	0.6511627906976745	0.7091992934942597	0.7296223610520539	0.9857142857142858	Sex-only
CC(Cc1ccc(O)c(O)c1)(NN)C(=O)O	1	1	0.62899965	2	0.8700976025709558	0.5609756097560976	0.5903547671840356	0.6323337908703762	1.0	Sex-only
CC(Cc1ccc(O)cc1)NCC(O)c1cc(O)cc(O)c1	1	1	0.7057905	2	0.9015281427898689	0.631578947368421	0.6658023106546855	0.687743923773021	1.0	Sex-only
CC(N)(Cc1ccc(O)c(O)c1)C(=O)O	1	1	0.8750578	2	0.8713825565170912	0.3333333333333333	0.4754385964912281	0.5594541910331384	1.0	Sex-only
CC(O)C1C(=O)N2C(C(=O)O)=C(SC3CNC(C(=O)N(C)C)C3)C(C)C12	0	1	0.81205153	2	0.9039344619437326	0.8	0.8059756097560976	0.8126337225130242	0.9875	Sex-only
CC(O)C1C(=O)N2C(C(=O)O)=C(SC3CNC(C(=O)Nc4cccc(C(=O)O)c4)C3)C(C)C12	0	1	0.6022081	2	0.8773218461560449	0.7647058823529411	0.775024704842149	0.7797010745996545	0.9863013698630136	Sex-only
CC(O)C1C(=O)N2C(C(=O)O)=C(SC3CNC(CNS(N)(=O)=O)C3)C(C)C12	0	1	0.77818334	2	0.8921556453500159	0.7682926829268293	0.777842524730666	0.7869725881677543	0.9857142857142858	Sex-only
CC(O)C1C(=O)N2C(C(=O)O)=C(SCCN=CN)CC12	0	1	0.8313614	2	0.8874319111003732	0.7567567567567568	0.7630265893423788	0.7687201246859646	0.9836065573770492	Sex-only
CC12CCC(CC1=O)C2(C)C	1	1	0.6047905	2	0.9198250642118525	0.7446808510638298	0.7721630609690685	0.7865559188540501	1.0	Sex-only
CC12CCC3c4ccc(O)cc4CCC3C1CCC2O	0	1	0.7771664	2	0.8949907993798658	0.4230769230769231	0.5269292534099753	0.5956306127157588	1.0	Sex-only
CC12CCC3c4ccc(OC(=O)N(CCCl)CCCl)cc4CCC3C1CCC2O	1	1	0.7614279	2	0.8750494063443838	0.6176470588235294	0.643663549927013	0.6777889661523887	0.9852941176470589	Sex-only
CC1C(c2ccccc2)OCCN1C	1	0	0.47473198	2	0.8882797742866364	0.7441860465116279	0.7508263460422928	0.7545072254126365	1.0	Sex-only
CC1CCN(C(=O)CC#N)CC1N(C)c1ncnc2[nH]ccc12	1	1	0.59755313	2	0.8740768038765879	0.75	0.7642512077294686	0.7757701133672723	0.9857142857142858	Sex-only
CC1CN(CC(Cc2ccccc2)C(=O)NCC(=O)O)CCC1(C)c1cccc(O)c1	1	0	0.38504323	2	0.8658771372500529	0.6741573033707865	0.7028160745014678	0.7200830043526673	0.9863013698630136	Sex-only
CC1c2cccc(O)c2C(=O)C2C(=O)C3(O)C(=O)C(C(N)=O)C(=O)C(N(C)C)C3C(O)C21	1	1	0.90854514	2	0.897579100395183	0.7849462365591398	0.7969053238919486	0.800874815055034	1.0	Sex-only
CC=C(C)C(=O)OC1C(C)=CC23C(=O)C(=CC(CO)C(O)C12O)C1C(CC3C)C1(C)C	0	1	0.9026544	2	0.8879444152092314	0.7209302325581395	0.7282710829222457	0.7408866380996137	0.984375	Sex-only
CCC(=O)N(c1ccccc1)C1(C(=O)OC)CCN(CCC(=O)OC)CC1	1	0	0.32370758	2	0.8607015855769455	0.6065573770491803	0.626508973909822	0.6599939999436236	0.9795918367346939	Sex-only
CCC(=O)N(c1ccccc1)C1(COC)CCN(CCc2cccs2)CC1	1	1	0.7292681	2	0.8697570231500277	0.578125	0.633301282051282	0.6582459778783308	0.9850746268656716	Sex-only
CCC(C(N)=O)N1CCCC1=O	1	1	0.6675892	2	0.8809986681675976	0.765625	0.7771183473389355	0.7843444689497765	0.9726027397260274	Sex-only
CCC(CC)C(NC(C)=O)C1C(N=C(N)N)CC(C(=O)O)C1O	1	1	0.8941202	2	0.9021310379364315	0.76	0.7735526695526695	0.7824105736323133	0.9871794871794872	Sex-only
CCC1(C)CC(=O)NC1=O	0	1	0.5735288	2	0.9158875991176878	0.7567567567567568	0.7784921763869133	0.8030686889640016	1.0	Sex-only
CCC1(c2ccccc2)C(=O)NC(=O)NC1=O	0	0	0.46678883	2	0.8812775963911232	0.717391304347826	0.7324110671936759	0.7422136893151385	1.0	Sex-only
CCC1(c2ccccc2)C(=O)NCNC1=O	0	0	0.481219	2	0.8731926963577343	0.7021276595744681	0.7207038019798102	0.7327133701456874	1.0	Sex-only
CCC1=NC(=O)C2CSSCCC=CC(CC(=O)NC(C(C)C)C(=O)N2)OC(=O)C(C(C)C)NC1=O	1	1	0.7708263	2	0.90964834246637	0.8222222222222222	0.8295761741122567	0.8345055684676947	1.0	Sex-only
CCC1CN2CCc3c([nH]c4cccc(OC)c34)C2CC1C(=COC)C(=O)OC	0	1	0.7473831	2	0.8756537601118888	0.6931818181818182	0.7170820908836048	0.7301334470778124	0.9868421052631579	Sex-only
CCCC(=O)Nc1ccc(OCC(O)CNC(C)C)c(C(C)=O)c1	1	1	0.93393296	2	0.8796970087460427	0.6268656716417911	0.6792708588206509	0.6988971223185043	1.0	Sex-only
CCCC(C)(COC(N)=O)COC(=O)NC(C)C	1	1	0.7625302	2	0.9050952885162629	0.7073170731707317	0.7368337850045167	0.7558027200642377	1.0	Sex-only
CCCC(C)(COC(N)=O)COC(N)=O	1	1	0.790146	2	0.910927621865753	0.696969696969697	0.7365367965367966	0.7487120444567252	1.0	Sex-only
CCCC1CC(=O)N(C(CC)C(N)=O)C1	0	1	0.5956918	2	0.8844536968939769	0.7611940298507462	0.7639433514246947	0.766045575515887	0.9791666666666666	Sex-only
CCCCC(CC)COC(=O)CC(C(=O)OCC(CC)CCCC)S(=O)(=O)O	0	1	0.53624845	2	0.9160959936696447	0.5531914893617021	0.60782630334702	0.6711823821202167	1.0	Sex-only
CCCCCCC(=O)OCC(COC(=O)CCCCCC)OC(=O)CCCCCC	1	0	0.050014094	2	0.910014615258038	0.48717948717948717	0.5868517447464816	0.64392998164928	1.0	Sex-only
CCCCCCCCCCCCCCCC[n+]1ccccc1	0	0	0.36947507	2	0.9342852133268253	0.6857142857142857	0.7532600732600733	0.7785817111904068	1.0	Sex-only
CCCCCCCCCCCCOCCOCCOCCOCCOCCOCCOCCOCCOCCO	1	1	0.55244696	2	0.9342744777786443	0.6571428571428571	0.7226342451874367	0.7390703071554134	1.0	Sex-only
CCCCCCCCc1ccc(CCC(N)(CO)CO)cc1	1	1	0.6343048	2	0.8994133985707611	0.7209302325581395	0.7292811839323468	0.7395377646584316	1.0	Sex-only
CCCCCON=O	1	1	0.55322033	2	0.9391248504619591	0.6764705882352942	0.7433912836389617	0.7704830802825151	1.0	Sex-only
CCCCS(=O)(=O)NC(Cc1ccc(OCCCCC2CCNCC2)cc1)C(=O)O	1	1	0.79408425	2	0.8666731986776209	0.7	0.7374358974358974	0.7450155459287879	0.984375	Sex-only
CCCS(=O)(=O)NC1CC(N(C)c2ncnc3[nH]ccc23)C1	1	1	0.6776554	2	0.8914217615106403	0.7407407407407407	0.7662378971207552	0.7804281550562001	1.0	Sex-only
CCN(CC)C(=O)C(C#N)=Cc1cc(O)c(O)c([N+](=O)[O-])c1	0	0	0.37922427	2	0.9030172771709621	0.7432432432432432	0.7833570412517782	0.7939492640215033	1.0	Sex-only
CCN(CC)C(=O)C1(c2ccccc2)CC1CN	0	0	0.38893878	2	0.8613119083767825	0.6730769230769231	0.7008097165991903	0.7127148355218531	1.0	Sex-only
CCN(CC)CCOc1ccc(C(=C(Cl)c2ccccc2)c2ccccc2)cc1	1	1	0.6095409	2	0.8844551809230389	0.45652173913043476	0.5647515527950311	0.6165017187729711	1.0	Sex-only
CCO	1	0	0.48594746	2	0.9416676138249442	0.7222222222222222	0.7555555555555555	0.7696649029982363	1.0	Sex-only
CCOC(=O)C(Cc1ccc(F)cc1)NC(=O)C(N)Cc1ccc(N(CCCl)CCCl)cc1	1	1	0.79845345	2	0.8748392314734456	0.4716981132075472	0.5843345329411711	0.636470157802671	1.0	Sex-only
CCOC(=O)C(N)Cc1ccc(-c2cc(OC(c3ccc(Cl)cc3-n3ccc(C)n3)C(F)(F)F)nc(N)n2)cc1	0	1	0.78594124	2	0.8823962154819861	0.75	0.7625454545454545	0.7675216450216449	0.9868421052631579	Sex-only
CCOc1ncc(C)c2c1C(c1ccc(C#N)cc1OC)C(C(N)=O)C(C)=N2	0	1	0.6239669	2	0.8777865020761255	0.6923076923076923	0.718783542039356	0.7332817430805411	1.0	Sex-only
CCS(=O)(=O)N1CC(CC#N)(n2cc(-c3ncnc4[nH]ccc34)cn2)C1	1	1	0.8048834	2	0.8961693236831677	0.7790697674418605	0.7858791147062127	0.7935077207305048	0.9857142857142858	Sex-only
CCc1cc2c(cc1CC)CC(NCC(O)c1ccc(O)c3[nH]c(=O)ccc13)C2	1	1	0.67975307	2	0.8819940252914868	0.7571428571428571	0.7752380952380952	0.7817395894379398	0.9838709677419355	Sex-only
CCc1nc(N)nc(N)c1-c1ccc(Cl)cc1	0	1	0.58553183	2	0.9077757649709858	0.717948717948718	0.7560160474446189	0.7695261898347076	1.0	Sex-only
CCn1c(=O)c(-c2cc(NC(=O)Nc3ccccc3)c(F)cc2Br)cc2cnc(NC)cc21	0	1	0.8024122	2	0.8736759468807329	0.7391304347826086	0.7554598101706943	0.7611877938658345	0.9864864864864865	Sex-only
CN(C)C(=O)c1cc2cnc(Nc3ccc(N4CCNCC4)cn3)nc2n1C1CCCC1	1	1	0.69588405	2	0.8788733760627945	0.7216494845360825	0.7370271837449154	0.7478293101300295	1.0	Sex-only
CN(C)C(N)=NC(=N)N	1	0	0.4838226	2	0.9444888653172376	0.8181818181818182	0.822538150515195	0.8267217367360838	1.0	Sex-only
CN(C)C1C(=O)C(C(N)=O)C(=O)C2(O)C(=O)C3C(=O)c4c(O)cccc4C(C)(O)C3CC12	0	1	0.86899835	2	0.8916296796832355	0.782608695652174	0.7881517033690947	0.7909719105371279	0.9848484848484849	Sex-only
CN(C)CC(c1ccc(O)cc1)C1(O)CCCCC1	0	0	0.35808924	2	0.895100431205191	0.6274509803921569	0.6814725890356141	0.7191721774179757	1.0	Sex-only
CN(C)CCCN1c2ccccc2CCc2ccc(Cl)cc21	1	1	0.81093204	2	0.8909357427748963	0.5625	0.6292985074626867	0.6643386695692505	1.0	Sex-only
CN(C)CCCN1c2ccccc2CCc2ccccc21	1	1	0.8593594	2	0.8930096744611244	0.46153846153846156	0.5562617260787992	0.6238634848125835	1.0	Sex-only
CN(C)CCCN1c2ccccc2Sc2ccc(Cl)cc21	0	1	0.90233564	2	0.8987724824938197	0.6764705882352942	0.6995861030979557	0.7153072656988876	1.0	Sex-only
CN(C)P(=O)(OCC1CNCC(n2ccc(N)nc2=O)O1)N1CCN(C(=O)OCCOCCOCCO)CC1	0	1	0.87896186	2	0.8817263301225949	0.65	0.6721987951807229	0.7058453851182906	0.9880952380952381	Sex-only
CN(C)c1cc(CNCC(C)(C)C)c(O)c2c1CC1CC3C(N(C)C)C(=O)C(C(N)=O)C(=O)C3(O)C(=O)C1C2=O	0	1	0.6011542	2	0.896945522193428	0.7857142857142857	0.8010648355475942	0.8055711898235971	0.9871794871794872	Sex-only
CN(C)c1cc(NC(=O)CNC(C)(C)C)c(O)c2c1CC1CC3C(N(C)C)C(=O)C(C(N)=O)C(=O)C3(O)C(=O)C1C2=O	0	1	0.91997606	2	0.8959021752099442	0.8151260504201681	0.8167640076558482	0.8197653012629083	0.9875	Sex-only
CN(C)c1ccc(O)c2c1CC1CC3C(N(C)C)C(=O)C(C(N)=O)C(=O)C3(O)C(=O)C1C2=O	0	1	0.81083584	2	0.8982854078696763	0.7974683544303798	0.8003270042194094	0.8037708446929819	0.9855072463768116	Sex-only
CN(C)c1ccc2nc3ccc(=[N+](C)C)cc-3sc2c1	1	0	0.37430128	2	0.9225564810890997	0.7592592592592593	0.7811052317802558	0.8007802335673496	1.0	Sex-only
CN1C(=O)CC(=O)N(c2ccccc2)c2cc(Cl)ccc21	0	0	0.30754697	2	0.8880867768037773	0.6111111111111112	0.657375478927203	0.6777129532876659	1.0	Sex-only
CN1C(=O)CC(C)(c2ccccc2)C1=O	1	0	0.40533715	2	0.8857387217123475	0.7021276595744681	0.721591804570528	0.736686805008318	1.0	Sex-only
CN1C(=O)CN=C(c2ccccc2)c2cc(Cl)ccc21	1	0	0.46742246	2	0.8814124282848984	0.40816326530612246	0.41926530612244894	0.4564172335600907	1.0	Sex-only
CN1CC(=O)N2C(Cc3c([nH]c4ccccc34)C2c2ccc3c(c2)OCO3)C1=O	1	0	0.33318946	2	0.8965129759100308	0.759493670886076	0.7667401924993402	0.7776795820810614	1.0	Sex-only
CN1CC2c3ccccc3Oc3ccc(Cl)cc3C2C1	0	0	0.41463917	2	0.893455084839508	0.7083333333333334	0.7163290689410092	0.7283681806196352	1.0	Sex-only
CN1CCCC1c1cccnc1	1	1	0.51031876	2	0.8922367954042696	0.6842105263157895	0.7071387559808613	0.7175375891165365	1.0	Sex-only
CN1CCN(C(=O)OC2c3nccnc3C(=O)N2c2ccc(Cl)cn2)CC1	0	0	0.42652392	2	0.8710226830295156	0.6753246753246753	0.7050030585356672	0.7216109953597315	0.9846153846153847	Sex-only
CN1CCN(C2=Nc3cc(Cl)ccc3Nc3ccccc32)CC1	1	1	0.77641183	2	0.894737453352701	0.6721311475409836	0.6885003035822708	0.7004895866462352	1.0	Sex-only
CN1CCN(CCCN2c3ccccc3Sc3ccc(Cl)cc32)CC1	0	1	0.65328354	2	0.8942338566927179	0.7222222222222222	0.725618961352657	0.733386011525726	1.0	Sex-only
CN1CCN(c2nc(C3=C(c4c[nH]c5ccccc45)C(=O)NC3=O)c3ccccc3n2)CC1	1	1	0.8989433	2	0.891073643968537	0.7428571428571429	0.7485714285714286	0.7524719882243738	1.0	Sex-only
CN=C(C[N+](=O)[O-])NCCSCc1ccc(CN(C)C)o1	1	1	0.8120671	2	0.8985982791134086	0.7941176470588235	0.7991610289339908	0.8012098564724895	1.0	Sex-only
CN=C(NC#N)NCCSCc1[nH]cnc1C	1	1	0.87994134	2	0.912083980828548	0.8	0.8124125397546571	0.8199834622568607	1.0	Sex-only
CNC(=O)c1c(I)c(NC(C)=O)c(I)c(C(=O)O)c1I	1	1	0.94706047	2	0.902635976684949	0.6444444444444445	0.7001803944890475	0.7302148605129547	1.0	Sex-only
CNC(=O)c1ccc(-c2cnc3ncc(Cc4ccc5ncccc5c4)n3n2)cc1F	0	0	0.3409412	2	0.8841430652123684	0.7241379310344828	0.7392452927161459	0.7495153586985124	0.9855072463768116	Sex-only
CNC(=O)c1ccc(N2C(=S)N(c3cnc(C#N)c(C(F)(F)F)c3)C(=O)C23CCC3)cc1F	1	1	0.69473374	2	0.8868984101856625	0.39473684210526316	0.6114507046837874	0.6801041914443124	0.9873417721518988	Sex-only
CNC(C)C(O)c1ccccc1	0	0	0.44551802	2	0.8892760481912622	0.6129032258064516	0.6412061156356986	0.6711936801925	1.0	Sex-only
CNCC(O)c1ccc(O)c(O)c1	1	1	0.87635815	2	0.8978067028125887	0.6052631578947368	0.6312455346511074	0.6678322558410152	1.0	Sex-only
CNCC(O)c1cccc(O)c1	1	1	0.86373866	2	0.889581911720287	0.5952380952380952	0.658903318903319	0.6922302388969057	1.0	Sex-only
CNCCC(Oc1cccc2ccccc12)c1cccs1	1	1	0.7531331	2	0.901382986445067	0.5416666666666666	0.6127820939696633	0.6726211724897396	1.0	Sex-only
COC(=O)CCc1ccc(OCC(O)CNC(C)C)cc1	1	1	0.83518416	2	0.8769054818254115	0.6229508196721312	0.663040995503105	0.6799375313053699	1.0	Sex-only
COC(=O)c1ccc2c(C(=Nc3ccc(N(C)C(=O)CN4CCN(C)CC4)cc3)c3ccccc3)c(O)[nH]c2c1	1	1	0.69544274	2	0.8748456405088527	0.75	0.7597619047619049	0.7635277432489809	0.9871794871794872	Sex-only
COCCc1ccc(OCC(O)CNC(C)C)cc1	1	1	0.7606031	2	0.8915542987583442	0.6935483870967742	0.7026294388723232	0.709624181685502	1.0	Sex-only
COc1cc(C)c(C=CC(C)=CC=CC(C)=CC(=O)O)c(C)c1C	0	1	0.8777005	2	0.9043263292128125	0.7719298245614035	0.7759910801204851	0.7791796425881764	1.0	Sex-only
COc1cc(C2c3cc4c(cc3C(OC3OC5COC(C)OC5C(O)C3O)C3COC(=O)C23)OCO4)cc(OC)c1O	1	1	0.8479209	2	0.9086687584818046	0.7818181818181819	0.7898764509826457	0.7966184763773947	0.9868421052631579	Sex-only
COc1cc(N)c(Cl)cc1C(=O)NC1CCN(CCCOc2ccc(F)cc2)CC1OC	1	0	0.18924451	2	0.8649140386069755	0.6162790697674418	0.6343904157857645	0.6589161710948735	0.9850746268656716	Sex-only
COc1cc2c(cc1Cc1cccc(Cl)c1F)c(=O)c(C(=O)O)cn2C(CO)C(C)C	0	1	0.65793884	2	0.871786166470973	0.73	0.7348647925033468	0.7408090787772897	0.9861111111111112	Sex-only
COc1cc2nc(N(C)CCCNC(=O)C3CCCO3)nc(N)c2cc1OC	1	1	0.70846415	2	0.8714946480375876	0.6666666666666666	0.7129397734048897	0.7294508614491387	0.9861111111111112	Sex-only
COc1cc2nc(N3CCN(C(=O)C4CCCO4)CC3)nc(N)c2cc1OC	1	1	0.61638594	2	0.877636319086517	0.4153846153846154	0.5855214350866526	0.6508990466523329	0.9850746268656716	Sex-only
COc1cc2nc(N3CCN(C(=O)C4COc5ccccc5O4)CC3)nc(N)c2cc1OC	1	1	0.81276727	2	0.870503672411292	0.4117647058823529	0.5917849201536285	0.6598679063670625	0.9861111111111112	Sex-only
COc1ccc(C(CN(C)C)C2(O)CCCCC2)cc1	1	0	0.38371074	2	0.8866936765435208	0.6226415094339622	0.6630916914928832	0.6980333958586193	1.0	Sex-only
COc1ccc(CC(C)NCC(O)c2ccc(O)c(NC=O)c2)cc1	1	1	0.93966466	2	0.8906050465239662	0.5909090909090909	0.6543297380585515	0.6806439985109018	1.0	Sex-only
COc1cccc(C2(O)CCCCC2CN(C)C)c1	1	0	0.4646889	2	0.880610749419573	0.6721311475409836	0.7055191256830601	0.7279352610807527	1.0	Sex-only
CSc1ccc2c(c1)N(CCC1CCCCN1C)c1ccccc1S2	1	1	0.83145	2	0.8944137720526291	0.6615384615384615	0.708100120281803	0.7272253724599219	1.0	Sex-only
Cc1cc(C2CCCCC2)n(O)c(=O)c1	0	1	0.52688265	2	0.8908331560092578	0.7692307692307693	0.773645961881256	0.7791592938651761	1.0	Sex-only
Cc1cc2c(s1)Nc1ccccc1N=C2N1CCN(C)CC1	1	1	0.61137074	2	0.9009952638672069	0.7538461538461538	0.7586585750315258	0.7685824949988402	1.0	Sex-only
Cc1ccc(-n2nccn2)c(C(=O)N2CCN(c3nc4cc(Cl)ccc4o3)CCC2C)c1	0	0	0.41733855	2	0.8847670026234802	0.7472527472527473	0.7632356291918436	0.7695513298680257	0.9861111111111112	Sex-only
Cc1ccc(C(=CCN2CCCC2)c2ccccn2)cc1	1	0	0.3296798	2	0.8818745044864489	0.7368421052631579	0.7587135100721392	0.7687189612373211	1.0	Sex-only
Cc1ccc(O)c(C(CCN(C(C)C)C(C)C)c2ccccc2)c1	0	0	0.34356043	2	0.8878073231545855	0.5272727272727272	0.6409719839908519	0.6791463602784357	1.0	Sex-only
Cc1cccc(CN2CCN(C(c3ccccc3)c3ccc(Cl)cc3)CC2)c1	0	1	0.53076154	2	0.8852483056334344	0.7205882352941176	0.7259145640003067	0.7321588644772983	1.0	Sex-only
Cc1ccccc1-c1cc(N2CCN(C)CC2)ncc1N(C)C(=O)C(C)(C)c1cc(C(F)(F)F)cc(C(F)(F)F)c1	1	1	0.7571753	2	0.8813369852756587	0.7419354838709677	0.7519256208777596	0.7570798464207851	0.9861111111111112	Sex-only
Cc1cnc(NC(=O)C2C(=O)c3ccccc3S(=O)(=O)N2C)s1	1	0	0.19809133	2	0.8778399482656074	0.36538461538461536	0.5945296582477992	0.6713733144111704	1.0	Sex-only
Cc1cnc(Nc2ccc(OCCN3CCCC3)cc2)nc1Nc1cccc(S(=O)(=O)NC(C)(C)C)c1	0	1	0.5320986	2	0.8844541878033896	0.7209302325581395	0.7288452113028259	0.7351667786830247	1.0	Sex-only
Cc1nc2n(c(=O)c1CCN1CCC(c3noc4cc(F)ccc34)CC1)CCCC2	1	0	0.32468534	2	0.8902609040428292	0.5421686746987951	0.6794589014364668	0.7241943086726026	0.9868421052631579	Sex-only
Cc1nc2n(c(=O)c1CCN1CCC(c3noc4cc(F)ccc34)CC1)CCCC2O	1	0	0.3674059	2	0.8848712655854282	0.5357142857142857	0.6773064958309066	0.7222256351386973	0.9871794871794872	Sex-only
Cc1nccn1CC1CCc2c(c3ccccc3n2C)C1=O	1	1	0.7364286	2	0.8835493509670618	0.7464788732394366	0.756877263581489	0.7653307605585982	1.0	Sex-only
Cc1nnc(C(=O)NC(C)(C)c2nc(C(=O)NCc3ccc(F)cc3)c(O)c(=O)n2C)o1	0	1	0.8081894	2	0.8806860636741173	0.7362637362637363	0.7401168973562073	0.745412409959876	1.0	Sex-only
Cc1oncc1C(=O)Nc1ccc(C(F)(F)F)cc1	1	1	0.69302595	2	0.8900368073268264	0.6891891891891891	0.7213278495887192	0.737194465830148	1.0	Sex-only
Clc1ccc(CCCOCCCN2CCCCC2)cc1	0	0	0.14214966	2	0.897786225857327	0.7017543859649122	0.7077552094055216	0.7107622213408972	1.0	Sex-only
Cn1c(Cn2ccc(C(F)(F)F)c(Oc3cc(Cl)cc(C#N)c3)c2=O)n[nH]c1=O	0	1	0.6735697	2	0.8988447572551969	0.7701149425287356	0.7728254371826595	0.7767487342626878	1.0	Sex-only
Cn1cnc([N+](=O)[O-])c1Sc1ncnc2[nH]cnc12	0	1	0.60526663	2	0.9146793932026888	0.7375	0.7527058642632414	0.765149268745175	1.0	Sex-only
FC(F)(F)C(F)(F)C(F)(F)F	1	1	0.67393035	2	0.9881822923555406	0.8333333333333334	0.8401754385964912	0.8656944293099899	1.0	Sex-only
N#CCC(C1CCCC1)n1cc(-c2ncnc3[nH]ccc23)cn1	1	1	0.594539	2	0.9037938533758672	0.7954545454545454	0.803490835405729	0.8073328971564168	1.0	Sex-only
N#Cc1ccnc(N2C(=O)CCC2C(=O)N(c2cncc(F)c2)C(C(=O)NC2CC(F)(F)C2)c2ccccc2Cl)c1	1	0	0.27980474	2	0.886276691830957	0.7708333333333334	0.7822180451127819	0.787362431905433	1.0	Sex-only
N=C(CCSCc1csc(N=C(N)N)n1)NS(N)(=O)=O	0	1	0.69779325	2	0.911859214793037	0.7804878048780488	0.7931873181608069	0.8047467185139652	1.0	Sex-only
N=C(N)c1ccc(OCCCCCOc2ccc(C(=N)N)cc2)cc1	1	1	0.73044246	2	0.9018619251671012	0.6818181818181818	0.7261096933439317	0.7414970827710061	1.0	Sex-only
NC(=O)C1(N2CCCCC2)CCN(CCCC(=O)c2ccc(F)cc2)CC1	1	1	0.60923404	2	0.8827191489162852	0.44642857142857145	0.5342643923240938	0.5949766739825878	0.9830508474576272	Sex-only
NC(=O)Cc1cccc(C(=O)c2ccccc2)c1N	0	0	0.2620761	2	0.8819579402601921	0.6666666666666666	0.6792313377679232	0.6859927185130439	1.0	Sex-only
NC(=O)N1c2ccccc2C=Cc2ccccc21	1	1	0.8103057	2	0.8812665346926746	0.7241379310344828	0.7334936716471756	0.7394053161572628	1.0	Sex-only
NC(=O)N1c2ccccc2CC(=O)c2ccccc21	0	1	0.63260543	2	0.8741972290629866	0.6981132075471698	0.7238968350578212	0.7354499954499354	1.0	Sex-only
NC(CO)(CO)CO	0	0	0.44604862	2	0.9532952575531887	0.8235294117647058	0.8294117647058824	0.8330901679668283	1.0	Sex-only
NC1CC1c1ccccc1	0	1	0.5334061	2	0.9081098433746235	0.7391304347826086	0.7597559115179252	0.7628273582506993	1.0	Sex-only
NCC(O)c1ccc(O)c(O)c1	1	1	0.75353724	2	0.902031858174565	0.5294117647058824	0.6096857038033509	0.6577211988976696	1.0	Sex-only
NCCO	0	1	0.5873676	2	0.954313594998011	0.7142857142857143	0.7404761904761905	0.7608706108706108	1.0	Sex-only
NCCS	0	0	0.3556912	2	0.9725666753964495	0.8	0.8091774891774893	0.8235941192462932	1.0	Sex-only
NCCc1ccc(O)c(O)c1	1	1	0.68852794	2	0.9077610942743297	0.5454545454545454	0.6375102375102375	0.682755940401489	1.0	Sex-only
Nc1c(CC(=O)O)cccc1C(=O)c1ccc(Br)cc1	0	0	0.37224007	2	0.888261113235974	0.6756756756756757	0.7068952898740134	0.724628437394395	1.0	Sex-only
Nc1nc(=S)c2[nH]cnc2[nH]1	0	1	0.6405492	2	0.9373100079830547	0.7317073170731707	0.7501297353399066	0.7685451140765452	1.0	Sex-only
Nc1nc(N)c2nc(-c3ccccc3)c(N)nc2n1	0	0	0.47939333	2	0.9192435465543037	0.7272727272727273	0.7354974350349004	0.7413737894077449	1.0	Sex-only
Nc1nnc(-c2cccc(Cl)c2Cl)c(N)n1	1	1	0.62883496	2	0.9215170916733073	0.7272727272727273	0.742020202020202	0.7548047525059018	1.0	Sex-only
O=C(NC(CO)C(O)c1ccc([N+](=O)[O-])cc1)C(Cl)Cl	1	1	0.71218836	2	0.8988990485435415	0.6984126984126984	0.7408029878618113	0.7577729964771738	1.0	Sex-only
O=C(Nc1cnn2ccc(N3CCCC3c3cc(F)ccc3F)nc12)N1CCC(O)C1	0	1	0.9482285	2	0.8901193163274488	0.7553191489361702	0.759235502711723	0.7630708463666582	1.0	Sex-only
O=C(O)CC(O)CC(O)C=Cc1c(C2CC2)nc2ccccc2c1-c1ccc(F)cc1	0	1	0.6694931	2	0.8765575801343961	0.7553191489361702	0.7686643717252153	0.7784002844867182	0.9855072463768116	Sex-only
O=C(O)COCCN1CCN(C(c2ccccc2)c2ccc(Cl)cc2)CC1	1	0	0.30788594	2	0.8664979145760762	0.5970149253731343	0.6651043425406902	0.680341784503282	0.9833333333333333	Sex-only
O=C([O-])CCCO	1	1	0.7402544	2	0.9343427523187389	0.6470588235294118	0.6729539641943734	0.6873858238947753	1.0	Sex-only
O=C1CCCC(=O)C1C(=O)c1ccc(C(F)(F)F)cc1[N+](=O)[O-]	0	1	0.8911196	2	0.8975740206239082	0.7575757575757576	0.7712068128734795	0.7834145593404851	0.9824561403508771	Sex-only
O=C1CCc2ccc(OCCCCN3CCN(c4cccc(Cl)c4Cl)CC3)cc2N1	1	1	0.5164404	2	0.8824924516683302	0.5657894736842105	0.5987854251012147	0.6490417543049123	1.0	Sex-only
O=C1NC(=O)C(c2ccccc2)(c2ccccc2)N1	1	1	0.57457256	2	0.9060190320745151	0.7419354838709677	0.7507205537016437	0.7587916563542503	1.0	Sex-only
O=C1NC(c2ccccc2)(c2ccccc2)C(=O)N1COP(=O)(O)O	1	1	0.61677957	2	0.8856238630621502	0.7317073170731707	0.7433184623193438	0.7539840423178653	0.98	Sex-only
O=[N+]([O-])c1cn2c(n1)OCC(OCc1ccc(OC(F)(F)F)cc1)C2	1	1	0.57132304	2	0.89940950857532	0.7272727272727273	0.7506961506961507	0.768120767298399	1.0	Sex-only
O=c1[nH]c(O)cn1N=Cc1ccc(-c2ccc([N+](=O)[O-])cc2)o1	0	1	0.59280044	2	0.9110892559085357	0.3137254901960784	0.5504128651018515	0.660253287744125	1.0	Sex-only
O=c1[nH]c2ccccc2n1CCCN1CCC(n2c(=O)[nH]c3cc(Cl)ccc32)CC1	1	0	0.19817655	2	0.8892672930293597	0.41935483870967744	0.5619071905186912	0.6336195828481944	1.0	Sex-only
O=c1n(CCCN2CCN(c3cccc(Cl)c3)CC2)nc2ccccn12	1	0	0.36410066	2	0.8945993123704103	0.676056338028169	0.7295976187338671	0.7414724916546995	1.0	Sex-only
OCCN1CCN(CCC=C2c3ccccc3Sc3ccc(Cl)cc32)CC1	1	1	0.7636624	2	0.896226573737411	0.7321428571428571	0.7349206349206349	0.7415084552339455	1.0	Sex-only
OCCN1CCN(CCCN2c3ccccc3Sc3ccc(C(F)(F)F)cc32)CC1	1	1	0.9120251	2	0.8978037051487795	0.704225352112676	0.7325407631923968	0.7440363338186422	1.0	Sex-only
OCCN1CCN(CCCN2c3ccccc3Sc3ccc(Cl)cc32)CC1	1	1	0.7944516	2	0.8948430262585785	0.7384615384615385	0.7413305613305612	0.7443544577872935	1.0	Sex-only
OCCOCCN1CCN(C(c2ccccc2)c2ccc(Cl)cc2)CC1	1	1	0.56864274	2	0.8843524929707398	0.6470588235294118	0.6950664136622391	0.7082091992165417	1.0	Sex-only
OCCOCCN1CCN(C2=Nc3ccccc3Sc3ccccc32)CC1	1	1	0.8007018	2	0.8957451621675268	0.7272727272727273	0.7506375976964212	0.7596782302664655	1.0	Sex-only
OCc1cc(C(O)CNCCCCCCOCCCCc2ccccc2)ccc1O	1	1	0.7112664	2	0.8956886595674902	0.6119402985074627	0.6689289672760925	0.7017918643439202	1.0	Sex-only
OCc1cc(C(O)CNCCCCCCOCCOCc2c(Cl)cccc2Cl)ccc1O	1	1	0.7583476	2	0.9031104924290972	0.7368421052631579	0.7552037095751427	0.7669620489756296	1.0	Sex-only
Oc1cn2c(n1)Nc1ccc(Cl)c(Cl)c1C2	1	1	0.54553676	2	0.9118885930445169	0.7692307692307693	0.784591435961299	0.7962052914107708	1.0	Sex-only
S=c1[nH]cnc2[nH]cnc12	0	1	0.7614547	2	0.943553926066289	0.7058823529411765	0.7562069309897133	0.7791216956676857	1.0	Sex-only
c1cnc2cc3c(cc2n1)C1CNCC3C1	1	1	0.6152735	2	0.9240837124230775	0.7619047619047619	0.7856292517006803	0.7983687099612159	1.0	Sex-only
C#CC1(O)CCC2C3CCC4=CC(=NO)CCC4C3CCC21CC	0	1	0.8176719	2	0.91475574642319	0.3064516129032258	0.45021408782934313	0.5496346521920757	1.0	Sex-only
C#CC1(O)CCC2C3CCC4=CCCCC4C3C(=C)CC21CC	0	1	0.7260674	2	0.91452467932347	0.3492063492063492	0.5436849098613804	0.6191267933353866	1.0	Sex-only
C=CC(=O)N1CCN(c2nc(=O)n(-c3c(C)ccnc3C(C)C)c3nc(-c4c(O)cccc4F)c(F)cc23)C(C)C1	0	0	0.43908054	2	0.8792329191356564	0.7547169811320755	0.7661380001822988	0.7743789899817568	0.9885057471264368	Sex-only
C=CCC1(CC(C)C)C(=O)NC(=O)NC1=O	1	1	0.6495033	2	0.9232012622525811	0.7906976744186046	0.8133710022252278	0.8237223551646669	1.0	Sex-only
C=Cc1c(C)c2[nH]c1=Cc1[nH]c(c(CCC(=O)O)c1C)C=c1[nH]c(c(C)c1CCC(=O)OC)=CC1=NC(=C3C=CC(C(=O)OC)=C(C(=O)OC)C13C)C=2	0	1	0.6681514	2	0.9038739659087024	0.7843137254901961	0.8063130912742456	0.8168615706240567	1.0	Sex-only
CC(=O)C(C#N)C(=O)Nc1ccc(C(F)(F)F)cc1	1	1	0.8760376	2	0.8950410276055185	0.7230769230769231	0.7374125874125874	0.7501320425848728	1.0	Sex-only
CC(=O)NC1C(N=C(N)N)C=C(C(=O)O)OC1C(O)C(O)CO	1	1	0.8439451	2	0.8871976107082377	0.7164179104477612	0.7425011167074842	0.7680561759486023	0.9830508474576272	Sex-only
CC(=O)Nc1ccc(O)cc1	1	1	0.8494458	2	0.8878678110686837	0.6764705882352942	0.6855807390422436	0.7078850594813202	1.0	Sex-only
CC(=O)Nc1nnc(S(N)(=O)=O)s1	0	1	0.89500153	2	0.899061877119656	0.6956521739130435	0.748721174757805	0.7671195045675563	1.0	Sex-only
CC(=O)OC1Cc2ccccc2N(C(N)=O)c2ccccc21	0	1	0.8451218	2	0.8687080254433855	0.7121212121212122	0.7216442594963721	0.7338555745245886	0.9807692307692307	Sex-only
CC(=O)c1c(C)c2cnc(Nc3ccc(N4CCNCC4)cn3)nc2n(C2CCCC2)c1=O	1	1	0.63316286	2	0.8810822783681072	0.7341772151898734	0.7501511234432245	0.754565768876503	1.0	Sex-only
CC(C)(C)NCC(O)c1cc(O)cc(O)c1	1	1	0.8791988	2	0.906530509232131	0.7115384615384616	0.7175699300699302	0.7270049395049394	1.0	Sex-only
CC(C)(C)NCC(O)c1ccc(O)c(CO)c1	1	1	0.8994373	2	0.8994315121516341	0.6779661016949152	0.7083825966983166	0.7250871056926131	1.0	Sex-only
CC(C)(F)CC(NC(c1ccc(-c2ccc(S(C)(=O)=O)cc2)cc1)C(F)(F)F)C(=O)NC1(C#N)CC1	1	1	0.8691979	2	0.8867154226336382	0.7313432835820896	0.7521191949659368	0.7680841809961136	0.9841269841269841	Sex-only
CC(C)(Oc1ccc(C(=O)c2ccc(Cl)cc2)cc1)C(=O)O	0	1	0.741312	2	0.8861939711836064	0.6818181818181818	0.6923574291995345	0.7103043918833393	1.0	Sex-only
CC(C)=c1nc(N(C)S(C)(=O)=O)nc(-c2ccc(F)cc2)c1=CCC(O)CC(O)CC(=O)O	1	1	0.97434574	2	0.8884276363648099	0.7888888888888889	0.7923381337079967	0.7935671813429419	1.0	Sex-only
CC(C)NCC(O)COc1ccc(CC(N)=O)cc1	1	1	0.695086	2	0.8720743027347059	0.6206896551724138	0.6415307640297498	0.6662928977465827	1.0	Sex-only
CC(C)NCC(O)COc1ccc(CCOCC2CC2)cc1	1	1	0.87012964	2	0.8855315216370343	0.7123287671232876	0.7202411247676286	0.7281470079564183	1.0	Sex-only
CC(C)NCC(O)COc1ccc(COCCOC(C)C)cc1	1	1	0.8519114	2	0.9010351990143874	0.7230769230769231	0.7303395112350336	0.7378692617498587	1.0	Sex-only
CC(C)NCC(O)COc1cccc2[nH]ccc12	1	1	0.9710671	2	0.8900700269048922	0.5967741935483871	0.6120430107526882	0.6265192475143269	1.0	Sex-only
CC(C)NCC(O)COc1cccc2ccccc12	1	1	0.94262266	2	0.8813571231828411	0.5813953488372093	0.5884694695841448	0.599845791481604	1.0	Sex-only
CC(C)NCC(O)c1ccc(NS(C)(=O)=O)cc1	1	1	0.97221386	2	0.8908726650024306	0.5102040816326531	0.6122954527312882	0.6680559587783156	1.0	Sex-only
CC(C)NCC(O)c1ccc(O)c(O)c1	1	1	0.90287375	2	0.8963764496555342	0.5686274509803921	0.6216370269037848	0.6809413467954667	1.0	Sex-only
CC(C)OC(=O)C(C)(C)Oc1ccc(C(=O)c2ccc(Cl)cc2)cc1	0	1	0.7646384	2	0.8900235228537872	0.6862745098039216	0.7062558356676004	0.7217949877365342	1.0	Sex-only
CC(C)c1c(C(=O)Nc2ccccc2)c(-c2ccccc2)c(-c2ccc(F)cc2)n1CCC(O)CC(O)CC(=O)O	1	1	0.8365327	2	0.8744900633871997	0.7386363636363636	0.7408121729017252	0.7485460985643003	1.0	Sex-only
CC(C)n1c(C=CC(O)CC(O)CC(=O)O)c(-c2ccc(F)cc2)c2ccccc21	0	1	0.75012195	2	0.8786831303349611	0.7466666666666667	0.753863664790494	0.7639681758077789	1.0	Sex-only
CC(C=CC1=C(C)CCCC1(C)C)=CC=CC(C)=CC(=O)O	1	1	0.80645627	2	0.9151682886938336	0.7833333333333333	0.7899374021909233	0.801219387656529	1.0	Sex-only
CC(CCc1ccc(O)cc1)NCCc1ccc(O)c(O)c1	1	1	0.67359245	2	0.8992194758613439	0.6140350877192983	0.6651792524790237	0.70503189039526	1.0	Sex-only
CC(CN1c2ccccc2Sc2ccccc21)N(C)C	1	1	0.8524854	2	0.8983272781061175	0.6046511627906976	0.6551937984496123	0.694898060595735	1.0	Sex-only
CC(Cc1ccc(O)c(O)c1)(NN)C(=O)O	1	1	0.7031746	2	0.8700976025709558	0.5609756097560976	0.5903547671840356	0.6323337908703762	1.0	Sex-only
CC(N)(Cc1ccc(O)c(O)c1)C(=O)O	1	1	0.90788007	2	0.8713825565170912	0.3333333333333333	0.4754385964912281	0.5594541910331384	1.0	Sex-only
CC(O)C1C(=O)N2C(C(=O)O)=C(SC3CNC(C(=O)N(C)C)C3)C(C)C12	1	1	0.8508145	2	0.9039344619437326	0.8	0.8059756097560976	0.8126337225130242	0.9875	Sex-only
CC(O)C1C(=O)N2C(C(=O)O)=C(SC3CNC(C(=O)Nc4cccc(C(=O)O)c4)C3)C(C)C12	0	1	0.664697	2	0.8773218461560449	0.7647058823529411	0.775024704842149	0.7797010745996545	0.9863013698630136	Sex-only
CC(O)C1C(=O)N2C(C(=O)O)=C(SC3CNC(CNS(N)(=O)=O)C3)C(C)C12	0	1	0.8268651	2	0.8921556453500159	0.7682926829268293	0.777842524730666	0.7869725881677543	0.9857142857142858	Sex-only
CC(O)C1C(=O)N2C(C(=O)O)=C(SCCN=CN)CC12	0	1	0.8626534	2	0.8874319111003732	0.7567567567567568	0.7630265893423788	0.7687201246859646	0.9836065573770492	Sex-only
CC12CCC(CC1=O)C2(C)C	0	1	0.68446463	2	0.9198250642118525	0.7446808510638298	0.7721630609690685	0.7865559188540501	1.0	Sex-only
CC12CCC3c4ccc(O)cc4CCC3C1C(O)C(O)C2O	0	1	0.8842065	2	0.893486604339833	0.4716981132075472	0.6385405358835186	0.6837899865603986	1.0	Sex-only
CC12CCC3c4ccc(O)cc4CCC3C1CC(O)C2O	1	1	0.8427393	2	0.8954663554318688	0.4230769230769231	0.6239303594957943	0.6731704025470138	1.0	Sex-only
CC12CCC3c4ccc(O)cc4CCC3C1CCC2O	1	1	0.8135079	2	0.8949907993798658	0.4230769230769231	0.5269292534099753	0.5956306127157588	1.0	Sex-only
CC12CCC3c4ccc(O)cc4CCC3C1CCC2OC(=O)CCC1CCCC1	0	1	0.73394203	2	0.8757054332061133	0.44285714285714284	0.5389075630252101	0.6008360063535623	0.9846153846153847	Sex-only
CC12CCC3c4ccc(OC(=O)N(CCCl)CCCl)cc4CCC3C1CCC2O	1	1	0.791783	2	0.8750494063443838	0.6176470588235294	0.643663549927013	0.6777889661523887	0.9852941176470589	Sex-only
CC12CCC3c4ccc(OS(=O)(=O)O)cc4CCC3C1CCC2=O	1	1	0.6984398	2	0.8837005052956011	0.5873015873015873	0.6651773720902973	0.7005537426695468	0.9836065573770492	Sex-only
CC1C(c2ccccc2)OCCN1C	1	1	0.5642235	2	0.8882797742866364	0.7441860465116279	0.7508263460422928	0.7545072254126365	1.0	Sex-only
CC1CCN(C(=O)CC#N)CC1N(C)c1ncnc2[nH]ccc12	1	1	0.6715723	2	0.8740768038765879	0.75	0.7642512077294686	0.7757701133672723	0.9857142857142858	Sex-only
CC1c2cccc(O)c2C(=O)C2C(=O)C3(O)C(=O)C(C(N)=O)C(=O)C(N(C)C)C3C(O)C21	1	1	0.93286973	2	0.897579100395183	0.7849462365591398	0.7969053238919486	0.800874815055034	1.0	Sex-only
CC=C(C)C(=O)OC1C(C)=CC23C(=O)C(=CC(CO)C(O)C12O)C1C(CC3C)C1(C)C	0	1	0.9247375	2	0.8879444152092314	0.7209302325581395	0.7282710829222457	0.7408866380996137	0.984375	Sex-only
CCC(=O)N(c1ccccc1)C1(C(=O)OC)CCN(CCC(=O)OC)CC1	1	0	0.38542503	2	0.8607015855769455	0.6065573770491803	0.626508973909822	0.6599939999436236	0.9795918367346939	Sex-only
CCC(=O)N(c1ccccc1)C1(COC)CCN(CCc2cccs2)CC1	1	1	0.7846166	2	0.8697570231500277	0.578125	0.633301282051282	0.6582459778783308	0.9850746268656716	Sex-only
CCC(C(N)=O)N1CCCC1=O	1	1	0.7341134	2	0.8809986681675976	0.765625	0.7771183473389355	0.7843444689497765	0.9726027397260274	Sex-only
CCC(CC)C(NC(C)=O)C1C(N=C(N)N)CC(C(=O)O)C1O	1	1	0.9212764	2	0.9021310379364315	0.76	0.7735526695526695	0.7824105736323133	0.9871794871794872	Sex-only
CCC1(C)CC(=O)NC1=O	0	1	0.64716595	2	0.9158875991176878	0.7567567567567568	0.7784921763869133	0.8030686889640016	1.0	Sex-only
CCC1(c2ccccc2)C(=O)NC(=O)NC1=O	1	1	0.5605125	2	0.8812775963911232	0.717391304347826	0.7324110671936759	0.7422136893151385	1.0	Sex-only
CCC1(c2ccccc2)C(=O)NCNC1=O	0	1	0.56569993	2	0.8731926963577343	0.7021276595744681	0.7207038019798102	0.7327133701456874	1.0	Sex-only
CCC1=NC(=O)C2CSSCCC=CC(CC(=O)NC(C(C)C)C(=O)N2)OC(=O)C(C(C)C)NC1=O	1	1	0.8229507	2	0.90964834246637	0.8222222222222222	0.8295761741122567	0.8345055684676947	1.0	Sex-only
CCC1CN2CCc3c([nH]c4cccc(OC)c34)C2CC1C(=COC)C(=O)OC	0	1	0.81441426	2	0.8756537601118888	0.6931818181818182	0.7170820908836048	0.7301334470778124	0.9868421052631579	Sex-only
CCCC(=O)Nc1ccc(OCC(O)CNC(C)C)c(C(C)=O)c1	1	1	0.95056087	2	0.8796970087460427	0.6268656716417911	0.6792708588206509	0.6988971223185043	1.0	Sex-only
CCCC(C)(COC(N)=O)COC(=O)NC(C)C	1	1	0.81963176	2	0.9050952885162629	0.7073170731707317	0.7368337850045167	0.7558027200642377	1.0	Sex-only
CCCC(C)(COC(N)=O)COC(N)=O	1	1	0.84406924	2	0.910927621865753	0.696969696969697	0.7365367965367966	0.7487120444567252	1.0	Sex-only
CCCC(C)C1(CC)C(=O)NC(=S)NC1=O	1	1	0.96855795	2	0.919443220544245	0.7619047619047619	0.7714728682170542	0.7911686293811235	1.0	Sex-only
CCCC1CC(=O)N(C(CC)C(N)=O)C1	0	1	0.6691386	2	0.8844536968939769	0.7611940298507462	0.7639433514246947	0.766045575515887	0.9791666666666666	Sex-only
CCCCC(CC)COC(=O)CC(C(=O)OCC(CC)CCCC)S(=O)(=O)O	0	1	0.6225841	2	0.9160959936696447	0.5531914893617021	0.60782630334702	0.6711823821202167	1.0	Sex-only
CCCCCCC(=O)OCC(COC(=O)CCCCCC)OC(=O)CCCCCC	1	0	0.06829709	2	0.910014615258038	0.48717948717948717	0.5868517447464816	0.64392998164928	1.0	Sex-only
CCCCCCCCCCCCCCCC[n+]1ccccc1	1	0	0.44888425	2	0.9342852133268253	0.6857142857142857	0.7532600732600733	0.7785817111904068	1.0	Sex-only
CCCCCCCCCCCCOCCOCCOCCOCCOCCOCCOCCOCCOCCO	1	1	0.6398959	2	0.9342744777786443	0.6571428571428571	0.7226342451874367	0.7390703071554134	1.0	Sex-only
CCCCCCCCc1ccc(CCC(N)(CO)CO)cc1	1	1	0.71380496	2	0.8994133985707611	0.7209302325581395	0.7292811839323468	0.7395377646584316	1.0	Sex-only
CCCCS(=O)(=O)NC(Cc1ccc(OCCCCC2CCNCC2)cc1)C(=O)O	1	1	0.84584117	2	0.8666731986776209	0.7	0.7374358974358974	0.7450155459287879	0.984375	Sex-only
CCN(C(C)=O)c1cccc(-c2ccnc3c(C#N)cnn23)c1	0	1	0.94800925	2	0.8786741259687012	0.7415730337078652	0.7540538710173925	0.7629782674960087	0.9846153846153847	Sex-only
CCN(CC)C(=O)C(C#N)=Cc1cc(O)c(O)c([N+](=O)[O-])c1	0	0	0.43996853	2	0.9030172771709621	0.7432432432432432	0.7833570412517782	0.7939492640215033	1.0	Sex-only
CCN(CC)C(=O)C1(c2ccccc2)CC1CN	1	0	0.45167053	2	0.8613119083767825	0.6730769230769231	0.7008097165991903	0.7127148355218531	1.0	Sex-only
CCN(CC)CCOc1ccc(C(=C(Cl)c2ccccc2)c2ccccc2)cc1	0	1	0.67983866	2	0.8844551809230389	0.45652173913043476	0.5647515527950311	0.6165017187729711	1.0	Sex-only
CCN(CC)c1ccc(C(=C2C=CC(=[N+](CC)CC)C=C2)c2cc(S(=O)(=O)O)ccc2S(=O)(=O)[O-])cc1	1	1	0.81406355	2	0.9051916832479735	0.7301587301587301	0.7738281979458449	0.7898451490096843	1.0	Sex-only
CCO	1	1	0.57863903	2	0.9416676138249442	0.7222222222222222	0.7555555555555555	0.7696649029982363	1.0	Sex-only
CCOC(=O)C(N)Cc1ccc(-c2cc(OC(c3ccc(Cl)cc3-n3ccc(C)n3)C(F)(F)F)nc(N)n2)cc1	1	1	0.8271074	2	0.8823962154819861	0.75	0.7625454545454545	0.7675216450216449	0.9868421052631579	Sex-only
CCOc1ncc(C)c2c1C(c1ccc(C#N)cc1OC)C(C(N)=O)C(C)=N2	1	1	0.6910609	2	0.8777865020761255	0.6923076923076923	0.718783542039356	0.7332817430805411	1.0	Sex-only
CCS(=O)(=O)N1CC(CC#N)(n2cc(-c3ncnc4[nH]ccc34)cn2)C1	1	1	0.8575939	2	0.8961693236831677	0.7790697674418605	0.7858791147062127	0.7935077207305048	0.9857142857142858	Sex-only
CCc1cc2c(cc1CC)CC(NCC(O)c1ccc(O)c3[nH]c(=O)ccc13)C2	1	1	0.7531802	2	0.8819940252914868	0.7571428571428571	0.7752380952380952	0.7817395894379398	0.9838709677419355	Sex-only
CCc1nc(N)nc(N)c1-c1ccc(Cl)cc1	0	1	0.6609871	2	0.9077757649709858	0.717948717948718	0.7560160474446189	0.7695261898347076	1.0	Sex-only
CCn1c(=O)c(-c2cc(NC(=O)Nc3ccccc3)c(F)cc2Br)cc2cnc(NC)cc21	0	1	0.8352256	2	0.8736759468807329	0.7391304347826086	0.7554598101706943	0.7611877938658345	0.9864864864864865	Sex-only
CN(C)C(=O)c1cc2cnc(Nc3ccc(N4CCNCC4)cn3)nc2n1C1CCCC1	1	1	0.76085126	2	0.8788733760627945	0.7216494845360825	0.7370271837449154	0.7478293101300295	1.0	Sex-only
CN(C)C(N)=NC(=N)N	1	1	0.5672608	2	0.9444888653172376	0.8181818181818182	0.822538150515195	0.8267217367360838	1.0	Sex-only
CN(C)C1C(=O)C(C(N)=O)C(=O)C2(O)C(=O)C3C(=O)c4c(O)cccc4C(C)(O)C3CC12	0	1	0.90167195	2	0.8916296796832355	0.782608695652174	0.7881517033690947	0.7909719105371279	0.9848484848484849	Sex-only
CN(C)CC(c1ccc(O)cc1)C1(O)CCCCC1	1	0	0.42668992	2	0.895100431205191	0.6274509803921569	0.6814725890356141	0.7191721774179757	1.0	Sex-only
CN(C)CCCN1c2ccccc2CCc2ccc(Cl)cc21	1	1	0.85323143	2	0.8909357427748963	0.5625	0.6292985074626867	0.6643386695692505	1.0	Sex-only
CN(C)CCCN1c2ccccc2CCc2ccccc21	1	1	0.8961227	2	0.8930096744611244	0.46153846153846156	0.5562617260787992	0.6238634848125835	1.0	Sex-only
CN(C)CCCN1c2ccccc2Sc2ccc(Cl)cc21	1	1	0.9268951	2	0.8987724824938197	0.6764705882352942	0.6995861030979557	0.7153072656988876	1.0	Sex-only
CN(C)c1cc(CNCC(C)(C)C)c(O)c2c1CC1CC3C(N(C)C)C(=O)C(C(N)=O)C(=O)C3(O)C(=O)C1C2=O	0	1	0.66375303	2	0.896945522193428	0.7857142857142857	0.8010648355475942	0.8055711898235971	0.9871794871794872	Sex-only
CN(C)c1cc(NC(=O)CNC(C)(C)C)c(O)c2c1CC1CC3C(N(C)C)C(=O)C(C(N)=O)C(=O)C3(O)C(=O)C1C2=O	0	1	0.94218594	2	0.8959021752099442	0.8151260504201681	0.8167640076558482	0.8197653012629083	0.9875	Sex-only
CN(C)c1ccc(O)c2c1CC1CC3C(N(C)C)C(=O)C(C(N)=O)C(=O)C3(O)C(=O)C1C2=O	1	1	0.85654896	2	0.8982854078696763	0.7974683544303798	0.8003270042194094	0.8037708446929819	0.9855072463768116	Sex-only
CN(C)c1ccc2nc3ccc(=[N+](C)C)cc-3sc2c1	1	0	0.4526278	2	0.9225564810890997	0.7592592592592593	0.7811052317802558	0.8007802335673496	1.0	Sex-only
CN1C(=O)CC(=O)N(c2ccccc2)c2cc(Cl)ccc21	0	0	0.3671696	2	0.8880867768037773	0.6111111111111112	0.657375478927203	0.6777129532876659	1.0	Sex-only
CN1C(=O)CC(C)(c2ccccc2)C1=O	0	0	0.48797137	2	0.8857387217123475	0.7021276595744681	0.721591804570528	0.736686805008318	1.0	Sex-only
CN1C(=O)CN=C(c2ccccc2)c2cc(Cl)ccc21	1	1	0.5521603	2	0.8814124282848984	0.40816326530612246	0.41926530612244894	0.4564172335600907	1.0	Sex-only
CN1CC(=O)N2C(Cc3c([nH]c4ccccc34)C2c2ccc3c(c2)OCO3)C1=O	1	0	0.39684623	2	0.8965129759100308	0.759493670886076	0.7667401924993402	0.7776795820810614	1.0	Sex-only
CN1CC2c3ccccc3Oc3ccc(Cl)cc3C2C1	0	0	0.49744064	2	0.893455084839508	0.7083333333333334	0.7163290689410092	0.7283681806196352	1.0	Sex-only
CN1CCCC1c1cccnc1	1	1	0.58908087	2	0.8922367954042696	0.6842105263157895	0.7071387559808613	0.7175375891165365	1.0	Sex-only
CN1CCN(C(=O)OC2c3nccnc3C(=O)N2c2ccc(Cl)cn2)CC1	0	0	0.49640468	2	0.8710226830295156	0.6753246753246753	0.7050030585356672	0.7216109953597315	0.9846153846153847	Sex-only
CN1CCN(C(c2ccccc2)c2ccccc2)CC1	1	1	0.66255385	2	0.8907814673567052	0.6666666666666666	0.6812599681020733	0.6980726450771244	1.0	Sex-only
CN1CCN(C2=Nc3cc(Cl)ccc3Nc3ccccc32)CC1	1	1	0.828905	2	0.894737453352701	0.6721311475409836	0.6885003035822708	0.7004895866462352	1.0	Sex-only
CN1CCN(CCC=C2c3ccccc3Sc3ccc(S(=O)(=O)N(C)C)cc32)CC1	1	1	0.7435127	2	0.8934001086649708	0.6551724137931034	0.6826939655172414	0.6966586845466156	1.0	Sex-only
CN1CCN(CCCN2c3ccccc3Sc3ccc(C(F)(F)F)cc32)CC1	1	1	0.8743925	2	0.8972608051440851	0.7	0.7423255813953489	0.7487394371115302	1.0	Sex-only
CN1CCN(CCCN2c3ccccc3Sc3ccc(Cl)cc32)CC1	1	1	0.7166552	2	0.8942338566927179	0.7222222222222222	0.725618961352657	0.733386011525726	1.0	Sex-only
CN=C(C[N+](=O)[O-])NCCSCc1ccc(CN(C)C)o1	1	1	0.85473394	2	0.8985982791134086	0.7941176470588235	0.7991610289339908	0.8012098564724895	1.0	Sex-only
CN=C(NC#N)NCCSCc1[nH]cnc1C	1	1	0.9093512	2	0.912083980828548	0.8	0.8124125397546571	0.8199834622568607	1.0	Sex-only
CNC(=O)c1ccc(-c2cnc3ncc(Cc4ccc5ncccc5c4)n3n2)cc1F	0	0	0.4014104	2	0.8841430652123684	0.7241379310344828	0.7392452927161459	0.7495153586985124	0.9855072463768116	Sex-only
CNC(C)C(O)c1ccccc1	1	1	0.52717555	2	0.8892760481912622	0.6129032258064516	0.6412061156356986	0.6711936801925	1.0	Sex-only
CNCC(O)c1ccc(O)c(O)c1	1	1	0.9076411	2	0.8978067028125887	0.6052631578947368	0.6312455346511074	0.6678322558410152	1.0	Sex-only
CNCC(O)c1cccc(O)c1	1	1	0.89789414	2	0.889581911720287	0.5952380952380952	0.658903318903319	0.6922302388969057	1.0	Sex-only
CNCCC(Oc1cccc2ccccc12)c1cccs1	1	1	0.80112267	2	0.901382986445067	0.5416666666666666	0.6127820939696633	0.6726211724897396	1.0	Sex-only
CNCCCN1c2ccccc2CCc2ccccc21	1	1	0.89250654	2	0.889900212578074	0.5714285714285714	0.5988879828008007	0.6456407160684721	1.0	Sex-only
COC(=O)CCc1ccc(OCC(O)CNC(C)C)cc1	1	1	0.87322545	2	0.8769054818254115	0.6229508196721312	0.663040995503105	0.6799375313053699	1.0	Sex-only
COC(=O)c1ccc2c(C(=Nc3ccc(N(C)C(=O)CN4CCN(C)CC4)cc3)c3ccccc3)c(O)[nH]c2c1	1	1	0.7571453	2	0.8748456405088527	0.75	0.7597619047619049	0.7635277432489809	0.9871794871794872	Sex-only
COC(=O)c1ccccc1O	0	1	0.7408183	2	0.8691612798793998	0.48	0.5304615384615385	0.5702216302216302	1.0	Sex-only
COCCc1ccc(OCC(O)CNC(C)C)cc1	1	1	0.81594956	2	0.8915542987583442	0.6935483870967742	0.7026294388723232	0.709624181685502	1.0	Sex-only
CON(C)Cc1ccc(O)c2c1CC1CC3C(N(C)C)C(=O)C(C(N)=O)C(=O)C3(O)C(=O)C1C2=O	1	1	0.7897722	2	0.8887331109388231	0.79	0.7987207207207208	0.8002944856433227	0.9861111111111112	Sex-only
COc1cc(C)c(C=CC(C)=CC=CC(C)=CC(=O)O)c(C)c1C	0	1	0.91161335	2	0.9043263292128125	0.7719298245614035	0.7759910801204851	0.7791796425881764	1.0	Sex-only
COc1cc(C2c3cc4c(cc3C(OC3OC5COC(C)OC5C(O)C3O)C3COC(=O)C23)OCO4)cc(OC)c1O	1	1	0.88241106	2	0.9086687584818046	0.7818181818181819	0.7898764509826457	0.7966184763773947	0.9868421052631579	Sex-only
COc1cc(N)c(Cl)cc1C(=O)NC1CCN(CCCOc2ccc(F)cc2)CC1OC	1	0	0.23687512	2	0.8649140386069755	0.6162790697674418	0.6343904157857645	0.6589161710948735	0.9850746268656716	Sex-only
COc1cc2c(cc1Cc1cccc(Cl)c1F)c(=O)c(C(=O)O)cn2C(CO)C(C)C	0	1	0.7225392	2	0.871786166470973	0.73	0.7348647925033468	0.7408090787772897	0.9861111111111112	Sex-only
COc1cc2nc(N3CCN(C(=O)C4CCCO4)CC3)nc(N)c2cc1OC	1	1	0.6746869	2	0.877636319086517	0.4153846153846154	0.5855214350866526	0.6508990466523329	0.9850746268656716	Sex-only
COc1cc2nc(N3CCN(C(=O)C4COc5ccccc5O4)CC3)nc(N)c2cc1OC	1	1	0.8534372	2	0.870503672411292	0.4117647058823529	0.5917849201536285	0.6598679063670625	0.9861111111111112	Sex-only
COc1ccc(C(CN(C)C)C2(O)CCCCC2)cc1	1	0	0.4641783	2	0.8866936765435208	0.6226415094339622	0.6630916914928832	0.6980333958586193	1.0	Sex-only
COc1ccc(CC(C)NCC(O)c2ccc(O)c(NC=O)c2)cc1	1	1	0.9553412	2	0.8906050465239662	0.5909090909090909	0.6543297380585515	0.6806439985109018	1.0	Sex-only
COc1cccc(C2(O)CCCCC2CN(C)C)c1	1	1	0.55311	2	0.880610749419573	0.6721311475409836	0.7055191256830601	0.7279352610807527	1.0	Sex-only
COc1ccccc1N1CCN(CCCNc2cc(=O)n(C)c(=O)n2C)CC1	1	1	0.7930514	2	0.8777486800754121	0.6962025316455697	0.7198662940435092	0.7298772488645907	1.0	Sex-only
CSc1ccc2c(c1)N(CCC1CCCCN1C)c1ccccc1S2	1	1	0.86665183	2	0.8944137720526291	0.6615384615384615	0.708100120281803	0.7272253724599219	1.0	Sex-only
Cc1[nH]cnc1CN1CCc2c(c3ccccc3n2C)C1=O	0	1	0.8926812	2	0.8815325584646034	0.7413793103448276	0.7478337754199823	0.755353606830646	1.0	Sex-only
Cc1cc2c(s1)Nc1ccccc1N=C2N1CCN(C)CC1	1	1	0.68332654	2	0.9009952638672069	0.7538461538461538	0.7586585750315258	0.7685824949988402	1.0	Sex-only
Cc1ccc(-n2nccn2)c(C(=O)N2CCN(c3nc4cc(Cl)ccc4o3)CCC2C)c1	1	0	0.48397905	2	0.8847670026234802	0.7472527472527473	0.7632356291918436	0.7695513298680257	0.9861111111111112	Sex-only
Cc1ccc(O)c(C(CCN(C(C)C)C(C)C)c2ccccc2)c1	0	0	0.41261345	2	0.8878073231545855	0.5272727272727272	0.6409719839908519	0.6791463602784357	1.0	Sex-only
Cc1cccc(CN2CCN(C(c3ccccc3)c3ccc(Cl)cc3)CC2)c1	1	1	0.60836804	2	0.8852483056334344	0.7205882352941176	0.7259145640003067	0.7321588644772983	1.0	Sex-only
Cc1ccccc1-c1cc(N2CCN(C)CC2)ncc1N(C)C(=O)C(C)(C)c1cc(C(F)(F)F)cc(C(F)(F)F)c1	1	1	0.8089913	2	0.8813369852756587	0.7419354838709677	0.7519256208777596	0.7570798464207851	0.9861111111111112	Sex-only
Cc1cnc(NC(=O)C2C(=O)c3ccccc3S(=O)(=O)N2C)s1	0	0	0.24781431	2	0.8778399482656074	0.36538461538461536	0.5945296582477992	0.6713733144111704	1.0	Sex-only
Cc1cnc(Nc2ccc(OCCN3CCCC3)cc2)nc1Nc1cccc(S(=O)(=O)NC(C)(C)C)c1	0	1	0.61170936	2	0.8844541878033896	0.7209302325581395	0.7288452113028259	0.7351667786830247	1.0	Sex-only
Cc1nc2n(c(=O)c1CCN1CCC(c3noc4cc(F)ccc34)CC1)CCCC2	1	0	0.38040435	2	0.8902609040428292	0.5421686746987951	0.6794589014364668	0.7241943086726026	0.9868421052631579	Sex-only
Cc1nc2n(c(=O)c1CCN1CCC(c3noc4cc(F)ccc34)CC1)CCCC2O	1	0	0.42779845	2	0.8848712655854282	0.5357142857142857	0.6773064958309066	0.7222256351386973	0.9871794871794872	Sex-only
Cc1ncc(CO)c(CO)c1O	0	1	0.623832	2	0.9111695945199916	0.7692307692307693	0.7780271530271531	0.7905965405965406	1.0	Sex-only
Cc1nccn1CC1CCc2c(c3ccccc3n2C)C1=O	1	1	0.79015154	2	0.8835493509670618	0.7464788732394366	0.756877263581489	0.7653307605585982	1.0	Sex-only
Cc1nnc(C(=O)NC(C)(C)c2nc(C(=O)NCc3ccc(F)cc3)c(O)c(=O)n2C)o1	0	1	0.8549236	2	0.8806860636741173	0.7362637362637363	0.7401168973562073	0.745412409959876	1.0	Sex-only
Cc1oncc1C(=O)Nc1ccc(C(F)(F)F)cc1	1	1	0.76168406	2	0.8900368073268264	0.6891891891891891	0.7213278495887192	0.737194465830148	1.0	Sex-only
Cc1sc2c(c1C)C(c1ccc(Cl)cc1)=NC(CC(=O)NCCCN1CCN(C)CC1)c1nnc(C)n1-2	1	1	0.84745157	2	0.8842644180105654	0.7431192660550459	0.7482321386564506	0.7552836075239062	0.9857142857142858	Sex-only
Clc1ccc(CCCOCCCN2CCCCC2)cc1	0	0	0.18582505	2	0.897786225857327	0.7017543859649122	0.7077552094055216	0.7107622213408972	1.0	Sex-only
Cn1c(Cn2ccc(C(F)(F)F)c(Oc3cc(Cl)cc(C#N)c3)c2=O)n[nH]c1=O	1	1	0.7308941	2	0.8988447572551969	0.7701149425287356	0.7728254371826595	0.7767487342626878	1.0	Sex-only
Cn1cnc([N+](=O)[O-])c1Sc1ncnc2[nH]cnc12	0	1	0.6787536	2	0.9146793932026888	0.7375	0.7527058642632414	0.765149268745175	1.0	Sex-only
FC(F)(F)C(F)(F)C(F)(F)F	1	1	0.74688166	2	0.9881822923555406	0.8333333333333334	0.8401754385964912	0.8656944293099899	1.0	Sex-only
N#CCC(C1CCCC1)n1cc(-c2ncnc3[nH]ccc23)cn1	1	1	0.67327845	2	0.9037938533758672	0.7954545454545454	0.803490835405729	0.8073328971564168	1.0	Sex-only
N#Cc1ccnc(N2C(=O)CCC2C(=O)N(c2cncc(F)c2)C(C(=O)NC2CC(F)(F)C2)c2ccccc2Cl)c1	1	0	0.33805403	2	0.886276691830957	0.7708333333333334	0.7822180451127819	0.787362431905433	1.0	Sex-only
N=C(CCSCc1csc(N=C(N)N)n1)NS(N)(=O)=O	0	1	0.75887465	2	0.911859214793037	0.7804878048780488	0.7931873181608069	0.8047467185139652	1.0	Sex-only
NC(=O)C1(N2CCCCC2)CCN(CCCC(=O)c2ccc(F)cc2)CC1	1	1	0.6629174	2	0.8827191489162852	0.44642857142857145	0.5342643923240938	0.5949766739825878	0.9830508474576272	Sex-only
NC(=O)Cc1cccc(C(=O)c2ccccc2)c1N	0	0	0.33057094	2	0.8819579402601921	0.6666666666666666	0.6792313377679232	0.6859927185130439	1.0	Sex-only
NC(=O)N1c2ccccc2C=Cc2ccccc21	1	1	0.85841674	2	0.8812665346926746	0.7241379310344828	0.7334936716471756	0.7394053161572628	1.0	Sex-only
NC(=O)N1c2ccccc2CC(=O)c2ccccc21	1	1	0.6913688	2	0.8741972290629866	0.6981132075471698	0.7238968350578212	0.7354499954499354	1.0	Sex-only
NC(=O)N1c2ccccc2CC(O)c2ccccc21	1	1	0.9048567	2	0.8793984097969796	0.7049180327868853	0.7318824194460147	0.7432906865403028	1.0	Sex-only
NC(CO)(CO)CO	0	1	0.537773	2	0.9532952575531887	0.8235294117647058	0.8294117647058824	0.8330901679668283	1.0	Sex-only
NC(N)=O	1	1	0.6353816	2	0.9403487603611324	0.625	0.6583333333333332	0.6768518518518518	1.0	Sex-only
NC1CC1c1ccccc1	1	1	0.6263263	2	0.9081098433746235	0.7391304347826086	0.7597559115179252	0.7628273582506993	1.0	Sex-only
NCC(O)c1ccc(O)c(O)c1	1	1	0.8120827	2	0.902031858174565	0.5294117647058824	0.6096857038033509	0.6577211988976696	1.0	Sex-only
NCCNCCNCCN	0	1	0.58636856	2	0.9612927230377588	0.6666666666666666	0.739855072463768	0.7711445559271646	1.0	Sex-only
NCCO	0	1	0.66851187	2	0.954313594998011	0.7142857142857143	0.7404761904761905	0.7608706108706108	1.0	Sex-only
NCCS	0	0	0.43613404	2	0.9725666753964495	0.8	0.8091774891774893	0.8235941192462932	1.0	Sex-only
NCCc1ccc(O)c(O)c1	1	1	0.7543924	2	0.9077610942743297	0.5454545454545454	0.6375102375102375	0.682755940401489	1.0	Sex-only
Nc1c(CC(=O)O)cccc1C(=O)c1ccc(Br)cc1	0	0	0.44497475	2	0.888261113235974	0.6756756756756757	0.7068952898740134	0.724628437394395	1.0	Sex-only
Nc1cc(C(F)(F)F)c(-c2cc(N3CCOCC3)nc(N3CCOCC3)n2)cn1	1	1	0.76155037	2	0.9241609640466006	0.7666666666666667	0.7768915637208321	0.7917662416409494	1.0	Sex-only
Nc1ccc(N=Nc2ccccc2)c(N)n1	0	0	0.46918797	2	0.9188678951153344	0.7843137254901961	0.7872397968725274	0.7925804445851056	1.0	Sex-only
Nc1nc(=S)c2[nH]cnc2[nH]1	1	1	0.70501786	2	0.9373100079830547	0.7317073170731707	0.7501297353399066	0.7685451140765452	1.0	Sex-only
Nc1nc(N)c2nc(-c3ccccc3)c(N)nc2n1	0	1	0.5534597	2	0.9192435465543037	0.7272727272727273	0.7354974350349004	0.7413737894077449	1.0	Sex-only
Nc1nnc(-c2cccc(Cl)c2Cl)c(N)n1	1	1	0.7015048	2	0.9215170916733073	0.7272727272727273	0.742020202020202	0.7548047525059018	1.0	Sex-only
O=C(NC(CO)C(O)c1ccc([N+](=O)[O-])cc1)C(Cl)Cl	1	1	0.76910603	2	0.8988990485435415	0.6984126984126984	0.7408029878618113	0.7577729964771738	1.0	Sex-only
O=C(Nc1cnn2ccc(N3CCCC3c3cc(F)ccc3F)nc12)N1CCC(O)C1	0	1	0.96286637	2	0.8901193163274488	0.7553191489361702	0.759235502711723	0.7630708463666582	1.0	Sex-only
O=C(O)CC(O)CC(O)C=Cc1c(C2CC2)nc2ccccc2c1-c1ccc(F)cc1	0	1	0.7064208	2	0.8765575801343961	0.7553191489361702	0.7686643717252153	0.7784002844867182	0.9855072463768116	Sex-only
O=C(O)COCCN1CCN(C(c2ccccc2)c2ccc(Cl)cc2)CC1	1	0	0.380946	2	0.8664979145760762	0.5970149253731343	0.6651043425406902	0.680341784503282	0.9833333333333333	Sex-only
O=C([O-])CCCO	1	1	0.80161214	2	0.9343427523187389	0.6470588235294118	0.6729539641943734	0.6873858238947753	1.0	Sex-only
O=C(c1ccc(OCCN2CCCCC2)cc1)c1c(-c2ccc(O)cc2)sc2cc(O)ccc12	0	1	0.53471714	2	0.8879891446100323	0.7380952380952381	0.7531168831168831	0.7614753953816225	0.9830508474576272	Sex-only
O=C1CCCC(=O)C1C(=O)c1ccc(C(F)(F)F)cc1[N+](=O)[O-]	0	1	0.92226386	2	0.8975740206239082	0.7575757575757576	0.7712068128734795	0.7834145593404851	0.9824561403508771	Sex-only
O=C1CCc2ccc(OCCCCN3CCN(c4cccc(Cl)c4Cl)CC3)cc2N1	1	1	0.5880228	2	0.8824924516683302	0.5657894736842105	0.5987854251012147	0.6490417543049123	1.0	Sex-only
O=C1NC(=O)C(c2ccccc2)(c2ccccc2)N1	1	1	0.6514218	2	0.9060190320745151	0.7419354838709677	0.7507205537016437	0.7587916563542503	1.0	Sex-only
O=C1NC(c2ccccc2)(c2ccccc2)C(=O)N1COP(=O)(O)O	1	1	0.6976706	2	0.8856238630621502	0.7317073170731707	0.7433184623193438	0.7539840423178653	0.98	Sex-only
O=C1c2ccccc2C(=O)C1c1ccc(F)cc1	1	1	0.8245404	2	0.8992066663004816	0.7317073170731707	0.7435601198117244	0.7495918231764438	1.0	Sex-only
O=[N+]([O-])c1cn2c(n1)OCC(OCc1ccc(OC(F)(F)F)cc1)C2	1	1	0.6558413	2	0.89940950857532	0.7272727272727273	0.7506961506961507	0.768120767298399	1.0	Sex-only
O=c1[nH]c(O)cn1N=Cc1ccc(-c2ccc([N+](=O)[O-])cc2)o1	1	1	0.6737522	2	0.9110892559085357	0.3137254901960784	0.5504128651018515	0.660253287744125	1.0	Sex-only
O=c1[nH]c2ccccc2n1CCCN1CCC(n2c(=O)[nH]c3cc(Cl)ccc32)CC1	1	0	0.23641519	2	0.8892672930293597	0.41935483870967744	0.5619071905186912	0.6336195828481944	1.0	Sex-only
O=c1n(CCCN2CCN(c3cccc(Cl)c3)CC2)nc2ccccn12	1	0	0.44986972	2	0.8945993123704103	0.676056338028169	0.7295976187338671	0.7414724916546995	1.0	Sex-only
OCCN1CCN(CCCN2c3ccccc3Sc3ccc(C(F)(F)F)cc32)CC1	0	1	0.9368844	2	0.8978037051487795	0.704225352112676	0.7325407631923968	0.7440363338186422	1.0	Sex-only
OCCN1CCN(CCCN2c3ccccc3Sc3ccc(Cl)cc32)CC1	0	1	0.84039146	2	0.8948430262585785	0.7384615384615385	0.7413305613305612	0.7443544577872935	1.0	Sex-only
OCCOCCN1CCN(C(c2ccccc2)c2ccc(Cl)cc2)CC1	1	1	0.64374006	2	0.8843524929707398	0.6470588235294118	0.6950664136622391	0.7082091992165417	1.0	Sex-only
OCCOCCN1CCN(C2=Nc3ccccc3Sc3ccccc32)CC1	1	1	0.8418313	2	0.8957451621675268	0.7272727272727273	0.7506375976964212	0.7596782302664655	1.0	Sex-only
OCCOc1ccc(C(=C(CCCl)c2ccccc2)c2ccccc2)cc1	0	1	0.52233386	2	0.89918577724492	0.5	0.655708898944193	0.7153998406778623	1.0	Sex-only
OCc1cc(C(O)CNCCCCCCOCCCCc2ccccc2)ccc1O	1	1	0.76765347	2	0.8956886595674902	0.6119402985074627	0.6689289672760925	0.7017918643439202	1.0	Sex-only
OCc1cc(C(O)CNCCCCCCOCCOCc2c(Cl)cccc2Cl)ccc1O	1	1	0.8060558	2	0.9031104924290972	0.7368421052631579	0.7552037095751427	0.7669620489756296	1.0	Sex-only
Oc1ccc2c(c1)C13CCCCC1(O)C(C2)N(CC1CCC1)CC3	0	0	0.18710059	2	0.8963830628713971	0.5230769230769231	0.557556561085973	0.6017125043278002	1.0	Sex-only
Oc1cn2c(n1)Nc1ccc(Cl)c(Cl)c1C2	1	1	0.61765563	2	0.9118885930445169	0.7692307692307693	0.784591435961299	0.7962052914107708	1.0	Sex-only
S=c1[nH]cnc2[nH]cnc12	0	1	0.8153986	2	0.943553926066289	0.7058823529411765	0.7562069309897133	0.7791216956676857	1.0	Sex-only
c1cnc2cc3c(cc2n1)C1CNCC3C1	1	1	0.6994774	2	0.9240837124230775	0.7619047619047619	0.7856292517006803	0.7983687099612159	1.0	Sex-only
C=C1C(CO)C(O)CC1n1cnc2c(=O)[nH]c(N)nc21	0	1	0.5294967	3	0.8937639329284794	0.6612903225806451	0.7184703049376535	0.7425692019565788	1.0	Sex-only
C=C1CC2CCC34CC5OC6C(OC7CCC(CC(=O)CC8C(CC9OC(CCC1O2)CC(C)C9=C)OC(CC(O)CN)C8OC)OC7C6O3)C5O4	1	1	0.77982616	3	0.9201011117574295	0.8253968253968254	0.8316250518085381	0.8364044566205788	1.0	Sex-only
C=CC(=O)Nc1cc(Nc2nccc(-c3cn(C)c4ccccc34)n2)c(OC)cc1N(C)CCN(C)C	1	0	0.064912274	3	0.875361969063868	0.26744186046511625	0.5359744291727566	0.6339036909258311	1.0	Sex-only
C=CC1=C(C(=O)O)N2C(=O)C(NC(=O)C(=NO)c3csc(N)n3)C2SC1	0	0	0.1797092	3	0.9011212026820598	0.5747126436781609	0.6400403740781939	0.697780529699074	1.0	Sex-only
C=CC1CN2CCC1CC2C(O)c1ccnc2ccc(OC)cc12	0	1	0.8021472	3	0.8887970197279235	0.75	0.752947052947053	0.7630070049424889	1.0	Sex-only
C=c1c(C(=O)NCCN(CC)CC)c(C)[nH]c1=Cc1c(O)[nH]c2ccc(F)cc12	1	1	0.6852236	3	0.8880788180989312	0.6615384615384615	0.7473139189577547	0.7647775740241493	0.9859154929577465	Sex-only
CC(=CC(=O)OCCCCCCCCC(=O)O)CC1OCC(CC2OC2C(C)C(C)O)C(O)C1O	0	1	0.5732552	3	0.9113301512851227	0.7469879518072289	0.7697349151457721	0.7788753758252958	0.9894736842105263	Sex-only
CC(=O)CC(c1ccc([N+](=O)[O-])cc1)c1c(O)c2ccccc2oc1=O	1	0	0.44894278	3	0.8804196194758593	0.6984126984126984	0.7296414552362641	0.7515988480012595	1.0	Sex-only
CC(=O)CC(c1ccccc1)c1c(O)c2ccccc2oc1=O	1	0	0.44149882	3	0.8715970937871232	0.7021276595744681	0.7199174711651581	0.7287412871337117	1.0	Sex-only
CC(=O)N1CCN(c2ccc(OCC3COC(Cn4ccnc4)(c4ccc(Cl)cc4Cl)O3)cc2)CC1	0	1	0.64941573	3	0.8787360184697649	0.76	0.7686666666666667	0.7726911589008364	0.9875	Sex-only
CC(=O)NC(CS)C(=O)O	0	1	0.7416553	3	0.9127671401623005	0.6585365853658537	0.691240721102863	0.7243400831523842	1.0	Sex-only
CC(=O)Nc1cccc(-n2c(=O)n(C3CC3)c(=O)c3c(Nc4ccc(I)cc4F)n(C)c(=O)c(C)c32)c1	1	1	0.540032	3	0.89072393822323	0.7666666666666667	0.7728605200945626	0.7760096012703439	0.9875	Sex-only
CC(=O)O	1	1	0.69816256	3	0.927948839843379	0.5	0.6169230769230769	0.6612535612535613	1.0	Sex-only
CC(C)(C)C(=O)OCOP(=O)(COCCn1cnc2c(N)ncnc21)OCOC(=O)C(C)(C)C	0	0	0.37251794	3	0.8983644804697051	0.7397260273972602	0.7470562566075083	0.765041311726873	0.9838709677419355	Sex-only
CC(C)(C)NCC(O)COc1nsnc1N1CCOCC1	1	1	0.8594975	3	0.8957459633805067	0.6	0.6265865384615384	0.6822189794972053	0.9827586206896551	Sex-only
CC(C)(C)c1nc(-c2cccc(NS(=O)(=O)c3c(F)cccc3F)c2F)c(-c2ccnc(N)n2)s1	1	0	0.18625522	3	0.9054828897757685	0.7373737373737373	0.7695526695526695	0.783633714545918	1.0	Sex-only
CC(C)(CCCCCC(O)CCCCCC(C)(C)C(=O)O)C(=O)O	0	1	0.86768234	3	0.9139529109255485	0.7586206896551724	0.7746996558218067	0.7774415432072367	1.0	Sex-only
CC(C)(ON=C(C(=O)NC1C(=O)N2C(C(=O)[O-])=C(C[n+]3ccccc3)CSC12)c1csc(N)n1)C(=O)O	0	0	0.40186334	3	0.8870701403345514	0.6017699115044248	0.6668088604056359	0.7114554029335171	0.9873417721518988	Sex-only
CC(C)C(N)C(=O)OCC(CO)OCn1cnc2c(=O)[nH]c(N)nc21	0	1	0.68854827	3	0.8940336995866365	0.6153846153846154	0.6942101216073819	0.7361006926344774	1.0	Sex-only
CC(C)C(N)C(=O)OCCOCn1cnc2c(=O)[nH]c(N)nc21	0	1	0.65163285	3	0.8887263893350129	0.5172413793103449	0.6498542982030112	0.7044942179559213	1.0	Sex-only
CC(C)CC(CN)CC(=O)O	1	1	0.6960707	3	0.9118230923294663	0.6666666666666666	0.7081481481481481	0.7277480838695705	1.0	Sex-only
CC(C)Cn1cnc2c(N)nc3ccccc3c21	0	1	0.8241333	3	0.8900366660011996	0.7450980392156863	0.7464519140989729	0.7515402760982961	1.0	Sex-only
CC(C)Nc1cccnc1N1CCN(C(=O)c2cc3cc(NS(C)(=O)=O)ccc3[nH]2)CC1	1	0	0.48915184	3	0.8810981373806378	0.7361111111111112	0.74789470021227	0.755218607376602	1.0	Sex-only
CC(C)Nc1nc2cc(Cl)c(Cl)cc2n1C1OC(CO)C(O)C1O	0	1	0.79345334	3	0.8975128733590724	0.7848101265822784	0.794870739612113	0.8027149351253886	1.0	Sex-only
CC(C)O	0	1	0.67033577	3	0.9515279837500655	0.6153846153846154	0.717092061256821	0.7547906454084944	1.0	Sex-only
CC(C)OC(=O)C(C)NP(=O)(COC(C)Cn1cnc2c(N)ncnc21)Oc1ccccc1	1	0	0.49047276	3	0.8777731830860862	0.7473684210526316	0.7577721001532959	0.7650705215905408	1.0	Sex-only
CC(C)OC(=O)C(C)NP(=O)(OCC1OC(n2ccc(=O)[nH]c2=O)C(C)(F)C1O)Oc1ccccc1	1	0	0.34344962	3	0.876041320668054	0.7767857142857143	0.7815023459686381	0.7844155437595624	0.9864864864864865	Sex-only
CC(C)OC(=O)OCOP(=O)(COC(C)Cn1cnc2c(N)ncnc21)OCOC(=O)OC(C)C	1	0	0.33048654	3	0.8999264146944628	0.7631578947368421	0.7738787122245769	0.7847635792908811	1.0	Sex-only
CC(CN(C)C)CN1c2ccccc2CCc2ccccc21	1	1	0.7789991	3	0.8866249629753578	0.46153846153846156	0.5239010989010989	0.5735712392689138	1.0	Sex-only
CC(CN1CC(=O)NC(=O)C1)N1CC(=O)NC(=O)C1	0	1	0.7468116	3	0.9071524638903498	0.7567567567567568	0.7771213073538655	0.7923200187344581	1.0	Sex-only
CC(Cn1cnc2c(N)ncnc21)OCP(=O)(O)O	1	1	0.5707353	3	0.8990965180945413	0.746268656716418	0.7485074626865671	0.7686638938776778	1.0	Sex-only
CC(Nc1ncnc2[nH]cnc12)c1cc2cccc(Cl)c2c(=O)n1-c1ccccc1	1	1	0.67085636	3	0.8879283585005898	0.7402597402597403	0.7618607199252361	0.7751181068756153	1.0	Sex-only
CC(S)C(=O)NCC(=O)O	0	1	0.8365697	3	0.9132502962360208	0.7333333333333333	0.7497142857142857	0.7579506373256373	1.0	Sex-only
CC1(C)SC2C(NC(=O)C(N)c3ccc(O)cc3)C(=O)N2C1C(=O)O	1	0	0.3788463	3	0.8807825276471362	0.42857142857142855	0.6147619047619047	0.6794286947358981	1.0	Sex-only
CC1(C)SC2C(NC(=O)C(N)c3ccccc3)C(=O)N2C1C(=O)O	1	0	0.4118101	3	0.8688629378567777	0.34615384615384615	0.57660155936018	0.6541678124255257	1.0	Sex-only
CC1(C)SC2C(NC(=O)COc3ccccc3)C(=O)N2C1C(=O)O	0	0	0.1545602	3	0.8607366440496411	0.26	0.5374435521965044	0.6355981997585682	1.0	Sex-only
CC12CCC3c4ccc(O)cc4CC(CCCCCCCCCS(=O)CCCC(F)(F)C(F)(F)F)C3C1CCC2O	0	1	0.8336456	3	0.888937309331653	0.5507246376811594	0.6090192662293996	0.6439753053883424	0.9859154929577465	Sex-only
CC1=C(C(=O)O)N2C(=O)C(NC(=O)C(N)c3ccc(O)cc3)C2SC1	0	0	0.42576167	3	0.8755850576268291	0.7285714285714285	0.7336002886002886	0.7427648078012197	1.0	Sex-only
CC1=C(C(=O)O)N2C(=O)C(NC(=O)C(N)c3ccccc3)C2SC1	0	0	0.44603848	3	0.8635203741195516	0.6818181818181818	0.7070627157652474	0.7215388631527871	1.0	Sex-only
CC1CNc2c(cccc2S(=O)(=O)NC(CCCN=C(N)N)C(=O)N2CCC(C)CC2C(=O)O)C1	1	1	0.5180491	3	0.873627941004979	0.6923076923076923	0.700177242112726	0.7195410835963831	1.0	Sex-only
CC1OC(OC2C(O)CC(OC3C(O)CC(OC4CCC5(C)C(CCC6C5CC(O)C5(C)C(C7=CC(=O)OC7)CCC65O)C4)OC3C)OC2C)CC(O)C1O	1	1	0.5625921	3	0.9115106960495812	0.7608695652173914	0.7673541786981272	0.7722390700445315	1.0	Sex-only
CC1OC1P(=O)(O)O	0	1	0.60161644	3	0.9412742145083298	0.8571428571428571	0.8624591329068941	0.8650410726506222	1.0	Sex-only
CCC(=O)NCC1CC1c1cccc2c1CCO2	0	1	0.5520112	3	0.868760163529813	0.7272727272727273	0.7382063882063882	0.7460727921597486	1.0	Sex-only
CCC(=O)NCCC1CCc2ccc3c(c21)CCO3	0	0	0.35319427	3	0.877063623004458	0.7368421052631579	0.7466528273545817	0.7551917416927164	1.0	Sex-only
CCC(C(C)O)n1ncn(-c2ccc(N3CCN(c4ccc(OCC5COC(Cn6cncn6)(c6ccc(F)cc6F)C5)cc4)CC3)cc2)c1=O	1	1	0.5383232	3	0.8857730384087942	0.7029702970297029	0.7179273927392739	0.7354688633633697	0.9886363636363636	Sex-only
CCC(C)n1ncn(-c2ccc(N3CCN(c4ccc(OCC5COC(Cn6cncn6)(c6ccc(Cl)cc6Cl)O5)cc4)CC3)cc2)c1=O	1	0	0.49206245	3	0.8924939070035692	0.7830188679245284	0.7873573565714983	0.7927609381576834	1.0	Sex-only
CCC(CC)COC(=O)C(C)NP(=O)(OCC1OC(C#N)(c2ccc3c(N)ncnn23)C(O)C1O)Oc1ccccc1	1	1	0.7005252	3	0.8819107176421953	0.7628865979381443	0.7788725878932063	0.7859378837389366	1.0	Sex-only
CCC(CO)NCCNC(CC)CO	0	1	0.57321596	3	0.9314459542413632	0.7222222222222222	0.7570162142299388	0.7742897400571054	1.0	Sex-only
CCC(Nc1ncnc2[nH]cnc12)c1nc2cccc(F)c2c(=O)n1-c1ccccc1	1	0	0.43302113	3	0.8881950540468772	0.7375	0.7600931677018633	0.7705701747124226	0.9859154929577465	Sex-only
CCC1=C(C)CN(C(=O)NCCc2ccc(S(=O)(=O)NC(=O)NC3CCC(C)CC3)cc2)C1=O	1	0	0.36724088	3	0.8880124059583523	0.7590361445783133	0.7691928498306952	0.778730923610242	1.0	Sex-only
CCC1=CC2CN(C1)Cc1c([nH]c3ccccc13)C(C(=O)OC)(c1cc3c(cc1OC)N(C)C1C(O)(C(=O)OC)C(OC(C)=O)C4(CC)C=CCN5CCC31C54)C2	1	0	0.29325062	3	0.8907996070716026	0.7559055118110236	0.7607285133733636	0.7682781810273762	0.9910714285714286	Sex-only
CCC1C(=O)OCC1Cc1cncn1C	0	0	0.26474297	3	0.8985050009138806	0.8	0.8005633802816903	0.8024268348090114	1.0	Sex-only
CCC1OC(=O)C(C)C(OC2CC(C)(OC)C(O)C(C)O2)C(C)C(OC2OC(C)CC(N(C)C)C2O)C(C)(O)CC(C)C(=O)C(C)C(O)C1(C)O	0	1	0.740188	3	0.9170671240012862	0.7777777777777778	0.7894043017147389	0.7941187693789538	0.98989898989899	Sex-only
CCC1OC(=O)C(C)C(OC2CC(C)(OC)C(O)C(C)O2)C(C)C(OC2OC(C)CC(N(C)C)C2O)C(C)(O)CC(C)CN(C)C(C)C(O)C1(C)O	1	1	0.6775012	3	0.9133454655792315	0.775	0.7890945023356091	0.7989105666532105	0.9902912621359223	Sex-only
CCC1OC(=O)C(C)C(OC2CC(C)(OC)C(O)C(C)O2)C(C)C(OC2OC(C)CC(N(C)C)C2O)C(C)(OC)CC(C)C(=O)C(C)C(O)C1(C)O	1	1	0.76934296	3	0.9162216373507827	0.7739130434782608	0.7864396242245849	0.7951454040987627	0.9896907216494846	Sex-only
CCCC(CCC)C(=O)O	1	1	0.67369807	3	0.9121036962504789	0.7105263157894737	0.7357256778309409	0.7474089263562947	1.0	Sex-only
CCCC(NC(C)C(=O)N1C(C(=O)O)CC2CCCCC21)C(=O)OCC	1	1	0.65434784	3	0.8757831701433203	0.19642857142857142	0.26667449874686716	0.39821654328298867	1.0	Sex-only
CCCCCCCCCCCC(CC1OC(=O)C1CCCCCC)OC(=O)C(CC(C)C)NC=O	0	0	0.49915603	3	0.8975013578106049	0.6933333333333334	0.7275532606616945	0.7441591952845188	1.0	Sex-only
CCCCCN(C)CCC(O)(P(=O)(O)O)P(=O)(O)O	0	1	0.68528044	3	0.92899437769284	0.7333333333333333	0.76	0.772247295651551	1.0	Sex-only
CCCCCOC(=O)Nc1nc(=O)n(C2OC(C)C(O)C2O)cc1F	1	1	0.58170205	3	0.8787608294186007	0.7662337662337663	0.7667674790962462	0.769980497767352	0.9841269841269841	Sex-only
CCCCc1oc2ccc(NS(C)(=O)=O)cc2c1C(=O)c1ccc(OCCCN(CCCC)CCCC)cc1	1	0	0.48034745	3	0.887150430282873	0.6231884057971014	0.6573834704269487	0.6907185446315881	1.0	Sex-only
CCCCc1oc2ccccc2c1C(=O)c1cc(I)c(OCCN(CC)CC)c(I)c1	1	1	0.6162335	3	0.8821474045436665	0.6811594202898551	0.6867731734701236	0.707025486470652	1.0	Sex-only
CCCNS(=O)(=O)Nc1ncnc(OCCOc2ncc(Br)cn2)c1-c1ccc(Br)cc1	1	1	0.58019173	3	0.9102750510722558	0.775	0.7789312777632611	0.7856527340986674	1.0	Sex-only
CCCS(=O)(=O)Nc1ccc(F)c(C(=O)c2c[nH]c3ncc(-c4ccc(Cl)cc4)cc23)c1F	1	0	0.4876438	3	0.8850831024132891	0.7407407407407407	0.7543246187363835	0.7619171603849123	1.0	Sex-only
CCCc1cc(=O)[nH]c(=S)[nH]1	1	1	0.5205095	3	0.9079741144941995	0.7619047619047619	0.788170426065163	0.7955444165970481	1.0	Sex-only
CCN(CC)CCCC(C)Nc1ccnc2cc(Cl)ccc12	1	1	0.66411376	3	0.8956982156831281	0.14	0.47737592137592133	0.5969095935762602	1.0	Sex-only
CCN(CC)CCNC(=O)c1cc(Cl)c(N)cc1OC	1	0	0.38133442	3	0.8839706957798305	0.5306122448979592	0.6140012368583797	0.6493205918435659	1.0	Sex-only
CCN1CCCC1CNC(=O)c1cc(S(=O)(=O)CC)c(N)cc1OC	1	0	0.3151332	3	0.871320600120312	0.6931818181818182	0.7163981588032221	0.7344090253833107	1.0	Sex-only
CCN1CCN(C(=O)NC(C(=O)NC2C(=O)N3C(C(=O)O)=C(CSc4nnnn4C)CSC23)c2ccc(O)cc2)C(=O)C1=O	1	0	0.49613035	3	0.8871068183451469	0.5728155339805825	0.7046616011290916	0.7365478363837275	0.989247311827957	Sex-only
CCN1CCN(C(=O)NC(C(=O)NC2C(=O)N3C2SC(C)(C)C3C(=O)O)c2ccccc2)C(=O)C1=O	1	0	0.47270888	3	0.8659070399975868	0.4375	0.631112676056338	0.6909676928399608	0.9864864864864865	Sex-only
CCN1CCN(Cc2ccc(Nc3ncc(F)c(-c4cc(F)c5nc(C)n(C(C)C)c5c4)n3)nc2)CC1	0	0	0.16602391	3	0.8980873744255868	0.7676767676767676	0.7741375338013993	0.7792741114403112	1.0	Sex-only
CCNC1CC(C)S(=O)(=O)c2sc(S(N)(=O)=O)cc21	0	0	0.35582647	3	0.9031019433581828	0.7666666666666667	0.7783294301327088	0.7873691165967619	1.0	Sex-only
CCNC1CN(CCCOC)S(=O)(=O)c2sc(S(N)(=O)=O)cc21	0	0	0.2759956	3	0.8952119083102823	0.7529411764705882	0.7694618272841052	0.7801945918988774	1.0	Sex-only
CCOC(=O)c1c(CSc2ccccc2)n(C)c2cc(Br)c(O)c(CN(C)C)c12	1	0	0.36720294	3	0.8776692692361234	0.7101449275362319	0.7244689299186022	0.7391468556282665	1.0	Sex-only
CCOc1cc(C(CS(C)(=O)=O)N2C(=O)c3cccc(NC(C)=O)c3C2=O)ccc1OC	1	1	0.56314003	3	0.8778130618430473	0.7261904761904762	0.7511371451885527	0.7603281036022773	0.9857142857142858	Sex-only
CCOc1ccc(Cc2cc(C34OCC(CO)(O3)C(O)C(O)C4O)ccc2Cl)cc1	0	0	0.3286001	3	0.8874009979338892	0.7840909090909091	0.7909040422739053	0.7964472465701138	0.9846153846153847	Sex-only
CCOc1ccc(Cc2cc(C3OC(CO)C(O)C(O)C3O)ccc2Cl)cc1	1	1	0.61979806	3	0.8893993900169329	0.7671232876712328	0.7709732324569009	0.7741981398830812	1.0	Sex-only
CCOc1ccc2ccccc2c1C(=O)NC1C(=O)N2C1SC(C)(C)C2C(=O)O	0	0	0.21756656	3	0.865345949215542	0.4166666666666667	0.6176299174356483	0.6822590884880215	1.0	Sex-only
CCc1cc(C(C)=NOCc2ccc(C3CCCCC3)c(C(F)(F)F)c2)ccc1CN1CC(C(=O)O)C1	0	1	0.5686369	3	0.8788902773965733	0.7446808510638298	0.7577439607328651	0.7684684959028024	0.9866666666666667	Sex-only
CCc1nc(C(N)=O)c(Nc2ccc(N3CCC(N4CCN(C)CC4)CC3)c(OC)c2)nc1NC1CCOCC1	0	1	0.6082064	3	0.87424754772757	0.6847826086956522	0.6910423059683481	0.699818841512688	0.9880952380952381	Sex-only
CN(C)CCCC1(c2ccc(F)cc2)OCc2cc(C#N)ccc21	1	1	0.611991	3	0.9056944557935808	0.7681159420289855	0.7711759955799227	0.7746117501500721	1.0	Sex-only
CN(C)N=Nc1[nH]cnc1C(N)=O	1	1	0.8656391	3	0.9017754025453004	0.7619047619047619	0.7821681864235055	0.7917882179267356	1.0	Sex-only
CNC(=O)c1cnn(-c2nc(N)c3ncn(C4OC(CO)C(O)C4O)c3n2)c1	1	1	0.5315715	3	0.8954679453698006	0.7662337662337663	0.7710096355257645	0.7787135569626831	1.0	Sex-only
CNCC(O)C(O)C(O)C(O)CO	1	1	0.8352597	3	0.9357992384928905	0.6764705882352942	0.7176166590667276	0.7531164854466268	1.0	Sex-only
COC(=O)C=CC(=O)OC	1	1	0.6718319	3	0.924597873100014	0.7407407407407407	0.7540305010893246	0.7759319777293633	1.0	Sex-only
COC(=O)C=CC(=O)OCCn1c(O)ccc1O	0	1	0.707547	3	0.8708198558542143	0.7317073170731707	0.7457702679841975	0.753505310667475	1.0	Sex-only
COC(=O)OCOc1c2n(ccc1=O)N(C1c3ccccc3SCc3c1ccc(F)c3F)C1COCCN1C2=O	0	0	0.25715578	3	0.8753810485399158	0.7647058823529411	0.774267951082872	0.7787839089519414	0.9878048780487805	Sex-only
COC1(C(=O)NC(C)c2ccc(-n3cc(F)cn3)nc2)CCC(c2nc(C)cc(Nc3cc(C)[nH]n3)n2)CC1	0	0	0.36348623	3	0.884006286848688	0.7755102040816326	0.7817713493164256	0.7847160878802432	1.0	Sex-only
COCCCOc1cc(CC(CC(N)C(O)CC(C(=O)NCC(C)(C)C(N)=O)C(C)C)C(C)C)ccc1OC	1	1	0.67707705	3	0.8881001527657058	0.7126436781609196	0.7401215738284703	0.7508835258459629	1.0	Sex-only
COCCCOc1ccnc(CS(=O)c2nc3ccccc3[nH]2)c1C	0	1	0.8760812	3	0.8948860008525699	0.5428571428571428	0.6884002411091019	0.7332358241851912	1.0	Sex-only
COCCOCCCCCC(=O)NCCCCC(N)C(=O)O	0	1	0.70563805	3	0.9048548974777083	0.6333333333333333	0.692114183764496	0.7175138809602718	1.0	Sex-only
CON=C(C(=O)NC1C(=O)N2C(C(=O)O)=C(COC(C)=O)CSC12)c1csc(N)n1	0	0	0.2617095	3	0.8861098432086073	0.5888888888888889	0.6608408408408408	0.703749785892643	0.9873417721518988	Sex-only
CON=C(C(=O)NC1C(=O)N2C(C(=O)O)=C(COC(N)=O)CSC12)c1ccco1	1	0	0.40479136	3	0.872665365900434	0.6902654867256637	0.7027321333436956	0.7154145076092017	1.0	Sex-only
CON=C(C(=O)NC1C(=O)N2C(C(=O)O)=C(CSc3nc(=O)c(=O)[nH]n3C)CSC12)c1csc(N)n1	1	0	0.4340356	3	0.8909068346844143	0.6237623762376238	0.6726467587351305	0.7099290822003997	1.0	Sex-only
CON=C(C(=O)NC1C(=O)N2C(C(=O)[O-])=C(C[N+]3(C)CCCC3)CSC12)c1csc(N)n1	0	0	0.48290962	3	0.8927147297455934	0.625	0.6886138613861386	0.7343851186738106	1.0	Sex-only
COc1c2occc2cc2ccc(=O)oc12	0	1	0.5357007	3	0.9090492630957695	0.7941176470588235	0.8032535706361162	0.8088718545735953	1.0	Sex-only
COc1cc(C(=O)NCc2ccc(OCCN(C)C)cc2)cc(OC)c1OC	1	1	0.6868276	3	0.8743398491403795	0.631578947368421	0.6585839598997494	0.6812921641020114	1.0	Sex-only
COc1cc(CNC(=O)CCCCC=CC(C)C)ccc1O	0	1	0.6519636	3	0.8745284940160082	0.7222222222222222	0.7281850765721734	0.7360429211622942	1.0	Sex-only
COc1cc(Cc2cnc(N)nc2N)cc(OC)c1OC	1	0	0.2662627	3	0.9097219905020835	0.7457627118644068	0.7645070272925836	0.7681977084549172	1.0	Sex-only
COc1cc(N2CCC(N3CCN(C)CC3)CC2)ccc1Nc1ncc(Cl)c(Nc2ccccc2P(C)(C)=O)n1	0	1	0.7293973	3	0.8829505714673817	0.7127659574468085	0.720157929370476	0.727225456832596	1.0	Sex-only
COc1cc2c(cc1OC)C(=O)C(CC1CCN(Cc3ccccc3)CC1)C2	1	1	0.61534345	3	0.8669613418446208	0.7105263157894737	0.717900365887982	0.722558592036807	1.0	Sex-only
COc1cc2c(cc1OC)C1CC(=O)C(CC(C)C)CN1CC2	0	1	0.6060637	3	0.8887224423123756	0.7123287671232876	0.7255596391580353	0.7433462273088066	1.0	Sex-only
COc1cc2c(cc1OC)C1CC(OC(=O)C(N)C(C)C)C(CC(C)C)CN1CC2	1	0	0.44456714	3	0.8823668766366858	0.6931818181818182	0.7283247759991947	0.7510058847268151	1.0	Sex-only
COc1cc2c(cc1OC)CC(=O)N(CCCN(C)CC1Cc3cc(OC)c(OC)cc31)CC2	1	1	0.6014819	3	0.8951877618172748	0.7341772151898734	0.746251638656702	0.7526727843183539	1.0	Sex-only
COc1ccc(CC(C)(C)NCC(O)c2cc(O)cc3c2OCC(=O)N3)cc1	1	1	0.94853514	3	0.8788988015503968	0.7	0.7118037974683544	0.7261750320129311	0.9848484848484849	Sex-only
COc1ccc(CNc2nc(N3CCCC3CO)ncc2C(=O)NCc2ncccn2)cc1Cl	0	0	0.40372753	3	0.8661611019978968	0.7264150943396226	0.732104145034951	0.737582610827998	1.0	Sex-only
COc1ccc(Cl)cc1C(=O)NCCc1ccc(S(=O)(=O)NC(=O)NC2CCCCC2)cc1	0	0	0.42930067	3	0.8747682532433226	0.7142857142857143	0.7315103910980201	0.7395811851435761	1.0	Sex-only
COc1ccc(OC)c(C(O)CNC(=O)CN)c1	0	1	0.9416972	3	0.8742891317060628	0.7058823529411765	0.708395143955678	0.7140113292843872	1.0	Sex-only
COc1ccc2[nH]c(S(=O)Cc3ncc(C)c(OC)c3C)nc2c1	1	1	0.80902433	3	0.9028091720792959	0.4461538461538462	0.6328919182083739	0.7010140388198249	1.0	Sex-only
COc1ccc2c(OC3CC4C(=O)NC5(C(=O)NS(=O)(=O)C6CC6)CC5C=CCCCCN(C)C(=O)C4C3)cc(-c3nc(C(C)C)cs3)nc2c1C	0	1	0.6332883	3	0.8947158515284666	0.8017241379310345	0.8071084792834448	0.808662959871274	0.9906542056074766	Sex-only
COc1ccc2c(c1)c(CC(=O)O)c(C)n2C(=O)c1ccc(Cl)cc1	0	0	0.4639058	3	0.8778724119765103	0.6842105263157895	0.7074352548036759	0.7256634853126082	1.0	Sex-only
COc1ccc2cc(C(C)C(=O)O)ccc2c1	1	1	0.8069427	3	0.8759609977701786	0.5714285714285714	0.5743609022556391	0.6065004241870828	1.0	Sex-only
COc1ccc2cc(CCC(C)=O)ccc2c1	1	1	0.74406254	3	0.876772165162921	0.6511627906976745	0.6739581805918062	0.7014222768418237	1.0	Sex-only
COc1ccccc1OCC(O)CN1CCN(CC(=O)Nc2c(C)cccc2C)CC1	1	1	0.92158395	3	0.8606958616998903	0.5660377358490566	0.6185606882093545	0.6427204212608681	1.0	Sex-only
COc1ccccc1OCC(O)COC(N)=O	1	1	0.8576771	3	0.8607463869634188	0.34285714285714286	0.4752686594535119	0.5257908126879336	1.0	Sex-only
COc1ccccc1Oc1c(NS(=O)(=O)c2ccc(C(C)(C)C)cc2)nc(-c2ncccn2)nc1OCCO	1	1	0.71829724	3	0.8795834196576692	0.696969696969697	0.7201459034792369	0.7347139804250814	1.0	Sex-only
COc1nc(N)nc2c1ncn2C1OC(CO)C(O)C1O	0	1	0.5926375	3	0.8974955901179489	0.7714285714285715	0.778158974711695	0.7865945490163111	1.0	Sex-only
CS(=O)(=O)OCCCCOS(C)(=O)=O	0	1	0.73210436	3	0.9423988967087521	0.7307692307692307	0.7846855480448361	0.7980632800114765	1.0	Sex-only
CS(=O)(=O)c1cccc(CC(NC(=O)c2c(Cl)cc3c(c2Cl)CCN(C(=O)c2ccc4ccoc4c2)C3)C(=O)O)c1	0	0	0.29785484	3	0.8809188698842639	0.7395833333333334	0.7541666666666668	0.7646243460260312	1.0	Sex-only
Cc1c(Cl)c(C)[n+]([O-])c(Cl)c1-c1noc(-c2cc(O)c(O)c([N+](=O)[O-])c2)n1	0	1	0.5678116	3	0.9173575652341774	0.7432432432432432	0.7721463918647016	0.7881916543788798	1.0	Sex-only
Cc1c(O)c(=O)ccn1C	0	1	0.64978975	3	0.8937239507360875	0.7419354838709677	0.756774193548387	0.7694798151292209	1.0	Sex-only
Cc1c(OCC(F)(F)F)ccnc1CS(=O)c1nc2ccccc2[nH]1	1	1	0.6339262	3	0.8940979147512038	0.5362318840579711	0.6896288697756385	0.7399172733321449	1.0	Sex-only
Cc1cc(C#N)cc(C)c1Oc1nc(Nc2ccc(C#N)cc2)nc(N)c1Br	0	1	0.50271213	3	0.9146106500900598	0.75	0.7664079822616409	0.7798148714849831	1.0	Sex-only
Cc1cc(C)cc(OCC2CNC(=O)O2)c1	0	1	0.51129127	3	0.8895607462822837	0.7407407407407407	0.7642701525054465	0.780150084725248	1.0	Sex-only
Cc1cc(C=CC#N)cc(C)c1Nc1ccnc(Nc2ccc(C#N)cc2)n1	1	0	0.13948561	3	0.9199980449659034	0.7752808988764045	0.7842470569077655	0.7917074884109375	1.0	Sex-only
Cc1cc(Nc2ncc(Cl)c(Nc3ccccc3S(=O)(=O)C(C)C)n2)c(OC(C)C)cc1C1CCNCC1	1	1	0.70119554	3	0.8866772392890354	0.75	0.7514851485148514	0.7525333912250174	1.0	Sex-only
Cc1ccc(C(=O)Nc2ccc(CN3CCN(C)CC3)c(C(F)(F)F)c2)cc1C#Cc1cnc2cccnn12	1	0	0.32070357	3	0.8752801917688091	0.7307692307692307	0.7407823398986875	0.7476607625243652	0.9873417721518988	Sex-only
Cc1ccc(C)c(OCCCC(C)(C)C(=O)O)c1	0	1	0.7836025	3	0.8753719788559489	0.74	0.7444126984126984	0.7483579318667039	1.0	Sex-only
Cc1ccc(C2OC(CO)C(O)C(O)C2O)cc1Cc1ccc(-c2ccc(F)cc2)s1	1	1	0.74866796	3	0.8995810143659764	0.7865168539325843	0.7952714619862384	0.8021998755872506	1.0	Sex-only
Cc1ccc(NC(=O)c2ccc(CN3CCN(C)CC3)cc2)cc1Nc1nccc(-c2cccnc2)n1	1	0	0.07020706	3	0.8710107188116227	0.71	0.7227109299165211	0.7328862623490573	1.0	Sex-only
Cc1ccc(Nc2nccc(N(C)c3ccc4c(C)n(C)nc4c3)n2)cc1S(N)(=O)=O	1	1	0.61732304	3	0.8992630595764033	0.7311827956989247	0.7534744019766174	0.7633065452129937	0.9866666666666667	Sex-only
Cc1cccc(Nc2ccncc2S(=O)(=O)NC(=O)NC(C)C)c1	1	0	0.29714575	3	0.8857891371974115	0.746268656716418	0.7467833247555327	0.7529998825458015	1.0	Sex-only
Cc1cn(-c2cc(NC(=O)c3ccc(C)c(Nc4nccc(-c5cccnc5)n4)c3)cc(C(F)(F)F)c2)cn1	1	0	0.11461992	3	0.8935976792230764	0.7340425531914894	0.7403912148249828	0.7514078177599113	1.0	Sex-only
Cc1cn(C2C=CC(CO)O2)c(=O)[nH]c1=O	0	1	0.80755	3	0.900274260513867	0.7567567567567568	0.7893986091354511	0.803274174831693	1.0	Sex-only
Cc1cn(C2CC(N=[N+]=[N-])C(CO)O2)c(=O)[nH]c1=O	0	1	0.64959186	3	0.8978710409388386	0.7710843373493976	0.7918639674978987	0.8022981637614589	1.0	Sex-only
Cc1cn(C2CC(O)C(CO)O2)c(=O)[nH]c1=O	1	1	0.7223868	3	0.888666710043805	0.7297297297297297	0.7573066023770249	0.771420010177478	1.0	Sex-only
Cc1cnc(C(=O)NCCc2ccc(S(=O)(=O)NC(=O)NC3CCCCC3)cc2)cn1	0	1	0.59638095	3	0.8811949623802604	0.7368421052631579	0.7493371775335638	0.7602551933412163	1.0	Sex-only
Cc1nn(C)cc1S(=O)(=O)NC(=O)c1ccc(-n2ccc(OCC(C)(C)C(F)(F)F)n2)nc1N1CC(C)CC1(C)C	1	1	0.7190944	3	0.8828538691562163	0.7777777777777778	0.7798558984338801	0.7862181104281002	0.9873417721518988	Sex-only
Cc1nnc(SCC2=C(C(=O)O)N3C(=O)C(NC(=O)Cn4cnnn4)C3SC2)s1	1	0	0.32451487	3	0.8907402104407718	0.6530612244897959	0.7035687325025127	0.7344206594930098	1.0	Sex-only
Cc1onc(-c2c(Cl)cccc2Cl)c1C(=O)NC1C(=O)N2C1SC(C)(C)C2C(=O)O	0	1	0.57582945	3	0.8778069984602942	0.484375	0.6480581199126464	0.7016957975240162	1.0	Sex-only
Cc1onc(-c2c(F)cccc2Cl)c1C(=O)NC1C(=O)N2C1SC(C)(C)C2C(=O)O	1	0	0.43973348	3	0.8767105128721173	0.5074626865671642	0.6627180001369555	0.7138539902130542	0.9863013698630136	Sex-only
Clc1ccc(COC(Cn2ccnc2)c2ccc(Cl)cc2Cl)c(Cl)c1	0	0	0.40887436	3	0.9143448046489832	0.7865168539325843	0.798137703364865	0.8060297060895669	1.0	Sex-only
Cn1cc[nH]c1=S	1	1	0.70110124	3	0.9347099701617896	0.8108108108108109	0.8143243243243244	0.8228215057162426	1.0	Sex-only
Cn1ncnc1C1c2n[nH]c(=O)c3cc(F)cc(c23)NC1c1ccc(F)cc1	1	1	0.67373395	3	0.9020467923484708	0.7555555555555555	0.772760637225247	0.7816663667160321	1.0	Sex-only
Cn1nnc2c(C(N)=O)ncn2c1=O	0	1	0.5611142	3	0.8944301331182453	0.7	0.7129874776386405	0.7311209892605243	1.0	Sex-only
N#CC1CC2CC2N1C(=O)C(N)C12CC3CC(CC(O)(C3)C1)C2	1	0	0.3374804	3	0.9309614951182801	0.5967741935483871	0.7376840363937138	0.7820249430280364	1.0	Sex-only
N#CCNC(=O)c1ccc(-c2ccnc(Nc3ccc(N4CCOCC4)cc3)n2)cc1	1	0	0.41457516	3	0.8785655361965375	0.6938775510204082	0.7381277579045611	0.7497925283167636	1.0	Sex-only
N#Cc1cccc(C(NCC2CC2)c2ccc(F)c(NC(=O)c3cc(C(F)(F)F)nn3-c3cccc(CN)c3)c2)c1	1	0	0.15194675	3	0.8826520913147977	0.7407407407407407	0.7611139025670228	0.7695498516929261	0.9882352941176471	Sex-only
N=C1CCCN1Cc1[nH]c(=O)[nH]c(=O)c1Cl	1	1	0.52917516	3	0.9203420812372303	0.8076923076923077	0.8145433688101459	0.81968508844948	1.0	Sex-only
NC(=O)CC(N)C(=O)O	0	1	0.5134269	3	0.9266736405650289	0.7058823529411765	0.7118172268907563	0.7185250025936302	1.0	Sex-only
NC(=O)CCC(N)C(=O)O	0	0	0.35360762	3	0.9234254447929214	0.6666666666666666	0.7026143790849673	0.7196252091819013	1.0	Sex-only
NC(=O)NC(CCC(=O)O)C(=O)O	0	0	0.4155028	3	0.9119403620009551	0.625	0.6545197740112993	0.6684794130056704	1.0	Sex-only
NC(=O)c1cn(Cc2c(F)cccc2F)nn1	0	0	0.45185828	3	0.8843303040634931	0.7407407407407407	0.7471743219251523	0.7587287427172993	0.9803921568627451	Sex-only
NC(=O)c1ncn(C2OC(CO)C(O)C2O)n1	1	1	0.6142658	3	0.8980166567653741	0.782608695652174	0.7909151761391057	0.79641761294932	1.0	Sex-only
NC(C(=O)NC1C(=O)N2C(C(=O)O)=C(Cl)CSC12)c1ccccc1	0	0	0.38934666	3	0.8711466421165888	0.7058823529411765	0.7278940667175962	0.7364857380752315	1.0	Sex-only
NC(C(=O)O)C(O)c1ccc(O)c(O)c1	1	1	0.5316721	3	0.89397095856165	0.5294117647058824	0.5788699690402477	0.611577592227747	1.0	Sex-only
NC(CC(=O)N1CCn2c(nnc2C(F)(F)F)C1)Cc1cc(F)c(F)cc1F	1	0	0.25580722	3	0.8912548435027634	0.7906976744186046	0.7923207364341085	0.7956180017226528	0.984375	Sex-only
NC(Cc1cc(I)c(Oc2cc(I)c(O)c(I)c2)c(I)c1)C(=O)O	1	1	0.57845014	3	0.8853170923126562	0.7142857142857143	0.733286418015482	0.7463637199182959	1.0	Sex-only
NC(Cc1cc(I)c(Oc2ccc(O)c(I)c2)c(I)c1)C(=O)O	1	1	0.6804813	3	0.8877375634974574	0.7058823529411765	0.7294689096039144	0.7405907643684664	1.0	Sex-only
NC(Cc1ccc(N(CCCl)CCCl)cc1)C(=O)O	0	1	0.73836195	3	0.8853332605808645	0.4634146341463415	0.5433418399364097	0.6011526661323635	1.0	Sex-only
NC(Cc1ccc(O)c(O)c1)C(=O)O	1	1	0.67233247	3	0.8792107087551484	0.5263157894736842	0.5409032559225113	0.5791987985184391	1.0	Sex-only
NCC(CC(=O)O)c1ccc(Cl)cc1	1	1	0.5136812	3	0.8815491997103727	0.6578947368421053	0.6759784075573549	0.6968803410463735	1.0	Sex-only
NCC1(CC(=O)O)CCCCC1	1	1	0.6167393	3	0.9174445023384219	0.55	0.6333333333333333	0.6836718438868976	1.0	Sex-only
NCCC(O)(P(=O)(O)O)P(=O)(O)O	0	0	0.4152825	3	0.9372851478468047	0.6944444444444444	0.7390614216701172	0.7645408596807898	1.0	Sex-only
NCCCC(O)(P(=O)(O)O)P(=O)(O)O	0	0	0.38224173	3	0.941680862359382	0.7027027027027027	0.733029133029133	0.7635564900270783	1.0	Sex-only
NCCCNCCSP(=O)(O)O	1	0	0.351193	3	0.9431620559653495	0.6666666666666666	0.7705602240896358	0.7957992508070963	1.0	Sex-only
NNc1nncc2ccccc12	1	1	0.65275395	3	0.9141669600763332	0.7619047619047619	0.7686507936507937	0.774671316337983	1.0	Sex-only
Nc1cccc2c1C(=O)N(C1CCC(=O)NC1=O)C2=O	1	1	0.76254284	3	0.890849675376575	0.75	0.7562561094819159	0.760037734052071	1.0	Sex-only
Nc1cccc2c1CN(C1CCC(=O)NC1=O)C2=O	1	1	0.7160295	3	0.8966351211030037	0.7538461538461538	0.7704120879120879	0.7775347473876885	1.0	Sex-only
Nc1ccn(C2CSC(CO)O2)c(=O)n1	1	1	0.7010171	3	0.8879659604349792	0.65	0.761880860452289	0.7788227002512715	1.0	Sex-only
Nc1ccn(C2OC(CO)C(O)C2(F)F)c(=O)n1	1	1	0.70621943	3	0.8916563931360101	0.6867469879518072	0.7702981155390793	0.7856195378065467	0.9818181818181818	Sex-only
Nc1ccn(C2OC(CO)C(O)C2O)c(=O)n1	1	1	0.8079013	3	0.8926687344075606	0.6875	0.765486633249791	0.7803546077300315	1.0	Sex-only
Nc1nc(=O)c2ncn(COC(CO)CO)c2[nH]1	0	1	0.61357415	3	0.9013049068855775	0.32608695652173914	0.5745373467112598	0.6571055986594119	1.0	Sex-only
Nc1nc(=O)n(C2CSC(CO)O2)cc1F	1	0	0.47352725	3	0.8948717994621228	0.775	0.7798412698412698	0.7839576118177551	0.9821428571428571	Sex-only
Nc1nc(Cl)nc2c1ncn2C1CC(O)C(CO)O1	0	0	0.49148506	3	0.9007043613869585	0.7727272727272727	0.7831907929468904	0.7960848320604418	1.0	Sex-only
Nc1nc(Cl)nc2c1ncn2C1OC(CO)C(O)C1F	1	1	0.54230773	3	0.9097133868834939	0.7971014492753623	0.8001309022907901	0.8043249229083731	1.0	Sex-only
Nc1nc(F)nc2c1ncn2C1OC(CO)C(O)C1O	0	0	0.41972077	3	0.9085537201976949	0.759493670886076	0.7786192319566817	0.7904646576697886	1.0	Sex-only
Nc1nc(NC2CC2)c2ncn(C3C=CC(CO)C3)c2n1	1	0	0.2353936	3	0.9057581372756787	0.7916666666666666	0.7959239130434782	0.8040307268846196	1.0	Sex-only
Nc1nc2ccc(OC(F)(F)F)cc2s1	0	1	0.6404902	3	0.9216232585486624	0.7575757575757576	0.7677729677729678	0.7888101147099582	1.0	Sex-only
Nc1ncn(C2CC(O)C(CO)O2)c(=O)n1	0	1	0.50763386	3	0.8887756522442138	0.7297297297297297	0.7435047951176983	0.7569179023792676	1.0	Sex-only
Nc1ncn(C2OC(CO)C(O)C2O)c(=O)n1	1	1	0.5746242	3	0.8999182876855953	0.76	0.7669166666666667	0.7801596424010216	1.0	Sex-only
Nc1ncnc2c1ncn2C1OC(CO)C(O)C1O	1	1	0.57523596	3	0.9175350654084106	0.7936507936507936	0.7969414863929632	0.8041917798129705	1.0	Sex-only
O=C(NCC1CCCCN1)c1cc(OCC(F)(F)F)ccc1OCC(F)(F)F	1	0	0.33991832	3	0.8781730424611205	0.7272727272727273	0.7395757575757576	0.7468678235344902	0.9821428571428571	Sex-only
O=C(O)C=CC(=O)O	0	0	0.46668065	3	0.9469056068510237	0.7333333333333333	0.7433333333333334	0.7602527560731895	1.0	Sex-only
O=C(O)CC(O)(CC(=O)O)C(=O)O	0	1	0.5543798	3	0.9310592093328516	0.65	0.6870175438596492	0.7145499764737515	1.0	Sex-only
O=C(O)CC(O)(CC(=O)O)C(=O)[O-]	0	1	0.53226095	3	0.9338061976848144	0.7142857142857143	0.7224292615596963	0.7389564273622244	1.0	Sex-only
O=C(O)CCNC(=O)c1ccc(N=Nc2ccc(O)c(C(=O)O)c2)cc1	1	0	0.3404633	3	0.8885084030757696	0.576271186440678	0.6278211360749791	0.6693373815846887	1.0	Sex-only
O=C(O)CNC(=O)c1c(O)n(C2CCCCC2)c(=O)n(C2CCCCC2)c1=O	1	0	0.44074902	3	0.9003176907888327	0.7341772151898734	0.7507428463737161	0.7654363466940028	1.0	Sex-only
O=C(O)CSc1nnc(Br)n1-c1ccc(C2CC2)c2ccccc12	1	0	0.24957621	3	0.8752227679282927	0.7580645161290323	0.7593384825079509	0.7605639945875966	1.0	Sex-only
O=C(O)O	1	1	0.5559603	3	0.9444687318965078	0.625	0.6295454545454545	0.6637075887075887	1.0	Sex-only
O=C(O)P(=O)(O)O	0	0	0.47447723	3	0.9474653491405652	0.75	0.7615384615384615	0.7761633428300094	1.0	Sex-only
O=C([O-])C(O)C(O)C(O)C(O)CO	1	1	0.6695044	3	0.9282696726118018	0.6666666666666666	0.7147058823529411	0.7317149081854963	1.0	Sex-only
O=C([O-])O	1	0	0.4937125	3	0.9438178844283207	0.375	0.47857142857142854	0.568925518925519	1.0	Sex-only
O=C(c1ccc(F)c(F)c1Nc1ccc(I)cc1F)N1CC(O)(C2CCCCN2)C1	1	0	0.40203536	3	0.896729128926038	0.7472527472527473	0.765216888374783	0.7730153374890216	0.9868421052631579	Sex-only
O=C1C=CC(=O)c2c1c(O)c1c(NCCNCCO)ccc(NCCNCCO)c1c2O	1	1	0.57208323	3	0.90663931560515	0.8275862068965517	0.8292800967937085	0.8310815352557639	1.0	Sex-only
O=C1CCC(N2C(=O)c3ccccc3C2=O)C(=O)N1	1	1	0.8469447	3	0.8881434172434628	0.7222222222222222	0.7331026927290549	0.7407756008713249	1.0	Sex-only
O=C1CCc2cc(OCCCCc3nnnn3C3CCCCC3)ccc2N1	1	1	0.91405475	3	0.8912511547548584	0.6153846153846154	0.7140439834821857	0.7488505980944357	0.9855072463768116	Sex-only
O=C1NC(O)CCN1C1OC(CO)C(O)C1(F)F	0	1	0.73192376	3	0.9048642485361225	0.7941176470588235	0.7995982783357245	0.8033127070252912	0.9841269841269841	Sex-only
O=C1OCCN1N=Cc1ccc([N+](=O)[O-])o1	1	0	0.36801443	3	0.9164057017942255	0.6451612903225806	0.7505481762597512	0.7850167717109472	1.0	Sex-only
O=C1c2cccc3c2C(CCC3)CN1C1CN2CCC1CC2	1	0	0.42702073	3	0.9018806783276146	0.696969696969697	0.7234032634032634	0.7456106946651997	1.0	Sex-only
O=C=O	1	1	0.56793433	3	0.9815147469328989	0.8888888888888888	0.888888888888889	0.9009755676422344	1.0	Sex-only
O=P(O)(O)C(O)(Cn1ccnc1)P(=O)(O)O	1	0	0.4601351	3	0.9263994571133576	0.6341463414634146	0.734442850310856	0.7689765253610302	1.0	Sex-only
O=P(O)(O)C(O)P(=O)(O)O	1	1	0.60862976	3	0.9464750070670218	0.7222222222222222	0.7603174603174603	0.7824413241079907	1.0	Sex-only
O=c1[nH]c(=O)n(C2CC(O)C(CO)O2)cc1C(F)(F)F	1	1	0.7251626	3	0.9003639282508263	0.775	0.7852804141501294	0.7940127677847619	0.9818181818181818	Sex-only
O=c1[nH]c(O)cn1N=Cc1ccc([N+](=O)[O-])o1	0	0	0.33376515	3	0.9099259599717634	0.3137254901960784	0.6072230172478722	0.6982909140324218	1.0	Sex-only
O=c1[nH]cc(F)c(=O)[nH]1	1	0	0.1912544	3	0.933865221157436	0.71875	0.7810755608549725	0.8067383066157574	1.0	Sex-only
O=c1[nH]cnc2c1ncn2C1CCC(CO)O1	0	1	0.6731238	3	0.8933611782163092	0.7272727272727273	0.7427609427609427	0.7535657500935279	1.0	Sex-only
OCC(O)C(O)C(O)C(O)CO	1	1	0.6599385	3	0.9535283405963939	0.7692307692307693	0.7931318681318682	0.8045177045177047	1.0	Sex-only
OCC1OC(O)C(O)C(O)C1O	1	1	0.6610455	3	0.9533801768513264	0.7666666666666667	0.7918059855521157	0.8168152911186967	1.0	Sex-only
OCC1OC(c2ccc(Cl)c(Cc3ccc(OC4CCOC4)cc3)c2)C(O)C(O)C1O	1	1	0.732759	3	0.8991323122063373	0.7572815533980582	0.7775835856353448	0.7890704913085892	1.0	Sex-only
C=C1C(CO)C(O)CC1n1cnc2c(=O)[nH]c(N)nc21	0	1	0.61379313	3	0.8937639329284794	0.6612903225806451	0.7184703049376535	0.7425692019565788	1.0	Sex-only
C=C1CC2CCC34CC5OC6C(OC7CCC(CC(=O)CC8C(CC9OC(CCC1O2)CC(C)C9=C)OC(CC(O)CN)C8OC)OC7C6O3)C5O4	0	1	0.82056284	3	0.9201011117574295	0.8253968253968254	0.8316250518085381	0.8364044566205788	1.0	Sex-only
C=CC(=O)Nc1cc(Nc2nccc(-c3cn(C)c4ccccc34)n2)c(OC)cc1N(C)CCN(C)C	1	0	0.08591527	3	0.875361969063868	0.26744186046511625	0.5359744291727566	0.6339036909258311	1.0	Sex-only
C=CC1=C(C(=O)O)N2C(=O)C(NC(=O)C(=NO)c3csc(N)n3)C2SC1	0	0	0.23671034	3	0.9011212026820598	0.5747126436781609	0.6400403740781939	0.697780529699074	1.0	Sex-only
C=CC1CN2CCC1CC2C(O)c1ccnc2ccc(OC)cc12	0	1	0.84985334	3	0.8887970197279235	0.75	0.752947052947053	0.7630070049424889	1.0	Sex-only
C=c1c(C(=O)NCCN(CC)CC)c(C)[nH]c1=Cc1c(O)[nH]c2ccc(F)cc12	1	1	0.7421406	3	0.8880788180989312	0.6615384615384615	0.7473139189577547	0.7647775740241493	0.9859154929577465	Sex-only
CC(=CC(=O)OCCCCCCCCC(=O)O)CC1OCC(CC2OC2C(C)C(C)O)C(O)C1O	0	1	0.6313791	3	0.9113301512851227	0.7469879518072289	0.7697349151457721	0.7788753758252958	0.9894736842105263	Sex-only
CC(=O)CC(c1ccc([N+](=O)[O-])cc1)c1c(O)c2ccccc2oc1=O	0	1	0.511934	3	0.8804196194758593	0.6984126984126984	0.7296414552362641	0.7515988480012595	1.0	Sex-only
CC(=O)CC(c1ccccc1)c1c(O)c2ccccc2oc1=O	1	1	0.51117325	3	0.8715970937871232	0.7021276595744681	0.7199174711651581	0.7287412871337117	1.0	Sex-only
CC(=O)N1CCN(c2ccc(OCC3COC(Cn4ccnc4)(c4ccc(Cl)cc4Cl)O3)cc2)CC1	0	1	0.71405166	3	0.8787360184697649	0.76	0.7686666666666667	0.7726911589008364	0.9875	Sex-only
CC(=O)NC(CS)C(=O)O	1	1	0.7893969	3	0.9127671401623005	0.6585365853658537	0.691240721102863	0.7243400831523842	1.0	Sex-only
CC(=O)Nc1cccc(-n2c(=O)n(C3CC3)c(=O)c3c(Nc4ccc(I)cc4F)n(C)c(=O)c(C)c32)c1	1	1	0.5969862	3	0.89072393822323	0.7666666666666667	0.7728605200945626	0.7760096012703439	0.9875	Sex-only
CC(=O)O	0	1	0.75062925	3	0.927948839843379	0.5	0.6169230769230769	0.6612535612535613	1.0	Sex-only
CC(=O)OC1(C(C)=O)CCC2C3=CC(Cl)=C4CC(=O)C5CC5C4(C)C3CCC21C	1	0	0.37251714	3	0.8992009928073591	0.47692307692307695	0.5727817880405697	0.649004619216378	1.0	Sex-only
CC(=O)OCC1OC(n2ccc(=O)[nH]c2=O)C(OC(C)=O)C1OC(C)=O	1	0	0.4170662	3	0.8752138123514107	0.7230769230769231	0.7430769230769231	0.7566001899335233	0.9827586206896551	Sex-only
CC(C)(C)C(=O)OCOP(=O)(COCCn1cnc2c(N)ncnc21)OCOC(=O)C(C)(C)C	0	0	0.43974647	3	0.8983644804697051	0.7397260273972602	0.7470562566075083	0.765041311726873	0.9838709677419355	Sex-only
CC(C)(C)NCC(O)COc1nsnc1N1CCOCC1	1	1	0.89953053	3	0.8957459633805067	0.6	0.6265865384615384	0.6822189794972053	0.9827586206896551	Sex-only
CC(C)(C)c1nc(-c2cccc(NS(=O)(=O)c3c(F)cccc3F)c2F)c(-c2ccnc(N)n2)s1	1	0	0.2163155	3	0.9054828897757685	0.7373737373737373	0.7695526695526695	0.783633714545918	1.0	Sex-only
CC(C)(CCCCCC(O)CCCCCC(C)(C)C(=O)O)C(=O)O	0	1	0.89230144	3	0.9139529109255485	0.7586206896551724	0.7746996558218067	0.7774415432072367	1.0	Sex-only
CC(C)(ON=C(C(=O)NC1C(=O)N2C(C(=O)[O-])=C(C[n+]3ccccc3)CSC12)c1csc(N)n1)C(=O)O	1	0	0.491142	3	0.8870701403345514	0.6017699115044248	0.6668088604056359	0.7114554029335171	0.9873417721518988	Sex-only
CC(C)(S)C(N)C(=O)O	0	1	0.7202936	3	0.9232100067728645	0.7419354838709677	0.763982865635108	0.7717234254117513	1.0	Sex-only
CC(C)C(N)C(=O)OCC(CO)OCn1cnc2c(=O)[nH]c(N)nc21	0	1	0.7542965	3	0.8940336995866365	0.6153846153846154	0.6942101216073819	0.7361006926344774	1.0	Sex-only
CC(C)C(N)C(=O)OCCOCn1cnc2c(=O)[nH]c(N)nc21	1	1	0.7181365	3	0.8887263893350129	0.5172413793103449	0.6498542982030112	0.7044942179559213	1.0	Sex-only
CC(C)CC(CN)CC(=O)O	1	1	0.7518641	3	0.9118230923294663	0.6666666666666666	0.7081481481481481	0.7277480838695705	1.0	Sex-only
CC(C)Cn1cnc2c(N)nc3ccccc3c21	0	1	0.8692055	3	0.8900366660011996	0.7450980392156863	0.7464519140989729	0.7515402760982961	1.0	Sex-only
CC(C)Nc1nc2cc(Cl)c(Cl)cc2n1C1OC(CO)C(O)C1O	0	1	0.839737	3	0.8975128733590724	0.7848101265822784	0.794870739612113	0.8027149351253886	1.0	Sex-only
CC(C)O	0	1	0.72489643	3	0.9515279837500655	0.6153846153846154	0.717092061256821	0.7547906454084944	1.0	Sex-only
CC(C)OC(=O)C(C)NP(=O)(COC(C)Cn1cnc2c(N)ncnc21)Oc1ccccc1	0	1	0.55668473	3	0.8777731830860862	0.7473684210526316	0.7577721001532959	0.7650705215905408	1.0	Sex-only
CC(C)OC(=O)C(C)NP(=O)(OCC1OC(n2ccc(=O)[nH]c2=O)C(C)(F)C1O)Oc1ccccc1	1	0	0.39182514	3	0.876041320668054	0.7767857142857143	0.7815023459686381	0.7844155437595624	0.9864864864864865	Sex-only
CC(C)OC(=O)OCOP(=O)(COC(C)Cn1cnc2c(N)ncnc21)OCOC(=O)OC(C)C	0	0	0.39506316	3	0.8999264146944628	0.7631578947368421	0.7738787122245769	0.7847635792908811	1.0	Sex-only
CC(CN(C)C)CN1c2ccccc2CCc2ccccc21	1	1	0.8364831	3	0.8866249629753578	0.46153846153846156	0.5239010989010989	0.5735712392689138	1.0	Sex-only
CC(CN1CC(=O)NC(=O)C1)N1CC(=O)NC(=O)C1	0	1	0.8105365	3	0.9071524638903498	0.7567567567567568	0.7771213073538655	0.7923200187344581	1.0	Sex-only
CC(Cn1cnc2c(N)ncnc21)OCP(=O)(O)O	1	1	0.64364964	3	0.8990965180945413	0.746268656716418	0.7485074626865671	0.7686638938776778	1.0	Sex-only
CC(O)C(=O)O	1	1	0.7630111	3	0.9212488306203126	0.4666666666666667	0.6	0.6641338112305855	1.0	Sex-only
CC(S)C(=O)NCC(=O)O	0	1	0.871634	3	0.9132502962360208	0.7333333333333333	0.7497142857142857	0.7579506373256373	1.0	Sex-only
CC1(C)SC2C(NC(=O)C(N)c3ccc(O)cc3)C(=O)N2C1C(=O)O	1	0	0.4365274	3	0.8807825276471362	0.42857142857142855	0.6147619047619047	0.6794286947358981	1.0	Sex-only
CC1(C)SC2C(NC(=O)C(N)c3ccccc3)C(=O)N2C1C(=O)O	0	0	0.46755776	3	0.8688629378567777	0.34615384615384615	0.57660155936018	0.6541678124255257	1.0	Sex-only
CC1(C)SC2C(NC(=O)COc3ccccc3)C(=O)N2C1C(=O)O	0	0	0.1877881	3	0.8607366440496411	0.26	0.5374435521965044	0.6355981997585682	1.0	Sex-only
CC12CCC3c4ccc(O)cc4CC(CCCCCCCCCS(=O)CCCC(F)(F)C(F)(F)F)C3C1CCC2O	1	1	0.85390687	3	0.888937309331653	0.5507246376811594	0.6090192662293996	0.6439753053883424	0.9859154929577465	Sex-only
CC1=C(C(=O)O)N2C(=O)C(NC(=O)C(N)c3ccccc3)C2SC1	0	1	0.5380741	3	0.8635203741195516	0.6818181818181818	0.7070627157652474	0.7215388631527871	1.0	Sex-only
CC1CNc2c(cccc2S(=O)(=O)NC(CCCN=C(N)N)C(=O)N2CCC(C)CC2C(=O)O)C1	1	1	0.6032561	3	0.873627941004979	0.6923076923076923	0.700177242112726	0.7195410835963831	1.0	Sex-only
CC1OC(OC2C(O)CC(OC3C(O)CC(OC4CCC5(C)C(CCC6C5CC(O)C5(C)C(C7=CC(=O)OC7)CCC65O)C4)OC3C)OC2C)CC(O)C1O	1	1	0.6088138	3	0.9115106960495812	0.7608695652173914	0.7673541786981272	0.7722390700445315	1.0	Sex-only
CC1OC(OC2C(O)CC(OC3C(O)CC(OC4CCC5(C)C(CCC6C5CCC5(C)C(C7=CC(=O)OC7)CCC65O)C4)OC3C)OC2C)CC(O)C1O	1	1	0.66111755	3	0.9115137548251712	0.7666666666666667	0.7717647058823529	0.775857140563023	1.0	Sex-only
CC1OC1P(=O)(O)O	0	1	0.6649593	3	0.9412742145083298	0.8571428571428571	0.8624591329068941	0.8650410726506222	1.0	Sex-only
CC1OC2(CS1)CN1CCC2CC1	0	1	0.5891249	3	0.9314055392540231	0.8412698412698413	0.8469556977019664	0.8489012703482733	1.0	Sex-only
CCC(=O)NCC1CC1c1cccc2c1CCO2	1	1	0.64267504	3	0.868760163529813	0.7272727272727273	0.7382063882063882	0.7460727921597486	1.0	Sex-only
CCC(=O)NCCC1CCc2ccc3c(c21)CCO3	0	0	0.43244797	3	0.877063623004458	0.7368421052631579	0.7466528273545817	0.7551917416927164	1.0	Sex-only
CCC(C(C)O)n1ncn(-c2ccc(N3CCN(c4ccc(OCC5COC(Cn6cncn6)(c6ccc(F)cc6F)C5)cc4)CC3)cc2)c1=O	1	1	0.62312925	3	0.8857730384087942	0.7029702970297029	0.7179273927392739	0.7354688633633697	0.9886363636363636	Sex-only
CCC(C)n1ncn(-c2ccc(N3CCN(c4ccc(OCC5COC(Cn6cncn6)(c6ccc(Cl)cc6Cl)O5)cc4)CC3)cc2)c1=O	1	1	0.59106517	3	0.8924939070035692	0.7830188679245284	0.7873573565714983	0.7927609381576834	1.0	Sex-only
CCC(CC)COC(=O)C(C)NP(=O)(OCC1OC(C#N)(c2ccc3c(N)ncnn23)C(O)C1O)Oc1ccccc1	1	1	0.74805826	3	0.8819107176421953	0.7628865979381443	0.7788725878932063	0.7859378837389366	1.0	Sex-only
CCC(CO)NCCNC(CC)CO	0	1	0.6343068	3	0.9314459542413632	0.7222222222222222	0.7570162142299388	0.7742897400571054	1.0	Sex-only
CCC(Nc1ncnc2[nH]cnc12)c1nc2cccc(F)c2c(=O)n1-c1ccccc1	0	1	0.50228786	3	0.8881950540468772	0.7375	0.7600931677018633	0.7705701747124226	0.9859154929577465	Sex-only
CCC(c1ccccc1)c1c(O)c2ccccc2oc1=O	1	0	0.3718744	3	0.8736909983206973	0.7111111111111111	0.7215073815073815	0.7285190222106981	1.0	Sex-only
CCC1=C(C)CN(C(=O)NCCc2ccc(S(=O)(=O)NC(=O)NC3CCC(C)CC3)cc2)C1=O	1	0	0.45926887	3	0.8880124059583523	0.7590361445783133	0.7691928498306952	0.778730923610242	1.0	Sex-only
CCC1=CC2CN(C1)Cc1c([nH]c3ccccc13)C(C(=O)OC)(c1cc3c(cc1OC)N(C)C1C(O)(C(=O)OC)C(OC(C)=O)C4(CC)C=CCN5CCC31C54)C2	1	0	0.3691223	3	0.8907996070716026	0.7559055118110236	0.7607285133733636	0.7682781810273762	0.9910714285714286	Sex-only
CCC1C(=O)OCC1Cc1cncn1C	0	0	0.35532	3	0.8985050009138806	0.8	0.8005633802816903	0.8024268348090114	1.0	Sex-only
CCC1OC(=O)C(C)C(OC2CC(C)(OC)C(O)C(C)O2)C(C)C(OC2OC(C)CC(N(C)C)C2O)C(C)(O)CC(C)C(=O)C(C)C(O)C1(C)O	0	1	0.78631437	3	0.9170671240012862	0.7777777777777778	0.7894043017147389	0.7941187693789538	0.98989898989899	Sex-only
CCC1OC(=O)C(C)C(OC2CC(C)(OC)C(O)C(C)O2)C(C)C(OC2OC(C)CC(N(C)C)C2O)C(C)(O)CC(C)CN(C)C(C)C(O)C1(C)O	1	1	0.73066866	3	0.9133454655792315	0.775	0.7890945023356091	0.7989105666532105	0.9902912621359223	Sex-only
CCC1OC(=O)C(C)C(OC2CC(C)(OC)C(O)C(C)O2)C(C)C(OC2OC(C)CC(N(C)C)C2O)C(C)(OC)CC(C)C(=O)C(C)C(O)C1(C)O	1	1	0.8139235	3	0.9162216373507827	0.7739130434782608	0.7864396242245849	0.7951454040987627	0.9896907216494846	Sex-only
CCCC(CCC)C(=O)O	1	1	0.73602784	3	0.9121036962504789	0.7105263157894737	0.7357256778309409	0.7474089263562947	1.0	Sex-only
CCCC(NC(C)C(=O)N1C(C(=O)O)CC2CCCCC21)C(=O)OCC	1	1	0.72255754	3	0.8757831701433203	0.19642857142857142	0.26667449874686716	0.39821654328298867	1.0	Sex-only
CCCCCCCCCCCC(CC1OC(=O)C1CCCCCC)OC(=O)C(CC(C)C)NC=O	1	1	0.57622105	3	0.8975013578106049	0.6933333333333334	0.7275532606616945	0.7441591952845188	1.0	Sex-only
CCCCCN(C)CCC(O)(P(=O)(O)O)P(=O)(O)O	1	1	0.7396852	3	0.92899437769284	0.7333333333333333	0.76	0.772247295651551	1.0	Sex-only
CCCCCOC(=O)Nc1nc(=O)n(C2OC(C)C(O)C2O)cc1F	1	1	0.64872295	3	0.8787608294186007	0.7662337662337663	0.7667674790962462	0.769980497767352	0.9841269841269841	Sex-only
CCCCc1oc2ccc(NS(C)(=O)=O)cc2c1C(=O)c1ccc(OCCCN(CCCC)CCCC)cc1	1	1	0.53975284	3	0.887150430282873	0.6231884057971014	0.6573834704269487	0.6907185446315881	1.0	Sex-only
CCCCc1oc2ccccc2c1C(=O)c1cc(I)c(OCCN(CC)CC)c(I)c1	1	1	0.68280935	3	0.8821474045436665	0.6811594202898551	0.6867731734701236	0.707025486470652	1.0	Sex-only
CCCNS(=O)(=O)Nc1ncnc(OCCOc2ncc(Br)cn2)c1-c1ccc(Br)cc1	1	1	0.6427413	3	0.9102750510722558	0.775	0.7789312777632611	0.7856527340986674	1.0	Sex-only
CCCS(=O)(=O)Nc1ccc(F)c(C(=O)c2c[nH]c3ncc(-c4ccc(Cl)cc4)cc23)c1F	1	1	0.5529547	3	0.8850831024132891	0.7407407407407407	0.7543246187363835	0.7619171603849123	1.0	Sex-only
CCCc1cc(=O)[nH]c(=S)[nH]1	1	1	0.59985125	3	0.9079741144941995	0.7619047619047619	0.788170426065163	0.7955444165970481	1.0	Sex-only
CCN(CC)CCCC(C)Nc1ccnc2cc(Cl)ccc12	1	1	0.71470225	3	0.8956982156831281	0.14	0.47737592137592133	0.5969095935762602	1.0	Sex-only
CCN(CC)CCNC(=O)c1cc(Cl)c(N)cc1OC	1	0	0.4436065	3	0.8839706957798305	0.5306122448979592	0.6140012368583797	0.6493205918435659	1.0	Sex-only
CCN1CCCC1CNC(=O)c1cc(S(=O)(=O)CC)c(N)cc1OC	1	0	0.39159256	3	0.871320600120312	0.6931818181818182	0.7163981588032221	0.7344090253833107	1.0	Sex-only
CCN1CCCC1CNC(=O)c1cc(S(N)(=O)=O)ccc1OC	1	1	0.51284635	3	0.8622631971809787	0.7142857142857143	0.7218796992481203	0.7264004027161922	1.0	Sex-only
CCN1CCN(C(=O)NC(C(=O)NC2C(=O)N3C(C(=O)O)=C(CSc4nnnn4C)CSC23)c2ccc(O)cc2)C(=O)C1=O	1	1	0.59170085	3	0.8871068183451469	0.5728155339805825	0.7046616011290916	0.7365478363837275	0.989247311827957	Sex-only
CCN1CCN(C(=O)NC(C(=O)NC2C(=O)N3C2SC(C)(C)C3C(=O)O)c2ccccc2)C(=O)C1=O	1	1	0.5541277	3	0.8659070399975868	0.4375	0.631112676056338	0.6909676928399608	0.9864864864864865	Sex-only
CCN1CCN(Cc2ccc(Nc3ncc(F)c(-c4cc(F)c5nc(C)n(C(C)C)c5c4)n3)nc2)CC1	1	0	0.22918056	3	0.8980873744255868	0.7676767676767676	0.7741375338013993	0.7792741114403112	1.0	Sex-only
CCNC1CC(C)S(=O)(=O)c2sc(S(N)(=O)=O)cc21	0	0	0.43993193	3	0.9031019433581828	0.7666666666666667	0.7783294301327088	0.7873691165967619	1.0	Sex-only
CCNC1CN(CCCOC)S(=O)(=O)c2sc(S(N)(=O)=O)cc21	0	0	0.3411585	3	0.8952119083102823	0.7529411764705882	0.7694618272841052	0.7801945918988774	1.0	Sex-only
CCOc1cc(C(CS(C)(=O)=O)N2C(=O)c3cccc(NC(C)=O)c3C2=O)ccc1OC	1	1	0.6313374	3	0.8778130618430473	0.7261904761904762	0.7511371451885527	0.7603281036022773	0.9857142857142858	Sex-only
CCOc1ccc(Cc2cc(C34OCC(CO)(O3)C(O)C(O)C4O)ccc2Cl)cc1	0	0	0.39662522	3	0.8874009979338892	0.7840909090909091	0.7909040422739053	0.7964472465701138	0.9846153846153847	Sex-only
CCOc1ccc(Cc2cc(C3OC(CO)C(O)C(O)C3O)ccc2Cl)cc1	1	1	0.6703181	3	0.8893993900169329	0.7671232876712328	0.7709732324569009	0.7741981398830812	1.0	Sex-only
CCc1cc(C(C)=NOCc2ccc(C3CCCCC3)c(C(F)(F)F)c2)ccc1CN1CC(C(=O)O)C1	1	1	0.6512451	3	0.8788902773965733	0.7446808510638298	0.7577439607328651	0.7684684959028024	0.9866666666666667	Sex-only
CCc1nc(C(N)=O)c(Nc2ccc(N3CCC(N4CCN(C)CC4)CC3)c(OC)c2)nc1NC1CCOCC1	1	1	0.7069323	3	0.87424754772757	0.6847826086956522	0.6910423059683481	0.699818841512688	0.9880952380952381	Sex-only
CCc1nc(C)ccc1O	1	1	0.59914255	3	0.8946141521407244	0.717948717948718	0.7369539232697128	0.7502599195323654	1.0	Sex-only
CN(C)CCCC1(c2ccc(F)cc2)OCc2cc(C#N)ccc21	1	1	0.6761367	3	0.9056944557935808	0.7681159420289855	0.7711759955799227	0.7746117501500721	1.0	Sex-only
CN(C)N=Nc1[nH]cnc1C(N)=O	1	1	0.8960148	3	0.9017754025453004	0.7619047619047619	0.7821681864235055	0.7917882179267356	1.0	Sex-only
CNC(=O)c1cnn(-c2nc(N)c3ncn(C4OC(CO)C(O)C4O)c3n2)c1	1	1	0.59434056	3	0.8954679453698006	0.7662337662337663	0.7710096355257645	0.7787135569626831	1.0	Sex-only
CNC1CCc2[nH]c3ccc(C(N)=O)cc3c2C1	1	1	0.6247887	3	0.873482409782458	0.7571428571428571	0.7680901177675372	0.772577298541878	1.0	Sex-only
CNCC(O)C(O)C(O)C(O)CO	1	1	0.86770236	3	0.9357992384928905	0.6764705882352942	0.7176166590667276	0.7531164854466268	1.0	Sex-only
CNc1ccc(-c2nc3ccc(O)cc3s2)cc1[18F]	1	1	0.5226294	3	0.9064689959417499	0.7547169811320755	0.7650130912290943	0.7705026077835215	1.0	Sex-only
COC(=O)C=CC(=O)OC	1	1	0.72426724	3	0.924597873100014	0.7407407407407407	0.7540305010893246	0.7759319777293633	1.0	Sex-only
COC(=O)C=CC(=O)OCCn1c(O)ccc1O	1	1	0.76201487	3	0.8708198558542143	0.7317073170731707	0.7457702679841975	0.753505310667475	1.0	Sex-only
COC(=O)OCOc1c2n(ccc1=O)N(C1c3ccccc3SCc3c1ccc(F)c3F)C1COCCN1C2=O	0	0	0.33647466	3	0.8753810485399158	0.7647058823529411	0.774267951082872	0.7787839089519414	0.9878048780487805	Sex-only
COC1(C(=O)NC(C)c2ccc(-n3cc(F)cn3)nc2)CCC(c2nc(C)cc(Nc3cc(C)[nH]n3)n2)CC1	0	0	0.44665277	3	0.884006286848688	0.7755102040816326	0.7817713493164256	0.7847160878802432	1.0	Sex-only
COC1(NC(=O)Cc2cccs2)C(=O)N2C(C(=O)O)=C(COC(N)=O)CSC21	1	1	0.56633425	3	0.871844424415286	0.5617977528089888	0.671874741253459	0.7116688041341048	1.0	Sex-only
COCCCOc1cc(CC(CC(N)C(O)CC(C(=O)NCC(C)(C)C(N)=O)C(C)C)C(C)C)ccc1OC	1	1	0.71860915	3	0.8881001527657058	0.7126436781609196	0.7401215738284703	0.7508835258459629	1.0	Sex-only
COCCCOc1ccnc(CS(=O)c2nc3ccccc3[nH]2)c1C	0	1	0.90320784	3	0.8948860008525699	0.5428571428571428	0.6884002411091019	0.7332358241851912	1.0	Sex-only
COCCOC(=O)NCCCCC(N)C(=O)O	0	1	0.8312752	3	0.9050115755724297	0.5	0.6777777777777778	0.7096327715751438	1.0	Sex-only
COCCOCCCCCC(=O)NCCCCC(N)C(=O)O	0	1	0.73672247	3	0.9048548974777083	0.6333333333333333	0.692114183764496	0.7175138809602718	1.0	Sex-only
CON=C(C(=O)NC1C(=O)N2C(C(=O)O)=C(COC(C)=O)CSC12)c1csc(N)n1	1	0	0.32763493	3	0.8861098432086073	0.5888888888888889	0.6608408408408408	0.703749785892643	0.9873417721518988	Sex-only
CON=C(C(=O)NC1C(=O)N2C(C(=O)O)=C(COC(N)=O)CSC12)c1ccco1	1	0	0.48041427	3	0.872665365900434	0.6902654867256637	0.7027321333436956	0.7154145076092017	1.0	Sex-only
CON=C(C(=O)NC1C(=O)N2C(C(=O)O)=C(CSc3nc(=O)c(=O)[nH]n3C)CSC12)c1csc(N)n1	1	1	0.5200054	3	0.8909068346844143	0.6237623762376238	0.6726467587351305	0.7099290822003997	1.0	Sex-only
CON=C(C(=O)NC1C(=O)N2C(C(=O)[O-])=C(C[N+]3(C)CCCC3)CSC12)c1csc(N)n1	0	1	0.5768273	3	0.8927147297455934	0.625	0.6886138613861386	0.7343851186738106	1.0	Sex-only
COc1c2occc2cc2ccc(=O)oc12	0	1	0.59475416	3	0.9090492630957695	0.7941176470588235	0.8032535706361162	0.8088718545735953	1.0	Sex-only
COc1cc(C(=O)NS(=O)(=O)c2ccccc2C)ccc1Cc1cn(C)c2ccc(NC(=O)OC3CCCC3)cc12	0	0	0.30516347	3	0.8722575051769842	0.74	0.7441818181818183	0.7476041581492203	1.0	Sex-only
COc1cc(CNC(=O)CCCCC=CC(C)C)ccc1O	0	1	0.7021709	3	0.8745284940160082	0.7222222222222222	0.7281850765721734	0.7360429211622942	1.0	Sex-only
COc1cc(Cc2cnc(N)nc2N)cc(OC)c1OC	1	0	0.31736305	3	0.9097219905020835	0.7457627118644068	0.7645070272925836	0.7681977084549172	1.0	Sex-only
COc1cc(N2CCC(N3CCN(C)CC3)CC2)ccc1Nc1ncc(Cl)c(Nc2ccccc2P(C)(C)=O)n1	0	1	0.7887084	3	0.8829505714673817	0.7127659574468085	0.720157929370476	0.727225456832596	1.0	Sex-only
COc1cc2c(cc1OC)C(=O)C(CC1CCN(Cc3ccccc3)CC1)C2	1	1	0.68596387	3	0.8669613418446208	0.7105263157894737	0.717900365887982	0.722558592036807	1.0	Sex-only
COc1cc2c(cc1OC)C1CC(=O)C(CC(C)C)CN1CC2	1	1	0.69429266	3	0.8887224423123756	0.7123287671232876	0.7255596391580353	0.7433462273088066	1.0	Sex-only
COc1cc2c(cc1OC)C1CC(OC(=O)C(N)C(C)C)C(CC(C)C)CN1CC2	1	1	0.5375644	3	0.8823668766366858	0.6931818181818182	0.7283247759991947	0.7510058847268151	1.0	Sex-only
COc1cc2c(cc1OC)CC(=O)N(CCCN(C)CC1Cc3cc(OC)c(OC)cc31)CC2	1	1	0.66788065	3	0.8951877618172748	0.7341772151898734	0.746251638656702	0.7526727843183539	1.0	Sex-only
COc1ccc(CC(C)(C)NCC(O)c2cc(O)cc3c2OCC(=O)N3)cc1	1	1	0.9610546	3	0.8788988015503968	0.7	0.7118037974683544	0.7261750320129311	0.9848484848484849	Sex-only
COc1ccc(Cl)cc1C(=O)NCCc1ccc(S(=O)(=O)NC(=O)NC2CCCCC2)cc1	1	1	0.5041741	3	0.8747682532433226	0.7142857142857143	0.7315103910980201	0.7395811851435761	1.0	Sex-only
COc1ccc(OC)c(C(O)CNC(=O)CN)c1	1	1	0.9537219	3	0.8742891317060628	0.7058823529411765	0.708395143955678	0.7140113292843872	1.0	Sex-only
COc1ccc2[nH]c(S(=O)Cc3ncc(C)c(OC)c3C)nc2c1	1	1	0.849743	3	0.9028091720792959	0.4461538461538462	0.6328919182083739	0.7010140388198249	1.0	Sex-only
COc1ccc2c(OC3CC4C(=O)NC5(C(=O)NS(=O)(=O)C6CC6)CC5C=CCCCCN(C)C(=O)C4C3)cc(-c3nc(C(C)C)cs3)nc2c1C	0	1	0.72109747	3	0.8947158515284666	0.8017241379310345	0.8071084792834448	0.808662959871274	0.9906542056074766	Sex-only
COc1ccc2c(c1)c(CC(=O)O)c(C)n2C(=O)c1ccc(Cl)cc1	0	1	0.52765614	3	0.8778724119765103	0.6842105263157895	0.7074352548036759	0.7256634853126082	1.0	Sex-only
COc1ccc2cc(C(C)C(=O)O)ccc2c1	1	1	0.84056866	3	0.8759609977701786	0.5714285714285714	0.5743609022556391	0.6065004241870828	1.0	Sex-only
COc1ccccc1OCC(O)CN1CCN(CC(=O)Nc2c(C)cccc2C)CC1	1	1	0.94361913	3	0.8606958616998903	0.5660377358490566	0.6185606882093545	0.6427204212608681	1.0	Sex-only
COc1ccccc1OCC(O)COC(N)=O	1	1	0.88522357	3	0.8607463869634188	0.34285714285714286	0.4752686594535119	0.5257908126879336	1.0	Sex-only
COc1ccccc1Oc1c(NS(=O)(=O)c2ccc(C(C)(C)C)cc2)nc(-c2ncccn2)nc1OCCO	1	1	0.7626764	3	0.8795834196576692	0.696969696969697	0.7201459034792369	0.7347139804250814	1.0	Sex-only
COc1nc(N)nc2c1ncn2C1OC(CO)C(O)C1O	0	1	0.64174557	3	0.8974955901179489	0.7714285714285715	0.778158974711695	0.7865945490163111	1.0	Sex-only
CS(=O)(=O)OCCCCOS(C)(=O)=O	1	1	0.7793621	3	0.9423988967087521	0.7307692307692307	0.7846855480448361	0.7980632800114765	1.0	Sex-only
CS(=O)(=O)c1cccc(CC(NC(=O)c2c(Cl)cc3c(c2Cl)CCN(C(=O)c2ccc4ccoc4c2)C3)C(=O)O)c1	0	0	0.3697284	3	0.8809188698842639	0.7395833333333334	0.7541666666666668	0.7646243460260312	1.0	Sex-only
Cc1c(O)c(=O)ccn1C	0	1	0.71709484	3	0.8937239507360875	0.7419354838709677	0.756774193548387	0.7694798151292209	1.0	Sex-only
Cc1c(OCC(F)(F)F)ccnc1CS(=O)c1nc2ccccc2[nH]1	1	1	0.6976572	3	0.8940979147512038	0.5362318840579711	0.6896288697756385	0.7399172733321449	1.0	Sex-only
Cc1cc(C#N)cc(C)c1Oc1nc(Nc2ccc(C#N)cc2)nc(N)c1Br	0	1	0.56995726	3	0.9146106500900598	0.75	0.7664079822616409	0.7798148714849831	1.0	Sex-only
Cc1cc(C)cc(OCC2CNC(=O)O2)c1	0	1	0.59674144	3	0.8895607462822837	0.7407407407407407	0.7642701525054465	0.780150084725248	1.0	Sex-only
Cc1cc(C=CC#N)cc(C)c1Nc1ccnc(Nc2ccc(C#N)cc2)n1	1	0	0.17062935	3	0.9199980449659034	0.7752808988764045	0.7842470569077655	0.7917074884109375	1.0	Sex-only
Cc1cc(Nc2ncc(Cl)c(Nc3ccccc3S(=O)(=O)C(C)C)n2)c(OC(C)C)cc1C1CCNCC1	1	1	0.76607084	3	0.8866772392890354	0.75	0.7514851485148514	0.7525333912250174	1.0	Sex-only
Cc1ccc(C(=O)Nc2ccc(CN3CCN(C)CC3)c(C(F)(F)F)c2)cc1C#Cc1cnc2cccnn12	1	0	0.38991368	3	0.8752801917688091	0.7307692307692307	0.7407823398986875	0.7476607625243652	0.9873417721518988	Sex-only
Cc1ccc(C)c(OCCCC(C)(C)C(=O)O)c1	0	1	0.8275002	3	0.8753719788559489	0.74	0.7444126984126984	0.7483579318667039	1.0	Sex-only
Cc1ccc(C2OC(CO)C(O)C(O)C2O)cc1Cc1ccc(-c2ccc(F)cc2)s1	1	1	0.7852552	3	0.8995810143659764	0.7865168539325843	0.7952714619862384	0.8021998755872506	1.0	Sex-only
Cc1ccc(NC(=O)c2ccc(CN3CCN(C)CC3)cc2)cc1Nc1nccc(-c2cccnc2)n1	1	0	0.10233797	3	0.8710107188116227	0.71	0.7227109299165211	0.7328862623490573	1.0	Sex-only
Cc1ccc(Nc2nccc(N(C)c3ccc4c(C)n(C)nc4c3)n2)cc1S(N)(=O)=O	1	1	0.69091964	3	0.8992630595764033	0.7311827956989247	0.7534744019766174	0.7633065452129937	0.9866666666666667	Sex-only
Cc1cccc(Nc2ccncc2S(=O)(=O)NC(=O)NC(C)C)c1	1	0	0.35441107	3	0.8857891371974115	0.746268656716418	0.7467833247555327	0.7529998825458015	1.0	Sex-only
Cc1cn(-c2cc(NC(=O)c3ccc(C)c(Nc4nccc(-c5cccnc5)n4)c3)cc(C(F)(F)F)c2)cn1	1	0	0.14656097	3	0.8935976792230764	0.7340425531914894	0.7403912148249828	0.7514078177599113	1.0	Sex-only
Cc1cn(C2C=CC(CO)O2)c(=O)[nH]c1=O	0	1	0.8536376	3	0.900274260513867	0.7567567567567568	0.7893986091354511	0.803274174831693	1.0	Sex-only
Cc1cn(C2CC(N=[N+]=[N-])C(CO)O2)c(=O)[nH]c1=O	1	1	0.73379624	3	0.8978710409388386	0.7710843373493976	0.7918639674978987	0.8022981637614589	1.0	Sex-only
Cc1cn(C2CC(O)C(CO)O2)c(=O)[nH]c1=O	1	1	0.7942811	3	0.888666710043805	0.7297297297297297	0.7573066023770249	0.771420010177478	1.0	Sex-only
Cc1cnc(C(=O)NCCc2ccc(S(=O)(=O)NC(=O)NC3CCCCC3)cc2)cn1	0	1	0.66909814	3	0.8811949623802604	0.7368421052631579	0.7493371775335638	0.7602551933412163	1.0	Sex-only
Cc1nn(C)cc1S(=O)(=O)NC(=O)c1ccc(-n2ccc(OCC(C)(C)C(F)(F)F)n2)nc1N1CC(C)CC1(C)C	1	1	0.7743809	3	0.8828538691562163	0.7777777777777778	0.7798558984338801	0.7862181104281002	0.9873417721518988	Sex-only
Cc1nnc(SCC2=C(C(=O)O)N3C(=O)C(NC(=O)Cn4cnnn4)C3SC2)s1	1	0	0.40821677	3	0.8907402104407718	0.6530612244897959	0.7035687325025127	0.7344206594930098	1.0	Sex-only
Cc1onc(-c2c(Cl)cccc2Cl)c1C(=O)NC1C(=O)N2C1SC(C)(C)C2C(=O)O	0	1	0.622733	3	0.8778069984602942	0.484375	0.6480581199126464	0.7016957975240162	1.0	Sex-only
Cc1onc(-c2c(F)cccc2Cl)c1C(=O)NC1C(=O)N2C1SC(C)(C)C2C(=O)O	1	0	0.48822677	3	0.8767105128721173	0.5074626865671642	0.6627180001369555	0.7138539902130542	0.9863013698630136	Sex-only
Cc1onc(-c2ccccc2)c1C(=O)NC1C(=O)N2C1SC(C)(C)C2C(=O)O	1	1	0.50844103	3	0.8759157146628346	0.43333333333333335	0.5972751779912906	0.671109882618834	1.0	Sex-only
Clc1ccc(COC(Cn2ccnc2)c2ccc(Cl)cc2Cl)c(Cl)c1	0	0	0.48818585	3	0.9143448046489832	0.7865168539325843	0.798137703364865	0.8060297060895669	1.0	Sex-only
Clc1ccccc1C(c1ccccc1)(c1ccccc1)n1ccnc1	0	1	0.685812	3	0.9143077090186347	0.7954545454545454	0.7981818181818181	0.7989898989898988	1.0	Sex-only
Cn1cc[nH]c1=S	1	1	0.75900626	3	0.9347099701617896	0.8108108108108109	0.8143243243243244	0.8228215057162426	1.0	Sex-only
Cn1ncnc1C1c2n[nH]c(=O)c3cc(F)cc(c23)NC1c1ccc(F)cc1	0	1	0.714978	3	0.9020467923484708	0.7555555555555555	0.772760637225247	0.7816663667160321	1.0	Sex-only
Cn1nnc2c(C(N)=O)ncn2c1=O	1	1	0.63693565	3	0.8944301331182453	0.7	0.7129874776386405	0.7311209892605243	1.0	Sex-only
N#CC1CC2CC2N1C(=O)C(N)C12CC3CC(CC(O)(C3)C1)C2	1	0	0.41847765	3	0.9309614951182801	0.5967741935483871	0.7376840363937138	0.7820249430280364	1.0	Sex-only
N#Cc1cccc(C(NCC2CC2)c2ccc(F)c(NC(=O)c3cc(C(F)(F)F)nn3-c3cccc(CN)c3)c2)c1	0	0	0.19384028	3	0.8826520913147977	0.7407407407407407	0.7611139025670228	0.7695498516929261	0.9882352941176471	Sex-only
N=C(N)NCCN1CCCCCCC1	1	0	0.38427562	3	0.9272923053027816	0.7333333333333333	0.7432285115303983	0.7580505388900883	1.0	Sex-only
N=C1CCCN1Cc1[nH]c(=O)[nH]c(=O)c1Cl	1	1	0.6103436	3	0.9203420812372303	0.8076923076923077	0.8145433688101459	0.81968508844948	1.0	Sex-only
NC(=O)CC(N)C(=O)O	0	1	0.57979214	3	0.9266736405650289	0.7058823529411765	0.7118172268907563	0.7185250025936302	1.0	Sex-only
NC(=O)CCC(N)C(=O)O	0	0	0.40279377	3	0.9234254447929214	0.6666666666666666	0.7026143790849673	0.7196252091819013	1.0	Sex-only
NC(=O)NC(CCC(=O)O)C(=O)O	0	0	0.4765529	3	0.9119403620009551	0.625	0.6545197740112993	0.6684794130056704	1.0	Sex-only
NC(=O)c1cn(Cc2c(F)cccc2F)nn1	0	1	0.52414405	3	0.8843303040634931	0.7407407407407407	0.7471743219251523	0.7587287427172993	0.9803921568627451	Sex-only
NC(=O)c1ncn(C2OC(CO)C(O)C2O)n1	1	1	0.6734836	3	0.8980166567653741	0.782608695652174	0.7909151761391057	0.79641761294932	1.0	Sex-only
NC(C(=O)O)C(O)c1ccc(O)c(O)c1	1	1	0.5933969	3	0.89397095856165	0.5294117647058824	0.5788699690402477	0.611577592227747	1.0	Sex-only
NC(CC(=O)N1CCn2c(nnc2C(F)(F)F)C1)Cc1cc(F)c(F)cc1F	1	0	0.3326192	3	0.8912548435027634	0.7906976744186046	0.7923207364341085	0.7956180017226528	0.984375	Sex-only
NC(Cc1cc(I)c(Oc2cc(I)c(O)c(I)c2)c(I)c1)C(=O)O	1	1	0.6403129	3	0.8853170923126562	0.7142857142857143	0.733286418015482	0.7463637199182959	1.0	Sex-only
NC(Cc1cc(I)c(Oc2ccc(O)c(I)c2)c(I)c1)C(=O)O	1	1	0.7329375	3	0.8877375634974574	0.7058823529411765	0.7294689096039144	0.7405907643684664	1.0	Sex-only
NC(Cc1ccc(N(CCCl)CCCl)cc1)C(=O)O	1	1	0.78768164	3	0.8853332605808645	0.4634146341463415	0.5433418399364097	0.6011526661323635	1.0	Sex-only
NC(Cc1ccc(O)c(O)c1)C(=O)O	1	1	0.72746694	3	0.8792107087551484	0.5263157894736842	0.5409032559225113	0.5791987985184391	1.0	Sex-only
NCC(CC(=O)O)c1ccc(Cl)cc1	1	1	0.5837532	3	0.8815491997103727	0.6578947368421053	0.6759784075573549	0.6968803410463735	1.0	Sex-only
NCC1(CC(=O)O)CCCCC1	1	1	0.689391	3	0.9174445023384219	0.55	0.6333333333333333	0.6836718438868976	1.0	Sex-only
NCCC(O)(P(=O)(O)O)P(=O)(O)O	0	0	0.47420526	3	0.9372851478468047	0.6944444444444444	0.7390614216701172	0.7645408596807898	1.0	Sex-only
NCCCC(O)(P(=O)(O)O)P(=O)(O)O	1	0	0.4426329	3	0.941680862359382	0.7027027027027027	0.733029133029133	0.7635564900270783	1.0	Sex-only
NCCCNCCSP(=O)(O)O	1	0	0.40907538	3	0.9431620559653495	0.6666666666666666	0.7705602240896358	0.7957992508070963	1.0	Sex-only
NNc1nncc2ccccc12	1	1	0.70972	3	0.9141669600763332	0.7619047619047619	0.7686507936507937	0.774671316337983	1.0	Sex-only
Nc1cccc2c1C(=O)N(C1CCC(=O)NC1=O)C2=O	1	1	0.8159373	3	0.890849675376575	0.75	0.7562561094819159	0.760037734052071	1.0	Sex-only
Nc1cccc2c1CN(C1CCC(=O)NC1=O)C2=O	1	1	0.7836832	3	0.8966351211030037	0.7538461538461538	0.7704120879120879	0.7775347473876885	1.0	Sex-only
Nc1ccn(C2CSC(CO)O2)c(=O)n1	1	1	0.78024995	3	0.8879659604349792	0.65	0.761880860452289	0.7788227002512715	1.0	Sex-only
Nc1ccn(C2OC(CO)C(O)C2(F)F)c(=O)n1	1	1	0.7607039	3	0.8916563931360101	0.6867469879518072	0.7702981155390793	0.7856195378065467	0.9818181818181818	Sex-only
Nc1ccn(C2OC(CO)C(O)C2O)c(=O)n1	1	1	0.85158277	3	0.8926687344075606	0.6875	0.765486633249791	0.7803546077300315	1.0	Sex-only
Nc1nc(=O)c2ncn(COC(CO)CO)c2[nH]1	0	1	0.68800807	3	0.9013049068855775	0.32608695652173914	0.5745373467112598	0.6571055986594119	1.0	Sex-only
Nc1nc(=O)n(C2CSC(CO)O2)cc1F	1	1	0.5654932	3	0.8948717994621228	0.775	0.7798412698412698	0.7839576118177551	0.9821428571428571	Sex-only
Nc1nc(Cl)nc2c1ncn2C1CC(O)C(CO)O1	1	1	0.58024347	3	0.9007043613869585	0.7727272727272727	0.7831907929468904	0.7960848320604418	1.0	Sex-only
Nc1nc(Cl)nc2c1ncn2C1OC(CO)C(O)C1F	1	1	0.5989392	3	0.9097133868834939	0.7971014492753623	0.8001309022907901	0.8043249229083731	1.0	Sex-only
Nc1nc(F)nc2c1ncn2C1OC(CO)C(O)C1O	1	0	0.48267728	3	0.9085537201976949	0.759493670886076	0.7786192319566817	0.7904646576697886	1.0	Sex-only
Nc1nc(NC2CC2)c2ncn(C3C=CC(CO)C3)c2n1	0	0	0.29709482	3	0.9057581372756787	0.7916666666666666	0.7959239130434782	0.8040307268846196	1.0	Sex-only
Nc1nc2ccc(OC(F)(F)F)cc2s1	0	1	0.6949148	3	0.9216232585486624	0.7575757575757576	0.7677729677729678	0.7888101147099582	1.0	Sex-only
Nc1ncn(C2CC(O)C(CO)O2)c(=O)n1	0	1	0.59598756	3	0.8887756522442138	0.7297297297297297	0.7435047951176983	0.7569179023792676	1.0	Sex-only
Nc1ncn(C2OC(CO)C(O)C2O)c(=O)n1	1	1	0.6372107	3	0.8999182876855953	0.76	0.7669166666666667	0.7801596424010216	1.0	Sex-only
Nc1ncnc2c1ncn2C1OC(CO)C(O)C1O	1	1	0.6358963	3	0.9175350654084106	0.7936507936507936	0.7969414863929632	0.8041917798129705	1.0	Sex-only
O=C(NCC1CCCCN1)c1cc(OCC(F)(F)F)ccc1OCC(F)(F)F	1	0	0.40804273	3	0.8781730424611205	0.7272727272727273	0.7395757575757576	0.7468678235344902	0.9821428571428571	Sex-only
O=C(O)C=CC(=O)O	1	1	0.53125656	3	0.9469056068510237	0.7333333333333333	0.7433333333333334	0.7602527560731895	1.0	Sex-only
O=C(O)CC(O)(CC(=O)O)C(=O)O	1	1	0.6070148	3	0.9310592093328516	0.65	0.6870175438596492	0.7145499764737515	1.0	Sex-only
O=C(O)CC(O)(CC(=O)O)C(=O)[O-]	1	1	0.59551066	3	0.9338061976848144	0.7142857142857143	0.7224292615596963	0.7389564273622244	1.0	Sex-only
O=C(O)CCNC(=O)c1ccc(N=Nc2ccc(O)c(C(=O)O)c2)cc1	1	0	0.38785008	3	0.8885084030757696	0.576271186440678	0.6278211360749791	0.6693373815846887	1.0	Sex-only
O=C(O)P(=O)(O)O	1	1	0.53706217	3	0.9474653491405652	0.75	0.7615384615384615	0.7761633428300094	1.0	Sex-only
O=C([O-])C(O)C(O)C(O)C(O)CO	1	1	0.72464955	3	0.9282696726118018	0.6666666666666666	0.7147058823529411	0.7317149081854963	1.0	Sex-only
O=C([O-])O	1	1	0.55785453	3	0.9438178844283207	0.375	0.47857142857142854	0.568925518925519	1.0	Sex-only
O=C(c1ccc(F)c(F)c1Nc1ccc(I)cc1F)N1CC(O)(C2CCCCN2)C1	1	0	0.47924745	3	0.896729128926038	0.7472527472527473	0.765216888374783	0.7730153374890216	0.9868421052631579	Sex-only
O=C1C=CC(=O)c2c1c(O)c1c(NCCNCCO)ccc(NCCNCCO)c1c2O	1	1	0.63738763	3	0.90663931560515	0.8275862068965517	0.8292800967937085	0.8310815352557639	1.0	Sex-only
O=C1CCC(N2C(=O)c3ccccc3C2=O)C(=O)N1	1	1	0.8879136	3	0.8881434172434628	0.7222222222222222	0.7331026927290549	0.7407756008713249	1.0	Sex-only
O=C1CCc2cc(OCCCCc3nnnn3C3CCCCC3)ccc2N1	1	1	0.9398422	3	0.8912511547548584	0.6153846153846154	0.7140439834821857	0.7488505980944357	0.9855072463768116	Sex-only
O=C1NC(O)CCN1C1OC(CO)C(O)C1(F)F	0	1	0.7922795	3	0.9048642485361225	0.7941176470588235	0.7995982783357245	0.8033127070252912	0.9841269841269841	Sex-only
O=C1c2cccc3c2C(CCC3)CN1C1CN2CCC1CC2	1	1	0.5199403	3	0.9018806783276146	0.696969696969697	0.7234032634032634	0.7456106946651997	1.0	Sex-only
O=C=O	1	1	0.6298678	3	0.9815147469328989	0.8888888888888888	0.888888888888889	0.9009755676422344	1.0	Sex-only
O=P(O)(O)C(O)(Cn1ccnc1)P(=O)(O)O	1	1	0.5370782	3	0.9263994571133576	0.6341463414634146	0.734442850310856	0.7689765253610302	1.0	Sex-only
O=c1[nH]c(=O)n(C2CC(O)C(CO)O2)cc1C(F)(F)F	1	1	0.7891429	3	0.9003639282508263	0.775	0.7852804141501294	0.7940127677847619	0.9818181818181818	Sex-only
O=c1[nH]c(O)cn1N=Cc1ccc([N+](=O)[O-])o1	1	0	0.40965647	3	0.9099259599717634	0.3137254901960784	0.6072230172478722	0.6982909140324218	1.0	Sex-only
O=c1[nH]cc(F)c(=O)[nH]1	1	0	0.23106028	3	0.933865221157436	0.71875	0.7810755608549725	0.8067383066157574	1.0	Sex-only
O=c1[nH]cnc2c1ncn2C1CCC(CO)O1	0	1	0.75105155	3	0.8933611782163092	0.7272727272727273	0.7427609427609427	0.7535657500935279	1.0	Sex-only
OCC(O)C(O)C(O)C(O)CO	1	1	0.7164147	3	0.9535283405963939	0.7692307692307693	0.7931318681318682	0.8045177045177047	1.0	Sex-only
OCC1OC(O)C(O)C(O)C1O	1	1	0.71260214	3	0.9533801768513264	0.7666666666666667	0.7918059855521157	0.8168152911186967	1.0	Sex-only
OCC1OC(c2ccc(Cl)c(Cc3ccc(OC4CCOC4)cc3)c2)C(O)C(O)C1O	1	1	0.7793989	3	0.8991323122063373	0.7572815533980582	0.7775835856353448	0.7890704913085892	1.0	Sex-only
OCC1OC(n2cnc3c2N=CNCC3O)CC1O	1	1	0.7964562	3	0.911070870376671	0.7837837837837838	0.7921251457836824	0.8040894923965225	1.0	Sex-only
C#CCC(Cc1cnc2nc(N)nc(N)c2n1)c1ccc(C(=O)NC(CCC(=O)O)C(=O)O)cc1	0	1	0.550301	4	0.8935105042307476	0.703125	0.7283307453416148	0.7513677546944576	1.0	Sex-only
C#CCN(C)C(C)Cc1ccccc1	0	1	0.7336924	4	0.8996032948188537	0.5757575757575758	0.6103030303030303	0.6604840009764771	1.0	Sex-only
C#CCNC1CCc2ccccc21	0	0	0.49481797	4	0.8945516396758152	0.7142857142857143	0.7203631151457238	0.7332576961477304	1.0	Sex-only
C=CCN1CC(C(=O)N(CCCN(C)C)C(=O)NCC)CC2c3cccc4[nH]cc(c34)CC21	0	1	0.5090384	4	0.8915046029795543	0.7640449438202247	0.7763528135185609	0.7820988893872843	1.0	Sex-only
CC#CC1(O)CCC2C3=C(C4=C(CC3)CC(=O)CC4)C(c3ccc(N(C)C)cc3)CC21C	0	0	0.3234023	4	0.9052141218053323	0.25396825396825395	0.6173545317005233	0.6780952343825299	1.0	Sex-only
CC#CCC(C)C(O)C=CC1C(O)CC2CC(=CCCCC(=O)O)CC21	1	0	0.2336087	4	0.901365199348815	0.7176470588235294	0.750334436805025	0.7714061066793649	0.9846153846153847	Sex-only
CC(=O)N(CC(O)CO)c1c(I)c(C(=O)NCCO)c(I)c(C(=O)NCC(O)CO)c1I	1	1	0.9531976	4	0.9165456052768509	0.7543859649122807	0.8049104836354651	0.8131685973329916	1.0	Sex-only
CC(=O)NCC1CN(c2ccc(N3CCOCC3)c(F)c2)C(=O)O1	1	1	0.7337205	4	0.8705042148511256	0.7349397590361446	0.7515532977563715	0.7577384206616968	0.9846153846153847	Sex-only
CC(C)(C#N)c1cc(Cn2cncn2)cc(C(C)(C)C#N)c1	1	0	0.3005528	4	0.9213798481489287	0.703125	0.715340909090909	0.7379801090049776	1.0	Sex-only
CC(C)(C(=O)O)c1ccc(C(O)CCCN2CCC(C(O)(c3ccccc3)c3ccccc3)CC2)cc1	1	1	0.5344263	4	0.8639218591246817	0.6285714285714286	0.650183241416118	0.6838039011554993	0.9818181818181818	Sex-only
CC(C)(C)C(NC(=O)C(F)(F)F)C(=O)N1CC2C(C1C(=O)NC(C#N)CC1CCNC1=O)C2(C)C	1	0	0.37084192	4	0.8994671413338224	0.797979797979798	0.8004164089878374	0.8060374697670604	0.989010989010989	Sex-only
CC(C)(C)NC(=O)C1CC2CCCCC2CN1CC(O)C(Cc1ccccc1)NC(=O)C(CC(N)=O)NC(=O)c1ccc2ccccc2n1	0	0	0.49819395	4	0.8828306473756398	0.5051546391752577	0.6535233944730197	0.6845183224895505	0.9879518072289156	Sex-only
CC(C)(C)NC(=O)NC(C(=O)N1CC2C(C1C(=O)NC(CC1CCC1)C(=O)C(N)=O)C2(C)C)C(C)(C)C	0	0	0.24726346	4	0.904311969362368	0.7766990291262136	0.7871879267086213	0.791926387000608	0.9878048780487805	Sex-only
CC(C)(C)NCC(O)COc1cccc2c1CC(O)C(O)C2	1	1	0.8929155	4	0.8796555628082898	0.6	0.6132580037664784	0.6434364111102013	1.0	Sex-only
CC(C)(C)NCC(O)COc1cccc2c1CCC(=O)N2	1	1	0.96988976	4	0.8742424561623591	0.6379310344827587	0.642666210319158	0.6646144761458073	0.9818181818181818	Sex-only
CC(C)(C)NCC(O)COc1cccc2c1CCCC2=O	1	1	0.8474015	4	0.8747033712281886	0.6071428571428571	0.6224404761904762	0.6470533973823447	0.9814814814814815	Sex-only
CC(C)(C)c1ccc(C(=O)CCCN2CCC(OC(c3ccccc3)c3ccccc3)CC2)cc1	1	0	0.44561395	4	0.8614285497334814	0.5074626865671642	0.620252473720428	0.6398800029177554	0.9818181818181818	Sex-only
CC(C)(CO)c1cc2cc(NC(=O)C3(c4ccc5c(c4)OC(F)(F)O5)CC3)c(F)cc2n1CC(O)CO	0	0	0.4008523	4	0.8890421501598571	0.7864077669902912	0.7984316654219568	0.8043648471658681	0.9864864864864865	Sex-only
CC(C)(O)c1ccccc1CCC(SCC1(CC(=O)O)CC1)c1cccc(C=Cc2ccc3ccc(Cl)cc3n2)c1	1	1	0.65335476	4	0.8844667043546469	0.7608695652173914	0.7710755148741418	0.7783778193542567	0.9878048780487805	Sex-only
CC(C)C(=O)OCC(=O)C12OC(C3CCCCC3)OC1CC1C3CC=C4CC(=O)C=CC4(C)C3C(O)CC12C	0	0	0.31868964	4	0.8952103511379992	0.4166666666666667	0.4624867031597402	0.5524282006281971	1.0	Sex-only
CC(C)CC(NC(=O)C(CCc1ccccc1)NC(=O)CN1CCOCC1)C(=O)NC(Cc1ccccc1)C(=O)NC(CC(C)C)C(=O)C1(C)CO1	1	1	0.85768974	4	0.8699234510529891	0.6571428571428571	0.6766359719523527	0.6898086554419389	0.9866666666666667	Sex-only
CC(C)CC(NC(=O)C(Cc1ccccc1)NC(=O)c1cnccn1)B(O)O	1	1	0.5384838	4	0.8790909841503532	0.671875	0.6987980769230769	0.7092088081671415	1.0	Sex-only
CC(C)CC(NC(=O)CNC(=O)c1cc(Cl)ccc1Cl)B(O)O	1	0	0.42408204	4	0.8789866804003045	0.7192982456140351	0.7271512113617378	0.735628334784453	1.0	Sex-only
CC(C)CC1C(=O)N2CCCC2C2(O)OC(NC(=O)C3C=C4c5cccc6[nH]c(Br)c(c56)CC4N(C)C3)(C(C)C)C(=O)N12	1	0	0.49614424	4	0.8833676519193913	0.7627118644067796	0.7757411164190825	0.7819192571175155	1.0	Sex-only
CC(C)CN(CC(O)C(Cc1ccccc1)NC(=O)OC1COC2OCCC12)S(=O)(=O)c1ccc(N)cc1	0	1	0.89793515	4	0.8800983622800083	0.7195121951219512	0.7562782984590732	0.7637062610794189	1.0	Sex-only
CC(C)CN(CC(OP(=O)(O)O)C(Cc1ccccc1)NC(=O)OC1CCOC1)S(=O)(=O)c1ccc(N)cc1	0	1	0.8435874	4	0.8799485888979104	0.7411764705882353	0.7611993039160264	0.7657316356353567	1.0	Sex-only
CC(C)COc1ccc(CNC(=O)N(Cc2ccc(F)cc2)C2CCN(C)CC2)cc1	1	1	0.8222034	4	0.8619720916848566	0.676056338028169	0.6952412298123958	0.7032705679866649	0.9830508474576272	Sex-only
CC(C)NC(=O)COc1cccc(-c2nc(Nc3ccc4[nH]ncc4c3)c3ccccc3n2)c1	0	1	0.50949615	4	0.874688670542427	0.7362637362637363	0.7428510187130877	0.7470602773855403	1.0	Sex-only
CC(C)OC(=O)CCCC=CCC1C(O)CC(O)C1C=CC(F)(F)COc1ccccc1	0	0	0.23695394	4	0.8769320587904771	0.47297297297297297	0.560386941208859	0.6522863060980987	0.9855072463768116	Sex-only
CC(C)OC(=O)CCCC=CCC1C(O)CC(O)C1C=CC(O)COc1cccc(C(F)(F)F)c1	0	0	0.15128535	4	0.8809030817940025	0.5308641975308642	0.5823340646104874	0.6641762046813903	0.9866666666666667	Sex-only
CC(C)Oc1ccc(-c2nc(-c3cccc4c3CCC4NCCO)no2)cc1C#N	0	1	0.78920084	4	0.8896240664082806	0.7821782178217822	0.7847744864724373	0.7903718048715047	0.9863013698630136	Sex-only
CC(C)[N+]1(C)C2CCC1CC(OC(=O)C(CO)c1ccccc1)C2	1	0	0.44982916	4	0.8621577228242677	0.6885245901639344	0.6965863066538092	0.7076075073182113	1.0	Sex-only
CC(C)c1nc(CN(C)C(=O)NC(C(=O)NC(Cc2ccccc2)CC(O)C(Cc2ccccc2)NC(=O)OCc2cncs2)C(C)C)cs1	1	1	0.52394015	4	0.8916320391905305	0.375	0.5947281323877068	0.6729906283092854	1.0	Sex-only
CC(CS)C(=O)N1CCCC1C(=O)O	0	1	0.6954167	4	0.8984207215829231	0.5272727272727272	0.5905701078582435	0.6381042059008161	1.0	Sex-only
CC(Cn1ccc(-c2ccc(C#N)c(Cl)c2)n1)NC(=O)c1cc(C(C)O)[nH]n1	0	1	0.75597006	4	0.8852837430441161	0.7608695652173914	0.7689942907334212	0.7741326306543698	1.0	Sex-only
CC(O)(CS(=O)(=O)c1ccc(F)cc1)C(=O)Nc1ccc(C#N)c(C(F)(F)F)c1	1	1	0.7908986	4	0.884691569614337	0.7230769230769231	0.7305207029257662	0.739074149487522	1.0	Sex-only
CC(O)C(=O)Nc1c(I)c(C(=O)NC(CO)CO)c(I)c(C(=O)NC(CO)CO)c1I	1	1	0.6488627	4	0.909839543305453	0.6444444444444445	0.7382195176921342	0.7561020807413392	1.0	Sex-only
CC(O)C(O)C1CNc2[nH]c(N)nc(=O)c2N1	0	0	0.46767724	4	0.896976033167737	0.75	0.7508196721311475	0.755862222352097	1.0	Sex-only
CC(Oc1cc(-c2cnn(C3CCNCC3)c2)cnc1N)c1c(Cl)ccc(F)c1Cl	1	1	0.7146313	4	0.8976071896187642	0.7524752475247525	0.770708581262043	0.7802745109037883	1.0	Sex-only
CC12C=CC(=O)C=C1CCC1C3CC(O)C(O)(C(=O)CO)C3(C)CC(O)C12F	1	1	0.61308414	4	0.8962150827866917	0.5072463768115942	0.5408241867324655	0.5774740752008969	0.9850746268656716	Sex-only
CC12CC3CC(C)(C1)CC(N)(C3)C2	1	1	0.5010817	4	0.943710664294332	0.8444444444444444	0.847315125929755	0.8499750061956314	1.0	Sex-only
CC1C(c2c(F)ccc(F)c2F)CC(NC(=O)c2cnc3c(c2)CC2(C3)C(=O)Nc3ncccc32)C(=O)N1CC(F)(F)F	0	0	0.4303587	4	0.8789558250715268	0.7747747747747747	0.780159306530988	0.7839509878742494	0.9875	Sex-only
CC1C(c2ccccc2)CC(NC(=O)c2cnc3c(c2)CC2(C3)C(=O)Nc3ncccc32)C(=O)N1CC(F)(F)F	0	0	0.45801464	4	0.8736555297521132	0.7685185185185185	0.7720082477435419	0.7756497239748874	0.9876543209876543	Sex-only
CC1CC(=O)NN=C1c1ccc(NN=C(C#N)C#N)cc1	1	1	0.6742986	4	0.8937362340616082	0.7875	0.795947971781305	0.8030342647041242	1.0	Sex-only
CC1CC2C3CC(F)C4=CC(=O)C=CC4(C)C3(F)C(O)CC2(C)C1(O)C(=O)SCF	1	0	0.36903542	4	0.9058220098908905	0.654320987654321	0.7118165784832452	0.7319658353427417	0.9861111111111112	Sex-only
CC1CC2C3CC(F)C4=CC(=O)C=CC4(C)C3(F)C(O)CC2(C)C1(OC(=O)c1ccco1)C(=O)SCF	0	1	0.67505664	4	0.8989324360917794	0.71875	0.7635479797979798	0.7757494236660905	0.9876543209876543	Sex-only
CC1CC2C3CC=C4CC(=O)C=CC4(C)C3(Cl)C(O)CC2(C)C1(O)C(=O)CCl	0	0	0.15722519	4	0.9037497776275059	0.6463414634146342	0.6625141296784371	0.6827752286813689	1.0	Sex-only
CC1CC2C3CC=C4CC(=O)C=CC4(C)C3(Cl)C(O)CC2(C)C1(OC(=O)c1ccco1)C(=O)CCl	0	0	0.2631055	4	0.8966729405191391	0.673469387755102	0.6940791910823734	0.7239001486183031	1.0	Sex-only
CC1CC2C3CC=C4CC(=O)C=CC4(C)C3(F)C(O)CC2(C)C1(O)C(=O)CCl	0	0	0.15190154	4	0.9012038756069725	0.5789473684210527	0.6474165950399091	0.6631177945168054	0.9855072463768116	Sex-only
CC1CC2C3CC=C4CC(=O)C=CC4(C)C3(F)C(O)CC2(C)C1(O)C(=O)CO	1	0	0.32994393	4	0.900147256482566	0.5675675675675675	0.6085009821851928	0.6246337683791472	0.9855072463768116	Sex-only
CC1Oc2cc(cnc2N)-c2c(nn(C)c2C#N)CN(C)C(=O)c2ccc(F)cc21	0	1	0.8833385	4	0.9023580404994926	0.7857142857142857	0.7917885851490613	0.7959759810989013	1.0	Sex-only
CCC(=C(c1ccccc1)c1ccc(OCCN(C)C)cc1)c1ccccc1	0	1	0.54825985	4	0.8896989311916755	0.45652173913043476	0.5452881214894945	0.6199171622512583	1.0	Sex-only
CCC(=O)C(CC(C)N(C)C)(c1ccccc1)c1ccccc1	1	1	0.7042053	4	0.8699157429503267	0.6153846153846154	0.6533610533610533	0.6870411314855759	1.0	Sex-only
CCC(=O)OC(Cc1ccccc1)(c1ccccc1)C(C)CN(C)C	1	1	0.73467654	4	0.874889136294714	0.7045454545454546	0.7176275174101262	0.7249866111996957	1.0	Sex-only
CCC(=O)OC1(C(=O)SCF)C(C)CC2C3CC(F)C4=CC(=O)C=CC4(C)C3(F)C(O)CC21C	0	1	0.5062416	4	0.9033573816873639	0.6966292134831461	0.7480214948705423	0.76498547254698	0.9864864864864865	Sex-only
CCC(=O)OCC(=O)C1(OC(=O)CC)C(C)CC2C3CC=C4CC(=O)C=CC4(C)C3(Cl)C(O)CC21C	0	0	0.112634905	4	0.8989307349009852	0.6363636363636364	0.6603208308804979	0.6918480879207551	1.0	Sex-only
CCC(C)(C)C(=O)OC1CC(C)C=C2C=CC(C)C(CCC3CC(O)CC(=O)O3)C21	1	1	0.77921593	4	0.9014132086798895	0.813953488372093	0.8161828991082357	0.8187883722305302	0.9850746268656716	Sex-only
CCC(C)C(=O)OC1CC(C)C=C2C=CC(C)C(CCC3CC(O)CC(=O)O3)C21	0	1	0.8761223	4	0.8948194748651438	0.7640449438202247	0.7722626710020517	0.7859575590276122	0.9852941176470589	Sex-only
CCC(C)C(=O)OC1CC(O)C=C2C=CC(C)C(CCC(O)CC(O)CC(=O)O)C21	0	1	0.8615707	4	0.8942247135643103	0.7272727272727273	0.741919191919192	0.7606076639409972	0.9852941176470589	Sex-only
CCC(CO)NC(=O)C1C=C2c3cccc4[nH]cc(c34)CC2N(C)C1	1	1	0.8217064	4	0.8802749142972107	0.7578947368421053	0.7678122277456054	0.7766996021404111	1.0	Sex-only
CCC(c1cccc(O)c1)C(C)CN(C)C	0	1	0.72155243	4	0.8951439834815655	0.5952380952380952	0.6590424849184957	0.6907385553292773	1.0	Sex-only
CCC=CCC=CCC=CCC=CCC=CCCCC(=O)OCC	0	0	0.23814547	4	0.9045878123916403	0.6904761904761905	0.712268414593996	0.726473905543673	1.0	Sex-only
CCCC(NC(=O)C1C2CCCC2CN1C(=O)C(NC(=O)C(NC(=O)c1cnccn1)C1CCCCC1)C(C)(C)C)C(=O)C(=O)NC1CC1	0	1	0.56790864	4	0.9006636186069802	0.71875	0.7302184466019418	0.741416687411833	0.9880952380952381	Sex-only
CCCC1CC(C(=O)NC(C(C)Cl)C2OC(SC)C(O)C(O)C2O)N(C)C1	1	0	0.42911735	4	0.9001320663993256	0.7681159420289855	0.7762118940529735	0.7787799540658052	0.9857142857142858	Sex-only
CCCC1CC(C(=O)NC(C(C)O)C2OC(SC)C(O)C(O)C2O)N(C)C1	1	0	0.43371904	4	0.903463895901939	0.7611940298507462	0.7647717295873573	0.7719801888734179	1.0	Sex-only
CCCCC(=O)N(Cc1ccc(-c2ccccc2-c2nn[nH]n2)cc1)C(C(=O)O)C(C)C	1	1	0.67523694	4	0.8757841045336253	0.7272727272727273	0.7316378015431821	0.7440994638525579	1.0	Sex-only
CCCCC(C)(O)CC=CC1C(O)CC(=O)C1CCCCCCC(=O)OC	0	0	0.4640339	4	0.8905263570541062	0.7228915662650602	0.7432894368170355	0.7515554149806617	0.9836065573770492	Sex-only
CCCCC(F)(F)C1(O)CCC2C(CC(=O)C2CCCCCCC(=O)O)O1	1	0	0.4315883	4	0.8984515210706274	0.7313432835820896	0.7609484821349575	0.7686198721775759	0.9871794871794872	Sex-only
CCCCC1=NC2(CCCC2)C(=O)N1Cc1ccc(-c2ccccc2-c2nn[nH]n2)cc1	1	1	0.80413723	4	0.8880011652011464	0.7571428571428571	0.7749207283737751	0.7850334795874977	1.0	Sex-only
CCCCCC(O)C=CC1C(O)CC(=O)C1CC=CCCCC(=O)O	1	0	0.2293117	4	0.8904665084170568	0.5694444444444444	0.6599173270213715	0.7113726041579393	1.0	Sex-only
CCCCCC(O)C=CC1C(O)CC(=O)C1CCCCCCC(=O)O	0	0	0.27851367	4	0.8858398350062474	0.6842105263157895	0.6929530277306168	0.7167730996448042	1.0	Sex-only
CCCCCC(O)C=CC1C(O)CC2OC(=CCCCC(=O)O)CC21	1	0	0.43298227	4	0.8940934696734003	0.6363636363636364	0.7104776579352851	0.7451818506321664	1.0	Sex-only
CCCCCC(O)CCC1C(O)CC2Cc3c(cccc3OCC(=O)O)CC21	1	1	0.5120102	4	0.8750350278475579	0.6666666666666666	0.7154008438818565	0.7314318413722732	0.984375	Sex-only
CCCCCCCC(=O)NC(CN1CCCC1)C(O)c1ccc2c(c1)OCCO2	0	0	0.42113724	4	0.8777923126020388	0.7368421052631579	0.740682788051209	0.747545242611032	1.0	Sex-only
CCCCCN=C(N)NN=Cc1c[nH]c2ccc(OC)cc12	1	0	0.46762735	4	0.9014477613424913	0.7721518987341772	0.773123670291793	0.775325397382805	1.0	Sex-only
CCCCN1CCCCC1C(=O)Nc1c(C)cccc1C	1	1	0.6755305	4	0.8620866447366392	0.3111111111111111	0.5145552713839159	0.5989611947838717	1.0	Sex-only
CCCCNc1ccc(C(=O)OCCN(C)C)cc1	1	1	0.84447503	4	0.877660783698653	0.6774193548387096	0.6993897122929381	0.7171670821925491	1.0	Sex-only
CCCCNc1ccc(C(=O)OCCOCCOCCOCCOCCOCCOCCOCCOCCOC)cc1	0	1	0.8228836	4	0.8768699255622073	0.6557377049180327	0.6914852891235219	0.7100844198834381	1.0	Sex-only
CCCCc1nc(Cl)c(CO)n1Cc1ccc(-c2ccccc2-c2nn[nH]n2)cc1	1	1	0.6546819	4	0.8991651397281896	0.7878787878787878	0.7939015151515152	0.7992587847093167	1.0	Sex-only
CCCN(CCC)S(=O)(=O)c1ccc(C(=O)O)cc1	1	1	0.6765591	4	0.8769624536414226	0.65625	0.7021478328173375	0.7176843070900705	1.0	Sex-only
CCCN1CCCCC1C(=O)Nc1c(C)cccc1C	1	1	0.7729543	4	0.8604146889802123	0.27906976744186046	0.4938392989962385	0.5836002571802759	1.0	Sex-only
CCCN=C1SC(=Cc2ccc(OCC(O)CO)c(Cl)c2)C(=O)N1c1ccccc1C	1	1	0.5820414	4	0.8919128153456889	0.7582417582417582	0.760114885114885	0.7623413623413622	1.0	Sex-only
CCCNC1CCc2nc(N)sc2C1	0	1	0.5369734	4	0.9179896188714256	0.8095238095238095	0.8264880952380953	0.8305837153784914	1.0	Sex-only
CCCOc1ccc(C(=O)OCCN(CC)CC)cc1N	0	1	0.587273	4	0.8825778240159275	0.6607142857142857	0.6671842650103519	0.6851497938454459	1.0	Sex-only
CCCc1nc(C(C)(C)O)c(C(=O)O)n1Cc1ccc(-c2ccccc2-c2nn[nH]n2)cc1	1	1	0.5140945	4	0.8800661155719516	0.7567567567567568	0.7631764908141306	0.770517379619254	0.984375	Sex-only
CCCc1nc2c(C)cc(-c3nc4ccccc4n3C)cc2n1Cc1ccc(-c2ccccc2C(=O)O)cc1	1	1	0.50410426	4	0.8831476022560188	0.7228915662650602	0.7468597077385171	0.7588248890516787	1.0	Sex-only
CCN(C)C(=O)Oc1cccc(C(C)N(C)C)c1	1	1	0.83871645	4	0.8734270043141493	0.5957446808510638	0.6516856274424663	0.6848648365965772	1.0	Sex-only
CCN(CC)C(=S)SSC(=S)N(CC)CC	0	1	0.51107836	4	0.9453259510816359	0.7777777777777778	0.8019098977642962	0.816915898666698	1.0	Sex-only
CCN(CC)CC#CCOC(=O)C(O)(c1ccccc1)C1CCCCC1	0	1	0.5170673	4	0.870403885080821	0.6833333333333333	0.7103243616287095	0.7236565690640426	0.9803921568627451	Sex-only
CCN(CC)CCNC(=O)c1ccc(N)cc1	1	1	0.739657	4	0.8797626483128934	0.5306122448979592	0.615990717357177	0.6549501810716443	1.0	Sex-only
CCN(CC)CCOC(=O)c1ccc(N)cc1	1	1	0.7335202	4	0.8802921541909565	0.625	0.6423561859732072	0.6679092018027161	1.0	Sex-only
CCN(c1cc(-c2ccc(CN3CCOCC3)cc2)cc(C(=O)NCc2c(C)cc(C)[nH]c2=O)c1C)C1CCOCC1	0	0	0.2527702	4	0.8828954248751145	0.7567567567567568	0.7690136890136889	0.7713620293769333	1.0	Sex-only
CCOC(=O)C1(c2ccccc2)CCN(C)CC1	1	1	0.70154655	4	0.8466265291998821	0.6440677966101694	0.6622425032594524	0.6732849071832123	1.0	Sex-only
CCOC(=O)C1(c2ccccc2)CCN(CCC(C#N)(c2ccccc2)c2ccccc2)CC1	0	1	0.60029274	4	0.8647535866196273	0.6376811594202898	0.6658567774936061	0.696618788051013	0.9814814814814815	Sex-only
CCOC(=O)C1=C(C)N=C(C)C(C(=O)OC)C1c1cccc(Cl)c1Cl	1	1	0.84929353	4	0.863168731070925	0.2037037037037037	0.3836758388482526	0.48516543390424705	1.0	Sex-only
CCOC(=O)C1=C(COCCN)N=C(C)C(C(=O)OC)C1c1ccccc1Cl	1	1	0.691851	4	0.8723289337296263	0.5	0.5616099071207431	0.6189318290331727	1.0	Sex-only
CCOC(=O)C1=CC(OC(CC)CC)C(NC(C)=O)C(N)C1	0	1	0.5497469	4	0.8791118684086711	0.7164179104477612	0.7277548307188837	0.7383325873971237	0.9791666666666666	Sex-only
CCOC(=O)NC1CCC2C(C1)CC1C(=O)OC(C)C1C2C=Cc1ccc(-c2cccc(F)c2)cn1	1	1	0.7477159	4	0.8782720101590217	0.7475728155339806	0.770873786407767	0.7780094239618214	0.9876543209876543	Sex-only
CCOC(=O)Nc1ccc(NCc2ccc(F)cc2)cc1N	0	1	0.6681683	4	0.8753508798119076	0.7	0.719585326953748	0.7308982230367973	1.0	Sex-only
CCOC(=O)c1ccc(N)cc1	1	1	0.6601111	4	0.8709793805375586	0.6666666666666666	0.724223602484472	0.7325865760648369	1.0	Sex-only
CCOC(=O)c1cncn1C(C)c1ccccc1	1	1	0.6541889	4	0.8567272916187123	0.6521739130434783	0.6755071443869902	0.6891031087597459	1.0	Sex-only
CCOC(=O)c1ncn2c1CN(C)C(=O)c1cc(F)ccc1-2	1	1	0.64169353	4	0.8705582523426035	0.7471264367816092	0.7488505747126437	0.7537061286515674	0.9818181818181818	Sex-only
CCOc1ccccc1OCC1CNCCO1	0	1	0.72162426	4	0.894442274454168	0.42857142857142855	0.6804232804232804	0.723188040648358	1.0	Sex-only
CCOc1ccccc1OCCNC(C)Cc1ccc(OC)c(S(N)(=O)=O)c1	1	1	0.8290417	4	0.8856226544006085	0.6511627906976745	0.6991609971458381	0.7079716483725834	1.0	Sex-only
CCOc1nc2cccc(C(=O)O)c2n1Cc1ccc(-c2ccccc2-c2nn[nH]n2)cc1	1	1	0.70905685	4	0.8739350457069224	0.7555555555555555	0.7574249249249251	0.7607459063341416	1.0	Sex-only
CCOc1nc2cccc(C(=O)OC(C)OC(=O)OC3CCCCC3)c2n1Cc1ccc(-c2ccccc2-c2nn[nH]n2)cc1	1	1	0.6883186	4	0.8777651417176654	0.7545454545454545	0.7663923309982206	0.7729210137512303	1.0	Sex-only
CCOc1nc2cccc(C(=O)OCc3oc(=O)oc3C)c2n1Cc1ccc(-c2ccccc2-c2nc(=O)o[nH]2)cc1	1	1	0.802052	4	0.8852678867108046	0.7767857142857143	0.7854015250804242	0.792079130095185	1.0	Sex-only
CN(C)C(=O)C(CCN1CCC(O)(c2ccc(Cl)cc2)CC1)(c1ccccc1)c1ccccc1	1	1	0.5254857	4	0.8685948008392385	0.5483870967741935	0.6371587602783049	0.669268094334508	0.98	Sex-only
CN(C)CCC(c1ccc(Br)cc1)c1ccccn1	1	1	0.50328535	4	0.899536031546222	0.6666666666666666	0.7001486767766874	0.7141306656471686	1.0	Sex-only
CN(C)CCC(c1ccc(Cl)cc1)c1ccccn1	1	1	0.5738424	4	0.8913733888811316	0.640625	0.6805059523809524	0.6977469715956558	1.0	Sex-only
CN(C)CCC=C1c2ccccc2C=Cc2ccccc21	1	1	0.74029607	4	0.9145118627167726	0.6428571428571429	0.6766666666666667	0.7081761006289309	1.0	Sex-only
CN(C)CCC=C1c2ccccc2CCc2ccccc21	1	1	0.71612483	4	0.9040069913710117	0.3888888888888889	0.5207363797775908	0.5841128035801432	1.0	Sex-only
CN(C)CCC=C1c2ccccc2COc2ccc(CC(=O)O)cc21	0	0	0.2790088	4	0.8797104538646449	0.6666666666666666	0.6973873823502003	0.7220831721498473	1.0	Sex-only
CN(C)CCC=C1c2ccccc2COc2ccccc21	1	1	0.5376542	4	0.9092577184990674	0.5681818181818182	0.6428977272727273	0.6875747607655502	1.0	Sex-only
CN(C)CCOC(=O)C(c1ccccc1)C1(O)CCCC1	1	1	0.5929927	4	0.8600412182253591	0.6226415094339622	0.6357512816447335	0.6592572976378206	1.0	Sex-only
CN(C)CCOC(C)(c1ccccc1)c1ccccn1	0	1	0.69405884	4	0.8991570419233683	0.6111111111111112	0.6741652983032294	0.709570467047884	1.0	Sex-only
CN(C)CCOC(c1ccccc1)c1ccccc1	1	1	0.79082143	4	0.8962285581447481	0.7105263157894737	0.7157581453634085	0.7226954398007029	1.0	Sex-only
CN(C)CCc1c[nH]c2ccc(CC3COC(=O)N3)cc12	0	1	0.60154647	4	0.898133079066805	0.7294117647058823	0.7589692238331395	0.7757881203031611	1.0	Sex-only
CN(C)CCc1c[nH]c2ccc(CS(=O)(=O)N3CCCC3)cc12	1	0	0.49247545	4	0.8976541276511245	0.7073170731707317	0.7461746925161559	0.7687898618553807	1.0	Sex-only
CN(C)CCc1c[nH]c2ccc(Cn3cncn3)cc12	1	0	0.3867089	4	0.9134046580444821	0.7466666666666667	0.7508312167589276	0.765372801999308	1.0	Sex-only
CN(CCN1CCC(OC(=O)Nc2ccccc2-c2ccccc2)CC1)C(=O)c1ccc(CN2CCC(C(N)=O)CC2)cc1	0	1	0.72107863	4	0.8671325070603436	0.7160493827160493	0.7220703769723377	0.7322131322351186	1.0	Sex-only
CN(Cc1cnc2nc(N)nc(N)c2n1)c1ccc(C(=O)NC(CCC(=O)O)C(=O)O)cc1	1	1	0.54920137	4	0.881955583399821	0.6885245901639344	0.7205357944445442	0.7440886992966952	1.0	Sex-only
CN1C2CC(OC(=O)C(CO)c3ccccc3)CC1C1OC12	0	1	0.568204	4	0.8533251291347894	0.6779661016949152	0.688420000768669	0.6981948567708129	1.0	Sex-only
CN1C2CCC1CC(OC(=O)C(CO)c1ccccc1)C2	1	1	0.59430534	4	0.8493171037471466	0.6666666666666666	0.6742654508611956	0.6834722275659524	0.9772727272727273	Sex-only
CN1C2CCC1CC(OC(c1ccccc1)c1ccccc1)C2	0	1	0.6335579	4	0.8881123163390223	0.6666666666666666	0.7068980832164564	0.7184473737549667	1.0	Sex-only
CN1C2CCCC1CC(NC(=O)c1nn(C)c3ccccc13)C2	1	1	0.8244531	4	0.8667690033773985	0.7419354838709677	0.7474784189004997	0.7556788474411145	1.0	Sex-only
CN1CC(C(=O)NC2(C)OC3(O)C4CCCN4C(=O)C(Cc4ccccc4)N3C2=O)CC2c3cccc4[nH]cc(c34)CC21	1	0	0.39972907	4	0.8803831500122782	0.7525773195876289	0.7600893634459693	0.7643737459996188	1.0	Sex-only
CN1CCC(NC(=O)Nc2ccc(C#N)cc2)CC1c1nc2ccccc2[nH]1	1	1	0.69005	4	0.8802859676205765	0.7575757575757576	0.7665577291906407	0.7700235127934308	1.0	Sex-only
CN1CCCC(n2nc(Cc3ccc(Cl)cc3)c3ccccc3c2=O)CC1	0	0	0.41633525	4	0.878193735889482	0.7142857142857143	0.7242873068960025	0.7339151968668197	1.0	Sex-only
CN1CCCC1CCOC(C)(c1ccccc1)c1ccc(Cl)cc1	1	0	0.46944922	4	0.8702745325704256	0.6615384615384615	0.6823856166470768	0.6919583085436227	1.0	Sex-only
CN1CCCC1Cc1c[nH]c2ccc(CCS(=O)(=O)c3ccccc3)cc12	0	1	0.52880895	4	0.8846995319216253	0.7191011235955056	0.7377259780047435	0.7489932474970685	1.0	Sex-only
CN1CCN(c2ccc(C(=O)Nc3[nH]nc4ccc(Cc5cc(F)cc(F)c5)cc34)c(NC3CCOCC3)c2)CC1	1	1	0.572793	4	0.8782798860640905	0.6923076923076923	0.7200013046101661	0.7369382784128738	0.9878048780487805	Sex-only
CN=C1CN(O)C(c2ccccc2)=c2cc(Cl)ccc2=N1	0	0	0.3706079	4	0.8949695586170393	0.6935483870967742	0.6977680407611662	0.7067138781399315	1.0	Sex-only
CNC(=O)c1ccc(N2C(=S)N(c3ccc(C#N)c(C(F)(F)F)c3)C(=O)C2(C)C)cc1F	1	1	0.7068828	4	0.8960558794161244	0.39473684210526316	0.6789237361393559	0.7205770437044953	0.9859154929577465	Sex-only
CNC1CCC(c2ccc(Cl)c(Cl)c2)c2ccccc21	1	1	0.57843417	4	0.899197154031983	0.7636363636363637	0.7714578622041308	0.7751341449461021	1.0	Sex-only
CNCCC(Oc1ccccc1C)c1ccccc1	1	1	0.8931984	4	0.8935192743511684	0.4418604651162791	0.5299962185668369	0.612399034186935	1.0	Sex-only
CNCc1ccc(-c2[nH]c3cc(F)cc4c3c2CCNC4=O)cc1	0	1	0.60499626	4	0.8979473972733443	0.7662337662337663	0.7840503246753247	0.7902627465127465	1.0	Sex-only
CNS(=O)(=O)Cc1ccc2[nH]cc(CCN(C)C)c2c1	0	1	0.5178583	4	0.9035024845147338	0.725	0.7360279248916706	0.7469536579013659	1.0	Sex-only
COC(=O)C1C(OC(=O)c2ccccc2)CC2CCC1N2C	1	1	0.6922058	4	0.8634718284584395	0.6888888888888889	0.7137777777777776	0.7197976118194697	1.0	Sex-only
COC(=O)N(C)c1c(N)nc(-c2nn(Cc3ccccc3F)c3ncccc23)nc1N	1	1	0.60086447	4	0.8761123813287539	0.7684210526315789	0.7747915242652084	0.7771824239089963	0.9850746268656716	Sex-only
COC(=O)NC(C(=O)NC(Cc1ccccc1)C(O)CN(Cc1ccc(-c2ccccn2)cc1)NC(=O)C(NC(=O)OC)C(C)(C)C)C(C)(C)C	0	1	0.74075055	4	0.8872618902507944	0.7472527472527473	0.7525087315784991	0.7563854800516907	1.0	Sex-only
COC(=O)NC(C)CNc1nccc(-c2cn(C(C)C)nc2-c2cc(Cl)cc(NS(C)(=O)=O)c2F)n1	0	1	0.79225326	4	0.8809077330134253	0.7009345794392523	0.7248560370055698	0.7402842914623454	0.9873417721518988	Sex-only
COC(=O)Nc1c(N)nc(-c2nn(Cc3ccccc3F)c3ncc(F)cc23)nc1N	1	1	0.55678993	4	0.8740401801388707	0.7625	0.7626881720430108	0.7637448183077202	0.9850746268656716	Sex-only
COCC(=O)Nc1c(I)c(C(=O)NCC(O)CO)c(I)c(C(=O)N(C)CC(O)CO)c1I	1	1	0.8309071	4	0.9141765942898047	0.7288135593220338	0.7739724767830325	0.7853638980364289	1.0	Sex-only
COCCCN1CCC(NC(=O)c2cc(Cl)c(N)c3c2OCC3)CC1	0	1	0.5099343	4	0.8725819458484992	0.6162790697674418	0.6722747536701026	0.6989241793231313	1.0	Sex-only
CONC(=O)Nc1ccc(-c2sc3c(c2CN(C)C)c(=O)n(-c2ccc(OC)nn2)c(=O)n3Cc2c(F)cccc2F)cc1	1	1	0.8138993	4	0.8897132468480765	0.7407407407407407	0.7562009933691349	0.7739900696914481	0.9873417721518988	Sex-only
COc1cc(OC)cc(N(CCNC(C)C)c2ccc3ncc(-c4cnn(C)c4)nc3c2)c1	0	1	0.54179466	4	0.8970134162911845	0.7733333333333333	0.7769693558474046	0.7808260943823493	1.0	Sex-only
COc1ccc(-n2nc(C(N)=O)c3c2C(=O)N(c2ccc(N4CCCCC4=O)cc2)CC3)cc1	1	1	0.738168	4	0.8823184172042535	0.7538461538461538	0.7600495337995338	0.7646184833684834	0.9848484848484849	Sex-only
COc1ccc(C(=O)CC(=O)c2ccc(C(C)(C)C)cc2)cc1	0	1	0.6852899	4	0.8682328400690128	0.6511627906976745	0.6727272727272726	0.6854822737175679	1.0	Sex-only
COc1ccc(CN(CCN(C)C)c2ccccn2)cc1	0	1	0.86345184	4	0.9024860500612875	0.640625	0.6838997695852534	0.7087813461173729	1.0	Sex-only
COc1ccc(CN2C3CC2CN(c2ccc(-c4cc(OCC(C)(C)O)cn5ncc(C#N)c45)cn2)C3)cn1	0	1	0.610946	4	0.9015925133931462	0.7798165137614679	0.7874595642058626	0.7932426279793584	0.9878048780487805	Sex-only
COc1ccccc1OCC(O)CO	1	1	0.83436686	4	0.8822329545960904	0.34285714285714286	0.47983702124992167	0.5487681987133501	1.0	Sex-only
COc1ccccc1OCCNCC(O)COc1cccc2[nH]c3ccccc3c12	1	1	0.942751	4	0.8921547949132523	0.5862068965517241	0.5895518830446528	0.6131134281257512	1.0	Sex-only
COc1nc2ccc(Br)cc2cc1C(c1ccccc1)C(O)(CCN(C)C)c1cccc2ccccc12	1	0	0.48031723	4	0.8968480367172006	0.7669902912621359	0.7711586357060833	0.7730348949160935	1.0	Sex-only
CS(=O)(=O)c1ccc(Oc2cc(F)cc(C#N)c2)c2c1C(O)C(F)C2F	0	1	0.5523942	4	0.9044975800422743	0.7701149425287356	0.7791128847872628	0.7841504934608908	1.0	Sex-only
C[N+]1(C)CCC(OC(=O)C(O)(c2ccccc2)C2CCCC2)C1	1	1	0.5026906	4	0.8812160082122528	0.6984126984126984	0.7113044076424357	0.7230066302911979	1.0	Sex-only
Cc1[nH]c(=O)c(C#N)cc1-c1ccncc1	1	1	0.6795873	4	0.9066518271209311	0.7758620689655172	0.7840353997054657	0.7903774819455975	1.0	Sex-only
Cc1c(N(C)CS(=O)(=O)O)c(=O)n(-c2ccccc2)n1C	1	1	0.6864745	4	0.8819744465349205	0.75	0.7569254185692541	0.7683255692388112	1.0	Sex-only
Cc1cc(=O)n(-c2ccccc2)[nH]1	0	1	0.59391296	4	0.8905721873214552	0.723404255319149	0.7320446289569279	0.7441322848145562	1.0	Sex-only
Cc1ccc(-c2cc(C(F)(F)F)nn2-c2ccc(S(N)(=O)=O)cc2)cc1	1	0	0.4748808	4	0.9051900845845314	0.6785714285714286	0.7527257799671594	0.764353828376817	1.0	Sex-only
Cc1ccc(-c2nc3ccc(C)cn3c2CC(=O)N(C)C)cc1	1	0	0.35552198	4	0.8915818859675001	0.7922077922077922	0.7932366258938266	0.7970545691136697	1.0	Sex-only
Cc1ccc(=O)n(-c2ccccc2)c1	1	0	0.4938885	4	0.897319266110822	0.7446808510638298	0.7515308770108977	0.7588457956759845	1.0	Sex-only
Cc1ccc(NC(=O)C2(c3ccc4c(c3)OC(F)(F)O4)CC2)nc1-c1cccc(C(=O)O)c1	0	0	0.17850408	4	0.8814031619345023	0.7303370786516854	0.7445614516292298	0.751031314217117	1.0	Sex-only
Cc1cccc(C)c1OCC(=O)NC(Cc1ccccc1)C(O)CC(Cc1ccccc1)NC(=O)C(C(C)C)N1CCCNC1=O	0	1	0.8429235	4	0.8745014319717666	0.7058823529411765	0.7246845226384868	0.7340506096666037	1.0	Sex-only
Cc1nc(-c2ccc(OCC(C)C)c(C#N)c2)sc1C(=O)O	1	1	0.6107577	4	0.8793612394775471	0.75	0.7663731245923027	0.7704169240284008	1.0	Sex-only
Cc1nc(NC(=O)N2CCCC2C(N)=O)sc1-c1ccnc(C(C)(C)C(F)(F)F)c1	0	1	0.6632434	4	0.8798009569135428	0.75	0.7540647719762061	0.7604547799313727	0.9864864864864865	Sex-only
Cc1ncc([N+](=O)[O-])n1CCO	1	1	0.56812954	4	0.8978518951894742	0.7727272727272727	0.7821202438387768	0.7891408762067278	1.0	Sex-only
Clc1ccc(C(c2ccccc2Cl)C(Cl)Cl)cc1	0	1	0.8614485	4	0.9256302150619626	0.7317073170731707	0.7426829268292683	0.7469637659339556	1.0	Sex-only
Cn1c(CNc2ccc(C(=N)N)cc2)nc2cc(C(=O)N(CCC(=O)O)c3ccccn3)ccc21	1	1	0.8265836	4	0.8786810220161023	0.36046511627906974	0.5344394578176708	0.6366666572568925	1.0	Sex-only
Cn1nnc(-c2ccc(-c3ccc(N4CC(CO)OC4=O)cc3F)cn2)n1	0	1	0.7118842	4	0.8725863315746116	0.7272727272727273	0.7287469287469288	0.735030691128252	0.9841269841269841	Sex-only
N#Cc1ccccc1-c1cc(-c2ccccn2)cn(-c2ccccc2)c1=O	0	1	0.5764365	4	0.910071727839079	0.7424242424242424	0.7537316017316018	0.7651674421010806	1.0	Sex-only
N=c1cc(N2CCCCC2)nc(N)n1O	1	0	0.47961575	4	0.9142149791938403	0.7666666666666667	0.7906430600551646	0.8022346062587338	1.0	Sex-only
NC(=O)C(c1ccccc1)(c1ccccc1)C1CCN(CCc2ccc3c(c2)CCO3)C1	1	1	0.6935679	4	0.8712003452219058	0.6417910447761194	0.70616094928269	0.7295506957294404	0.9850746268656716	Sex-only
NC(=O)C1CCCN1C(=O)C(Cc1c[nH]cn1)NC(=O)C1CCC(=O)N1	0	1	0.7467661	4	0.8836353353843499	0.691358024691358	0.6969888587774766	0.7241988691491853	1.0	Sex-only
NC(=O)N1CCC(CC(=O)N2CCC(C3c4ncc(Br)cc4CCc4cc(Cl)cc(Br)c43)CC2)CC1	1	0	0.30218852	4	0.8851107698990166	0.735632183908046	0.7588993382096829	0.7684314990425092	0.9846153846153847	Sex-only
NC(=O)c1cnccn1	0	0	0.4342234	4	0.9048912278617338	0.6451612903225806	0.6869017254313579	0.7184068991349759	1.0	Sex-only
NC12CC3CC(CC(C3)C1)C2	0	0	0.39567563	4	0.9584467113109755	0.8043478260869565	0.8288967761017452	0.8413330120024393	1.0	Sex-only
NNC(=O)c1ccncc1	0	0	0.47659364	4	0.8805713791856074	0.6875	0.700859247135843	0.7245240241308698	1.0	Sex-only
Nc1ccc(C(=O)O)c(O)c1	1	1	0.5590504	4	0.8898836689193516	0.5	0.6174636174636174	0.657955526376579	1.0	Sex-only
Nc1ccc(O)c(C(=O)O)c1	1	1	0.69447184	4	0.8891586410593346	0.5	0.5893567251461989	0.6257450432889029	1.0	Sex-only
Nc1ccc(S(=O)(=O)c2ccc(N)cc2)cc1	0	1	0.8284901	4	0.9239276202657377	0.6285714285714286	0.6739170506912442	0.7226318484383001	1.0	Sex-only
Nc1ccncc1	1	1	0.6021049	4	0.9326015440577857	0.7837837837837838	0.7845559845559845	0.7928088803088803	1.0	Sex-only
Nc1ccncc1N	0	1	0.53194207	4	0.9328303646241027	0.7241379310344828	0.7642797970384179	0.7845640180410295	1.0	Sex-only
Nc1nc(=O)c2c(CCc3ccc(C(=O)NC(CCC(=O)O)C(=O)O)cc3)c[nH]c2[nH]1	1	0	0.25971588	4	0.8873774064070078	0.6779661016949152	0.7246748127709893	0.7453185128404781	1.0	Sex-only
Nc1nc(=O)c2c([nH]1)NCC(CNc1ccc(C(=O)NC(CCC(=O)O)C(=O)O)cc1)N2C=O	0	0	0.31734097	4	0.883274157274834	0.7164179104477612	0.7467403243522647	0.7674634455018251	1.0	Sex-only
Nc1nc(=O)c2nc(CNc3ccc(C(=O)NC(CCC(=O)O)C(=O)O)cc3)cnc2[nH]1	0	0	0.33954212	4	0.8857331316879858	0.6833333333333333	0.716	0.7371867337720998	1.0	Sex-only
O=C(C1CCCCC1)N1CC(=O)N2CCc3ccccc3C2C1	1	1	0.6633673	4	0.886753416441495	0.7123287671232876	0.719323566402665	0.7293115104412284	1.0	Sex-only
O=C(C=Cn1cnc(-c2cc(C(F)(F)F)cc(C(F)(F)F)c2)n1)NNc1cnccn1	0	0	0.27260295	4	0.9137463759024128	0.7340425531914894	0.7682008881139837	0.7826791460775816	1.0	Sex-only
O=C(CCCC=CCC1C(O)CC(O)C1CCC(O)CCc1ccccc1)OCCCCO[N+](=O)[O-]	0	0	0.32901144	4	0.8881099711236665	0.3088235294117647	0.47927909976613214	0.5894869005424085	1.0	Sex-only
O=C(NCC1CN(c2ccc(N3CCOCC3=O)cc2)C(=O)O1)c1ccc(Cl)s1	1	1	0.72486866	4	0.8874796319703716	0.7659574468085106	0.7744030812262653	0.782986516089937	1.0	Sex-only
O=C(OC1CC2CCC(C1)[N+]21CCCC1)C(O)(c1ccccc1)c1ccccc1	0	1	0.7575525	4	0.8863559911802511	0.6206896551724138	0.6676035931614026	0.6963326861529607	1.0	Sex-only
O=C(OC1CN2CCC1CC2)N1CCc2ccccc2C1c1ccccc1	0	0	0.32110077	4	0.8853612719270834	0.696969696969697	0.7171075509190263	0.7350666274139989	1.0	Sex-only
O=C(c1cc(Cc2n[nH]c(=O)c3ccccc23)ccc1F)N1CCN(C(=O)C2CC2)CC1	0	0	0.3996059	4	0.8756930412824906	0.7625	0.7645061728395061	0.766650334881497	0.9855072463768116	Sex-only
O=C1CC2(CCCC2)CC(=O)N1CCCCN1CCN(c2ncccn2)CC1	0	1	0.66109174	4	0.8918629574648599	0.7297297297297297	0.7361154943763639	0.7431410866193474	1.0	Sex-only
O=C1Nc2ccc(Cl)cc2C(C#CC2CC2)(C(F)(F)F)O1	1	1	0.7563127	4	0.9038643373167308	0.7258064516129032	0.7305342208568015	0.7419524518185149	1.0	Sex-only
O=P(O)(O)C(O)(Cc1cccnc1)P(=O)(O)O	0	1	0.59502023	4	0.8994280521586716	0.6111111111111112	0.6369918699186993	0.6686825036418533	1.0	Sex-only
O=P1(N(CCCl)CCCl)NCCCO1	1	0	0.41476178	4	0.9441837980147115	0.7608695652173914	0.7809529828109202	0.8069093632103679	1.0	Sex-only
O=P1(NCCCl)OCCCN1CCCl	0	0	0.27314323	4	0.9333454911667027	0.8043478260869565	0.8207290294246816	0.8317881871668358	1.0	Sex-only
O=c1ccc2ccc(OCCCCN3CCN(c4cccc5sccc45)CC3)cc2[nH]1	0	1	0.8602886	4	0.8889301839549291	0.5657894736842105	0.6613234915699939	0.7007352730944411	1.0	Sex-only
OC(CCN1CCCCC1)(c1ccccc1)C1CCCCC1	0	0	0.44452626	4	0.8846353933535195	0.6724137931034483	0.6976695718075028	0.7106692552926672	1.0	Sex-only
OC(Cn1cncn1)(Cn1cncn1)c1ccc(F)cc1F	1	1	0.6383021	4	0.9064435335510385	0.40384615384615385	0.4820177643707056	0.6040839431689106	1.0	Sex-only
OCCN(CCO)c1nc(N2CCCCC2)c2nc(N(CCO)CCO)nc(N3CCCCC3)c2n1	1	1	0.50493664	4	0.9224023762311273	0.8222222222222222	0.825745415982485	0.8287927983261395	1.0	Sex-only
Oc1c2c(c(O)n1CC1CCCCC1CN1CCN(c3nsc4ccccc34)CC1)C1CCC2C1	1	1	0.7956482	4	0.8990104841469705	0.7692307692307693	0.7771226874391431	0.7840441711456274	1.0	Sex-only
Oc1cc2cc(CCN3CCN(c4nsc5ccccc45)CC3)c(Cl)cc2[nH]1	0	1	0.59419477	4	0.8964139387921879	0.7272727272727273	0.7327155425219941	0.7403700887810803	1.0	Sex-only
c1cc(CN2CCCNCCNCCCNCC2)ccc1CN1CCCNCCNCCCNCC1	1	1	0.6212679	4	0.9123936209829412	0.717391304347826	0.7359308807134893	0.7590683542090191	1.0	Sex-only
C#CCC(Cc1cnc2nc(N)nc(N)c2n1)c1ccc(C(=O)NC(CCC(=O)O)C(=O)O)cc1	0	1	0.6206087	4	0.8935105042307476	0.703125	0.7283307453416148	0.7513677546944576	1.0	Sex-only
C#CCN(C)C(C)Cc1ccccc1	0	1	0.80239326	4	0.8996032948188537	0.5757575757575758	0.6103030303030303	0.6604840009764771	1.0	Sex-only
C#CCNC1CCc2ccccc21	1	1	0.5781704	4	0.8945516396758152	0.7142857142857143	0.7203631151457238	0.7332576961477304	1.0	Sex-only
C=C1CC2C(CCC3(C)C(=O)CCC23)C2(C)C=CC(=O)C=C12	1	0	0.41518682	4	0.9033116377152003	0.5555555555555556	0.6451184640522877	0.6624939357953262	1.0	Sex-only
C=CCN1CC(C(=O)N(CCCN(C)C)C(=O)NCC)CC2c3cccc4[nH]cc(c34)CC21	1	1	0.5929599	4	0.8915046029795543	0.7640449438202247	0.7763528135185609	0.7820988893872843	1.0	Sex-only
CC#CC1(O)CCC2C3=C(C4=C(CC3)CC(=O)CC4)C(c3ccc(N(C)C)cc3)CC21C	0	0	0.40813062	4	0.9052141218053323	0.25396825396825395	0.6173545317005233	0.6780952343825299	1.0	Sex-only
CC#CCC(C)C(O)C=CC1C(O)CC2CC(=CCCCC(=O)O)CC21	1	0	0.27316177	4	0.901365199348815	0.7176470588235294	0.750334436805025	0.7714061066793649	0.9846153846153847	Sex-only
CC(=O)N(CC(O)CO)c1c(I)c(C(=O)NCCO)c(I)c(C(=O)NCC(O)CO)c1I	1	1	0.9691894	4	0.9165456052768509	0.7543859649122807	0.8049104836354651	0.8131685973329916	1.0	Sex-only
CC(=O)NCC1CN(c2ccc(N3CCOCC3)c(F)c2)C(=O)O1	1	1	0.8252889	4	0.8705042148511256	0.7349397590361446	0.7515532977563715	0.7577384206616968	0.9846153846153847	Sex-only
CC(=O)NS(=O)(=O)c1ccc(N)cc1	0	1	0.8743767	4	0.8909016706466807	0.575	0.6257991120976693	0.6652463308670858	1.0	Sex-only
CC(=O)OCC(=O)C1(O)C(C)CC2C3CC=C4CC(=O)C=CC4(C)C3(F)C(O)CC21C	1	0	0.16323519	4	0.8964197772540788	0.5256410256410257	0.6032568880394968	0.6434801950474348	0.9855072463768116	Sex-only
CC(C)(C#N)c1cc(Cn2cncn2)cc(C(C)(C)C#N)c1	1	0	0.35709232	4	0.9213798481489287	0.703125	0.715340909090909	0.7379801090049776	1.0	Sex-only
CC(C)(C(=O)O)c1ccc(C(O)CCCN2CCC(C(O)(c3ccccc3)c3ccccc3)CC2)cc1	1	1	0.61439455	4	0.8639218591246817	0.6285714285714286	0.650183241416118	0.6838039011554993	0.9818181818181818	Sex-only
CC(C)(C(=O)c1cccnc1)c1cccnc1	0	0	0.3512478	4	0.8934495533032718	0.4375	0.6100461133069828	0.6744298456035241	1.0	Sex-only
CC(C)(C)C(NC(=O)C(F)(F)F)C(=O)N1CC2C(C1C(=O)NC(C#N)CC1CCNC1=O)C2(C)C	1	0	0.45447466	4	0.8994671413338224	0.797979797979798	0.8004164089878374	0.8060374697670604	0.989010989010989	Sex-only
CC(C)(C)NC(=O)C1CC2CCCCC2CN1CC(O)C(Cc1ccccc1)NC(=O)C(CC(N)=O)NC(=O)c1ccc2ccccc2n1	1	1	0.58575034	4	0.8828306473756398	0.5051546391752577	0.6535233944730197	0.6845183224895505	0.9879518072289156	Sex-only
CC(C)(C)NC(=O)NC(C(=O)N1CC2C(C1C(=O)NC(CC1CCC1)C(=O)C(N)=O)C2(C)C)C(C)(C)C	0	0	0.34083462	4	0.904311969362368	0.7766990291262136	0.7871879267086213	0.791926387000608	0.9878048780487805	Sex-only
CC(C)(C)NCC(O)COc1cccc2c1CC(O)C(O)C2	1	1	0.9213679	4	0.8796555628082898	0.6	0.6132580037664784	0.6434364111102013	1.0	Sex-only
CC(C)(C)NCC(O)COc1cccc2c1CCC(=O)N2	1	1	0.97546625	4	0.8742424561623591	0.6379310344827587	0.642666210319158	0.6646144761458073	0.9818181818181818	Sex-only
CC(C)(C)c1ccc(C(=O)CCCN2CCC(OC(c3ccccc3)c3ccccc3)CC2)cc1	1	1	0.5194132	4	0.8614285497334814	0.5074626865671642	0.620252473720428	0.6398800029177554	0.9818181818181818	Sex-only
CC(C)(CO)c1cc2cc(NC(=O)C3(c4ccc5c(c4)OC(F)(F)O5)CC3)c(F)cc2n1CC(O)CO	1	0	0.48844644	4	0.8890421501598571	0.7864077669902912	0.7984316654219568	0.8043648471658681	0.9864864864864865	Sex-only
CC(C)(O)c1ccccc1CCC(SCC1(CC(=O)O)CC1)c1cccc(C=Cc2ccc3ccc(Cl)cc3n2)c1	1	1	0.7065944	4	0.8844667043546469	0.7608695652173914	0.7710755148741418	0.7783778193542567	0.9878048780487805	Sex-only
CC(C)C(=O)OCC(=O)C12OC(C3CCCCC3)OC1CC1C3CC=C4CC(=O)C=CC4(C)C3C(O)CC12C	0	0	0.33312282	4	0.8952103511379992	0.4166666666666667	0.4624867031597402	0.5524282006281971	1.0	Sex-only
CC(C)CC(N(C)C)C1(c2ccc(Cl)cc2)CCC1	1	1	0.5519966	4	0.9034634902529051	0.7692307692307693	0.7710614427968866	0.7745743647722168	1.0	Sex-only
CC(C)CC(NC(=O)C(CCc1ccccc1)NC(=O)CN1CCOCC1)C(=O)NC(Cc1ccccc1)C(=O)NC(CC(C)C)C(=O)C1(C)CO1	1	1	0.8909225	4	0.8699234510529891	0.6571428571428571	0.6766359719523527	0.6898086554419389	0.9866666666666667	Sex-only
CC(C)CC(NC(=O)C(Cc1ccccc1)NC(=O)c1cnccn1)B(O)O	1	1	0.6067617	4	0.8790909841503532	0.671875	0.6987980769230769	0.7092088081671415	1.0	Sex-only
CC(C)CC(NC(=O)CNC(=O)c1cc(Cl)ccc1Cl)B(O)O	1	1	0.50676167	4	0.8789866804003045	0.7192982456140351	0.7271512113617378	0.735628334784453	1.0	Sex-only
CC(C)CC1C(=O)N2CCCC2C2(O)OC(NC(=O)C3C=C4c5cccc6[nH]c(Br)c(c56)CC4N(C)C3)(C(C)C)C(=O)N12	1	1	0.5661711	4	0.8833676519193913	0.7627118644067796	0.7757411164190825	0.7819192571175155	1.0	Sex-only
CC(C)CN(CC(O)C(Cc1ccccc1)NC(=O)OC1COC2OCCC12)S(=O)(=O)c1ccc(N)cc1	0	1	0.92119575	4	0.8800983622800083	0.7195121951219512	0.7562782984590732	0.7637062610794189	1.0	Sex-only
CC(C)COc1ccc(CNC(=O)N(Cc2ccc(F)cc2)C2CCN(C)CC2)cc1	1	1	0.8643162	4	0.8619720916848566	0.676056338028169	0.6952412298123958	0.7032705679866649	0.9830508474576272	Sex-only
CC(C)NC(=O)COc1cccc(-c2nc(Nc3ccc4[nH]ncc4c3)c3ccccc3n2)c1	0	1	0.57889026	4	0.874688670542427	0.7362637362637363	0.7428510187130877	0.7470602773855403	1.0	Sex-only
CC(C)NCC(C(=O)N1CCN(c2ncnc3c2C(C)CC3O)CC1)c1ccc(Cl)cc1	1	1	0.80726933	4	0.8740793900351376	0.7441860465116279	0.7493614783006096	0.754287330655007	1.0	Sex-only
CC(C)OC(=O)CCCC=CCC1C(O)CC(O)C1C=CC(F)(F)COc1ccccc1	0	0	0.2847169	4	0.8769320587904771	0.47297297297297297	0.560386941208859	0.6522863060980987	0.9855072463768116	Sex-only
CC(C)OC(=O)CCCC=CCC1C(O)CC(O)C1C=CC(O)COc1cccc(C(F)(F)F)c1	0	0	0.19227028	4	0.8809030817940025	0.5308641975308642	0.5823340646104874	0.6641762046813903	0.9866666666666667	Sex-only
CC(C)Oc1ccc(-c2nc(-c3cccc4c3CCC4NCCO)no2)cc1C#N	1	1	0.8272244	4	0.8896240664082806	0.7821782178217822	0.7847744864724373	0.7903718048715047	0.9863013698630136	Sex-only
CC(C)Oc1ccc(-c2nn(C(C)c3oc4ccc(F)cc4c(=O)c3-c3cccc(F)c3)c3ncnc(N)c23)cc1F	0	1	0.93477285	4	0.9006137682955037	0.7425742574257426	0.7484860136499087	0.7557264016892132	0.9880952380952381	Sex-only
CC(C)[N+]1(C)C2CCC1CC(OC(=O)C(CO)c1ccccc1)C2	1	1	0.54044425	4	0.8621577228242677	0.6885245901639344	0.6965863066538092	0.7076075073182113	1.0	Sex-only
CC(C)c1nc(CN(C)C(=O)NC(C(=O)NC(Cc2ccccc2)CC(O)C(Cc2ccccc2)NC(=O)OCc2cncs2)C(C)C)cs1	1	1	0.5654238	4	0.8916320391905305	0.375	0.5947281323877068	0.6729906283092854	1.0	Sex-only
CC(CS)C(=O)N1CCCC1C(=O)O	1	1	0.7804715	4	0.8984207215829231	0.5272727272727272	0.5905701078582435	0.6381042059008161	1.0	Sex-only
CC(O)(CS(=O)(=O)c1ccc(F)cc1)C(=O)Nc1ccc(C#N)c(C(F)(F)F)c1	1	1	0.8476741	4	0.884691569614337	0.7230769230769231	0.7305207029257662	0.739074149487522	1.0	Sex-only
CC(O)C(=O)Nc1c(I)c(C(=O)NC(CO)CO)c(I)c(C(=O)NC(CO)CO)c1I	1	1	0.7274146	4	0.909839543305453	0.6444444444444445	0.7382195176921342	0.7561020807413392	1.0	Sex-only
CC(O)C(O)C1CNc2[nH]c(N)nc(=O)c2N1	0	1	0.58060676	4	0.896976033167737	0.75	0.7508196721311475	0.755862222352097	1.0	Sex-only
CC(Oc1cc(-c2cnn(C3CCNCC3)c2)cnc1N)c1c(Cl)ccc(F)c1Cl	1	1	0.78071874	4	0.8976071896187642	0.7524752475247525	0.770708581262043	0.7802745109037883	1.0	Sex-only
CC12C=CC(=O)C=C1C(F)CC1C3CC(O)C(O)(C(=O)CO)C3(C)CC(O)C12F	0	1	0.6159032	4	0.9003440138422845	0.6133333333333333	0.6346666666666667	0.6498635477582846	0.9850746268656716	Sex-only
CC12C=CC(=O)C=C1CCC1C3CC(O)C(O)(C(=O)CO)C3(C)CC(O)C12F	0	1	0.64564323	4	0.8962150827866917	0.5072463768115942	0.5408241867324655	0.5774740752008969	0.9850746268656716	Sex-only
CC12CC3CC(C)(C1)CC(N)(C3)C2	1	1	0.5792095	4	0.943710664294332	0.8444444444444444	0.847315125929755	0.8499750061956314	1.0	Sex-only
CC1C(c2c(F)ccc(F)c2F)CC(NC(=O)c2cnc3c(c2)CC2(C3)C(=O)Nc3ncccc32)C(=O)N1CC(F)(F)F	0	0	0.46950585	4	0.8789558250715268	0.7747747747747747	0.780159306530988	0.7839509878742494	0.9875	Sex-only
CC1C(c2ccccc2)CC(NC(=O)c2cnc3c(c2)CC2(C3)C(=O)Nc3ncccc32)C(=O)N1CC(F)(F)F	0	1	0.50238836	4	0.8736555297521132	0.7685185185185185	0.7720082477435419	0.7756497239748874	0.9876543209876543	Sex-only
CC1CC2C3CC(F)C4=CC(=O)C=CC4(C)C3(F)C(O)CC2(C)C1(O)C(=O)SCF	1	0	0.44629002	4	0.9058220098908905	0.654320987654321	0.7118165784832452	0.7319658353427417	0.9861111111111112	Sex-only
CC1CC2C3CC(F)C4=CC(=O)C=CC4(C)C3(F)C(O)CC2(C)C1(OC(=O)c1ccco1)C(=O)SCF	0	1	0.7329146	4	0.8989324360917794	0.71875	0.7635479797979798	0.7757494236660905	0.9876543209876543	Sex-only
CC1CC2C3CC=C4CC(=O)C=CC4(C)C3(Cl)C(O)CC2(C)C1(O)C(=O)CCl	0	0	0.174763	4	0.9037497776275059	0.6463414634146342	0.6625141296784371	0.6827752286813689	1.0	Sex-only
CC1CC2C3CC=C4CC(=O)C=CC4(C)C3(Cl)C(O)CC2(C)C1(OC(=O)c1ccco1)C(=O)CCl	1	0	0.28050545	4	0.8966729405191391	0.673469387755102	0.6940791910823734	0.7239001486183031	1.0	Sex-only
CC1CC2C3CC=C4CC(=O)C=CC4(C)C3(F)C(O)CC2(C)C1(O)C(=O)CCl	0	0	0.1698843	4	0.9012038756069725	0.5789473684210527	0.6474165950399091	0.6631177945168054	0.9855072463768116	Sex-only
CC1CC2C3CC=C4CC(=O)C=CC4(C)C3(F)C(O)CC2(C)C1(O)C(=O)CO	1	0	0.36479217	4	0.900147256482566	0.5675675675675675	0.6085009821851928	0.6246337683791472	0.9855072463768116	Sex-only
CC1CC2C3CC=C4CC(=O)C=CC4(C)C3(F)C(O)CC2(C)C1C(=O)CO	0	0	0.36890277	4	0.9011243167652554	0.6052631578947368	0.6628931880262454	0.6818341659866776	0.9855072463768116	Sex-only
CC1Oc2cc(cnc2N)-c2c(nn(C)c2C#N)CN(C)C(=O)c2ccc(F)cc21	1	1	0.91989255	4	0.9023580404994926	0.7857142857142857	0.7917885851490613	0.7959759810989013	1.0	Sex-only
CCC(=C(c1ccccc1)c1ccc(OCCN(C)C)cc1)c1ccccc1	0	1	0.6050169	4	0.8896989311916755	0.45652173913043476	0.5452881214894945	0.6199171622512583	1.0	Sex-only
CCC(=O)C(CC(C)N(C)C)(c1ccccc1)c1ccccc1	1	1	0.7739324	4	0.8699157429503267	0.6153846153846154	0.6533610533610533	0.6870411314855759	1.0	Sex-only
CCC(=O)OC(Cc1ccccc1)(c1ccccc1)C(C)CN(C)C	1	1	0.7998451	4	0.874889136294714	0.7045454545454546	0.7176275174101262	0.7249866111996957	1.0	Sex-only
CCC(=O)OC1(C(=O)CCl)C(C)CC2C3CC=C4CC(=O)C=CC4(C)C3(F)C(O)CC21C	0	0	0.1634315	4	0.8986569182307557	0.6309523809523809	0.6637597617231485	0.6861393483682259	0.9859154929577465	Sex-only
CCC(=O)OC1(C(=O)SCF)C(C)CC2C3CC(F)C4=CC(=O)C=CC4(C)C3(F)C(O)CC21C	0	1	0.5809022	4	0.9033573816873639	0.6966292134831461	0.7480214948705423	0.76498547254698	0.9864864864864865	Sex-only
CCC(=O)OCC(=O)C1(OC(=O)CC)C(C)CC2C3CC=C4CC(=O)C=CC4(C)C3(Cl)C(O)CC21C	0	0	0.13233298	4	0.8989307349009852	0.6363636363636364	0.6603208308804979	0.6918480879207551	1.0	Sex-only
CCC(C)(C)C(=O)OC1CC(C)C=C2C=CC(C)C(CCC3CC(O)CC(=O)O3)C21	1	1	0.8388801	4	0.9014132086798895	0.813953488372093	0.8161828991082357	0.8187883722305302	0.9850746268656716	Sex-only
CCC(C)C(=O)OC1CC(O)C=C2C=CC(C)C(CCC(O)CC(O)CC(=O)O)C21	0	1	0.903182	4	0.8942247135643103	0.7272727272727273	0.741919191919192	0.7606076639409972	0.9852941176470589	Sex-only
CCC(CO)NC(=O)C1C=C2c3cccc4[nH]cc(c34)CC2N(C)C1	1	1	0.868036	4	0.8802749142972107	0.7578947368421053	0.7678122277456054	0.7766996021404111	1.0	Sex-only
CCC(CO)NC(=O)C1C=C2c3cccc4c3c(cn4C)CC2N(C)C1	1	1	0.6813316	4	0.8763371279688795	0.7631578947368421	0.7669859424433839	0.7717823137031146	1.0	Sex-only
CCC(c1cccc(O)c1)C(C)CN(C)C	1	1	0.79010165	4	0.8951439834815655	0.5952380952380952	0.6590424849184957	0.6907385553292773	1.0	Sex-only
CCC=CCC=CCC=CCC=CCC=CCCCC(=O)OCC	0	0	0.30756655	4	0.9045878123916403	0.6904761904761905	0.712268414593996	0.726473905543673	1.0	Sex-only
CCCC(=O)OC1(C(=O)COC(C)=O)CCC2C3CC(F)C4=CC(=O)C=CC4(C)C3(F)C(O)CC21C	0	1	0.56198746	4	0.896710884440008	0.6162790697674418	0.665855436553111	0.6843284194277959	0.987012987012987	Sex-only
CCCC(NC(=O)C1C2CCCC2CN1C(=O)C(NC(=O)C(NC(=O)c1cnccn1)C1CCCCC1)C(C)(C)C)C(=O)C(=O)NC1CC1	1	1	0.61703527	4	0.9006636186069802	0.71875	0.7302184466019418	0.741416687411833	0.9880952380952381	Sex-only
CCCC(NC1CCc2cc(F)cc(F)c2C1)C(=O)Nc1cn(C(C)(C)CNCC(C)(C)C)cn1	0	0	0.3960673	4	0.8835711693595113	0.7472527472527473	0.7662480376766091	0.7758242996056631	0.9859154929577465	Sex-only
CCCC1CC(C(=O)NC(C(C)Cl)C2OC(SC)C(O)C(O)C2O)N(C)C1	1	0	0.48664415	4	0.9001320663993256	0.7681159420289855	0.7762118940529735	0.7787799540658052	0.9857142857142858	Sex-only
CCCCC(=O)N(Cc1ccc(-c2ccccc2-c2nn[nH]n2)cc1)C(C(=O)O)C(C)C	1	1	0.73777354	4	0.8757841045336253	0.7272727272727273	0.7316378015431821	0.7440994638525579	1.0	Sex-only
CCCCC(C)(O)CC=CC1C(O)CC(=O)C1CCCCCCC(=O)OC	1	1	0.5326958	4	0.8905263570541062	0.7228915662650602	0.7432894368170355	0.7515554149806617	0.9836065573770492	Sex-only
CCCCC(F)(F)C1(O)CCC2C(CC(=O)C2CCCCCCC(=O)O)O1	1	0	0.476026	4	0.8984515210706274	0.7313432835820896	0.7609484821349575	0.7686198721775759	0.9871794871794872	Sex-only
CCCCC1=NC2(CCCC2)C(=O)N1Cc1ccc(-c2ccccc2-c2nn[nH]n2)cc1	1	1	0.8574022	4	0.8880011652011464	0.7571428571428571	0.7749207283737751	0.7850334795874977	1.0	Sex-only
CCCCCC(C)(O)C=CC1C(O)CC(O)C1CC=CCCCC(=O)O	1	0	0.15913469	4	0.9048885851163413	0.5633802816901409	0.6485100074128984	0.7179940155549702	0.9864864864864865	Sex-only
CCCCCC(O)C=CC1C(O)CC(=O)C1CC=CCCCC(=O)O	1	0	0.2932153	4	0.8904665084170568	0.5694444444444444	0.6599173270213715	0.7113726041579393	1.0	Sex-only
CCCCCC(O)C=CC1C(O)CC(=O)C1CCCCCCC(=O)O	1	0	0.34394008	4	0.8858398350062474	0.6842105263157895	0.6929530277306168	0.7167730996448042	1.0	Sex-only
CCCCCC(O)C=CC1C(O)CC2OC(=CCCCC(=O)O)CC21	1	0	0.4850248	4	0.8940934696734003	0.6363636363636364	0.7104776579352851	0.7451818506321664	1.0	Sex-only
CCCCCC(O)CCC1C(O)CC2Cc3c(cccc3OCC(=O)O)CC21	1	1	0.5748911	4	0.8750350278475579	0.6666666666666666	0.7154008438818565	0.7314318413722732	0.984375	Sex-only
CCCCCCCC(=O)NC(CN1CCCC1)C(O)c1ccc2c(c1)OCCO2	0	1	0.5159129	4	0.8777923126020388	0.7368421052631579	0.740682788051209	0.747545242611032	1.0	Sex-only
CCCCCN=C(N)NN=Cc1c[nH]c2ccc(OC)cc12	0	1	0.52025557	4	0.9014477613424913	0.7721518987341772	0.773123670291793	0.775325397382805	1.0	Sex-only
CCCCN1CCCCC1C(=O)Nc1c(C)cccc1C	1	1	0.7470102	4	0.8620866447366392	0.3111111111111111	0.5145552713839159	0.5989611947838717	1.0	Sex-only
CCCCNc1ccc(C(=O)OCCN(C)C)cc1	0	1	0.8898853	4	0.877660783698653	0.6774193548387096	0.6993897122929381	0.7171670821925491	1.0	Sex-only
CCCCNc1ccc(C(=O)OCCOCCOCCOCCOCCOCCOCCOCCOCCOC)cc1	1	1	0.86874896	4	0.8768699255622073	0.6557377049180327	0.6914852891235219	0.7100844198834381	1.0	Sex-only
CCCCc1nc(Cl)c(CO)n1Cc1ccc(-c2ccccc2-c2nn[nH]n2)cc1	1	1	0.7045739	4	0.8991651397281896	0.7878787878787878	0.7939015151515152	0.7992587847093167	1.0	Sex-only
CCCN(CCC)S(=O)(=O)c1ccc(C(=O)O)cc1	1	1	0.744186	4	0.8769624536414226	0.65625	0.7021478328173375	0.7176843070900705	1.0	Sex-only
CCCN1CC(CSC)CC2c3cccc4[nH]cc(c34)CC21	1	1	0.6224827	4	0.9048872584935653	0.7794117647058824	0.7872576636288319	0.7929209242382398	1.0	Sex-only
CCCN1CCCCC1C(=O)Nc1c(C)cccc1C	1	1	0.83658284	4	0.8604146889802123	0.27906976744186046	0.4938392989962385	0.5836002571802759	1.0	Sex-only
CCCN=C1SC(=Cc2ccc(OCC(O)CO)c(Cl)c2)C(=O)N1c1ccccc1C	1	1	0.68600535	4	0.8919128153456889	0.7582417582417582	0.760114885114885	0.7623413623413622	1.0	Sex-only
CCCNC1CCc2nc(N)sc2C1	0	1	0.6431948	4	0.9179896188714256	0.8095238095238095	0.8264880952380953	0.8305837153784914	1.0	Sex-only
CCCOc1ccc(C(=O)OCCN(CC)CC)cc1N	0	1	0.68554664	4	0.8825778240159275	0.6607142857142857	0.6671842650103519	0.6851497938454459	1.0	Sex-only
CCCc1nc(C(C)(C)O)c(C(=O)O)n1Cc1ccc(-c2ccccc2-c2nn[nH]n2)cc1	1	1	0.5977341	4	0.8800661155719516	0.7567567567567568	0.7631764908141306	0.770517379619254	0.984375	Sex-only
CCCc1nc2c(C)cc(-c3nc4ccccc4n3C)cc2n1Cc1ccc(-c2ccccc2C(=O)O)cc1	1	1	0.5793518	4	0.8831476022560188	0.7228915662650602	0.7468597077385171	0.7588248890516787	1.0	Sex-only
CCN(C)C(=O)Oc1cccc(C(C)N(C)C)c1	1	1	0.8903496	4	0.8734270043141493	0.5957446808510638	0.6516856274424663	0.6848648365965772	1.0	Sex-only
CCN(CC)C(=S)SSC(=S)N(CC)CC	0	1	0.62584066	4	0.9453259510816359	0.7777777777777778	0.8019098977642962	0.816915898666698	1.0	Sex-only
CCN(CC)CC#CCOC(=O)C(O)(c1ccccc1)C1CCCCC1	0	1	0.63337064	4	0.870403885080821	0.6833333333333333	0.7103243616287095	0.7236565690640426	0.9803921568627451	Sex-only
CCN(CC)CCOC(=O)c1ccc(N)cc1	1	1	0.80579656	4	0.8802921541909565	0.625	0.6423561859732072	0.6679092018027161	1.0	Sex-only
CCN(CC)CCOC(=O)c1ccc(N)cc1Cl	1	1	0.77614826	4	0.8785012954498672	0.6	0.6498799313893653	0.6821760122416397	1.0	Sex-only
CCN(c1cc(-c2ccc(CN3CCOCC3)cc2)cc(C(=O)NCc2c(C)cc(C)[nH]c2=O)c1C)C1CCOCC1	0	0	0.3302394	4	0.8828954248751145	0.7567567567567568	0.7690136890136889	0.7713620293769333	1.0	Sex-only
CCOC(=O)C1(c2ccccc2)CCN(C)CC1	0	1	0.78735363	4	0.8466265291998821	0.6440677966101694	0.6622425032594524	0.6732849071832123	1.0	Sex-only
CCOC(=O)C1(c2ccccc2)CCN(CCC(C#N)(c2ccccc2)c2ccccc2)CC1	0	1	0.703654	4	0.8647535866196273	0.6376811594202898	0.6658567774936061	0.696618788051013	0.9814814814814815	Sex-only
CCOC(=O)C1=C(C)N=C(C)C(C(=O)OC)C1c1cccc(Cl)c1Cl	1	1	0.90070987	4	0.863168731070925	0.2037037037037037	0.3836758388482526	0.48516543390424705	1.0	Sex-only
CCOC(=O)C1=C(COCCN)N=C(C)C(C(=O)OC)C1c1ccccc1Cl	1	1	0.769321	4	0.8723289337296263	0.5	0.5616099071207431	0.6189318290331727	1.0	Sex-only
CCOC(=O)C1=CC(OC(CC)CC)C(NC(C)=O)C(N)C1	1	1	0.67364204	4	0.8791118684086711	0.7164179104477612	0.7277548307188837	0.7383325873971237	0.9791666666666666	Sex-only
CCOC(=O)NC1CCC2C(C1)CC1C(=O)OC(C)C1C2C=Cc1ccc(-c2cccc(F)c2)cn1	1	1	0.79459697	4	0.8782720101590217	0.7475728155339806	0.770873786407767	0.7780094239618214	0.9876543209876543	Sex-only
CCOC(=O)Nc1ccc(NCc2ccc(F)cc2)cc1N	0	1	0.7213207	4	0.8753508798119076	0.7	0.719585326953748	0.7308982230367973	1.0	Sex-only
CCOC(=O)c1ccc(N)cc1	1	1	0.7474784	4	0.8709793805375586	0.6666666666666666	0.724223602484472	0.7325865760648369	1.0	Sex-only
CCOC(=O)c1cncn1C(C)c1ccccc1	1	1	0.7285625	4	0.8567272916187123	0.6521739130434783	0.6755071443869902	0.6891031087597459	1.0	Sex-only
CCOC(=O)c1ncn2c1CN(C)C(=O)c1cc(F)ccc1-2	1	1	0.74115586	4	0.8705582523426035	0.7471264367816092	0.7488505747126437	0.7537061286515674	0.9818181818181818	Sex-only
CCOc1ccccc1OCC1CNCCO1	0	1	0.78457546	4	0.894442274454168	0.42857142857142855	0.6804232804232804	0.723188040648358	1.0	Sex-only
CCOc1ccccc1OCCNC(C)Cc1ccc(OC)c(S(N)(=O)=O)c1	0	1	0.87368494	4	0.8856226544006085	0.6511627906976745	0.6991609971458381	0.7079716483725834	1.0	Sex-only
CCOc1nc2cccc(C(=O)O)c2n1Cc1ccc(-c2ccccc2-c2nn[nH]n2)cc1	1	1	0.7692435	4	0.8739350457069224	0.7555555555555555	0.7574249249249251	0.7607459063341416	1.0	Sex-only
CCOc1nc2cccc(C(=O)OC(C)OC(=O)OC3CCCCC3)c2n1Cc1ccc(-c2ccccc2-c2nn[nH]n2)cc1	1	1	0.7597851	4	0.8777651417176654	0.7545454545454545	0.7663923309982206	0.7729210137512303	1.0	Sex-only
CCOc1nc2cccc(C(=O)OCc3oc(=O)oc3C)c2n1Cc1ccc(-c2ccccc2-c2nc(=O)o[nH]2)cc1	0	1	0.85182846	4	0.8852678867108046	0.7767857142857143	0.7854015250804242	0.792079130095185	1.0	Sex-only
CCS(=O)(=O)CCn1c([N+](=O)[O-])cnc1C	1	1	0.6501463	4	0.9097305422342301	0.7704918032786885	0.7871701288563114	0.7966572700078312	1.0	Sex-only
CN(C)C(=O)C(CCN1CCC(O)(c2ccc(Cl)cc2)CC1)(c1ccccc1)c1ccccc1	1	1	0.61834496	4	0.8685948008392385	0.5483870967741935	0.6371587602783049	0.669268094334508	0.98	Sex-only
CN(C)CCC(c1ccc(Br)cc1)c1ccccn1	1	1	0.5554117	4	0.899536031546222	0.6666666666666666	0.7001486767766874	0.7141306656471686	1.0	Sex-only
CN(C)CCC(c1ccc(Cl)cc1)c1ccccn1	0	1	0.63311744	4	0.8913733888811316	0.640625	0.6805059523809524	0.6977469715956558	1.0	Sex-only
CN(C)CCC=C1c2ccccc2C=Cc2ccccc21	1	1	0.78921175	4	0.9145118627167726	0.6428571428571429	0.6766666666666667	0.7081761006289309	1.0	Sex-only
CN(C)CCC=C1c2ccccc2CCc2ccccc21	1	1	0.7720313	4	0.9040069913710117	0.3888888888888889	0.5207363797775908	0.5841128035801432	1.0	Sex-only
CN(C)CCC=C1c2ccccc2COc2ccccc21	1	1	0.609626	4	0.9092577184990674	0.5681818181818182	0.6428977272727273	0.6875747607655502	1.0	Sex-only
CN(C)CCOC(=O)C(c1ccccc1)C1(O)CCCC1	1	1	0.68306404	4	0.8600412182253591	0.6226415094339622	0.6357512816447335	0.6592572976378206	1.0	Sex-only
CN(C)CCOC(C)(c1ccccc1)c1ccccn1	1	1	0.751834	4	0.8991570419233683	0.6111111111111112	0.6741652983032294	0.709570467047884	1.0	Sex-only
CN(C)CCOC(c1ccccc1)c1ccccc1	1	1	0.83975255	4	0.8962285581447481	0.7105263157894737	0.7157581453634085	0.7226954398007029	1.0	Sex-only
CN(C)CCOc1ccccc1Cc1ccccc1	1	1	0.7911662	4	0.8984870880613144	0.6885245901639344	0.6989060766670775	0.7077014435590043	1.0	Sex-only
CN(C)CCc1c[nH]c2ccc(CC3COC(=O)N3)cc12	1	1	0.6811771	4	0.898133079066805	0.7294117647058823	0.7589692238331395	0.7757881203031611	1.0	Sex-only
CN(C)CCc1c[nH]c2ccc(CS(=O)(=O)N3CCCC3)cc12	1	1	0.58169067	4	0.8976541276511245	0.7073170731707317	0.7461746925161559	0.7687898618553807	1.0	Sex-only
CN(C)CCc1c[nH]c2ccc(Cn3cncn3)cc12	1	0	0.4260049	4	0.9134046580444821	0.7466666666666667	0.7508312167589276	0.765372801999308	1.0	Sex-only
CN(CCN1CCC(OC(=O)Nc2ccccc2-c2ccccc2)CC1)C(=O)c1ccc(CN2CCC(C(N)=O)CC2)cc1	0	1	0.7903648	4	0.8671325070603436	0.7160493827160493	0.7220703769723377	0.7322131322351186	1.0	Sex-only
CN(Cc1cnc2nc(N)nc(N)c2n1)c1ccc(C(=O)NC(CCC(=O)O)C(=O)O)cc1	1	1	0.621921	4	0.881955583399821	0.6885245901639344	0.7205357944445442	0.7440886992966952	1.0	Sex-only
CN1C(=O)OC(C)(C)C1=O	1	1	0.5155955	4	0.9300559339903678	0.7222222222222222	0.7817998994469582	0.8020270216348646	1.0	Sex-only
CN1C2CC(OC(=O)C(CO)c3ccccc3)CC1C1OC12	0	1	0.6520478	4	0.8533251291347894	0.6779661016949152	0.688420000768669	0.6981948567708129	1.0	Sex-only
CN1C2CCC1CC(OC(=O)C(CO)c1ccccc1)C2	1	1	0.6764007	4	0.8493171037471466	0.6666666666666666	0.6742654508611956	0.6834722275659524	0.9772727272727273	Sex-only
CN1C2CCC1CC(OC(c1ccccc1)c1ccccc1)C2	1	1	0.6903447	4	0.8881123163390223	0.6666666666666666	0.7068980832164564	0.7184473737549667	1.0	Sex-only
CN1C2CCCC1CC(NC(=O)c1nn(C)c3ccccc13)C2	1	1	0.86887425	4	0.8667690033773985	0.7419354838709677	0.7474784189004997	0.7556788474411145	1.0	Sex-only
CN1CC(C(=O)NC2(C)OC3(O)C4CCCN4C(=O)C(Cc4ccccc4)N3C2=O)C=C2c3cccc4[nH]cc(c34)CC21	1	1	0.70093566	4	0.8832713174287788	0.7575757575757576	0.763276062808773	0.7664013119622977	1.0	Sex-only
CN1CC(C(=O)NC2(C)OC3(O)C4CCCN4C(=O)C(Cc4ccccc4)N3C2=O)CC2c3cccc4[nH]cc(c34)CC21	0	0	0.4627648	4	0.8803831500122782	0.7525773195876289	0.7600893634459693	0.7643737459996188	1.0	Sex-only
CN1CCCC(n2nc(Cc3ccc(Cl)cc3)c3ccccc3c2=O)CC1	0	0	0.48670068	4	0.878193735889482	0.7142857142857143	0.7242873068960025	0.7339151968668197	1.0	Sex-only
CN1CCCC1CCOC(C)(c1ccccc1)c1ccc(Cl)cc1	1	1	0.541316	4	0.8702745325704256	0.6615384615384615	0.6823856166470768	0.6919583085436227	1.0	Sex-only
CN1CCCC1Cc1c[nH]c2ccc(CCS(=O)(=O)c3ccccc3)cc12	0	1	0.5948743	4	0.8846995319216253	0.7191011235955056	0.7377259780047435	0.7489932474970685	1.0	Sex-only
CN1CCN(c2ccc(C(=O)Nc3[nH]nc4ccc(Cc5cc(F)cc(F)c5)cc34)c(NC3CCOCC3)c2)CC1	1	1	0.6618104	4	0.8782798860640905	0.6923076923076923	0.7200013046101661	0.7369382784128738	0.9878048780487805	Sex-only
CN1c2c([nH]c(N)nc2=O)NCC1CNc1ccc(C(=O)NC(CCC(=O)O)C(=O)O)cc1	0	0	0.3803476	4	0.8737689674441635	0.7121212121212122	0.7512560134900561	0.764737920170822	1.0	Sex-only
CN=C1CN(O)C(c2ccccc2)=c2cc(Cl)ccc2=N1	1	0	0.43619367	4	0.8949695586170393	0.6935483870967742	0.6977680407611662	0.7067138781399315	1.0	Sex-only
CNC(=O)c1ccc(N2C(=S)N(c3ccc(C#N)c(C(F)(F)F)c3)C(=O)C2(C)C)cc1F	0	1	0.75539446	4	0.8960558794161244	0.39473684210526316	0.6789237361393559	0.7205770437044953	0.9859154929577465	Sex-only
CNC1CCC(c2ccc(Cl)c(Cl)c2)c2ccccc21	1	1	0.653897	4	0.899197154031983	0.7636363636363637	0.7714578622041308	0.7751341449461021	1.0	Sex-only
CNCCC(Oc1ccccc1C)c1ccccc1	0	1	0.9172878	4	0.8935192743511684	0.4418604651162791	0.5299962185668369	0.612399034186935	1.0	Sex-only
CNCCCC12CCC(c3ccccc31)c1ccccc12	1	1	0.7676698	4	0.8960576303004102	0.6808510638297872	0.7263440600826618	0.73783247002643	1.0	Sex-only
CNCc1ccc(-c2[nH]c3cc(F)cc4c3c2CCNC4=O)cc1	1	1	0.6672585	4	0.8979473972733443	0.7662337662337663	0.7840503246753247	0.7902627465127465	1.0	Sex-only
CNS(=O)(=O)CCc1ccc2[nH]cc(C3CCN(C)CC3)c2c1	1	1	0.7003309	4	0.8870458512716465	0.76	0.7669370629370629	0.7706328239661572	1.0	Sex-only
CNS(=O)(=O)Cc1ccc2[nH]cc(CCN(C)C)c2c1	1	1	0.5815262	4	0.9035024845147338	0.725	0.7360279248916706	0.7469536579013659	1.0	Sex-only
COC(=O)C1C(OC(=O)c2ccccc2)CC2CCC1N2C	1	1	0.75165343	4	0.8634718284584395	0.6888888888888889	0.7137777777777776	0.7197976118194697	1.0	Sex-only
COC(=O)N(C)c1c(N)nc(-c2nn(Cc3ccccc3F)c3ncccc23)nc1N	1	1	0.68538845	4	0.8761123813287539	0.7684210526315789	0.7747915242652084	0.7771824239089963	0.9850746268656716	Sex-only
COC(=O)NC(C(=O)NC(Cc1ccccc1)C(O)CN(Cc1ccc(-c2ccccn2)cc1)NC(=O)C(NC(=O)OC)C(C)(C)C)C(C)(C)C	0	1	0.7880434	4	0.8872618902507944	0.7472527472527473	0.7525087315784991	0.7563854800516907	1.0	Sex-only
COC(=O)NC(C)CNc1nccc(-c2cn(C(C)C)nc2-c2cc(Cl)cc(NS(C)(=O)=O)c2F)n1	0	1	0.8408271	4	0.8809077330134253	0.7009345794392523	0.7248560370055698	0.7402842914623454	0.9873417721518988	Sex-only
COC(=O)Nc1c(N)nc(-c2nn(Cc3ccccc3F)c3ncc(F)cc23)nc1N	1	1	0.6303591	4	0.8740401801388707	0.7625	0.7626881720430108	0.7637448183077202	0.9850746268656716	Sex-only
COCC(=O)Nc1c(I)c(C(=O)NCC(O)CO)c(I)c(C(=O)N(C)CC(O)CO)c1I	1	1	0.87585104	4	0.9141765942898047	0.7288135593220338	0.7739724767830325	0.7853638980364289	1.0	Sex-only
COCCCN1CCC(NC(=O)c2cc(Cl)c(N)c3c2OCC3)CC1	0	1	0.59361935	4	0.8725819458484992	0.6162790697674418	0.6722747536701026	0.6989241793231313	1.0	Sex-only
CONC(=O)Nc1ccc(-c2sc3c(c2CN(C)C)c(=O)n(-c2ccc(OC)nn2)c(=O)n3Cc2c(F)cccc2F)cc1	0	1	0.8208033	4	0.8897132468480765	0.7407407407407407	0.7562009933691349	0.7739900696914481	0.9873417721518988	Sex-only
COc1ccc(-n2nc(C(N)=O)c3c2C(=O)N(c2ccc(N4CCCCC4=O)cc2)CC3)cc1	1	1	0.8174971	4	0.8823184172042535	0.7538461538461538	0.7600495337995338	0.7646184833684834	0.9848484848484849	Sex-only
COc1ccc(C(=O)CC(=O)c2ccc(C(C)(C)C)cc2)cc1	1	1	0.7523018	4	0.8682328400690128	0.6511627906976745	0.6727272727272726	0.6854822737175679	1.0	Sex-only
COc1ccc(CN(CCN(C)C)c2ccccn2)cc1	0	1	0.8913664	4	0.9024860500612875	0.640625	0.6838997695852534	0.7087813461173729	1.0	Sex-only
COc1ccc(CN2C3CC2CN(c2ccc(-c4cc(OCC(C)(C)O)cn5ncc(C#N)c45)cn2)C3)cn1	1	1	0.6981239	4	0.9015925133931462	0.7798165137614679	0.7874595642058626	0.7932426279793584	0.9878048780487805	Sex-only
COc1ccccc1OCC(O)CO	1	1	0.86886287	4	0.8822329545960904	0.34285714285714286	0.47983702124992167	0.5487681987133501	1.0	Sex-only
COc1ccccc1OCCNCC(O)COc1cccc2[nH]c3ccccc3c12	1	1	0.9555164	4	0.8921547949132523	0.5862068965517241	0.5895518830446528	0.6131134281257512	1.0	Sex-only
COc1nc2ccc(Br)cc2cc1C(c1ccccc1)C(O)(CCN(C)C)c1cccc2ccccc12	1	1	0.5304407	4	0.8968480367172006	0.7669902912621359	0.7711586357060833	0.7730348949160935	1.0	Sex-only
CS(=O)(=O)c1ccc(Oc2cc(F)cc(C#N)c2)c2c1C(O)C(F)C2F	0	1	0.6646404	4	0.9044975800422743	0.7701149425287356	0.7791128847872628	0.7841504934608908	1.0	Sex-only
C[N+]1(C)CCC(OC(=O)C(O)(c2ccccc2)C2CCCC2)C1	1	1	0.58529496	4	0.8812160082122528	0.6984126984126984	0.7113044076424357	0.7230066302911979	1.0	Sex-only
C[N+]12CCC(CC1)C(OC(=O)C(O)(c1ccccc1)c1ccccc1)C2	0	0	0.4306929	4	0.8761703709560239	0.5409836065573771	0.6341761600444568	0.679680023000216	1.0	Sex-only
Cc1[nH]c(=O)c(C#N)cc1-c1ccncc1	1	1	0.74718827	4	0.9066518271209311	0.7758620689655172	0.7840353997054657	0.7903774819455975	1.0	Sex-only
Cc1cc(=O)n(-c2ccccc2)[nH]1	0	1	0.6753844	4	0.8905721873214552	0.723404255319149	0.7320446289569279	0.7441322848145562	1.0	Sex-only
Cc1cc(Nc2ncnc3ccc(N=C4NC(C)(C)CO4)cc23)ccc1Oc1ccn2ncnc2c1	1	1	0.56045073	4	0.9131521630845675	0.719626168224299	0.7290241980768645	0.7347789333248284	1.0	Sex-only
Cc1ccc(-c2cc(C(F)(F)F)nn2-c2ccc(S(N)(=O)=O)cc2)cc1	1	1	0.58197093	4	0.9051900845845314	0.6785714285714286	0.7527257799671594	0.764353828376817	1.0	Sex-only
Cc1ccc(-c2nc3ccc(C)cn3c2CC(=O)N(C)C)cc1	1	0	0.45056036	4	0.8915818859675001	0.7922077922077922	0.7932366258938266	0.7970545691136697	1.0	Sex-only
Cc1ccc(=O)n(-c2ccccc2)c1	1	1	0.5820985	4	0.897319266110822	0.7446808510638298	0.7515308770108977	0.7588457956759845	1.0	Sex-only
Cc1ccc(NC(=O)C2(c3ccc4c(c3)OC(F)(F)O4)CC2)nc1-c1cccc(C(=O)O)c1	0	0	0.22910936	4	0.8814031619345023	0.7303370786516854	0.7445614516292298	0.751031314217117	1.0	Sex-only
Cc1cccc(C)c1OCC(=O)NC(Cc1ccccc1)C(O)CC(Cc1ccccc1)NC(=O)C(C(C)C)N1CCCNC1=O	1	1	0.8877163	4	0.8745014319717666	0.7058823529411765	0.7246845226384868	0.7340506096666037	1.0	Sex-only
Cc1nc(-c2ccc(OCC(C)C)c(C#N)c2)sc1C(=O)O	1	1	0.7036762	4	0.8793612394775471	0.75	0.7663731245923027	0.7704169240284008	1.0	Sex-only
Cc1nc(NC(=O)N2CCCC2C(N)=O)sc1-c1ccnc(C(C)(C)C(F)(F)F)c1	1	1	0.7376557	4	0.8798009569135428	0.75	0.7540647719762061	0.7604547799313727	0.9864864864864865	Sex-only
Cc1ncc([N+](=O)[O-])n1CCO	1	1	0.6439718	4	0.8978518951894742	0.7727272727272727	0.7821202438387768	0.7891408762067278	1.0	Sex-only
Clc1ccc(C(c2ccccc2Cl)C(Cl)Cl)cc1	0	1	0.89466035	4	0.9256302150619626	0.7317073170731707	0.7426829268292683	0.7469637659339556	1.0	Sex-only
Cn1c(CNc2ccc(C(=N)N)cc2)nc2cc(C(=O)N(CCC(=O)O)c3ccccn3)ccc21	1	1	0.8513058	4	0.8786810220161023	0.36046511627906974	0.5344394578176708	0.6366666572568925	1.0	Sex-only
Cn1nnc(-c2ccc(-c3ccc(N4CC(CO)OC4=O)cc3F)cn2)n1	0	1	0.7833855	4	0.8725863315746116	0.7272727272727273	0.7287469287469288	0.735030691128252	0.9841269841269841	Sex-only
N#Cc1ccccc1-c1cc(-c2ccccn2)cn(-c2ccccc2)c1=O	0	1	0.6091033	4	0.910071727839079	0.7424242424242424	0.7537316017316018	0.7651674421010806	1.0	Sex-only
N=c1cc(N2CCCCC2)nc(N)n1O	1	1	0.6051269	4	0.9142149791938403	0.7666666666666667	0.7906430600551646	0.8022346062587338	1.0	Sex-only
NC(=O)C(c1ccccc1)(c1ccccc1)C1CCN(CCc2ccc3c(c2)CCO3)C1	0	1	0.7626847	4	0.8712003452219058	0.6417910447761194	0.70616094928269	0.7295506957294404	0.9850746268656716	Sex-only
NC(=O)C1CCCN1C(=O)C(Cc1c[nH]cn1)NC(=O)C1CCC(=O)N1	0	1	0.8007049	4	0.8836353353843499	0.691358024691358	0.6969888587774766	0.7241988691491853	1.0	Sex-only
NC12CC3CC(CC(C3)C1)C2	0	0	0.48640448	4	0.9584467113109755	0.8043478260869565	0.8288967761017452	0.8413330120024393	1.0	Sex-only
NNC(=O)c1ccncc1	0	1	0.532756	4	0.8805713791856074	0.6875	0.700859247135843	0.7245240241308698	1.0	Sex-only
Nc1ccc(O)c(C(=O)O)c1	1	1	0.7698257	4	0.8891586410593346	0.5	0.5893567251461989	0.6257450432889029	1.0	Sex-only
Nc1ccc(S(=O)(=O)c2ccc(N)cc2)cc1	0	1	0.8823185	4	0.9239276202657377	0.6285714285714286	0.6739170506912442	0.7226318484383001	1.0	Sex-only
Nc1ccncc1	1	1	0.657954	4	0.9326015440577857	0.7837837837837838	0.7845559845559845	0.7928088803088803	1.0	Sex-only
Nc1ccncc1N	0	1	0.5885059	4	0.9328303646241027	0.7241379310344828	0.7642797970384179	0.7845640180410295	1.0	Sex-only
Nc1nc(=O)c2c(CCc3ccc(C(=O)NC(CCC(=O)O)C(=O)O)cc3)c[nH]c2[nH]1	1	0	0.32969964	4	0.8873774064070078	0.6779661016949152	0.7246748127709893	0.7453185128404781	1.0	Sex-only
Nc1nc(=O)c2c([nH]1)NCC(CNc1ccc(C(=O)NC(CCC(=O)O)C(=O)O)cc1)N2C=O	0	0	0.38575035	4	0.883274157274834	0.7164179104477612	0.7467403243522647	0.7674634455018251	1.0	Sex-only
Nc1nc(=O)c2nc(CNc3ccc(C(=O)NC(CCC(=O)O)C(=O)O)cc3)cnc2[nH]1	0	0	0.40149775	4	0.8857331316879858	0.6833333333333333	0.716	0.7371867337720998	1.0	Sex-only
O=C(C=Cn1cnc(-c2cc(C(F)(F)F)cc(C(F)(F)F)c2)n1)NNc1cnccn1	0	0	0.33605906	4	0.9137463759024128	0.7340425531914894	0.7682008881139837	0.7826791460775816	1.0	Sex-only
O=C(CCCC=CCC1C(O)CC(O)C1CCC(O)CCc1ccccc1)OCCCCO[N+](=O)[O-]	0	0	0.3794428	4	0.8881099711236665	0.3088235294117647	0.47927909976613214	0.5894869005424085	1.0	Sex-only
O=C(NCC1CN(c2ccc(N3CCOCC3=O)cc2)C(=O)O1)c1ccc(Cl)s1	1	1	0.81167066	4	0.8874796319703716	0.7659574468085106	0.7744030812262653	0.782986516089937	1.0	Sex-only
O=C(O)c1cc(=O)c2c(OCC(O)COc3cccc4oc(C(=O)O)cc(=O)c34)cccc2o1	0	1	0.8418326	4	0.8676537206074949	0.5918367346938775	0.6399092970521542	0.6644429440738453	1.0	Sex-only
O=C(OC1CC2CCC(C1)[N+]21CCCC1)C(O)(c1ccccc1)c1ccccc1	1	1	0.8298248	4	0.8863559911802511	0.6206896551724138	0.6676035931614026	0.6963326861529607	1.0	Sex-only
O=C(OC1CN2CCC1CC2)N1CCc2ccccc2C1c1ccccc1	1	0	0.4078058	4	0.8853612719270834	0.696969696969697	0.7171075509190263	0.7350666274139989	1.0	Sex-only
O=C(c1cc(Cc2n[nH]c(=O)c3ccccc23)ccc1F)N1CCN(C(=O)C2CC2)CC1	1	0	0.4710942	4	0.8756930412824906	0.7625	0.7645061728395061	0.766650334881497	0.9855072463768116	Sex-only
O=C1CC2(CCCC2)CC(=O)N1CCCCN1CCN(c2ncccn2)CC1	1	1	0.7372616	4	0.8918629574648599	0.7297297297297297	0.7361154943763639	0.7431410866193474	1.0	Sex-only
O=C1Nc2ccc(Cl)cc2C(C#CC2CC2)(C(F)(F)F)O1	0	1	0.8212757	4	0.9038643373167308	0.7258064516129032	0.7305342208568015	0.7419524518185149	1.0	Sex-only
O=P(O)(O)C(O)(Cc1cccnc1)P(=O)(O)O	1	1	0.647421	4	0.8994280521586716	0.6111111111111112	0.6369918699186993	0.6686825036418533	1.0	Sex-only
O=P1(N(CCCl)CCCl)NCCCO1	1	1	0.5233555	4	0.9441837980147115	0.7608695652173914	0.7809529828109202	0.8069093632103679	1.0	Sex-only
O=P1(NCCCl)OCCCN1CCCl	0	0	0.35945332	4	0.9333454911667027	0.8043478260869565	0.8207290294246816	0.8317881871668358	1.0	Sex-only
O=c1ccc2ccc(OCCCCN3CCN(c4cccc5sccc45)CC3)cc2[nH]1	0	1	0.9090605	4	0.8889301839549291	0.5657894736842105	0.6613234915699939	0.7007352730944411	1.0	Sex-only
OC(Cn1cncn1)(Cn1cncn1)c1ccc(F)cc1F	1	1	0.6721083	4	0.9064435335510385	0.40384615384615385	0.4820177643707056	0.6040839431689106	1.0	Sex-only
OCCN(CCO)c1nc(N2CCCCC2)c2nc(N(CCO)CCO)nc(N3CCCCC3)c2n1	1	1	0.6289401	4	0.9224023762311273	0.8222222222222222	0.825745415982485	0.8287927983261395	1.0	Sex-only
Oc1c2c(c(O)n1CC1CCCCC1CN1CCN(c3nsc4ccccc34)CC1)C1CCC2C1	1	1	0.8498429	4	0.8990104841469705	0.7692307692307693	0.7771226874391431	0.7840441711456274	1.0	Sex-only
Oc1cc2cc(CCN3CCN(c4nsc5ccccc45)CC3)c(Cl)cc2[nH]1	0	1	0.6630119	4	0.8964139387921879	0.7272727272727273	0.7327155425219941	0.7403700887810803	1.0	Sex-only
c1cc(CN2CCCNCCNCCCNCC2)ccc1CN1CCCNCCNCCCNCC1	1	1	0.7132128	4	0.9123936209829412	0.717391304347826	0.7359308807134893	0.7590683542090191	1.0	Sex-only
