SMILES	y_true	y_pred	y_score	Test_Fold	Mean	Min	5 Nearest	9 Nearest	Max	Evaluation
Brc1c(NC2=NCCN2)ccc2nccnc12	0	0	0.27308157	0	0.9247540128556097	0.7894736842105263	0.7920515574650914	0.8019682906900951	1.0	Weight-only
C=C(C)C1CCC(C)=CC1c1c(O)cc(CCCCC)cc1O	0	0	0.24271104	0	0.9041218054134953	0.7272727272727273	0.7530303030303029	0.7735569985569986	1.0	Weight-only
C=C1C(=CC=C2CCCC3(C)C2CCC3C(C)CCCC(C)(C)O)CC(O)CC1O	0	0	0.28933597	0	0.9199702152677914	0.8076923076923077	0.810576923076923	0.8137384949756261	1.0	Weight-only
C=C1CCC(O)CC1=CC=C1CCCC2(C)C1CCC2C(C)CCCC(C)C	0	0	0.35075355	0	0.9230075503130789	0.7972972972972973	0.8098280098280097	0.8157411448550689	1.0	Weight-only
C=CC(=O)Nc1cc(Nc2ncc(C(=O)OC(C)C)c(-c3cn(C)c4ccccc34)n2)c(OC)cc1N(C)CCN(C)C	0	1	0.8161928	0	0.8749250969580629	0.26744186046511625	0.45871073031415743	0.5876852985176119	1.0	Weight-only
C=CC(N)CCC(=O)O	0	0	0.21732883	0	0.9259066575260421	0.625	0.6917204301075269	0.722347876241091	1.0	Weight-only
C=CCN1CCC23c4c5ccc(O)c4OC2C(=O)CCC3(O)C1C5	0	0	0.3323725	0	0.8964823597014143	0.7654320987654321	0.7741528762805359	0.7804661785616068	1.0	Weight-only
C=CCN1CCC23c4c5ccc(O)c4OC2C(OCCOCCOCCOCCOCCOCCOCCOC)CCC3(O)C1C5	0	0	0.3699512	0	0.8928217293690874	0.7692307692307693	0.777587844254511	0.785913774265029	1.0	Weight-only
C=CC[N+]1(C2CC3C4CCC5CC(O)C(N6CCOCC6)CC5(C)C4CCC3(C)C2OC(C)=O)CCCC1	1	1	0.5685922	0	0.9072780890935752	0.7821782178217822	0.787753532634817	0.7922920943199464	0.9880952380952381	Weight-only
C=c1c(N)c(O)c2c(c1O)N1CC3NC3C1(OC)C=2COC(N)=O	0	0	0.2728816	0	0.8959760089793455	0.7849462365591398	0.7898083216456288	0.7956419115383299	1.0	Weight-only
CC(=O)C1(O)C=C2C(=O)c3c(c(O)c4ccccc4c3O)C(=O)C2C(OC2CC(N)C(O)C(C)O2)C1	1	1	0.5648747	0	0.8877974367450802	0.7745098039215687	0.7774846033489797	0.7837384183436151	0.9857142857142858	Weight-only
CC(=O)CCCCn1c(=O)c2c(ncn2C)n(C)c1=O	1	0	0.44181642	0	0.890625727083028	0.7115384615384616	0.7404295704295704	0.7612174862174862	1.0	Weight-only
CC(=O)N(O)CCCCCNC(=O)CCC(=O)N(O)CCCCCNC(=O)CCC(=O)N(O)CCCCCN	0	1	0.7040998	0	0.9216398381655461	0.7017543859649122	0.7661746421539346	0.7914548138468516	1.0	Weight-only
CC(=O)Oc1cc2c(s1)CCN(C(C(=O)C1CC1)c1ccccc1F)C2	1	0	0.41273725	0	0.8744552399062803	0.5857142857142857	0.6557763975155281	0.7046410019349025	0.9836065573770492	Weight-only
CC(=O)Oc1ccccc1C(=O)O	1	0	0.32629845	0	0.8770108686357058	0.6744186046511628	0.6890956072351422	0.7024404249210452	1.0	Weight-only
CC(C(=O)O)c1cccc(C(=O)c2ccccc2)c1	0	0	0.3997432	0	0.8734161121014088	0.575	0.6044594594594594	0.6397669408538973	1.0	Weight-only
CC(C)(C)C(O)C=Cc1ccc2c(c1)OCO2	0	0	0.1888748	0	0.9033386944084375	0.75	0.7666666666666666	0.7807239057239058	1.0	Weight-only
CC(C)(C)NC(=O)C1CCC2C3CCC4NC(=O)C=CC4(C)C3CCC12C	0	1	0.6818874	0	0.8979226920180547	0.6714285714285714	0.6921008403361345	0.7049991281653225	1.0	Weight-only
CC(C)(N)Cc1ccccc1	0	0	0.3161755	0	0.8930557706336858	0.6666666666666666	0.7118115942028986	0.7216342118516033	1.0	Weight-only
CC(C)(NC(=O)C1CC2(O)C3Cc4ccc(O)c5c4C2(CCN3CC2CC2)C(O5)C1=O)c1nc(-c2ccccc2)no1	0	1	0.59700143	0	0.8778680411177633	0.75	0.7582568807339449	0.7669204810090914	0.9879518072289156	Weight-only
CC(C)Cc1ccc(C(C)C(=O)O)cc1	0	0	0.29705223	0	0.876382628505318	0.5789473684210527	0.6140350877192982	0.6400108799129608	1.0	Weight-only
CC(C)N=C(N)N=C(N)Nc1ccc(Cl)cc1	1	0	0.43187326	0	0.9032293713967199	0.75	0.7518867924528301	0.7564742878283388	1.0	Weight-only
CC(C)N=c1cc2n(-c3ccc(Cl)cc3)c3ccccc3nc-2cc1Nc1ccc(Cl)cc1	1	0	0.48991907	0	0.9011919812676645	0.7837837837837838	0.7849761660394571	0.7869588608829114	1.0	Weight-only
CC(C)OC(=O)CCCC=CCC1C(O)CC(O)C1CCC(O)CCc1ccccc1	0	0	0.4683152	0	0.8744470631068918	0.3088235294117647	0.5118621717692926	0.5787148517626675	1.0	Weight-only
CC(C)c1nc(CN(C)C(=O)NC(CCN2CCOCC2)C(=O)NC(CCC(Cc2ccccc2)NC(=O)OCc2cncs2)Cc2ccccc2)cs1	0	0	0.32439208	0	0.8763755523901358	0.375	0.4878571428571428	0.5891456582633053	1.0	Weight-only
CC(C)n1nccc1-c1ncccc1COc1cccc(O)c1C=O	0	0	0.33508638	0	0.8813844314761013	0.7746478873239436	0.7904363102783961	0.7926057875649115	1.0	Weight-only
CC(C=CC(C)C(C)(C)O)C1CCC2C(=CC=C3CC(O)CC(O)C3)CCCC21C	1	0	0.24544698	0	0.9171335922382194	0.7887323943661971	0.798251578436134	0.8064128413812727	1.0	Weight-only
CC(CCC(=O)O)C1CCC2C3C(O)CC4CC(O)CCC4(C)C3CC(O)C12C	1	0	0.43042058	0	0.9034883974539963	0.7634408602150538	0.7636200716845878	0.7642297420760419	1.0	Weight-only
CC(CCC(=O)O)C1CCC2C3C(O)CC4CC(O)CCC4(C)C3CCC12C	0	0	0.449768	0	0.8998326329077928	0.7647058823529411	0.765625093264094	0.7666218422309621	1.0	Weight-only
CC(CCc1ccccc1)NCC(O)c1ccc(O)c(C(N)=O)c1	1	1	0.72627866	0	0.8708876395592268	0.5686274509803921	0.5775401069518716	0.5904922801323154	1.0	Weight-only
CC(Cc1ccccc1)NC(=O)C(N)CCCCN	0	1	0.52929467	0	0.8692026838779425	0.6923076923076923	0.698051282051282	0.7059043659043659	1.0	Weight-only
CC(N)(Cc1ccc(O)cc1)C(=O)O	0	0	0.17568381	0	0.8758886371870547	0.3333333333333333	0.5531802965088474	0.6138053404911368	1.0	Weight-only
CC(N)Cc1ccccc1	0	0	0.39954066	0	0.8878237835178506	0.5757575757575758	0.6298067523873977	0.6641366617763157	1.0	Weight-only
CC(OC(=O)NCC1(CC(=O)O)CCCCC1)OC(=O)C(C)C	1	0	0.22703621	0	0.9034461415758855	0.55	0.6283050847457627	0.6973094092208971	0.9863013698630136	Weight-only
CC(OC1OCCN(Cc2n[nH]c(=O)[nH]2)C1c1ccc(F)cc1)c1cc(C(F)(F)F)cc(C(F)(F)F)c1	1	0	0.48154008	0	0.8827279455285755	0.7555555555555555	0.7556589147286822	0.7593453919035315	0.9855072463768116	Weight-only
CC(OC1OCCN(Cc2nc(=O)n(P(=O)(O)O)[nH]2)C1c1ccc(F)cc1)c1cc(C(F)(F)F)cc(C(F)(F)F)c1	0	0	0.47724336	0	0.8777086795720671	0.7604166666666666	0.7699754901960784	0.7770460530490513	0.9866666666666667	Weight-only
CC1(C)OC2COC3(COS(N)(=O)=O)OC(C)(C)OC3C2O1	0	0	0.4015975	0	0.9288692457473855	0.8297872340425532	0.8341042244835031	0.8388888881579439	1.0	Weight-only
CC1(C)SC2C(NC(=O)Cc3ccccc3)C(=O)N2C1C(=O)O	0	0	0.29213592	0	0.8542046633544096	0.26	0.29446153846153844	0.34358567358567355	1.0	Weight-only
CC12C=CC(=O)NC1CCC1C2CCC2(C)C(C(=O)Nc3cc(C(F)(F)F)ccc3C(F)(F)F)CCC12	1	1	0.61431336	0	0.8909932936442645	0.7195121951219512	0.7283112071627045	0.7365882903361982	1.0	Weight-only
CC12OC(CC1(O)CO)n1c3ccccc3c3c4c(c5c6ccccc6n2c5c31)CNC4=O	1	1	0.61855865	0	0.8804416278406458	0.7764705882352941	0.7775102599179207	0.782079343365253	1.0	Weight-only
CC1C(=NC(=O)C(NOC(C)(C)C(=O)O)c2csc(N)n2)C(=O)N1S(=O)(=O)O	1	0	0.23946483	0	0.8901829899091964	0.7128712871287128	0.7330991163632493	0.7479199557241463	0.9850746268656716	Weight-only
CC1CCCC(C)N1CCCC(O)(c1ccccc1)c1ccccn1	1	0	0.19243158	0	0.8744375161596984	0.6666666666666666	0.6689655172413793	0.6856763925729443	1.0	Weight-only
CC1CCOC2Cn3cc(C(=O)NCc4ccc(F)cc4F)c(=O)c(O)c3C(=O)N12	0	0	0.32244948	0	0.8768853700174655	0.7419354838709677	0.7507792678506705	0.7588819554426931	0.9848484848484849	Weight-only
CC1COc2c(N3CCN(C)CC3)c(F)cc3c(=O)c(C(=O)O)cn1c23	0	0	0.29431233	0	0.8911924332666438	0.7684210526315789	0.7721637426900584	0.7757324067011327	0.9833333333333333	Weight-only
CCC(=O)N(c1ccccc1)C1CCN(CCc2ccccc2)CC1	0	0	0.46456987	0	0.8583365718304259	0.578125	0.6159230625931446	0.6484565354954699	1.0	Weight-only
CCC1C(O)C2C3CCC(C(C)CCC(=O)O)C3(C)CCC2C2(C)CCC(O)CC12	1	1	0.6285789	0	0.9098342150778517	0.7625	0.7750088589652728	0.7795623892352843	1.0	Weight-only
CCC1CN(C(=O)NCC(F)(F)F)CC1c1cnc2cnc3[nH]ccc3n12	0	0	0.2318213	0	0.8796216462425462	0.75	0.7615384615384615	0.769264507422402	0.9838709677419355	Weight-only
CCCCCc1cc(O)c2c(c1)OC(C)(C)C1CCC(C)=CC21	0	0	0.3841098	0	0.9010566195862989	0.7741935483870968	0.7788018433179722	0.7827143760730098	1.0	Weight-only
CCCCN1CC(O)C(O)C(O)C1CO	0	0	0.4885618	0	0.9031564260038094	0.7222222222222222	0.7453884424033677	0.7676701960284049	1.0	Weight-only
CCCNC(C)C(=O)Nc1c(C)csc1C(=O)OC	1	0	0.40566766	0	0.8908204204019301	0.7407407407407407	0.7478927203065135	0.7537553974335585	1.0	Weight-only
CCCNC(C)C(=O)Nc1ccccc1C	1	0	0.47084132	0	0.8715835302554842	0.6808510638297872	0.6942249240121581	0.7064249030499948	1.0	Weight-only
CCCNCC(O)COc1ccccc1C(=O)CCc1ccccc1	1	1	0.695644	0	0.8707706170700243	0.6229508196721312	0.627180155154795	0.6307187474547149	1.0	Weight-only
CCCSc1nc(NC2CC2c2ccc(F)c(F)c2)c2nnn(C3CC(OCCO)C(O)C3O)c2n1	1	0	0.3211961	0	0.8945929325285484	0.7941176470588235	0.7972646133925269	0.8003769954928613	1.0	Weight-only
CCCc1nc(C)c2c(=O)[nH]c(-c3cc(S(=O)(=O)N4CCN(CC)CC4)ccc3OCC)nn12	1	0	0.2442908	0	0.8872435926762522	0.7802197802197802	0.7875947581829935	0.7913281962092976	1.0	Weight-only
CCCc1nn(C)c2c(=O)[nH]c(-c3cc(S(=O)(=O)N4CCN(C)CC4)ccc3OCC)nc12	1	0	0.41299242	0	0.8843411072823942	0.7441860465116279	0.7644352954267275	0.7718774855861759	1.0	Weight-only
CCN(CC)CCOC(=O)C1(C2CCCCC2)CCCCC1	1	1	0.5328519	0	0.9016105105649271	0.6833333333333333	0.6957142857142857	0.7239699887240871	1.0	Weight-only
CCN(Cc1ccncc1)C(=O)C(CO)c1ccccc1	0	0	0.28565803	0	0.8720114109788546	0.6666666666666666	0.6711864406779661	0.6777191195085055	1.0	Weight-only
CCNC(=O)CCCC=CCC1C(O)CC(O)C1C=CC(O)CCc1ccccc1	0	0	0.46948323	0	0.8702452370810478	0.5443037974683544	0.5508051085146259	0.557741666093589	1.0	Weight-only
CCOC(=O)C(C)CC(Cc1ccc(-c2ccccc2)cc1)NC(=O)CCC(=O)O	1	0	0.44200683	0	0.8667704563443825	0.7058823529411765	0.7099491648511257	0.7144144036890206	1.0	Weight-only
CCOC(=O)C(CCc1ccccc1)NC(C)C(=O)N1C(C(=O)O)CC2CCCC21	1	1	0.5060846	0	0.8536399210261791	0.22807017543859648	0.42576964149504193	0.5605322484956352	1.0	Weight-only
CCOC(=O)C(CCc1ccccc1)NC(C)C(=O)N1C(C(=O)O)CC2CCCCC21	1	1	0.5060846	0	0.8534575729313294	0.19642857142857142	0.40678467908902693	0.5483615058093915	1.0	Weight-only
CCOC(=O)C(CCc1ccccc1)NC(C)C(=O)N1CCCC1C(=O)O	1	0	0.49469697	0	0.8516508973972172	0.484375	0.565625	0.6210171568627452	1.0	Weight-only
CCOC(=O)C(CCc1ccccc1)NC(C)C(=O)N1Cc2ccccc2CC1C(=O)O	0	1	0.56480205	0	0.860028625358448	0.5441176470588235	0.6052584670231729	0.6502549211277865	1.0	Weight-only
CCOC(=O)C(CCc1ccccc1)NC1CCc2ccccc2N(CC(=O)O)C1=O	1	0	0.47527385	0	0.853461377728487	0.7126436781609196	0.7133004926108375	0.7144491009647985	1.0	Weight-only
CCON=C(C(=O)NC1C(=O)N2C(C(=O)[O-])=C(Sc3nc(-c4cc[n+](C)cc4)cs3)CSC12)c1nsc(NP(=O)(O)O)n1	1	1	0.50186104	0	0.8909725884050901	0.6017699115044248	0.6110619469026549	0.6378605744387454	1.0	Weight-only
CCOc1cc(CC(=O)NC(CC(C)C)c2ccccc2N2CCCCC2)ccc1C(=O)O	1	1	0.5428007	0	0.854881254797006	0.7078651685393258	0.7160771258149536	0.7216105529463832	0.9838709677419355	Weight-only
CCc1ccc(CCOc2ccc(Cc3sc(=O)[nH]c3O)cc2)nc1	1	0	0.38445032	0	0.8907073786023855	0.7575757575757576	0.7633925235482665	0.7694801945409186	1.0	Weight-only
CN(CCOc1ccc(Cc2sc(=O)[nH]c2O)cc1)c1ccccn1	1	0	0.3330806	0	0.881749692290185	0.640625	0.6692234848484848	0.6962032008874873	1.0	Weight-only
CN(CCOc1ccc(NS(C)(=O)=O)cc1)CCc1ccc(NS(C)(=O)=O)cc1	1	1	0.70038307	0	0.8938824162264266	0.6231884057971014	0.6418617614269788	0.6568216507420634	1.0	Weight-only
CN1CCC(COc2cnc(-c3cccc(Cn4nc(-c5cccc(C#N)c5)ccc4=O)c3)nc2)CC1	1	1	0.5134729	0	0.8769549585686767	0.7126436781609196	0.7251596424010217	0.7349764364081767	1.0	Weight-only
CN1CCC23c4c5ccc(O)c4OC2C(=O)CCC3C1C5	0	0	0.29626986	0	0.8757680030568803	0.7333333333333333	0.7415384615384615	0.7501055806938159	1.0	Weight-only
CN1CCC23c4c5ccc(O)c4OC2C(O)C=CC3C1C5	0	0	0.26245844	0	0.8993746683915964	0.7083333333333334	0.7388461538461538	0.7612859362859363	1.0	Weight-only
CN1CCc2cccc3c2C1Cc1ccc(O)c(O)c1-3	0	0	0.30231404	0	0.8945353565301386	0.7407407407407407	0.7444444444444445	0.7522626134413515	1.0	Weight-only
CN1CCc2nc(C(=O)NC3CC(C(=O)N(C)C)CCC3NC(=O)C(=O)Nc3ccc(Cl)cn3)sc2C1	1	0	0.4242728	0	0.8825731028241924	0.7395833333333334	0.7449328916072036	0.7521062413812029	0.987012987012987	Weight-only
CNC(=O)c1ccccc1Sc1ccc2c(C=Cc3ccccn3)[nH]nc2c1	1	0	0.30914092	0	0.8866608983832825	0.7241379310344828	0.7406555981268624	0.7584281051714001	1.0	Weight-only
COC(=O)C(c1ccccc1)C1CCCCN1	0	1	0.5002865	0	0.8526115086957043	0.6785714285714286	0.6785714285714286	0.6894135055152005	1.0	Weight-only
COC(=O)NC(C(=O)N1CCCC1c1nc(-c2ccc(-c3ccc(-c4c[nH]c(C5CCCN5C(=O)C(NC(=O)OC)C(C)C)n4)cc3)cc2)c[nH]1)C(C)C	1	0	0.3392928	0	0.8710343190774024	0.691358024691358	0.721704500199124	0.7355012791094034	1.0	Weight-only
COC12CCC3(CC1C(C)(O)C(C)(C)C)C1Cc4ccc(O)c5c4C3(CCN1CC1CC1)C2O5	0	0	0.39252186	0	0.8982261582833805	0.7528089887640449	0.766685393258427	0.7771725933242787	1.0	Weight-only
COC1C(N(C)C(=O)c2ccccc2)CC2OC1(C)n1c3ccccc3c3c4c(c5c6ccccc6n2c5c31)C(=O)NC4	1	1	0.5974539	0	0.8836548503400681	0.7888888888888889	0.7973707472504883	0.801707137973915	1.0	Weight-only
COC1C=COC2(C)Oc3c(C)c(O)c4c(O)c(c5c(nc6cc(C)ccn65)c4c3C2=O)NC(=O)C(C)=CC=CC(C)C(O)C(C)C(O)C(C)C(OC(C)=O)C1C	0	0	0.31488216	0	0.8977617390736369	0.8031496062992126	0.8039236620846124	0.8085111194617737	1.0	Weight-only
COCC(NC(C)=O)C(=O)NCc1ccccc1	1	0	0.49625534	0	0.8642437400116444	0.6585365853658537	0.6942479674796748	0.7086851778489982	1.0	Weight-only
COCCCCC(=NOCCN)c1ccc(C(F)(F)F)cc1	0	1	0.5180596	0	0.9013100899115879	0.7377049180327869	0.7450819672131148	0.7559120775050723	1.0	Weight-only
COc1c(C)c2c(c(O)c1CC=C(C)CCC(=O)O)C(=O)OC2	0	0	0.26921088	0	0.8963507092376889	0.7706422018348624	0.7734018907381769	0.776030504616023	0.9861111111111112	Weight-only
COc1c(C)c2c(c(O)c1CC=C(C)CCC(=O)OCCN1CCOCC1)C(=O)OC2	0	0	0.27496406	0	0.8943780300563314	0.776595744680851	0.7864996495949319	0.7903278560747933	0.9873417721518988	Weight-only
COc1c(N2CC3CCCNC3C2)c(F)cc2c(=O)c(C(=O)O)cn(C3CC3)c12	1	0	0.31207472	0	0.8823854206982733	0.7604166666666666	0.7669296116504855	0.7741082295087149	0.9852941176470589	Weight-only
COc1c(OCCCN2CCOCC2)ccc2c3n(c(=NC(=O)c4cnc(N)nc4)nc12)CCN3	1	1	0.5745175	0	0.8808255027908155	0.6804123711340206	0.708434901979573	0.7290252682309339	1.0	Weight-only
COc1cc(Nc2ncc(F)c(Nc3ccc4c(n3)N(COP(=O)(O)O)C(=O)C(C)(C)O4)n2)cc(OC)c1OC	0	1	0.5254506	0	0.882912209998612	0.7333333333333333	0.7387951807228915	0.7484824910918666	0.9866666666666667	Weight-only
COc1ccc(C2Sc3ccccc3N(CCN(C)C)C(=O)C2OC(C)=O)cc1	1	1	0.6686689	0	0.8746118713393002	0.6764705882352942	0.6991596638655463	0.716447226663945	0.9841269841269841	Weight-only
COc1ccc(CCN(C)CCCC(C#N)(c2ccc(OC)c(OC)c2)C(C)C)cc1OC	1	1	0.7275825	0	0.9044519051822221	0.7532467532467533	0.7615576615576616	0.7701012701012702	1.0	Weight-only
COc1ccc2c(c1)C13CCCCC1C(C2)N(C)CC3	0	0	0.42805153	0	0.8973899655717562	0.6721311475409836	0.7045773898232914	0.727123262220259	1.0	Weight-only
COc1ccc2c3c1OC1C(=O)CCC4(O)C(C2)N(C)CCC314	0	0	0.44192153	0	0.8762003800144058	0.625	0.6599315068493151	0.6882004981320051	1.0	Weight-only
COc1ccc2c3c1OC1C(=O)CCC4C(C2)N(C)CCC314	0	0	0.40261495	0	0.8800472410782624	0.6338028169014085	0.6750623386582718	0.7068063616199317	1.0	Weight-only
COc1ccc2c3c1OC1C(O)C=CC4C(C2)N(C)CCC341	0	0	0.37231144	0	0.8944609313647077	0.5882352941176471	0.6583957219251337	0.7093303535796951	1.0	Weight-only
COc1cccc(N2CCN(C3=Nc4c(F)cccc4C(CC(=O)O)N3c3cc(C(F)(F)F)ccc3OC)CC2)c1	0	1	0.6234125	0	0.872509117191381	0.7303370786516854	0.7391546281433922	0.7450644261857966	0.9855072463768116	Weight-only
COc1cccc2c(O)c3c(c(O)c12)C(=O)C1=C(CC(O)(C(=O)CO)CC1OC1CC(N)C(O)C(C)O1)C3=O	1	1	0.6836702	0	0.8811212769973017	0.7739130434782608	0.7743478260869565	0.7755636070853461	1.0	Weight-only
COc1cccc2c(O)c3c(c(O)c12)C(=O)C1=C(CC(O)(C(C)=O)CC1OC1CC(N)C(O)C(C)O1)C3=O	1	1	0.50576365	0	0.8888522107588888	0.7684210526315789	0.77377990430622	0.7811142275752077	0.9873417721518988	Weight-only
C[N+]1(C)C2CC(OC(=O)C(O)(c3cccs3)c3cccs3)CC1C1OC12	0	0	0.29283598	0	0.8878761865396967	0.6885245901639344	0.6964350767629457	0.7037273594650645	1.0	Weight-only
Cc1[nH]c2ccccc2c1CCNCc1ccc(C=CC(O)=NO)cc1	1	0	0.25064114	0	0.9025366194207392	0.7721518987341772	0.7832911392405062	0.7915403448455487	1.0	Weight-only
Cc1ccc(-n2[nH]c(C)c(N=Nc3cccc(-c4cccc(C(=O)O)c4)c3O)c2=O)cc1C	0	0	0.44126385	0	0.8866568133443412	0.7303370786516854	0.7458945548833189	0.7645887065406992	0.9850746268656716	Weight-only
Cc1cn2nc(-c3cc(=O)n4cc(N5CCNC6(CC6)C5)ccc4n3)cc(C)c2n1	1	0	0.24755354	0	0.8939158294957382	0.7446808510638298	0.7519631498135555	0.7622124054812782	1.0	Weight-only
Clc1ccc2nsnc2c1NC1=NCCN1	1	0	0.24714796	0	0.9251883173807227	0.8166666666666667	0.82125	0.8251379375951294	1.0	Weight-only
Clc1cccc(Cl)c1NC1=NCCN1	1	0	0.26468715	0	0.9117000977274411	0.7272727272727273	0.7494071146245058	0.7688305308054754	1.0	Weight-only
Cn1c(=O)c2[nH]cnc2n(C)c1=O	1	0	0.32917726	0	0.9103130717483703	0.7317073170731707	0.7488826047680768	0.7624917162445146	1.0	Weight-only
Cn1c(=O)c2c(ncn2C)n(C)c1=O	0	0	0.4578393	0	0.9105411849536832	0.7209302325581395	0.7436692506459948	0.7627272315154813	1.0	Weight-only
Cn1c(CCCC(=O)O)nc2cc(N(CCCl)CCCl)ccc21	1	1	0.7389915	0	0.8764939918545601	0.6052631578947368	0.6321234119782215	0.6630057190612508	0.9824561403508771	Weight-only
Cn1cc(-c2cc3c(N4CCN(c5ncc(C(C)(N)c6ccc(F)cc6)cn5)CC4)ncnn3c2)cn1	0	1	0.5330255	0	0.9075417963690549	0.7789473684210526	0.7855502392344498	0.7900336128689269	1.0	Weight-only
FC(F)OC(Cl)C(F)(F)F	1	0	0.3213919	0	0.9711858852232088	0.85	0.8665217391304347	0.8798981804327493	1.0	Weight-only
FC(F)OC(F)C(F)(F)F	1	0	0.31923905	0	0.9740153492759318	0.8333333333333334	0.8534108527131783	0.8674692663064757	1.0	Weight-only
FCOC(C(F)(F)F)C(F)(F)F	1	0	0.30292225	0	0.9610928118003166	0.8421052631578947	0.8467265725288831	0.8531333877932079	1.0	Weight-only
Fc1ccc(C2CCNCC2COc2ccc3c(c2)OCO3)cc1	1	0	0.2841341	0	0.9059939440375526	0.7567567567567568	0.7578515224084844	0.7608280646255329	1.0	Weight-only
N#Cc1ccc2[nH]cc(CCCCN3CCN(c4ccc5oc(C(N)=O)cc5c4)CC3)c2c1	0	1	0.54504144	0	0.8873224656169276	0.7073170731707317	0.7120306933406413	0.717139398922079	1.0	Weight-only
N=C(N=C(N)NCCCCCCN=C(N)N=C(N)Nc1ccc(Cl)cc1)Nc1ccc(Cl)cc1	0	0	0.47420946	0	0.91404681471255	0.8135593220338984	0.8148022598870057	0.8170230266784865	1.0	Weight-only
NC(=O)C1CCC2CN1C(=O)N2OS(=O)(=O)O	0	0	0.48109537	0	0.9075065494277158	0.7796610169491526	0.7847777422449633	0.7901040151120101	1.0	Weight-only
NC(=O)CS(=O)C(c1ccccc1)c1ccccc1	0	1	0.55990565	0	0.8809948490044984	0.7045454545454546	0.7169090909090908	0.7218725718725718	1.0	Weight-only
NC(=O)OCC(N)Cc1ccccc1	1	0	0.4506595	0	0.8740415210038449	0.5853658536585366	0.6388913525498892	0.6582670318681797	1.0	Weight-only
NC(=O)c1cccc2cn(-c3ccc(C4CCCNC4)cc3)nc12	0	0	0.35056436	0	0.8858922659466304	0.7640449438202247	0.7675178753830438	0.7715166647750916	1.0	Weight-only
NC(O)=NO	0	0	0.29986805	0	0.9665287496092245	0.8148148148148148	0.8168350168350168	0.8260916038693815	1.0	Weight-only
NCC1CCC(C(=O)O)CC1	1	0	0.27212995	0	0.915914522019987	0.75	0.7558823529411764	0.7715686274509803	1.0	Weight-only
NCCCCC(NC(CCc1ccccc1)C(=O)O)C(=O)N1CCCC1C(=O)O	0	0	0.4947232	0	0.8715331688405767	0.691358024691358	0.6919278252611587	0.7033171597011753	1.0	Weight-only
NS(=O)(=O)Cc1noc2ccccc12	0	0	0.31565547	0	0.9022185823419047	0.7142857142857143	0.7621101270696958	0.7693961548660256	1.0	Weight-only
O=C(CCCCCCC(O)=NO)Nc1ccccc1	1	0	0.21805497	0	0.8861298291588229	0.7435897435897436	0.7476923076923077	0.7556267806267806	1.0	Weight-only
O=C(NCc1c(F)cc(F)cc1F)c1cn2c(c(O)c1=O)C(=O)N1C3CCC(C3)OC1C2	1	0	0.29013076	0	0.8923466761810851	0.7714285714285715	0.7723437023792592	0.7748364772125276	0.9838709677419355	Weight-only
O=C(Nc1c(Cl)cncc1Cl)c1ccc(OC(F)F)c(OCC2CC2)c1	0	0	0.49077436	0	0.8717909405366993	0.7325581395348837	0.7347729789590255	0.7423545446801261	0.9830508474576272	Weight-only
O=C(O)CCCCCCCC(=O)O	1	0	0.29745486	0	0.9305120330801749	0.65	0.6714814814814816	0.6926219870664316	1.0	Weight-only
O=C(O)CCCc1ccc(N(CCCl)CCCl)cc1	0	1	0.6073246	0	0.8945806072349318	0.4634146341463415	0.5857410881801126	0.6680246582685607	1.0	Weight-only
O=C(O)CNC(=O)c1ncc(-c2cccc(Cl)c2)cc1O	1	1	0.61768174	0	0.8769055311066986	0.7090909090909091	0.7175180375180376	0.7288680455347122	1.0	Weight-only
O=C(O)Cc1ccccc1Nc1c(Cl)cccc1Cl	0	0	0.25893515	0	0.8789867403254663	0.6428571428571429	0.6754355922770666	0.708767515298752	1.0	Weight-only
O=C(O)c1ccc(-n2nc(-c3ccccc3O)nc2-c2ccccc2O)cc1	0	0	0.43797663	0	0.8758272493686229	0.7567567567567568	0.7567567567567568	0.7584727584727585	1.0	Weight-only
O=C(O)c1ccc2nc(-c3cc(Cl)cc(Cl)c3)oc2c1	1	0	0.41783017	0	0.8915101768989006	0.75	0.7602222222222222	0.7667121507472384	1.0	Weight-only
O=C(O)c1cn(C2CC2)c2cc(N3CCNCC3)c(F)cc2c1=O	0	0	0.31068227	0	0.8920548530679345	0.7349397590361446	0.7425023169601482	0.7481999554568903	0.9841269841269841	Weight-only
O=C(OC1C[N+]2(CCCOc3ccccc3)CCC1CC2)C(O)(c1cccs1)c1cccs1	0	0	0.34017095	0	0.8840013066732957	0.5409836065573771	0.693028790650587	0.7268963366862236	0.9836065573770492	Weight-only
O=C1C(CCC(O)c2ccc(F)cc2)C(c2ccc(O)cc2)N1c1ccc(F)cc1	1	0	0.47667783	0	0.8933696397884018	0.75	0.7547619047619047	0.7595130948554285	0.9818181818181818	Weight-only
O=C1CCC2(O)C3Cc4ccc(O)c5c4C2(CCN3CC2CC2)C1O5	0	0	0.38686907	0	0.8935936200695691	0.7681159420289855	0.7719806763285024	0.7769466521219678	1.0	Weight-only
O=S(=O)(Nc1ccccc1)c1cccc(C=CC(O)=NO)c1	0	0	0.24627316	0	0.9034201346944015	0.7384615384615385	0.7415843857634903	0.754169324318578	1.0	Weight-only
O=[N+]([O-])OC1COC2C(O)COC12	1	0	0.2951389	0	0.924145832467003	0.796875	0.8114583333333334	0.8228889980047387	1.0	Weight-only
O=[N+]([O-])OCC(CO[N+](=O)[O-])O[N+](=O)[O-]	1	0	0.25498056	0	0.9429189835764995	0.8043478260869565	0.8168136211614472	0.8249608684391292	1.0	Weight-only
O=c1[nH]cnc2[nH]ncc12	1	0	0.2842718	0	0.9193504270560195	0.7058823529411765	0.7235294117647059	0.7534100596760445	1.0	Weight-only
OC(CNCC(O)C1CCc2cc(F)ccc2O1)C1CCc2cc(F)ccc2O1	1	1	0.61038965	0	0.8901994348797182	0.7692307692307693	0.7724810400866738	0.7771716680977874	1.0	Weight-only
OC(c1cc(C(F)(F)F)nc2c(C(F)(F)F)cccc12)C1CCCCN1	0	1	0.5190454	0	0.8874391125703365	0.7466666666666667	0.752225352112676	0.7603465235859601	1.0	Weight-only
OC(c1ccccc1)(c1ccccc1)C12CC[N+](CCOCc3ccccc3)(CC1)CC2	1	0	0.30644912	0	0.8949894864506961	0.711864406779661	0.7367405208848622	0.7487459183783468	1.0	Weight-only
OCC(O)c1oc(O)c(O)c1O	1	1	0.59674776	0	0.9392098545545975	0.7692307692307693	0.7856410256410257	0.7944251944251943	1.0	Weight-only
OCC1NCC(O)C(O)C1O	1	0	0.44447076	0	0.9276764539453515	0.7666666666666667	0.7783673469387755	0.7932975754404326	1.0	Weight-only
Oc1c(C2=CCC(c3ccc(Cl)cc3)CC2)c(O)c2ccccc2c1O	0	0	0.3595209	0	0.9096025185976278	0.7714285714285715	0.774721549636804	0.7837621746861769	1.0	Weight-only
Oc1ccc2c3c1OC1C(O)CCC4(O)C(C2)N(CC2CCC2)CCC314	1	0	0.4439492	0	0.9031874617913593	0.7777777777777778	0.7806451612903226	0.7828127666837345	1.0	Weight-only
Brc1c(NC2=NCCN2)ccc2nccnc12	0	0	0.27297834	0	0.9247540128556097	0.7894736842105263	0.7920515574650914	0.8019682906900951	1.0	Weight-only
C=C(C)C1CCC(C)=CC1c1c(O)cc(CCCCC)cc1O	0	0	0.24320331	0	0.9041218054134953	0.7272727272727273	0.7530303030303029	0.7735569985569986	1.0	Weight-only
C=C1C(=CC=C2CCCC3(C)C2CCC3C(C)C=CC(C)C(C)C)CC(O)CC1O	0	0	0.24824363	0	0.9172518405608215	0.8	0.8099806076276664	0.8161459455577101	1.0	Weight-only
C=C1C(=CC=C2CCCC3(C)C2CCC3C(C)C=CC(O)C2CC2)CC(O)CC1O	0	0	0.2782017	0	0.9217680545377811	0.7894736842105263	0.8018654230512992	0.8080203989160898	1.0	Weight-only
C=C1C(=CC=C2CCCC3(C)C2CCC3C(C)CCCC(C)(C)O)CC(O)CC1O	1	0	0.29037324	0	0.9199702152677914	0.8076923076923077	0.810576923076923	0.8137384949756261	1.0	Weight-only
C=C1CCC(O)CC1=CC=C1CCCC2(C)C1CCC2C(C)CCCC(C)(C)O	1	0	0.3062185	0	0.9214054475672752	0.8051948051948052	0.8170779220779222	0.8221673764356692	1.0	Weight-only
C=C1CCC(O)CC1=CC=C1CCCC2(C)C1CCC2C(C)CCCC(C)C	0	0	0.35185653	0	0.9230075503130789	0.7972972972972973	0.8098280098280097	0.8157411448550689	1.0	Weight-only
C=CC(=O)Nc1cc(Nc2ncc(C(=O)OC(C)C)c(-c3cn(C)c4ccccc34)n2)c(OC)cc1N(C)CCN(C)C	0	1	0.81658405	0	0.8749250969580629	0.26744186046511625	0.45871073031415743	0.5876852985176119	1.0	Weight-only
C=CC(N)CCC(=O)O	0	0	0.21800311	0	0.9259066575260421	0.625	0.6917204301075269	0.722347876241091	1.0	Weight-only
C=CCN1CCC23c4c5ccc(O)c4OC2C(=O)CCC3(O)C1C5	0	0	0.3327433	0	0.8964823597014143	0.7654320987654321	0.7741528762805359	0.7804661785616068	1.0	Weight-only
C=CCN1CCC23c4c5ccc(O)c4OC2C(OCCOCCOCCOCCOCCOCCOCCOC)CCC3(O)C1C5	0	0	0.3708237	0	0.8928217293690874	0.7692307692307693	0.777587844254511	0.785913774265029	1.0	Weight-only
C=CC[N+]1(C2CC3C4CCC5CC(O)C(N6CCOCC6)CC5(C)C4CCC3(C)C2OC(C)=O)CCCC1	1	1	0.5696814	0	0.9072780890935752	0.7821782178217822	0.787753532634817	0.7922920943199464	0.9880952380952381	Weight-only
C=c1c(N)c(O)c2c(c1O)N1CC3NC3C1(OC)C=2COC(N)=O	1	0	0.27384728	0	0.8959760089793455	0.7849462365591398	0.7898083216456288	0.7956419115383299	1.0	Weight-only
CC(=Cc1csc(C)n1)C1CC2OC2(C)CCCC(C)C(O)C(C)C(=O)C(C)(C)C(O)CC(=O)N1	1	0	0.28850847	0	0.9048710551929312	0.7976190476190477	0.8023809523809524	0.806416468241613	1.0	Weight-only
CC(=O)C1(O)C=C2C(=O)c3c(c(O)c4ccccc4c3O)C(=O)C2C(OC2CC(N)C(O)C(C)O2)C1	1	1	0.5659548	0	0.8877974367450802	0.7745098039215687	0.7774846033489797	0.7837384183436151	0.9857142857142858	Weight-only
CC(=O)CCCCn1c(=O)c2c(ncn2C)n(C)c1=O	1	0	0.44274998	0	0.890625727083028	0.7115384615384616	0.7404295704295704	0.7612174862174862	1.0	Weight-only
CC(=O)Oc1cc2c(s1)CCN(C(C(=O)C1CC1)c1ccccc1F)C2	1	0	0.41383916	0	0.8744552399062803	0.5857142857142857	0.6557763975155281	0.7046410019349025	0.9836065573770492	Weight-only
CC(=O)Oc1ccccc1C(=O)O	1	0	0.32747784	0	0.8770108686357058	0.6744186046511628	0.6890956072351422	0.7024404249210452	1.0	Weight-only
CC(C(=O)O)c1cccc(C(=O)c2ccccc2)c1	1	0	0.40281236	0	0.8734161121014088	0.575	0.6044594594594594	0.6397669408538973	1.0	Weight-only
CC(C)(C)NC(=O)C1CCC2C3CCC4NC(=O)C=CC4(C)C3CCC12C	0	1	0.6829095	0	0.8979226920180547	0.6714285714285714	0.6921008403361345	0.7049991281653225	1.0	Weight-only
CC(C)(N)Cc1ccccc1	1	0	0.31695917	0	0.8930557706336858	0.6666666666666666	0.7118115942028986	0.7216342118516033	1.0	Weight-only
CC(C)Cc1ccc(C(C)C(=O)O)cc1	0	0	0.29800764	0	0.876382628505318	0.5789473684210527	0.6140350877192982	0.6400108799129608	1.0	Weight-only
CC(C)N=C(N)N=C(N)Nc1ccc(Cl)cc1	0	0	0.432662	0	0.9032293713967199	0.75	0.7518867924528301	0.7564742878283388	1.0	Weight-only
CC(C)N=c1cc2n(-c3ccc(Cl)cc3)c3ccccc3nc-2cc1Nc1ccc(Cl)cc1	1	0	0.49052697	0	0.9011919812676645	0.7837837837837838	0.7849761660394571	0.7869588608829114	1.0	Weight-only
CC(C)OC(=O)CCCC=CCC1C(O)CC(O)C1CCC(O)CCc1ccccc1	0	0	0.4694453	0	0.8744470631068918	0.3088235294117647	0.5118621717692926	0.5787148517626675	1.0	Weight-only
CC(C)c1nc(CN(C)C(=O)NC(CCN2CCOCC2)C(=O)NC(CCC(Cc2ccccc2)NC(=O)OCc2cncs2)Cc2ccccc2)cs1	0	0	0.32540837	0	0.8763755523901358	0.375	0.4878571428571428	0.5891456582633053	1.0	Weight-only
CC(C)n1nccc1-c1ncccc1COc1cccc(O)c1C=O	0	0	0.33588937	0	0.8813844314761013	0.7746478873239436	0.7904363102783961	0.7926057875649115	1.0	Weight-only
CC(C=CC(C)C(C)(C)O)C1CCC2C(=CC=C3CC(O)CC(O)C3)CCCC21C	1	0	0.24652115	0	0.9171335922382194	0.7887323943661971	0.798251578436134	0.8064128413812727	1.0	Weight-only
CC(CCC(=O)O)C1CCC2C3C(O)CC4CC(O)CCC4(C)C3CCC12C	0	0	0.45092008	0	0.8998326329077928	0.7647058823529411	0.765625093264094	0.7666218422309621	1.0	Weight-only
CC(CCc1ccccc1)NCC(O)c1ccc(O)c(C(N)=O)c1	1	1	0.7273608	0	0.8708876395592268	0.5686274509803921	0.5775401069518716	0.5904922801323154	1.0	Weight-only
CC(Cc1ccccc1)NC(=O)C(N)CCCCN	0	1	0.5303877	0	0.8692026838779425	0.6923076923076923	0.698051282051282	0.7059043659043659	1.0	Weight-only
CC(N)Cc1ccccc1	0	0	0.40052968	0	0.8878237835178506	0.5757575757575758	0.6298067523873977	0.6641366617763157	1.0	Weight-only
CC(OC1OCCN(Cc2n[nH]c(=O)[nH]2)C1c1ccc(F)cc1)c1cc(C(F)(F)F)cc(C(F)(F)F)c1	1	0	0.48265982	0	0.8827279455285755	0.7555555555555555	0.7556589147286822	0.7593453919035315	0.9855072463768116	Weight-only
CC(OC1OCCN(Cc2nc(=O)n(P(=O)(O)O)[nH]2)C1c1ccc(F)cc1)c1cc(C(F)(F)F)cc(C(F)(F)F)c1	0	0	0.480573	0	0.8777086795720671	0.7604166666666666	0.7699754901960784	0.7770460530490513	0.9866666666666667	Weight-only
CC1(C)OC2COC3(COS(N)(=O)=O)OC(C)(C)OC3C2O1	0	0	0.402209	0	0.9288692457473855	0.8297872340425532	0.8341042244835031	0.8388888881579439	1.0	Weight-only
CC12C=CC(=O)NC1CCC1C2CCC2(C)C(C(=O)Nc3cc(C(F)(F)F)ccc3C(F)(F)F)CCC12	1	1	0.6153837	0	0.8909932936442645	0.7195121951219512	0.7283112071627045	0.7365882903361982	1.0	Weight-only
CC1C(=NC(=O)C(NOC(C)(C)C(=O)O)c2csc(N)n2)C(=O)N1S(=O)(=O)O	0	0	0.24041657	0	0.8901829899091964	0.7128712871287128	0.7330991163632493	0.7479199557241463	0.9850746268656716	Weight-only
CC1CCOC2Cn3cc(C(=O)NCc4ccc(F)cc4F)c(=O)c(O)c3C(=O)N12	1	0	0.32357794	0	0.8768853700174655	0.7419354838709677	0.7507792678506705	0.7588819554426931	0.9848484848484849	Weight-only
CC1COC2Cn3cc(C(=O)NCc4ccc(F)cc4F)c(=O)c(O)c3C(=O)N12	0	0	0.30914947	0	0.8759805067579326	0.7362637362637363	0.744788544788545	0.7555222555222555	0.984375	Weight-only
CC1COc2c(N3CCN(C)CC3)c(F)cc3c(=O)c(C(=O)O)cn1c23	0	0	0.29549348	0	0.8911924332666438	0.7684210526315789	0.7721637426900584	0.7757324067011327	0.9833333333333333	Weight-only
CCC(=O)N(c1ccccc1)C1CCN(CCc2ccccc2)CC1	0	0	0.46575662	0	0.8583365718304259	0.578125	0.6159230625931446	0.6484565354954699	1.0	Weight-only
CCC1C(O)C2C3CCC(C(C)CCC(=O)O)C3(C)CCC2C2(C)CCC(O)CC12	0	1	0.6296691	0	0.9098342150778517	0.7625	0.7750088589652728	0.7795623892352843	1.0	Weight-only
CCC1CN(C(=O)NCC(F)(F)F)CC1c1cnc2cnc3[nH]ccc3n12	0	0	0.23260647	0	0.8796216462425462	0.75	0.7615384615384615	0.769264507422402	0.9838709677419355	Weight-only
CCCCCCCCCCCCC[N+](C)(C)Cc1ccccc1	1	1	0.52056706	0	0.9024807878567968	0.6857142857142857	0.7185382059800665	0.7410917861356137	1.0	Weight-only
CCCNC(C)C(=O)Nc1c(C)csc1C(=O)OC	1	0	0.40670595	0	0.8908204204019301	0.7407407407407407	0.7478927203065135	0.7537553974335585	1.0	Weight-only
CCCNCC(O)COc1ccccc1C(=O)CCc1ccccc1	1	1	0.6962601	0	0.8707706170700243	0.6229508196721312	0.627180155154795	0.6307187474547149	1.0	Weight-only
CCCSc1nc(NC2CC2c2ccc(F)c(F)c2)c2nnn(C3CC(OCCO)C(O)C3O)c2n1	1	0	0.3223816	0	0.8945929325285484	0.7941176470588235	0.7972646133925269	0.8003769954928613	1.0	Weight-only
CCCc1nc(C)c2c(=O)[nH]c(-c3cc(S(=O)(=O)N4CCN(CC)CC4)ccc3OCC)nn12	1	0	0.24530843	0	0.8872435926762522	0.7802197802197802	0.7875947581829935	0.7913281962092976	1.0	Weight-only
CCCc1nn(C)c2c(=O)[nH]c(-c3cc(S(=O)(=O)N4CCN(C)CC4)ccc3OCC)nc12	1	0	0.41404188	0	0.8843411072823942	0.7441860465116279	0.7644352954267275	0.7718774855861759	1.0	Weight-only
CCN(CC)CCOC(=O)C1(C2CCCCC2)CCCCC1	1	1	0.5340374	0	0.9016105105649271	0.6833333333333333	0.6957142857142857	0.7239699887240871	1.0	Weight-only
CCN(Cc1ccncc1)C(=O)C(CO)c1ccccc1	1	0	0.28661892	0	0.8720114109788546	0.6666666666666666	0.6711864406779661	0.6777191195085055	1.0	Weight-only
CCNC(=O)CCCC=CCC1C(O)CC(O)C1C=CC(O)CCc1ccccc1	0	0	0.47062138	0	0.8702452370810478	0.5443037974683544	0.5508051085146259	0.557741666093589	1.0	Weight-only
CCOC(=O)C(C)CC(Cc1ccc(-c2ccccc2)cc1)NC(=O)CCC(=O)O	1	0	0.4452586	0	0.8667704563443825	0.7058823529411765	0.7099491648511257	0.7144144036890206	1.0	Weight-only
CCOC(=O)C(CCc1ccccc1)NC(C)C(=O)N1C(C(=O)O)CC2CCCC21	1	1	0.50727075	0	0.8536399210261791	0.22807017543859648	0.42576964149504193	0.5605322484956352	1.0	Weight-only
CCOC(=O)C(CCc1ccccc1)NC(C)C(=O)N1C(C(=O)O)CC2CCCCC21	1	1	0.50727075	0	0.8534575729313294	0.19642857142857142	0.40678467908902693	0.5483615058093915	1.0	Weight-only
CCOC(=O)C(CCc1ccccc1)NC(C)C(=O)N1CCCC1C(=O)O	1	0	0.49586916	0	0.8516508973972172	0.484375	0.565625	0.6210171568627452	1.0	Weight-only
CCOC(=O)C(CCc1ccccc1)NC(C)C(=O)N1Cc2ccccc2CC1C(=O)O	1	1	0.5659718	0	0.860028625358448	0.5441176470588235	0.6052584670231729	0.6502549211277865	1.0	Weight-only
CCOC(=O)C(CCc1ccccc1)NC1CCc2ccccc2N(CC(=O)O)C1=O	1	0	0.4763524	0	0.853461377728487	0.7126436781609196	0.7133004926108375	0.7144491009647985	1.0	Weight-only
CCON=C(C(=O)NC1C(=O)N2C(C(=O)[O-])=C(Sc3nc(-c4cc[n+](C)cc4)cs3)CSC12)c1nsc(NP(=O)(O)O)n1	1	1	0.5027654	0	0.8909725884050901	0.6017699115044248	0.6110619469026549	0.6378605744387454	1.0	Weight-only
CCOc1cc(CC(=O)NC(CC(C)C)c2ccccc2N2CCCCC2)ccc1C(=O)O	1	1	0.5439663	0	0.854881254797006	0.7078651685393258	0.7160771258149536	0.7216105529463832	0.9838709677419355	Weight-only
CCc1ccc(CCOc2ccc(Cc3sc(=O)[nH]c3O)cc2)nc1	1	0	0.38563657	0	0.8907073786023855	0.7575757575757576	0.7633925235482665	0.7694801945409186	1.0	Weight-only
CN(CCOc1ccc(Cc2sc(=O)[nH]c2O)cc1)c1ccccn1	1	0	0.33412337	0	0.881749692290185	0.640625	0.6692234848484848	0.6962032008874873	1.0	Weight-only
CN(CCOc1ccc(NS(C)(=O)=O)cc1)CCc1ccc(NS(C)(=O)=O)cc1	1	1	0.7013366	0	0.8938824162264266	0.6231884057971014	0.6418617614269788	0.6568216507420634	1.0	Weight-only
CN1CCC23c4c5ccc(O)c4OC2C(=O)CCC3(O)C1C5	0	0	0.3371774	0	0.8795001062641307	0.75	0.7515384615384615	0.7578666603265709	1.0	Weight-only
CN1CCC23c4c5ccc(O)c4OC2C(=O)CCC3C1C5	0	0	0.29716927	0	0.8757680030568803	0.7333333333333333	0.7415384615384615	0.7501055806938159	1.0	Weight-only
CN1CCC23c4c5ccc(O)c4OC2C(O)C=CC3C1C5	0	0	0.2632757	0	0.8993746683915964	0.7083333333333334	0.7388461538461538	0.7612859362859363	1.0	Weight-only
CN1CCc2cccc3c2C1Cc1ccc(O)c(O)c1-3	0	0	0.30330986	0	0.8945353565301386	0.7407407407407407	0.7444444444444445	0.7522626134413515	1.0	Weight-only
CN1CCc2nc(C(=O)NC3CC(C(=O)N(C)C)CCC3NC(=O)C(=O)Nc3ccc(Cl)cn3)sc2C1	1	0	0.4253734	0	0.8825731028241924	0.7395833333333334	0.7449328916072036	0.7521062413812029	0.987012987012987	Weight-only
CNC(=O)c1ccccc1Sc1ccc2c(C=Cc3ccccn3)[nH]nc2c1	1	0	0.30984545	0	0.8866608983832825	0.7241379310344828	0.7406555981268624	0.7584281051714001	1.0	Weight-only
CNC(C)Cc1ccccc1	1	0	0.47788006	0	0.8925798654470606	0.6	0.6077419354838709	0.6314129814504909	1.0	Weight-only
CNNCc1ccc(C(=O)NC(C)C)cc1	1	0	0.3929462	0	0.8691211152474163	0.6862745098039216	0.6895119586296057	0.6959244510576365	1.0	Weight-only
COC(=O)C(c1ccccc1)C1CCCCN1	0	1	0.5014734	0	0.8526115086957043	0.6785714285714286	0.6785714285714286	0.6894135055152005	1.0	Weight-only
COC(=O)CC(O)(CCCC(C)(C)O)C(=O)OC1C(OC)=CC23CCCN2CCc2cc4c(cc2C13)OCO4	0	0	0.40190575	0	0.8870528443189107	0.7818181818181819	0.7839845261121857	0.7870438107640552	0.9866666666666667	Weight-only
COC(=O)NC(C(=O)N1CCCC1c1nc(-c2ccc(-c3ccc(-c4c[nH]c(C5CCCN5C(=O)C(NC(=O)OC)C(C)C)n4)cc3)cc2)c[nH]1)C(C)C	1	0	0.34042922	0	0.8710343190774024	0.691358024691358	0.721704500199124	0.7355012791094034	1.0	Weight-only
COC12CCC3(CC1C(C)(O)C(C)(C)C)C1Cc4ccc(O)c5c4C3(CCN1CC1CC1)C2O5	0	0	0.3931086	0	0.8982261582833805	0.7528089887640449	0.766685393258427	0.7771725933242787	1.0	Weight-only
COC1C(N(C)C(=O)c2ccccc2)CC2OC1(C)n1c3ccccc3c3c4c(c5c6ccccc6n2c5c31)C(=O)NC4	1	1	0.6003481	0	0.8836548503400681	0.7888888888888889	0.7973707472504883	0.801707137973915	1.0	Weight-only
COC1C=COC2(C)Oc3c(C)c(O)c4c(O)c(c5c(nc6cc(C)ccn65)c4c3C2=O)NC(=O)C(C)=CC=CC(C)C(O)C(C)C(O)C(C)C(OC(C)=O)C1C	0	0	0.3154168	0	0.8977617390736369	0.8031496062992126	0.8039236620846124	0.8085111194617737	1.0	Weight-only
COCC(NC(C)=O)C(=O)NCc1ccccc1	1	0	0.49735978	0	0.8642437400116444	0.6585365853658537	0.6942479674796748	0.7086851778489982	1.0	Weight-only
COCCCCC(=NOCCN)c1ccc(C(F)(F)F)cc1	1	1	0.5211612	0	0.9013100899115879	0.7377049180327869	0.7450819672131148	0.7559120775050723	1.0	Weight-only
COc1c(C)c2c(c(O)c1CC=C(C)CCC(=O)O)C(=O)OC2	1	0	0.27295172	0	0.8963507092376889	0.7706422018348624	0.7734018907381769	0.776030504616023	0.9861111111111112	Weight-only
COc1c(C)c2c(c(O)c1CC=C(C)CCC(=O)OCCN1CCOCC1)C(=O)OC2	0	0	0.27765748	0	0.8943780300563314	0.776595744680851	0.7864996495949319	0.7903278560747933	0.9873417721518988	Weight-only
COc1c(N2CC3CCCNC3C2)c(F)cc2c(=O)c(C(=O)O)cn(C3CC3)c12	1	0	0.31323978	0	0.8823854206982733	0.7604166666666666	0.7669296116504855	0.7741082295087149	0.9852941176470589	Weight-only
COc1c(OCCCN2CCOCC2)ccc2c3n(c(=NC(=O)c4cnc(N)nc4)nc12)CCN3	1	1	0.57567465	0	0.8808255027908155	0.6804123711340206	0.708434901979573	0.7290252682309339	1.0	Weight-only
COc1cc(Nc2ncc(F)c(Nc3ccc4c(n3)N(COP(=O)(O)O)C(=O)C(C)(C)O4)n2)cc(OC)c1OC	0	1	0.5263893	0	0.882912209998612	0.7333333333333333	0.7387951807228915	0.7484824910918666	0.9866666666666667	Weight-only
COc1ccc(C2Sc3ccccc3N(CCN(C)C)C(=O)C2OC(C)=O)cc1	1	1	0.66957396	0	0.8746118713393002	0.6764705882352942	0.6991596638655463	0.716447226663945	0.9841269841269841	Weight-only
COc1ccc(CCN(C)CCCC(C#N)(c2ccc(OC)c(OC)c2)C(C)C)cc1OC	1	1	0.7283353	0	0.9044519051822221	0.7532467532467533	0.7615576615576616	0.7701012701012702	1.0	Weight-only
COc1ccc(CN(C(=O)C(N)Cc2c(C)cc(C(N)=O)cc2C)C(C)c2nc(-c3ccccc3)c[nH]2)cc1C(=O)O	0	1	0.7892761	0	0.8757688764285296	0.7319587628865979	0.7435230838189153	0.7515776966695837	1.0	Weight-only
COc1ccc2c(c1)C13CCCCC1C(C2)N(C)CC3	0	0	0.42911154	0	0.8973899655717562	0.6721311475409836	0.7045773898232914	0.727123262220259	1.0	Weight-only
COc1ccc2c3c1OC1C(=O)CCC4(O)C(C2)N(C)CCC314	0	0	0.442501	0	0.8762003800144058	0.625	0.6599315068493151	0.6882004981320051	1.0	Weight-only
COc1ccc2c3c1OC1C(=O)CCC4C(C2)N(C)CCC314	0	0	0.40373737	0	0.8800472410782624	0.6338028169014085	0.6750623386582718	0.7068063616199317	1.0	Weight-only
COc1ccc2c3c1OC1C(O)C=CC4C(C2)N(C)CCC341	0	0	0.37334633	0	0.8944609313647077	0.5882352941176471	0.6583957219251337	0.7093303535796951	1.0	Weight-only
COc1cccc(N2CCN(C3=Nc4c(F)cccc4C(CC(=O)O)N3c3cc(C(F)(F)F)ccc3OC)CC2)c1	1	1	0.6243534	0	0.872509117191381	0.7303370786516854	0.7391546281433922	0.7450644261857966	0.9855072463768116	Weight-only
COc1cccc2c(O)c3c(c(O)c12)C(=O)C1=C(CC(O)(C(=O)CO)CC1OC1CC(N)C(O)C(C)O1)C3=O	1	1	0.6842604	0	0.8811212769973017	0.7739130434782608	0.7743478260869565	0.7755636070853461	1.0	Weight-only
COc1cccc2c(O)c3c(c(O)c12)C(=O)C1=C(CC(O)(C(C)=O)CC1OC1CC(N)C(O)C(C)O1)C3=O	1	1	0.5069338	0	0.8888522107588888	0.7684210526315789	0.77377990430622	0.7811142275752077	0.9873417721518988	Weight-only
C[N+]1(C)C2CC(OC(=O)C(O)(c3cccs3)c3cccs3)CC1C1OC12	0	0	0.29402262	0	0.8878761865396967	0.6885245901639344	0.6964350767629457	0.7037273594650645	1.0	Weight-only
Cc1[nH]c2ccccc2c1CCNCc1ccc(C=CC(O)=NO)cc1	1	0	0.2512533	0	0.9025366194207392	0.7721518987341772	0.7832911392405062	0.7915403448455487	1.0	Weight-only
Cc1ccc(-n2[nH]c(C)c(N=Nc3cccc(-c4cccc(C(=O)O)c4)c3O)c2=O)cc1C	0	0	0.44409317	0	0.8866568133443412	0.7303370786516854	0.7458945548833189	0.7645887065406992	0.9850746268656716	Weight-only
Cc1ccc(N(CC2=NCCN2)c2cccc(O)c2)cc1	1	0	0.22364819	0	0.8927606160543523	0.631578947368421	0.6947368421052632	0.7250728374101324	1.0	Weight-only
Cc1cn2nc(-c3cc(=O)n4cc(N5CCNC6(CC6)C5)ccc4n3)cc(C)c2n1	0	0	0.24835578	0	0.8939158294957382	0.7446808510638298	0.7519631498135555	0.7622124054812782	1.0	Weight-only
Clc1ccc2nsnc2c1NC1=NCCN1	1	0	0.24783844	0	0.9251883173807227	0.8166666666666667	0.82125	0.8251379375951294	1.0	Weight-only
Clc1cccc(Cl)c1NC1=NCCN1	1	0	0.26553565	0	0.9117000977274411	0.7272727272727273	0.7494071146245058	0.7688305308054754	1.0	Weight-only
Cn1c(=O)c2[nH]cnc2n(C)c1=O	1	0	0.3298624	0	0.9103130717483703	0.7317073170731707	0.7488826047680768	0.7624917162445146	1.0	Weight-only
Cn1c(=O)c2c(ncn2C)n(C)c1=O	0	0	0.45874885	0	0.9105411849536832	0.7209302325581395	0.7436692506459948	0.7627272315154813	1.0	Weight-only
Cn1c(CCCC(=O)O)nc2cc(N(CCCl)CCCl)ccc21	1	1	0.7401408	0	0.8764939918545601	0.6052631578947368	0.6321234119782215	0.6630057190612508	0.9824561403508771	Weight-only
Cn1cc(-c2cc3c(N4CCN(c5ncc(C(C)(N)c6ccc(F)cc6)cn5)CC4)ncnn3c2)cn1	0	1	0.5348644	0	0.9075417963690549	0.7789473684210526	0.7855502392344498	0.7900336128689269	1.0	Weight-only
FC(F)OC(F)C(F)(F)F	1	0	0.3202194	0	0.9740153492759318	0.8333333333333334	0.8534108527131783	0.8674692663064757	1.0	Weight-only
FCOC(C(F)(F)F)C(F)(F)F	1	0	0.30380803	0	0.9610928118003166	0.8421052631578947	0.8467265725288831	0.8531333877932079	1.0	Weight-only
Fc1ccc(C2CCNCC2COc2ccc3c(c2)OCO3)cc1	0	0	0.283974	0	0.9059939440375526	0.7567567567567568	0.7578515224084844	0.7608280646255329	1.0	Weight-only
N#Cc1ccc2[nH]cc(CCCCN3CCN(c4ccc5oc(C(N)=O)cc5c4)CC3)c2c1	0	1	0.5461813	0	0.8873224656169276	0.7073170731707317	0.7120306933406413	0.717139398922079	1.0	Weight-only
N=C(N=C(N)NCCCCCCN=C(N)N=C(N)Nc1ccc(Cl)cc1)Nc1ccc(Cl)cc1	0	0	0.47531074	0	0.91404681471255	0.8135593220338984	0.8148022598870057	0.8170230266784865	1.0	Weight-only
NC(=O)C1CCC2CN1C(=O)N2OS(=O)(=O)O	1	0	0.48226106	0	0.9075065494277158	0.7796610169491526	0.7847777422449633	0.7901040151120101	1.0	Weight-only
NC(=O)CS(=O)C(c1ccccc1)c1ccccc1	0	1	0.5610648	0	0.8809948490044984	0.7045454545454546	0.7169090909090908	0.7218725718725718	1.0	Weight-only
NC(=O)OCC(N)Cc1ccccc1	1	0	0.45158613	0	0.8740415210038449	0.5853658536585366	0.6388913525498892	0.6582670318681797	1.0	Weight-only
NC(=O)c1ccc2c(c1O)C13CCN(CC4CC4)C(C2)C1(O)CCC(=O)C3	0	0	0.399181	0	0.8883992256071629	0.7605633802816901	0.7763380281690141	0.7868544600938967	1.0	Weight-only
NC(=O)c1cccc2cn(-c3ccc(C4CCCNC4)cc3)nc12	0	0	0.3517409	0	0.8858922659466304	0.7640449438202247	0.7675178753830438	0.7715166647750916	1.0	Weight-only
NC(O)=NO	0	0	0.300609	0	0.9665287496092245	0.8148148148148148	0.8168350168350168	0.8260916038693815	1.0	Weight-only
NCC1CCC(C(=O)O)CC1	1	0	0.2730378	0	0.915914522019987	0.75	0.7558823529411764	0.7715686274509803	1.0	Weight-only
NCCCCC(NC(CCc1ccccc1)C(=O)O)C(=O)N1CCCC1C(=O)O	0	0	0.49591017	0	0.8715331688405767	0.691358024691358	0.6919278252611587	0.7033171597011753	1.0	Weight-only
NNCCc1ccccc1	0	0	0.37022516	0	0.9047286843827143	0.75	0.7524390243902438	0.7551189400782897	1.0	Weight-only
NS(=O)(=O)Cc1noc2ccccc12	0	0	0.31644765	0	0.9022185823419047	0.7142857142857143	0.7621101270696958	0.7693961548660256	1.0	Weight-only
Nc1cc(Cl)c(NC2=NCCN2)c(Cl)c1	1	0	0.26923946	0	0.9200762433521393	0.7592592592592593	0.7760441292356186	0.787892384109878	1.0	Weight-only
O=C(CCCCCCC(O)=NO)Nc1ccccc1	0	0	0.21853195	0	0.8861298291588229	0.7435897435897436	0.7476923076923077	0.7556267806267806	1.0	Weight-only
O=C(NCc1c(F)cc(F)cc1F)c1cn2c(c(O)c1=O)C(=O)N1C3CCC(C3)OC1C2	0	0	0.29310396	0	0.8923466761810851	0.7714285714285715	0.7723437023792592	0.7748364772125276	0.9838709677419355	Weight-only
O=C(Nc1c(Cl)cncc1Cl)c1ccc(OC(F)F)c(OCC2CC2)c1	1	0	0.49195668	0	0.8717909405366993	0.7325581395348837	0.7347729789590255	0.7423545446801261	0.9830508474576272	Weight-only
O=C(O)CCCCC1SCC2NC(=O)NC21	1	0	0.3706279	0	0.9076036468858892	0.7096774193548387	0.718343765045739	0.7427447266256667	1.0	Weight-only
O=C(O)CCCc1ccc(N(CCCl)CCCl)cc1	1	1	0.6085093	0	0.8945806072349318	0.4634146341463415	0.5857410881801126	0.6680246582685607	1.0	Weight-only
O=C(O)Cc1ccccc1Nc1c(Cl)cccc1Cl	0	0	0.25967366	0	0.8789867403254663	0.6428571428571429	0.6754355922770666	0.708767515298752	1.0	Weight-only
O=C(O)c1ccc(-n2nc(-c3ccccc3O)nc2-c2ccccc2O)cc1	0	0	0.43916014	0	0.8758272493686229	0.7567567567567568	0.7567567567567568	0.7584727584727585	1.0	Weight-only
O=C(O)c1ccc2nc(-c3cc(Cl)cc(Cl)c3)oc2c1	1	0	0.42059398	0	0.8915101768989006	0.75	0.7602222222222222	0.7667121507472384	1.0	Weight-only
O=C(O)c1cccnc1	0	0	0.30596423	0	0.8849940971569998	0.6111111111111112	0.6403508771929824	0.6690823082610743	1.0	Weight-only
O=C(O)c1cn(C2CC2)c2cc(N3CCNCC3)c(F)cc2c1=O	0	0	0.3118578	0	0.8920548530679345	0.7349397590361446	0.7425023169601482	0.7481999554568903	0.9841269841269841	Weight-only
O=C(OC1C[N+]2(CCCOc3ccccc3)CCC1CC2)C(O)(c1cccs1)c1cccs1	0	0	0.34129378	0	0.8840013066732957	0.5409836065573771	0.693028790650587	0.7268963366862236	0.9836065573770492	Weight-only
O=C1C(CCC(O)c2ccc(F)cc2)C(c2ccc(O)cc2)N1c1ccc(F)cc1	1	0	0.47785753	0	0.8933696397884018	0.75	0.7547619047619047	0.7595130948554285	0.9818181818181818	Weight-only
O=C1CCC2(O)C3Cc4ccc(O)c5c4C2(CCN3CC2CC2)C1O5	0	0	0.3873819	0	0.8935936200695691	0.7681159420289855	0.7719806763285024	0.7769466521219678	1.0	Weight-only
O=S(=O)(Nc1ccccc1)c1cccc(C=CC(O)=NO)c1	1	0	0.24667081	0	0.9034201346944015	0.7384615384615385	0.7415843857634903	0.754169324318578	1.0	Weight-only
O=[N+]([O-])OC1COC2C(O)COC12	1	0	0.2961484	0	0.924145832467003	0.796875	0.8114583333333334	0.8228889980047387	1.0	Weight-only
O=[N+]([O-])OCC(CO[N+](=O)[O-])O[N+](=O)[O-]	1	0	0.255943	0	0.9429189835764995	0.8043478260869565	0.8168136211614472	0.8249608684391292	1.0	Weight-only
O=c1[nH]cnc2[nH]ncc12	0	0	0.2852655	0	0.9193504270560195	0.7058823529411765	0.7235294117647059	0.7534100596760445	1.0	Weight-only
OC(CNCC(O)C1CCc2cc(F)ccc2O1)C1CCc2cc(F)ccc2O1	1	1	0.61147994	0	0.8901994348797182	0.7692307692307693	0.7724810400866738	0.7771716680977874	1.0	Weight-only
OC(c1cc(C(F)(F)F)nc2c(C(F)(F)F)cccc12)C1CCCCN1	1	1	0.5201938	0	0.8874391125703365	0.7466666666666667	0.752225352112676	0.7603465235859601	1.0	Weight-only
OC(c1ccccc1)(c1ccccc1)C12CC[N+](CCOCc3ccccc3)(CC1)CC2	1	0	0.30730236	0	0.8949894864506961	0.711864406779661	0.7367405208848622	0.7487459183783468	1.0	Weight-only
OC1COC2C(O)COC12	1	0	0.3425985	0	0.9385076619434628	0.8461538461538461	0.8468227424749163	0.8496841322928279	1.0	Weight-only
OCC1NCC(O)C(O)C1O	1	0	0.4455725	0	0.9276764539453515	0.7666666666666667	0.7783673469387755	0.7932975754404326	1.0	Weight-only
Oc1c(C2=CCC(c3ccc(Cl)cc3)CC2)c(O)c2ccccc2c1O	0	0	0.3606473	0	0.9096025185976278	0.7714285714285715	0.774721549636804	0.7837621746861769	1.0	Weight-only
Oc1ccc2c3c1OC1C(O)CCC4(O)C(C2)N(CC2CCC2)CCC314	1	0	0.4450349	0	0.9031874617913593	0.7777777777777778	0.7806451612903226	0.7828127666837345	1.0	Weight-only
c1ccc2c(c1)CCCC2C1=NCCN1	0	0	0.41238537	0	0.9086956697832409	0.7142857142857143	0.7285714285714285	0.748234126984127	1.0	Weight-only
Brc1c(NC2=NCCN2)ccc2nccnc12	0	0	0.2717021	0	0.9247540128556097	0.7894736842105263	0.7920515574650914	0.8019682906900951	1.0	Weight-only
C=C(C)C1CCC(C)=CC1c1c(O)cc(CCCCC)cc1O	0	0	0.24108809	0	0.9041218054134953	0.7272727272727273	0.7530303030303029	0.7735569985569986	1.0	Weight-only
C=C1C(=CC=C2CCCC3(C)C2CCC3C(C)C=CC(C)C(C)C)CC(O)CC1O	1	0	0.24606918	0	0.9172518405608215	0.8	0.8099806076276664	0.8161459455577101	1.0	Weight-only
C=C1C(=CC=C2CCCC3(C)C2CCC3C(C)C=CC(O)C2CC2)CC(O)CC1O	0	0	0.2760585	0	0.9217680545377811	0.7894736842105263	0.8018654230512992	0.8080203989160898	1.0	Weight-only
C=C1C(=CC=C2CCCC3(C)C2CCC3C(C)CCCC(C)(C)O)CC(O)CC1O	1	0	0.28832915	0	0.9199702152677914	0.8076923076923077	0.810576923076923	0.8137384949756261	1.0	Weight-only
C=C1CCC(O)CC1=CC=C1CCCC2(C)C1CCC2C(C)CCCC(C)C	1	0	0.34935308	0	0.9230075503130789	0.7972972972972973	0.8098280098280097	0.8157411448550689	1.0	Weight-only
C=CC(=O)Nc1cc(Nc2ncc(C(=O)OC(C)C)c(-c3cn(C)c4ccccc34)n2)c(OC)cc1N(C)CCN(C)C	0	1	0.81633896	0	0.8749250969580629	0.26744186046511625	0.45871073031415743	0.5876852985176119	1.0	Weight-only
C=CC1=C(C(=O)O)N2C(=O)C(=NC(=O)C(NOCC(=O)O)c3csc(N)n3)C2SC1	1	0	0.22193983	0	0.8902282076693278	0.5747126436781609	0.6266457680250783	0.6718784615336338	1.0	Weight-only
C=CCN1CCC23c4c5ccc(O)c4OC2C(=O)CCC3(O)C1C5	0	0	0.33142236	0	0.8964823597014143	0.7654320987654321	0.7741528762805359	0.7804661785616068	1.0	Weight-only
C=CCN1CCC23c4c5ccc(O)c4OC2C(OCCOCCOCCOCCOCCOCCOCCOC)CCC3(O)C1C5	0	0	0.3690397	0	0.8928217293690874	0.7692307692307693	0.777587844254511	0.785913774265029	1.0	Weight-only
C=CC[N+]1(C2CC3C4CCC5CC(O)C(N6CCOCC6)CC5(C)C4CCC3(C)C2OC(C)=O)CCCC1	1	1	0.5688312	0	0.9072780890935752	0.7821782178217822	0.787753532634817	0.7922920943199464	0.9880952380952381	Weight-only
CC(=O)C1(O)C=C2C(=O)c3c(c(O)c4ccccc4c3O)C(=O)C2C(OC2CC(N)C(O)C(C)O2)C1	1	1	0.55297333	0	0.8877974367450802	0.7745098039215687	0.7774846033489797	0.7837384183436151	0.9857142857142858	Weight-only
CC(=O)N(O)CCCCCNC(=O)CCC(=O)N(O)CCCCCNC(=O)CCC(=O)N(O)CCCCCN	1	1	0.703696	0	0.9216398381655461	0.7017543859649122	0.7661746421539346	0.7914548138468516	1.0	Weight-only
CC(=O)Oc1cc2c(s1)CCN(C(C(=O)C1CC1)c1ccccc1F)C2	1	0	0.4117942	0	0.8744552399062803	0.5857142857142857	0.6557763975155281	0.7046410019349025	0.9836065573770492	Weight-only
CC(=O)Oc1ccccc1C(=O)O	1	0	0.3247866	0	0.8770108686357058	0.6744186046511628	0.6890956072351422	0.7024404249210452	1.0	Weight-only
CC(C)(C)NC(=O)C1CCC2C3CCC4NC(=O)C=CC4(C)C3CCC12C	0	1	0.6720365	0	0.8979226920180547	0.6714285714285714	0.6921008403361345	0.7049991281653225	1.0	Weight-only
CC(C)(N)Cc1ccccc1	0	0	0.31459802	0	0.8930557706336858	0.6666666666666666	0.7118115942028986	0.7216342118516033	1.0	Weight-only
CC(C)(NC(=O)C1CC2(O)C3Cc4ccc(O)c5c4C2(CCN3CC2CC2)C(O5)C1=O)c1nc(-c2ccccc2)no1	1	1	0.59615135	0	0.8778680411177633	0.75	0.7582568807339449	0.7669204810090914	0.9879518072289156	Weight-only
CC(C)Cc1ccc(C(C)C(=O)O)cc1	0	0	0.2956886	0	0.876382628505318	0.5789473684210527	0.6140350877192982	0.6400108799129608	1.0	Weight-only
CC(C)N=C(N)N=C(N)Nc1ccc(Cl)cc1	0	0	0.43026185	0	0.9032293713967199	0.75	0.7518867924528301	0.7564742878283388	1.0	Weight-only
CC(C)N=c1cc2n(-c3ccc(Cl)cc3)c3ccccc3nc-2cc1Nc1ccc(Cl)cc1	1	0	0.4889633	0	0.9011919812676645	0.7837837837837838	0.7849761660394571	0.7869588608829114	1.0	Weight-only
CC(C)OC(=O)CCCC=CCC1C(O)CC(O)C1CCC(O)CCc1ccccc1	0	0	0.46708316	0	0.8744470631068918	0.3088235294117647	0.5118621717692926	0.5787148517626675	1.0	Weight-only
CC(C)c1nc(CN(C)C(=O)NC(CCN2CCOCC2)C(=O)NC(CCC(Cc2ccccc2)NC(=O)OCc2cncs2)Cc2ccccc2)cs1	0	0	0.32369012	0	0.8763755523901358	0.375	0.4878571428571428	0.5891456582633053	1.0	Weight-only
CC(C)n1nccc1-c1ncccc1COc1cccc(O)c1C=O	0	0	0.33418915	0	0.8813844314761013	0.7746478873239436	0.7904363102783961	0.7926057875649115	1.0	Weight-only
CC(C=CC(C)C(C)(C)O)C1CCC2C(=CC=C3CC(O)CC(O)C3)CCCC21C	1	0	0.2443814	0	0.9171335922382194	0.7887323943661971	0.798251578436134	0.8064128413812727	1.0	Weight-only
CC(CCC(=O)O)C1CCC2C3C(O)CC4CC(O)CCC4(C)C3CC(O)C12C	1	0	0.4299782	0	0.9034883974539963	0.7634408602150538	0.7636200716845878	0.7642297420760419	1.0	Weight-only
CC(CCc1ccccc1)NCC(O)c1ccc(O)c(C(N)=O)c1	1	1	0.72513384	0	0.8708876395592268	0.5686274509803921	0.5775401069518716	0.5904922801323154	1.0	Weight-only
CC(Cc1ccccc1)NC(=O)C(N)CCCCN	0	1	0.52803105	0	0.8692026838779425	0.6923076923076923	0.698051282051282	0.7059043659043659	1.0	Weight-only
CC(N)Cc1ccccc1	0	0	0.39787614	0	0.8878237835178506	0.5757575757575758	0.6298067523873977	0.6641366617763157	1.0	Weight-only
CC(OC(=O)NCC1(CC(=O)O)CCCCC1)OC(=O)C(C)C	1	0	0.22692382	0	0.9034461415758855	0.55	0.6283050847457627	0.6973094092208971	0.9863013698630136	Weight-only
CC(OC1OCCN(Cc2n[nH]c(=O)[nH]2)C1c1ccc(F)cc1)c1cc(C(F)(F)F)cc(C(F)(F)F)c1	0	0	0.48063028	0	0.8827279455285755	0.7555555555555555	0.7556589147286822	0.7593453919035315	0.9855072463768116	Weight-only
CC(OC1OCCN(Cc2nc(=O)n(P(=O)(O)O)[nH]2)C1c1ccc(F)cc1)c1cc(C(F)(F)F)cc(C(F)(F)F)c1	1	0	0.47852695	0	0.8777086795720671	0.7604166666666666	0.7699754901960784	0.7770460530490513	0.9866666666666667	Weight-only
CC(Oc1c(Cl)cccc1Cl)C1=NCCN1	1	0	0.43484873	0	0.8960678086811947	0.7636363636363637	0.7701818181818183	0.7749621212121213	1.0	Weight-only
CC1(C)OC2COC3(COS(N)(=O)=O)OC(C)(C)OC3C2O1	0	0	0.40024948	0	0.9288692457473855	0.8297872340425532	0.8341042244835031	0.8388888881579439	1.0	Weight-only
CC12C=CC(=O)NC1CCC1C2CCC2(C)C(C(=O)Nc3cc(C(F)(F)F)ccc3C(F)(F)F)CCC12	1	1	0.60301924	0	0.8909932936442645	0.7195121951219512	0.7283112071627045	0.7365882903361982	1.0	Weight-only
CC1C(=NC(=O)C(NOC(C)(C)C(=O)O)c2csc(N)n2)C(=O)N1S(=O)(=O)O	0	0	0.23867522	0	0.8901829899091964	0.7128712871287128	0.7330991163632493	0.7479199557241463	0.9850746268656716	Weight-only
CC1CCC(C(C)C)C(O)C1	1	0	0.29537833	0	0.9216598476038211	0.8333333333333334	0.8345454545454546	0.8360528978176036	1.0	Weight-only
CC1CCOC2Cn3cc(C(=O)NCc4ccc(F)cc4F)c(=O)c(O)c3C(=O)N12	0	0	0.3131381	0	0.8768853700174655	0.7419354838709677	0.7507792678506705	0.7588819554426931	0.9848484848484849	Weight-only
CC1COC2Cn3cc(C(=O)NCc4ccc(F)cc4F)c(=O)c(O)c3C(=O)N12	0	0	0.29773417	0	0.8759805067579326	0.7362637362637363	0.744788544788545	0.7555222555222555	0.984375	Weight-only
CC1COc2c(N3CCN(C)CC3)c(F)cc3c(=O)c(C(=O)O)cn1c23	0	0	0.29379854	0	0.8911924332666438	0.7684210526315789	0.7721637426900584	0.7757324067011327	0.9833333333333333	Weight-only
CCC(=O)N(c1ccccc1)C1CCN(CCc2ccccc2)CC1	0	0	0.46361634	0	0.8583365718304259	0.578125	0.6159230625931446	0.6484565354954699	1.0	Weight-only
CCC1C(O)C2C3CCC(C(C)CCC(=O)O)C3(C)CCC2C2(C)CCC(O)CC12	0	1	0.6220881	0	0.9098342150778517	0.7625	0.7750088589652728	0.7795623892352843	1.0	Weight-only
CCC1CN(C(=O)NCC(F)(F)F)CC1c1cnc2cnc3[nH]ccc3n12	0	0	0.23114887	0	0.8796216462425462	0.75	0.7615384615384615	0.769264507422402	0.9838709677419355	Weight-only
CCCNC(C)C(=O)Nc1c(C)csc1C(=O)OC	1	0	0.40400416	0	0.8908204204019301	0.7407407407407407	0.7478927203065135	0.7537553974335585	1.0	Weight-only
CCCNCC(O)COc1ccccc1C(=O)CCc1ccccc1	1	1	0.6940237	0	0.8707706170700243	0.6229508196721312	0.627180155154795	0.6307187474547149	1.0	Weight-only
CCCSc1nc(NC2CC2c2ccc(F)c(F)c2)c2nnn(C3CC(OCCO)C(O)C3O)c2n1	1	0	0.31149963	0	0.8945929325285484	0.7941176470588235	0.7972646133925269	0.8003769954928613	1.0	Weight-only
CCCc1nc(C)c2c(=O)[nH]c(-c3cc(S(=O)(=O)N4CCN(CC)CC4)ccc3OCC)nn12	1	0	0.24366117	0	0.8872435926762522	0.7802197802197802	0.7875947581829935	0.7913281962092976	1.0	Weight-only
CCCc1nn(C)c2c(=O)[nH]c(-c3cc(S(=O)(=O)N4CCN(C)CC4)ccc3OCC)nc12	1	0	0.41209912	0	0.8843411072823942	0.7441860465116279	0.7644352954267275	0.7718774855861759	1.0	Weight-only
CCN(CC)CCOC(=O)C1(C2CCCCC2)CCCCC1	0	1	0.5339018	0	0.9016105105649271	0.6833333333333333	0.6957142857142857	0.7239699887240871	1.0	Weight-only
CCN(Cc1ccncc1)C(=O)C(CO)c1ccccc1	0	0	0.2844769	0	0.8720114109788546	0.6666666666666666	0.6711864406779661	0.6777191195085055	1.0	Weight-only
CCNC(=O)CCCC=CCC1C(O)CC(O)C1C=CC(O)CCc1ccccc1	0	0	0.46799025	0	0.8702452370810478	0.5443037974683544	0.5508051085146259	0.557741666093589	1.0	Weight-only
CCOC(=O)C(C)CC(Cc1ccc(-c2ccccc2)cc1)NC(=O)CCC(=O)O	1	0	0.44242403	0	0.8667704563443825	0.7058823529411765	0.7099491648511257	0.7144144036890206	1.0	Weight-only
CCOC(=O)C(CCc1ccccc1)NC(C)C(=O)N1C(C(=O)O)CC2CCCC21	1	1	0.5052214	0	0.8536399210261791	0.22807017543859648	0.42576964149504193	0.5605322484956352	1.0	Weight-only
CCOC(=O)C(CCc1ccccc1)NC(C)C(=O)N1C(C(=O)O)CC2CCCCC21	1	1	0.5052214	0	0.8534575729313294	0.19642857142857142	0.40678467908902693	0.5483615058093915	1.0	Weight-only
CCOC(=O)C(CCc1ccccc1)NC(C)C(=O)N1CCCC1C(=O)O	1	0	0.4937938	0	0.8516508973972172	0.484375	0.565625	0.6210171568627452	1.0	Weight-only
CCOC(=O)C(CCc1ccccc1)NC(C)C(=O)N1Cc2ccccc2CC1C(=O)O	1	1	0.56396216	0	0.860028625358448	0.5441176470588235	0.6052584670231729	0.6502549211277865	1.0	Weight-only
CCOC(=O)C(CCc1ccccc1)NC1CCc2ccccc2N(CC(=O)O)C1=O	1	0	0.47433615	0	0.853461377728487	0.7126436781609196	0.7133004926108375	0.7144491009647985	1.0	Weight-only
CCON=C(C(=O)NC1C(=O)N2C(C(=O)[O-])=C(Sc3nc(-c4cc[n+](C)cc4)cs3)CSC12)c1nsc(NP(=O)(O)O)n1	0	0	0.4926098	0	0.8909725884050901	0.6017699115044248	0.6110619469026549	0.6378605744387454	1.0	Weight-only
CCOc1cc(CC(=O)NC(CC(C)C)c2ccccc2N2CCCCC2)ccc1C(=O)O	0	1	0.5426293	0	0.854881254797006	0.7078651685393258	0.7160771258149536	0.7216105529463832	0.9838709677419355	Weight-only
CCc1ccc(CCOc2ccc(Cc3sc(=O)[nH]c3O)cc2)nc1	1	0	0.3830586	0	0.8907073786023855	0.7575757575757576	0.7633925235482665	0.7694801945409186	1.0	Weight-only
CN(CCCl)CCCl	1	1	0.63073164	0	0.9522676181723122	0.7666666666666667	0.7754166666666666	0.7811325979089138	1.0	Weight-only
CN(CCOc1ccc(Cc2sc(=O)[nH]c2O)cc1)c1ccccn1	1	0	0.33270276	0	0.881749692290185	0.640625	0.6692234848484848	0.6962032008874873	1.0	Weight-only
CN(CCOc1ccc(NS(C)(=O)=O)cc1)CCc1ccc(NS(C)(=O)=O)cc1	1	1	0.6999473	0	0.8938824162264266	0.6231884057971014	0.6418617614269788	0.6568216507420634	1.0	Weight-only
CN1CCC23c4c5ccc(O)c4OC2C(=O)CCC3(O)C1C5	0	0	0.33575928	0	0.8795001062641307	0.75	0.7515384615384615	0.7578666603265709	1.0	Weight-only
CN1CCC23c4c5ccc(O)c4OC2C(=O)CCC3C1C5	0	0	0.2953632	0	0.8757680030568803	0.7333333333333333	0.7415384615384615	0.7501055806938159	1.0	Weight-only
CN1CCC23c4c5ccc(O)c4OC2C(O)C=CC3C1C5	0	0	0.26159984	0	0.8993746683915964	0.7083333333333334	0.7388461538461538	0.7612859362859363	1.0	Weight-only
CN1CCc2cccc3c2C1Cc1ccc(O)c(O)c1-3	0	0	0.3014189	0	0.8945353565301386	0.7407407407407407	0.7444444444444445	0.7522626134413515	1.0	Weight-only
CN1CCc2nc(C(=O)NC3CC(C(=O)N(C)C)CCC3NC(=O)C(=O)Nc3ccc(Cl)cn3)sc2C1	1	0	0.42333224	0	0.8825731028241924	0.7395833333333334	0.7449328916072036	0.7521062413812029	0.987012987012987	Weight-only
CN1c2ccccc2C(NCCCCCCC(=O)O)c2ccc(Cl)cc2S1(=O)=O	1	0	0.3533182	0	0.8633674298579326	0.7164179104477612	0.7180860403863039	0.7220032657602472	0.9827586206896551	Weight-only
CNC(=O)c1ccccc1Sc1ccc2c(C=Cc3ccccn3)[nH]nc2c1	0	0	0.30754685	0	0.8866608983832825	0.7241379310344828	0.7406555981268624	0.7584281051714001	1.0	Weight-only
CNC(C)Cc1ccccc1	1	0	0.4752736	0	0.8925798654470606	0.6	0.6077419354838709	0.6314129814504909	1.0	Weight-only
COC(=O)C(c1ccccc1)C1CCCCN1	0	0	0.49861255	0	0.8526115086957043	0.6785714285714286	0.6785714285714286	0.6894135055152005	1.0	Weight-only
COC(=O)CC(O)(CCCC(C)(C)O)C(=O)OC1C(OC)=CC23CCCN2CCc2cc4c(cc2C13)OCO4	0	0	0.40121454	0	0.8870528443189107	0.7818181818181819	0.7839845261121857	0.7870438107640552	0.9866666666666667	Weight-only
COC(=O)NC(C(=O)N1CCCC1c1nc(-c2ccc(-c3ccc(-c4c[nH]c(C5CCCN5C(=O)C(NC(=O)OC)C(C)C)n4)cc3)cc2)c[nH]1)C(C)C	1	0	0.33846894	0	0.8710343190774024	0.691358024691358	0.721704500199124	0.7355012791094034	1.0	Weight-only
COC12CCC3(CC1C(C)(O)C(C)(C)C)C1Cc4ccc(O)c5c4C3(CCN1CC1CC1)C2O5	0	0	0.39172268	0	0.8982261582833805	0.7528089887640449	0.766685393258427	0.7771725933242787	1.0	Weight-only
COC1C(N(C)C(=O)c2ccccc2)CC2OC1(C)n1c3ccccc3c3c4c(c5c6ccccc6n2c5c31)C(=O)NC4	1	1	0.59142333	0	0.8836548503400681	0.7888888888888889	0.7973707472504883	0.801707137973915	1.0	Weight-only
COC1C=COC2(C)Oc3c(C)c(O)c4c(O)c(c5c(nc6cc(C)ccn65)c4c3C2=O)NC(=O)C(C)=CC=CC(C)C(O)C(C)C(O)C(C)C(OC(C)=O)C1C	0	0	0.30414876	0	0.8977617390736369	0.8031496062992126	0.8039236620846124	0.8085111194617737	1.0	Weight-only
COCC(NC(C)=O)C(=O)NCc1ccccc1	1	0	0.49470288	0	0.8642437400116444	0.6585365853658537	0.6942479674796748	0.7086851778489982	1.0	Weight-only
COCCCCC(=NOCCN)c1ccc(C(F)(F)F)cc1	0	1	0.51830053	0	0.9013100899115879	0.7377049180327869	0.7450819672131148	0.7559120775050723	1.0	Weight-only
COc1c(C)c2c(c(O)c1CC=C(C)CCC(=O)O)C(=O)OC2	0	0	0.27043378	0	0.8963507092376889	0.7706422018348624	0.7734018907381769	0.776030504616023	0.9861111111111112	Weight-only
COc1c(C)c2c(c(O)c1CC=C(C)CCC(=O)OCCN1CCOCC1)C(=O)OC2	0	0	0.27584416	0	0.8943780300563314	0.776595744680851	0.7864996495949319	0.7903278560747933	0.9873417721518988	Weight-only
COc1c(N2CC3CCCNC3C2)c(F)cc2c(=O)c(C(=O)O)cn(C3CC3)c12	1	0	0.31133583	0	0.8823854206982733	0.7604166666666666	0.7669296116504855	0.7741082295087149	0.9852941176470589	Weight-only
COc1cc(Nc2ncc(F)c(Nc3ccc4c(n3)N(COP(=O)(O)O)C(=O)C(C)(C)O4)n2)cc(OC)c1OC	0	1	0.5246415	0	0.882912209998612	0.7333333333333333	0.7387951807228915	0.7484824910918666	0.9866666666666667	Weight-only
COc1ccc(C2Sc3ccccc3N(CCN(C)C)C(=O)C2OC(C)=O)cc1	1	1	0.6689175	0	0.8746118713393002	0.6764705882352942	0.6991596638655463	0.716447226663945	0.9841269841269841	Weight-only
COc1ccc(CCN(C)CCCC(C#N)(c2ccc(OC)c(OC)c2)C(C)C)cc1OC	1	1	0.72719526	0	0.9044519051822221	0.7532467532467533	0.7615576615576616	0.7701012701012702	1.0	Weight-only
COc1ccc(CN(C(=O)C(N)Cc2c(C)cc(C(N)=O)cc2C)C(C)c2nc(-c3ccccc3)c[nH]2)cc1C(=O)O	0	1	0.7880861	0	0.8757688764285296	0.7319587628865979	0.7435230838189153	0.7515776966695837	1.0	Weight-only
COc1ccc2c(c1)C13CCCCC1C(C2)N(C)CC3	0	0	0.42712963	0	0.8973899655717562	0.6721311475409836	0.7045773898232914	0.727123262220259	1.0	Weight-only
COc1ccc2c3c1OC1C(=O)CCC4(O)C(C2)N(C)CCC314	0	0	0.44096798	0	0.8762003800144058	0.625	0.6599315068493151	0.6882004981320051	1.0	Weight-only
COc1ccc2c3c1OC1C(=O)CCC4C(C2)N(C)CCC314	0	0	0.40170175	0	0.8800472410782624	0.6338028169014085	0.6750623386582718	0.7068063616199317	1.0	Weight-only
COc1ccc2c3c1OC1C(O)C=CC4C(C2)N(C)CCC341	0	0	0.37144545	0	0.8944609313647077	0.5882352941176471	0.6583957219251337	0.7093303535796951	1.0	Weight-only
COc1cccc2c(O)c3c(c(O)c12)C(=O)C1=C(CC(O)(C(=O)CO)CC1OC1CC(N)C(O)C(C)O1)C3=O	1	1	0.6725406	0	0.8811212769973017	0.7739130434782608	0.7743478260869565	0.7755636070853461	1.0	Weight-only
COc1cccc2c(O)c3c(c(O)c12)C(=O)C1=C(CC(O)(C(C)=O)CC1OC1CC(N)C(O)C(C)O1)C3=O	1	0	0.49145502	0	0.8888522107588888	0.7684210526315789	0.77377990430622	0.7811142275752077	0.9873417721518988	Weight-only
C[N+]1(C)C2CC(OC(=O)C(O)(c3cccs3)c3cccs3)CC1C1OC12	0	0	0.2916113	0	0.8878761865396967	0.6885245901639344	0.6964350767629457	0.7037273594650645	1.0	Weight-only
C[N+]1(CC2CC2)CCC23c4c5ccc(O)c4OC2C(=O)CCC3(O)C1C5	0	0	0.16867001	0	0.8919737838317834	0.7926829268292683	0.79465737514518	0.7974617692605496	1.0	Weight-only
Cc1[nH]c2ccccc2c1CCNCc1ccc(C=CC(O)=NO)cc1	1	0	0.24910016	0	0.9025366194207392	0.7721518987341772	0.7832911392405062	0.7915403448455487	1.0	Weight-only
Cc1ccc(-n2[nH]c(C)c(N=Nc3cccc(-c4cccc(C(=O)O)c4)c3O)c2=O)cc1C	0	0	0.44214785	0	0.8866568133443412	0.7303370786516854	0.7458945548833189	0.7645887065406992	0.9850746268656716	Weight-only
Cc1cn2nc(-c3cc(=O)n4cc(N5CCNC6(CC6)C5)ccc4n3)cc(C)c2n1	0	0	0.2467613	0	0.8939158294957382	0.7446808510638298	0.7519631498135555	0.7622124054812782	1.0	Weight-only
Clc1ccc2nsnc2c1NC1=NCCN1	1	0	0.2458873	0	0.9251883173807227	0.8166666666666667	0.82125	0.8251379375951294	1.0	Weight-only
Clc1cccc(Cl)c1NC1=NCCN1	1	0	0.26317948	0	0.9117000977274411	0.7272727272727273	0.7494071146245058	0.7688305308054754	1.0	Weight-only
Cn1c(=O)c2[nH]cnc2n(C)c1=O	1	0	0.3284189	0	0.9103130717483703	0.7317073170731707	0.7488826047680768	0.7624917162445146	1.0	Weight-only
Cn1c(=O)c2c(ncn2C)n(C)c1=O	0	0	0.446786	0	0.9105411849536832	0.7209302325581395	0.7436692506459948	0.7627272315154813	1.0	Weight-only
Cn1c(CCCC(=O)O)nc2cc(N(CCCl)CCCl)ccc21	1	1	0.73913825	0	0.8764939918545601	0.6052631578947368	0.6321234119782215	0.6630057190612508	0.9824561403508771	Weight-only
Cn1cc(-c2cc3c(N4CCN(c5ncc(C(C)(N)c6ccc(F)cc6)cn5)CC4)ncnn3c2)cn1	0	1	0.5341556	0	0.9075417963690549	0.7789473684210526	0.7855502392344498	0.7900336128689269	1.0	Weight-only
FC(F)OC(Cl)C(F)(F)F	1	0	0.32017055	0	0.9711858852232088	0.85	0.8665217391304347	0.8798981804327493	1.0	Weight-only
FCOC(C(F)(F)F)C(F)(F)F	1	0	0.3016857	0	0.9610928118003166	0.8421052631578947	0.8467265725288831	0.8531333877932079	1.0	Weight-only
Fc1ccc(C2CCNCC2COc2ccc3c(c2)OCO3)cc1	0	0	0.28311014	0	0.9059939440375526	0.7567567567567568	0.7578515224084844	0.7608280646255329	1.0	Weight-only
N#Cc1ccc2[nH]cc(CCCCN3CCN(c4ccc5oc(C(N)=O)cc5c4)CC3)c2c1	0	1	0.5443108	0	0.8873224656169276	0.7073170731707317	0.7120306933406413	0.717139398922079	1.0	Weight-only
N=C(N=C(N)NCCCCCCN=C(N)N=C(N)Nc1ccc(Cl)cc1)Nc1ccc(Cl)cc1	0	0	0.47287586	0	0.91404681471255	0.8135593220338984	0.8148022598870057	0.8170230266784865	1.0	Weight-only
NC(=O)CS(=O)C(c1ccccc1)c1ccccc1	0	1	0.5586324	0	0.8809948490044984	0.7045454545454546	0.7169090909090908	0.7218725718725718	1.0	Weight-only
NC(=O)OCC(N)Cc1ccccc1	1	0	0.44939345	0	0.8740415210038449	0.5853658536585366	0.6388913525498892	0.6582670318681797	1.0	Weight-only
NC(=O)c1ccc2c(c1O)C13CCN(CC4CC4)C(C2)C1(O)CCC(=O)C3	0	0	0.39730328	0	0.8883992256071629	0.7605633802816901	0.7763380281690141	0.7868544600938967	1.0	Weight-only
NC(=O)c1cccc2cn(-c3ccc(C4CCCNC4)cc3)nc12	0	0	0.34965503	0	0.8858922659466304	0.7640449438202247	0.7675178753830438	0.7715166647750916	1.0	Weight-only
NC(O)=NO	0	0	0.29838434	0	0.9665287496092245	0.8148148148148148	0.8168350168350168	0.8260916038693815	1.0	Weight-only
NCC1CCC(C(=O)O)CC1	1	0	0.27085352	0	0.915914522019987	0.75	0.7558823529411764	0.7715686274509803	1.0	Weight-only
NCCCCC(NC(CCc1ccccc1)C(=O)O)C(=O)N1CCCC1C(=O)O	0	0	0.49389184	0	0.8715331688405767	0.691358024691358	0.6919278252611587	0.7033171597011753	1.0	Weight-only
NNCCc1ccccc1	0	0	0.3677375	0	0.9047286843827143	0.75	0.7524390243902438	0.7551189400782897	1.0	Weight-only
O=C(CCCCCCC(O)=NO)Nc1ccccc1	1	0	0.21645914	0	0.8861298291588229	0.7435897435897436	0.7476923076923077	0.7556267806267806	1.0	Weight-only
O=C(CCCc1ccccc1)OCC(COC(=O)CCCc1ccccc1)OC(=O)CCCc1ccccc1	1	0	0.44659364	0	0.8791478498133581	0.48717948717948717	0.5767644327503482	0.6511849187794332	1.0	Weight-only
O=C(NCc1c(F)cc(F)cc1F)c1cn2c(c(O)c1=O)C(=O)N1C3CCC(C3)OC1C2	0	0	0.2913943	0	0.8923466761810851	0.7714285714285715	0.7723437023792592	0.7748364772125276	0.9838709677419355	Weight-only
O=C(Nc1c(Cl)cncc1Cl)c1ccc(OC(F)F)c(OCC2CC2)c1	1	0	0.4895542	0	0.8717909405366993	0.7325581395348837	0.7347729789590255	0.7423545446801261	0.9830508474576272	Weight-only
O=C(O)CCCc1ccc(N(CCCl)CCCl)cc1	0	1	0.60697806	0	0.8945806072349318	0.4634146341463415	0.5857410881801126	0.6680246582685607	1.0	Weight-only
O=C(O)CCc1nc(-c2ccccc2)c(-c2ccccc2)o1	1	1	0.6001288	0	0.8847847510680213	0.7333333333333333	0.7500140473498474	0.7605695166909969	1.0	Weight-only
O=C(O)Cc1ccccc1Nc1c(Cl)cccc1Cl	0	0	0.25730118	0	0.8789867403254663	0.6428571428571429	0.6754355922770666	0.708767515298752	1.0	Weight-only
O=C(O)c1ccc(-n2nc(-c3ccccc3O)nc2-c2ccccc2O)cc1	0	0	0.43702176	0	0.8758272493686229	0.7567567567567568	0.7567567567567568	0.7584727584727585	1.0	Weight-only
O=C(O)c1ccc2nc(-c3cc(Cl)cc(Cl)c3)oc2c1	1	0	0.41803873	0	0.8915101768989006	0.75	0.7602222222222222	0.7667121507472384	1.0	Weight-only
O=C(O)c1cccnc1	0	0	0.3036279	0	0.8849940971569998	0.6111111111111112	0.6403508771929824	0.6690823082610743	1.0	Weight-only
O=C(O)c1cn(C2CC2)c2cc(N3CCNCC3)c(F)cc2c1=O	0	0	0.30992657	0	0.8920548530679345	0.7349397590361446	0.7425023169601482	0.7481999554568903	0.9841269841269841	Weight-only
O=C(OC1C[N+]2(CCCOc3ccccc3)CCC1CC2)C(O)(c1cccs1)c1cccs1	0	0	0.33849806	0	0.8840013066732957	0.5409836065573771	0.693028790650587	0.7268963366862236	0.9836065573770492	Weight-only
O=C1C(CCC(O)c2ccc(F)cc2)C(c2ccc(O)cc2)N1c1ccc(F)cc1	0	0	0.47592598	0	0.8933696397884018	0.75	0.7547619047619047	0.7595130948554285	0.9818181818181818	Weight-only
O=C1CCC2(O)C3Cc4ccc(O)c5c4C2(CCN3CC2CC2)C1O5	0	0	0.38591436	0	0.8935936200695691	0.7681159420289855	0.7719806763285024	0.7769466521219678	1.0	Weight-only
O=S(=O)(Nc1ccccc1)c1cccc(C=CC(O)=NO)c1	1	0	0.24463034	0	0.9034201346944015	0.7384615384615385	0.7415843857634903	0.754169324318578	1.0	Weight-only
O=[N+]([O-])OC1COC2C(O)COC12	1	0	0.2937	0	0.924145832467003	0.796875	0.8114583333333334	0.8228889980047387	1.0	Weight-only
O=[N+]([O-])OC1COC2C(O[N+](=O)[O-])COC12	1	0	0.25910255	0	0.9393709400766115	0.819672131147541	0.828166915052161	0.8365459419434056	1.0	Weight-only
O=[N+]([O-])OCC(CO[N+](=O)[O-])O[N+](=O)[O-]	1	0	0.25373042	0	0.9429189835764995	0.8043478260869565	0.8168136211614472	0.8249608684391292	1.0	Weight-only
O=c1[nH]cnc2[nH]ncc12	1	0	0.28296	0	0.9193504270560195	0.7058823529411765	0.7235294117647059	0.7534100596760445	1.0	Weight-only
OC(CNCC(O)C1CCc2cc(F)ccc2O1)C1CCc2cc(F)ccc2O1	1	1	0.5979059	0	0.8901994348797182	0.7692307692307693	0.7724810400866738	0.7771716680977874	1.0	Weight-only
OC(c1ccccc1)(c1ccccc1)C12CC[N+](CCOCc3ccccc3)(CC1)CC2	1	0	0.30493367	0	0.8949894864506961	0.711864406779661	0.7367405208848622	0.7487459183783468	1.0	Weight-only
OC1COC2C(O)COC12	1	0	0.3402088	0	0.9385076619434628	0.8461538461538461	0.8468227424749163	0.8496841322928279	1.0	Weight-only
OCC1NCC(O)C(O)C1O	1	0	0.4295593	0	0.9276764539453515	0.7666666666666667	0.7783673469387755	0.7932975754404326	1.0	Weight-only
Oc1c(C2=CCC(c3ccc(Cl)cc3)CC2)c(O)c2ccccc2c1O	0	0	0.35785538	0	0.9096025185976278	0.7714285714285715	0.774721549636804	0.7837621746861769	1.0	Weight-only
C#CC1(O)CCC2C3CC=C4CC(=O)CCC4C3C(=C)CC21CC	0	0	0.05779297	1	0.906539256943103	0.3492063492063492	0.4266666666666666	0.5454165128583733	1.0	Weight-only
C#CC1(O)CCC2C3CC=C4CC(=O)CCC4C3CCC21C	0	0	0.080815166	1	0.9120938138518198	0.582089552238806	0.6103648424543946	0.6466651783815963	1.0	Weight-only
C#CC1(O)CCC2C3CC=C4CC(=O)CCC4C3CCC21CC	0	0	0.121307224	1	0.9029003094006822	0.4098360655737705	0.4635486981677917	0.5607829247869963	1.0	Weight-only
C#CC1(O)CCC2C3CCc4cc(O)ccc4C3CCC21C	0	0	0.08021325	1	0.903387332574605	0.4230769230769231	0.4952501332783023	0.566218775138963	1.0	Weight-only
C#CC1(OC(C)=O)CCC2C3CCC4=CC(=NO)CCC4C3CCC21CC	0	0	0.31370482	1	0.9036653532873024	0.3064516129032258	0.4351530190239868	0.5812029930559564	0.9859154929577465	Weight-only
C#Cc1cccc(Nc2ncnc3cc(OCCOC)c(OCCOC)cc23)c1	0	1	0.8612845	1	0.8941658509219145	0.7553191489361702	0.7589458413926499	0.7663896649712254	1.0	Weight-only
C=CC(=O)N1CCCC(n2nc(-c3ccc(Oc4ccccc4)cc3)c3c(N)ncnc32)C1	1	0	0.17371261	1	0.8824238156843645	0.7473684210526316	0.7484210526315789	0.7521721685574714	0.9857142857142858	Weight-only
CC#CC(=O)N1CCCC1c1nc(-c2ccc(C(=O)Nc3ccccn3)cc2)c2c(N)nccn12	1	0	0.3399793	1	0.8790534997127141	0.7419354838709677	0.7481915933528838	0.7547390412665556	1.0	Weight-only
CC#CCn1c(N2CCCC(N)C2)nc2c1c(=O)n(Cc1nc(C)c3ccccc3n1)c(=O)n2C	1	0	0.45534563	1	0.8858269085791293	0.7472527472527473	0.7515431377133505	0.7596944033114245	1.0	Weight-only
CC(=O)C1CCC2C3CC=C4CC(=O)CCC4(C)C3CCC12C	0	0	0.08188903	1	0.9055360773682541	0.6714285714285714	0.6906620209059234	0.7074280167108706	1.0	Weight-only
CC(=O)OC1(C(C)=O)CCC2C3=CC(C)=C4CC(=O)CCC4(C)C3CCC21C	1	0	0.29471862	1	0.9012309982708279	0.7710843373493976	0.7737617135207497	0.7808705814977476	1.0	Weight-only
CC(=O)OC1(C(C)=O)CCC2C3CC(C)=C4CC(=O)CCC4(C)C3CCC21C	0	0	0.17416316	1	0.9108457829697465	0.7246376811594203	0.7439254658385093	0.7624982746721876	1.0	Weight-only
CC(=O)OC1CCC2(C)C(=CCC3C2CCC2(C)C(c4cccnc4)=CCC32)C1	1	0	0.15166262	1	0.890630670136216	0.7611940298507462	0.7632099244039543	0.7659239702303073	1.0	Weight-only
CC(=O)Oc1ccc(C(c2ccc(OC(C)=O)cc2)c2ccccn2)cc1	0	0	0.29390368	1	0.8804903389421231	0.6666666666666666	0.6697674418604651	0.6919263829562833	1.0	Weight-only
CC(=O)SC1C=C2CC(=O)CCC2(C)C2CCC3(C)C(CCC34CCC(=O)O4)C12	1	0	0.11997777	1	0.905980676045433	0.7733333333333333	0.7792941176470587	0.7855831167808489	1.0	Weight-only
CC(C)(C)NC(=O)C1CN(Cc2cccnc2)CCN1CC(O)CC(Cc1ccccc1)C(=O)NC1c2ccccc2CC1O	1	0	0.27339625	1	0.8787468673091111	0.7319587628865979	0.7358419243986254	0.7427317740087944	0.9878048780487805	Weight-only
CC(C)(C)c1cc(C(C)(C)C)c(NC(=O)c2c[nH]c3ccccc3c2=O)cc1O	0	0	0.46647564	1	0.8881870448398866	0.7777777777777778	0.7787608225108226	0.7847824777369136	1.0	Weight-only
CC(C)(O)CNc1nc(Nc2ccnc(C(F)(F)F)c2)nc(-c2cccc(C(F)(F)F)n2)n1	1	0	0.43932307	1	0.8935996928949456	0.7209302325581395	0.7293323330832708	0.7403691582236218	1.0	Weight-only
CC(C)C(=O)Oc1ccc(CO)cc1C(CCN(C(C)C)C(C)C)c1ccccc1	0	1	0.6608073	1	0.8664850762659249	0.5272727272727272	0.6040829346092503	0.6566842514210935	1.0	Weight-only
CC(C)N(CCC(C(N)=O)(c1ccccc1)c1ccccn1)C(C)C	0	0	0.40407753	1	0.8664933223013648	0.6111111111111112	0.6128205128205129	0.6421652421652423	0.9811320754716981	Weight-only
CC(C)N(CCCCOCC(=O)NS(C)(=O)=O)c1cnc(-c2ccccc2)c(-c2ccccc2)n1	1	1	0.81790656	1	0.8697535685225927	0.7530864197530864	0.7579006576670129	0.7617274335602477	1.0	Weight-only
CC(C)c1cc(-c2n[nH]c(=O)n2-c2ccc3c(ccn3C)c2)c(O)cc1OP(=O)(O)O	0	0	0.34500545	1	0.8930705682283399	0.7741935483870968	0.7828120106482932	0.7915856212266769	1.0	Weight-only
CC(C)c1cccc(C(C)C)c1O	1	0	0.09335227	1	0.8974213543027633	0.7142857142857143	0.7253456221198157	0.7327188940092166	1.0	Weight-only
CC(NC(C)(C)C)C(=O)c1cccc(Cl)c1	1	1	0.5189077	1	0.8756360952653073	0.6862745098039216	0.6900255754475703	0.7019015025745406	1.0	Weight-only
CC(NCCCc1cccc(C(F)(F)F)c1)c1cccc2ccccc12	1	0	0.3804036	1	0.8916339965458322	0.7333333333333333	0.741639344262295	0.7475112449351324	1.0	Weight-only
CC(NCc1ccc(OCc2cccc(F)c2)cc1)C(N)=O	0	0	0.4147441	1	0.8653854474229002	0.6206896551724138	0.6428363283147159	0.6663556068404701	0.9795918367346939	Weight-only
CC(c1nc(-c2ccc(C#N)cc2)cs1)C(O)(Cn1cncn1)c1cc(F)ccc1F	0	1	0.7672756	1	0.9019587371251444	0.5882352941176471	0.6476780185758514	0.6894800770797374	0.9859154929577465	Weight-only
CC(c1ncncc1F)C(O)(Cn1cncn1)c1ccc(F)cc1F	0	1	0.62644887	1	0.8968582030818496	0.40384615384615385	0.5235576923076923	0.6056570512820513	1.0	Weight-only
CC1(C)C(C(=O)O)N2C(=O)CC2S1(=O)=O	1	0	0.17219594	1	0.8976238513389267	0.6792452830188679	0.7048145738451528	0.7154461553290441	1.0	Weight-only
CC1(C)CC1C(=O)N=C(CCCCCSCC(N)C(=O)O)C(=O)O	0	0	0.16632436	1	0.9075062234880049	0.7538461538461538	0.7677665317139002	0.7774141550457342	1.0	Weight-only
CC1(Cn2ccnn2)C(C(=O)O)N2C(=O)CC2S1(=O)=O	1	0	0.1949268	1	0.8841231897428387	0.7164179104477612	0.7487630341443468	0.7583031569700963	0.9833333333333333	Weight-only
CC12C=CC(=O)C=C1CCC1C2C(=O)CC2(C)C1CCC2(O)C(=O)CO	1	0	0.33242118	1	0.8972444944018185	0.5972222222222222	0.628921568627451	0.6566317807010287	1.0	Weight-only
CC12C=CC(=O)C=C1CCC1C2C(O)CC2(C)C1CCC2(O)C(=O)CO	0	0	0.38604695	1	0.8950796016296217	0.5571428571428572	0.6009523809523809	0.6334267040149393	1.0	Weight-only
CC12CC=C3C4=C(CCC3C1CCC2(O)CC#N)CC(=O)CC4	0	0	0.21830878	1	0.9060095199814179	0.6708860759493671	0.7049706699598641	0.7349204715675848	1.0	Weight-only
CC12CCC(=O)C=C1C1CC1C1C2CCC2(C)C1C1CC1C21CCC(=O)O1	0	0	0.14511396	1	0.9209090003189937	0.7702702702702703	0.7836079452946925	0.7956005038381054	1.0	Weight-only
CC12CCC(=O)C=C1CCC1C2C(O)CC2(C)C1CCC2(O)C(=O)CO	0	0	0.31497726	1	0.8947271890760514	0.6533333333333333	0.6769999999999999	0.6964125295508276	1.0	Weight-only
CC12CCC(=O)C=C1CCC1C2CCC2(C)C(O)CCC12	1	0	0.15073882	1	0.9045070094668963	0.5818181818181818	0.6119480519480519	0.6479107092414711	1.0	Weight-only
CC12CCC(=O)C=C1CCC1C2CCC2(C)C(OC(=O)CCC3CCCC3)CCC12	0	0	0.36162627	1	0.8922574578534797	0.7125	0.7205232558139535	0.7265422239259449	0.9838709677419355	Weight-only
CC12CCC(O)CC1=CCC1C2CCC2(C)C(c3cccnc3)=CCC12	1	0	0.10721935	1	0.9061701427833597	0.7333333333333333	0.7442253521126759	0.7602056785155376	1.0	Weight-only
CC12CCC3C(CC=C4CC(O)CCC43C)C1CCC2=O	0	0	0.08028523	1	0.9014391610643252	0.5555555555555556	0.6101383560051158	0.6798892194968332	1.0	Weight-only
CC1=C2CC(=O)C=CC2(C)C2C(O)CC3(C)C(CCC3(O)C(=O)CO)C2C1	1	0	0.36976954	1	0.8936856151452797	0.6410256410256411	0.6443556443556444	0.6511399228790533	1.0	Weight-only
CC1=NS(=O)(=O)c2cc(Cl)ccc2N1	1	0	0.30260795	1	0.9098185249386893	0.6851851851851852	0.716195856873823	0.7371778044094428	1.0	Weight-only
CC1Cc2ccccc2N1NC(=O)c1ccc(Cl)c(S(N)(=O)=O)c1	1	0	0.19795366	1	0.8735263810265113	0.7121212121212122	0.728598484848485	0.7354220973172587	1.0	Weight-only
CCC1(O)C(=O)OCc2c1cc1n(c2=O)Cc2cc3c(CN(C)C)c(O)ccc3nc2-1	0	1	0.51151085	1	0.8832388731207687	0.7752808988764045	0.7810801014860458	0.7833067850727659	1.0	Weight-only
CCCC1OC2CC3C4CC=C5CC(=O)C=CC5(C)C4C(O)CC3(C)C2(C(=O)CO)O1	0	1	0.81673604	1	0.8986974031839787	0.4166666666666667	0.4976190476190476	0.5687229437229436	1.0	Weight-only
CCCCCC(=O)OC1(C(C)=O)CCC2C3CC=C4CC(=O)CCC4(C)C3CCC21C	0	0	0.11369561	1	0.895646961901234	0.75	0.7523255813953489	0.7566196324361989	0.9859154929577465	Weight-only
CCCCCCC(=O)OC1CCC2C3CC=C4CC(=O)CCC4(C)C3CCC12C	1	0	0.2206943	1	0.892614311736904	0.7228915662650602	0.7325301204819277	0.7403027748855504	1.0	Weight-only
CCCCCCOC(=O)N=C(N)c1ccc(NCc2nc3cc(C(=O)N(CCC(=O)OCC)c4ccccn4)ccc3n2C)cc1	1	1	0.95842266	1	0.8826709344413561	0.36046511627906974	0.5008151522416686	0.6104659507253374	1.0	Weight-only
CCCCNc1cc(C(=O)O)cc(S(N)(=O)=O)c1Oc1ccccc1	1	0	0.44152513	1	0.8640717963511878	0.6557377049180327	0.6814631634612709	0.6993907568226556	0.9803921568627451	Weight-only
CCCN(CCC)CCc1cccc2[nH]c(O)cc12	0	0	0.37466124	1	0.8952308378863703	0.7534246575342466	0.7536941387828431	0.7564759266982487	1.0	Weight-only
CCCN(CCc1cccs1)C1CCc2c(O)cccc2C1	0	0	0.11834836	1	0.8913441545890499	0.6933333333333334	0.7547993897787947	0.7643622340876344	1.0	Weight-only
CCN(CC)CC(=O)Nc1c(C)cccc1C	1	0	0.3408351	1	0.8743667937716921	0.6122448979591837	0.618327330932373	0.631622764048148	1.0	Weight-only
CCN(CCO)CCCC(C)Nc1ccnc2cc(Cl)ccc12	1	1	0.6473691	1	0.8901452492892278	0.14	0.38988235294117646	0.5626128041578077	1.0	Weight-only
CCNC(C)Cc1cccc(C(F)(F)F)c1	1	0	0.37143576	1	0.8961006555672073	0.6410256410256411	0.6717948717948719	0.6931859563438512	1.0	Weight-only
CCOC(=O)N1CCC(=C2c3ccc(Cl)cc3CCc3cccnc32)CC1	0	0	0.24914142	1	0.8655712600556936	0.6753246753246753	0.7089358402791239	0.7260128690126589	1.0	Weight-only
CCc1c2c(nc3ccc(OC(=O)N4CCC(N5CCCCC5)CC4)cc13)-c1cc3c(c(=O)n1C2)COC(=O)C3(O)CC	0	1	0.7504263	1	0.8777724515577628	0.7699115044247787	0.7755469026548673	0.7813592264831202	0.989010989010989	Weight-only
CCc1cc2c(cc1N1CCC(N3CCOCC3)CC1)C(C)(C)c1[nH]c3cc(C#N)ccc3c1C2=O	1	0	0.33731347	1	0.8944338735588769	0.7238095238095238	0.7554812563323201	0.7655680071880461	1.0	Weight-only
CN(C)C(=O)NC1CCC(CCN2CCN(c3cccc(Cl)c3Cl)CC2)CC1	0	0	0.17426084	1	0.8655864764574384	0.631578947368421	0.6616140350877193	0.6929840098134328	0.9841269841269841	Weight-only
CN(C)C(=O)Oc1ccc[n+](C)c1	0	1	0.70834285	1	0.8926899753281905	0.673469387755102	0.7110583768391077	0.7365613806643707	1.0	Weight-only
CN(C)C(=O)Oc1cccc([N+](C)(C)C)c1	1	1	0.64605093	1	0.8865986376888989	0.5957446808510638	0.6574468085106383	0.7060490927512205	1.0	Weight-only
CN(C)CC=CC(=O)Nc1cc2c(Nc3ccc(F)c(Cl)c3)ncnc2cc1OC1CCOC1	0	1	0.8181652	1	0.880697154335312	0.7368421052631579	0.7488018484370487	0.7538764598283383	0.9875	Weight-only
CN(CC=CC#CC(C)(C)C)Cc1cccc2ccccc12	0	0	0.12815583	1	0.9112108975481521	0.8	0.8014285714285716	0.8049640610961366	1.0	Weight-only
CN1C(C(=O)Nc2ccccn2)C(=O)c2ccccc2S1(=O)=O	1	0	0.16647007	1	0.8779935512163957	0.36538461538461536	0.5268386123680241	0.6372347335633338	1.0	Weight-only
CN1CCC(=C2c3ccccc3C=Cc3ccccc32)CC1	1	0	0.34486082	1	0.904334186670121	0.6904761904761905	0.7206349206349205	0.7341414404255934	1.0	Weight-only
CN1CCC(C(=O)c2cccc(NC(=O)c3c(F)cc(F)cc3F)n2)CC1	1	0	0.32642296	1	0.8657470620392151	0.7303370786516854	0.730739560623847	0.7336035990054611	0.9836065573770492	Weight-only
CN1CCN2c3ncccc3Cc3ccccc3C2C1	0	0	0.28039566	1	0.8938471594074492	0.7307692307692307	0.7313186813186813	0.7349491905943519	1.0	Weight-only
CNC(=O)c1cc(Oc2ccc(NC(=O)Nc3ccc(Cl)c(C(F)(F)F)c3)c(F)c2)ccn1	0	1	0.5410511	1	0.8909776337995874	0.7380952380952381	0.7385093167701863	0.7414928067101979	0.9850746268656716	Weight-only
CNC(=O)c1cc(Oc2ccc(NC(=O)Nc3ccc(Cl)c(C(F)(F)F)c3)cc2)ccn1	1	0	0.4535851	1	0.88829327125791	0.7341772151898734	0.7361585030269675	0.7394018697187186	1.0	Weight-only
CNC(C)C1CCC(N)C(OC2C(N)CC(N)C(OC3OCC(C)(O)C(NC)C3O)C2O)O1	1	1	0.68380904	1	0.9250913577959994	0.8315789473684211	0.8329279509453246	0.8343562884058541	1.0	Weight-only
CNC1(c2ccccc2Cl)CCCCC1=O	0	0	0.44716367	1	0.8899231859929484	0.7571428571428571	0.7653968253968253	0.7716402116402117	1.0	Weight-only
CNCCC(Oc1ccc(C(F)(F)F)cc1)c1ccccc1	1	0	0.36269516	1	0.8906424075540275	0.4418604651162791	0.5141728828433524	0.5992784359611916	1.0	Weight-only
CNCCC=C1c2ccccc2CCc2ccccc21	1	0	0.4371361	1	0.8987235415984498	0.3888888888888889	0.46060606060606063	0.5396584896584897	1.0	Weight-only
CNCc1cc(-c2ccccc2F)n(S(=O)(=O)c2cccnc2)c1	1	0	0.21164489	1	0.891674953158484	0.7662337662337663	0.7685624720107478	0.7726581634627611	0.984375	Weight-only
COC(=O)C(c1ccccc1Cl)N1CCc2sccc2C1	1	0	0.47048306	1	0.8644847126319274	0.5857142857142857	0.6443863179074446	0.684161217303823	1.0	Weight-only
COC(=O)C1=C(C)N=C(C)C(C(=O)OC)C1c1ccccc1[N+](=O)[O-]	1	1	0.58229834	1	0.8795925725740753	0.4827586206896552	0.5249492900608519	0.6100843913555205	1.0	Weight-only
COC(=O)C1C=C2CC(=O)CCC2(C)C23OC2CC2(C)C(CCC24CCC(=O)O4)C13	1	0	0.093493976	1	0.9046206176938572	0.7830188679245284	0.7889124443502226	0.7942194897887075	1.0	Weight-only
COC(=O)CCC1N=C(c2ccccn2)c2cc(Br)ccc2-n2c(C)cnc21	1	0	0.23760414	1	0.8799768295013887	0.7790697674418605	0.7842735436334332	0.7880841412128382	1.0	Weight-only
COC(c1ccccc1)(c1ccccc1)C(Oc1nc(C)cc(C)n1)C(=O)O	1	0	0.33799314	1	0.8744436227454842	0.7307692307692307	0.7341506702162439	0.7391372036180779	1.0	Weight-only
COc1cc(Nc2c(C#N)cnc3cc(OCCCN4CCN(C)CC4)c(OC)cc23)c(Cl)cc1Cl	1	1	0.7762829	1	0.9001284155116749	0.7319587628865979	0.7381651567218577	0.745075578914269	1.0	Weight-only
COc1cc2c(Nc3ccc(Br)cc3F)ncnc2cc1OCC1CCN(C)CC1	0	1	0.64601994	1	0.8860168117525367	0.7127659574468085	0.7203425012973532	0.7256771380182876	1.0	Weight-only
COc1cc2c(Oc3ccc4[nH]c(C)cc4c3F)ncnc2cc1OCCCN1CCCC1	1	1	0.5936963	1	0.8939754436403654	0.7425742574257426	0.7510837570243512	0.7556525922862557	1.0	Weight-only
COc1cc2c(c(OC)c1OC)-c1ccc(OC)c(=O)cc1C(NC(C)=O)CC2	1	0	0.35651684	1	0.8799947763386099	0.75	0.7547619047619047	0.7597822074566261	1.0	Weight-only
COc1cc2c(cc1O)CCNC21CSC2c3c(OC(C)=O)c(C)c4c(c3C(COC1=O)N1C(O)C3Cc5cc(C)c(OC)c(O)c5C(C21)N3C)OCO4	1	0	0.36491504	1	0.8992270936720579	0.7545454545454545	0.7581818181818182	0.7629413400055601	1.0	Weight-only
COc1cc2nc(N3CCN(C(=O)c4ccco4)CC3)nc(N)c2cc1OC	1	0	0.31306544	1	0.8732049120274928	0.4117647058823529	0.413212669683258	0.497938662644545	1.0	Weight-only
COc1cc2nccc(Oc3ccc(NC(=O)C4(C(=O)Nc5ccc(F)cc5)CC4)cc3)c2cc1OC	0	0	0.46020877	1	0.879138147151296	0.7432432432432432	0.747981981981982	0.7502338924290144	1.0	Weight-only
COc1cc2nccc(Oc3ccc(NC(=O)NC4CC4)c(Cl)c3)c2cc1C(N)=O	1	1	0.53578675	1	0.8804648669341777	0.7052631578947368	0.7088721804511279	0.7259723136311158	1.0	Weight-only
COc1cc2ncnc(Nc3ccc(F)c(Cl)c3)c2cc1NC(=O)C=CCN1CCCCC1	0	1	0.7676837	1	0.870775384283013	0.719626168224299	0.7258504672897196	0.7345274318611652	0.9863013698630136	Weight-only
COc1cc2ncnc(Nc3ccc(F)c(Cl)c3)c2cc1OCCCN1CCOCC1	0	1	0.7769258	1	0.8870018590272203	0.6804123711340206	0.7051546391752578	0.7163384339635044	1.0	Weight-only
COc1ccc2[nH]c3c(c2c1)CCNC31CSC2c3c(OC(C)=O)c(C)c4c(c3C(COC1=O)N1C(O)C3Cc5cc(C)c(OC)c(O)c5C(C21)N3C)OCO4	0	1	0.50734353	1	0.8957043721797864	0.7678571428571429	0.7691888619854723	0.7716352175002087	1.0	Weight-only
COc1ccc2c3c1OC1CC(O)C=CC31CCN(C)C2	1	0	0.040738672	1	0.894573600723232	0.5882352941176471	0.6029411764705882	0.6156793703396851	1.0	Weight-only
COc1ccnc(CS(=O)c2nc3cc(OC(F)F)ccc3[nH]2)c1OC	0	0	0.23973407	1	0.8911221531263014	0.4461538461538462	0.4821850613154962	0.5084142910229867	1.0	Weight-only
CS(=O)(=O)CCNCc1ccc(-c2ccc3ncnc(Nc4ccc(OCc5cccc(F)c5)c(Cl)c4)c3c2)o1	0	1	0.9771798	1	0.8980944978874426	0.7345132743362832	0.7579562531307398	0.7755793459500153	0.9882352941176471	Weight-only
CS(=O)(=O)c1ccc(C(=O)Nc2ccc(Cl)c(-c3ccccn3)c2)c(Cl)c1	0	0	0.31674463	1	0.8904078160438638	0.7638888888888888	0.7642156862745098	0.764675623335754	1.0	Weight-only
CS(=O)(=O)c1ccc(C2=C(c3ccccc3)C(=O)OC2)cc1	1	0	0.38679725	1	0.9002326471940248	0.7313432835820896	0.7821307256819352	0.7904694507756783	1.0	Weight-only
C[N+](C)(C)CC(O)CC(=O)[O-]	1	0	0.40516096	1	0.9234629740440009	0.75	0.759090909090909	0.7668350168350168	1.0	Weight-only
C[N+](C)(C)CCOC(=O)CCC(=O)OCC[N+](C)(C)C	1	0	0.39149505	1	0.9131218938495828	0.7222222222222222	0.7252252252252253	0.7477165477165477	1.0	Weight-only
Cc1c(C(=O)Nc2ccc(N3CC(C)OC(C)C3)nc2)cccc1-c1ccc(OC(F)(F)F)cc1	1	0	0.47818893	1	0.8753926627410634	0.6891891891891891	0.7044226044226045	0.7194658001109615	1.0	Weight-only
Cc1cc(NS(=O)(=O)c2ccc(N)cc2)no1	0	0	0.25968617	1	0.9019130559086634	0.6285714285714286	0.706530612244898	0.7373054969114081	1.0	Weight-only
Cc1ccc(-c2ncc(Cl)cc2-c2ccc(S(C)(=O)=O)cc2)cn1	1	1	0.5002424	1	0.909708549845002	0.7758620689655172	0.7782493368700265	0.7825167595282537	1.0	Weight-only
Cc1ccc(Sc2ccccc2N2CCNCC2)c(C)c1	0	0	0.1443362	1	0.9010303422712286	0.7538461538461538	0.7660331825037707	0.7804240784632941	1.0	Weight-only
Cc1cccc(C(C)c2c[nH]cn2)c1C	1	0	0.31323272	1	0.9104781543709414	0.8048780487804879	0.8070647603027755	0.8094418672445235	1.0	Weight-only
Cc1cccc(C)c1NC(=O)C1CCCCN1C	1	0	0.43980697	1	0.8653148921768413	0.27906976744186046	0.2918863049095607	0.42589362618432386	1.0	Weight-only
Cc1cccc(C)c1OCC(C)N	1	0	0.23126987	1	0.8908723343286898	0.6129032258064516	0.6521863799283155	0.6837623547300968	1.0	Weight-only
Cc1ccccc1C(=O)Nc1ccc(C(=O)N2CCCC(O)c3cc(Cl)ccc32)c(C)c1	1	0	0.3690098	1	0.875903827983911	0.7411764705882353	0.7456858435681964	0.7477142465377759	1.0	Weight-only
Cc1ccccc1N1C(=O)c2cc(S(N)(=O)=O)c(Cl)cc2NC1C	1	0	0.13441396	1	0.8875612050497577	0.7457627118644068	0.7485812226242621	0.7520491527347365	1.0	Weight-only
Cc1ccnc2c1NC(=O)c1cccnc1N2C1CC1	1	0	0.27047893	1	0.8816267028207265	0.7222222222222222	0.7347031963470319	0.7457331576679049	1.0	Weight-only
Cc1nc(Nc2ncc(C(=O)Nc3c(C)cccc3Cl)s2)cc(N2CCN(CCO)CC2)n1	1	1	0.64939743	1	0.8745253029793522	0.71	0.717358024691358	0.72319261914244	1.0	Weight-only
Cc1ncc2n1-c1ccc(Cl)cc1C(c1ccccc1F)=NC2	1	0	0.33396113	1	0.8977194599584026	0.5789473684210527	0.6441426146010187	0.6890505030028128	1.0	Weight-only
Cc1nnc(C(C)C)n1C1CC2CCC(C1)N2CCC(NC(=O)C1CCC(F)(F)CC1)c1ccccc1	1	0	0.39790836	1	0.866649595133446	0.7066666666666667	0.724	0.7419408369408369	0.9848484848484849	Weight-only
Cc1nnc(NS(=O)(=O)c2ccc(N)cc2)s1	1	0	0.34008256	1	0.9052523635388839	0.6285714285714286	0.6905590062111802	0.724965606210278	1.0	Weight-only
Cc1nnc2n1-c1ccc(Cl)cc1C(c1ccccc1)=NC2	1	1	0.5412495	1	0.8996256038343139	0.42	0.5278620689655172	0.6026892902754972	1.0	Weight-only
Cc1nnc2n1-c1ccc(Cl)cc1C(c1ccccc1Cl)=NC2	1	0	0.35190415	1	0.9052596051699652	0.5714285714285714	0.6379391100702576	0.6838525772952002	1.0	Weight-only
Clc1ccc2c(c1)C(c1ccccc1)=NCc1nncn1-2	1	1	0.594768	1	0.9096938782894514	0.44	0.5467586206896552	0.6270905172413793	1.0	Weight-only
Clc1ccc2c(c1)CCc1cccnc1C2=C1CCNCC1	1	0	0.27330294	1	0.9185556063456125	0.7540983606557377	0.7587090163934426	0.7676855646630236	1.0	Weight-only
Cn1c(=O)cc(N2CCCC(N)C2)n(Cc2ccccc2C#N)c1=O	1	0	0.23156676	1	0.8798682831611985	0.7126436781609196	0.7366936013314739	0.7515952411088203	1.0	Weight-only
Cn1cnc2c(F)c(Nc3ccc(Br)cc3Cl)c(C(=O)NOCCO)cc21	0	0	0.42287922	1	0.8814401405385762	0.7575757575757576	0.7661244019138754	0.7723369769582862	0.9846153846153847	Weight-only
Cn1cnc2c(F)c(Nc3ccc(Br)cc3F)c(C(=O)NOCCO)cc21	0	0	0.37155503	1	0.8812112616763749	0.7472527472527473	0.7580290677064871	0.767326090246294	0.9841269841269841	Weight-only
N#CC1CCCN1C(=O)CNC12CC3CC(CC(O)(C3)C1)C2	1	1	0.6239332	1	0.9176948955506353	0.5967741935483871	0.6809560823940926	0.7437851251395752	1.0	Weight-only
N#Cc1ccc(C(c2ccc(C#N)cc2)n2cncn2)cc1	0	0	0.44409746	1	0.9293749561334681	0.7291666666666666	0.7495	0.7685922787193973	1.0	Weight-only
N=C(N)NC(=O)Cc1c(Cl)cccc1Cl	1	0	0.15377805	1	0.8838836889345587	0.6428571428571429	0.6734335839598998	0.7021138116609352	1.0	Weight-only
NC1c2cccnc2C(OC(=O)N2CCC(n3c(=O)[nH]c4ncccc43)CC2)CCC1c1cccc(F)c1F	0	0	0.4218763	1	0.8879471612621752	0.717391304347826	0.7446397368691541	0.7608201878757463	1.0	Weight-only
NS(=O)(=O)c1cc(C(=O)O)c(NCc2ccco2)cc1Cl	1	0	0.16771998	1	0.883047561302744	0.7450980392156863	0.7488132094943241	0.7565847581327457	1.0	Weight-only
NS(=O)(=O)c1cc2c(cc1Cl)NCNS2(=O)=O	1	0	0.23602894	1	0.9220478678797135	0.7666666666666667	0.7811267605633804	0.7968828191095346	1.0	Weight-only
Nc1nc(=O)c2ncn(COCCO)c2[nH]1	0	1	0.5258468	1	0.8938858029638451	0.32608695652173914	0.40254872563718147	0.4862376504055665	1.0	Weight-only
Nc1nc(CC(=O)Nc2ccc(CCNCC(O)c3ccccc3)cc2)cs1	1	0	0.4933284	1	0.8816473453811029	0.684931506849315	0.6899062725306415	0.6950008768682163	1.0	Weight-only
O=C(CCCN1CC=C(n2c(=O)[nH]c3ccccc32)CC1)c1ccc(F)cc1	1	1	0.6412159	1	0.8844884762856944	0.582089552238806	0.6566074506373013	0.707429185598672	0.9848484848484849	Weight-only
O=C(CCCN1CCC(O)(c2ccc(Cl)cc2)CC1)c1ccc(F)cc1	1	0	0.14019862	1	0.8803370294002747	0.44642857142857145	0.550670913526701	0.6167458326505378	0.9803921568627451	Weight-only
O=C(NC1CCN(CCCCC2(C(=O)NCC(F)(F)F)c3ccccc3-c3ccccc32)CC1)c1ccccc1-c1ccc(C(F)(F)F)cc1	0	1	0.54451454	1	0.8813078109713346	0.7032967032967034	0.7297235117823353	0.7336847792730145	0.9864864864864865	Weight-only
O=C(Nc1ccc(OC(F)(F)Cl)cc1)c1cnc(N2CCC(O)C2)c(-c2cc[nH]n2)c1	1	1	0.7096735	1	0.8796084444726028	0.7307692307692307	0.7314847942754918	0.7406493533197623	1.0	Weight-only
O=C(O)C1C(=CCO)OC2CC(=O)N21	0	0	0.32306236	1	0.8962683267759529	0.7868852459016393	0.7893725268513284	0.794095848250738	1.0	Weight-only
O=C(O)C1N=C(c2ccccc2)c2cc(Cl)ccc2NC1=O	1	0	0.4497429	1	0.8826137614956124	0.6071428571428571	0.6331381733021078	0.6759837511203632	1.0	Weight-only
O=C(O)c1cc(N=Nc2ccc(S(=O)(=O)Nc3ccccn3)cc2)ccc1O	0	0	0.19569446	1	0.8879328605069695	0.576271186440678	0.6726979555161676	0.6996892197734117	1.0	Weight-only
O=C(c1ccccc1)c1ccc2n1CCC2C(=O)O	0	0	0.3250664	1	0.8826332445833862	0.7291666666666666	0.7337719298245614	0.7378131581007958	1.0	Weight-only
O=C1CN=C(c2ccccc2Cl)c2cc([N+](=O)[O-])ccc2N1	0	1	0.5084326	1	0.9049266199708342	0.734375	0.7391324626865672	0.750931851816865	1.0	Weight-only
O=C1N=C(c2ccccc2)c2cc(Cl)ccc2NC1O	1	1	0.5058867	1	0.8809117468901111	0.6037735849056604	0.6459005145797598	0.6765103868877453	1.0	Weight-only
O=C1N=C(c2ccccc2Cl)c2cc(Cl)ccc2NC1O	1	0	0.41599506	1	0.8870686419898597	0.7	0.7027586206896551	0.7123517606276226	1.0	Weight-only
O=C1OC2(c3ccc(O)cc3Oc3cc(O)ccc32)c2ccccc21	1	0	0.363944	1	0.9032249969107375	0.8	0.8015686274509803	0.8038712921065861	1.0	Weight-only
O=NN(CCCl)C(=O)NCCCl	0	1	0.6049003	1	0.9321830201557464	0.7608695652173914	0.7663768115942029	0.775388533123619	1.0	Weight-only
O=S(=O)([O-])Oc1ccc(C(c2ccc(OS(=O)(=O)O)cc2)c2ccccn2)cc1	0	1	0.5215331	1	0.8963063716387429	0.7192982456140351	0.7425846399680415	0.7647343841134377	1.0	Weight-only
O=c1[nH]c2ccccc2n1CCN1CCN(c2cccc(C(F)(F)F)c2)CC1	0	0	0.28834417	1	0.8927293006309843	0.5942028985507246	0.6433149622371912	0.6802461179269715	1.0	Weight-only
S=P(N1CC1)(N1CC1)N1CC1	1	0	0.27569672	1	0.9735231877509951	0.8787878787878788	0.8848484848484848	0.8896549826782386	1.0	Weight-only
C#CC1(O)CCC2C3CC=C4CC(=O)CCC4C3C(=C)CC21CC	0	0	0.062348936	1	0.906539256943103	0.3492063492063492	0.4266666666666666	0.5454165128583733	1.0	Weight-only
C#CC1(O)CCC2C3CC=C4CC(=O)CCC4C3CCC21C	0	0	0.08639447	1	0.9120938138518198	0.582089552238806	0.6103648424543946	0.6466651783815963	1.0	Weight-only
C#CC1(O)CCC2C3CC=C4CC(=O)CCC4C3CCC21CC	0	0	0.12866485	1	0.9029003094006822	0.4098360655737705	0.4635486981677917	0.5607829247869963	1.0	Weight-only
C#CC1(O)CCC2C3CCc4cc(O)ccc4C3CCC21C	0	0	0.08783424	1	0.903387332574605	0.4230769230769231	0.4952501332783023	0.566218775138963	1.0	Weight-only
C#CC1(OC(C)=O)CCC2C3CCC4=CC(=NO)CCC4C3CCC21CC	0	0	0.33905667	1	0.9036653532873024	0.3064516129032258	0.4351530190239868	0.5812029930559564	0.9859154929577465	Weight-only
C#Cc1cccc(Nc2ncnc3cc(OCCOC)c(OCCOC)cc23)c1	0	1	0.87290186	1	0.8941658509219145	0.7553191489361702	0.7589458413926499	0.7663896649712254	1.0	Weight-only
C=CC(=O)N1CCCC(n2nc(-c3ccc(Oc4ccccc4)cc3)c3c(N)ncnc32)C1	1	0	0.1800487	1	0.8824238156843645	0.7473684210526316	0.7484210526315789	0.7521721685574714	0.9857142857142858	Weight-only
CC#CC(=O)N1CCCC1c1nc(-c2ccc(C(=O)Nc3ccccn3)cc2)c2c(N)nccn12	1	0	0.37335587	1	0.8790534997127141	0.7419354838709677	0.7481915933528838	0.7547390412665556	1.0	Weight-only
CC#CCn1c(N2CCCC(N)C2)nc2c1c(=O)n(Cc1nc(C)c3ccccc3n1)c(=O)n2C	1	0	0.4817552	1	0.8858269085791293	0.7472527472527473	0.7515431377133505	0.7596944033114245	1.0	Weight-only
CC(=O)OC1(C(C)=O)CCC2C3CC(C)=C4CC(=O)CCC4(C)C3CCC21C	0	0	0.18574952	1	0.9108457829697465	0.7246376811594203	0.7439254658385093	0.7624982746721876	1.0	Weight-only
CC(=O)OC1CCC2(C)C(=CCC3C2CCC2(C)C(c4cccnc4)=CCC32)C1	1	0	0.16192976	1	0.890630670136216	0.7611940298507462	0.7632099244039543	0.7659239702303073	1.0	Weight-only
CC(=O)Oc1ccc(C(c2ccc(OC(C)=O)cc2)c2ccccn2)cc1	0	0	0.3058387	1	0.8804903389421231	0.6666666666666666	0.6697674418604651	0.6919263829562833	1.0	Weight-only
CC(=O)SC1C=C2CC(=O)CCC2(C)C2CCC3(C)C(CCC34CCC(=O)O4)C12	1	0	0.13366856	1	0.905980676045433	0.7733333333333333	0.7792941176470587	0.7855831167808489	1.0	Weight-only
CC(C)(C)c1cc(C(C)(C)C)c(NC(=O)c2c[nH]c3ccccc3c2=O)cc1O	0	0	0.49185655	1	0.8881870448398866	0.7777777777777778	0.7787608225108226	0.7847824777369136	1.0	Weight-only
CC(C)(O)CNc1nc(Nc2ccnc(C(F)(F)F)c2)nc(-c2cccc(C(F)(F)F)n2)n1	0	0	0.4715994	1	0.8935996928949456	0.7209302325581395	0.7293323330832708	0.7403691582236218	1.0	Weight-only
CC(C)C(=O)Oc1ccc(CO)cc1C(CCN(C(C)C)C(C)C)c1ccccc1	0	1	0.68385863	1	0.8664850762659249	0.5272727272727272	0.6040829346092503	0.6566842514210935	1.0	Weight-only
CC(C)N(CCC(C(N)=O)(c1ccccc1)c1ccccn1)C(C)C	1	0	0.43583182	1	0.8664933223013648	0.6111111111111112	0.6128205128205129	0.6421652421652423	0.9811320754716981	Weight-only
CC(C)N(CCCCOCC(=O)NS(C)(=O)=O)c1cnc(-c2ccccc2)c(-c2ccccc2)n1	1	1	0.8318765	1	0.8697535685225927	0.7530864197530864	0.7579006576670129	0.7617274335602477	1.0	Weight-only
CC(C)c1cc(-c2n[nH]c(=O)n2-c2ccc3c(ccn3C)c2)c(O)cc1OP(=O)(O)O	1	0	0.36570868	1	0.8930705682283399	0.7741935483870968	0.7828120106482932	0.7915856212266769	1.0	Weight-only
CC(C)c1cccc(C(C)C)c1O	1	0	0.10208866	1	0.8974213543027633	0.7142857142857143	0.7253456221198157	0.7327188940092166	1.0	Weight-only
CC(NC(C)(C)C)C(=O)c1cccc(Cl)c1	0	1	0.53771955	1	0.8756360952653073	0.6862745098039216	0.6900255754475703	0.7019015025745406	1.0	Weight-only
CC(NCCCc1cccc(C(F)(F)F)c1)c1cccc2ccccc12	1	0	0.41789663	1	0.8916339965458322	0.7333333333333333	0.741639344262295	0.7475112449351324	1.0	Weight-only
CC(c1nc(-c2ccc(C#N)cc2)cs1)C(O)(Cn1cncn1)c1cc(F)ccc1F	1	1	0.7830196	1	0.9019587371251444	0.5882352941176471	0.6476780185758514	0.6894800770797374	0.9859154929577465	Weight-only
CC(c1ncncc1F)C(O)(Cn1cncn1)c1ccc(F)cc1F	0	1	0.6433759	1	0.8968582030818496	0.40384615384615385	0.5235576923076923	0.6056570512820513	1.0	Weight-only
CC1(C)C(C(=O)O)N2C(=O)CC2S1(=O)=O	0	0	0.18392842	1	0.8976238513389267	0.6792452830188679	0.7048145738451528	0.7154461553290441	1.0	Weight-only
CC1(C)CC1C(=O)N=C(CCCCCSCC(N)C(=O)O)C(=O)O	0	0	0.18497244	1	0.9075062234880049	0.7538461538461538	0.7677665317139002	0.7774141550457342	1.0	Weight-only
CC1(Cn2ccnn2)C(C(=O)O)N2C(=O)CC2S1(=O)=O	0	0	0.20827824	1	0.8841231897428387	0.7164179104477612	0.7487630341443468	0.7583031569700963	0.9833333333333333	Weight-only
CC12C=CC(=O)C=C1CCC1C2C(=O)CC2(C)C1CCC2(O)C(=O)CO	1	0	0.34866327	1	0.8972444944018185	0.5972222222222222	0.628921568627451	0.6566317807010287	1.0	Weight-only
CC12C=CC(=O)C=C1CCC1C2C(O)CC2(C)C1CCC2(O)C(=O)CO	1	0	0.40465045	1	0.8950796016296217	0.5571428571428572	0.6009523809523809	0.6334267040149393	1.0	Weight-only
CC12CC=C3C4=C(CCC3C1CCC2(O)CC#N)CC(=O)CC4	1	0	0.23225668	1	0.9060095199814179	0.6708860759493671	0.7049706699598641	0.7349204715675848	1.0	Weight-only
CC12CCC(=O)C=C1C1CC1C1C2CCC2(C)C1C1CC1C21CCC(=O)O1	0	0	0.15539628	1	0.9209090003189937	0.7702702702702703	0.7836079452946925	0.7956005038381054	1.0	Weight-only
CC12CCC(=O)C=C1CCC1C2C(=O)CC2(C)C1CCC2(O)C(=O)CO	0	0	0.2806044	1	0.8978904915753566	0.6883116883116883	0.7043450376783711	0.7222355833466945	1.0	Weight-only
CC12CCC(=O)C=C1CCC1C2C(O)CC2(C)C1CCC2(O)C(=O)CO	0	0	0.33145654	1	0.8947271890760514	0.6533333333333333	0.6769999999999999	0.6964125295508276	1.0	Weight-only
CC12CCC(=O)C=C1CCC1C2C(O)CC2(C)C1CCC2(O)C(=O)COC(=O)CCC(=O)O	0	0	0.24349391	1	0.8890221389854503	0.6868686868686869	0.7017763845350051	0.7143217935965892	1.0	Weight-only
CC12CCC(=O)C=C1CCC1C2CCC2(C)C(O)CCC12	1	0	0.16321838	1	0.9045070094668963	0.5818181818181818	0.6119480519480519	0.6479107092414711	1.0	Weight-only
CC12CCC(=O)C=C1CCC1C2CCC2(C)C(OC(=O)CCC3CCCC3)CCC12	0	0	0.38137308	1	0.8922574578534797	0.7125	0.7205232558139535	0.7265422239259449	0.9838709677419355	Weight-only
CC12CCC(O)CC1=CCC1C2CCC2(C)C(c3cccnc3)=CCC12	1	0	0.11625859	1	0.9061701427833597	0.7333333333333333	0.7442253521126759	0.7602056785155376	1.0	Weight-only
CC1=C2CC(=O)C=CC2(C)C2C(O)CC3(C)C(CCC3(O)C(=O)CO)C2C1	1	0	0.3864217	1	0.8936856151452797	0.6410256410256411	0.6443556443556444	0.6511399228790533	1.0	Weight-only
CC1CNCCc2ccc(Cl)cc21	0	0	0.14163895	1	0.9080154191906294	0.7058823529411765	0.7068627450980393	0.7228672170622636	1.0	Weight-only
CC1Cc2ccccc2N1NC(=O)c1ccc(Cl)c(S(N)(=O)=O)c1	0	0	0.2182956	1	0.8735263810265113	0.7121212121212122	0.728598484848485	0.7354220973172587	1.0	Weight-only
CCC(=O)NS(=O)(=O)c1ccc(-c2c(-c3ccccc3)noc2C)cc1	1	0	0.47317675	1	0.8767989007654047	0.7246376811594203	0.7288176964149504	0.7350277293246116	1.0	Weight-only
CCC1(O)C(=O)OCc2c1cc1n(c2=O)Cc2cc3c(CN(C)C)c(O)ccc3nc2-1	1	1	0.5380752	1	0.8832388731207687	0.7752808988764045	0.7810801014860458	0.7833067850727659	1.0	Weight-only
CCCC(=O)OCOC(=O)C1=C(C)N=C(C)C(C(=O)OC)C1c1cccc(Cl)c1Cl	1	1	0.7499992	1	0.8669831017983766	0.2037037037037037	0.32222222222222224	0.482828684379072	0.9827586206896551	Weight-only
CCCC1OC2CC3C4CC=C5CC(=O)C=CC5(C)C4C(O)CC3(C)C2(C(=O)CO)O1	0	1	0.8305061	1	0.8986974031839787	0.4166666666666667	0.4976190476190476	0.5687229437229436	1.0	Weight-only
CCCCCC(=O)OC1(C(C)=O)CCC2C3CC=C4CC(=O)CCC4(C)C3CCC21C	0	0	0.11824801	1	0.895646961901234	0.75	0.7523255813953489	0.7566196324361989	0.9859154929577465	Weight-only
CCCCCCC(=O)OC1CCC2C3CC=C4CC(=O)CCC4(C)C3CCC12C	1	0	0.23499438	1	0.892614311736904	0.7228915662650602	0.7325301204819277	0.7403027748855504	1.0	Weight-only
CCCCCCCN(CC)CCCC(O)c1ccc(NS(C)(=O)=O)cc1	1	1	0.84540826	1	0.8891795197915238	0.5102040816326531	0.5709873138444568	0.6167774484965769	1.0	Weight-only
CCCCCCOC(=O)CCC(=O)CN	1	0	0.4368989	1	0.916391156835654	0.5789473684210527	0.6229830389928309	0.6718857487235339	1.0	Weight-only
CCCCCCOC(=O)N=C(N)c1ccc(NCc2nc3cc(C(=O)N(CCC(=O)OCC)c4ccccn4)ccc3n2C)cc1	1	1	0.9627864	1	0.8826709344413561	0.36046511627906974	0.5008151522416686	0.6104659507253374	1.0	Weight-only
CCCCNc1cc(C(=O)O)cc(S(N)(=O)=O)c1Oc1ccccc1	1	0	0.47459728	1	0.8640717963511878	0.6557377049180327	0.6814631634612709	0.6993907568226556	0.9803921568627451	Weight-only
CCCN(CCC)CCc1cccc2[nH]c(O)cc12	1	0	0.40618563	1	0.8952308378863703	0.7534246575342466	0.7536941387828431	0.7564759266982487	1.0	Weight-only
CCCN(CCc1cccs1)C1CCc2c(O)cccc2C1	1	0	0.13224976	1	0.8913441545890499	0.6933333333333334	0.7547993897787947	0.7643622340876344	1.0	Weight-only
CCN(CC)CC(=O)Nc1c(C)cccc1C	1	0	0.36386764	1	0.8743667937716921	0.6122448979591837	0.618327330932373	0.631622764048148	1.0	Weight-only
CCN(CCO)CCCC(C)Nc1ccnc2cc(Cl)ccc12	1	1	0.6717023	1	0.8901452492892278	0.14	0.38988235294117646	0.5626128041578077	1.0	Weight-only
CCNC(C)Cc1cccc(C(F)(F)F)c1	1	0	0.39943582	1	0.8961006555672073	0.6410256410256411	0.6717948717948719	0.6931859563438512	1.0	Weight-only
CCOC(=O)N1CCC(=C2c3ccc(Cl)cc3CCc3cccnc32)CC1	0	0	0.2698682	1	0.8655712600556936	0.6753246753246753	0.7089358402791239	0.7260128690126589	1.0	Weight-only
CCOC(=O)OC1(C(=O)OCCl)CCC2C3CC=C4CC(=O)C=CC4(C)C3C(O)CC21C	0	0	0.3080812	1	0.892071387484892	0.5494505494505495	0.5861920688007645	0.6139725626581037	1.0	Weight-only
CCc1c2c(nc3ccc(OC(=O)N4CCC(N5CCCCC5)CC4)cc13)-c1cc3c(c(=O)n1C2)COC(=O)C3(O)CC	1	1	0.76477027	1	0.8777724515577628	0.7699115044247787	0.7755469026548673	0.7813592264831202	0.989010989010989	Weight-only
CCc1cc2c(cc1N1CCC(N3CCOCC3)CC1)C(C)(C)c1[nH]c3cc(C#N)ccc3c1C2=O	1	0	0.35533166	1	0.8944338735588769	0.7238095238095238	0.7554812563323201	0.7655680071880461	1.0	Weight-only
CN(C)C(=O)NC1CCC(CCN2CCN(c3cccc(Cl)c3Cl)CC2)CC1	0	0	0.18880998	1	0.8655864764574384	0.631578947368421	0.6616140350877193	0.6929840098134328	0.9841269841269841	Weight-only
CN(C)C(=O)Oc1ccc[n+](C)c1	0	1	0.7249199	1	0.8926899753281905	0.673469387755102	0.7110583768391077	0.7365613806643707	1.0	Weight-only
CN(C)C(=O)Oc1cccc([N+](C)(C)C)c1	1	1	0.6716274	1	0.8865986376888989	0.5957446808510638	0.6574468085106383	0.7060490927512205	1.0	Weight-only
CN(C)CC=CC(=O)Nc1cc2c(Nc3ccc(F)c(Cl)c3)ncnc2cc1OC1CCOC1	0	1	0.82938427	1	0.880697154335312	0.7368421052631579	0.7488018484370487	0.7538764598283383	0.9875	Weight-only
CN(CC=CC#CC(C)(C)C)Cc1cccc2ccccc12	0	0	0.14805658	1	0.9112108975481521	0.8	0.8014285714285716	0.8049640610961366	1.0	Weight-only
CN1C(=O)C(O)N=C(c2ccccc2)c2cc(Cl)ccc21	0	0	0.39720857	1	0.8762354068040462	0.40816326530612246	0.48934240362811793	0.5709409211713359	1.0	Weight-only
CN1C(C(=O)Nc2ccccn2)C(=O)c2ccccc2S1(=O)=O	0	0	0.17944051	1	0.8779935512163957	0.36538461538461536	0.5268386123680241	0.6372347335633338	1.0	Weight-only
CN1CCN2c3c(cccc31)C1CN(CCCC(=O)c3ccc(F)cc3)CCC12	0	0	0.21246655	1	0.8733238931968588	0.6142857142857143	0.6682155447372838	0.6992933393794935	0.9852941176470589	Weight-only
CN1CCN2c3ncccc3Cc3ccccc3C2C1	0	0	0.29538196	1	0.8938471594074492	0.7307692307692307	0.7313186813186813	0.7349491905943519	1.0	Weight-only
CNC(=O)c1cc(Oc2ccc(NC(=O)Nc3ccc(Cl)c(C(F)(F)F)c3)c(F)c2)ccn1	1	1	0.5570093	1	0.8909776337995874	0.7380952380952381	0.7385093167701863	0.7414928067101979	0.9850746268656716	Weight-only
CNC(=O)c1cc(Oc2ccc(NC(=O)Nc3ccc(Cl)c(C(F)(F)F)c3)cc2)ccn1	1	0	0.46739686	1	0.88829327125791	0.7341772151898734	0.7361585030269675	0.7394018697187186	1.0	Weight-only
CNC(C)C1CCC(N)C(OC2C(N)CC(N)C(OC3OCC(C)(O)C(NC)C3O)C2O)O1	1	1	0.70503706	1	0.9250913577959994	0.8315789473684211	0.8329279509453246	0.8343562884058541	1.0	Weight-only
CNC1(c2ccccc2Cl)CCCCC1=O	0	0	0.4723873	1	0.8899231859929484	0.7571428571428571	0.7653968253968253	0.7716402116402117	1.0	Weight-only
CNCCC(Oc1ccc(C(F)(F)F)cc1)c1ccccc1	0	0	0.37577105	1	0.8906424075540275	0.4418604651162791	0.5141728828433524	0.5992784359611916	1.0	Weight-only
CNCCC=C1c2ccccc2CCc2ccccc21	0	0	0.4550498	1	0.8987235415984498	0.3888888888888889	0.46060606060606063	0.5396584896584897	1.0	Weight-only
COC(=O)C(c1ccccc1Cl)N1CCc2sccc2C1	1	1	0.50534856	1	0.8644847126319274	0.5857142857142857	0.6443863179074446	0.684161217303823	1.0	Weight-only
COC(=O)C1=C(C)N=C(C)C(C(=O)OC)C1c1ccccc1[N+](=O)[O-]	1	1	0.6037768	1	0.8795925725740753	0.4827586206896552	0.5249492900608519	0.6100843913555205	1.0	Weight-only
COC(=O)C1C=C2CC(=O)CCC2(C)C23OC2CC2(C)C(CCC24CCC(=O)O4)C13	1	0	0.100516945	1	0.9046206176938572	0.7830188679245284	0.7889124443502226	0.7942194897887075	1.0	Weight-only
COC(c1ccccc1)(c1ccccc1)C(Oc1nc(C)cc(C)n1)C(=O)O	1	0	0.35588098	1	0.8744436227454842	0.7307692307692307	0.7341506702162439	0.7391372036180779	1.0	Weight-only
COCCOC(=O)C1=C(C)N=C(C)C(C(=O)OC(C)C)C1c1cccc([N+](=O)[O-])c1	1	1	0.6812153	1	0.8723920729061979	0.6056338028169014	0.6414290621779457	0.6864617233230668	0.9833333333333333	Weight-only
COc1cc(C(C)=O)ccc1OCCCN1CCC(c2noc3cc(F)ccc23)CC1	1	0	0.48837477	1	0.8677888302621284	0.5357142857142857	0.5382960413080895	0.5815165423599159	0.9850746268656716	Weight-only
COc1cc(NC(C)CCCN)c2ncccc2c1	1	0	0.21506786	1	0.8891928065797724	0.6818181818181818	0.7090909090909091	0.7272727272727272	1.0	Weight-only
COc1cc(Nc2c(C#N)cnc3cc(OCCCN4CCN(C)CC4)c(OC)cc23)c(Cl)cc1Cl	0	1	0.7872058	1	0.9001284155116749	0.7319587628865979	0.7381651567218577	0.745075578914269	1.0	Weight-only
COc1cc2c(Nc3ccc(Br)cc3F)ncnc2cc1OCC1CCN(C)CC1	0	1	0.66357356	1	0.8860168117525367	0.7127659574468085	0.7203425012973532	0.7256771380182876	1.0	Weight-only
COc1cc2c(c(OC)c1OC)-c1ccc(OC)c(=O)cc1C(NC(C)=O)CC2	1	0	0.37338465	1	0.8799947763386099	0.75	0.7547619047619047	0.7597822074566261	1.0	Weight-only
COc1cc2c(cc1O)CCNC21CSC2c3c(OC(C)=O)c(C)c4c(c3C(COC1=O)N1C(O)C3Cc5cc(C)c(OC)c(O)c5C(C21)N3C)OCO4	1	0	0.3805555	1	0.8992270936720579	0.7545454545454545	0.7581818181818182	0.7629413400055601	1.0	Weight-only
COc1cc2nc(N3CCN(C(=O)c4ccco4)CC3)nc(N)c2cc1OC	1	0	0.34472167	1	0.8732049120274928	0.4117647058823529	0.413212669683258	0.497938662644545	1.0	Weight-only
COc1cc2nccc(Oc3ccc(NC(=O)C4(C(=O)Nc5ccc(F)cc5)CC4)cc3)c2cc1OC	0	0	0.47162724	1	0.879138147151296	0.7432432432432432	0.747981981981982	0.7502338924290144	1.0	Weight-only
COc1cc2nccc(Oc3ccc(NC(=O)NC4CC4)c(Cl)c3)c2cc1C(N)=O	1	1	0.56258446	1	0.8804648669341777	0.7052631578947368	0.7088721804511279	0.7259723136311158	1.0	Weight-only
COc1cc2ncnc(Nc3ccc(F)c(Cl)c3)c2cc1OCCCN1CCOCC1	0	1	0.7884152	1	0.8870018590272203	0.6804123711340206	0.7051546391752578	0.7163384339635044	1.0	Weight-only
COc1ccc2c3c1OC1CC(O)C=CC31CCN(C)C2	1	0	0.043039095	1	0.894573600723232	0.5882352941176471	0.6029411764705882	0.6156793703396851	1.0	Weight-only
COc1cccc(-c2c(C)n(Cc3c(F)cccc3C(F)(F)F)c(=O)n(CC(NCCCC(=O)O)c3ccccc3)c2=O)c1F	0	0	0.39272505	1	0.8803728625398489	0.7545454545454545	0.7588202801668726	0.7630548493699666	1.0	Weight-only
COc1ccnc(CS(=O)c2nc3cc(OC(F)F)ccc3[nH]2)c1OC	1	0	0.2548462	1	0.8911221531263014	0.4461538461538462	0.4821850613154962	0.5084142910229867	1.0	Weight-only
CS(=O)(=O)CCNCc1ccc(-c2ccc3ncnc(Nc4ccc(OCc5cccc(F)c5)c(Cl)c4)c3c2)o1	1	1	0.9789748	1	0.8980944978874426	0.7345132743362832	0.7579562531307398	0.7755793459500153	0.9882352941176471	Weight-only
CS(=O)(=O)c1ccc(C(=O)Nc2ccc(Cl)c(-c3ccccn3)c2)c(Cl)c1	0	0	0.33543155	1	0.8904078160438638	0.7638888888888888	0.7642156862745098	0.764675623335754	1.0	Weight-only
CS(=O)(=O)c1ccc(C2=C(c3ccccc3)C(=O)OC2)cc1	1	0	0.4028877	1	0.9002326471940248	0.7313432835820896	0.7821307256819352	0.7904694507756783	1.0	Weight-only
C[N+](C)(C)CCOC(=O)CCC(=O)OCC[N+](C)(C)C	1	0	0.42354947	1	0.9131218938495828	0.7222222222222222	0.7252252252252253	0.7477165477165477	1.0	Weight-only
Cc1c(C(=O)Nc2ccc(N3CC(C)OC(C)C3)nc2)cccc1-c1ccc(OC(F)(F)F)cc1	1	0	0.4953357	1	0.8753926627410634	0.6891891891891891	0.7044226044226045	0.7194658001109615	1.0	Weight-only
Cc1cc(C(C)(C)C)c(O)c(C)c1CC1=NCCN1	0	1	0.5762942	1	0.9068806599031005	0.631578947368421	0.7568117091221463	0.7785072964575392	1.0	Weight-only
Cc1cc(NS(=O)(=O)c2ccc(N)cc2)no1	0	0	0.2807178	1	0.9019130559086634	0.6285714285714286	0.706530612244898	0.7373054969114081	1.0	Weight-only
Cc1ccc(-c2ncc(Cl)cc2-c2ccc(S(C)(=O)=O)cc2)cn1	1	1	0.51954025	1	0.909708549845002	0.7758620689655172	0.7782493368700265	0.7825167595282537	1.0	Weight-only
Cc1ccc(C(=O)OCc2ccc(C(CN)C(=O)Nc3ccc4cnccc4c3)cc2)c(C)c1	0	0	0.41382542	1	0.8839834987202301	0.7448979591836735	0.7528211284513805	0.7626515418377591	1.0	Weight-only
Cc1ccc(Sc2ccccc2N2CCNCC2)c(C)c1	0	0	0.15871939	1	0.9010303422712286	0.7538461538461538	0.7660331825037707	0.7804240784632941	1.0	Weight-only
Cc1cccc(C(C)c2c[nH]cn2)c1C	1	0	0.33562	1	0.9104781543709414	0.8048780487804879	0.8070647603027755	0.8094418672445235	1.0	Weight-only
Cc1cccc(C)c1NC(=O)C1CCCCN1C	1	0	0.45275933	1	0.8653148921768413	0.27906976744186046	0.2918863049095607	0.42589362618432386	1.0	Weight-only
Cc1ccccc1C(=O)Nc1ccc(C(=O)N2CCCC(O)c3cc(Cl)ccc32)c(C)c1	0	0	0.38390988	1	0.875903827983911	0.7411764705882353	0.7456858435681964	0.7477142465377759	1.0	Weight-only
Cc1ccccc1N1C(=O)c2cc(S(N)(=O)=O)c(Cl)cc2NC1C	0	0	0.15303549	1	0.8875612050497577	0.7457627118644068	0.7485812226242621	0.7520491527347365	1.0	Weight-only
Cc1nc(Nc2ncc(C(=O)Nc3c(C)cccc3Cl)s2)cc(N2CCN(CCO)CC2)n1	1	1	0.66795075	1	0.8745253029793522	0.71	0.717358024691358	0.72319261914244	1.0	Weight-only
Cc1ncc2n1-c1ccc(Cl)cc1C(c1ccccc1F)=NC2	1	0	0.3510114	1	0.8977194599584026	0.5789473684210527	0.6441426146010187	0.6890505030028128	1.0	Weight-only
Cc1nnc(C(C)C)n1C1CC2CCC(C1)N2CCC(NC(=O)C1CCC(F)(F)CC1)c1ccccc1	1	0	0.41033876	1	0.866649595133446	0.7066666666666667	0.724	0.7419408369408369	0.9848484848484849	Weight-only
Cc1nnc2n1-c1ccc(Cl)cc1C(c1ccccc1)=NC2	0	1	0.5519212	1	0.8996256038343139	0.42	0.5278620689655172	0.6026892902754972	1.0	Weight-only
Cc1nnc2n1-c1ccc(Cl)cc1C(c1ccccc1Cl)=NC2	1	0	0.3667772	1	0.9052596051699652	0.5714285714285714	0.6379391100702576	0.6838525772952002	1.0	Weight-only
Cc1onc(-c2ccccc2)c1-c1ccc(S(N)(=O)=O)cc1	1	0	0.21341464	1	0.900206404925367	0.6785714285714286	0.6928571428571428	0.7247517503073059	1.0	Weight-only
Clc1ccc2c(c1)CCc1cccnc1C2=C1CCNCC1	1	0	0.28624272	1	0.9185556063456125	0.7540983606557377	0.7587090163934426	0.7676855646630236	1.0	Weight-only
Cn1c(=O)cc(N2CCCC(N)C2)n(Cc2ccccc2C#N)c1=O	1	0	0.25112838	1	0.8798682831611985	0.7126436781609196	0.7366936013314739	0.7515952411088203	1.0	Weight-only
Cn1cnc2c(F)c(Nc3ccc(Br)cc3Cl)c(C(=O)NOCCO)cc21	0	0	0.4426499	1	0.8814401405385762	0.7575757575757576	0.7661244019138754	0.7723369769582862	0.9846153846153847	Weight-only
Cn1cnc2c(F)c(Nc3ccc(Br)cc3F)c(C(=O)NOCCO)cc21	0	0	0.390597	1	0.8812112616763749	0.7472527472527473	0.7580290677064871	0.767326090246294	0.9841269841269841	Weight-only
N#CC1CCCN1C(=O)CNC12CC3CC(CC(O)(C3)C1)C2	0	1	0.6394726	1	0.9176948955506353	0.5967741935483871	0.6809560823940926	0.7437851251395752	1.0	Weight-only
N#Cc1ccc(C(c2ccc(C#N)cc2)n2cncn2)cc1	1	0	0.4585082	1	0.9293749561334681	0.7291666666666666	0.7495	0.7685922787193973	1.0	Weight-only
N=C(N)NC(=O)Cc1c(Cl)cccc1Cl	0	0	0.16959599	1	0.8838836889345587	0.6428571428571429	0.6734335839598998	0.7021138116609352	1.0	Weight-only
NC1c2cccnc2C(OC(=O)N2CCC(n3c(=O)[nH]c4ncccc43)CC2)CCC1c1cccc(F)c1F	0	0	0.45510226	1	0.8879471612621752	0.717391304347826	0.7446397368691541	0.7608201878757463	1.0	Weight-only
NS(=O)(=O)c1cc(C(=O)O)c(NCc2ccco2)cc1Cl	1	0	0.17996922	1	0.883047561302744	0.7450980392156863	0.7488132094943241	0.7565847581327457	1.0	Weight-only
NS(=O)(=O)c1cc(C2(O)NC(=O)c3ccccc32)ccc1Cl	1	0	0.0650935	1	0.9029679061194004	0.7761194029850746	0.7810562571756601	0.787063703646046	1.0	Weight-only
NS(=O)(=O)c1cc2c(cc1Cl)NCNS2(=O)=O	1	0	0.26272944	1	0.9220478678797135	0.7666666666666667	0.7811267605633804	0.7968828191095346	1.0	Weight-only
Nc1nc(=O)c2ncn(COCCO)c2[nH]1	0	1	0.5614236	1	0.8938858029638451	0.32608695652173914	0.40254872563718147	0.4862376504055665	1.0	Weight-only
Nc1nc(CC(=O)Nc2ccc(CCNCC(O)c3ccccc3)cc2)cs1	1	1	0.52121395	1	0.8816473453811029	0.684931506849315	0.6899062725306415	0.6950008768682163	1.0	Weight-only
O=C(CCCN1CC=C(n2c(=O)[nH]c3ccccc32)CC1)c1ccc(F)cc1	1	1	0.6617695	1	0.8844884762856944	0.582089552238806	0.6566074506373013	0.707429185598672	0.9848484848484849	Weight-only
O=C(CCCN1CCC(O)(c2ccc(Cl)cc2)CC1)c1ccc(F)cc1	1	0	0.15257554	1	0.8803370294002747	0.44642857142857145	0.550670913526701	0.6167458326505378	0.9803921568627451	Weight-only
O=C(NC1CCN(CCCCC2(C(=O)NCC(F)(F)F)c3ccccc3-c3ccccc32)CC1)c1ccccc1-c1ccc(C(F)(F)F)cc1	0	1	0.5584519	1	0.8813078109713346	0.7032967032967034	0.7297235117823353	0.7336847792730145	0.9864864864864865	Weight-only
O=C(Nc1ccc(CC2CCC(C(O)c3ccccc3)N2)cc1)C1CCc2nccc(=O)n21	1	0	0.23558465	1	0.8707927938918094	0.7575757575757576	0.7583429228998849	0.7621000658975343	1.0	Weight-only
O=C(Nc1ccc(OC(F)(F)Cl)cc1)c1cnc(N2CCC(O)C2)c(-c2cc[nH]n2)c1	1	1	0.72156835	1	0.8796084444726028	0.7307692307692307	0.7314847942754918	0.7406493533197623	1.0	Weight-only
O=C(Nc1nc(-c2cc(Cl)cs2)c(N2CCN(C3CCCCC3)CC2)s1)c1cnc(N2CCC(C(=O)O)CC2)c(Cl)c1	1	1	0.57185423	1	0.8969186886171895	0.7663551401869159	0.7709650448964632	0.7770092000266547	1.0	Weight-only
O=C(O)C1C(=CCO)OC2CC(=O)N21	0	0	0.33545637	1	0.8962683267759529	0.7868852459016393	0.7893725268513284	0.794095848250738	1.0	Weight-only
O=C(O)C1N=C(c2ccccc2)c2cc(Cl)ccc2NC1=O	1	0	0.4678986	1	0.8826137614956124	0.6071428571428571	0.6331381733021078	0.6759837511203632	1.0	Weight-only
O=C(O)c1cc(N=Nc2ccc(S(=O)(=O)Nc3ccccn3)cc2)ccc1O	0	0	0.20626438	1	0.8879328605069695	0.576271186440678	0.6726979555161676	0.6996892197734117	1.0	Weight-only
O=C(c1ccccc1)c1ccc2n1CCC2C(=O)O	1	0	0.34070307	1	0.8826332445833862	0.7291666666666666	0.7337719298245614	0.7378131581007958	1.0	Weight-only
O=C1CN=C(c2ccccc2Cl)c2cc([N+](=O)[O-])ccc2N1	0	1	0.52917135	1	0.9049266199708342	0.734375	0.7391324626865672	0.750931851816865	1.0	Weight-only
O=C1N=C(c2ccccc2Cl)c2cc(Cl)ccc2NC1O	0	0	0.44254142	1	0.8870686419898597	0.7	0.7027586206896551	0.7123517606276226	1.0	Weight-only
O=C1OC2(c3ccc(O)cc3Oc3cc(O)ccc32)c2ccccc21	1	0	0.38274628	1	0.9032249969107375	0.8	0.8015686274509803	0.8038712921065861	1.0	Weight-only
O=NN(CCCl)C(=O)NCCCl	1	1	0.63149786	1	0.9321830201557464	0.7608695652173914	0.7663768115942029	0.775388533123619	1.0	Weight-only
O=S(=O)([O-])Oc1ccc(C(c2ccc(OS(=O)(=O)O)cc2)c2ccccn2)cc1	0	1	0.5364758	1	0.8963063716387429	0.7192982456140351	0.7425846399680415	0.7647343841134377	1.0	Weight-only
O=c1[nH]c2ccccc2n1CCN1CCN(c2cccc(C(F)(F)F)c2)CC1	0	0	0.31104106	1	0.8927293006309843	0.5942028985507246	0.6433149622371912	0.6802461179269715	1.0	Weight-only
S=P(N1CC1)(N1CC1)N1CC1	0	0	0.29576993	1	0.9735231877509951	0.8787878787878788	0.8848484848484848	0.8896549826782386	1.0	Weight-only
C#CC1(O)CCC2C3CC=C4CC(=O)CCC4C3C(=C)CC21CC	0	0	0.05605409	1	0.906539256943103	0.3492063492063492	0.4266666666666666	0.5454165128583733	1.0	Weight-only
C#CC1(O)CCC2C3CC=C4CC(=O)CCC4C3CCC21C	0	0	0.07657678	1	0.9120938138518198	0.582089552238806	0.6103648424543946	0.6466651783815963	1.0	Weight-only
C#CC1(O)CCC2C3CC=C4CC(=O)CCC4C3CCC21CC	0	0	0.11358325	1	0.9029003094006822	0.4098360655737705	0.4635486981677917	0.5607829247869963	1.0	Weight-only
C#CC1(O)CCC2C3CCc4cc(O)ccc4C3CCC21C	0	0	0.07814243	1	0.903387332574605	0.4230769230769231	0.4952501332783023	0.566218775138963	1.0	Weight-only
C#CC1(OC(C)=O)CCC2C3CCC4=CC(=NO)CCC4C3CCC21CC	0	0	0.31421185	1	0.9036653532873024	0.3064516129032258	0.4351530190239868	0.5812029930559564	0.9859154929577465	Weight-only
C#Cc1cccc(Nc2ncnc3cc(OCCOC)c(OCCOC)cc23)c1	0	1	0.8603109	1	0.8941658509219145	0.7553191489361702	0.7589458413926499	0.7663896649712254	1.0	Weight-only
C=C1CCN(C(C)C(O)(Cn2cncn2)c2ccc(F)cc2F)CC1	0	0	0.46952602	1	0.8887251715607705	0.42592592592592593	0.5367436743674368	0.6136724783589469	1.0	Weight-only
C=CC(=O)N1CCCC(n2nc(-c3ccc(Oc4ccccc4)cc3)c3c(N)ncnc32)C1	1	0	0.17421001	1	0.8824238156843645	0.7473684210526316	0.7484210526315789	0.7521721685574714	0.9857142857142858	Weight-only
CC#CC(=O)N1CCCC1c1nc(-c2ccc(C(=O)Nc3ccccn3)cc2)c2c(N)nccn12	1	0	0.3413903	1	0.8790534997127141	0.7419354838709677	0.7481915933528838	0.7547390412665556	1.0	Weight-only
CC#CCn1c(N2CCCC(N)C2)nc2c1c(=O)n(Cc1nc(C)c3ccccc3n1)c(=O)n2C	1	0	0.45494252	1	0.8858269085791293	0.7472527472527473	0.7515431377133505	0.7596944033114245	1.0	Weight-only
CC(=O)C1CCC2C3CC=C4CC(=O)CCC4(C)C3CCC12C	0	0	0.07861469	1	0.9055360773682541	0.6714285714285714	0.6906620209059234	0.7074280167108706	1.0	Weight-only
CC(=O)OC1(C(C)=O)CCC2C3=CC(C)=C4CC(=O)CCC4(C)C3CCC21C	1	0	0.2880148	1	0.9012309982708279	0.7710843373493976	0.7737617135207497	0.7808705814977476	1.0	Weight-only
CC(=O)OC1(C(C)=O)CCC2C3CC(C)=C4CC(=O)CCC4(C)C3CCC21C	0	0	0.16077688	1	0.9108457829697465	0.7246376811594203	0.7439254658385093	0.7624982746721876	1.0	Weight-only
CC(=O)OC1CCC2(C)C(=CCC3C2CCC2(C)C(c4cccnc4)=CCC32)C1	1	0	0.14805584	1	0.890630670136216	0.7611940298507462	0.7632099244039543	0.7659239702303073	1.0	Weight-only
CC(=O)OCC(=O)C12N=C(C)OC1CC1C3CC=C4CC(=O)C=CC4(C)C3C(O)CC12C	0	1	0.52917325	1	0.8901602154816391	0.45977011494252873	0.5354365370506237	0.5879595663161328	0.9848484848484849	Weight-only
CC(=O)Oc1ccc(C(c2ccc(OC(C)=O)cc2)c2ccccn2)cc1	0	0	0.26919225	1	0.8804903389421231	0.6666666666666666	0.6697674418604651	0.6919263829562833	1.0	Weight-only
CC(=O)SC1C=C2CC(=O)CCC2(C)C2CCC3(C)C(CCC34CCC(=O)O4)C12	1	0	0.120516405	1	0.905980676045433	0.7733333333333333	0.7792941176470587	0.7855831167808489	1.0	Weight-only
CC(=O)[O-]	1	0	0.23173839	1	0.9361163369420412	0.5	0.5	0.5767973856209151	1.0	Weight-only
CC(C)(C)c1cc(C(C)(C)C)c(NC(=O)c2c[nH]c3ccccc3c2=O)cc1O	0	0	0.45872533	1	0.8881870448398866	0.7777777777777778	0.7787608225108226	0.7847824777369136	1.0	Weight-only
CC(C)(O)CNc1nc(Nc2ccnc(C(F)(F)F)c2)nc(-c2cccc(C(F)(F)F)n2)n1	1	0	0.43296143	1	0.8935996928949456	0.7209302325581395	0.7293323330832708	0.7403691582236218	1.0	Weight-only
CC(C)C(=O)Oc1ccc(CO)cc1C(CCN(C(C)C)C(C)C)c1ccccc1	0	1	0.62844867	1	0.8664850762659249	0.5272727272727272	0.6040829346092503	0.6566842514210935	1.0	Weight-only
CC(C)N(CCC(C(N)=O)(c1ccccc1)c1ccccn1)C(C)C	1	0	0.4006667	1	0.8664933223013648	0.6111111111111112	0.6128205128205129	0.6421652421652423	0.9811320754716981	Weight-only
CC(C)N(CCCCOCC(=O)NS(C)(=O)=O)c1cnc(-c2ccccc2)c(-c2ccccc2)n1	1	1	0.81545764	1	0.8697535685225927	0.7530864197530864	0.7579006576670129	0.7617274335602477	1.0	Weight-only
CC(C)c1cc(-c2n[nH]c(=O)n2-c2ccc3c(ccn3C)c2)c(O)cc1OP(=O)(O)O	0	0	0.34398	1	0.8930705682283399	0.7741935483870968	0.7828120106482932	0.7915856212266769	1.0	Weight-only
CC(C)c1cccc(C(C)C)c1O	1	0	0.09067463	1	0.8974213543027633	0.7142857142857143	0.7253456221198157	0.7327188940092166	1.0	Weight-only
CC(NC(C)(C)C)C(=O)c1cccc(Cl)c1	0	1	0.51303566	1	0.8756360952653073	0.6862745098039216	0.6900255754475703	0.7019015025745406	1.0	Weight-only
CC(NCCCc1cccc(C(F)(F)F)c1)c1cccc2ccccc12	1	0	0.38341355	1	0.8916339965458322	0.7333333333333333	0.741639344262295	0.7475112449351324	1.0	Weight-only
CC(c1ncncc1F)C(O)(Cn1cncn1)c1ccc(F)cc1F	1	1	0.6046189	1	0.8968582030818496	0.40384615384615385	0.5235576923076923	0.6056570512820513	1.0	Weight-only
CC1(C)C(C(=O)O)N2C(=O)CC2S1(=O)=O	1	0	0.16700618	1	0.8976238513389267	0.6792452830188679	0.7048145738451528	0.7154461553290441	1.0	Weight-only
CC1(Cn2ccnn2)C(C(=O)O)N2C(=O)CC2S1(=O)=O	1	0	0.18698063	1	0.8841231897428387	0.7164179104477612	0.7487630341443468	0.7583031569700963	0.9833333333333333	Weight-only
CC12C=CC(=O)C=C1CCC1C2C(=O)CC2(C)C1CCC2(O)C(=O)CO	1	0	0.31861055	1	0.8972444944018185	0.5972222222222222	0.628921568627451	0.6566317807010287	1.0	Weight-only
CC12C=CC(=O)C=C1CCC1C2C(O)CC2(C)C1CCC2(O)C(=O)CO	1	0	0.36769262	1	0.8950796016296217	0.5571428571428572	0.6009523809523809	0.6334267040149393	1.0	Weight-only
CC12CCC(=O)C=C1C1CC1C1C2CCC2(C)C1C1CC1C21CCC(=O)O1	0	0	0.14132074	1	0.9209090003189937	0.7702702702702703	0.7836079452946925	0.7956005038381054	1.0	Weight-only
CC12CCC(=O)C=C1CCC1C2C(O)CC2(C)C1CCC2(O)C(=O)CO	0	0	0.29852605	1	0.8947271890760514	0.6533333333333333	0.6769999999999999	0.6964125295508276	1.0	Weight-only
CC12CCC(=O)C=C1CCC1C2CCC2(C)C(O)CCC12	1	0	0.14386812	1	0.9045070094668963	0.5818181818181818	0.6119480519480519	0.6479107092414711	1.0	Weight-only
CC12CCC(=O)C=C1CCC1C2CCC2(C)C(OC(=O)CCC3CCCC3)CCC12	0	0	0.3510008	1	0.8922574578534797	0.7125	0.7205232558139535	0.7265422239259449	0.9838709677419355	Weight-only
CC12CCC(O)CC1=CCC1C2CCC2(C)C(c3cccnc3)=CCC12	1	0	0.104462266	1	0.9061701427833597	0.7333333333333333	0.7442253521126759	0.7602056785155376	1.0	Weight-only
CC12CCC3C(CC=C4CC(O)CCC43C)C1CCC2=O	1	0	0.07732889	1	0.9014391610643252	0.5555555555555556	0.6101383560051158	0.6798892194968332	1.0	Weight-only
CC1=C2CC(=O)C=CC2(C)C2C(O)CC3(C)C(CCC3(O)C(=O)CO)C2C1	0	0	0.35348433	1	0.8936856151452797	0.6410256410256411	0.6443556443556444	0.6511399228790533	1.0	Weight-only
CC1CNCCc2ccc(Cl)cc21	1	0	0.13067749	1	0.9080154191906294	0.7058823529411765	0.7068627450980393	0.7228672170622636	1.0	Weight-only
CC1Cc2ccccc2N1NC(=O)c1ccc(Cl)c(S(N)(=O)=O)c1	1	0	0.19590329	1	0.8735263810265113	0.7121212121212122	0.728598484848485	0.7354220973172587	1.0	Weight-only
CCC1(O)C(=O)OCc2c1cc1n(c2=O)Cc2cc3c(CN(C)C)c(O)ccc3nc2-1	0	1	0.5052432	1	0.8832388731207687	0.7752808988764045	0.7810801014860458	0.7833067850727659	1.0	Weight-only
CCCC(=O)OCOC(=O)C1=C(C)N=C(C)C(C(=O)OC)C1c1cccc(Cl)c1Cl	1	1	0.71424574	1	0.8669831017983766	0.2037037037037037	0.32222222222222224	0.482828684379072	0.9827586206896551	Weight-only
CCCC1OC2CC3C4CC=C5CC(=O)C=CC5(C)C4C(O)CC3(C)C2(C(=O)CO)O1	0	1	0.8072571	1	0.8986974031839787	0.4166666666666667	0.4976190476190476	0.5687229437229436	1.0	Weight-only
CCCCCC(=O)OC1(C(C)=O)CCC2C3CC=C4CC(=O)CCC4(C)C3CCC21C	0	0	0.10376009	1	0.895646961901234	0.75	0.7523255813953489	0.7566196324361989	0.9859154929577465	Weight-only
CCCCCCC(=O)OC1CCC2C3CC=C4CC(=O)CCC4(C)C3CCC12C	1	0	0.21241345	1	0.892614311736904	0.7228915662650602	0.7325301204819277	0.7403027748855504	1.0	Weight-only
CCCCCCCN(CC)CCCC(O)c1ccc(NS(C)(=O)=O)cc1	1	1	0.8325088	1	0.8891795197915238	0.5102040816326531	0.5709873138444568	0.6167774484965769	1.0	Weight-only
CCCCCCOC(=O)N=C(N)c1ccc(NCc2nc3cc(C(=O)N(CCC(=O)OCC)c4ccccn4)ccc3n2C)cc1	1	1	0.95617336	1	0.8826709344413561	0.36046511627906974	0.5008151522416686	0.6104659507253374	1.0	Weight-only
CCCCNc1cc(C(=O)O)cc(S(N)(=O)=O)c1Oc1ccccc1	1	0	0.43936345	1	0.8640717963511878	0.6557377049180327	0.6814631634612709	0.6993907568226556	0.9803921568627451	Weight-only
CCCN(CCC)CCc1cccc2[nH]c(O)cc12	0	0	0.3539189	1	0.8952308378863703	0.7534246575342466	0.7536941387828431	0.7564759266982487	1.0	Weight-only
CCCN(CCc1cccs1)C1CCc2c(O)cccc2C1	1	0	0.115269534	1	0.8913441545890499	0.6933333333333334	0.7547993897787947	0.7643622340876344	1.0	Weight-only
CCN(CC)CC(=O)Nc1c(C)cccc1C	0	0	0.33344758	1	0.8743667937716921	0.6122448979591837	0.618327330932373	0.631622764048148	1.0	Weight-only
CCN(CCO)CCCC(C)Nc1ccnc2cc(Cl)ccc12	1	1	0.63888884	1	0.8901452492892278	0.14	0.38988235294117646	0.5626128041578077	1.0	Weight-only
CCNC(C)Cc1cccc(C(F)(F)F)c1	0	0	0.36511582	1	0.8961006555672073	0.6410256410256411	0.6717948717948719	0.6931859563438512	1.0	Weight-only
CCOC(=O)N1CCC(=C2c3ccc(Cl)cc3CCc3cccnc32)CC1	0	0	0.24777131	1	0.8655712600556936	0.6753246753246753	0.7089358402791239	0.7260128690126589	1.0	Weight-only
CCc1c2c(nc3ccc(OC(=O)N4CCC(N5CCCCC5)CC4)cc13)-c1cc3c(c(=O)n1C2)COC(=O)C3(O)CC	0	1	0.7490535	1	0.8777724515577628	0.7699115044247787	0.7755469026548673	0.7813592264831202	0.989010989010989	Weight-only
CCc1cc2c(cc1N1CCC(N3CCOCC3)CC1)C(C)(C)c1[nH]c3cc(C#N)ccc3c1C2=O	0	0	0.3020596	1	0.8944338735588769	0.7238095238095238	0.7554812563323201	0.7655680071880461	1.0	Weight-only
CN(C)C(=O)NC1CCC(CCN2CCN(c3cccc(Cl)c3Cl)CC2)CC1	0	0	0.16478488	1	0.8655864764574384	0.631578947368421	0.6616140350877193	0.6929840098134328	0.9841269841269841	Weight-only
CN(C)C(=O)Oc1ccc[n+](C)c1	0	1	0.6916203	1	0.8926899753281905	0.673469387755102	0.7110583768391077	0.7365613806643707	1.0	Weight-only
CN(C)C(=O)Oc1cccc([N+](C)(C)C)c1	1	1	0.64453214	1	0.8865986376888989	0.5957446808510638	0.6574468085106383	0.7060490927512205	1.0	Weight-only
CN(C)CC=CC(=O)Nc1cc2c(Nc3ccc(F)c(Cl)c3)ncnc2cc1OC1CCOC1	0	1	0.81379414	1	0.880697154335312	0.7368421052631579	0.7488018484370487	0.7538764598283383	0.9875	Weight-only
CN(CC=CC#CC(C)(C)C)Cc1cccc2ccccc12	0	0	0.11930256	1	0.9112108975481521	0.8	0.8014285714285716	0.8049640610961366	1.0	Weight-only
CN1C(C(=O)Nc2ccccn2)C(=O)c2ccccc2S1(=O)=O	0	0	0.16094272	1	0.8779935512163957	0.36538461538461536	0.5268386123680241	0.6372347335633338	1.0	Weight-only
CN1CCN2c3ncccc3Cc3ccccc3C2C1	0	0	0.27520907	1	0.8938471594074492	0.7307692307692307	0.7313186813186813	0.7349491905943519	1.0	Weight-only
CNC(=O)c1cc(Oc2ccc(NC(=O)Nc3ccc(Cl)c(C(F)(F)F)c3)c(F)c2)ccn1	0	1	0.53522694	1	0.8909776337995874	0.7380952380952381	0.7385093167701863	0.7414928067101979	0.9850746268656716	Weight-only
CNC(=O)c1cc(Oc2ccc(NC(=O)Nc3ccc(Cl)c(C(F)(F)F)c3)cc2)ccn1	1	0	0.44828185	1	0.88829327125791	0.7341772151898734	0.7361585030269675	0.7394018697187186	1.0	Weight-only
CNC(C)C1CCC(N)C(OC2C(N)CC(N)C(OC3OCC(C)(O)C(NC)C3O)C2O)O1	0	1	0.6642744	1	0.9250913577959994	0.8315789473684211	0.8329279509453246	0.8343562884058541	1.0	Weight-only
CNC1(c2ccccc2Cl)CCCCC1=O	0	0	0.4486667	1	0.8899231859929484	0.7571428571428571	0.7653968253968253	0.7716402116402117	1.0	Weight-only
CNCC(=O)OCc1cccnc1N(C)C(=O)OC(C)[n+]1cnn(CC(O)(c2cc(F)ccc2F)C(C)c2nc(-c3ccc(C#N)cc3)cs2)c1	1	1	0.7765275	1	0.8938613555448341	0.7698412698412699	0.7743135210288495	0.7779363013618656	0.981651376146789	Weight-only
CNCCC(Oc1ccc(C(F)(F)F)cc1)c1ccccc1	0	0	0.35843956	1	0.8906424075540275	0.4418604651162791	0.5141728828433524	0.5992784359611916	1.0	Weight-only
CNCCC=C1c2ccccc2CCc2ccccc21	0	0	0.4298799	1	0.8987235415984498	0.3888888888888889	0.46060606060606063	0.5396584896584897	1.0	Weight-only
COC(=O)C(c1ccccc1Cl)N1CCc2sccc2C1	1	0	0.4578876	1	0.8644847126319274	0.5857142857142857	0.6443863179074446	0.684161217303823	1.0	Weight-only
COC(=O)C1=C(C)N=C(C)C(C(=O)OC)C1c1ccccc1[N+](=O)[O-]	1	1	0.57817745	1	0.8795925725740753	0.4827586206896552	0.5249492900608519	0.6100843913555205	1.0	Weight-only
COC(=O)C1C=C2CC(=O)CCC2(C)C23OC2CC2(C)C(CCC24CCC(=O)O4)C13	1	0	0.09004723	1	0.9046206176938572	0.7830188679245284	0.7889124443502226	0.7942194897887075	1.0	Weight-only
COC(c1ccccc1)(c1ccccc1)C(Oc1nc(C)cc(C)n1)C(=O)O	1	0	0.33547765	1	0.8744436227454842	0.7307692307692307	0.7341506702162439	0.7391372036180779	1.0	Weight-only
COCCOC(=O)C1=C(C)N=C(C)C(C(=O)OC(C)C)C1c1cccc([N+](=O)[O-])c1	1	1	0.6371865	1	0.8723920729061979	0.6056338028169014	0.6414290621779457	0.6864617233230668	0.9833333333333333	Weight-only
COc1cc(Nc2c(C#N)cnc3cc(OCCCN4CCN(C)CC4)c(OC)cc23)c(Cl)cc1Cl	1	1	0.77145934	1	0.9001284155116749	0.7319587628865979	0.7381651567218577	0.745075578914269	1.0	Weight-only
COc1cc2c(Nc3ccc(Br)cc3F)ncnc2cc1OCC1CCN(C)CC1	1	1	0.6392032	1	0.8860168117525367	0.7127659574468085	0.7203425012973532	0.7256771380182876	1.0	Weight-only
COc1cc2c(c(OC)c1OC)-c1ccc(OC)c(=O)cc1C(NC(C)=O)CC2	0	0	0.3477587	1	0.8799947763386099	0.75	0.7547619047619047	0.7597822074566261	1.0	Weight-only
COc1cc2c(cc1O)CCNC21CSC2c3c(OC(C)=O)c(C)c4c(c3C(COC1=O)N1C(O)C3Cc5cc(C)c(OC)c(O)c5C(C21)N3C)OCO4	0	0	0.34555918	1	0.8992270936720579	0.7545454545454545	0.7581818181818182	0.7629413400055601	1.0	Weight-only
COc1cc2nc(N3CCN(C(=O)c4ccco4)CC3)nc(N)c2cc1OC	1	0	0.31690857	1	0.8732049120274928	0.4117647058823529	0.413212669683258	0.497938662644545	1.0	Weight-only
COc1cc2nccc(Oc3ccc(NC(=O)C4(C(=O)Nc5ccc(F)cc5)CC4)cc3)c2cc1OC	0	0	0.45441797	1	0.879138147151296	0.7432432432432432	0.747981981981982	0.7502338924290144	1.0	Weight-only
COc1cc2nccc(Oc3ccc(NC(=O)NC4CC4)c(Cl)c3)c2cc1C(N)=O	1	1	0.5298274	1	0.8804648669341777	0.7052631578947368	0.7088721804511279	0.7259723136311158	1.0	Weight-only
COc1cc2ncnc(Nc3ccc(F)c(Cl)c3)c2cc1NC(=O)C=CCN1CCCCC1	1	1	0.7680522	1	0.870775384283013	0.719626168224299	0.7258504672897196	0.7345274318611652	0.9863013698630136	Weight-only
COc1ccc2c3c1OC1CC(O)C=CC31CCN(C)C2	1	0	0.039686292	1	0.894573600723232	0.5882352941176471	0.6029411764705882	0.6156793703396851	1.0	Weight-only
COc1cccc(-c2c(C)n(Cc3c(F)cccc3C(F)(F)F)c(=O)n(CC(NCCCC(=O)O)c3ccccc3)c2=O)c1F	0	0	0.35943428	1	0.8803728625398489	0.7545454545454545	0.7588202801668726	0.7630548493699666	1.0	Weight-only
COc1ccnc(CS(=O)c2nc3cc(OC(F)F)ccc3[nH]2)c1OC	1	0	0.24087748	1	0.8911221531263014	0.4461538461538462	0.4821850613154962	0.5084142910229867	1.0	Weight-only
CS(=O)(=O)CCNCc1ccc(-c2ccc3ncnc(Nc4ccc(OCc5cccc(F)c5)c(Cl)c4)c3c2)o1	0	1	0.97382253	1	0.8980944978874426	0.7345132743362832	0.7579562531307398	0.7755793459500153	0.9882352941176471	Weight-only
CS(=O)(=O)c1ccc(C(=O)Nc2ccc(Cl)c(-c3ccccn3)c2)c(Cl)c1	0	0	0.3123773	1	0.8904078160438638	0.7638888888888888	0.7642156862745098	0.764675623335754	1.0	Weight-only
CS(=O)(=O)c1ccc(C2=C(c3ccccc3)C(=O)OC2)cc1	1	0	0.3793742	1	0.9002326471940248	0.7313432835820896	0.7821307256819352	0.7904694507756783	1.0	Weight-only
C[N+](C)(C)CC(=O)[O-]	0	0	0.30000752	1	0.9224636580451955	0.6956521739130435	0.6997442455242967	0.724538099644664	1.0	Weight-only
C[N+](C)(C)CCOC(=O)CCC(=O)OCC[N+](C)(C)C	1	0	0.38495344	1	0.9131218938495828	0.7222222222222222	0.7252252252252253	0.7477165477165477	1.0	Weight-only
Cc1c(C(=O)Nc2ccc(N3CC(C)OC(C)C3)nc2)cccc1-c1ccc(OC(F)(F)F)cc1	1	0	0.4655798	1	0.8753926627410634	0.6891891891891891	0.7044226044226045	0.7194658001109615	1.0	Weight-only
Cc1cc(C(C)(C)C)c(O)c(C)c1CC1=NCCN1	0	1	0.5430959	1	0.9068806599031005	0.631578947368421	0.7568117091221463	0.7785072964575392	1.0	Weight-only
Cc1cc(NS(=O)(=O)c2ccc(N)cc2)no1	0	0	0.25963134	1	0.9019130559086634	0.6285714285714286	0.706530612244898	0.7373054969114081	1.0	Weight-only
Cc1ccc(-c2ncc(Cl)cc2-c2ccc(S(C)(=O)=O)cc2)cn1	1	0	0.47785103	1	0.909708549845002	0.7758620689655172	0.7782493368700265	0.7825167595282537	1.0	Weight-only
Cc1ccc(Sc2ccccc2N2CCNCC2)c(C)c1	0	0	0.14587128	1	0.9010303422712286	0.7538461538461538	0.7660331825037707	0.7804240784632941	1.0	Weight-only
Cc1cccc(C(C)c2c[nH]cn2)c1C	1	0	0.31280845	1	0.9104781543709414	0.8048780487804879	0.8070647603027755	0.8094418672445235	1.0	Weight-only
Cc1cccc(C)c1NC(=O)C1CCCCN1C	1	0	0.43260404	1	0.8653148921768413	0.27906976744186046	0.2918863049095607	0.42589362618432386	1.0	Weight-only
Cc1ccccc1C(=O)Nc1ccc(C(=O)N2CCCC(O)c3cc(Cl)ccc32)c(C)c1	0	0	0.36217946	1	0.875903827983911	0.7411764705882353	0.7456858435681964	0.7477142465377759	1.0	Weight-only
Cc1ccccc1N1C(=O)c2cc(S(N)(=O)=O)c(Cl)cc2NC1C	1	0	0.13608879	1	0.8875612050497577	0.7457627118644068	0.7485812226242621	0.7520491527347365	1.0	Weight-only
Cc1nc(Nc2ncc(C(=O)Nc3c(C)cccc3Cl)s2)cc(N2CCN(CCO)CC2)n1	1	1	0.6409284	1	0.8745253029793522	0.71	0.717358024691358	0.72319261914244	1.0	Weight-only
Cc1ncc2n1-c1ccc(Cl)cc1C(c1ccccc1F)=NC2	1	0	0.331707	1	0.8977194599584026	0.5789473684210527	0.6441426146010187	0.6890505030028128	1.0	Weight-only
Cc1nnc(C(C)C)n1C1CC2CCC(C1)N2CCC(NC(=O)C1CCC(F)(F)CC1)c1ccccc1	1	0	0.38618872	1	0.866649595133446	0.7066666666666667	0.724	0.7419408369408369	0.9848484848484849	Weight-only
Cc1nnc2n1-c1ccc(Cl)cc1C(c1ccccc1)=NC2	0	1	0.5374291	1	0.8996256038343139	0.42	0.5278620689655172	0.6026892902754972	1.0	Weight-only
Cc1nnc2n1-c1ccc(Cl)cc1C(c1ccccc1Cl)=NC2	1	0	0.34737056	1	0.9052596051699652	0.5714285714285714	0.6379391100702576	0.6838525772952002	1.0	Weight-only
Clc1ccc2c(c1)CCc1cccnc1C2=C1CCNCC1	1	0	0.26710534	1	0.9185556063456125	0.7540983606557377	0.7587090163934426	0.7676855646630236	1.0	Weight-only
Cn1c(=O)cc(N2CCCC(N)C2)n(Cc2ccccc2C#N)c1=O	1	0	0.20887937	1	0.8798682831611985	0.7126436781609196	0.7366936013314739	0.7515952411088203	1.0	Weight-only
Cn1cnc2c(F)c(Nc3ccc(Br)cc3Cl)c(C(=O)NOCCO)cc21	1	0	0.40756202	1	0.8814401405385762	0.7575757575757576	0.7661244019138754	0.7723369769582862	0.9846153846153847	Weight-only
Cn1cnc2c(F)c(Nc3ccc(Br)cc3F)c(C(=O)NOCCO)cc21	0	0	0.35647514	1	0.8812112616763749	0.7472527472527473	0.7580290677064871	0.767326090246294	0.9841269841269841	Weight-only
N#CC1CCCN1C(=O)CNC12CC3CC(CC(O)(C3)C1)C2	0	1	0.61470646	1	0.9176948955506353	0.5967741935483871	0.6809560823940926	0.7437851251395752	1.0	Weight-only
N#Cc1ccc(C(c2ccc(C#N)cc2)n2cncn2)cc1	1	0	0.43900502	1	0.9293749561334681	0.7291666666666666	0.7495	0.7685922787193973	1.0	Weight-only
N=C(N)NC(=O)Cc1c(Cl)cccc1Cl	1	0	0.14439799	1	0.8838836889345587	0.6428571428571429	0.6734335839598998	0.7021138116609352	1.0	Weight-only
NC1c2cccnc2C(OC(=O)N2CCC(n3c(=O)[nH]c4ncccc43)CC2)CCC1c1cccc(F)c1F	0	0	0.39886847	1	0.8879471612621752	0.717391304347826	0.7446397368691541	0.7608201878757463	1.0	Weight-only
NS(=O)(=O)c1cc(C(=O)O)c(NCc2ccco2)cc1Cl	1	0	0.15640716	1	0.883047561302744	0.7450980392156863	0.7488132094943241	0.7565847581327457	1.0	Weight-only
NS(=O)(=O)c1cc(C2(O)NC(=O)c3ccccc32)ccc1Cl	1	0	0.05772891	1	0.9029679061194004	0.7761194029850746	0.7810562571756601	0.787063703646046	1.0	Weight-only
NS(=O)(=O)c1cc(Cl)c(Cl)c(S(N)(=O)=O)c1	0	0	0.16588157	1	0.933297695385266	0.7741935483870968	0.7776774193548388	0.7912208699305473	1.0	Weight-only
NS(=O)(=O)c1cc2c(cc1Cl)NCNS2(=O)=O	1	0	0.23650733	1	0.9220478678797135	0.7666666666666667	0.7811267605633804	0.7968828191095346	1.0	Weight-only
Nc1nc(=O)c2ncn(COCCO)c2[nH]1	0	1	0.5219329	1	0.8938858029638451	0.32608695652173914	0.40254872563718147	0.4862376504055665	1.0	Weight-only
Nc1nc(CC(=O)Nc2ccc(CCNCC(O)c3ccccc3)cc2)cs1	1	0	0.47286028	1	0.8816473453811029	0.684931506849315	0.6899062725306415	0.6950008768682163	1.0	Weight-only
O=C(CCCN1CC=C(n2c(=O)[nH]c3ccccc32)CC1)c1ccc(F)cc1	1	1	0.62459135	1	0.8844884762856944	0.582089552238806	0.6566074506373013	0.707429185598672	0.9848484848484849	Weight-only
O=C(CCCN1CCC(O)(c2ccc(Cl)cc2)CC1)c1ccc(F)cc1	1	0	0.13889132	1	0.8803370294002747	0.44642857142857145	0.550670913526701	0.6167458326505378	0.9803921568627451	Weight-only
O=C(NC1CCN(CCCCC2(C(=O)NCC(F)(F)F)c3ccccc3-c3ccccc32)CC1)c1ccccc1-c1ccc(C(F)(F)F)cc1	0	1	0.52944255	1	0.8813078109713346	0.7032967032967034	0.7297235117823353	0.7336847792730145	0.9864864864864865	Weight-only
O=C(Nc1ccc(OC(F)(F)Cl)cc1)c1cnc(N2CCC(O)C2)c(-c2cc[nH]n2)c1	1	1	0.71078616	1	0.8796084444726028	0.7307692307692307	0.7314847942754918	0.7406493533197623	1.0	Weight-only
O=C(Nc1nc(-c2cc(Cl)cs2)c(N2CCN(C3CCCCC3)CC2)s1)c1cnc(N2CCC(C(=O)O)CC2)c(Cl)c1	0	1	0.55723757	1	0.8969186886171895	0.7663551401869159	0.7709650448964632	0.7770092000266547	1.0	Weight-only
O=C(O)C1C(=CCO)OC2CC(=O)N21	1	0	0.3089701	1	0.8962683267759529	0.7868852459016393	0.7893725268513284	0.794095848250738	1.0	Weight-only
O=C(O)c1cc(N=Nc2ccc(S(=O)(=O)Nc3ccccn3)cc2)ccc1O	0	0	0.19212143	1	0.8879328605069695	0.576271186440678	0.6726979555161676	0.6996892197734117	1.0	Weight-only
O=C([O-])[O-]	0	0	0.30384547	1	0.951656265780072	0.375	0.5	0.5899691358024692	1.0	Weight-only
O=C(c1ccccc1)c1ccc2n1CCC2C(=O)O	0	0	0.32003298	1	0.8826332445833862	0.7291666666666666	0.7337719298245614	0.7378131581007958	1.0	Weight-only
O=C1CN=C(c2ccccc2Cl)c2cc([N+](=O)[O-])ccc2N1	0	1	0.50464433	1	0.9049266199708342	0.734375	0.7391324626865672	0.750931851816865	1.0	Weight-only
O=C1N=C(c2ccccc2Cl)c2cc(Cl)ccc2NC1O	0	0	0.38692924	1	0.8870686419898597	0.7	0.7027586206896551	0.7123517606276226	1.0	Weight-only
O=C1OC2(c3ccc(O)cc3Oc3cc(O)ccc32)c2ccccc21	1	0	0.35619885	1	0.9032249969107375	0.8	0.8015686274509803	0.8038712921065861	1.0	Weight-only
O=S(=O)([O-])Oc1ccc(C(c2ccc(OS(=O)(=O)O)cc2)c2ccccn2)cc1	0	1	0.5144021	1	0.8963063716387429	0.7192982456140351	0.7425846399680415	0.7647343841134377	1.0	Weight-only
O=c1[nH]c2ccccc2n1CCN1CCN(c2cccc(C(F)(F)F)c2)CC1	0	0	0.28416416	1	0.8927293006309843	0.5942028985507246	0.6433149622371912	0.6802461179269715	1.0	Weight-only
S=P(N1CC1)(N1CC1)N1CC1	0	0	0.2718446	1	0.9735231877509951	0.8787878787878788	0.8848484848484848	0.8896549826782386	1.0	Weight-only
C#CC1(O)CCC2C3CCC4=CC(=NO)CCC4C3CCC21CC	0	0	0.10620412	2	0.9123867040962451	0.3064516129032258	0.3478053939714437	0.419714940444713	1.0	Weight-only
C#CC1(O)CCC2C3CCC4=CCCCC4C3C(=C)CC21CC	0	0	0.059530012	2	0.9124794263204711	0.3492063492063492	0.42717086834733886	0.5071763748234335	1.0	Weight-only
C=CC(=O)N1CCN(c2nc(=O)n(-c3c(C)ccnc3C(C)C)c3nc(-c4c(O)cccc4F)c(F)cc23)C(C)C1	0	0	0.206466	2	0.8768699798506199	0.7547169811320755	0.7640407598642411	0.7732138564717247	0.9880952380952381	Weight-only
CC(=O)C(C#N)C(=O)Nc1ccc(C(F)(F)F)cc1	0	1	0.66318077	2	0.8944835165486503	0.7230769230769231	0.7320279720279721	0.7395104895104896	1.0	Weight-only
CC(=O)NC1C(N=C(N)N)C=C(C(=O)O)OC1C(O)C(O)CO	1	0	0.45682004	2	0.8876955169728785	0.7164179104477612	0.7498507462686567	0.772139303482587	0.9830508474576272	Weight-only
CC(=O)Nc1ccc(O)cc1	0	1	0.5684864	2	0.8895771392755968	0.6764705882352942	0.731447963800905	0.7423388158682277	1.0	Weight-only
CC(=O)OC1Cc2ccccc2N(C(N)=O)c2ccccc21	0	0	0.41808838	2	0.8689272925346411	0.7121212121212122	0.7147727272727273	0.7257833617868831	0.9807692307692307	Weight-only
CC(=O)c1c(C)c2cnc(Nc3ccc(N4CCNCC4)cn3)nc2n(C2CCCC2)c1=O	0	0	0.2959967	2	0.8785952509970602	0.7341772151898734	0.7494833822505005	0.7526231027805959	1.0	Weight-only
CC(C)(C)NCC(O)c1cc(O)cc(O)c1	1	0	0.4327066	2	0.9072405723918093	0.7115384615384616	0.7144230769230769	0.722289516039516	1.0	Weight-only
CC(C)(C)NCC(O)c1ccc(O)c(CO)c1	1	0	0.37090752	2	0.8994655213739746	0.6779661016949152	0.6964348334307422	0.7155758962144589	1.0	Weight-only
CC(C)(F)CC(NC(c1ccc(-c2ccc(S(C)(=O)=O)cc2)cc1)C(F)(F)F)C(=O)NC1(C#N)CC1	1	0	0.4271194	2	0.8860083753736102	0.7313432835820896	0.7412449945394975	0.7579167894557409	0.9841269841269841	Weight-only
CC(C)=c1nc(N(C)S(C)(=O)=O)nc(-c2ccc(F)cc2)c1=CCC(O)CC(O)CC(=O)O	1	1	0.81720257	2	0.8876818859079013	0.7888888888888889	0.7912118018967333	0.7929071161122655	0.9852941176470589	Weight-only
CC(C)NCC(O)COc1ccc(CC(N)=O)cc1	1	1	0.53069836	2	0.872480703955317	0.6206896551724138	0.6687579123603464	0.684427702115329	1.0	Weight-only
CC(C)NCC(O)COc1ccc(COCCOC(C)C)cc1	1	1	0.7053545	2	0.900415930691735	0.7230769230769231	0.7319927833360669	0.7379378793621141	1.0	Weight-only
CC(C)NCC(O)COc1cccc2ccccc12	0	1	0.81637347	2	0.8808423403754787	0.5813953488372093	0.5833199679230152	0.5929044521666815	1.0	Weight-only
CC(C)NCC(O)c1ccc(NS(C)(=O)=O)cc1	1	1	0.8436458	2	0.891117243615484	0.5102040816326531	0.6079277864992152	0.6538205216897711	1.0	Weight-only
CC(C)NCC(O)c1ccc(O)c(O)c1	1	0	0.45770428	2	0.8968885445424184	0.5686274509803921	0.5911764705882353	0.6381858945128438	1.0	Weight-only
CC(C)OC(=O)C(C)(C)Oc1ccc(C(=O)c2ccc(Cl)cc2)cc1	0	1	0.57969606	2	0.8909033805511103	0.6862745098039216	0.703828197945845	0.7231749946659307	1.0	Weight-only
CC(C)c1c(C(=O)Nc2ccccc2)c(-c2ccccc2)c(-c2ccc(F)cc2)n1CCC(O)CC(O)CC(=O)O	0	1	0.8427135	2	0.8741763209318155	0.7386363636363636	0.7392857142857142	0.7490629289409778	1.0	Weight-only
CC(C)n1c(C=CC(O)CC(O)CC(=O)O)c(-c2ccc(F)cc2)c2ccccc21	0	1	0.61613	2	0.8774252290974442	0.7432432432432432	0.7521187854521187	0.7615124703247307	1.0	Weight-only
CC(C=CC1=C(C)CCCC1(C)C)=CC=CC(C)=CC(=O)O	0	0	0.13731085	2	0.9156490970526502	0.7887323943661971	0.7954616588419405	0.8066889678261613	1.0	Weight-only
CC(CCc1ccc(O)cc1)NCCc1ccc(O)c(O)c1	1	0	0.115679786	2	0.8988172999669604	0.6140350877192983	0.6379862700228832	0.6802267905449058	1.0	Weight-only
CC(CN1c2ccccc2Sc2ccccc21)N(C)C	1	1	0.53178006	2	0.8978022731015395	0.6046511627906976	0.6418604651162789	0.6836546743523487	1.0	Weight-only
CC(Cc1cc2c(c(C(N)=O)c1)N(CCCO)CC2)NCCOc1ccccc1OCC(F)(F)F	1	1	0.72693896	2	0.8692252320952764	0.6511627906976745	0.6894318516337946	0.7159994112452164	0.9857142857142858	Weight-only
CC(Cc1ccc(O)c(O)c1)(NN)C(=O)O	0	0	0.06820192	2	0.8711104872111332	0.5609756097560976	0.5854767184035478	0.6234910076373491	1.0	Weight-only
CC(O)C1C(=O)N2C(C(=O)O)=C(SC3CNC(C(=O)N(C)C)C3)C(C)C12	1	1	0.5260047	2	0.9033675657516795	0.8	0.805	0.811472602739726	0.9875	Weight-only
CC(O)C1C(=O)N2C(C(=O)O)=C(SC3CNC(C(=O)Nc4cccc(C(=O)O)c4)C3)C(C)C12	0	1	0.6552691	2	0.8760043911877329	0.7647058823529411	0.7716440422322774	0.7777021235844764	0.9857142857142858	Weight-only
CC(O)C1C(=O)N2C(C(=O)O)=C(SCCN=CN)CC12	0	0	0.19400397	2	0.8874547641385987	0.7567567567567568	0.7629563876754888	0.7686983236223157	0.9836065573770492	Weight-only
CC12CCC3c4ccc(O)cc4CCC3C1CCC2O	0	1	0.5153861	2	0.8936089488216797	0.4230769230769231	0.4741360089186176	0.5185399141920882	1.0	Weight-only
CC12CCC3c4ccc(OC(=O)N(CCCl)CCCl)cc4CCC3C1CCC2O	1	1	0.7045531	2	0.8738071406149955	0.6197183098591549	0.6346881287726357	0.647842611222893	0.9852941176470589	Weight-only
CC12CCC3c4ccc(OS(=O)(=O)O)cc4CCC3C1CCC2=O	1	0	0.29215768	2	0.8817485879728638	0.5873015873015873	0.6081186572989852	0.6326457300085573	0.9836065573770492	Weight-only
CC1CCN(C(=O)CC#N)CC1N(C)c1ncnc2[nH]ccc12	0	0	0.37288034	2	0.8722282706190655	0.75	0.7543478260869566	0.7655206084900814	0.9857142857142858	Weight-only
CC1c2cccc(O)c2C(=O)C2C(=O)C3(O)C(=O)C(C(N)=O)C(=O)C(N(C)C)C3C(O)C21	0	0	0.3429876	2	0.8967011625863496	0.7849462365591398	0.7929189614476788	0.7982341113733716	1.0	Weight-only
CCC(=O)N(c1ccccc1)C1(C(=O)OC)CCN(CCC(=O)OC)CC1	1	0	0.3413958	2	0.8602830589640612	0.6065573770491803	0.6190068899976241	0.62943544435988	0.9795918367346939	Weight-only
CCC(C(N)=O)N1CCCC1=O	0	0	0.1908659	2	0.8820200120398295	0.765625	0.7731004901960784	0.7810140579220194	0.9726027397260274	Weight-only
CCC1=NC(=O)C2CSSCCC=CC(CC(=O)NC(C(C)C)C(=O)N2)OC(=O)C(C(C)C)NC1=O	1	0	0.47107345	2	0.9080264746932547	0.8222222222222222	0.8273539518900345	0.832566433509623	1.0	Weight-only
CCC1CN2CCc3c([nH]c4cccc(OC)c34)C2CC1C(=COC)C(=O)OC	0	0	0.49538028	2	0.8743200778989623	0.6931818181818182	0.7085920177383592	0.7201737730543449	0.9868421052631579	Weight-only
CCCC(=O)Nc1ccc(OCC(O)CNC(C)C)c(C(C)=O)c1	1	1	0.8692877	2	0.8792947474157454	0.6268656716417911	0.6648261425114863	0.6911406642508793	1.0	Weight-only
CCCC(C)(COC(N)=O)COC(=O)NC(C)C	1	1	0.6474831	2	0.9067164623645366	0.7291666666666666	0.7620370370370371	0.7719086091226613	1.0	Weight-only
CCCC1CC(=O)N(C(CC)C(N)=O)C1	0	0	0.22292155	2	0.8850703511160735	0.7611940298507462	0.7652369943759464	0.7667642660443601	0.9791666666666666	Weight-only
CCCCCCC(=O)OCC(COC(=O)CCCCCC)OC(=O)CCCCCC	1	0	0.4753086	2	0.9126044027847823	0.48717948717948717	0.6275110854058223	0.6717952863963051	1.0	Weight-only
CCCCCCCCc1ccc(CCC(N)(CO)CO)cc1	0	0	0.17155276	2	0.8996084837427785	0.7209302325581395	0.7305496828752643	0.7445159905668901	1.0	Weight-only
CCCCS(=O)(=O)NC(Cc1ccc(OCCCCC2CCNCC2)cc1)C(=O)O	1	1	0.64912	2	0.8652295813877737	0.7435897435897436	0.7461538461538462	0.7490048003746633	0.984375	Weight-only
CCN(CC)C(=O)C(C#N)=Cc1cc(O)c(O)c([N+](=O)[O-])c1	1	0	0.13870057	2	0.9038382247578912	0.7894736842105263	0.7959064327485379	0.8012842563926154	1.0	Weight-only
CCN(CC)C(=O)C1(c2ccccc2)CC1CN	1	0	0.21120614	2	0.8628663918256918	0.6730769230769231	0.6915654520917679	0.7050978586066305	1.0	Weight-only
CCN(CC)CCOc1ccc(C(=C(Cl)c2ccccc2)c2ccccc2)cc1	1	1	0.5699178	2	0.8852040737057824	0.45652173913043476	0.5485399091499026	0.6204741179248506	1.0	Weight-only
CCOc1ncc(C)c2c1C(c1ccc(C#N)cc1OC)C(C(N)=O)C(C)=N2	1	1	0.7535782	2	0.8767664607494268	0.6923076923076923	0.7084078711985689	0.7272053716396543	1.0	Weight-only
CCS(=O)(=O)N1CC(CC#N)(n2cc(-c3ncnc4[nH]ccc34)cn2)C1	0	0	0.41566986	2	0.8937092892430895	0.7790697674418605	0.7829974160206719	0.7871456390667716	0.9857142857142858	Weight-only
CCc1cc2c(cc1CC)CC(NCC(O)c1ccc(O)c3[nH]c(=O)ccc13)C2	1	1	0.58636904	2	0.8812473171804619	0.7571428571428571	0.7728571428571428	0.7798245614035088	0.9838709677419355	Weight-only
CCc1nc(N)nc(N)c1-c1ccc(Cl)cc1	0	0	0.3448767	2	0.9072583562080676	0.7555555555555555	0.7635374149659864	0.7731757660329088	1.0	Weight-only
CCn1c(=O)c(-c2cc(NC(=O)Nc3ccccc3)c(F)cc2Br)cc2cnc(NC)cc21	0	1	0.54884374	2	0.8719787612631192	0.7391304347826086	0.7498612395929694	0.7597019206639928	0.9864864864864865	Weight-only
CN(C)C(=O)c1cc2cnc(Nc3ccc(N4CCNCC4)cn3)nc2n1C1CCCC1	0	0	0.21709429	2	0.8760352055800497	0.7216494845360825	0.7308620311471814	0.7396018610415548	1.0	Weight-only
CN(C)C(N)=NC(=N)N	0	0	0.17937839	2	0.9456083952754079	0.8181818181818182	0.8203208556149733	0.8236598408764836	1.0	Weight-only
CN(C)CC(c1ccc(O)cc1)C1(O)CCCCC1	0	0	0.1579346	2	0.895128597421543	0.6274509803921569	0.6673069227691075	0.7107995976168244	1.0	Weight-only
CN(C)CCCN1c2ccccc2CCc2ccc(Cl)cc21	1	1	0.5809066	2	0.889595702845054	0.5625	0.6210000000000001	0.661706799678936	1.0	Weight-only
CN(C)c1cc(CNCC(C)(C)C)c(O)c2c1CC1CC3C(N(C)C)C(=O)C(C(N)=O)C(=O)C3(O)C(=O)C1C2=O	1	0	0.4189211	2	0.8947302939940669	0.8	0.8024489795918368	0.8049727128364087	0.987012987012987	Weight-only
CN(C)c1cc(NC(=O)CNC(C)(C)C)c(O)c2c1CC1CC3C(N(C)C)C(=O)C(C(N)=O)C(=O)C3(O)C(=O)C1C2=O	0	1	0.55052423	2	0.8943959428265691	0.8151260504201681	0.8161528541035183	0.8181851298003839	0.9875	Weight-only
CN(C)c1ccc(O)c2c1CC1CC3C(N(C)C)C(=O)C(C(N)=O)C(=O)C3(O)C(=O)C1C2=O	0	0	0.44773555	2	0.897372577734633	0.7974683544303798	0.7999103375527427	0.8009015509806648	0.9855072463768116	Weight-only
CN1C(=O)CC(=O)N(c2ccccc2)c2cc(Cl)ccc21	0	0	0.30141	2	0.887819972322692	0.6111111111111112	0.6773946360153257	0.6959400927888838	1.0	Weight-only
CN1C(=O)CN=C(c2ccccc2)c2cc(Cl)ccc21	1	0	0.47764426	2	0.8809871315620684	0.40816326530612246	0.42163265306122444	0.48904403866809865	1.0	Weight-only
CN1CC(=O)N2C(Cc3c([nH]c4ccccc34)C2c2ccc3c(c2)OCO3)C1=O	1	1	0.5425806	2	0.8949692480985164	0.759493670886076	0.7606142353185308	0.7711621060163952	1.0	Weight-only
CN1CC2c3ccccc3Oc3ccc(Cl)cc3C2C1	1	0	0.1595211	2	0.8921209186948745	0.7083333333333334	0.7194740582800285	0.730586206711934	1.0	Weight-only
CN1CCCC1c1cccnc1	0	0	0.2380242	2	0.8905425937671667	0.6842105263157895	0.7056842105263158	0.7164446080235555	1.0	Weight-only
CN1CCN(C(=O)OC2c3nccnc3C(=O)N2c2ccc(Cl)cn2)CC1	0	0	0.32802674	2	0.8693118702351886	0.6753246753246753	0.6921513269339357	0.7107664376686116	0.9846153846153847	Weight-only
CN1CCN(C2=Nc3cc(Cl)ccc3Nc3ccccc32)CC1	1	1	0.62081325	2	0.8922854251390242	0.6721311475409836	0.6858894960534305	0.7031989301717254	1.0	Weight-only
CN1CCN(CCCN2c3ccccc3Sc3ccc(Cl)cc32)CC1	0	0	0.2558033	2	0.8927600052197212	0.7222222222222222	0.7261020531400966	0.7367233628556092	1.0	Weight-only
CN=C(C[N+](=O)[O-])NCCSCc1ccc(CN(C)C)o1	0	0	0.268556	2	0.8988346725475534	0.7941176470588235	0.8008683911749364	0.8037911003150808	1.0	Weight-only
CNC(=O)c1ccc(-c2cnc3ncc(Cc4ccc5ncccc5c4)n3n2)cc1F	1	0	0.3953902	2	0.8823806384649979	0.7241379310344828	0.7355580274378941	0.7456087010258312	0.9855072463768116	Weight-only
CNC(=O)c1ccc(N2C(=S)N(c3cnc(C#N)c(C(F)(F)F)c3)C(=O)C23CCC3)cc1F	1	0	0.3748953	2	0.8845595591386022	0.39473684210526316	0.5388829215896884	0.6367361789694217	0.9866666666666667	Weight-only
CNC(C)C(O)c1ccccc1	1	1	0.6516078	2	0.89106868040202	0.6129032258064516	0.6412061156356986	0.6677093596350088	1.0	Weight-only
CNCC(O)c1ccc(O)c(O)c1	1	0	0.3684214	2	0.8984113524499268	0.6052631578947368	0.617004048582996	0.6387830435818053	1.0	Weight-only
CNCC(O)c1cccc(O)c1	1	1	0.55022675	2	0.8900702019679141	0.5952380952380952	0.6335064935064935	0.6694564694564694	1.0	Weight-only
CNCCC(Oc1cccc2ccccc12)c1cccs1	0	1	0.5416449	2	0.9003689540317356	0.5416666666666666	0.5740566037735849	0.6332007645825626	1.0	Weight-only
COC(=O)CCc1ccc(OCC(O)CNC(C)C)cc1	1	1	0.67137975	2	0.8767809741978738	0.6229508196721312	0.6530756729952524	0.6791043568374565	1.0	Weight-only
COC(=O)c1ccc2c(C(=Nc3ccc(N(C)C(=O)CN4CCN(C)CC4)cc3)c3ccccc3)c(O)[nH]c2c1	1	1	0.77237356	2	0.8742681265332127	0.7619047619047619	0.7621428571428572	0.7635866340305594	0.9871794871794872	Weight-only
COCCc1ccc(OCC(O)CNC(C)C)cc1	1	1	0.6836262	2	0.8907783344458734	0.6935483870967742	0.7001626457034428	0.7075534609240792	1.0	Weight-only
COc1cc(C2c3cc4c(cc3C(OC3OC5COC(C)OC5C(O)C3O)C3COC(=O)C23)OCO4)cc(OC)c1O	1	0	0.40671596	2	0.9065528793810456	0.7818181818181819	0.789512987012987	0.7936830018251092	0.9868421052631579	Weight-only
COc1cc(N)c(Cl)cc1C(=O)NC1CCN(CCCOc2ccc(F)cc2)CC1OC	1	1	0.62119913	2	0.8631903170647628	0.6162790697674418	0.6384073291050034	0.6667786597101162	0.9850746268656716	Weight-only
COc1cc2c(cc1Cc1cccc(Cl)c1F)c(=O)c(C(=O)O)cn2C(CO)C(C)C	0	1	0.51050043	2	0.8708842808788012	0.73	0.7329638554216868	0.7393617663140828	0.9861111111111112	Weight-only
COc1cc2nc(N(C)CCCNC(=O)C3CCCO3)nc(N)c2cc1OC	1	1	0.774567	2	0.8697206492412711	0.6666666666666666	0.6974358974358974	0.7197824107815495	0.9861111111111112	Weight-only
COc1cc2nc(N3CCN(C(=O)C4CCCO4)CC3)nc(N)c2cc1OC	0	1	0.71508694	2	0.8756856412260476	0.4153846153846154	0.5231438127090302	0.6156295788247257	0.9850746268656716	Weight-only
COc1cc2nc(N3CCN(C(=O)C4COc5ccccc5O4)CC3)nc(N)c2cc1OC	0	1	0.6027464	2	0.8683347047031812	0.4117647058823529	0.5274711946634324	0.6204826583471544	0.9861111111111112	Weight-only
COc1ccc(C(CN(C)C)C2(O)CCCCC2)cc1	1	0	0.19538368	2	0.8859228079242059	0.6226415094339622	0.6490566037735849	0.6904304278651588	1.0	Weight-only
COc1ccc(CC(C)NCC(O)c2ccc(O)c(NC=O)c2)cc1	0	0	0.2985204	2	0.8895723313996838	0.5909090909090909	0.6325115562403698	0.6619414483821263	1.0	Weight-only
COc1cccc(C2(O)CCCCC2CN(C)C)c1	1	0	0.26934236	2	0.8793680596334897	0.6721311475409836	0.6899453551912569	0.7170916818457802	1.0	Weight-only
Cc1cc2c(s1)Nc1ccccc1N=C2N1CCN(C)CC1	1	1	0.6669861	2	0.8988738998254064	0.7540983606557377	0.7587090163934426	0.7683625021046671	1.0	Weight-only
Cc1ccc(-n2nccn2)c(C(=O)N2CCN(c3nc4cc(Cl)ccc4o3)CCC2C)c1	0	0	0.2987851	2	0.88287594942042	0.7472527472527473	0.7576299988671122	0.7652431741392706	0.9861111111111112	Weight-only
Cc1ccc(O)c(C(CCN(C(C)C)C(C)C)c2ccccc2)c1	0	0	0.34724844	2	0.8883867838740535	0.5272727272727272	0.603030303030303	0.6536401753382886	1.0	Weight-only
Cc1ccccc1-c1cc(N2CCN(C)CC2)ncc1N(C)C(=O)C(C)(C)c1cc(C(F)(F)F)cc(C(F)(F)F)c1	1	0	0.36984557	2	0.8790663417374174	0.7419354838709677	0.7480739116818039	0.7538464819482348	0.9861111111111112	Weight-only
Cc1cnc(NC(=O)C2C(=O)c3ccccc3S(=O)(=O)N2C)s1	0	1	0.5629505	2	0.8765445951522275	0.36538461538461536	0.5226790450928382	0.629876768346596	1.0	Weight-only
Cc1cnc(Nc2ccc(OCCN3CCCC3)cc2)nc1Nc1cccc(S(=O)(=O)NC(C)(C)C)c1	0	0	0.47622848	2	0.8814636718579675	0.7209302325581395	0.7250312578144535	0.7307043427523549	1.0	Weight-only
Cc1nc2n(c(=O)c1CCN1CCC(c3noc4cc(F)ccc34)CC1)CCCC2	0	0	0.43152303	2	0.8880165694836506	0.5421686746987951	0.7290697564302205	0.7552597442063147	0.9868421052631579	Weight-only
Cc1nc2n(c(=O)c1CCN1CCC(c3noc4cc(F)ccc34)CC1)CCCC2O	0	0	0.47172797	2	0.8830594510571127	0.5357142857142857	0.7241459395730053	0.7491014241108094	0.9871794871794872	Weight-only
Cc1nccn1CC1CCc2c(c3ccccc3n2C)C1=O	1	0	0.3802951	2	0.8814390600504537	0.7464788732394366	0.7545915492957747	0.7643664960649219	1.0	Weight-only
Cc1nnc(C(=O)NC(C)(C)c2nc(C(=O)NCc3ccc(F)cc3)c(O)c(=O)n2C)o1	1	0	0.44824603	2	0.8794002765213292	0.7362637362637363	0.7396667848280754	0.7419697229681371	1.0	Weight-only
Cc1oncc1C(=O)Nc1ccc(C(F)(F)F)cc1	0	0	0.46832806	2	0.8894929212492113	0.6891891891891891	0.7091656874265568	0.7261065413239325	1.0	Weight-only
Clc1ccc(CCCOCCCN2CCCCC2)cc1	1	0	0.37099183	2	0.896070467868462	0.7017543859649122	0.7103266641179219	0.7127763730951878	1.0	Weight-only
Cn1cnc([N+](=O)[O-])c1Sc1ncnc2[nH]cnc12	0	0	0.100354224	2	0.9134471388013371	0.7375	0.7386038961038961	0.7562237589779962	1.0	Weight-only
FC(F)(F)C(F)(F)C(F)(F)F	1	0	0.45497906	2	0.9877758126577377	0.8333333333333334	0.8385964912280702	0.8576743791846765	1.0	Weight-only
N#CCC(C1CCCC1)n1cc(-c2ncnc3[nH]ccc23)cn1	0	0	0.4229949	2	0.9010713043092196	0.7954545454545454	0.8008796168370637	0.8050742139394621	1.0	Weight-only
N=C(CCSCc1csc(N=C(N)N)n1)NS(N)(=O)=O	0	0	0.43874824	2	0.9112085808853042	0.7804878048780488	0.7862414008755472	0.7992885571921892	1.0	Weight-only
NC(=O)N1c2ccccc2C=Cc2ccccc21	0	0	0.38128752	2	0.8826888336738378	0.7419354838709677	0.7429280397022333	0.7460711331679073	1.0	Weight-only
NC(=O)N1c2ccccc2CC(=O)c2ccccc21	0	0	0.43207955	2	0.8744358406460948	0.71875	0.7280241935483872	0.7351221116449326	1.0	Weight-only
NC(CO)(CO)CO	0	0	0.26988876	2	0.9546450371827266	0.8333333333333334	0.835741935483871	0.8376344086021504	1.0	Weight-only
NCC(O)c1ccc(O)c(O)c1	1	0	0.18262757	2	0.9030311901030265	0.5294117647058824	0.5771065182829889	0.6234560352207412	1.0	Weight-only
NCCS	1	0	0.19584718	2	0.9736845260770067	0.8181818181818182	0.8317023306528555	0.8501572087856366	1.0	Weight-only
NCCc1ccc(O)c(O)c1	1	0	0.061492607	2	0.9083351044314255	0.5454545454545454	0.6060606060606061	0.6483756483756484	1.0	Weight-only
Nc1nnc(-c2cccc(Cl)c2Cl)c(N)n1	0	0	0.45964077	2	0.9203506852134099	0.7272727272727273	0.7363636363636363	0.7442760942760942	1.0	Weight-only
O=C(NC(CO)C(O)c1ccc([N+](=O)[O-])cc1)C(Cl)Cl	1	0	0.44252867	2	0.9001640756062518	0.7647058823529411	0.7699346405228757	0.7741802133958996	0.9791666666666666	Weight-only
O=C(O)COCCN1CCN(C(c2ccccc2)c2ccc(Cl)cc2)CC1	0	0	0.1994564	2	0.8669410405658959	0.6730769230769231	0.680316742081448	0.6874655032023959	0.9833333333333333	Weight-only
O=C([O-])CCCO	0	1	0.62951195	2	0.9376043609359066	0.6470588235294118	0.6883951406649617	0.7090416155313854	1.0	Weight-only
O=C(c1ccc(OCCN2CCCCC2)cc1)c1c(-c2ccc(O)cc2)sc2cc(O)ccc12	1	1	0.7402094	2	0.8871400444273744	0.7380952380952381	0.7474025974025974	0.7575816421561101	0.9830508474576272	Weight-only
O=C1CCc2ccc(OCCCCN3CCN(c4cccc(Cl)c4Cl)CC3)cc2N1	0	0	0.38903922	2	0.8798482533424671	0.5657894736842105	0.5856275303643724	0.6042510121457491	0.9861111111111112	Weight-only
O=C1NC(=O)C(c2ccccc2)(c2ccccc2)N1	1	0	0.36923534	2	0.9067596312250721	0.7555555555555555	0.7585964912280702	0.7709540946383051	1.0	Weight-only
O=C1NC(c2ccccc2)(c2ccccc2)C(=O)N1COP(=O)(O)O	1	0	0.26174822	2	0.8858469541139218	0.7454545454545455	0.7460679079956188	0.7514490863888453	0.98	Weight-only
O=[N+]([O-])c1cn2c(n1)OCC(OCc1ccc(OC(F)(F)F)cc1)C2	1	0	0.2419634	2	0.8975461689247559	0.7272727272727273	0.7393939393939395	0.7597549702812862	0.9838709677419355	Weight-only
O=c1n(CCCN2CCN(c3cccc(Cl)c3)CC2)nc2ccccn12	0	0	0.14420564	2	0.8926414576979106	0.676056338028169	0.7012859767299447	0.7227323203801697	1.0	Weight-only
OCCOCCN1CCN(C(c2ccccc2)c2ccc(Cl)cc2)CC1	1	0	0.21902268	2	0.8838375498355057	0.6935483870967742	0.7159901548277096	0.7235706250121431	1.0	Weight-only
OCCOCCN1CCN(C2=Nc3ccccc3Sc3ccccc32)CC1	1	1	0.6864541	2	0.8937297808474302	0.7272727272727273	0.7422459893048128	0.7537364596188125	1.0	Weight-only
OCCOc1ccc(C(=C(CCCl)c2ccccc2)c2ccccc2)cc1	0	1	0.6966652	2	0.8993993093523769	0.5	0.6063571033720286	0.6896772675646665	1.0	Weight-only
OCc1cc(C(O)CNCCCCCCOCCCCc2ccccc2)ccc1O	1	1	0.7819406	2	0.895379601747196	0.6119402985074627	0.6461115475255302	0.678445372273456	1.0	Weight-only
OCc1cc(C(O)CNCCCCCCOCCOCc2c(Cl)cccc2Cl)ccc1O	1	1	0.7293772	2	0.9024869405759395	0.7368421052631579	0.7483552631578947	0.7578504808708517	1.0	Weight-only
Oc1cn2c(n1)Nc1ccc(Cl)c(Cl)c1C2	1	0	0.36983415	2	0.9103483056143898	0.7692307692307693	0.7936354056902003	0.8035866213948405	1.0	Weight-only
S=c1[nH]cnc2[nH]cnc12	0	1	0.5090357	2	0.9420256091893836	0.7058823529411765	0.7393188854489164	0.7633048417528593	1.0	Weight-only
c1cnc2cc3c(cc2n1)C1CNCC3C1	0	0	0.32159176	2	0.9221755603320726	0.7619047619047619	0.7823129251700681	0.7965263063330981	1.0	Weight-only
C#CC1(O)CCC2C3CCC4=CC(=NO)CCC4C3CCC21CC	0	0	0.11235885	2	0.9123867040962451	0.3064516129032258	0.3478053939714437	0.419714940444713	1.0	Weight-only
C#CC1(O)CCC2C3CCC4=CCCCC4C3C(=C)CC21CC	1	0	0.0626775	2	0.9124794263204711	0.3492063492063492	0.42717086834733886	0.5071763748234335	1.0	Weight-only
CC(=O)C(C#N)C(=O)Nc1ccc(C(F)(F)F)cc1	0	1	0.6641631	2	0.8944835165486503	0.7230769230769231	0.7320279720279721	0.7395104895104896	1.0	Weight-only
CC(=O)NC1C(N=C(N)N)C=C(C(=O)O)OC1C(O)C(O)CO	1	0	0.45658487	2	0.8876955169728785	0.7164179104477612	0.7498507462686567	0.772139303482587	0.9830508474576272	Weight-only
CC(=O)Nc1ccc(O)cc1	0	1	0.5650143	2	0.8895771392755968	0.6764705882352942	0.731447963800905	0.7423388158682277	1.0	Weight-only
CC(=O)Nc1nnc(S(N)(=O)=O)s1	0	1	0.62210876	2	0.8993264125110035	0.6956521739130435	0.7694631158002212	0.7824433864120465	1.0	Weight-only
CC(=O)c1c(C)c2cnc(Nc3ccc(N4CCNCC4)cn3)nc2n(C2CCCC2)c1=O	0	0	0.3117361	2	0.8785952509970602	0.7341772151898734	0.7494833822505005	0.7526231027805959	1.0	Weight-only
CC(C)(C)NCC(O)c1cc(O)cc(O)c1	1	0	0.43315127	2	0.9072405723918093	0.7115384615384616	0.7144230769230769	0.722289516039516	1.0	Weight-only
CC(C)(C)NCC(O)c1ccc(O)c(CO)c1	1	0	0.3739434	2	0.8994655213739746	0.6779661016949152	0.6964348334307422	0.7155758962144589	1.0	Weight-only
CC(C)=c1nc(N(C)S(C)(=O)=O)nc(-c2ccc(F)cc2)c1=CCC(O)CC(O)CC(=O)O	1	1	0.8383961	2	0.8876818859079013	0.7888888888888889	0.7912118018967333	0.7929071161122655	0.9852941176470589	Weight-only
CC(C)NCC(O)COc1ccc(CC(N)=O)cc1	1	1	0.5628314	2	0.872480703955317	0.6206896551724138	0.6687579123603464	0.684427702115329	1.0	Weight-only
CC(C)NCC(O)COc1ccc(COCCOC(C)C)cc1	1	1	0.7201439	2	0.900415930691735	0.7230769230769231	0.7319927833360669	0.7379378793621141	1.0	Weight-only
CC(C)NCC(O)COc1cccc2ccccc12	1	1	0.8135075	2	0.8808423403754787	0.5813953488372093	0.5833199679230152	0.5929044521666815	1.0	Weight-only
CC(C)NCC(O)c1ccc(NS(C)(=O)=O)cc1	1	1	0.8617084	2	0.891117243615484	0.5102040816326531	0.6079277864992152	0.6538205216897711	1.0	Weight-only
CC(C)NCC(O)c1ccc(O)c(O)c1	1	0	0.47927848	2	0.8968885445424184	0.5686274509803921	0.5911764705882353	0.6381858945128438	1.0	Weight-only
CC(C)OC(=O)C(C)(C)Oc1ccc(C(=O)c2ccc(Cl)cc2)cc1	0	1	0.58808756	2	0.8909033805511103	0.6862745098039216	0.703828197945845	0.7231749946659307	1.0	Weight-only
CC(C)c1c(C(=O)Nc2ccccc2)c(-c2ccccc2)c(-c2ccc(F)cc2)n1CCC(O)CC(O)CC(=O)O	0	1	0.84891	2	0.8741763209318155	0.7386363636363636	0.7392857142857142	0.7490629289409778	1.0	Weight-only
CC(C)n1c(C=CC(O)CC(O)CC(=O)O)c(-c2ccc(F)cc2)c2ccccc21	0	1	0.6470031	2	0.8774252290974442	0.7432432432432432	0.7521187854521187	0.7615124703247307	1.0	Weight-only
CC(C=CC1=C(C)CCCC1(C)C)=CC=CC(C)=CC(=O)O	0	0	0.14931639	2	0.9156490970526502	0.7887323943661971	0.7954616588419405	0.8066889678261613	1.0	Weight-only
CC(CCc1ccc(O)cc1)NCCc1ccc(O)c(O)c1	1	0	0.13189429	2	0.8988172999669604	0.6140350877192983	0.6379862700228832	0.6802267905449058	1.0	Weight-only
CC(CN1c2ccccc2Sc2ccccc21)N(C)C	0	1	0.53148705	2	0.8978022731015395	0.6046511627906976	0.6418604651162789	0.6836546743523487	1.0	Weight-only
CC(Cc1cc2c(c(C(N)=O)c1)N(CCCO)CC2)NCCOc1ccccc1OCC(F)(F)F	0	1	0.7280883	2	0.8692252320952764	0.6511627906976745	0.6894318516337946	0.7159994112452164	0.9857142857142858	Weight-only
CC(Cc1ccc(O)c(O)c1)(NN)C(=O)O	0	0	0.07248804	2	0.8711104872111332	0.5609756097560976	0.5854767184035478	0.6234910076373491	1.0	Weight-only
CC(N)(Cc1ccc(O)c(O)c1)C(=O)O	1	0	0.06430127	2	0.8726452962072274	0.3333333333333333	0.5140350877192982	0.5799220272904484	1.0	Weight-only
CC(O)C1C(=O)N2C(C(=O)O)=C(SC3CNC(C(=O)N(C)C)C3)C(C)C12	0	1	0.5493127	2	0.9033675657516795	0.8	0.805	0.811472602739726	0.9875	Weight-only
CC(O)C1C(=O)N2C(C(=O)O)=C(SC3CNC(C(=O)Nc4cccc(C(=O)O)c4)C3)C(C)C12	0	1	0.65608686	2	0.8760043911877329	0.7647058823529411	0.7716440422322774	0.7777021235844764	0.9857142857142858	Weight-only
CC(O)C1C(=O)N2C(C(=O)O)=C(SCCN=CN)CC12	0	0	0.20932302	2	0.8874547641385987	0.7567567567567568	0.7629563876754888	0.7686983236223157	0.9836065573770492	Weight-only
CC12CCC3c4ccc(O)cc4CCC3C1CCC2O	0	1	0.5313946	2	0.8936089488216797	0.4230769230769231	0.4741360089186176	0.5185399141920882	1.0	Weight-only
CC12CCC3c4ccc(OC(=O)N(CCCl)CCCl)cc4CCC3C1CCC2O	1	1	0.74111664	2	0.8738071406149955	0.6197183098591549	0.6346881287726357	0.647842611222893	0.9852941176470589	Weight-only
CC1CCN(C(=O)CC#N)CC1N(C)c1ncnc2[nH]ccc12	0	0	0.3978297	2	0.8722282706190655	0.75	0.7543478260869566	0.7655206084900814	0.9857142857142858	Weight-only
CC1c2cccc(O)c2C(=O)C2C(=O)C3(O)C(=O)C(C(N)=O)C(=O)C(N(C)C)C3C(O)C21	0	0	0.35925728	2	0.8967011625863496	0.7849462365591398	0.7929189614476788	0.7982341113733716	1.0	Weight-only
CC=C(C)C(=O)OC1C(C)=CC23C(=O)C(=CC(CO)C(O)C12O)C1C(CC3C)C1(C)C	0	1	0.5945627	2	0.886925263822704	0.7209302325581395	0.7280126849894292	0.7404167870178822	0.984375	Weight-only
CCC(=O)N(c1ccccc1)C1(C(=O)OC)CCN(CCC(=O)OC)CC1	1	0	0.3356699	2	0.8602830589640612	0.6065573770491803	0.6190068899976241	0.62943544435988	0.9795918367346939	Weight-only
CCC(=O)N(c1ccccc1)C1(COC)CCN(CCc2cccs2)CC1	1	0	0.2097242	2	0.8690230149358777	0.578125	0.6135416666666667	0.6405715811965812	0.9850746268656716	Weight-only
CCC(C(N)=O)N1CCCC1=O	0	0	0.20278245	2	0.8820200120398295	0.765625	0.7731004901960784	0.7810140579220194	0.9726027397260274	Weight-only
CCC1=NC(=O)C2CSSCCC=CC(CC(=O)NC(C(C)C)C(=O)N2)OC(=O)C(C(C)C)NC1=O	1	1	0.5044377	2	0.9080264746932547	0.8222222222222222	0.8273539518900345	0.832566433509623	1.0	Weight-only
CCC1CN2CCc3c([nH]c4cccc(OC)c34)C2CC1C(=COC)C(=O)OC	0	1	0.5041824	2	0.8743200778989623	0.6931818181818182	0.7085920177383592	0.7201737730543449	0.9868421052631579	Weight-only
CCCC(=O)Nc1ccc(OCC(O)CNC(C)C)c(C(C)=O)c1	1	1	0.88015836	2	0.8792947474157454	0.6268656716417911	0.6648261425114863	0.6911406642508793	1.0	Weight-only
CCCC1CC(=O)N(C(CC)C(N)=O)C1	0	0	0.24086502	2	0.8850703511160735	0.7611940298507462	0.7652369943759464	0.7667642660443601	0.9791666666666666	Weight-only
CCCCCCC(=O)OCC(COC(=O)CCCCCC)OC(=O)CCCCCC	0	1	0.51235145	2	0.9126044027847823	0.48717948717948717	0.6275110854058223	0.6717952863963051	1.0	Weight-only
CCCCCCCCCCCCCCCC[n+]1ccccc1	1	0	0.4729439	2	0.9354795126430827	0.6857142857142857	0.7846886446886445	0.8029226839571666	1.0	Weight-only
CCCCCCCCCCCCOCCOCCOCCOCCOCCOCCOCCOCCOCCO	1	1	0.62866354	2	0.9352816678495852	0.6571428571428571	0.7226342451874367	0.7508980639922449	1.0	Weight-only
CCCCCCCCc1ccc(CCC(N)(CO)CO)cc1	0	0	0.19721538	2	0.8996084837427785	0.7209302325581395	0.7305496828752643	0.7445159905668901	1.0	Weight-only
CCCCS(=O)(=O)NC(Cc1ccc(OCCCCC2CCNCC2)cc1)C(=O)O	1	1	0.66872454	2	0.8652295813877737	0.7435897435897436	0.7461538461538462	0.7490048003746633	0.984375	Weight-only
CCN(CC)C(=O)C(C#N)=Cc1cc(O)c(O)c([N+](=O)[O-])c1	1	0	0.15277602	2	0.9038382247578912	0.7894736842105263	0.7959064327485379	0.8012842563926154	1.0	Weight-only
CCN(CC)C(=O)C1(c2ccccc2)CC1CN	1	0	0.22507367	2	0.8628663918256918	0.6730769230769231	0.6915654520917679	0.7050978586066305	1.0	Weight-only
CCN(CC)c1ccc(C(=C2C=CC(=[N+](CC)CC)C=C2)c2cc(S(=O)(=O)O)ccc2S(=O)(=O)[O-])cc1	1	1	0.5452936	2	0.9049651255374506	0.7301587301587301	0.7879365079365078	0.7985890652557317	0.9848484848484849	Weight-only
CCOC(=O)C(N)Cc1ccc(-c2cc(OC(c3ccc(Cl)cc3-n3ccc(C)n3)C(F)(F)F)nc(N)n2)cc1	0	1	0.6061909	2	0.8805593625564601	0.75	0.758	0.765373237873238	0.9868421052631579	Weight-only
CCOc1ncc(C)c2c1C(c1ccc(C#N)cc1OC)C(C(N)=O)C(C)=N2	1	1	0.767694	2	0.8767664607494268	0.6923076923076923	0.7084078711985689	0.7272053716396543	1.0	Weight-only
CCS(=O)(=O)N1CC(CC#N)(n2cc(-c3ncnc4[nH]ccc34)cn2)C1	1	0	0.450612	2	0.8937092892430895	0.7790697674418605	0.7829974160206719	0.7871456390667716	0.9857142857142858	Weight-only
CCc1cc2c(cc1CC)CC(NCC(O)c1ccc(O)c3[nH]c(=O)ccc13)C2	1	1	0.60207975	2	0.8812473171804619	0.7571428571428571	0.7728571428571428	0.7798245614035088	0.9838709677419355	Weight-only
CCn1c(=O)c(-c2cc(NC(=O)Nc3ccccc3)c(F)cc2Br)cc2cnc(NC)cc21	1	1	0.5769354	2	0.8719787612631192	0.7391304347826086	0.7498612395929694	0.7597019206639928	0.9864864864864865	Weight-only
CN(C)C(=O)c1cc2cnc(Nc3ccc(N4CCNCC4)cn3)nc2n1C1CCCC1	1	0	0.22696915	2	0.8760352055800497	0.7216494845360825	0.7308620311471814	0.7396018610415548	1.0	Weight-only
CN(C)C(N)=NC(=N)N	1	0	0.19720945	2	0.9456083952754079	0.8181818181818182	0.8203208556149733	0.8236598408764836	1.0	Weight-only
CN(C)CC(c1ccc(O)cc1)C1(O)CCCCC1	0	0	0.17128386	2	0.895128597421543	0.6274509803921569	0.6673069227691075	0.7107995976168244	1.0	Weight-only
CN(C)CCCN1c2ccccc2CCc2ccc(Cl)cc21	0	1	0.5672989	2	0.889595702845054	0.5625	0.6210000000000001	0.661706799678936	1.0	Weight-only
CN(C)CCCN1c2ccccc2CCc2ccccc21	1	1	0.6038894	2	0.8918851653792861	0.46153846153846156	0.5358348968105066	0.6062177998153608	1.0	Weight-only
CN(C)CCCN1c2ccccc2Sc2ccc(Cl)cc21	1	1	0.5955411	2	0.8976146877035206	0.6764705882352942	0.6915966386554622	0.710631763657275	1.0	Weight-only
CN(C)c1cc(NC(=O)CNC(C)(C)C)c(O)c2c1CC1CC3C(N(C)C)C(=O)C(C(N)=O)C(=O)C3(O)C(=O)C1C2=O	0	1	0.56966317	2	0.8943959428265691	0.8151260504201681	0.8161528541035183	0.8181851298003839	0.9875	Weight-only
CN(C)c1ccc(O)c2c1CC1CC3C(N(C)C)C(=O)C(C(N)=O)C(=O)C3(O)C(=O)C1C2=O	0	0	0.47556496	2	0.897372577734633	0.7974683544303798	0.7999103375527427	0.8009015509806648	0.9855072463768116	Weight-only
CN(C)c1ccc2nc3ccc(=[N+](C)C)cc-3sc2c1	1	0	0.49061733	2	0.9208329725626349	0.7592592592592593	0.7883190883190883	0.7995169151919207	1.0	Weight-only
CN1C(=O)CC(=O)N(c2ccccc2)c2cc(Cl)ccc21	0	0	0.2706108	2	0.887819972322692	0.6111111111111112	0.6773946360153257	0.6959400927888838	1.0	Weight-only
CN1C(=O)CN=C(c2ccccc2)c2cc(Cl)ccc21	1	0	0.44681716	2	0.8809871315620684	0.40816326530612246	0.42163265306122444	0.48904403866809865	1.0	Weight-only
CN1CC(=O)N2C(Cc3c([nH]c4ccccc34)C2c2ccc3c(c2)OCO3)C1=O	1	1	0.54820514	2	0.8949692480985164	0.759493670886076	0.7606142353185308	0.7711621060163952	1.0	Weight-only
CN1CC2c3ccccc3Oc3ccc(Cl)cc3C2C1	0	0	0.13500129	2	0.8921209186948745	0.7083333333333334	0.7194740582800285	0.730586206711934	1.0	Weight-only
CN1CCCC1c1cccnc1	0	0	0.21942507	2	0.8905425937671667	0.6842105263157895	0.7056842105263158	0.7164446080235555	1.0	Weight-only
CN1CCN(C2=Nc3cc(Cl)ccc3Nc3ccccc32)CC1	1	1	0.59984815	2	0.8922854251390242	0.6721311475409836	0.6858894960534305	0.7031989301717254	1.0	Weight-only
CN1CCN(c2nc(C3=C(c4c[nH]c5ccccc45)C(=O)NC3=O)c3ccccc3n2)CC1	1	0	0.49255309	2	0.888833300700211	0.75	0.75	0.7529429355952478	1.0	Weight-only
CN=C(C[N+](=O)[O-])NCCSCc1ccc(CN(C)C)o1	0	0	0.29081458	2	0.8988346725475534	0.7941176470588235	0.8008683911749364	0.8037911003150808	1.0	Weight-only
CNC(=O)c1ccc(-c2cnc3ncc(Cc4ccc5ncccc5c4)n3n2)cc1F	1	0	0.41561696	2	0.8823806384649979	0.7241379310344828	0.7355580274378941	0.7456087010258312	0.9855072463768116	Weight-only
CNC(=O)c1ccc(N2C(=S)N(c3cnc(C#N)c(C(F)(F)F)c3)C(=O)C23CCC3)cc1F	1	0	0.40315437	2	0.8845595591386022	0.39473684210526316	0.5388829215896884	0.6367361789694217	0.9866666666666667	Weight-only
CNC(C)C(O)c1ccccc1	1	1	0.6480607	2	0.89106868040202	0.6129032258064516	0.6412061156356986	0.6677093596350088	1.0	Weight-only
CNCC(O)c1ccc(O)c(O)c1	1	0	0.372958	2	0.8984113524499268	0.6052631578947368	0.617004048582996	0.6387830435818053	1.0	Weight-only
CNCC(O)c1cccc(O)c1	1	1	0.5396707	2	0.8900702019679141	0.5952380952380952	0.6335064935064935	0.6694564694564694	1.0	Weight-only
CNCCC(Oc1cccc2ccccc12)c1cccs1	0	1	0.5361341	2	0.9003689540317356	0.5416666666666666	0.5740566037735849	0.6332007645825626	1.0	Weight-only
COC(=O)c1ccc2c(C(=Nc3ccc(N(C)C(=O)CN4CCN(C)CC4)cc3)c3ccccc3)c(O)[nH]c2c1	0	1	0.76435846	2	0.8742681265332127	0.7619047619047619	0.7621428571428572	0.7635866340305594	0.9871794871794872	Weight-only
COCCc1ccc(OCC(O)CNC(C)C)cc1	1	1	0.70165306	2	0.8907783344458734	0.6935483870967742	0.7001626457034428	0.7075534609240792	1.0	Weight-only
COc1cc(C)c(C=CC(C)=CC=CC(C)=CC(=O)O)c(C)c1C	0	1	0.58843523	2	0.9046654043171115	0.7719298245614035	0.7754866618601298	0.7788994102213124	1.0	Weight-only
COc1cc(C2c3cc4c(cc3C(OC3OC5COC(C)OC5C(O)C3O)C3COC(=O)C23)OCO4)cc(OC)c1O	1	0	0.41703707	2	0.9065528793810456	0.7818181818181819	0.789512987012987	0.7936830018251092	0.9868421052631579	Weight-only
COc1cc(N)c(Cl)cc1C(=O)NC1CCN(CCCOc2ccc(F)cc2)CC1OC	1	1	0.6127451	2	0.8631903170647628	0.6162790697674418	0.6384073291050034	0.6667786597101162	0.9850746268656716	Weight-only
COc1cc2c(cc1Cc1cccc(Cl)c1F)c(=O)c(C(=O)O)cn2C(CO)C(C)C	0	1	0.51846325	2	0.8708842808788012	0.73	0.7329638554216868	0.7393617663140828	0.9861111111111112	Weight-only
COc1cc2nc(N(C)CCCNC(=O)C3CCCO3)nc(N)c2cc1OC	1	1	0.79281557	2	0.8697206492412711	0.6666666666666666	0.6974358974358974	0.7197824107815495	0.9861111111111112	Weight-only
COc1cc2nc(N3CCN(C(=O)C4CCCO4)CC3)nc(N)c2cc1OC	1	1	0.7176847	2	0.8756856412260476	0.4153846153846154	0.5231438127090302	0.6156295788247257	0.9850746268656716	Weight-only
COc1cc2nc(N3CCN(C(=O)C4COc5ccccc5O4)CC3)nc(N)c2cc1OC	1	1	0.5908531	2	0.8683347047031812	0.4117647058823529	0.5274711946634324	0.6204826583471544	0.9861111111111112	Weight-only
COc1ccc(C(CN(C)C)C2(O)CCCCC2)cc1	0	0	0.21262392	2	0.8859228079242059	0.6226415094339622	0.6490566037735849	0.6904304278651588	1.0	Weight-only
COc1ccc(CC(C)NCC(O)c2ccc(O)c(NC=O)c2)cc1	0	0	0.3235615	2	0.8895723313996838	0.5909090909090909	0.6325115562403698	0.6619414483821263	1.0	Weight-only
COc1cccc(C2(O)CCCCC2CN(C)C)c1	1	0	0.27529663	2	0.8793680596334897	0.6721311475409836	0.6899453551912569	0.7170916818457802	1.0	Weight-only
Cc1cc2c(s1)Nc1ccccc1N=C2N1CCN(C)CC1	1	1	0.66134006	2	0.8988738998254064	0.7540983606557377	0.7587090163934426	0.7683625021046671	1.0	Weight-only
Cc1ccc(-n2nccn2)c(C(=O)N2CCN(c3nc4cc(Cl)ccc4o3)CCC2C)c1	0	0	0.2895505	2	0.88287594942042	0.7472527472527473	0.7576299988671122	0.7652431741392706	0.9861111111111112	Weight-only
Cc1ccc(O)c(C(CCN(C(C)C)C(C)C)c2ccccc2)c1	0	0	0.3630657	2	0.8883867838740535	0.5272727272727272	0.603030303030303	0.6536401753382886	1.0	Weight-only
Cc1ccccc1-c1cc(N2CCN(C)CC2)ncc1N(C)C(=O)C(C)(C)c1cc(C(F)(F)F)cc(C(F)(F)F)c1	1	0	0.35820997	2	0.8790663417374174	0.7419354838709677	0.7480739116818039	0.7538464819482348	0.9861111111111112	Weight-only
Cc1cnc(NC(=O)C2C(=O)c3ccccc3S(=O)(=O)N2C)s1	1	1	0.53623706	2	0.8765445951522275	0.36538461538461536	0.5226790450928382	0.629876768346596	1.0	Weight-only
Cc1cnc(Nc2ccc(OCCN3CCCC3)cc2)nc1Nc1cccc(S(=O)(=O)NC(C)(C)C)c1	0	0	0.47116944	2	0.8814636718579675	0.7209302325581395	0.7250312578144535	0.7307043427523549	1.0	Weight-only
Cc1nc2n(c(=O)c1CCN1CCC(c3noc4cc(F)ccc34)CC1)CCCC2	1	0	0.46035546	2	0.8880165694836506	0.5421686746987951	0.7290697564302205	0.7552597442063147	0.9868421052631579	Weight-only
Cc1nc2n(c(=O)c1CCN1CCC(c3noc4cc(F)ccc34)CC1)CCCC2O	0	0	0.49570686	2	0.8830594510571127	0.5357142857142857	0.7241459395730053	0.7491014241108094	0.9871794871794872	Weight-only
Cc1ncc(CO)c(CO)c1O	1	0	0.25851822	2	0.9115007173629778	0.7727272727272727	0.7803030303030303	0.7918609168609169	1.0	Weight-only
Cc1nccn1CC1CCc2c(c3ccccc3n2C)C1=O	1	0	0.38368106	2	0.8814390600504537	0.7464788732394366	0.7545915492957747	0.7643664960649219	1.0	Weight-only
Cc1nnc(C(=O)NC(C)(C)c2nc(C(=O)NCc3ccc(F)cc3)c(O)c(=O)n2C)o1	1	0	0.48119706	2	0.8794002765213292	0.7362637362637363	0.7396667848280754	0.7419697229681371	1.0	Weight-only
Cc1oncc1C(=O)Nc1ccc(C(F)(F)F)cc1	0	0	0.48038197	2	0.8894929212492113	0.6891891891891891	0.7091656874265568	0.7261065413239325	1.0	Weight-only
Cc1sc2c(c1C)C(c1ccc(Cl)cc1)=NC(CC(=O)NCCCN1CCN(C)CC1)c1nnc(C)n1-2	1	0	0.4991226	2	0.8823126316291877	0.7431192660550459	0.7447726585341264	0.7514723190426726	0.9857142857142858	Weight-only
Clc1ccc(CCCOCCCN2CCCCC2)cc1	0	0	0.37432122	2	0.896070467868462	0.7017543859649122	0.7103266641179219	0.7127763730951878	1.0	Weight-only
Cn1c(Cn2ccc(C(F)(F)F)c(Oc3cc(Cl)cc(C#N)c3)c2=O)n[nH]c1=O	1	1	0.6971797	2	0.8962286308698225	0.7701149425287356	0.7725621060437524	0.7765373553575468	1.0	Weight-only
Cn1cnc([N+](=O)[O-])c1Sc1ncnc2[nH]cnc12	0	0	0.10932148	2	0.9134471388013371	0.7375	0.7386038961038961	0.7562237589779962	1.0	Weight-only
FC(F)(F)C(F)(F)C(F)(F)F	1	0	0.47316366	2	0.9877758126577377	0.8333333333333334	0.8385964912280702	0.8576743791846765	1.0	Weight-only
N#CCC(C1CCCC1)n1cc(-c2ncnc3[nH]ccc23)cn1	0	0	0.43478978	2	0.9010713043092196	0.7954545454545454	0.8008796168370637	0.8050742139394621	1.0	Weight-only
N=C(CCSCc1csc(N=C(N)N)n1)NS(N)(=O)=O	0	0	0.45918685	2	0.9112085808853042	0.7804878048780488	0.7862414008755472	0.7992885571921892	1.0	Weight-only
N=C(N)c1ccc(OCCCCCOc2ccc(C(=N)N)cc2)cc1	1	1	0.72808695	2	0.9022812341767478	0.6818181818181818	0.7113856566686756	0.7342002985732177	1.0	Weight-only
NC(=O)N1c2ccccc2C=Cc2ccccc21	0	0	0.372386	2	0.8826888336738378	0.7419354838709677	0.7429280397022333	0.7460711331679073	1.0	Weight-only
NC(=O)N1c2ccccc2CC(=O)c2ccccc21	0	0	0.42981583	2	0.8744358406460948	0.71875	0.7280241935483872	0.7351221116449326	1.0	Weight-only
NC(CO)(CO)CO	1	0	0.29142016	2	0.9546450371827266	0.8333333333333334	0.835741935483871	0.8376344086021504	1.0	Weight-only
NCC(O)c1ccc(O)c(O)c1	1	0	0.1916681	2	0.9030311901030265	0.5294117647058824	0.5771065182829889	0.6234560352207412	1.0	Weight-only
Nc1c(CC(=O)O)cccc1C(=O)c1ccc(Br)cc1	0	0	0.33305597	2	0.8902908117279855	0.7021276595744681	0.7121856866537719	0.7264667956157319	1.0	Weight-only
Nc1nc(=S)c2[nH]cnc2[nH]1	1	0	0.32697773	2	0.9352011881308865	0.7317073170731707	0.7390243902439024	0.7563137865421209	1.0	Weight-only
Nc1nc(N)c2nc(-c3ccccc3)c(N)nc2n1	0	0	0.49373528	2	0.9188442504153111	0.7272727272727273	0.733125893532924	0.7401026205901865	1.0	Weight-only
Nc1nnc(-c2cccc(Cl)c2Cl)c(N)n1	0	0	0.45432734	2	0.9203506852134099	0.7272727272727273	0.7363636363636363	0.7442760942760942	1.0	Weight-only
O=C(O)CC(O)CC(O)C=Cc1c(C2CC2)nc2ccccc2c1-c1ccc(F)cc1	0	1	0.7789938	2	0.876132943837641	0.7777777777777778	0.7888567964627015	0.7914811717229345	0.9846153846153847	Weight-only
O=C(O)COCCN1CCN(C(c2ccccc2)c2ccc(Cl)cc2)CC1	0	0	0.17943639	2	0.8669410405658959	0.6730769230769231	0.680316742081448	0.6874655032023959	0.9833333333333333	Weight-only
O=C([O-])CCCO	0	1	0.6585514	2	0.9376043609359066	0.6470588235294118	0.6883951406649617	0.7090416155313854	1.0	Weight-only
O=C(c1ccc(OCCN2CCCCC2)cc1)c1c(-c2ccc(O)cc2)sc2cc(O)ccc12	1	1	0.7508497	2	0.8871400444273744	0.7380952380952381	0.7474025974025974	0.7575816421561101	0.9830508474576272	Weight-only
O=C1CCc2ccc(OCCCCN3CCN(c4cccc(Cl)c4Cl)CC3)cc2N1	0	0	0.39244172	2	0.8798482533424671	0.5657894736842105	0.5856275303643724	0.6042510121457491	0.9861111111111112	Weight-only
O=C1NC(=O)C(c2ccccc2)(c2ccccc2)N1	0	0	0.37384325	2	0.9067596312250721	0.7555555555555555	0.7585964912280702	0.7709540946383051	1.0	Weight-only
O=C1NC(c2ccccc2)(c2ccccc2)C(=O)N1COP(=O)(O)O	1	0	0.27405858	2	0.8858469541139218	0.7454545454545455	0.7460679079956188	0.7514490863888453	0.98	Weight-only
O=[N+]([O-])c1cn2c(n1)OCC(OCc1ccc(OC(F)(F)F)cc1)C2	1	0	0.2778779	2	0.8975461689247559	0.7272727272727273	0.7393939393939395	0.7597549702812862	0.9838709677419355	Weight-only
O=c1[nH]c2ccccc2n1CCCN1CCC(n2c(=O)[nH]c3cc(Cl)ccc32)CC1	1	0	0.15612046	2	0.88781472803102	0.5942028985507246	0.63184641445511	0.6703620051446139	1.0	Weight-only
O=c1n(CCCN2CCN(c3cccc(Cl)c3)CC2)nc2ccccn12	0	0	0.12939078	2	0.8926414576979106	0.676056338028169	0.7012859767299447	0.7227323203801697	1.0	Weight-only
OCCOCCN1CCN(C(c2ccccc2)c2ccc(Cl)cc2)CC1	1	0	0.19789524	2	0.8838375498355057	0.6935483870967742	0.7159901548277096	0.7235706250121431	1.0	Weight-only
OCCOCCN1CCN(C2=Nc3ccccc3Sc3ccccc32)CC1	0	1	0.68315816	2	0.8937297808474302	0.7272727272727273	0.7422459893048128	0.7537364596188125	1.0	Weight-only
OCCOc1ccc(C(=C(CCCl)c2ccccc2)c2ccccc2)cc1	0	1	0.69481146	2	0.8993993093523769	0.5	0.6063571033720286	0.6896772675646665	1.0	Weight-only
OCc1cc(C(O)CNCCCCCCOCCCCc2ccccc2)ccc1O	1	1	0.77092254	2	0.895379601747196	0.6119402985074627	0.6461115475255302	0.678445372273456	1.0	Weight-only
OCc1cc(C(O)CNCCCCCCOCCOCc2c(Cl)cccc2Cl)ccc1O	1	1	0.70679915	2	0.9024869405759395	0.7368421052631579	0.7483552631578947	0.7578504808708517	1.0	Weight-only
Oc1cn2c(n1)Nc1ccc(Cl)c(Cl)c1C2	1	0	0.3890806	2	0.9103483056143898	0.7692307692307693	0.7936354056902003	0.8035866213948405	1.0	Weight-only
S=c1[nH]cnc2[nH]cnc12	0	1	0.5117781	2	0.9420256091893836	0.7058823529411765	0.7393188854489164	0.7633048417528593	1.0	Weight-only
c1cnc2cc3c(cc2n1)C1CNCC3C1	0	0	0.32298326	2	0.9221755603320726	0.7619047619047619	0.7823129251700681	0.7965263063330981	1.0	Weight-only
C#CC1(O)CCC2C3CCC4=CC(=NO)CCC4C3CCC21CC	0	0	0.0985013	2	0.9123867040962451	0.3064516129032258	0.3478053939714437	0.419714940444713	1.0	Weight-only
C#CC1(O)CCC2C3CCC4=CCCCC4C3C(=C)CC21CC	1	0	0.053611387	2	0.9124794263204711	0.3492063492063492	0.42717086834733886	0.5071763748234335	1.0	Weight-only
C=CCC1(CC(C)C)C(=O)NC(=O)NC1=O	0	0	0.1807593	2	0.923175817455131	0.7906976744186046	0.8218981340081737	0.8287441132496907	1.0	Weight-only
CC(=O)C(C#N)C(=O)Nc1ccc(C(F)(F)F)cc1	0	1	0.6081758	2	0.8944835165486503	0.7230769230769231	0.7320279720279721	0.7395104895104896	1.0	Weight-only
CC(=O)NC1C(N=C(N)N)C=C(C(=O)O)OC1C(O)C(O)CO	1	0	0.42555177	2	0.8876955169728785	0.7164179104477612	0.7498507462686567	0.772139303482587	0.9830508474576272	Weight-only
CC(=O)Nc1ccc(O)cc1	0	1	0.51027566	2	0.8895771392755968	0.6764705882352942	0.731447963800905	0.7423388158682277	1.0	Weight-only
CC(=O)OC1Cc2ccccc2N(C(N)=O)c2ccccc21	0	0	0.3753936	2	0.8689272925346411	0.7121212121212122	0.7147727272727273	0.7257833617868831	0.9807692307692307	Weight-only
CC(=O)c1c(C)c2cnc(Nc3ccc(N4CCNCC4)cn3)nc2n(C2CCCC2)c1=O	0	0	0.29632714	2	0.8785952509970602	0.7341772151898734	0.7494833822505005	0.7526231027805959	1.0	Weight-only
CC(C)(C)NCC(O)c1ccc(O)c(CO)c1	0	0	0.31241438	2	0.8994655213739746	0.6779661016949152	0.6964348334307422	0.7155758962144589	1.0	Weight-only
CC(C)(Oc1ccc(C(=O)c2ccc(Cl)cc2)cc1)C(=O)O	1	0	0.34773797	2	0.8876552114217734	0.6842105263157895	0.7134461152882206	0.7227383936030551	1.0	Weight-only
CC(C)=c1nc(N(C)S(C)(=O)=O)nc(-c2ccc(F)cc2)c1=CCC(O)CC(O)CC(=O)O	1	1	0.8088753	2	0.8876818859079013	0.7888888888888889	0.7912118018967333	0.7929071161122655	0.9852941176470589	Weight-only
CC(C)NCC(O)COc1ccc(CC(N)=O)cc1	1	0	0.4961546	2	0.872480703955317	0.6206896551724138	0.6687579123603464	0.684427702115329	1.0	Weight-only
CC(C)NCC(O)COc1ccc(COCCOC(C)C)cc1	1	1	0.6781168	2	0.900415930691735	0.7230769230769231	0.7319927833360669	0.7379378793621141	1.0	Weight-only
CC(C)NCC(O)COc1cccc2ccccc12	1	1	0.7827577	2	0.8808423403754787	0.5813953488372093	0.5833199679230152	0.5929044521666815	1.0	Weight-only
CC(C)NCC(O)c1ccc(NS(C)(=O)=O)cc1	1	1	0.82340306	2	0.891117243615484	0.5102040816326531	0.6079277864992152	0.6538205216897711	1.0	Weight-only
CC(C)NCC(O)c1ccc(O)c(O)c1	1	0	0.40473637	2	0.8968885445424184	0.5686274509803921	0.5911764705882353	0.6381858945128438	1.0	Weight-only
CC(C)OC(=O)C(C)(C)Oc1ccc(C(=O)c2ccc(Cl)cc2)cc1	1	1	0.5432259	2	0.8909033805511103	0.6862745098039216	0.703828197945845	0.7231749946659307	1.0	Weight-only
CC(C)c1c(C(=O)Nc2ccccc2)c(-c2ccccc2)c(-c2ccc(F)cc2)n1CCC(O)CC(O)CC(=O)O	0	1	0.8080318	2	0.8741763209318155	0.7386363636363636	0.7392857142857142	0.7490629289409778	1.0	Weight-only
CC(C)n1c(C=CC(O)CC(O)CC(=O)O)c(-c2ccc(F)cc2)c2ccccc21	1	1	0.58546686	2	0.8774252290974442	0.7432432432432432	0.7521187854521187	0.7615124703247307	1.0	Weight-only
CC(C=CC1=C(C)CCCC1(C)C)=CC=CC(C)=CC(=O)O	0	0	0.13577415	2	0.9156490970526502	0.7887323943661971	0.7954616588419405	0.8066889678261613	1.0	Weight-only
CC(CCc1ccc(O)cc1)NCCc1ccc(O)c(O)c1	1	0	0.09554744	2	0.8988172999669604	0.6140350877192983	0.6379862700228832	0.6802267905449058	1.0	Weight-only
CC(CN1c2ccccc2Sc2ccccc21)N(C)C	1	0	0.47713488	2	0.8978022731015395	0.6046511627906976	0.6418604651162789	0.6836546743523487	1.0	Weight-only
CC(Cc1cc2c(c(C(N)=O)c1)N(CCCO)CC2)NCCOc1ccccc1OCC(F)(F)F	1	1	0.6835017	2	0.8692252320952764	0.6511627906976745	0.6894318516337946	0.7159994112452164	0.9857142857142858	Weight-only
CC(Cc1ccc(O)c(O)c1)(NN)C(=O)O	0	0	0.05648257	2	0.8711104872111332	0.5609756097560976	0.5854767184035478	0.6234910076373491	1.0	Weight-only
CC(O)C1C(=O)N2C(C(=O)O)=C(SC3CNC(C(=O)N(C)C)C3)C(C)C12	0	1	0.50662833	2	0.9033675657516795	0.8	0.805	0.811472602739726	0.9875	Weight-only
CC(O)C1C(=O)N2C(C(=O)O)=C(SC3CNC(C(=O)Nc4cccc(C(=O)O)c4)C3)C(C)C12	0	1	0.60141695	2	0.8760043911877329	0.7647058823529411	0.7716440422322774	0.7777021235844764	0.9857142857142858	Weight-only
CC12CCC(CC1=O)C2(C)C	1	0	0.1523535	2	0.9185555595636317	0.7446808510638298	0.7566958698372966	0.771615974995199	1.0	Weight-only
CC12CCC3c4ccc(O)cc4CCC3C1CCC2O	0	1	0.5042031	2	0.8936089488216797	0.4230769230769231	0.4741360089186176	0.5185399141920882	1.0	Weight-only
CC1CCN(C(=O)CC#N)CC1N(C)c1ncnc2[nH]ccc12	0	0	0.36013648	2	0.8722282706190655	0.75	0.7543478260869566	0.7655206084900814	0.9857142857142858	Weight-only
CC1CN(CC(Cc2ccccc2)C(=O)NCC(=O)O)CCC1(C)c1cccc(O)c1	1	0	0.29164007	2	0.8655054767252153	0.6741573033707865	0.6909808685089585	0.7130304894349838	0.9863013698630136	Weight-only
CC1c2cccc(O)c2C(=O)C2C(=O)C3(O)C(=O)C(C(N)=O)C(=O)C(N(C)C)C3C(O)C21	0	0	0.30621484	2	0.8967011625863496	0.7849462365591398	0.7929189614476788	0.7982341113733716	1.0	Weight-only
CCC(=O)N(c1ccccc1)C1(C(=O)OC)CCN(CCC(=O)OC)CC1	1	0	0.30961406	2	0.8602830589640612	0.6065573770491803	0.6190068899976241	0.62943544435988	0.9795918367346939	Weight-only
CCC(C(N)=O)N1CCCC1=O	0	0	0.16919827	2	0.8820200120398295	0.765625	0.7731004901960784	0.7810140579220194	0.9726027397260274	Weight-only
CCC1=NC(=O)C2CSSCCC=CC(CC(=O)NC(C(C)C)C(=O)N2)OC(=O)C(C(C)C)NC1=O	1	0	0.4548787	2	0.9080264746932547	0.8222222222222222	0.8273539518900345	0.832566433509623	1.0	Weight-only
CCCC(=O)Nc1ccc(OCC(O)CNC(C)C)c(C(C)=O)c1	1	1	0.8485911	2	0.8792947474157454	0.6268656716417911	0.6648261425114863	0.6911406642508793	1.0	Weight-only
CCCC(C)(COC(N)=O)COC(N)=O	1	0	0.3599113	2	0.9135267660642595	0.7428571428571429	0.7559067882472137	0.7606101542271754	1.0	Weight-only
CCCC1CC(=O)N(C(CC)C(N)=O)C1	0	0	0.21171892	2	0.8850703511160735	0.7611940298507462	0.7652369943759464	0.7667642660443601	0.9791666666666666	Weight-only
CCCCC(CC)COC(=O)CC(C(=O)OCC(CC)CCCC)S(=O)(=O)O	1	1	0.5226081	2	0.9183377151186003	0.7105263157894737	0.7310327706057598	0.7599419531687771	1.0	Weight-only
CCCCCCC(=O)OCC(COC(=O)CCCCCC)OC(=O)CCCCCC	1	0	0.45527995	2	0.9126044027847823	0.48717948717948717	0.6275110854058223	0.6717952863963051	1.0	Weight-only
CCCCCCCCc1ccc(CCC(N)(CO)CO)cc1	0	0	0.1571218	2	0.8996084837427785	0.7209302325581395	0.7305496828752643	0.7445159905668901	1.0	Weight-only
CCCCS(=O)(=O)NC(Cc1ccc(OCCCCC2CCNCC2)cc1)C(=O)O	1	1	0.6237961	2	0.8652295813877737	0.7435897435897436	0.7461538461538462	0.7490048003746633	0.984375	Weight-only
CCCS(=O)(=O)NC1CC(N(C)c2ncnc3[nH]ccc23)C1	1	0	0.34138897	2	0.889170918253711	0.7407407407407407	0.7566395663956639	0.7699869799949954	1.0	Weight-only
CCN(CC)C(=O)C1(c2ccccc2)CC1CN	1	0	0.18983915	2	0.8628663918256918	0.6730769230769231	0.6915654520917679	0.7050978586066305	1.0	Weight-only
CCS(=O)(=O)N1CC(CC#N)(n2cc(-c3ncnc4[nH]ccc34)cn2)C1	1	0	0.40455702	2	0.8937092892430895	0.7790697674418605	0.7829974160206719	0.7871456390667716	0.9857142857142858	Weight-only
CCc1cc2c(cc1CC)CC(NCC(O)c1ccc(O)c3[nH]c(=O)ccc13)C2	1	1	0.5268379	2	0.8812473171804619	0.7571428571428571	0.7728571428571428	0.7798245614035088	0.9838709677419355	Weight-only
CCn1c(=O)c(-c2cc(NC(=O)Nc3ccccc3)c(F)cc2Br)cc2cnc(NC)cc21	0	1	0.53412	2	0.8719787612631192	0.7391304347826086	0.7498612395929694	0.7597019206639928	0.9864864864864865	Weight-only
CN(C)C(=O)c1cc2cnc(Nc3ccc(N4CCNCC4)cn3)nc2n1C1CCCC1	1	0	0.21106687	2	0.8760352055800497	0.7216494845360825	0.7308620311471814	0.7396018610415548	1.0	Weight-only
CN(C)C(N)=NC(=N)N	1	0	0.16371939	2	0.9456083952754079	0.8181818181818182	0.8203208556149733	0.8236598408764836	1.0	Weight-only
CN(C)CC(c1ccc(O)cc1)C1(O)CCCCC1	0	0	0.14332613	2	0.895128597421543	0.6274509803921569	0.6673069227691075	0.7107995976168244	1.0	Weight-only
CN(C)CCCN1c2ccccc2CCc2ccc(Cl)cc21	1	1	0.5509202	2	0.889595702845054	0.5625	0.6210000000000001	0.661706799678936	1.0	Weight-only
CN(C)CCCN1c2ccccc2CCc2ccccc21	1	1	0.5811988	2	0.8918851653792861	0.46153846153846156	0.5358348968105066	0.6062177998153608	1.0	Weight-only
CN(C)CCCN1c2ccccc2Sc2ccc(Cl)cc21	1	1	0.58108294	2	0.8976146877035206	0.6764705882352942	0.6915966386554622	0.710631763657275	1.0	Weight-only
CN(C)c1cc(CNCC(C)(C)C)c(O)c2c1CC1CC3C(N(C)C)C(=O)C(C(N)=O)C(=O)C3(O)C(=O)C1C2=O	0	0	0.39817017	2	0.8947302939940669	0.8	0.8024489795918368	0.8049727128364087	0.987012987012987	Weight-only
CN(C)c1cc(NC(=O)CNC(C)(C)C)c(O)c2c1CC1CC3C(N(C)C)C(=O)C(C(N)=O)C(=O)C3(O)C(=O)C1C2=O	0	1	0.5318001	2	0.8943959428265691	0.8151260504201681	0.8161528541035183	0.8181851298003839	0.9875	Weight-only
CN(C)c1ccc(O)c2c1CC1CC3C(N(C)C)C(=O)C(C(N)=O)C(=O)C3(O)C(=O)C1C2=O	1	0	0.44734737	2	0.897372577734633	0.7974683544303798	0.7999103375527427	0.8009015509806648	0.9855072463768116	Weight-only
CN(C)c1ccc2nc3ccc(=[N+](C)C)cc-3sc2c1	1	0	0.43993098	2	0.9208329725626349	0.7592592592592593	0.7883190883190883	0.7995169151919207	1.0	Weight-only
CN1C(=O)CC(=O)N(c2ccccc2)c2cc(Cl)ccc21	0	0	0.2554928	2	0.887819972322692	0.6111111111111112	0.6773946360153257	0.6959400927888838	1.0	Weight-only
CN1C(=O)CN=C(c2ccccc2)c2cc(Cl)ccc21	1	0	0.42240277	2	0.8809871315620684	0.40816326530612246	0.42163265306122444	0.48904403866809865	1.0	Weight-only
CN1CC(=O)N2C(Cc3c([nH]c4ccccc34)C2c2ccc3c(c2)OCO3)C1=O	1	0	0.4948398	2	0.8949692480985164	0.759493670886076	0.7606142353185308	0.7711621060163952	1.0	Weight-only
CN1CC2c3ccccc3Oc3ccc(Cl)cc3C2C1	1	0	0.12565434	2	0.8921209186948745	0.7083333333333334	0.7194740582800285	0.730586206711934	1.0	Weight-only
CN1CCCC1c1cccnc1	0	0	0.19076058	2	0.8905425937671667	0.6842105263157895	0.7056842105263158	0.7164446080235555	1.0	Weight-only
CN1CCN(C(=O)OC2c3nccnc3C(=O)N2c2ccc(Cl)cn2)CC1	0	0	0.28130463	2	0.8693118702351886	0.6753246753246753	0.6921513269339357	0.7107664376686116	0.9846153846153847	Weight-only
CN1CCN(C2=Nc3cc(Cl)ccc3Nc3ccccc32)CC1	1	1	0.5838942	2	0.8922854251390242	0.6721311475409836	0.6858894960534305	0.7031989301717254	1.0	Weight-only
CN1CCN(CCC=C2c3ccccc3Sc3ccc(S(=O)(=O)N(C)C)cc32)CC1	1	0	0.28055614	2	0.8916965413911814	0.6551724137931034	0.673103448275862	0.6860991379310345	1.0	Weight-only
CN=C(C[N+](=O)[O-])NCCSCc1ccc(CN(C)C)o1	0	0	0.24244037	2	0.8988346725475534	0.7941176470588235	0.8008683911749364	0.8037911003150808	1.0	Weight-only
CNC(=O)c1ccc(-c2cnc3ncc(Cc4ccc5ncccc5c4)n3n2)cc1F	1	0	0.34583908	2	0.8823806384649979	0.7241379310344828	0.7355580274378941	0.7456087010258312	0.9855072463768116	Weight-only
CNC(=O)c1ccc(N2C(=S)N(c3cnc(C#N)c(C(F)(F)F)c3)C(=O)C23CCC3)cc1F	1	0	0.33205017	2	0.8845595591386022	0.39473684210526316	0.5388829215896884	0.6367361789694217	0.9866666666666667	Weight-only
CNC(C)C(O)c1ccccc1	0	1	0.59307534	2	0.89106868040202	0.6129032258064516	0.6412061156356986	0.6677093596350088	1.0	Weight-only
CNCC(O)c1ccc(O)c(O)c1	1	0	0.31133917	2	0.8984113524499268	0.6052631578947368	0.617004048582996	0.6387830435818053	1.0	Weight-only
CNCC(O)c1cccc(O)c1	1	0	0.46824762	2	0.8900702019679141	0.5952380952380952	0.6335064935064935	0.6694564694564694	1.0	Weight-only
CNCCC(Oc1cccc2ccccc12)c1cccs1	0	0	0.4965304	2	0.9003689540317356	0.5416666666666666	0.5740566037735849	0.6332007645825626	1.0	Weight-only
COC(=O)c1ccc2c(C(=Nc3ccc(N(C)C(=O)CN4CCN(C)CC4)cc3)c3ccccc3)c(O)[nH]c2c1	1	1	0.7388789	2	0.8742681265332127	0.7619047619047619	0.7621428571428572	0.7635866340305594	0.9871794871794872	Weight-only
COCCc1ccc(OCC(O)CNC(C)C)cc1	1	1	0.662363	2	0.8907783344458734	0.6935483870967742	0.7001626457034428	0.7075534609240792	1.0	Weight-only
COc1cc(C)c(C=CC(C)=CC=CC(C)=CC(=O)O)c(C)c1C	0	1	0.57183444	2	0.9046654043171115	0.7719298245614035	0.7754866618601298	0.7788994102213124	1.0	Weight-only
COc1cc(C2c3cc4c(cc3C(OC3OC5COC(C)OC5C(O)C3O)C3COC(=O)C23)OCO4)cc(OC)c1O	1	0	0.36138085	2	0.9065528793810456	0.7818181818181819	0.789512987012987	0.7936830018251092	0.9868421052631579	Weight-only
COc1cc(N)c(Cl)cc1C(=O)NC1CCN(CCCOc2ccc(F)cc2)CC1OC	1	1	0.58810234	2	0.8631903170647628	0.6162790697674418	0.6384073291050034	0.6667786597101162	0.9850746268656716	Weight-only
COc1cc2c(cc1Cc1cccc(Cl)c1F)c(=O)c(C(=O)O)cn2C(CO)C(C)C	0	0	0.49637148	2	0.8708842808788012	0.73	0.7329638554216868	0.7393617663140828	0.9861111111111112	Weight-only
COc1cc2nc(N(C)CCCNC(=O)C3CCCO3)nc(N)c2cc1OC	1	1	0.7735	2	0.8697206492412711	0.6666666666666666	0.6974358974358974	0.7197824107815495	0.9861111111111112	Weight-only
COc1cc2nc(N3CCN(C(=O)C4CCCO4)CC3)nc(N)c2cc1OC	1	1	0.7068274	2	0.8756856412260476	0.4153846153846154	0.5231438127090302	0.6156295788247257	0.9850746268656716	Weight-only
COc1cc2nc(N3CCN(C(=O)C4COc5ccccc5O4)CC3)nc(N)c2cc1OC	1	1	0.5735358	2	0.8683347047031812	0.4117647058823529	0.5274711946634324	0.6204826583471544	0.9861111111111112	Weight-only
COc1ccc(C(CN(C)C)C2(O)CCCCC2)cc1	1	0	0.19001082	2	0.8859228079242059	0.6226415094339622	0.6490566037735849	0.6904304278651588	1.0	Weight-only
COc1ccc(CC(C)NCC(O)c2ccc(O)c(NC=O)c2)cc1	0	0	0.27623975	2	0.8895723313996838	0.5909090909090909	0.6325115562403698	0.6619414483821263	1.0	Weight-only
COc1cccc(C2(O)CCCCC2CN(C)C)c1	0	0	0.23875454	2	0.8793680596334897	0.6721311475409836	0.6899453551912569	0.7170916818457802	1.0	Weight-only
Cc1cc2c(s1)Nc1ccccc1N=C2N1CCN(C)CC1	1	1	0.6375396	2	0.8988738998254064	0.7540983606557377	0.7587090163934426	0.7683625021046671	1.0	Weight-only
Cc1ccc(-n2nccn2)c(C(=O)N2CCN(c3nc4cc(Cl)ccc4o3)CCC2C)c1	0	0	0.26513582	2	0.88287594942042	0.7472527472527473	0.7576299988671122	0.7652431741392706	0.9861111111111112	Weight-only
Cc1ccc(O)c(C(CCN(C(C)C)C(C)C)c2ccccc2)c1	0	0	0.31648842	2	0.8883867838740535	0.5272727272727272	0.603030303030303	0.6536401753382886	1.0	Weight-only
Cc1ccccc1-c1cc(N2CCN(C)CC2)ncc1N(C)C(=O)C(C)(C)c1cc(C(F)(F)F)cc(C(F)(F)F)c1	1	0	0.33470622	2	0.8790663417374174	0.7419354838709677	0.7480739116818039	0.7538464819482348	0.9861111111111112	Weight-only
Cc1cnc(NC(=O)C2C(=O)c3ccccc3S(=O)(=O)N2C)s1	0	1	0.5005828	2	0.8765445951522275	0.36538461538461536	0.5226790450928382	0.629876768346596	1.0	Weight-only
Cc1cnc(Nc2ccc(OCCN3CCCC3)cc2)nc1Nc1cccc(S(=O)(=O)NC(C)(C)C)c1	1	0	0.45103258	2	0.8814636718579675	0.7209302325581395	0.7250312578144535	0.7307043427523549	1.0	Weight-only
Cc1nc2n(c(=O)c1CCN1CCC(c3noc4cc(F)ccc34)CC1)CCCC2	1	0	0.39558	2	0.8880165694836506	0.5421686746987951	0.7290697564302205	0.7552597442063147	0.9868421052631579	Weight-only
Cc1nc2n(c(=O)c1CCN1CCC(c3noc4cc(F)ccc34)CC1)CCCC2O	0	0	0.42864168	2	0.8830594510571127	0.5357142857142857	0.7241459395730053	0.7491014241108094	0.9871794871794872	Weight-only
Cc1nccn1CC1CCc2c(c3ccccc3n2C)C1=O	1	0	0.35251185	2	0.8814390600504537	0.7464788732394366	0.7545915492957747	0.7643664960649219	1.0	Weight-only
Cc1nnc(C(=O)NC(C)(C)c2nc(C(=O)NCc3ccc(F)cc3)c(O)c(=O)n2C)o1	0	0	0.41366756	2	0.8794002765213292	0.7362637362637363	0.7396667848280754	0.7419697229681371	1.0	Weight-only
Cc1oncc1C(=O)Nc1ccc(C(F)(F)F)cc1	0	0	0.41097498	2	0.8894929212492113	0.6891891891891891	0.7091656874265568	0.7261065413239325	1.0	Weight-only
Cc1sc2c(c1C)C(c1ccc(Cl)cc1)=NC(CC(=O)NCCCN1CCN(C)CC1)c1nnc(C)n1-2	1	0	0.47500208	2	0.8823126316291877	0.7431192660550459	0.7447726585341264	0.7514723190426726	0.9857142857142858	Weight-only
Clc1ccc(CCCOCCCN2CCCCC2)cc1	0	0	0.3544997	2	0.896070467868462	0.7017543859649122	0.7103266641179219	0.7127763730951878	1.0	Weight-only
Cn1cnc([N+](=O)[O-])c1Sc1ncnc2[nH]cnc12	0	0	0.09109109	2	0.9134471388013371	0.7375	0.7386038961038961	0.7562237589779962	1.0	Weight-only
FC(F)(F)C(F)(F)C(F)(F)F	1	0	0.42992324	2	0.9877758126577377	0.8333333333333334	0.8385964912280702	0.8576743791846765	1.0	Weight-only
N#CCC(C1CCCC1)n1cc(-c2ncnc3[nH]ccc23)cn1	0	0	0.4140985	2	0.9010713043092196	0.7954545454545454	0.8008796168370637	0.8050742139394621	1.0	Weight-only
N=C(CCSCc1csc(N=C(N)N)n1)NS(N)(=O)=O	0	0	0.43002144	2	0.9112085808853042	0.7804878048780488	0.7862414008755472	0.7992885571921892	1.0	Weight-only
N=C(N)c1ccc(OCCCCCOc2ccc(C(=N)N)cc2)cc1	1	1	0.7054349	2	0.9022812341767478	0.6818181818181818	0.7113856566686756	0.7342002985732177	1.0	Weight-only
NC(=O)C1(N2CCCCC2)CCN(CCCC(=O)c2ccc(F)cc2)CC1	1	1	0.65949106	2	0.8824394277169921	0.44642857142857145	0.5006929637526654	0.559241490957909	0.9830508474576272	Weight-only
NC(=O)N1c2ccccc2C=Cc2ccccc21	0	0	0.3556754	2	0.8826888336738378	0.7419354838709677	0.7429280397022333	0.7460711331679073	1.0	Weight-only
NC(=O)N1c2ccccc2CC(=O)c2ccccc21	0	0	0.41408318	2	0.8744358406460948	0.71875	0.7280241935483872	0.7351221116449326	1.0	Weight-only
NC(CO)(CO)CO	0	0	0.25621653	2	0.9546450371827266	0.8333333333333334	0.835741935483871	0.8376344086021504	1.0	Weight-only
NCC(O)c1ccc(O)c(O)c1	1	0	0.16221051	2	0.9030311901030265	0.5294117647058824	0.5771065182829889	0.6234560352207412	1.0	Weight-only
Nc1nc(=S)c2[nH]cnc2[nH]1	1	0	0.29828405	2	0.9352011881308865	0.7317073170731707	0.7390243902439024	0.7563137865421209	1.0	Weight-only
Nc1nc(N)c2nc(-c3ccccc3)c(N)nc2n1	0	0	0.47395304	2	0.9188442504153111	0.7272727272727273	0.733125893532924	0.7401026205901865	1.0	Weight-only
Nc1nnc(-c2cccc(Cl)c2Cl)c(N)n1	0	0	0.42576942	2	0.9203506852134099	0.7272727272727273	0.7363636363636363	0.7442760942760942	1.0	Weight-only
O=C(O)CC(O)CC(O)C=Cc1c(C2CC2)nc2ccccc2c1-c1ccc(F)cc1	0	1	0.755924	2	0.876132943837641	0.7777777777777778	0.7888567964627015	0.7914811717229345	0.9846153846153847	Weight-only
O=C(O)COCCN1CCN(C(c2ccccc2)c2ccc(Cl)cc2)CC1	0	0	0.16961597	2	0.8669410405658959	0.6730769230769231	0.680316742081448	0.6874655032023959	0.9833333333333333	Weight-only
O=C([O-])CCCO	0	1	0.6232782	2	0.9376043609359066	0.6470588235294118	0.6883951406649617	0.7090416155313854	1.0	Weight-only
O=C(c1ccc(OCCN2CCCCC2)cc1)c1c(-c2ccc(O)cc2)sc2cc(O)ccc12	0	1	0.73073804	2	0.8871400444273744	0.7380952380952381	0.7474025974025974	0.7575816421561101	0.9830508474576272	Weight-only
O=C1CCc2ccc(OCCCCN3CCN(c4cccc(Cl)c4Cl)CC3)cc2N1	0	0	0.37435803	2	0.8798482533424671	0.5657894736842105	0.5856275303643724	0.6042510121457491	0.9861111111111112	Weight-only
O=C1NC(=O)C(c2ccccc2)(c2ccccc2)N1	0	0	0.33993214	2	0.9067596312250721	0.7555555555555555	0.7585964912280702	0.7709540946383051	1.0	Weight-only
O=C1NC(c2ccccc2)(c2ccccc2)C(=O)N1COP(=O)(O)O	1	0	0.24310596	2	0.8858469541139218	0.7454545454545455	0.7460679079956188	0.7514490863888453	0.98	Weight-only
O=[N+]([O-])c1cn2c(n1)OCC(OCc1ccc(OC(F)(F)F)cc1)C2	1	0	0.24469844	2	0.8975461689247559	0.7272727272727273	0.7393939393939395	0.7597549702812862	0.9838709677419355	Weight-only
O=c1[nH]c2ccccc2n1CCCN1CCC(n2c(=O)[nH]c3cc(Cl)ccc32)CC1	1	0	0.14567937	2	0.88781472803102	0.5942028985507246	0.63184641445511	0.6703620051446139	1.0	Weight-only
O=c1n(CCCN2CCN(c3cccc(Cl)c3)CC2)nc2ccccn12	0	0	0.118050754	2	0.8926414576979106	0.676056338028169	0.7012859767299447	0.7227323203801697	1.0	Weight-only
OCCN1CCN(CCCN2c3ccccc3Sc3ccc(C(F)(F)F)cc32)CC1	0	0	0.19139367	2	0.8958818712929701	0.704225352112676	0.7142999171499586	0.7305038376512747	1.0	Weight-only
OCCN1CCN(CCCN2c3ccccc3Sc3ccc(Cl)cc32)CC1	1	0	0.18745723	2	0.8936826106075844	0.7384615384615385	0.7441021503708071	0.7467234168726706	1.0	Weight-only
OCCOCCN1CCN(C(c2ccccc2)c2ccc(Cl)cc2)CC1	1	0	0.18864661	2	0.8838375498355057	0.6935483870967742	0.7159901548277096	0.7235706250121431	1.0	Weight-only
OCCOCCN1CCN(C2=Nc3ccccc3Sc3ccccc32)CC1	0	1	0.66622597	2	0.8937297808474302	0.7272727272727273	0.7422459893048128	0.7537364596188125	1.0	Weight-only
OCc1cc(C(O)CNCCCCCCOCCCCc2ccccc2)ccc1O	0	1	0.74407744	2	0.895379601747196	0.6119402985074627	0.6461115475255302	0.678445372273456	1.0	Weight-only
OCc1cc(C(O)CNCCCCCCOCCOCc2c(Cl)cccc2Cl)ccc1O	1	1	0.6707045	2	0.9024869405759395	0.7368421052631579	0.7483552631578947	0.7578504808708517	1.0	Weight-only
Oc1cn2c(n1)Nc1ccc(Cl)c(Cl)c1C2	1	0	0.36855632	2	0.9103483056143898	0.7692307692307693	0.7936354056902003	0.8035866213948405	1.0	Weight-only
S=c1[nH]cnc2[nH]cnc12	1	0	0.47863275	2	0.9420256091893836	0.7058823529411765	0.7393188854489164	0.7633048417528593	1.0	Weight-only
c1cnc2cc3c(cc2n1)C1CNCC3C1	0	0	0.29210693	2	0.9221755603320726	0.7619047619047619	0.7823129251700681	0.7965263063330981	1.0	Weight-only
C=C1C(CO)C(O)CC1n1cnc2c(=O)[nH]c(N)nc21	0	0	0.30966896	3	0.8917865199782467	0.6612903225806451	0.6995088572586606	0.7288886769610611	1.0	Weight-only
C=C1CC2CCC34CC5OC6C(OC7CCC(CC(=O)CC8C(CC9OC(CCC1O2)CC(C)C9=C)OC(CC(O)CN)C8OC)OC7C6O3)C5O4	0	0	0.46451196	3	0.9187178514020138	0.8253968253968254	0.8291830493665356	0.8354227759287531	1.0	Weight-only
C=CC(=O)Nc1cc(Nc2nccc(-c3cn(C)c4ccccc34)n2)c(OC)cc1N(C)CCN(C)C	1	0	0.4197458	3	0.8716589255240469	0.26744186046511625	0.44083894805477064	0.5721048454887727	1.0	Weight-only
C=CC1=C(C(=O)O)N2C(=O)C(NC(=O)C(=NO)c3csc(N)n3)C2SC1	0	0	0.2061466	3	0.8994822059871548	0.5747126436781609	0.6731862563341986	0.7161949087301877	1.0	Weight-only
C=c1c(C(=O)NCCN(CC)CC)c(C)[nH]c1=Cc1c(O)[nH]c2ccc(F)cc12	0	0	0.4186587	3	0.8873468226977367	0.7534246575342466	0.7656911581569117	0.7744099507798138	0.9859154929577465	Weight-only
CC(=O)CC(c1ccccc1)c1c(O)c2ccccc2oc1=O	1	0	0.12658343	3	0.872231680239452	0.7377049180327869	0.7386229508196722	0.7396947427925382	1.0	Weight-only
CC(=O)N1CCN(c2ccc(OCC3COC(Cn4ccnc4)(c4ccc(Cl)cc4Cl)O3)cc2)CC1	0	0	0.39929962	3	0.876689231290988	0.76	0.7686666666666667	0.7707497013142175	0.9875	Weight-only
CC(=O)Nc1cccc(-n2c(=O)n(C3CC3)c(=O)c3c(Nc4ccc(I)cc4F)n(C)c(=O)c(C)c32)c1	1	0	0.22668709	3	0.8872501308609273	0.7640449438202247	0.7724653047121908	0.7741251612191399	0.9873417721518988	Weight-only
CC(=O)O	0	0	0.3288552	3	0.9319995327225375	0.5	0.6906666666666667	0.722116402116402	1.0	Weight-only
CC(C)(C)NCC(O)COc1nsnc1N1CCOCC1	1	1	0.5950215	3	0.8936157328938764	0.6	0.6184615384615384	0.6777050906083164	0.9827586206896551	Weight-only
CC(C)(C)c1nc(-c2cccc(NS(=O)(=O)c3c(F)cccc3F)c2F)c(-c2ccnc(N)n2)s1	0	0	0.3091854	3	0.9041001331624142	0.7373737373737373	0.7575036075036075	0.7753889792896884	1.0	Weight-only
CC(C)(CCCCCC(O)CCCCCC(C)(C)C(=O)O)C(=O)O	0	0	0.35310632	3	0.9154334852673209	0.7586206896551724	0.7750763036560817	0.7777354803509398	1.0	Weight-only
CC(C)(ON=C(C(=O)NC1C(=O)N2C(C(=O)[O-])=C(C[n+]3ccccc3)CSC12)c1csc(N)n1)C(=O)O	0	0	0.33371568	3	0.8858117348158038	0.6017699115044248	0.64621046175414	0.6985108548769622	0.9873417721518988	Weight-only
CC(C)C(N)C(=O)OCC(CO)OCn1cnc2c(=O)[nH]c(N)nc21	0	0	0.39568722	3	0.8927800750239449	0.6153846153846154	0.681559536354057	0.7297053603964485	1.0	Weight-only
CC(C)C(N)C(=O)OCCOCn1cnc2c(=O)[nH]c(N)nc21	0	0	0.41579887	3	0.8872893191879228	0.5172413793103449	0.6103448275862069	0.6854856885282848	1.0	Weight-only
CC(C)CC(CN)CC(=O)O	0	0	0.47617733	3	0.9146594311794564	0.7631578947368421	0.7662280701754387	0.7691787338717163	1.0	Weight-only
CC(C)Cn1cnc2c(N)nc3ccccc3c21	0	0	0.4795947	3	0.8889725531750245	0.7450980392156863	0.7480392156862745	0.7534080298786181	1.0	Weight-only
CC(C)Nc1nc2cc(Cl)c(Cl)cc2n1C1OC(CO)C(O)C1O	0	1	0.5159082	3	0.8951087304959362	0.7848101265822784	0.7900350121195799	0.7988490391925258	1.0	Weight-only
CC(C)OC(=O)C(C)NP(=O)(COC(C)Cn1cnc2c(N)ncnc21)Oc1ccccc1	0	1	0.6302281	3	0.8771789928938543	0.7473684210526316	0.7557894736842105	0.7633276740237691	1.0	Weight-only
CC(C)OC(=O)C(C)NP(=O)(OCC1OC(n2ccc(=O)[nH]c2=O)C(C)(F)C1O)Oc1ccccc1	1	0	0.42157483	3	0.8754995180010279	0.7865168539325843	0.7870616275110658	0.7875436453096731	0.9864864864864865	Weight-only
CC(C)OC(=O)OCOP(=O)(COC(C)Cn1cnc2c(N)ncnc21)OCOC(=O)OC(C)C	0	0	0.4897292	3	0.8991782633896319	0.7837837837837838	0.7911493911493912	0.7960597960597959	1.0	Weight-only
CC(Cn1cnc2c(N)ncnc21)OCP(=O)(O)O	0	0	0.39374512	3	0.8984474766308715	0.75	0.7670731707317074	0.7801006581494386	1.0	Weight-only
CC(Nc1ncnc2[nH]cnc12)c1cc2cccc(Cl)c2c(=O)n1-c1ccccc1	1	0	0.329821	3	0.8860077182281559	0.7402597402597403	0.7518481518481519	0.7690972408714344	1.0	Weight-only
CC1(C)SC2C(NC(=O)C(N)c3ccc(O)cc3)C(=O)N2C1C(=O)O	0	0	0.12725703	3	0.8802010588010165	0.42857142857142855	0.6757142857142857	0.7118786992198008	1.0	Weight-only
CC1(C)SC2C(NC(=O)C(N)c3ccccc3)C(=O)N2C1C(=O)O	0	0	0.17519164	3	0.8686537005282221	0.34615384615384615	0.6521983763363073	0.6961060650715822	1.0	Weight-only
CC1(C)SC2C(NC(=O)COc3ccccc3)C(=O)N2C1C(=O)O	0	0	0.4410294	3	0.8603755440581142	0.26	0.626822862541332	0.6851070697527948	1.0	Weight-only
CC12CCC3c4ccc(O)cc4CC(CCCCCCCCCS(=O)CCCC(F)(F)C(F)(F)F)C3C1CCC2O	0	0	0.40437698	3	0.8873463460918158	0.5507246376811594	0.5971014492753624	0.6519814010794259	0.9859154929577465	Weight-only
CC1=C(C(=O)O)N2C(=O)C(NC(=O)C(N)c3ccccc3)C2SC1	0	0	0.12401447	3	0.8628095472504331	0.6818181818181818	0.714449079401611	0.7245965620174482	1.0	Weight-only
CC1CNc2c(cccc2S(=O)(=O)NC(CCCN=C(N)N)C(=O)N2CCC(C)CC2C(=O)O)C1	1	1	0.5362424	3	0.8722676212683577	0.6923076923076923	0.6967032967032967	0.7017606049864116	1.0	Weight-only
CC1OC(OC2C(O)CC(OC3C(O)CC(OC4CCC5(C)C(CCC6C5CC(O)C5(C)C(C7=CC(=O)OC7)CCC65O)C4)OC3C)OC2C)CC(O)C1O	1	1	0.53977656	3	0.9103034647288484	0.7634408602150538	0.7700822264389626	0.7733380752356084	1.0	Weight-only
CCC(=O)NCCC1CCc2ccc3c(c21)CCO3	1	0	0.4468298	3	0.876292095884975	0.7368421052631579	0.7465886939571149	0.7559039752753203	1.0	Weight-only
CCC(C(C)O)n1ncn(-c2ccc(N3CCN(c4ccc(OCC5COC(Cn6cncn6)(c6ccc(F)cc6F)C5)cc4)CC3)cc2)c1=O	1	1	0.509892	3	0.8833162423544594	0.7029702970297029	0.7132607260726072	0.7244106623051686	0.9886363636363636	Weight-only
CCC(C)n1ncn(-c2ccc(N3CCN(c4ccc(OCC5COC(Cn6cncn6)(c6ccc(Cl)cc6Cl)O5)cc4)CC3)cc2)c1=O	1	0	0.3926346	3	0.8899130655294896	0.7830188679245284	0.7865436718743185	0.7898126219407589	1.0	Weight-only
CCC(CC)COC(=O)C(C)NP(=O)(OCC1OC(C#N)(c2ccc3c(N)ncnn23)C(O)C1O)Oc1ccccc1	1	1	0.55197513	3	0.8807377076083175	0.7884615384615384	0.7914102564102563	0.7952279202279201	1.0	Weight-only
CCC(Nc1ncnc2[nH]cnc12)c1nc2cccc(F)c2c(=O)n1-c1ccccc1	0	0	0.32559678	3	0.8868301669358634	0.7375	0.7559020618556701	0.7694195098364575	0.9859154929577465	Weight-only
CCC1=C(C)CN(C(=O)NCCc2ccc(S(=O)(=O)NC(=O)NC3CCC(C)CC3)cc2)C1=O	1	0	0.37548032	3	0.8863740365902804	0.7590361445783133	0.7695850066934404	0.7784388583139141	1.0	Weight-only
CCC1=CC2CN(C1)Cc1c([nH]c3ccccc13)C(C(=O)OC)(c1cc3c(cc1OC)N(C)C1C(O)(C(=O)OC)C(OC(C)=O)C4(CC)C=CCN5CCC31C54)C2	1	1	0.7085075	3	0.8889303160427295	0.7559055118110236	0.7597392539047372	0.7636830755757771	0.9910714285714286	Weight-only
CCC1OC(=O)C(C)C(OC2CC(C)(OC)C(O)C(C)O2)C(C)C(OC2OC(C)CC(N(C)C)C2O)C(C)(O)CC(C)C(=O)C(C)C(O)C1(C)O	0	1	0.6129398	3	0.9155199245644802	0.7758620689655172	0.7834659593280282	0.7890646802761541	0.9897959183673469	Weight-only
CCC1OC(=O)C(C)C(OC2CC(C)(OC)C(O)C(C)O2)C(C)C(OC2OC(C)CC(N(C)C)C2O)C(C)(O)CC(C)CN(C)C(C)C(O)C1(C)O	1	0	0.40540913	3	0.9114326239607212	0.773109243697479	0.7805322128851541	0.7905978180745982	0.9901960784313726	Weight-only
CCC1OC(=O)C(C)C(OC2CC(C)(OC)C(O)C(C)O2)C(C)C(OC2OC(C)CC(N(C)C)C2O)C(C)(OC)CC(C)C(=O)C(C)C(O)C1(C)O	1	1	0.635848	3	0.914605798948521	0.7719298245614035	0.7796796338672769	0.7865101562279287	0.9895833333333334	Weight-only
CCCC(CCC)C(=O)O	0	0	0.46407074	3	0.9152075633888728	0.7105263157894737	0.7466507177033493	0.7560757955494798	1.0	Weight-only
CCCC(NC(C)C(=O)N1C(C(=O)O)CC2CCCCC21)C(=O)OCC	1	1	0.7412064	3	0.8749929172895292	0.19642857142857142	0.20908521303258146	0.30295791562238933	1.0	Weight-only
CCCCCN(C)CCC(O)(P(=O)(O)O)P(=O)(O)O	0	1	0.6870153	3	0.9294877756352251	0.7333333333333333	0.7511111111111111	0.7650643551352772	1.0	Weight-only
CCCCCOC(=O)Nc1nc(=O)n(C2OC(C)C(O)C2O)cc1F	0	0	0.29837337	3	0.8777641412387279	0.7662337662337663	0.7673668796956468	0.7741476350980044	0.9841269841269841	Weight-only
CCCCc1oc2ccc(NS(C)(=O)=O)cc2c1C(=O)c1ccc(OCCCN(CCCC)CCCC)cc1	1	1	0.87343335	3	0.885928285880511	0.6231884057971014	0.6387779083431258	0.6803821212516865	1.0	Weight-only
CCCCc1oc2ccccc2c1C(=O)c1cc(I)c(OCCN(CC)CC)c(I)c1	1	1	0.70345306	3	0.8820423028167237	0.6865671641791045	0.753382349854105	0.762193494975143	1.0	Weight-only
CCCNS(=O)(=O)Nc1ncnc(OCCOc2ncc(Br)cn2)c1-c1ccc(Br)cc1	1	1	0.5507413	3	0.9088399784256487	0.775	0.7766279069767442	0.7801955404581482	1.0	Weight-only
CCCS(=O)(=O)Nc1ccc(F)c(C(=O)c2c[nH]c3ncc(-c4ccc(Cl)cc4)cc23)c1F	1	1	0.64180577	3	0.8837798736923832	0.7407407407407407	0.763928264258453	0.7709645302674654	1.0	Weight-only
CCN(CC)CCCC(C)Nc1ccnc2cc(Cl)ccc12	1	1	0.797218	3	0.8934284105811544	0.14	0.36956998556998555	0.5377681577681578	1.0	Weight-only
CCN(CC)CCNC(=O)c1cc(Cl)c(N)cc1OC	1	1	0.68784064	3	0.8840974139857758	0.6363636363636364	0.6779045515887622	0.7102059733638683	1.0	Weight-only
CCN1CCN(C(=O)NC(C(=O)NC2C(=O)N3C(C(=O)O)=C(CSc4nnnn4C)CSC23)c2ccc(O)cc2)C(=O)C1=O	1	0	0.2542954	3	0.8856013326606792	0.7557251908396947	0.7619204436077026	0.7760321908931681	0.989247311827957	Weight-only
CCN1CCN(C(=O)NC(C(=O)NC2C(=O)N3C2SC(C)(C)C3C(=O)O)c2ccccc2)C(=O)C1=O	1	0	0.300791	3	0.8650693249905275	0.4375	0.695612676056338	0.725739741479178	0.9864864864864865	Weight-only
CCN1CCN(Cc2ccc(Nc3ncc(F)c(-c4cc(F)c5nc(C)n(C(C)C)c5c4)n3)nc2)CC1	0	0	0.4592016	3	0.8953882955674813	0.7676767676767676	0.7743315508021389	0.7796758434013336	1.0	Weight-only
CCNC1CC(C)S(=O)(=O)c2sc(S(N)(=O)=O)cc21	0	1	0.59699076	3	0.9025875018467937	0.7666666666666667	0.7760469667318983	0.7861010813740893	1.0	Weight-only
CCNC1CN(CCCOC)S(=O)(=O)c2sc(S(N)(=O)=O)cc21	1	1	0.59681356	3	0.8939213828190932	0.7529411764705882	0.7741927409261578	0.7833637832731527	1.0	Weight-only
CCOc1cc(C(CS(C)(=O)=O)N2C(=O)c3cccc(NC(C)=O)c3C2=O)ccc1OC	0	0	0.49238235	3	0.876093333240911	0.7261904761904762	0.7426910299003322	0.7540177964290572	0.9857142857142858	Weight-only
CCOc1ccc(Cc2cc(C34OCC(CO)(O3)C(O)C(O)C4O)ccc2Cl)cc1	1	0	0.41009754	3	0.8863415962273846	0.7840909090909091	0.788818114503046	0.7942712516300889	0.9846153846153847	Weight-only
CCOc1ccc(Cc2cc(C3OC(CO)C(O)C(O)C3O)ccc2Cl)cc1	1	1	0.51012623	3	0.88816141814531	0.7671232876712328	0.7719789546694897	0.7750078496801313	1.0	Weight-only
CCOc1ccc2ccccc2c1C(=O)NC1C(=O)N2C1SC(C)(C)C2C(=O)O	1	0	0.3603	3	0.8642667812734814	0.4166666666666667	0.6837218714586368	0.7180137975064508	1.0	Weight-only
CCc1cc(C(C)=NOCc2ccc(C3CCCCC3)c(C(F)(F)F)c2)ccc1CN1CC(C(=O)O)C1	0	1	0.5414204	3	0.8774164190622349	0.7446808510638298	0.7635646806997904	0.7729645993176235	0.9861111111111112	Weight-only
CCc1nc(C(N)=O)c(Nc2ccc(N3CCC(N4CCN(C)CC4)CC3)c(OC)c2)nc1NC1CCOCC1	1	1	0.5573803	3	0.8713168739871769	0.6847826086956522	0.6877926421404682	0.6927070762794654	0.9880952380952381	Weight-only
CN(C)CCCC1(c2ccc(F)cc2)OCc2cc(C#N)ccc21	1	1	0.68705684	3	0.9043429993064007	0.7681159420289855	0.7699604743083004	0.7726139374105714	1.0	Weight-only
CN(C)N=Nc1[nH]cnc1C(N)=O	1	1	0.5719035	3	0.9001824171950158	0.782608695652174	0.782608695652174	0.7903381642512077	1.0	Weight-only
CNC(=O)c1cnn(-c2nc(N)c3ncn(C4OC(CO)C(O)C4O)c3n2)c1	1	0	0.18494044	3	0.8936100823014045	0.7662337662337663	0.7694176790950985	0.7765877694710419	1.0	Weight-only
CNC1CCc2[nH]c3ccc(C(N)=O)cc3c2C1	1	0	0.39070162	3	0.8720142852061232	0.7571428571428571	0.763963133640553	0.7697047277692439	1.0	Weight-only
CNCC(O)C(O)C(O)C(O)CO	1	1	0.70947194	3	0.9354861217565211	0.6764705882352942	0.6947712418300653	0.7297968282920402	1.0	Weight-only
COC(=O)C=CC(=O)OC	0	1	0.5766689	3	0.9262710290970264	0.7647058823529411	0.8043300653594772	0.8101216412490923	1.0	Weight-only
COC1(C(=O)NC(C)c2ccc(-n3cc(F)cn3)nc2)CCC(c2nc(C)cc(Nc3cc(C)[nH]n3)n2)CC1	0	0	0.37192273	3	0.8817121456855148	0.7755102040816326	0.7845738196545692	0.7867731629479673	1.0	Weight-only
COCCCOc1cc(CC(CC(N)C(O)CC(C(=O)NCC(C)(C)C(N)=O)C(C)C)C(C)C)ccc1OC	1	0	0.34405065	3	0.885191470906652	0.7093023255813954	0.7268800966475386	0.7406809165714083	1.0	Weight-only
COCCCOc1ccnc(CS(=O)c2nc3ccccc3[nH]2)c1C	0	1	0.7343579	3	0.893462646662262	0.5428571428571428	0.6396383363471971	0.705055756479807	1.0	Weight-only
CON=C(C(=O)NC1C(=O)N2C(C(=O)O)=C(COC(C)=O)CSC12)c1csc(N)n1	1	0	0.44706288	3	0.8849637582900338	0.6576576576576577	0.6876558190843906	0.7249385439861631	0.9873417721518988	Weight-only
CON=C(C(=O)NC1C(=O)N2C(C(=O)O)=C(COC(N)=O)CSC12)c1ccco1	1	0	0.40267673	3	0.8714578537071036	0.6902654867256637	0.7011893932977092	0.7201101465491906	1.0	Weight-only
CON=C(C(=O)NC1C(=O)N2C(C(=O)O)=C(CSc3nc(=O)c(=O)[nH]n3C)CSC12)c1csc(N)n1	1	0	0.48479983	3	0.8891989237972109	0.680327868852459	0.703718606833361	0.735070007911538	1.0	Weight-only
COc1c2occc2cc2ccc(=O)oc12	0	0	0.3524732	3	0.9077888250743983	0.7941176470588235	0.8032311516155758	0.8106381926325292	1.0	Weight-only
COc1cc(C(=O)NCc2ccc(OCCN(C)C)cc2)cc(OC)c1OC	1	1	0.69517154	3	0.872138184047249	0.631578947368421	0.6456140350877193	0.6693076777966422	1.0	Weight-only
COc1cc(Cc2cnc(N)nc2N)cc(OC)c1OC	0	0	0.4167019	3	0.9084555529063016	0.7681159420289855	0.7689776733254994	0.7716542629586107	1.0	Weight-only
COc1cc(N2CCC(N3CCN(C)CC3)CC2)ccc1Nc1ncc(Cl)c(Nc2ccccc2P(C)(C)=O)n1	1	1	0.57984656	3	0.8790926975851469	0.7127659574468085	0.7163193682825181	0.7221247349564963	1.0	Weight-only
COc1cc2c(cc1OC)C(=O)C(CC1CCN(Cc3ccccc3)CC1)C2	1	0	0.37815416	3	0.8650559121711987	0.7105263157894737	0.7172248803827752	0.7231687867117906	1.0	Weight-only
COc1cc2c(cc1OC)C1CC(=O)C(CC(C)C)CN1CC2	0	0	0.27204937	3	0.8869083977794346	0.7123287671232876	0.7200801871032407	0.7322054764420284	1.0	Weight-only
COc1cc2c(cc1OC)C1CC(OC(=O)C(N)C(C)C)C(CC(C)C)CN1CC2	0	0	0.29740718	3	0.8810247412192755	0.6931818181818182	0.7201298701298702	0.7463253800463104	1.0	Weight-only
COc1cc2c(cc1OC)CC(=O)N(CCCN(C)CC1Cc3cc(OC)c(OC)cc31)CC2	1	1	0.5095086	3	0.8929597331639363	0.7341772151898734	0.7418050304126254	0.748972546440901	1.0	Weight-only
COc1ccc(CC(C)(C)NCC(O)c2cc(O)cc3c2OCC(=O)N3)cc1	1	1	0.59422314	3	0.8766032701458094	0.7	0.7074999999999999	0.7231461947179247	0.9848484848484849	Weight-only
COc1ccc(Cl)cc1C(=O)NCCc1ccc(S(=O)(=O)NC(=O)NC2CCCCC2)cc1	1	1	0.5289269	3	0.8724185053669026	0.7142857142857143	0.7254786450662739	0.734197399676542	1.0	Weight-only
COc1ccc(OC)c(C(O)CNC(=O)CN)c1	1	1	0.860228	3	0.8740232513284701	0.7068965517241379	0.7107050952135872	0.7182475884917341	1.0	Weight-only
COc1ccc2[nH]c(S(=O)Cc3ncc(C)c(OC)c3C)nc2c1	0	1	0.63149214	3	0.9011523679424015	0.4461538461538462	0.5824936827878004	0.6771567041904397	1.0	Weight-only
COc1ccc2c(OC3CC4C(=O)NC5(C(=O)NS(=O)(=O)C6CC6)CC5C=CCCCCN(C)C(=O)C4C3)cc(-c3nc(C(C)C)cs3)nc2c1C	0	1	0.6523912	3	0.8915871901289019	0.8064516129032258	0.8080539742778831	0.8091717299497184	0.9904761904761905	Weight-only
COc1ccc2cc(C(C)C(=O)O)ccc2c1	0	1	0.5651922	3	0.876187637133444	0.575	0.5773684210526315	0.6201952621667162	1.0	Weight-only
COc1ccccc1OCC(O)CN1CCN(CC(=O)Nc2c(C)cccc2C)CC1	1	1	0.6166799	3	0.8588901978484522	0.5660377358490566	0.6007337526205451	0.6246626424733125	1.0	Weight-only
COc1ccccc1Oc1c(NS(=O)(=O)c2ccc(C(C)(C)C)cc2)nc(-c2ncccn2)nc1OCCO	1	1	0.80850303	3	0.8773519694047719	0.7283950617283951	0.737037037037037	0.7437787460663278	1.0	Weight-only
COc1nc(N)nc2c1ncn2C1OC(CO)C(O)C1O	0	0	0.2977177	3	0.8956690152701351	0.7761194029850746	0.7839512116835179	0.7900258054326421	1.0	Weight-only
CS(=O)(=O)OCCCCOS(C)(=O)=O	1	1	0.68341446	3	0.9434934879202344	0.7931034482758621	0.8095297805642634	0.8175548589341692	1.0	Weight-only
CS(=O)(=O)c1cccc(CC(NC(=O)c2c(Cl)cc3c(c2Cl)CCN(C(=O)c2ccc4ccoc4c2)C3)C(=O)O)c1	0	0	0.47429377	3	0.878770676602254	0.7395833333333334	0.7520833333333334	0.7623374704491724	1.0	Weight-only
Cc1c(O)c(=O)ccn1C	0	0	0.15586756	3	0.893745287591812	0.7419354838709677	0.7576612903225806	0.770886389360498	1.0	Weight-only
Cc1c(OCC(F)(F)F)ccnc1CS(=O)c1nc2ccccc2[nH]1	0	1	0.62661016	3	0.8926673519040942	0.5362318840579711	0.6375286041189933	0.7062696721814532	1.0	Weight-only
Cc1cc(C#N)cc(C)c1Oc1nc(Nc2ccc(C#N)cc2)nc(N)c1Br	0	0	0.46809602	3	0.9127640299985834	0.7682926829268293	0.7845898004434589	0.7900442842567686	1.0	Weight-only
Cc1cc(C)cc(OCC2CNC(=O)O2)c1	0	0	0.33072472	3	0.8889986607104039	0.7777777777777778	0.7873224043715847	0.7963358299576798	1.0	Weight-only
Cc1cc(C=CC#N)cc(C)c1Nc1ccnc(Nc2ccc(C#N)cc2)n1	0	0	0.28743595	3	0.9172972425369721	0.7752808988764045	0.7757567746199603	0.783073280514026	1.0	Weight-only
Cc1cc(Nc2ncc(Cl)c(Nc3ccccc3S(=O)(=O)C(C)C)n2)c(OC(C)C)cc1C1CCNCC1	1	1	0.6965349	3	0.8838850925071365	0.75	0.7509900990099009	0.7516501650165015	1.0	Weight-only
Cc1ccc(C(=O)Nc2ccc(CN3CCN(C)CC3)c(C(F)(F)F)c2)cc1C#Cc1cnc2cccnn12	1	0	0.43279415	3	0.8724771746100841	0.7307692307692307	0.7364207221350079	0.7427481698468443	0.9873417721518988	Weight-only
Cc1ccc(C2OC(CO)C(O)C(O)C2O)cc1Cc1ccc(-c2ccc(F)cc2)s1	1	0	0.43972465	3	0.8985595160648736	0.7865168539325843	0.8042601940915282	0.808058495628191	1.0	Weight-only
Cc1ccc(NC(=O)c2ccc(CN3CCN(C)CC3)cc2)cc1Nc1nccc(-c2cccnc2)n1	1	0	0.432186	3	0.8678365874925645	0.71	0.7230297029702969	0.7330633584900439	1.0	Weight-only
Cc1ccc(Nc2nccc(N(C)c3ccc4c(C)n(C)nc4c3)n2)cc1S(N)(=O)=O	0	1	0.53242296	3	0.8961277048562603	0.7311827956989247	0.7460267505900866	0.7559655104191111	0.9866666666666667	Weight-only
Cc1cccc(Nc2ccncc2S(=O)(=O)NC(=O)NC(C)C)c1	1	0	0.41682738	3	0.8840790337438608	0.746268656716418	0.7466117687424945	0.7529045736496692	1.0	Weight-only
Cc1cn(-c2cc(NC(=O)c3ccc(C)c(Nc4nccc(-c5cccnc5)n4)c3)cc(C(F)(F)F)c2)cn1	1	0	0.2690423	3	0.8905064777895152	0.7340425531914894	0.7371997254632807	0.7419926790208191	1.0	Weight-only
Cc1cn(C2C=CC(CO)O2)c(=O)[nH]c1=O	0	0	0.23698738	3	0.8996878256520796	0.7567567567567568	0.8044215267899479	0.8117069373793778	1.0	Weight-only
Cc1cn(C2CC(N=[N+]=[N-])C(CO)O2)c(=O)[nH]c1=O	1	0	0.3301057	3	0.8970275968064382	0.7710843373493976	0.8021819837489492	0.8094333130816272	1.0	Weight-only
Cc1cn(C2CC(O)C(CO)O2)c(=O)[nH]c1=O	0	0	0.3025331	3	0.8877887482358733	0.7297297297297297	0.7662902338958676	0.7747080642992701	1.0	Weight-only
Cc1cnc(C(=O)NCCc2ccc(S(=O)(=O)NC(=O)NC3CCCCC3)cc2)cn1	0	0	0.44519943	3	0.8794829238863113	0.7368421052631579	0.7546785295620547	0.7643272783538227	1.0	Weight-only
Cc1nn(C)cc1S(=O)(=O)NC(=O)c1ccc(-n2ccc(OCC(C)(C)C(F)(F)F)n2)nc1N1CC(C)CC1(C)C	0	1	0.6141171	3	0.8809106397064705	0.7777777777777778	0.7785932721712538	0.7878849658666172	0.9873417721518988	Weight-only
Cc1nnc(SCC2=C(C(=O)O)N3C(=O)C(NC(=O)Cn4cnnn4)C3SC2)s1	1	0	0.4229275	3	0.8898465781075797	0.7017543859649122	0.725506401715674	0.7557080108317696	1.0	Weight-only
Cn1cc[nH]c1=S	1	0	0.2750589	3	0.9340164478329732	0.8108108108108109	0.8114864864864865	0.8170295295295296	1.0	Weight-only
Cn1ncnc1C1c2n[nH]c(=O)c3cc(F)cc(c23)NC1c1ccc(F)cc1	1	0	0.49011338	3	0.9000812735886322	0.7555555555555555	0.7659770114942528	0.775546145056127	1.0	Weight-only
Cn1nnc2c(C(N)=O)ncn2c1=O	0	0	0.24100907	3	0.8940841280515719	0.7115384615384616	0.7171735241502682	0.7342883214976239	1.0	Weight-only
N#CC1CC2CC2N1C(=O)C(N)C12CC3CC(CC(O)(C3)C1)C2	1	0	0.15957937	3	0.9303631582844318	0.5967741935483871	0.6903722084367246	0.7536255858836504	1.0	Weight-only
N#Cc1cccc(C(NCC2CC2)c2ccc(F)c(NC(=O)c3cc(C(F)(F)F)nn3-c3cccc(CN)c3)c2)c1	1	0	0.31173885	3	0.8804364329304007	0.7407407407407407	0.7711141655442801	0.7771112597154488	0.9882352941176471	Weight-only
N=C1CCCN1Cc1[nH]c(=O)[nH]c(=O)c1Cl	0	0	0.25049278	3	0.9191721252959831	0.8076923076923077	0.8113759479956663	0.8163896265139015	1.0	Weight-only
NC(=O)NC(CCC(=O)O)C(=O)O	1	0	0.25797084	3	0.913297261265021	0.625	0.6567796610169492	0.6691580994720757	1.0	Weight-only
NC(=O)c1ncn(C2OC(CO)C(O)C2O)n1	1	0	0.13381508	3	0.8974513134490527	0.7894736842105263	0.7968113441122406	0.8010735240731113	1.0	Weight-only
NC(C(=O)O)C(O)c1ccc(O)c(O)c1	1	0	0.19623205	3	0.8945904758443889	0.5294117647058824	0.5597523219814241	0.5865583075335397	1.0	Weight-only
NC(CC(=O)N1CCn2c(nnc2C(F)(F)F)C1)Cc1cc(F)c(F)cc1F	1	0	0.18494771	3	0.8903316751871653	0.7906976744186046	0.7910852713178294	0.794005706287683	0.9705882352941176	Weight-only
NC(Cc1cc(I)c(Oc2cc(I)c(O)c(I)c2)c(I)c1)C(=O)O	1	0	0.25296798	3	0.8855713316856988	0.7142857142857143	0.7251231527093596	0.736922355148956	1.0	Weight-only
NC(Cc1cc(I)c(Oc2ccc(O)c(I)c2)c(I)c1)C(=O)O	1	0	0.18722682	3	0.8875865331147074	0.7058823529411765	0.7224972320440016	0.7366060901506716	1.0	Weight-only
NC(Cc1ccc(N(CCCl)CCCl)cc1)C(=O)O	0	0	0.41815904	3	0.8858401701879306	0.4634146341463415	0.5416851441241686	0.5983064454468996	1.0	Weight-only
NC(Cc1ccc(O)c(O)c1)C(=O)O	0	0	0.12973112	3	0.8802022251615628	0.5263157894736842	0.5509394328393045	0.594515901126941	1.0	Weight-only
NCC(CC(=O)O)c1ccc(Cl)cc1	0	0	0.25514704	3	0.8836517900299891	0.6730769230769231	0.691025641025641	0.7075776526996038	1.0	Weight-only
NCC1(CC(=O)O)CCCCC1	0	0	0.34620476	3	0.9195565559717302	0.55	0.6733333333333333	0.7151438353119024	1.0	Weight-only
NCCC(O)(P(=O)(O)O)P(=O)(O)O	0	0	0.25763226	3	0.9386583258511564	0.6944444444444444	0.7439393939393939	0.7819865319865319	1.0	Weight-only
NCCCC(O)(P(=O)(O)O)P(=O)(O)O	0	0	0.22081608	3	0.9434729134808314	0.7027027027027027	0.7515448952789108	0.7850078670256817	1.0	Weight-only
NNc1nncc2ccccc12	1	0	0.37858045	3	0.9134555448040843	0.7619047619047619	0.7672619047619048	0.7758637966971301	1.0	Weight-only
Nc1cccc2c1C(=O)N(C1CCC(=O)NC1=O)C2=O	0	0	0.12623742	3	0.8896530166971658	0.7575757575757576	0.7580102096231128	0.7610122341305137	1.0	Weight-only
Nc1cccc2c1CN(C1CCC(=O)NC1=O)C2=O	0	0	0.18675146	3	0.8952660753782254	0.7678571428571429	0.7732142857142857	0.7795947108447109	1.0	Weight-only
Nc1ccn(C2CSC(CO)O2)c(=O)n1	0	0	0.3522682	3	0.8869911852768959	0.7837837837837838	0.7886376172090458	0.7932340503769075	1.0	Weight-only
Nc1ccn(C2OC(CO)C(O)C2(F)F)c(=O)n1	1	0	0.20646352	3	0.8908030641185816	0.7875	0.7952926421404681	0.7995053859184293	0.9818181818181818	Weight-only
Nc1ccn(C2OC(CO)C(O)C2O)c(=O)n1	1	0	0.16231883	3	0.8919452588672262	0.7763157894736842	0.7906373075546007	0.7961968413096232	1.0	Weight-only
Nc1nc(=O)c2ncn(COC(CO)CO)c2[nH]1	0	0	0.36922958	3	0.8998078009924702	0.32608695652173914	0.4889855072463768	0.6072975966774968	1.0	Weight-only
Nc1nc(=O)n(C2CSC(CO)O2)cc1F	0	0	0.26754454	3	0.8940978553826459	0.775	0.7861341734618236	0.7905423770694342	0.9821428571428571	Weight-only
Nc1nc(Cl)nc2c1ncn2C1CC(O)C(CO)O1	0	0	0.37253517	3	0.8987550807316471	0.7727272727272727	0.7816386865167353	0.7943627623505671	1.0	Weight-only
Nc1nc(Cl)nc2c1ncn2C1OC(CO)C(O)C1F	1	0	0.18108425	3	0.9078866895595753	0.7971014492753623	0.7996245059288537	0.805346947738252	0.9827586206896551	Weight-only
Nc1nc(F)nc2c1ncn2C1OC(CO)C(O)C1O	1	0	0.18898973	3	0.9067886390051964	0.759493670886076	0.7836435747025435	0.7930811187371853	0.9821428571428571	Weight-only
Nc1nc(NC2CC2)c2ncn(C3C=CC(CO)C3)c2n1	1	0	0.28316703	3	0.9041099681675412	0.7971014492753623	0.7990942028985508	0.8072045743923904	1.0	Weight-only
Nc1nc2ccc(OC(F)(F)F)cc2s1	1	1	0.6316781	3	0.9202393827505948	0.7575757575757576	0.7582491582491583	0.7804146239201013	1.0	Weight-only
Nc1ncn(C2CC(O)C(CO)O2)c(=O)n1	1	0	0.35509205	3	0.88764187576732	0.7297297297297297	0.7475588491717524	0.7593964932674608	1.0	Weight-only
Nc1ncn(C2OC(CO)C(O)C2O)c(=O)n1	1	0	0.17351723	3	0.8991518589113523	0.76	0.7745	0.7921090534979425	1.0	Weight-only
Nc1ncnc2c1ncn2C1OC(CO)C(O)C1O	1	0	0.11917511	3	0.9163464851461874	0.7936507936507936	0.7961779742370461	0.8034206806648272	1.0	Weight-only
O=C(NCC1CCCCN1)c1cc(OCC(F)(F)F)ccc1OCC(F)(F)F	1	0	0.4065764	3	0.8750191745568039	0.7230769230769231	0.7311434511434511	0.7389204984710602	0.9818181818181818	Weight-only
O=C(O)C=CC(=O)O	0	0	0.30598795	3	0.9495053233640156	0.75	0.7800840336134452	0.802826038715732	1.0	Weight-only
O=C(O)CC(O)(CC(=O)O)C(=O)O	1	0	0.2356979	3	0.9334833910901852	0.65	0.7522718052738335	0.7758867386656432	1.0	Weight-only
O=C(O)CC(O)(CC(=O)O)C(=O)[O-]	1	0	0.24012513	3	0.9362350977497885	0.7222222222222222	0.7499628390932738	0.7674697052034593	1.0	Weight-only
O=C(O)CCNC(=O)c1ccc(N=Nc2ccc(O)c(C(=O)O)c2)cc1	1	0	0.23252691	3	0.8884057892812566	0.576271186440678	0.6035404896421845	0.6583671985991344	1.0	Weight-only
O=C(O)CNC(=O)c1c(O)n(C2CCCCC2)c(=O)n(C2CCCCC2)c1=O	1	0	0.1248201	3	0.8999477249247644	0.7341772151898734	0.7459653861858844	0.7601930191762776	1.0	Weight-only
O=C(O)P(=O)(O)O	1	0	0.3452017	3	0.9498795339729305	0.7692307692307693	0.7932112332112332	0.8126712793379459	1.0	Weight-only
O=C([O-])O	1	0	0.31463048	3	0.9475779129219141	0.375	0.598529411764706	0.6700752193718946	1.0	Weight-only
O=C(c1ccc(F)c(F)c1Nc1ccc(I)cc1F)N1CC(O)(C2CCCCN2)C1	0	0	0.1583882	3	0.8948364520962608	0.7472527472527473	0.758877964141122	0.7675053017158279	0.9868421052631579	Weight-only
O=C1C=CC(=O)c2c1c(O)c1c(NCCNCCO)ccc(NCCNCCO)c1c2O	1	0	0.15762097	3	0.9059790532655339	0.8275862068965517	0.8281306715063522	0.8299556362169792	1.0	Weight-only
O=C1CCC(N2C(=O)c3ccccc3C2=O)C(=O)N1	1	0	0.22205126	3	0.8869819465839903	0.7222222222222222	0.7404054974556237	0.7474318049266961	1.0	Weight-only
O=C1CCc2cc(OCCCCc3nnnn3C3CCCCC3)ccc2N1	1	1	0.5320962	3	0.8885194595248554	0.6153846153846154	0.679343128781331	0.7269396941544561	0.9855072463768116	Weight-only
O=C1c2cccc3c2C(CCC3)CN1C1CN2CCC1CC2	1	0	0.13857135	3	0.9003733211363354	0.696969696969697	0.7181818181818181	0.7403877484522646	1.0	Weight-only
O=P(O)(O)C(O)(Cn1ccnc1)P(=O)(O)O	0	0	0.18967485	3	0.9260300335742961	0.6341463414634146	0.7012721186035389	0.7477320384063568	1.0	Weight-only
O=c1[nH]c(=O)n(C2CC(O)C(CO)O2)cc1C(F)(F)F	0	0	0.36402434	3	0.8984813743199775	0.775	0.7876574633304573	0.7949623984064593	0.9791666666666666	Weight-only
O=c1[nH]c(O)cn1N=Cc1ccc([N+](=O)[O-])o1	0	0	0.14720687	3	0.9098010923663065	0.8028169014084507	0.8074044265593561	0.8150758718980549	1.0	Weight-only
O=c1[nH]cc(F)c(=O)[nH]1	1	0	0.29662627	3	0.9343162668359537	0.8055555555555556	0.817878787878788	0.8277296777296776	1.0	Weight-only
O=c1[nH]cnc2c1ncn2C1CCC(CO)O1	0	0	0.35535508	3	0.8922786986483595	0.7272727272727273	0.7473063973063974	0.7540333894500563	1.0	Weight-only
OCC(O)C(O)C(O)C(O)CO	1	1	0.6022557	3	0.9540208411767747	0.7692307692307693	0.8063461538461538	0.8160307359958864	1.0	Weight-only
OCC1OC(O)C(O)C(O)C1O	1	0	0.44396555	3	0.9536820741860398	0.7666666666666667	0.7923886639676114	0.82258590849135	1.0	Weight-only
OCC1OC(c2ccc(Cl)c(Cc3ccc(OC4CCOC4)cc3)c2)C(O)C(O)C1O	1	0	0.43217027	3	0.8972791845532367	0.7572815533980582	0.7721771512169171	0.7845940997876885	1.0	Weight-only
C=C1C(CO)C(O)CC1n1cnc2c(=O)[nH]c(N)nc21	0	0	0.31794	3	0.8917865199782467	0.6612903225806451	0.6995088572586606	0.7288886769610611	1.0	Weight-only
C=C1CC2CCC34CC5OC6C(OC7CCC(CC(=O)CC8C(CC9OC(CCC1O2)CC(C)C9=C)OC(CC(O)CN)C8OC)OC7C6O3)C5O4	0	0	0.47178823	3	0.9187178514020138	0.8253968253968254	0.8291830493665356	0.8354227759287531	1.0	Weight-only
C=CC(=O)Nc1cc(Nc2nccc(-c3cn(C)c4ccccc34)n2)c(OC)cc1N(C)CCN(C)C	1	0	0.4273331	3	0.8716589255240469	0.26744186046511625	0.44083894805477064	0.5721048454887727	1.0	Weight-only
C=CC1=C(C(=O)O)N2C(=O)C(NC(=O)C(=NO)c3csc(N)n3)C2SC1	0	0	0.20999989	3	0.8994822059871548	0.5747126436781609	0.6731862563341986	0.7161949087301877	1.0	Weight-only
C=CC1CN2CCC1CC2C(O)c1ccnc2ccc(OC)cc12	0	1	0.56062114	3	0.8858131223487843	0.75	0.7512987012987014	0.7538295038295039	1.0	Weight-only
C=c1c(C(=O)NCCN(CC)CC)c(C)[nH]c1=Cc1c(O)[nH]c2ccc(F)cc12	0	0	0.42534268	3	0.8873468226977367	0.7534246575342466	0.7656911581569117	0.7744099507798138	0.9859154929577465	Weight-only
CC(=CC(=O)OCCCCCCCCC(=O)O)CC1OCC(CC2OC2C(C)C(C)O)C(O)C1O	0	0	0.34946865	3	0.9111436055593077	0.7469879518072289	0.761829134720701	0.773592132689195	0.9894736842105263	Weight-only
CC(=O)CC(c1ccccc1)c1c(O)c2ccccc2oc1=O	1	0	0.1333375	3	0.872231680239452	0.7377049180327869	0.7386229508196722	0.7396947427925382	1.0	Weight-only
CC(=O)N1CCN(c2ccc(OCC3COC(Cn4ccnc4)(c4ccc(Cl)cc4Cl)O3)cc2)CC1	0	0	0.4036643	3	0.876689231290988	0.76	0.7686666666666667	0.7707497013142175	0.9875	Weight-only
CC(=O)NC(CS)C(=O)O	1	1	0.52694654	3	0.9145386550218841	0.6585365853658537	0.7076219512195122	0.7425551244148806	1.0	Weight-only
CC(=O)Nc1cccc(-n2c(=O)n(C3CC3)c(=O)c3c(Nc4ccc(I)cc4F)n(C)c(=O)c(C)c32)c1	0	0	0.22575143	3	0.8872501308609273	0.7640449438202247	0.7724653047121908	0.7741251612191399	0.9873417721518988	Weight-only
CC(=O)O	0	0	0.33638424	3	0.9319995327225375	0.5	0.6906666666666667	0.722116402116402	1.0	Weight-only
CC(C)(C)NCC(O)COc1nsnc1N1CCOCC1	0	1	0.604876	3	0.8936157328938764	0.6	0.6184615384615384	0.6777050906083164	0.9827586206896551	Weight-only
CC(C)(C)c1nc(-c2cccc(NS(=O)(=O)c3c(F)cccc3F)c2F)c(-c2ccnc(N)n2)s1	1	0	0.31584707	3	0.9041001331624142	0.7373737373737373	0.7575036075036075	0.7753889792896884	1.0	Weight-only
CC(C)(CCCCCC(O)CCCCCC(C)(C)C(=O)O)C(=O)O	1	0	0.36098447	3	0.9154334852673209	0.7586206896551724	0.7750763036560817	0.7777354803509398	1.0	Weight-only
CC(C)(ON=C(C(=O)NC1C(=O)N2C(C(=O)[O-])=C(C[n+]3ccccc3)CSC12)c1csc(N)n1)C(=O)O	1	0	0.33923042	3	0.8858117348158038	0.6017699115044248	0.64621046175414	0.6985108548769622	0.9873417721518988	Weight-only
CC(C)C(N)C(=O)OCC(CO)OCn1cnc2c(=O)[nH]c(N)nc21	1	0	0.40775907	3	0.8927800750239449	0.6153846153846154	0.681559536354057	0.7297053603964485	1.0	Weight-only
CC(C)C(N)C(=O)OCCOCn1cnc2c(=O)[nH]c(N)nc21	0	0	0.42905903	3	0.8872893191879228	0.5172413793103449	0.6103448275862069	0.6854856885282848	1.0	Weight-only
CC(C)CC(CN)CC(=O)O	1	0	0.48286834	3	0.9146594311794564	0.7631578947368421	0.7662280701754387	0.7691787338717163	1.0	Weight-only
CC(C)Cn1cnc2c(N)nc3ccccc3c21	0	0	0.48998284	3	0.8889725531750245	0.7450980392156863	0.7480392156862745	0.7534080298786181	1.0	Weight-only
CC(C)Nc1nc2cc(Cl)c(Cl)cc2n1C1OC(CO)C(O)C1O	0	1	0.51592284	3	0.8951087304959362	0.7848101265822784	0.7900350121195799	0.7988490391925258	1.0	Weight-only
CC(C)OC(=O)C(C)NP(=O)(COC(C)Cn1cnc2c(N)ncnc21)Oc1ccccc1	0	1	0.64122766	3	0.8771789928938543	0.7473684210526316	0.7557894736842105	0.7633276740237691	1.0	Weight-only
CC(C)OC(=O)C(C)NP(=O)(OCC1OC(n2ccc(=O)[nH]c2=O)C(C)(F)C1O)Oc1ccccc1	1	0	0.43106726	3	0.8754995180010279	0.7865168539325843	0.7870616275110658	0.7875436453096731	0.9864864864864865	Weight-only
CC(C)OC(=O)OCOP(=O)(COC(C)Cn1cnc2c(N)ncnc21)OCOC(=O)OC(C)C	0	1	0.50087404	3	0.8991782633896319	0.7837837837837838	0.7911493911493912	0.7960597960597959	1.0	Weight-only
CC(CN(C)C)CN1c2ccccc2CCc2ccccc21	1	0	0.34589964	3	0.8859192076325196	0.46153846153846156	0.5221153846153846	0.565688564235076	1.0	Weight-only
CC(CN1CC(=O)NC(=O)C1)N1CC(=O)NC(=O)C1	1	0	0.3973153	3	0.9069171439836307	0.7906976744186046	0.8136950904392763	0.8185431278454532	1.0	Weight-only
CC(Cn1cnc2c(N)ncnc21)OCP(=O)(O)O	0	0	0.40585077	3	0.8984474766308715	0.75	0.7670731707317074	0.7801006581494386	1.0	Weight-only
CC(Nc1ncnc2[nH]cnc12)c1cc2cccc(Cl)c2c(=O)n1-c1ccccc1	1	0	0.32877555	3	0.8860077182281559	0.7402597402597403	0.7518481518481519	0.7690972408714344	1.0	Weight-only
CC1(C)SC2C(NC(=O)C(N)c3ccc(O)cc3)C(=O)N2C1C(=O)O	0	0	0.13355872	3	0.8802010588010165	0.42857142857142855	0.6757142857142857	0.7118786992198008	1.0	Weight-only
CC1(C)SC2C(NC(=O)C(N)c3ccccc3)C(=O)N2C1C(=O)O	0	0	0.18205082	3	0.8686537005282221	0.34615384615384615	0.6521983763363073	0.6961060650715822	1.0	Weight-only
CC1(C)SC2C(NC(=O)COc3ccccc3)C(=O)N2C1C(=O)O	0	0	0.455495	3	0.8603755440581142	0.26	0.626822862541332	0.6851070697527948	1.0	Weight-only
CC12CCC3c4ccc(O)cc4CC(CCCCCCCCCS(=O)CCCC(F)(F)C(F)(F)F)C3C1CCC2O	0	0	0.40836716	3	0.8873463460918158	0.5507246376811594	0.5971014492753624	0.6519814010794259	0.9859154929577465	Weight-only
CC1=C(C(=O)O)N2C(=O)C(NC(=O)C(N)c3ccccc3)C2SC1	0	0	0.12726752	3	0.8628095472504331	0.6818181818181818	0.714449079401611	0.7245965620174482	1.0	Weight-only
CC1CNc2c(cccc2S(=O)(=O)NC(CCCN=C(N)N)C(=O)N2CCC(C)CC2C(=O)O)C1	1	1	0.5405666	3	0.8722676212683577	0.6923076923076923	0.6967032967032967	0.7017606049864116	1.0	Weight-only
CC1OC(OC2C(O)CC(OC3C(O)CC(OC4CCC5(C)C(CCC6C5CC(O)C5(C)C(C7=CC(=O)OC7)CCC65O)C4)OC3C)OC2C)CC(O)C1O	1	1	0.5444238	3	0.9103034647288484	0.7634408602150538	0.7700822264389626	0.7733380752356084	1.0	Weight-only
CCC(=O)NCC1CC1c1cccc2c1CCO2	0	0	0.4914957	3	0.8685935298075593	0.7272727272727273	0.7336609336609335	0.7424832902360992	1.0	Weight-only
CCC(=O)NCCC1CCc2ccc3c(c21)CCO3	1	0	0.45142302	3	0.876292095884975	0.7368421052631579	0.7465886939571149	0.7559039752753203	1.0	Weight-only
CCC(C(C)O)n1ncn(-c2ccc(N3CCN(c4ccc(OCC5COC(Cn6cncn6)(c6ccc(F)cc6F)C5)cc4)CC3)cc2)c1=O	1	1	0.51868474	3	0.8833162423544594	0.7029702970297029	0.7132607260726072	0.7244106623051686	0.9886363636363636	Weight-only
CCC(C)n1ncn(-c2ccc(N3CCN(c4ccc(OCC5COC(Cn6cncn6)(c6ccc(Cl)cc6Cl)O5)cc4)CC3)cc2)c1=O	1	0	0.39592648	3	0.8899130655294896	0.7830188679245284	0.7865436718743185	0.7898126219407589	1.0	Weight-only
CCC(CC)COC(=O)C(C)NP(=O)(OCC1OC(C#N)(c2ccc3c(N)ncnn23)C(O)C1O)Oc1ccccc1	1	1	0.56263494	3	0.8807377076083175	0.7884615384615384	0.7914102564102563	0.7952279202279201	1.0	Weight-only
CCC(Nc1ncnc2[nH]cnc12)c1nc2cccc(F)c2c(=O)n1-c1ccccc1	1	0	0.3344132	3	0.8868301669358634	0.7375	0.7559020618556701	0.7694195098364575	0.9859154929577465	Weight-only
CCC1=C(C)CN(C(=O)NCCc2ccc(S(=O)(=O)NC(=O)NC3CCC(C)CC3)cc2)C1=O	1	0	0.38167655	3	0.8863740365902804	0.7590361445783133	0.7695850066934404	0.7784388583139141	1.0	Weight-only
CCC1=CC2CN(C1)Cc1c([nH]c3ccccc13)C(C(=O)OC)(c1cc3c(cc1OC)N(C)C1C(O)(C(=O)OC)C(OC(C)=O)C4(CC)C=CCN5CCC31C54)C2	1	1	0.7144044	3	0.8889303160427295	0.7559055118110236	0.7597392539047372	0.7636830755757771	0.9910714285714286	Weight-only
CCC1OC(=O)C(C)C(OC2CC(C)(OC)C(O)C(C)O2)C(C)C(OC2OC(C)CC(N(C)C)C2O)C(C)(O)CC(C)C(=O)C(C)C(O)C1(C)O	0	1	0.61529446	3	0.9155199245644802	0.7758620689655172	0.7834659593280282	0.7890646802761541	0.9897959183673469	Weight-only
CCC1OC(=O)C(C)C(OC2CC(C)(OC)C(O)C(C)O2)C(C)C(OC2OC(C)CC(N(C)C)C2O)C(C)(O)CC(C)CN(C)C(C)C(O)C1(C)O	1	0	0.406744	3	0.9114326239607212	0.773109243697479	0.7805322128851541	0.7905978180745982	0.9901960784313726	Weight-only
CCC1OC(=O)C(C)C(OC2CC(C)(OC)C(O)C(C)O2)C(C)C(OC2OC(C)CC(N(C)C)C2O)C(C)(OC)CC(C)C(=O)C(C)C(O)C1(C)O	1	1	0.6381929	3	0.914605798948521	0.7719298245614035	0.7796796338672769	0.7865101562279287	0.9895833333333334	Weight-only
CCCC(CCC)C(=O)O	0	0	0.4694426	3	0.9152075633888728	0.7105263157894737	0.7466507177033493	0.7560757955494798	1.0	Weight-only
CCCC(NC(C)C(=O)N1C(C(=O)O)CC2CCCCC21)C(=O)OCC	1	1	0.74492824	3	0.8749929172895292	0.19642857142857142	0.20908521303258146	0.30295791562238933	1.0	Weight-only
CCCCCCCCCCCC(CC1OC(=O)C1CCCCCC)OC(=O)C(CC(C)C)NC=O	0	0	0.3900542	3	0.8967599428139429	0.6933333333333334	0.7144126984126984	0.7328004079811308	1.0	Weight-only
CCCCCN(C)CCC(O)(P(=O)(O)O)P(=O)(O)O	0	1	0.6946799	3	0.9294877756352251	0.7333333333333333	0.7511111111111111	0.7650643551352772	1.0	Weight-only
CCCCCOC(=O)Nc1nc(=O)n(C2OC(C)C(O)C2O)cc1F	1	0	0.30534366	3	0.8777641412387279	0.7662337662337663	0.7673668796956468	0.7741476350980044	0.9841269841269841	Weight-only
CCCCc1oc2ccc(NS(C)(=O)=O)cc2c1C(=O)c1ccc(OCCCN(CCCC)CCCC)cc1	1	1	0.8759024	3	0.885928285880511	0.6231884057971014	0.6387779083431258	0.6803821212516865	1.0	Weight-only
CCCCc1oc2ccccc2c1C(=O)c1cc(I)c(OCCN(CC)CC)c(I)c1	1	1	0.71215236	3	0.8820423028167237	0.6865671641791045	0.753382349854105	0.762193494975143	1.0	Weight-only
CCCNS(=O)(=O)Nc1ncnc(OCCOc2ncc(Br)cn2)c1-c1ccc(Br)cc1	1	1	0.5571617	3	0.9088399784256487	0.775	0.7766279069767442	0.7801955404581482	1.0	Weight-only
CCCS(=O)(=O)Nc1ccc(F)c(C(=O)c2c[nH]c3ncc(-c4ccc(Cl)cc4)cc23)c1F	1	1	0.64657485	3	0.8837798736923832	0.7407407407407407	0.763928264258453	0.7709645302674654	1.0	Weight-only
CCN(CC)CCCC(C)Nc1ccnc2cc(Cl)ccc12	1	1	0.7960446	3	0.8934284105811544	0.14	0.36956998556998555	0.5377681577681578	1.0	Weight-only
CCN(CC)CCNC(=O)c1cc(Cl)c(N)cc1OC	0	1	0.6858073	3	0.8840974139857758	0.6363636363636364	0.6779045515887622	0.7102059733638683	1.0	Weight-only
CCN1CCN(C(=O)NC(C(=O)NC2C(=O)N3C2SC(C)(C)C3C(=O)O)c2ccccc2)C(=O)C1=O	0	0	0.30366445	3	0.8650693249905275	0.4375	0.695612676056338	0.725739741479178	0.9864864864864865	Weight-only
CCN1CCN(Cc2ccc(Nc3ncc(F)c(-c4cc(F)c5nc(C)n(C(C)C)c5c4)n3)nc2)CC1	1	0	0.46378267	3	0.8953882955674813	0.7676767676767676	0.7743315508021389	0.7796758434013336	1.0	Weight-only
CCNC1CC(C)S(=O)(=O)c2sc(S(N)(=O)=O)cc21	0	1	0.59477895	3	0.9025875018467937	0.7666666666666667	0.7760469667318983	0.7861010813740893	1.0	Weight-only
CCNC1CN(CCCOC)S(=O)(=O)c2sc(S(N)(=O)=O)cc21	1	1	0.59367985	3	0.8939213828190932	0.7529411764705882	0.7741927409261578	0.7833637832731527	1.0	Weight-only
CCOc1cc(C(CS(C)(=O)=O)N2C(=O)c3cccc(NC(C)=O)c3C2=O)ccc1OC	0	1	0.50484514	3	0.876093333240911	0.7261904761904762	0.7426910299003322	0.7540177964290572	0.9857142857142858	Weight-only
CCOc1ccc(Cc2cc(C34OCC(CO)(O3)C(O)C(O)C4O)ccc2Cl)cc1	1	0	0.41424772	3	0.8863415962273846	0.7840909090909091	0.788818114503046	0.7942712516300889	0.9846153846153847	Weight-only
CCOc1ccc(Cc2cc(C3OC(CO)C(O)C(O)C3O)ccc2Cl)cc1	1	1	0.5151267	3	0.88816141814531	0.7671232876712328	0.7719789546694897	0.7750078496801313	1.0	Weight-only
CCc1cc(C(C)=NOCc2ccc(C3CCCCC3)c(C(F)(F)F)c2)ccc1CN1CC(C(=O)O)C1	0	1	0.5411112	3	0.8774164190622349	0.7446808510638298	0.7635646806997904	0.7729645993176235	0.9861111111111112	Weight-only
CCc1nc(C(N)=O)c(Nc2ccc(N3CCC(N4CCN(C)CC4)CC3)c(OC)c2)nc1NC1CCOCC1	1	1	0.5582704	3	0.8713168739871769	0.6847826086956522	0.6877926421404682	0.6927070762794654	0.9880952380952381	Weight-only
CN(C)CCCC1(c2ccc(F)cc2)OCc2cc(C#N)ccc21	1	1	0.6889264	3	0.9043429993064007	0.7681159420289855	0.7699604743083004	0.7726139374105714	1.0	Weight-only
CN(C)N=Nc1[nH]cnc1C(N)=O	1	1	0.5765944	3	0.9001824171950158	0.782608695652174	0.782608695652174	0.7903381642512077	1.0	Weight-only
CNC(=O)c1cnn(-c2nc(N)c3ncn(C4OC(CO)C(O)C4O)c3n2)c1	1	0	0.19514227	3	0.8936100823014045	0.7662337662337663	0.7694176790950985	0.7765877694710419	1.0	Weight-only
CNCC(O)C(O)C(O)C(O)CO	1	1	0.715066	3	0.9354861217565211	0.6764705882352942	0.6947712418300653	0.7297968282920402	1.0	Weight-only
COC(=O)C=CC(=O)OC	0	1	0.5848522	3	0.9262710290970264	0.7647058823529411	0.8043300653594772	0.8101216412490923	1.0	Weight-only
COC(=O)OCOc1c2n(ccc1=O)N(C1c3ccccc3SCc3c1ccc(F)c3F)C1COCCN1C2=O	0	0	0.4019379	3	0.8737663318270911	0.7647058823529411	0.7710186513629841	0.7757555054542141	0.9878048780487805	Weight-only
COC1(C(=O)NC(C)c2ccc(-n3cc(F)cn3)nc2)CCC(c2nc(C)cc(Nc3cc(C)[nH]n3)n2)CC1	0	0	0.37829655	3	0.8817121456855148	0.7755102040816326	0.7845738196545692	0.7867731629479673	1.0	Weight-only
COCCCOc1cc(CC(CC(N)C(O)CC(C(=O)NCC(C)(C)C(N)=O)C(C)C)C(C)C)ccc1OC	1	0	0.3523673	3	0.885191470906652	0.7093023255813954	0.7268800966475386	0.7406809165714083	1.0	Weight-only
COCCCOc1ccnc(CS(=O)c2nc3ccccc3[nH]2)c1C	0	1	0.7416333	3	0.893462646662262	0.5428571428571428	0.6396383363471971	0.705055756479807	1.0	Weight-only
COCCOCCCCCC(=O)NCCCCC(N)C(=O)O	0	0	0.425027	3	0.9049358979631819	0.7017543859649122	0.7143836873105952	0.7319786072840844	1.0	Weight-only
CON=C(C(=O)NC1C(=O)N2C(C(=O)O)=C(COC(N)=O)CSC12)c1ccco1	1	0	0.41198197	3	0.8714578537071036	0.6902654867256637	0.7011893932977092	0.7201101465491906	1.0	Weight-only
CON=C(C(=O)NC1C(=O)N2C(C(=O)O)=C(CSc3nc(=O)c(=O)[nH]n3C)CSC12)c1csc(N)n1	1	0	0.49168232	3	0.8891989237972109	0.680327868852459	0.703718606833361	0.735070007911538	1.0	Weight-only
CON=C(C(=O)NC1C(=O)N2C(C(=O)[O-])=C(C[N+]3(C)CCCC3)CSC12)c1csc(N)n1	0	1	0.56709033	3	0.8911549241385305	0.625	0.6826923076923077	0.7336936755299382	1.0	Weight-only
COc1c2occc2cc2ccc(=O)oc12	1	0	0.35791737	3	0.9077888250743983	0.7941176470588235	0.8032311516155758	0.8106381926325292	1.0	Weight-only
COc1cc(Cc2cnc(N)nc2N)cc(OC)c1OC	0	0	0.4258101	3	0.9084555529063016	0.7681159420289855	0.7689776733254994	0.7716542629586107	1.0	Weight-only
COc1cc(N2CCC(N3CCN(C)CC3)CC2)ccc1Nc1ncc(Cl)c(Nc2ccccc2P(C)(C)=O)n1	0	1	0.57459056	3	0.8790926975851469	0.7127659574468085	0.7163193682825181	0.7221247349564963	1.0	Weight-only
COc1cc2c(cc1OC)C(=O)C(CC1CCN(Cc3ccccc3)CC1)C2	1	0	0.38267666	3	0.8650559121711987	0.7105263157894737	0.7172248803827752	0.7231687867117906	1.0	Weight-only
COc1cc2c(cc1OC)C1CC(=O)C(CC(C)C)CN1CC2	0	0	0.27298898	3	0.8869083977794346	0.7123287671232876	0.7200801871032407	0.7322054764420284	1.0	Weight-only
COc1cc2c(cc1OC)C1CC(OC(=O)C(N)C(C)C)C(CC(C)C)CN1CC2	0	0	0.3006341	3	0.8810247412192755	0.6931818181818182	0.7201298701298702	0.7463253800463104	1.0	Weight-only
COc1cc2c(cc1OC)CC(=O)N(CCCN(C)CC1Cc3cc(OC)c(OC)cc31)CC2	1	1	0.51059246	3	0.8929597331639363	0.7341772151898734	0.7418050304126254	0.748972546440901	1.0	Weight-only
COc1ccc(CC(C)(C)NCC(O)c2cc(O)cc3c2OCC(=O)N3)cc1	1	1	0.59752285	3	0.8766032701458094	0.7	0.7074999999999999	0.7231461947179247	0.9848484848484849	Weight-only
COc1ccc(Cl)cc1C(=O)NCCc1ccc(S(=O)(=O)NC(=O)NC2CCCCC2)cc1	0	1	0.5314095	3	0.8724185053669026	0.7142857142857143	0.7254786450662739	0.734197399676542	1.0	Weight-only
COc1ccc(OC)c(C(O)CNC(=O)CN)c1	1	1	0.8598805	3	0.8740232513284701	0.7068965517241379	0.7107050952135872	0.7182475884917341	1.0	Weight-only
COc1ccc2[nH]c(S(=O)Cc3ncc(C)c(OC)c3C)nc2c1	0	1	0.6361988	3	0.9011523679424015	0.4461538461538462	0.5824936827878004	0.6771567041904397	1.0	Weight-only
COc1ccc2c(OC3CC4C(=O)NC5(C(=O)NS(=O)(=O)C6CC6)CC5C=CCCCCN(C)C(=O)C4C3)cc(-c3nc(C(C)C)cs3)nc2c1C	0	1	0.659415	3	0.8915871901289019	0.8064516129032258	0.8080539742778831	0.8091717299497184	0.9904761904761905	Weight-only
COc1ccc2c(c1)c(CC(=O)O)c(C)n2C(=O)c1ccc(Cl)cc1	1	0	0.45763996	3	0.8778396292541194	0.6842105263157895	0.724937343358396	0.7391066048960786	1.0	Weight-only
COc1ccc2cc(C(C)C(=O)O)ccc2c1	0	1	0.5662676	3	0.876187637133444	0.575	0.5773684210526315	0.6201952621667162	1.0	Weight-only
COc1ccccc1OCC(O)CN1CCN(CC(=O)Nc2c(C)cccc2C)CC1	1	1	0.6235377	3	0.8588901978484522	0.5660377358490566	0.6007337526205451	0.6246626424733125	1.0	Weight-only
COc1ccccc1Oc1c(NS(=O)(=O)c2ccc(C(C)(C)C)cc2)nc(-c2ncccn2)nc1OCCO	1	1	0.81543076	3	0.8773519694047719	0.7283950617283951	0.737037037037037	0.7437787460663278	1.0	Weight-only
COc1nc(N)nc2c1ncn2C1OC(CO)C(O)C1O	0	0	0.30976018	3	0.8956690152701351	0.7761194029850746	0.7839512116835179	0.7900258054326421	1.0	Weight-only
CS(=O)(=O)OCCCCOS(C)(=O)=O	1	1	0.6873052	3	0.9434934879202344	0.7931034482758621	0.8095297805642634	0.8175548589341692	1.0	Weight-only
CS(=O)(=O)c1cccc(CC(NC(=O)c2c(Cl)cc3c(c2Cl)CCN(C(=O)c2ccc4ccoc4c2)C3)C(=O)O)c1	0	0	0.47591272	3	0.878770676602254	0.7395833333333334	0.7520833333333334	0.7623374704491724	1.0	Weight-only
Cc1c(O)c(=O)ccn1C	0	0	0.15945359	3	0.893745287591812	0.7419354838709677	0.7576612903225806	0.770886389360498	1.0	Weight-only
Cc1c(OCC(F)(F)F)ccnc1CS(=O)c1nc2ccccc2[nH]1	0	1	0.6345232	3	0.8926673519040942	0.5362318840579711	0.6375286041189933	0.7062696721814532	1.0	Weight-only
Cc1cc(C#N)cc(C)c1Oc1nc(Nc2ccc(C#N)cc2)nc(N)c1Br	0	0	0.46718305	3	0.9127640299985834	0.7682926829268293	0.7845898004434589	0.7900442842567686	1.0	Weight-only
Cc1cc(C)cc(OCC2CNC(=O)O2)c1	0	0	0.3384425	3	0.8889986607104039	0.7777777777777778	0.7873224043715847	0.7963358299576798	1.0	Weight-only
Cc1cc(C=CC#N)cc(C)c1Nc1ccnc(Nc2ccc(C#N)cc2)n1	0	0	0.2917912	3	0.9172972425369721	0.7752808988764045	0.7757567746199603	0.783073280514026	1.0	Weight-only
Cc1cc(Nc2ncc(Cl)c(Nc3ccccc3S(=O)(=O)C(C)C)n2)c(OC(C)C)cc1C1CCNCC1	1	1	0.69539297	3	0.8838850925071365	0.75	0.7509900990099009	0.7516501650165015	1.0	Weight-only
Cc1ccc(C(=O)Nc2ccc(CN3CCN(C)CC3)c(C(F)(F)F)c2)cc1C#Cc1cnc2cccnn12	1	0	0.43719235	3	0.8724771746100841	0.7307692307692307	0.7364207221350079	0.7427481698468443	0.9873417721518988	Weight-only
Cc1ccc(C2OC(CO)C(O)C(O)C2O)cc1Cc1ccc(-c2ccc(F)cc2)s1	1	0	0.44594392	3	0.8985595160648736	0.7865168539325843	0.8042601940915282	0.808058495628191	1.0	Weight-only
Cc1ccc(NC(=O)c2ccc(CN3CCN(C)CC3)cc2)cc1Nc1nccc(-c2cccnc2)n1	1	0	0.43221927	3	0.8678365874925645	0.71	0.7230297029702969	0.7330633584900439	1.0	Weight-only
Cc1ccc(Nc2nccc(N(C)c3ccc4c(C)n(C)nc4c3)n2)cc1S(N)(=O)=O	1	1	0.53016245	3	0.8961277048562603	0.7311827956989247	0.7460267505900866	0.7559655104191111	0.9866666666666667	Weight-only
Cc1cccc(Nc2ccncc2S(=O)(=O)NC(=O)NC(C)C)c1	1	0	0.4143917	3	0.8840790337438608	0.746268656716418	0.7466117687424945	0.7529045736496692	1.0	Weight-only
Cc1cn(-c2cc(NC(=O)c3ccc(C)c(Nc4nccc(-c5cccnc5)n4)c3)cc(C(F)(F)F)c2)cn1	1	0	0.27804202	3	0.8905064777895152	0.7340425531914894	0.7371997254632807	0.7419926790208191	1.0	Weight-only
Cc1cn(C2CC(N=[N+]=[N-])C(CO)O2)c(=O)[nH]c1=O	0	0	0.3365759	3	0.8970275968064382	0.7710843373493976	0.8021819837489492	0.8094333130816272	1.0	Weight-only
Cc1cn(C2CC(O)C(CO)O2)c(=O)[nH]c1=O	1	0	0.31134853	3	0.8877887482358733	0.7297297297297297	0.7662902338958676	0.7747080642992701	1.0	Weight-only
Cc1cnc(C(=O)NCCc2ccc(S(=O)(=O)NC(=O)NC3CCCCC3)cc2)cn1	0	0	0.45449305	3	0.8794829238863113	0.7368421052631579	0.7546785295620547	0.7643272783538227	1.0	Weight-only
Cc1nn(C)cc1S(=O)(=O)NC(=O)c1ccc(-n2ccc(OCC(C)(C)C(F)(F)F)n2)nc1N1CC(C)CC1(C)C	0	1	0.6162554	3	0.8809106397064705	0.7777777777777778	0.7785932721712538	0.7878849658666172	0.9873417721518988	Weight-only
Cc1nnc(SCC2=C(C(=O)O)N3C(=O)C(NC(=O)Cn4cnnn4)C3SC2)s1	1	0	0.42902407	3	0.8898465781075797	0.7017543859649122	0.725506401715674	0.7557080108317696	1.0	Weight-only
Cc1onc(-c2c(F)cccc2Cl)c1C(=O)NC1C(=O)N2C1SC(C)(C)C2C(=O)O	1	0	0.3906914	3	0.8752222889368894	0.5074626865671642	0.719182119170272	0.7453681885140616	0.9863013698630136	Weight-only
Cn1cc[nH]c1=S	1	0	0.27546796	3	0.9340164478329732	0.8108108108108109	0.8114864864864865	0.8170295295295296	1.0	Weight-only
Cn1ncnc1C1c2n[nH]c(=O)c3cc(F)cc(c23)NC1c1ccc(F)cc1	0	0	0.49559987	3	0.9000812735886322	0.7555555555555555	0.7659770114942528	0.775546145056127	1.0	Weight-only
Cn1nnc2c(C(N)=O)ncn2c1=O	0	0	0.24922858	3	0.8940841280515719	0.7115384615384616	0.7171735241502682	0.7342883214976239	1.0	Weight-only
N#CC1CC2CC2N1C(=O)C(N)C12CC3CC(CC(O)(C3)C1)C2	1	0	0.1608836	3	0.9303631582844318	0.5967741935483871	0.6903722084367246	0.7536255858836504	1.0	Weight-only
N=C1CCCN1Cc1[nH]c(=O)[nH]c(=O)c1Cl	0	0	0.25293615	3	0.9191721252959831	0.8076923076923077	0.8113759479956663	0.8163896265139015	1.0	Weight-only
NC(=O)CC(N)C(=O)O	0	0	0.30735022	3	0.9293242542612964	0.7058823529411765	0.7168627450980393	0.7290032679738563	1.0	Weight-only
NC(=O)NC(CCC(=O)O)C(=O)O	1	0	0.26220497	3	0.913297261265021	0.625	0.6567796610169492	0.6691580994720757	1.0	Weight-only
NC(=O)c1ncn(C2OC(CO)C(O)C2O)n1	1	0	0.13939884	3	0.8974513134490527	0.7894736842105263	0.7968113441122406	0.8010735240731113	1.0	Weight-only
NC(C(=O)O)C(O)c1ccc(O)c(O)c1	0	0	0.19748133	3	0.8945904758443889	0.5294117647058824	0.5597523219814241	0.5865583075335397	1.0	Weight-only
NC(CC(=O)N1CCn2c(nnc2C(F)(F)F)C1)Cc1cc(F)c(F)cc1F	1	0	0.1877131	3	0.8903316751871653	0.7906976744186046	0.7910852713178294	0.794005706287683	0.9705882352941176	Weight-only
NC(Cc1cc(I)c(Oc2cc(I)c(O)c(I)c2)c(I)c1)C(=O)O	1	0	0.25497645	3	0.8855713316856988	0.7142857142857143	0.7251231527093596	0.736922355148956	1.0	Weight-only
NC(Cc1cc(I)c(Oc2ccc(O)c(I)c2)c(I)c1)C(=O)O	1	0	0.18758242	3	0.8875865331147074	0.7058823529411765	0.7224972320440016	0.7366060901506716	1.0	Weight-only
NC(Cc1ccc(N(CCCl)CCCl)cc1)C(=O)O	1	0	0.41693556	3	0.8858401701879306	0.4634146341463415	0.5416851441241686	0.5983064454468996	1.0	Weight-only
NC(Cc1ccc(O)c(O)c1)C(=O)O	0	0	0.13014276	3	0.8802022251615628	0.5263157894736842	0.5509394328393045	0.594515901126941	1.0	Weight-only
NCC(CC(=O)O)c1ccc(Cl)cc1	0	0	0.25379983	3	0.8836517900299891	0.6730769230769231	0.691025641025641	0.7075776526996038	1.0	Weight-only
NCC1(CC(=O)O)CCCCC1	0	0	0.35169542	3	0.9195565559717302	0.55	0.6733333333333333	0.7151438353119024	1.0	Weight-only
NCCCC(O)(P(=O)(O)O)P(=O)(O)O	0	0	0.2276308	3	0.9434729134808314	0.7027027027027027	0.7515448952789108	0.7850078670256817	1.0	Weight-only
NCCCNCCSP(=O)(O)O	1	0	0.28382844	3	0.9441916846425971	0.8	0.8181132075471698	0.8317800647989327	1.0	Weight-only
NNc1nncc2ccccc12	1	0	0.3800485	3	0.9134555448040843	0.7619047619047619	0.7672619047619048	0.7758637966971301	1.0	Weight-only
Nc1cccc2c1C(=O)N(C1CCC(=O)NC1=O)C2=O	0	0	0.12700592	3	0.8896530166971658	0.7575757575757576	0.7580102096231128	0.7610122341305137	1.0	Weight-only
Nc1cccc2c1CN(C1CCC(=O)NC1=O)C2=O	1	0	0.18769248	3	0.8952660753782254	0.7678571428571429	0.7732142857142857	0.7795947108447109	1.0	Weight-only
Nc1ccn(C2CSC(CO)O2)c(=O)n1	1	0	0.35602993	3	0.8869911852768959	0.7837837837837838	0.7886376172090458	0.7932340503769075	1.0	Weight-only
Nc1ccn(C2OC(CO)C(O)C2(F)F)c(=O)n1	1	0	0.21322633	3	0.8908030641185816	0.7875	0.7952926421404681	0.7995053859184293	0.9818181818181818	Weight-only
Nc1ccn(C2OC(CO)C(O)C2O)c(=O)n1	1	0	0.16659972	3	0.8919452588672262	0.7763157894736842	0.7906373075546007	0.7961968413096232	1.0	Weight-only
Nc1nc(=O)c2ncn(COC(CO)CO)c2[nH]1	0	0	0.37882268	3	0.8998078009924702	0.32608695652173914	0.4889855072463768	0.6072975966774968	1.0	Weight-only
Nc1nc(=O)n(C2CSC(CO)O2)cc1F	0	0	0.27077702	3	0.8940978553826459	0.775	0.7861341734618236	0.7905423770694342	0.9821428571428571	Weight-only
Nc1nc(Cl)nc2c1ncn2C1CC(O)C(CO)O1	0	0	0.3802436	3	0.8987550807316471	0.7727272727272727	0.7816386865167353	0.7943627623505671	1.0	Weight-only
Nc1nc(Cl)nc2c1ncn2C1OC(CO)C(O)C1F	1	0	0.18750629	3	0.9078866895595753	0.7971014492753623	0.7996245059288537	0.805346947738252	0.9827586206896551	Weight-only
Nc1nc(F)nc2c1ncn2C1OC(CO)C(O)C1O	1	0	0.19604683	3	0.9067886390051964	0.759493670886076	0.7836435747025435	0.7930811187371853	0.9821428571428571	Weight-only
Nc1nc(NC2CC2)c2ncn(C3C=CC(CO)C3)c2n1	1	0	0.28973052	3	0.9041099681675412	0.7971014492753623	0.7990942028985508	0.8072045743923904	1.0	Weight-only
Nc1nc2ccc(OC(F)(F)F)cc2s1	1	1	0.62570965	3	0.9202393827505948	0.7575757575757576	0.7582491582491583	0.7804146239201013	1.0	Weight-only
Nc1ncn(C2CC(O)C(CO)O2)c(=O)n1	1	0	0.36577997	3	0.88764187576732	0.7297297297297297	0.7475588491717524	0.7593964932674608	1.0	Weight-only
Nc1ncn(C2OC(CO)C(O)C2O)c(=O)n1	1	0	0.18201776	3	0.8991518589113523	0.76	0.7745	0.7921090534979425	1.0	Weight-only
O=C(NCC1CCCCN1)c1cc(OCC(F)(F)F)ccc1OCC(F)(F)F	1	0	0.41270173	3	0.8750191745568039	0.7230769230769231	0.7311434511434511	0.7389204984710602	0.9818181818181818	Weight-only
O=C(O)CC(O)(CC(=O)O)C(=O)O	0	0	0.24162799	3	0.9334833910901852	0.65	0.7522718052738335	0.7758867386656432	1.0	Weight-only
O=C([O-])O	0	0	0.32063478	3	0.9475779129219141	0.375	0.598529411764706	0.6700752193718946	1.0	Weight-only
O=C(c1ccc(F)c(F)c1Nc1ccc(I)cc1F)N1CC(O)(C2CCCCN2)C1	1	0	0.16066644	3	0.8948364520962608	0.7472527472527473	0.758877964141122	0.7675053017158279	0.9868421052631579	Weight-only
O=C1C=CC(=O)c2c1c(O)c1c(NCCNCCO)ccc(NCCNCCO)c1c2O	1	0	0.16161579	3	0.9059790532655339	0.8275862068965517	0.8281306715063522	0.8299556362169792	1.0	Weight-only
O=C1CCC(N2C(=O)c3ccccc3C2=O)C(=O)N1	1	0	0.22371516	3	0.8869819465839903	0.7222222222222222	0.7404054974556237	0.7474318049266961	1.0	Weight-only
O=C1CCc2cc(OCCCCc3nnnn3C3CCCCC3)ccc2N1	1	1	0.53745556	3	0.8885194595248554	0.6153846153846154	0.679343128781331	0.7269396941544561	0.9855072463768116	Weight-only
O=C1NC(O)CCN1C1OC(CO)C(O)C1(F)F	0	0	0.18702179	3	0.9037659681188088	0.7941176470588235	0.8005738880918221	0.8041147040429679	0.9841269841269841	Weight-only
O=C1OCCN1N=Cc1ccc([N+](=O)[O-])o1	1	0	0.1433316	3	0.9159515207536318	0.8194444444444444	0.8210784313725489	0.823973741543401	1.0	Weight-only
O=C1c2cccc3c2C(CCC3)CN1C1CN2CCC1CC2	1	0	0.1379652	3	0.9003733211363354	0.696969696969697	0.7181818181818181	0.7403877484522646	1.0	Weight-only
O=P(O)(O)C(O)(Cn1ccnc1)P(=O)(O)O	0	0	0.19866917	3	0.9260300335742961	0.6341463414634146	0.7012721186035389	0.7477320384063568	1.0	Weight-only
O=c1[nH]c(=O)n(C2CC(O)C(CO)O2)cc1C(F)(F)F	0	0	0.37211013	3	0.8984813743199775	0.775	0.7876574633304573	0.7949623984064593	0.9791666666666666	Weight-only
O=c1[nH]c(O)cn1N=Cc1ccc([N+](=O)[O-])o1	0	0	0.14935115	3	0.9098010923663065	0.8028169014084507	0.8074044265593561	0.8150758718980549	1.0	Weight-only
O=c1[nH]cc(F)c(=O)[nH]1	1	0	0.29715925	3	0.9343162668359537	0.8055555555555556	0.817878787878788	0.8277296777296776	1.0	Weight-only
OCC(O)C(O)C(O)C(O)CO	0	1	0.6084594	3	0.9540208411767747	0.7692307692307693	0.8063461538461538	0.8160307359958864	1.0	Weight-only
OCC1OC(O)C(O)C(O)C1O	1	0	0.4553473	3	0.9536820741860398	0.7666666666666667	0.7923886639676114	0.82258590849135	1.0	Weight-only
OCC1OC(c2ccc(Cl)c(Cc3ccc(OC4CCOC4)cc3)c2)C(O)C(O)C1O	1	0	0.42795143	3	0.8972791845532367	0.7572815533980582	0.7721771512169171	0.7845940997876885	1.0	Weight-only
C=C1C(CO)C(O)CC1n1cnc2c(=O)[nH]c(N)nc21	1	0	0.3017899	3	0.8917865199782467	0.6612903225806451	0.6995088572586606	0.7288886769610611	1.0	Weight-only
C=C1CC2CCC34CC5OC6C(OC7CCC(CC(=O)CC8C(CC9OC(CCC1O2)CC(C)C9=C)OC(CC(O)CN)C8OC)OC7C6O3)C5O4	0	0	0.45242232	3	0.9187178514020138	0.8253968253968254	0.8291830493665356	0.8354227759287531	1.0	Weight-only
C=CC(=O)Nc1cc(Nc2nccc(-c3cn(C)c4ccccc34)n2)c(OC)cc1N(C)CCN(C)C	1	0	0.41980794	3	0.8716589255240469	0.26744186046511625	0.44083894805477064	0.5721048454887727	1.0	Weight-only
C=CC1=C(C(=O)O)N2C(=O)C(NC(=O)C(=NO)c3csc(N)n3)C2SC1	0	0	0.19588962	3	0.8994822059871548	0.5747126436781609	0.6731862563341986	0.7161949087301877	1.0	Weight-only
C=CC1CN2CCC1CC2C(O)c1ccnc2ccc(OC)cc12	1	1	0.5502155	3	0.8858131223487843	0.75	0.7512987012987014	0.7538295038295039	1.0	Weight-only
C=c1c(C(=O)NCCN(CC)CC)c(C)[nH]c1=Cc1c(O)[nH]c2ccc(F)cc12	0	0	0.40185544	3	0.8873468226977367	0.7534246575342466	0.7656911581569117	0.7744099507798138	0.9859154929577465	Weight-only
CC(=CC(=O)OCCCCCCCCC(=O)O)CC1OCC(CC2OC2C(C)C(C)O)C(O)C1O	0	0	0.32536286	3	0.9111436055593077	0.7469879518072289	0.761829134720701	0.773592132689195	0.9894736842105263	Weight-only
CC(=O)CC(c1ccccc1)c1c(O)c2ccccc2oc1=O	1	0	0.1129033	3	0.872231680239452	0.7377049180327869	0.7386229508196722	0.7396947427925382	1.0	Weight-only
CC(=O)N1CCN(c2ccc(OCC3COC(Cn4ccnc4)(c4ccc(Cl)cc4Cl)O3)cc2)CC1	0	0	0.38086146	3	0.876689231290988	0.76	0.7686666666666667	0.7707497013142175	0.9875	Weight-only
CC(=O)NC(CS)C(=O)O	1	0	0.48663163	3	0.9145386550218841	0.6585365853658537	0.7076219512195122	0.7425551244148806	1.0	Weight-only
CC(=O)Nc1cccc(-n2c(=O)n(C3CC3)c(=O)c3c(Nc4ccc(I)cc4F)n(C)c(=O)c(C)c32)c1	1	0	0.20078632	3	0.8872501308609273	0.7640449438202247	0.7724653047121908	0.7741251612191399	0.9873417721518988	Weight-only
CC(C)(C)NCC(O)COc1nsnc1N1CCOCC1	0	1	0.58150935	3	0.8936157328938764	0.6	0.6184615384615384	0.6777050906083164	0.9827586206896551	Weight-only
CC(C)(C)c1nc(-c2cccc(NS(=O)(=O)c3c(F)cccc3F)c2F)c(-c2ccnc(N)n2)s1	0	0	0.29162487	3	0.9041001331624142	0.7373737373737373	0.7575036075036075	0.7753889792896884	1.0	Weight-only
CC(C)(CCCCCC(O)CCCCCC(C)(C)C(=O)O)C(=O)O	0	0	0.33374605	3	0.9154334852673209	0.7586206896551724	0.7750763036560817	0.7777354803509398	1.0	Weight-only
CC(C)(ON=C(C(=O)NC1C(=O)N2C(C(=O)[O-])=C(C[n+]3ccccc3)CSC12)c1csc(N)n1)C(=O)O	0	0	0.31121585	3	0.8858117348158038	0.6017699115044248	0.64621046175414	0.6985108548769622	0.9873417721518988	Weight-only
CC(C)(S)C(N)C(=O)O	1	0	0.1377663	3	0.9252351161932816	0.7419354838709677	0.7645248710551622	0.7760124448673491	1.0	Weight-only
CC(C)C(N)C(=O)OCC(CO)OCn1cnc2c(=O)[nH]c(N)nc21	0	0	0.38183528	3	0.8927800750239449	0.6153846153846154	0.681559536354057	0.7297053603964485	1.0	Weight-only
CC(C)C(N)C(=O)OCCOCn1cnc2c(=O)[nH]c(N)nc21	0	0	0.4007918	3	0.8872893191879228	0.5172413793103449	0.6103448275862069	0.6854856885282848	1.0	Weight-only
CC(C)CC(CN)CC(=O)O	0	0	0.44682917	3	0.9146594311794564	0.7631578947368421	0.7662280701754387	0.7691787338717163	1.0	Weight-only
CC(C)Cn1cnc2c(N)nc3ccccc3c21	0	0	0.45349926	3	0.8889725531750245	0.7450980392156863	0.7480392156862745	0.7534080298786181	1.0	Weight-only
CC(C)Nc1nc2cc(Cl)c(Cl)cc2n1C1OC(CO)C(O)C1O	0	0	0.49245337	3	0.8951087304959362	0.7848101265822784	0.7900350121195799	0.7988490391925258	1.0	Weight-only
CC(C)OC(=O)C(C)NP(=O)(COC(C)Cn1cnc2c(N)ncnc21)Oc1ccccc1	0	1	0.6093059	3	0.8771789928938543	0.7473684210526316	0.7557894736842105	0.7633276740237691	1.0	Weight-only
CC(C)OC(=O)C(C)NP(=O)(OCC1OC(n2ccc(=O)[nH]c2=O)C(C)(F)C1O)Oc1ccccc1	1	0	0.3963709	3	0.8754995180010279	0.7865168539325843	0.7870616275110658	0.7875436453096731	0.9864864864864865	Weight-only
CC(C)OC(=O)OCOP(=O)(COC(C)Cn1cnc2c(N)ncnc21)OCOC(=O)OC(C)C	0	0	0.4709833	3	0.8991782633896319	0.7837837837837838	0.7911493911493912	0.7960597960597959	1.0	Weight-only
CC(CN(C)C)CN1c2ccccc2CCc2ccccc21	1	0	0.32099912	3	0.8859192076325196	0.46153846153846156	0.5221153846153846	0.565688564235076	1.0	Weight-only
CC(Cn1cnc2c(N)ncnc21)OCP(=O)(O)O	0	0	0.3742146	3	0.8984474766308715	0.75	0.7670731707317074	0.7801006581494386	1.0	Weight-only
CC1(C)SC2C(NC(=O)C(N)c3ccc(O)cc3)C(=O)N2C1C(=O)O	0	0	0.11736183	3	0.8802010588010165	0.42857142857142855	0.6757142857142857	0.7118786992198008	1.0	Weight-only
CC1(C)SC2C(NC(=O)C(N)c3ccccc3)C(=O)N2C1C(=O)O	0	0	0.16344959	3	0.8686537005282221	0.34615384615384615	0.6521983763363073	0.6961060650715822	1.0	Weight-only
CC1(C)SC2C(NC(=O)COc3ccccc3)C(=O)N2C1C(=O)O	0	0	0.42337757	3	0.8603755440581142	0.26	0.626822862541332	0.6851070697527948	1.0	Weight-only
CC12CCC3c4ccc(O)cc4CC(CCCCCCCCCS(=O)CCCC(F)(F)C(F)(F)F)C3C1CCC2O	0	0	0.38776332	3	0.8873463460918158	0.5507246376811594	0.5971014492753624	0.6519814010794259	0.9859154929577465	Weight-only
CC1=C(C(=O)O)N2C(=O)C(NC(=O)C(N)c3ccccc3)C2SC1	0	0	0.114593536	3	0.8628095472504331	0.6818181818181818	0.714449079401611	0.7245965620174482	1.0	Weight-only
CC1CNc2c(cccc2S(=O)(=O)NC(CCCN=C(N)N)C(=O)N2CCC(C)CC2C(=O)O)C1	1	1	0.507327	3	0.8722676212683577	0.6923076923076923	0.6967032967032967	0.7017606049864116	1.0	Weight-only
CC1OC(OC2C(O)CC(OC3C(O)CC(OC4CCC5(C)C(CCC6C5CC(O)C5(C)C(C7=CC(=O)OC7)CCC65O)C4)OC3C)OC2C)CC(O)C1O	1	1	0.52396226	3	0.9103034647288484	0.7634408602150538	0.7700822264389626	0.7733380752356084	1.0	Weight-only
CCC(=O)NCC1CC1c1cccc2c1CCO2	0	0	0.45678455	3	0.8685935298075593	0.7272727272727273	0.7336609336609335	0.7424832902360992	1.0	Weight-only
CCC(C(C)O)n1ncn(-c2ccc(N3CCN(c4ccc(OCC5COC(Cn6cncn6)(c6ccc(F)cc6F)C5)cc4)CC3)cc2)c1=O	1	0	0.48905212	3	0.8833162423544594	0.7029702970297029	0.7132607260726072	0.7244106623051686	0.9886363636363636	Weight-only
CCC(C)n1ncn(-c2ccc(N3CCN(c4ccc(OCC5COC(Cn6cncn6)(c6ccc(Cl)cc6Cl)O5)cc4)CC3)cc2)c1=O	1	0	0.37201634	3	0.8899130655294896	0.7830188679245284	0.7865436718743185	0.7898126219407589	1.0	Weight-only
CCC(CC)COC(=O)C(C)NP(=O)(OCC1OC(C#N)(c2ccc3c(N)ncnn23)C(O)C1O)Oc1ccccc1	1	1	0.5352219	3	0.8807377076083175	0.7884615384615384	0.7914102564102563	0.7952279202279201	1.0	Weight-only
CCC(Nc1ncnc2[nH]cnc12)c1nc2cccc(F)c2c(=O)n1-c1ccccc1	1	0	0.30669165	3	0.8868301669358634	0.7375	0.7559020618556701	0.7694195098364575	0.9859154929577465	Weight-only
CCC1=C(C)CN(C(=O)NCCc2ccc(S(=O)(=O)NC(=O)NC3CCC(C)CC3)cc2)C1=O	1	0	0.34895498	3	0.8863740365902804	0.7590361445783133	0.7695850066934404	0.7784388583139141	1.0	Weight-only
CCC1=CC2CN(C1)Cc1c([nH]c3ccccc13)C(C(=O)OC)(c1cc3c(cc1OC)N(C)C1C(O)(C(=O)OC)C(OC(C)=O)C4(CC)C=CCN5CCC31C54)C2	1	1	0.6861882	3	0.8889303160427295	0.7559055118110236	0.7597392539047372	0.7636830755757771	0.9910714285714286	Weight-only
CCC1OC(=O)C(C)C(OC2CC(C)(OC)C(O)C(C)O2)C(C)C(OC2OC(C)CC(N(C)C)C2O)C(C)(O)CC(C)C(=O)C(C)C(O)C1(C)O	0	1	0.5953112	3	0.9155199245644802	0.7758620689655172	0.7834659593280282	0.7890646802761541	0.9897959183673469	Weight-only
CCC1OC(=O)C(C)C(OC2CC(C)(OC)C(O)C(C)O2)C(C)C(OC2OC(C)CC(N(C)C)C2O)C(C)(O)CC(C)CN(C)C(C)C(O)C1(C)O	1	0	0.3814203	3	0.9114326239607212	0.773109243697479	0.7805322128851541	0.7905978180745982	0.9901960784313726	Weight-only
CCC1OC(=O)C(C)C(OC2CC(C)(OC)C(O)C(C)O2)C(C)C(OC2OC(C)CC(N(C)C)C2O)C(C)(OC)CC(C)C(=O)C(C)C(O)C1(C)O	0	1	0.6182955	3	0.914605798948521	0.7719298245614035	0.7796796338672769	0.7865101562279287	0.9895833333333334	Weight-only
CCCC(CCC)C(=O)O	0	0	0.43336087	3	0.9152075633888728	0.7105263157894737	0.7466507177033493	0.7560757955494798	1.0	Weight-only
CCCC(NC(C)C(=O)N1C(C(=O)O)CC2CCCCC21)C(=O)OCC	0	1	0.7273864	3	0.8749929172895292	0.19642857142857142	0.20908521303258146	0.30295791562238933	1.0	Weight-only
CCCCCCCCCCCC(CC1OC(=O)C1CCCCCC)OC(=O)C(CC(C)C)NC=O	0	0	0.36339745	3	0.8967599428139429	0.6933333333333334	0.7144126984126984	0.7328004079811308	1.0	Weight-only
CCCCCN(C)CCC(O)(P(=O)(O)O)P(=O)(O)O	0	1	0.6766292	3	0.9294877756352251	0.7333333333333333	0.7511111111111111	0.7650643551352772	1.0	Weight-only
CCCCCOC(=O)Nc1nc(=O)n(C2OC(C)C(O)C2O)cc1F	1	0	0.28196716	3	0.8777641412387279	0.7662337662337663	0.7673668796956468	0.7741476350980044	0.9841269841269841	Weight-only
CCCCc1oc2ccc(NS(C)(=O)=O)cc2c1C(=O)c1ccc(OCCCN(CCCC)CCCC)cc1	1	1	0.86711204	3	0.885928285880511	0.6231884057971014	0.6387779083431258	0.6803821212516865	1.0	Weight-only
CCCCc1oc2ccccc2c1C(=O)c1cc(I)c(OCCN(CC)CC)c(I)c1	1	1	0.69480926	3	0.8820423028167237	0.6865671641791045	0.753382349854105	0.762193494975143	1.0	Weight-only
CCCNS(=O)(=O)Nc1ncnc(OCCOc2ncc(Br)cn2)c1-c1ccc(Br)cc1	1	1	0.53751713	3	0.9088399784256487	0.775	0.7766279069767442	0.7801955404581482	1.0	Weight-only
CCCS(=O)(=O)Nc1ccc(F)c(C(=O)c2c[nH]c3ncc(-c4ccc(Cl)cc4)cc23)c1F	0	1	0.6191101	3	0.8837798736923832	0.7407407407407407	0.763928264258453	0.7709645302674654	1.0	Weight-only
CCN(CC)CCCC(C)Nc1ccnc2cc(Cl)ccc12	1	1	0.7835331	3	0.8934284105811544	0.14	0.36956998556998555	0.5377681577681578	1.0	Weight-only
CCN(CC)CCNC(=O)c1cc(Cl)c(N)cc1OC	1	1	0.6683857	3	0.8840974139857758	0.6363636363636364	0.6779045515887622	0.7102059733638683	1.0	Weight-only
CCN1CCCC1CNC(=O)c1cc(S(=O)(=O)CC)c(N)cc1OC	1	0	0.45493317	3	0.8696267072930808	0.6931818181818182	0.7095799769850403	0.7238483599611063	1.0	Weight-only
CCN1CCN(C(=O)NC(C(=O)NC2C(=O)N3C2SC(C)(C)C3C(=O)O)c2ccccc2)C(=O)C1=O	1	0	0.27700564	3	0.8650693249905275	0.4375	0.695612676056338	0.725739741479178	0.9864864864864865	Weight-only
CCN1CCN(Cc2ccc(Nc3ncc(F)c(-c4cc(F)c5nc(C)n(C(C)C)c5c4)n3)nc2)CC1	0	0	0.44033247	3	0.8953882955674813	0.7676767676767676	0.7743315508021389	0.7796758434013336	1.0	Weight-only
CCNC1CC(C)S(=O)(=O)c2sc(S(N)(=O)=O)cc21	0	1	0.5657853	3	0.9025875018467937	0.7666666666666667	0.7760469667318983	0.7861010813740893	1.0	Weight-only
CCNC1CN(CCCOC)S(=O)(=O)c2sc(S(N)(=O)=O)cc21	0	1	0.56898844	3	0.8939213828190932	0.7529411764705882	0.7741927409261578	0.7833637832731527	1.0	Weight-only
CCOc1cc(C(CS(C)(=O)=O)N2C(=O)c3cccc(NC(C)=O)c3C2=O)ccc1OC	0	0	0.47298354	3	0.876093333240911	0.7261904761904762	0.7426910299003322	0.7540177964290572	0.9857142857142858	Weight-only
CCOc1ccc(Cc2cc(C34OCC(CO)(O3)C(O)C(O)C4O)ccc2Cl)cc1	1	0	0.39206147	3	0.8863415962273846	0.7840909090909091	0.788818114503046	0.7942712516300889	0.9846153846153847	Weight-only
CCOc1ccc(Cc2cc(C3OC(CO)C(O)C(O)C3O)ccc2Cl)cc1	0	0	0.49281216	3	0.88816141814531	0.7671232876712328	0.7719789546694897	0.7750078496801313	1.0	Weight-only
CCc1cc(C(C)=NOCc2ccc(C3CCCCC3)c(C(F)(F)F)c2)ccc1CN1CC(C(=O)O)C1	1	1	0.5118025	3	0.8774164190622349	0.7446808510638298	0.7635646806997904	0.7729645993176235	0.9861111111111112	Weight-only
CN(C)CCCC1(c2ccc(F)cc2)OCc2cc(C#N)ccc21	1	1	0.669087	3	0.9043429993064007	0.7681159420289855	0.7699604743083004	0.7726139374105714	1.0	Weight-only
CN(C)N=Nc1[nH]cnc1C(N)=O	1	1	0.5531986	3	0.9001824171950158	0.782608695652174	0.782608695652174	0.7903381642512077	1.0	Weight-only
CNC(=O)c1cnn(-c2nc(N)c3ncn(C4OC(CO)C(O)C4O)c3n2)c1	1	0	0.17881776	3	0.8936100823014045	0.7662337662337663	0.7694176790950985	0.7765877694710419	1.0	Weight-only
CNCC(O)C(O)C(O)C(O)CO	1	1	0.6860309	3	0.9354861217565211	0.6764705882352942	0.6947712418300653	0.7297968282920402	1.0	Weight-only
COC(=O)C=CC(=O)OC	0	1	0.5514493	3	0.9262710290970264	0.7647058823529411	0.8043300653594772	0.8101216412490923	1.0	Weight-only
COC(=O)C=CC(=O)OCCn1c(O)ccc1O	0	0	0.31722623	3	0.8708234935468059	0.7441860465116279	0.7503059975520197	0.7564682755265231	1.0	Weight-only
COC1(C(=O)NC(C)c2ccc(-n3cc(F)cn3)nc2)CCC(c2nc(C)cc(Nc3cc(C)[nH]n3)n2)CC1	0	0	0.35311496	3	0.8817121456855148	0.7755102040816326	0.7845738196545692	0.7867731629479673	1.0	Weight-only
COCCCOc1cc(CC(CC(N)C(O)CC(C(=O)NCC(C)(C)C(N)=O)C(C)C)C(C)C)ccc1OC	1	0	0.3298899	3	0.885191470906652	0.7093023255813954	0.7268800966475386	0.7406809165714083	1.0	Weight-only
COCCCOc1ccnc(CS(=O)c2nc3ccccc3[nH]2)c1C	1	1	0.7183486	3	0.893462646662262	0.5428571428571428	0.6396383363471971	0.705055756479807	1.0	Weight-only
COCCOCCCCCC(=O)NCCCCC(N)C(=O)O	0	0	0.4011429	3	0.9049358979631819	0.7017543859649122	0.7143836873105952	0.7319786072840844	1.0	Weight-only
CON=C(C(=O)NC1C(=O)N2C(C(=O)O)=C(COC(N)=O)CSC12)c1ccco1	1	0	0.37856698	3	0.8714578537071036	0.6902654867256637	0.7011893932977092	0.7201101465491906	1.0	Weight-only
CON=C(C(=O)NC1C(=O)N2C(C(=O)O)=C(CSc3nc(=O)c(=O)[nH]n3C)CSC12)c1csc(N)n1	1	0	0.45447677	3	0.8891989237972109	0.680327868852459	0.703718606833361	0.735070007911538	1.0	Weight-only
CON=C(C(=O)NC1C(=O)N2C(C(=O)[O-])=C(C[N+]3(C)CCCC3)CSC12)c1csc(N)n1	0	1	0.53801185	3	0.8911549241385305	0.625	0.6826923076923077	0.7336936755299382	1.0	Weight-only
COc1c2occc2cc2ccc(=O)oc12	1	0	0.32478756	3	0.9077888250743983	0.7941176470588235	0.8032311516155758	0.8106381926325292	1.0	Weight-only
COc1cc(CNC(=O)CCCCC=CC(C)C)ccc1O	0	0	0.31484842	3	0.872473758573447	0.7222222222222222	0.7242424242424242	0.7304768111219725	1.0	Weight-only
COc1cc(Cc2cnc(N)nc2N)cc(OC)c1OC	0	0	0.39947745	3	0.9084555529063016	0.7681159420289855	0.7689776733254994	0.7716542629586107	1.0	Weight-only
COc1cc(N2CCC(N3CCN(C)CC3)CC2)ccc1Nc1ncc(Cl)c(Nc2ccccc2P(C)(C)=O)n1	0	1	0.5694711	3	0.8790926975851469	0.7127659574468085	0.7163193682825181	0.7221247349564963	1.0	Weight-only
COc1cc2c(cc1OC)C(=O)C(CC1CCN(Cc3ccccc3)CC1)C2	1	0	0.35096633	3	0.8650559121711987	0.7105263157894737	0.7172248803827752	0.7231687867117906	1.0	Weight-only
COc1cc2c(cc1OC)C1CC(=O)C(CC(C)C)CN1CC2	0	0	0.248407	3	0.8869083977794346	0.7123287671232876	0.7200801871032407	0.7322054764420284	1.0	Weight-only
COc1cc2c(cc1OC)C1CC(OC(=O)C(N)C(C)C)C(CC(C)C)CN1CC2	0	0	0.27760488	3	0.8810247412192755	0.6931818181818182	0.7201298701298702	0.7463253800463104	1.0	Weight-only
COc1cc2c(cc1OC)CC(=O)N(CCCN(C)CC1Cc3cc(OC)c(OC)cc31)CC2	1	0	0.48662242	3	0.8929597331639363	0.7341772151898734	0.7418050304126254	0.748972546440901	1.0	Weight-only
COc1ccc(CC(C)(C)NCC(O)c2cc(O)cc3c2OCC(=O)N3)cc1	1	1	0.57273823	3	0.8766032701458094	0.7	0.7074999999999999	0.7231461947179247	0.9848484848484849	Weight-only
COc1ccc(Cl)cc1C(=O)NCCc1ccc(S(=O)(=O)NC(=O)NC2CCCCC2)cc1	1	1	0.5074741	3	0.8724185053669026	0.7142857142857143	0.7254786450662739	0.734197399676542	1.0	Weight-only
COc1ccc2[nH]c(S(=O)Cc3ncc(C)c(OC)c3C)nc2c1	1	1	0.6106274	3	0.9011523679424015	0.4461538461538462	0.5824936827878004	0.6771567041904397	1.0	Weight-only
COc1ccc2c(OC3CC4C(=O)NC5(C(=O)NS(=O)(=O)C6CC6)CC5C=CCCCCN(C)C(=O)C4C3)cc(-c3nc(C(C)C)cs3)nc2c1C	1	1	0.6322338	3	0.8915871901289019	0.8064516129032258	0.8080539742778831	0.8091717299497184	0.9904761904761905	Weight-only
COc1ccc2c(c1)c(CC(=O)O)c(C)n2C(=O)c1ccc(Cl)cc1	0	0	0.4289093	3	0.8778396292541194	0.6842105263157895	0.724937343358396	0.7391066048960786	1.0	Weight-only
COc1ccc2cc(C(C)C(=O)O)ccc2c1	0	1	0.53065395	3	0.876187637133444	0.575	0.5773684210526315	0.6201952621667162	1.0	Weight-only
COc1ccccc1OCC(O)CN1CCN(CC(=O)Nc2c(C)cccc2C)CC1	1	1	0.60406387	3	0.8588901978484522	0.5660377358490566	0.6007337526205451	0.6246626424733125	1.0	Weight-only
COc1ccccc1OCC(O)COC(N)=O	0	1	0.5636717	3	0.8614951185665576	0.34285714285714286	0.43986062717770036	0.5058362369337979	1.0	Weight-only
COc1ccccc1Oc1c(NS(=O)(=O)c2ccc(C(C)(C)C)cc2)nc(-c2ncccn2)nc1OCCO	1	1	0.8020921	3	0.8773519694047719	0.7283950617283951	0.737037037037037	0.7437787460663278	1.0	Weight-only
CS(=O)(=O)OCCCCOS(C)(=O)=O	1	1	0.6568337	3	0.9434934879202344	0.7931034482758621	0.8095297805642634	0.8175548589341692	1.0	Weight-only
CS(=O)(=O)c1cccc(CC(NC(=O)c2c(Cl)cc3c(c2Cl)CCN(C(=O)c2ccc4ccoc4c2)C3)C(=O)O)c1	0	0	0.44935158	3	0.878770676602254	0.7395833333333334	0.7520833333333334	0.7623374704491724	1.0	Weight-only
Cc1c(O)c(=O)ccn1C	0	0	0.1389813	3	0.893745287591812	0.7419354838709677	0.7576612903225806	0.770886389360498	1.0	Weight-only
Cc1c(OCC(F)(F)F)ccnc1CS(=O)c1nc2ccccc2[nH]1	0	1	0.6056846	3	0.8926673519040942	0.5362318840579711	0.6375286041189933	0.7062696721814532	1.0	Weight-only
Cc1cc(C#N)cc(C)c1Oc1nc(Nc2ccc(C#N)cc2)nc(N)c1Br	1	0	0.4424398	3	0.9127640299985834	0.7682926829268293	0.7845898004434589	0.7900442842567686	1.0	Weight-only
Cc1cc(C=CC#N)cc(C)c1Nc1ccnc(Nc2ccc(C#N)cc2)n1	0	0	0.27515703	3	0.9172972425369721	0.7752808988764045	0.7757567746199603	0.783073280514026	1.0	Weight-only
Cc1cc(Nc2ncc(Cl)c(Nc3ccccc3S(=O)(=O)C(C)C)n2)c(OC(C)C)cc1C1CCNCC1	1	1	0.6879181	3	0.8838850925071365	0.75	0.7509900990099009	0.7516501650165015	1.0	Weight-only
Cc1ccc(C(=O)Nc2ccc(CN3CCN(C)CC3)c(C(F)(F)F)c2)cc1C#Cc1cnc2cccnn12	1	0	0.40612888	3	0.8724771746100841	0.7307692307692307	0.7364207221350079	0.7427481698468443	0.9873417721518988	Weight-only
Cc1ccc(C)c(OCCCC(C)(C)C(=O)O)c1	1	0	0.26892862	3	0.8759427488832344	0.74	0.7456190476190476	0.7495522348849062	1.0	Weight-only
Cc1ccc(C2OC(CO)C(O)C(O)C2O)cc1Cc1ccc(-c2ccc(F)cc2)s1	0	0	0.40488195	3	0.8985595160648736	0.7865168539325843	0.8042601940915282	0.808058495628191	1.0	Weight-only
Cc1ccc(NC(=O)c2ccc(CN3CCN(C)CC3)cc2)cc1Nc1nccc(-c2cccnc2)n1	1	0	0.41060153	3	0.8678365874925645	0.71	0.7230297029702969	0.7330633584900439	1.0	Weight-only
Cc1ccc(Nc2nccc(N(C)c3ccc4c(C)n(C)nc4c3)n2)cc1S(N)(=O)=O	0	1	0.5122585	3	0.8961277048562603	0.7311827956989247	0.7460267505900866	0.7559655104191111	0.9866666666666667	Weight-only
Cc1cccc(Nc2ccncc2S(=O)(=O)NC(=O)NC(C)C)c1	1	0	0.38572532	3	0.8840790337438608	0.746268656716418	0.7466117687424945	0.7529045736496692	1.0	Weight-only
Cc1cn(-c2cc(NC(=O)c3ccc(C)c(Nc4nccc(-c5cccnc5)n4)c3)cc(C(F)(F)F)c2)cn1	1	0	0.2568481	3	0.8905064777895152	0.7340425531914894	0.7371997254632807	0.7419926790208191	1.0	Weight-only
Cc1cnc(C(=O)NCCc2ccc(S(=O)(=O)NC(=O)NC3CCCCC3)cc2)cn1	0	0	0.41696382	3	0.8794829238863113	0.7368421052631579	0.7546785295620547	0.7643272783538227	1.0	Weight-only
Cc1nn(C)cc1S(=O)(=O)NC(=O)c1ccc(-n2ccc(OCC(C)(C)C(F)(F)F)n2)nc1N1CC(C)CC1(C)C	0	1	0.5870438	3	0.8809106397064705	0.7777777777777778	0.7785932721712538	0.7878849658666172	0.9873417721518988	Weight-only
Cc1nnc(SCC2=C(C(=O)O)N3C(=O)C(NC(=O)Cn4cnnn4)C3SC2)s1	1	0	0.39533243	3	0.8898465781075797	0.7017543859649122	0.725506401715674	0.7557080108317696	1.0	Weight-only
Cn1cc[nH]c1=S	0	0	0.24573234	3	0.9340164478329732	0.8108108108108109	0.8114864864864865	0.8170295295295296	1.0	Weight-only
Cn1ncnc1C1c2n[nH]c(=O)c3cc(F)cc(c23)NC1c1ccc(F)cc1	1	0	0.46037722	3	0.9000812735886322	0.7555555555555555	0.7659770114942528	0.775546145056127	1.0	Weight-only
Cn1nnc2c(C(N)=O)ncn2c1=O	0	0	0.22755481	3	0.8940841280515719	0.7115384615384616	0.7171735241502682	0.7342883214976239	1.0	Weight-only
N#CC1CC2CC2N1C(=O)C(N)C12CC3CC(CC(O)(C3)C1)C2	1	0	0.14908358	3	0.9303631582844318	0.5967741935483871	0.6903722084367246	0.7536255858836504	1.0	Weight-only
N=C1CCCN1Cc1[nH]c(=O)[nH]c(=O)c1Cl	0	0	0.22840247	3	0.9191721252959831	0.8076923076923077	0.8113759479956663	0.8163896265139015	1.0	Weight-only
NC(=O)CC(N)C(=O)O	1	0	0.2816537	3	0.9293242542612964	0.7058823529411765	0.7168627450980393	0.7290032679738563	1.0	Weight-only
NC(=O)c1ncn(C2OC(CO)C(O)C2O)n1	1	0	0.12813954	3	0.8974513134490527	0.7894736842105263	0.7968113441122406	0.8010735240731113	1.0	Weight-only
NC(C(=O)O)C(O)c1ccc(O)c(O)c1	1	0	0.17711309	3	0.8945904758443889	0.5294117647058824	0.5597523219814241	0.5865583075335397	1.0	Weight-only
NC(CC(=O)N1CCn2c(nnc2C(F)(F)F)C1)Cc1cc(F)c(F)cc1F	1	0	0.16691013	3	0.8903316751871653	0.7906976744186046	0.7910852713178294	0.794005706287683	0.9705882352941176	Weight-only
NC(Cc1cc(I)c(Oc2cc(I)c(O)c(I)c2)c(I)c1)C(=O)O	1	0	0.22718604	3	0.8855713316856988	0.7142857142857143	0.7251231527093596	0.736922355148956	1.0	Weight-only
NC(Cc1cc(I)c(Oc2ccc(O)c(I)c2)c(I)c1)C(=O)O	1	0	0.16569701	3	0.8875865331147074	0.7058823529411765	0.7224972320440016	0.7366060901506716	1.0	Weight-only
NC(Cc1ccc(N(CCCl)CCCl)cc1)C(=O)O	1	0	0.39232737	3	0.8858401701879306	0.4634146341463415	0.5416851441241686	0.5983064454468996	1.0	Weight-only
NC(Cc1ccc(O)c(O)c1)C(=O)O	0	0	0.11309616	3	0.8802022251615628	0.5263157894736842	0.5509394328393045	0.594515901126941	1.0	Weight-only
NCC(CC(=O)O)c1ccc(Cl)cc1	0	0	0.22794229	3	0.8836517900299891	0.6730769230769231	0.691025641025641	0.7075776526996038	1.0	Weight-only
NCC1(CC(=O)O)CCCCC1	0	0	0.32518333	3	0.9195565559717302	0.55	0.6733333333333333	0.7151438353119024	1.0	Weight-only
NCCCC(O)(P(=O)(O)O)P(=O)(O)O	0	0	0.20748423	3	0.9434729134808314	0.7027027027027027	0.7515448952789108	0.7850078670256817	1.0	Weight-only
NNc1nncc2ccccc12	1	0	0.3500818	3	0.9134555448040843	0.7619047619047619	0.7672619047619048	0.7758637966971301	1.0	Weight-only
Nc1cccc2c1C(=O)N(C1CCC(=O)NC1=O)C2=O	0	0	0.11188856	3	0.8896530166971658	0.7575757575757576	0.7580102096231128	0.7610122341305137	1.0	Weight-only
Nc1cccc2c1CN(C1CCC(=O)NC1=O)C2=O	1	0	0.16874968	3	0.8952660753782254	0.7678571428571429	0.7732142857142857	0.7795947108447109	1.0	Weight-only
Nc1ccn(C2CSC(CO)O2)c(=O)n1	1	0	0.3228984	3	0.8869911852768959	0.7837837837837838	0.7886376172090458	0.7932340503769075	1.0	Weight-only
Nc1ccn(C2OC(CO)C(O)C2(F)F)c(=O)n1	1	0	0.18856147	3	0.8908030641185816	0.7875	0.7952926421404681	0.7995053859184293	0.9818181818181818	Weight-only
Nc1ccn(C2OC(CO)C(O)C2O)c(=O)n1	1	0	0.14668193	3	0.8919452588672262	0.7763157894736842	0.7906373075546007	0.7961968413096232	1.0	Weight-only
Nc1nc(=O)c2ncn(COC(CO)CO)c2[nH]1	1	0	0.3522612	3	0.8998078009924702	0.32608695652173914	0.4889855072463768	0.6072975966774968	1.0	Weight-only
Nc1nc(=O)n(C2CSC(CO)O2)cc1F	0	0	0.24755752	3	0.8940978553826459	0.775	0.7861341734618236	0.7905423770694342	0.9821428571428571	Weight-only
Nc1nc(Cl)nc2c1ncn2C1CC(O)C(CO)O1	1	0	0.35681236	3	0.8987550807316471	0.7727272727272727	0.7816386865167353	0.7943627623505671	1.0	Weight-only
Nc1nc(Cl)nc2c1ncn2C1OC(CO)C(O)C1F	1	0	0.17457998	3	0.9078866895595753	0.7971014492753623	0.7996245059288537	0.805346947738252	0.9827586206896551	Weight-only
Nc1nc(F)nc2c1ncn2C1OC(CO)C(O)C1O	0	0	0.17775154	3	0.9067886390051964	0.759493670886076	0.7836435747025435	0.7930811187371853	0.9821428571428571	Weight-only
Nc1nc(NC2CC2)c2ncn(C3C=CC(CO)C3)c2n1	1	0	0.26916537	3	0.9041099681675412	0.7971014492753623	0.7990942028985508	0.8072045743923904	1.0	Weight-only
Nc1ncn(C2CC(O)C(CO)O2)c(=O)n1	1	0	0.33874005	3	0.88764187576732	0.7297297297297297	0.7475588491717524	0.7593964932674608	1.0	Weight-only
Nc1ncn(C2OC(CO)C(O)C2O)c(=O)n1	1	0	0.16565008	3	0.8991518589113523	0.76	0.7745	0.7921090534979425	1.0	Weight-only
Nc1ncnc2c1ncn2C1OC(CO)C(O)C1O	1	0	0.11372194	3	0.9163464851461874	0.7936507936507936	0.7961779742370461	0.8034206806648272	1.0	Weight-only
O=C(NCC1CCCCN1)c1cc(OCC(F)(F)F)ccc1OCC(F)(F)F	1	0	0.38413852	3	0.8750191745568039	0.7230769230769231	0.7311434511434511	0.7389204984710602	0.9818181818181818	Weight-only
O=C(O)C=CC(=O)O	1	0	0.2845882	3	0.9495053233640156	0.75	0.7800840336134452	0.802826038715732	1.0	Weight-only
O=C(O)CC(O)(CC(=O)O)C(=O)O	0	0	0.21704641	3	0.9334833910901852	0.65	0.7522718052738335	0.7758867386656432	1.0	Weight-only
O=C(O)CC(O)(CC(=O)O)C(=O)[O-]	1	0	0.22206289	3	0.9362350977497885	0.7222222222222222	0.7499628390932738	0.7674697052034593	1.0	Weight-only
O=C(O)P(=O)(O)O	1	0	0.3225954	3	0.9498795339729305	0.7692307692307693	0.7932112332112332	0.8126712793379459	1.0	Weight-only
O=C([O-])O	1	0	0.292978	3	0.9475779129219141	0.375	0.598529411764706	0.6700752193718946	1.0	Weight-only
O=C(c1ccc(F)c(F)c1Nc1ccc(I)cc1F)N1CC(O)(C2CCCCN2)C1	1	0	0.14223145	3	0.8948364520962608	0.7472527472527473	0.758877964141122	0.7675053017158279	0.9868421052631579	Weight-only
O=C1C=CC(=O)c2c1c(O)c1c(NCCNCCO)ccc(NCCNCCO)c1c2O	1	0	0.14316624	3	0.9059790532655339	0.8275862068965517	0.8281306715063522	0.8299556362169792	1.0	Weight-only
O=C1CCC(N2C(=O)c3ccccc3C2=O)C(=O)N1	1	0	0.19969566	3	0.8869819465839903	0.7222222222222222	0.7404054974556237	0.7474318049266961	1.0	Weight-only
O=C1CCc2cc(OCCCCc3nnnn3C3CCCCC3)ccc2N1	1	1	0.51215285	3	0.8885194595248554	0.6153846153846154	0.679343128781331	0.7269396941544561	0.9855072463768116	Weight-only
O=C1NC(O)CCN1C1OC(CO)C(O)C1(F)F	0	0	0.16673014	3	0.9037659681188088	0.7941176470588235	0.8005738880918221	0.8041147040429679	0.9841269841269841	Weight-only
O=C1c2cccc3c2C(CCC3)CN1C1CN2CCC1CC2	1	0	0.1231027	3	0.9003733211363354	0.696969696969697	0.7181818181818181	0.7403877484522646	1.0	Weight-only
O=C=O	1	0	0.3467041	3	0.9821417388217498	0.8888888888888888	0.9134421134421136	0.923208581541915	1.0	Weight-only
O=P(O)(O)C(O)(Cn1ccnc1)P(=O)(O)O	0	0	0.17546391	3	0.9260300335742961	0.6341463414634146	0.7012721186035389	0.7477320384063568	1.0	Weight-only
O=c1[nH]c(=O)n(C2CC(O)C(CO)O2)cc1C(F)(F)F	0	0	0.34235418	3	0.8984813743199775	0.775	0.7876574633304573	0.7949623984064593	0.9791666666666666	Weight-only
O=c1[nH]c(O)cn1N=Cc1ccc([N+](=O)[O-])o1	0	0	0.13224593	3	0.9098010923663065	0.8028169014084507	0.8074044265593561	0.8150758718980549	1.0	Weight-only
O=c1[nH]cc(F)c(=O)[nH]1	1	0	0.2675467	3	0.9343162668359537	0.8055555555555556	0.817878787878788	0.8277296777296776	1.0	Weight-only
OCC1OC(O)C(O)C(O)C1O	1	0	0.42283776	3	0.9536820741860398	0.7666666666666667	0.7923886639676114	0.82258590849135	1.0	Weight-only
OCC1OC(c2ccc(Cl)c(Cc3ccc(OC4CCOC4)cc3)c2)C(O)C(O)C1O	0	0	0.40565068	3	0.8972791845532367	0.7572815533980582	0.7721771512169171	0.7845940997876885	1.0	Weight-only
C#CCNC1CCc2ccccc21	0	0	0.33160302	4	0.893651220642757	0.7142857142857143	0.7209842331581462	0.7333736401369252	1.0	Weight-only
C=C1CC2C(CCC3(C)C(=O)CCC23)C2(C)C=CC(=O)C=C12	0	0	0.30533275	4	0.9017221508384603	0.5555555555555556	0.6209354575163399	0.6456177378358752	1.0	Weight-only
C=CCN1CC(C(=O)N(CCCN(C)C)C(=O)NCC)CC2c3cccc4[nH]cc(c34)CC21	1	0	0.15981337	4	0.8896618550387252	0.7640449438202247	0.7762062128222075	0.7812360580061068	1.0	Weight-only
CC#CC1(O)CCC2C3=C(C4=C(CC3)CC(=O)CC4)C(c3ccc(N(C)C)cc3)CC21C	0	0	0.30174455	4	0.9029339011832398	0.6708860759493671	0.6914313534566701	0.7096142221089069	1.0	Weight-only
CC#CCC(C)C(O)C=CC1C(O)CC2CC(=CCCCC(=O)O)CC21	1	0	0.11212462	4	0.9009963999562615	0.7176470588235294	0.7351336898395722	0.7589047245805693	0.9846153846153847	Weight-only
CC(=O)NCC1CN(c2ccc(N3CCOCC3)c(F)c2)C(=O)O1	0	0	0.45972753	4	0.8686217613690077	0.7473684210526316	0.7573743347131875	0.7611420949577974	0.9846153846153847	Weight-only
CC(C)(C#N)c1cc(Cn2cncn2)cc(C(C)(C)C#N)c1	0	0	0.25583956	4	0.9197425717561366	0.703125	0.7101325757575757	0.7202978247386141	1.0	Weight-only
CC(C)(C(=O)O)c1ccc(C(O)CCCN2CCC(C(O)(c3ccccc3)c3ccccc3)CC2)cc1	1	0	0.23182715	4	0.863190021789571	0.6818181818181818	0.6948051948051949	0.7112995029661696	0.9818181818181818	Weight-only
CC(C)(C)C(NC(=O)C(F)(F)F)C(=O)N1CC2C(C1C(=O)NC(C#N)CC1CCNC1=O)C2(C)C	0	0	0.27703542	4	0.8973290652477882	0.797979797979798	0.8000123685837972	0.80807453571651	0.989010989010989	Weight-only
CC(C)(C)NC(=O)NC(C(=O)N1CC2C(C1C(=O)NC(CC1CCC1)C(=O)C(N)=O)C2(C)C)C(C)(C)C	0	0	0.33331165	4	0.9026448065420705	0.7865168539325843	0.7891514916698954	0.7917730756465431	0.9868421052631579	Weight-only
CC(C)(C)NCC(O)COc1cccc2c1CC(O)C(O)C2	1	1	0.6797647	4	0.8757161927348948	0.5932203389830508	0.5974416373520947	0.628064443984608	1.0	Weight-only
CC(C)(C)NCC(O)COc1cccc2c1CCC(=O)N2	1	1	0.6144966	4	0.8721563765181629	0.6379310344827587	0.6412201591511937	0.6583726730127215	0.9818181818181818	Weight-only
CC(C)(CO)c1cc2cc(NC(=O)C3(c4ccc5c(c4)OC(F)(F)O5)CC3)c(F)cc2n1CC(O)CO	0	1	0.596079	4	0.886626785178666	0.7864077669902912	0.7941747572815534	0.8015776699029126	0.9864864864864865	Weight-only
CC(C)(O)c1ccccc1CCC(SCC1(CC(=O)O)CC1)c1cccc(C=Cc2ccc3ccc(Cl)cc3n2)c1	0	0	0.27232832	4	0.8833855941963775	0.7608695652173914	0.7715240191121949	0.7807382567086183	0.9878048780487805	Weight-only
CC(C)C(=O)OCC(=O)C12OC(C3CCCCC3)OC1CC1C3CC=C4CC(=O)C=CC4(C)C3C(O)CC12C	1	0	0.25913	4	0.8930871075402396	0.4166666666666667	0.4518441328786157	0.5461130850935949	1.0	Weight-only
CC(C)CC(NC(=O)C(CCc1ccccc1)NC(=O)CN1CCOCC1)C(=O)NC(Cc1ccccc1)C(=O)NC(CC(C)C)C(=O)C1(C)CO1	1	0	0.29427433	4	0.8683214309637196	0.6571428571428571	0.6685908591703978	0.683272871537734	0.9866666666666667	Weight-only
CC(C)CC(NC(=O)C(Cc1ccccc1)NC(=O)c1cnccn1)B(O)O	1	1	0.54128927	4	0.8784714802806509	0.6923076923076923	0.7028846153846153	0.7110933048433048	1.0	Weight-only
CC(C)CC(NC(=O)CNC(=O)c1cc(Cl)ccc1Cl)B(O)O	0	1	0.6437716	4	0.8787126854338042	0.7192982456140351	0.7249791144527987	0.7324722965406953	1.0	Weight-only
CC(C)CC1C(=O)N2CCCC2C2(O)OC(NC(=O)C3C=C4c5cccc6[nH]c(Br)c(c56)CC4N(C)C3)(C(C)C)C(=O)N12	0	0	0.4526487	4	0.8807739425653053	0.7627118644067796	0.7753550160329821	0.7803231958884268	1.0	Weight-only
CC(C)CN(CC(O)C(Cc1ccccc1)NC(=O)OC1COC2OCCC12)S(=O)(=O)c1ccc(N)cc1	1	1	0.74591815	4	0.8782728841744719	0.7647058823529411	0.7653170359052712	0.7665115633030071	1.0	Weight-only
CC(C)COc1ccc(CNC(=O)N(Cc2ccc(F)cc2)C2CCN(C)CC2)cc1	0	1	0.75073326	4	0.8589455451955684	0.676056338028169	0.7012064327949974	0.709120287127006	0.9830508474576272	Weight-only
CC(C)OC(=O)CCCC=CCC1C(O)CC(O)C1C=CC(O)COc1cccc(C(F)(F)F)c1	0	0	0.18177912	4	0.8782272145477856	0.5308641975308642	0.5380307136404697	0.6125474144444334	0.9866666666666667	Weight-only
CC(C)Oc1ccc(-c2nc(-c3cccc4c3CCC4NCCO)no2)cc1C#N	0	1	0.72178584	4	0.8869301226545275	0.7821782178217822	0.7849426164929865	0.7892297170740477	0.9863013698630136	Weight-only
CC(C)[N+]1(C)C2CCC1CC(OC(=O)C(CO)c1ccccc1)C2	1	0	0.40186217	4	0.8623220075499674	0.6885245901639344	0.6931147540983608	0.7052657724788873	1.0	Weight-only
CC(C)c1nc(CN(C)C(=O)NC(C(=O)NC(Cc2ccccc2)CC(O)C(Cc2ccccc2)NC(=O)OCc2cncs2)C(C)C)cs1	0	0	0.42872903	4	0.8895301198032779	0.375	0.5186170212765957	0.6215327029156816	1.0	Weight-only
CC(Cn1ccc(-c2ccc(C#N)c(Cl)c2)n1)NC(=O)c1cc(C(C)O)[nH]n1	1	1	0.7395304	4	0.8838756096531715	0.7608695652173914	0.7656126482213438	0.7704582052408138	1.0	Weight-only
CC(O)(CS(=O)(=O)c1ccc(F)cc1)C(=O)Nc1ccc(C#N)c(C(F)(F)F)c1	1	1	0.53820026	4	0.8823460258581123	0.7230769230769231	0.7275170399221031	0.7317831254540115	1.0	Weight-only
CC(O)C(=O)Nc1c(I)c(C(=O)NC(CO)CO)c(I)c(C(=O)NC(CO)CO)c1I	1	1	0.5550543	4	0.9108785316928701	0.7586206896551724	0.7636691458192472	0.7723740081537983	1.0	Weight-only
CC(Oc1cc(-c2cnn(C3CCNCC3)c2)cnc1N)c1c(Cl)ccc(F)c1Cl	1	1	0.7011588	4	0.8943573830391589	0.7524752475247525	0.7630640958832725	0.7740400967881365	1.0	Weight-only
CC12C=CC(=O)C=C1CCC1C3CC(O)C(O)(C(=O)CO)C3(C)CC(O)C12F	0	0	0.26616704	4	0.8951783015138534	0.5571428571428572	0.5731746031746032	0.6012385762385762	0.9850746268656716	Weight-only
CC12CC3CC(C)(C1)CC(N)(C3)C2	0	1	0.50321114	4	0.9439166122604906	0.8444444444444444	0.8473668188736682	0.8499240178183856	1.0	Weight-only
CC1C(c2c(F)ccc(F)c2F)CC(NC(=O)c2cnc3c(c2)CC2(C3)C(=O)Nc3ncccc32)C(=O)N1CC(F)(F)F	0	1	0.5157335	4	0.8761351071285672	0.7747747747747747	0.7775921375921375	0.7814011920206609	0.9875	Weight-only
CC1CC2C3CC(F)C4=CC(=O)C=CC4(C)C3(F)C(O)CC2(C)C1(O)C(=O)SCF	0	0	0.21844615	4	0.9054069773025991	0.7380952380952381	0.7440336134453782	0.7508000169764877	0.9861111111111112	Weight-only
CC1CC2C3CC(F)C4=CC(=O)C=CC4(C)C3(F)C(O)CC2(C)C1(OC(=O)c1ccco1)C(=O)SCF	0	0	0.4112141	4	0.8975459755906859	0.7818181818181819	0.7842424242424244	0.7886202918460984	0.9876543209876543	Weight-only
CC1CC2C3CC=C4CC(=O)C=CC4(C)C3(Cl)C(O)CC2(C)C1(O)C(=O)CCl	0	0	0.077340215	4	0.9028928702110349	0.6511627906976745	0.6673367460864194	0.6889912408874661	1.0	Weight-only
CC1CC2C3CC=C4CC(=O)C=CC4(C)C3(Cl)C(O)CC2(C)C1(OC(=O)c1ccco1)C(=O)CCl	0	0	0.18892597	4	0.895182552099191	0.673469387755102	0.6950899171549807	0.7273197507826012	1.0	Weight-only
CC1CC2C3CC=C4CC(=O)C=CC4(C)C3(F)C(O)CC2(C)C1(O)C(=O)CCl	0	0	0.068269975	4	0.9001262960187624	0.6629213483146067	0.6711695607763023	0.6874636783429255	0.9855072463768116	Weight-only
CC1CC2C3CC=C4CC(=O)C=CC4(C)C3(F)C(O)CC2(C)C1(O)C(=O)CO	1	0	0.090823844	4	0.8990253960962862	0.6190476190476191	0.6278388278388278	0.6438185058874715	0.9855072463768116	Weight-only
CC1Oc2cc(cnc2N)-c2c(nn(C)c2C#N)CN(C)C(=O)c2ccc(F)cc21	1	1	0.58999586	4	0.8991745966293505	0.7956989247311828	0.7970200143001495	0.7995234736937794	1.0	Weight-only
CCC(=C(c1ccccc1)c1ccc(OCCN(C)C)cc1)c1ccccc1	0	1	0.77099067	4	0.888674929125257	0.45652173913043476	0.5539837736634075	0.6209000762776505	1.0	Weight-only
CCC(=O)C(CC(C)N(C)C)(c1ccccc1)c1ccccc1	1	0	0.33767825	4	0.8706182849113	0.6153846153846154	0.6358974358974359	0.6709401709401709	1.0	Weight-only
CCC(=O)OC1(C(=O)SCF)C(C)CC2C3CC(F)C4=CC(=O)C=CC4(C)C3(F)C(O)CC21C	0	0	0.34728208	4	0.902683056778553	0.7717391304347826	0.7770219728845256	0.7814874383216818	0.9864864864864865	Weight-only
CCC(=O)OCC(=O)C1(OC(=O)CC)C(C)CC2C3CC=C4CC(=O)C=CC4(C)C3(Cl)C(O)CC21C	0	0	0.12680005	4	0.8982372755117561	0.6413043478260869	0.6705481036077706	0.7038554756583834	1.0	Weight-only
CCC(C)(C)C(=O)OC1CC(C)C=C2C=CC(C)C(CCC3CC(O)CC(=O)O3)C21	1	1	0.53607607	4	0.8999814693749365	0.813953488372093	0.81468788249694	0.8170571778282916	0.9850746268656716	Weight-only
CCC(C)C(=O)OC1CC(O)C=C2C=CC(C)C(CCC(O)CC(O)CC(=O)O)C21	0	1	0.7105157	4	0.8935558560818364	0.7272727272727273	0.7318181818181818	0.7505411255411255	0.9852941176470589	Weight-only
CCC(CO)NC(=O)C1C=C2c3cccc4[nH]cc(c34)CC2N(C)C1	1	0	0.3212615	4	0.8786763109274207	0.7578947368421053	0.7646963562753036	0.7753964281515553	1.0	Weight-only
CCC(c1cccc(O)c1)C(C)CN(C)C	0	0	0.42455506	4	0.89478586294363	0.5952380952380952	0.6346938775510204	0.668698926111325	1.0	Weight-only
CCC=CCC=CCC=CCC=CCC=CCCCC(=O)OCC	0	0	0.14946635	4	0.9058218240498098	0.6904761904761905	0.7044177067432881	0.7176078966776641	1.0	Weight-only
CCCC(NC(=O)C1C2CCCC2CN1C(=O)C(NC(=O)C(NC(=O)c1cnccn1)C1CCCCC1)C(C)(C)C)C(=O)C(=O)NC1CC1	0	0	0.34999344	4	0.8981258192484919	0.71875	0.7263956310679612	0.7314927184466018	0.9880952380952381	Weight-only
CCCC1CC(C(=O)NC(C(C)Cl)C2OC(SC)C(O)C(O)C2O)N(C)C1	0	1	0.55379015	4	0.8991638135074044	0.7681159420289855	0.7735132433783108	0.7771114442778612	0.9857142857142858	Weight-only
CCCCC(=O)N(Cc1ccc(-c2ccccc2-c2nn[nH]n2)cc1)C(C(=O)O)C(C)C	1	1	0.65408295	4	0.8750012838132731	0.7272727272727273	0.7291471415182755	0.7367050987276212	1.0	Weight-only
CCCCC(C)(O)CC=CC1C(O)CC(=O)C1CCCCCCC(=O)OC	0	0	0.15475252	4	0.8878874873356072	0.7195121951219512	0.7328837876614059	0.7430688614286521	0.9833333333333333	Weight-only
CCCCC(F)(F)C1(O)CCC2C(CC(=O)C2CCCCCCC(=O)O)O1	0	0	0.17434807	4	0.8981589237535004	0.7313432835820896	0.7596749494660759	0.7679123540281972	0.9871794871794872	Weight-only
CCCCC1=NC2(CCCC2)C(=O)N1Cc1ccc(-c2ccccc2-c2nn[nH]n2)cc1	1	1	0.8088504	4	0.8860291422399581	0.7571428571428571	0.7682097649186256	0.780650994575045	1.0	Weight-only
CCCCCC(C)(O)C=CC1C(O)CC(O)C1CC=CCCCC(=O)O	1	0	0.07071706	4	0.9051113967303837	0.5633802816901409	0.6011860637509266	0.6743070363557419	0.9864864864864865	Weight-only
CCCCCC(O)C=CC1C(O)CC(=O)C1CC=CCCCC(=O)O	1	0	0.14107946	4	0.8903400263092868	0.5694444444444444	0.6201476793248946	0.6792153398699537	1.0	Weight-only
CCCCCC(O)C=CC1C(O)CC(=O)C1CCCCCCC(=O)O	0	0	0.15392049	4	0.8858773613977992	0.6842105263157895	0.6878596491228071	0.7091202225962157	1.0	Weight-only
CCCCCC(O)C=CC1C(O)CC2OC(=CCCCC(=O)O)CC21	1	0	0.08217141	4	0.893867368814318	0.6363636363636364	0.6818181818181819	0.7249389318016769	1.0	Weight-only
CCCCCC(O)CCC1C(O)CC2Cc3c(cccc3OCC(=O)O)CC21	1	0	0.303837	4	0.8725933976444492	0.6625	0.6949358974358975	0.7186965811965812	0.9841269841269841	Weight-only
CCCCCCCC(=O)NC(CN1CCCC1)C(O)c1ccc2c(c1)OCCO2	1	0	0.22480077	4	0.8768248155921462	0.7368421052631579	0.740682788051209	0.747545242611032	1.0	Weight-only
CCCCN1CCCCC1C(=O)Nc1c(C)cccc1C	1	1	0.5138941	4	0.8611675648543914	0.3111111111111111	0.43764705882352944	0.5447380884721037	1.0	Weight-only
CCCCNc1ccc(C(=O)OCCN(C)C)cc1	1	1	0.8765426	4	0.8765957263673889	0.6774193548387096	0.6916303400174368	0.7082727889179503	1.0	Weight-only
CCCCc1nc(Cl)c(CO)n1Cc1ccc(-c2ccccc2-c2nn[nH]n2)cc1	0	1	0.79131675	4	0.8972767043000889	0.7878787878787878	0.7921022727272726	0.7975958556676562	1.0	Weight-only
CCCN(CCC)S(=O)(=O)c1ccc(C(=O)O)cc1	1	0	0.3886788	4	0.877636913100547	0.7017543859649122	0.7121824168263797	0.7268246476954816	0.9772727272727273	Weight-only
CCCN1CCCCC1C(=O)Nc1c(C)cccc1C	1	0	0.4880287	4	0.859267934132218	0.27906976744186046	0.4123398196487898	0.5259606098600496	1.0	Weight-only
CCCNC1CCc2nc(N)sc2C1	1	1	0.5594873	4	0.9163060522795998	0.8095238095238095	0.8254464285714285	0.8295045111742871	1.0	Weight-only
CCCc1nc(C(C)(C)O)c(C(=O)O)n1Cc1ccc(-c2ccccc2-c2nn[nH]n2)cc1	0	1	0.6481072	4	0.878438401443626	0.7567567567567568	0.7592086932293117	0.7654130331252506	0.984375	Weight-only
CCCc1nc2c(C)cc(-c3nc4ccccc4n3C)cc2n1Cc1ccc(-c2ccccc2C(=O)O)cc1	1	1	0.7399112	4	0.8813849045066326	0.7228915662650602	0.7384968445209409	0.7517164470566313	1.0	Weight-only
CCN(C)C(=O)Oc1cccc(C(C)N(C)C)c1	0	0	0.47201464	4	0.8721812813774703	0.5957446808510638	0.6268345636126791	0.6636813779885476	1.0	Weight-only
CCN(CC)CC#CCOC(=O)C(O)(c1ccccc1)C1CCCCC1	0	0	0.30031005	4	0.8701547666082438	0.6833333333333333	0.7009592822636301	0.7148737635150678	0.9803921568627451	Weight-only
CCN(c1cc(-c2ccc(CN3CCOCC3)cc2)cc(C(=O)NCc2c(C)cc(C)[nH]c2=O)c1C)C1CCOCC1	0	0	0.42759427	4	0.8806959067647524	0.7714285714285715	0.7719480519480519	0.7725802499387405	1.0	Weight-only
CCOC(=O)C1(c2ccccc2)CCN(C)CC1	1	1	0.70993894	4	0.8472638619966367	0.6440677966101694	0.6556714471968709	0.6670396928871506	1.0	Weight-only
CCOC(=O)C1(c2ccccc2)CCN(CCC(C#N)(c2ccccc2)c2ccccc2)CC1	0	1	0.5006087	4	0.8645772334913017	0.6376811594202898	0.6600596760443308	0.6909719531202907	0.9814814814814815	Weight-only
CCOC(=O)C1=C(C)N=C(C)C(C(=O)OC)C1c1cccc(Cl)c1Cl	1	1	0.7805226	4	0.8620192648441481	0.2037037037037037	0.3711366538952746	0.4946184733028401	1.0	Weight-only
CCOC(=O)C1=C(COCCN)N=C(C)C(C(=O)OC)C1c1ccccc1Cl	1	1	0.7872935	4	0.871470026537116	0.5	0.5529411764705883	0.6269032524412725	1.0	Weight-only
CCOC(=O)C1=CC(OC(CC)CC)C(NC(C)=O)C(N)C1	0	1	0.69970965	4	0.8783407935461509	0.7164179104477612	0.7217426381605486	0.7308755044723093	0.9791666666666666	Weight-only
CCOC(=O)Nc1ccc(NCc2ccc(F)cc2)cc1N	1	0	0.44498628	4	0.8739794936540485	0.7121212121212122	0.7357386094228199	0.7424110418031138	1.0	Weight-only
CCOC(=O)c1ccc(N)cc1	1	1	0.66904724	4	0.872179735326451	0.7380952380952381	0.7437456342107505	0.7465253523393058	1.0	Weight-only
CCOc1ccccc1OCCNC(C)Cc1ccc(OC)c(S(N)(=O)=O)c1	1	1	0.6427971	4	0.8828785415352423	0.6511627906976745	0.6742100166081656	0.6916565408815661	1.0	Weight-only
CCOc1nc2cccc(C(=O)O)c2n1Cc1ccc(-c2ccccc2-c2nn[nH]n2)cc1	1	1	0.66483754	4	0.8721170880383888	0.7555555555555555	0.7560360360360361	0.7582707707707709	1.0	Weight-only
CCOc1nc2cccc(C(=O)OC(C)OC(=O)OC3CCCCC3)c2n1Cc1ccc(-c2ccccc2-c2nn[nH]n2)cc1	1	1	0.77465117	4	0.8753800691461798	0.7545454545454545	0.7621612349914237	0.7679437649284238	1.0	Weight-only
CN(C)C(=O)C(CCN1CCC(O)(c2ccc(Cl)cc2)CC1)(c1ccccc1)c1ccccc1	0	0	0.32331175	4	0.8680015573711463	0.5483870967741935	0.6055028462998102	0.6487434113430319	0.98	Weight-only
CN(C)CCC(c1ccc(Cl)cc1)c1ccccn1	1	1	0.52837026	4	0.8897305834186445	0.6666666666666666	0.6857142857142857	0.7006404901141744	1.0	Weight-only
CN(C)CCC=C1c2ccccc2CCc2ccccc21	1	1	0.5592809	4	0.9028269107489725	0.3888888888888889	0.46747967479674796	0.5525078653085382	1.0	Weight-only
CN(C)CCC=C1c2ccccc2COc2ccccc21	0	1	0.5438564	4	0.9079957175006109	0.5681818181818182	0.615909090909091	0.6659107522594364	1.0	Weight-only
CN(C)CCOC(=O)C(c1ccccc1)C1(O)CCCC1	1	1	0.66453224	4	0.8596102251538047	0.6226415094339622	0.62456529781724	0.6428879727991826	1.0	Weight-only
CN(C)CCOC(C)(c1ccccc1)c1ccccn1	0	1	0.830893	4	0.8974179459107973	0.6111111111111112	0.648768472906404	0.6902855726839258	1.0	Weight-only
CN(C)CCOC(c1ccccc1)c1ccccc1	1	1	0.8432405	4	0.8958964946744021	0.7142857142857143	0.7232142857142857	0.7275686400686401	1.0	Weight-only
CN(C)CCc1c[nH]c2ccc(CC3COC(=O)N3)cc12	0	1	0.5750073	4	0.8956177412532821	0.7294117647058823	0.7480948200175592	0.765568986288916	1.0	Weight-only
CN(C)CCc1c[nH]c2ccc(CS(=O)(=O)N3CCCC3)cc12	1	1	0.5377714	4	0.8953184778226003	0.7073170731707317	0.7320825515947467	0.7550729554555474	1.0	Weight-only
CN(C)CCc1c[nH]c2ccc(Cn3cncn3)cc12	1	1	0.54019785	4	0.9109041803396405	0.7466666666666667	0.7488774557690221	0.7535233684631275	1.0	Weight-only
CN(Cc1cnc2nc(N)nc(N)c2n1)c1ccc(C(=O)NC(CCC(=O)O)C(=O)O)cc1	0	1	0.5424415	4	0.8801232538112758	0.6885245901639344	0.7205357944445442	0.7436927492995233	1.0	Weight-only
CN1C2CC(OC(=O)C(CO)c3ccccc3)CC1C1OC12	0	0	0.48721188	4	0.8535315380297082	0.6779661016949152	0.6861447403820286	0.6960810689624249	1.0	Weight-only
CN1C2CCC1CC(OC(=O)C(CO)c1ccccc1)C2	0	1	0.5550221	4	0.8497239357215721	0.6666666666666666	0.6714285714285715	0.6839682539682541	0.9772727272727273	Weight-only
CN1CCC(NC(=O)Nc2ccc(C#N)cc2)CC1c1nc2ccccc2[nH]1	1	0	0.45969903	4	0.8777242049705981	0.7575757575757576	0.7638787878787878	0.7688308858897094	1.0	Weight-only
CN1CCCC(n2nc(Cc3ccc(Cl)cc3)c3ccccc3c2=O)CC1	0	1	0.58231145	4	0.87579567733246	0.7142857142857143	0.7222169135212614	0.732678992323818	1.0	Weight-only
CN1CCCC1CCOC(C)(c1ccccc1)c1ccc(Cl)cc1	1	0	0.35466993	4	0.8690935339676897	0.6935483870967742	0.6968307866440295	0.6994759243538956	1.0	Weight-only
CN1CCCC1Cc1c[nH]c2ccc(CCS(=O)(=O)c3ccccc3)cc12	0	0	0.39669955	4	0.8828325210658173	0.7191011235955056	0.7341633768600062	0.7500996427084815	1.0	Weight-only
CN1CCN(c2ccc(C(=O)Nc3[nH]nc4ccc(Cc5cc(F)cc(F)c5)cc34)c(NC3CCOCC3)c2)CC1	1	1	0.5277378	4	0.8748662093260207	0.6923076923076923	0.724877285106244	0.73899422965083	0.9878048780487805	Weight-only
CN1c2c([nH]c(N)nc2=O)NCC1CNc1ccc(C(=O)NC(CCC(=O)O)C(=O)O)cc1	0	0	0.4143741	4	0.8721275653217457	0.7121212121212122	0.7508059316569955	0.765245670270023	1.0	Weight-only
CN=C1CN(O)C(c2ccccc2)=c2cc(Cl)ccc2=N1	1	1	0.8126479	4	0.894054137647087	0.6935483870967742	0.698740903024351	0.705948953410614	1.0	Weight-only
CNC(=O)c1ccc(N2C(=S)N(c3ccc(C#N)c(C(F)(F)F)c3)C(=O)C2(C)C)cc1F	0	1	0.5276996	4	0.8939629682989547	0.39473684210526316	0.5357432041642568	0.6315592538003405	0.9852941176470589	Weight-only
CNC1CCC(c2ccc(Cl)c(Cl)c2)c2ccccc21	1	1	0.5908897	4	0.8975530723010446	0.7636363636363637	0.7686295793758481	0.7725111814664054	1.0	Weight-only
CNCCC(Oc1ccccc1C)c1ccccc1	0	0	0.4809348	4	0.8929639850120711	0.4418604651162791	0.4817829457364341	0.5554846536837461	1.0	Weight-only
CNCc1ccc(-c2[nH]c3cc(F)cc4c3c2CCNC4=O)cc1	0	1	0.8843178	4	0.8964483682939953	0.7662337662337663	0.7898944805194805	0.7935921717171717	1.0	Weight-only
CNS(=O)(=O)CCc1ccc2[nH]cc(C3CCN(C)CC3)c2c1	1	1	0.6476228	4	0.8843812296070966	0.76	0.7694825174825175	0.7714857981524648	1.0	Weight-only
CNS(=O)(=O)Cc1ccc2[nH]cc(CCN(C)C)c2c1	0	1	0.67436135	4	0.901259466348189	0.725	0.7317741935483871	0.7394746477378662	1.0	Weight-only
COC(=O)N(C)c1c(N)nc(-c2nn(Cc3ccccc3F)c3ncccc23)nc1N	1	1	0.5747252	4	0.8718703765120216	0.7659574468085106	0.7684376259798432	0.7720012442453651	0.9848484848484849	Weight-only
COC(=O)NC(C(=O)NC(Cc1ccccc1)C(O)CN(Cc1ccc(-c2ccccn2)cc1)NC(=O)C(NC(=O)OC)C(C)(C)C)C(C)(C)C	0	1	0.7875446	4	0.8854437498259609	0.7472527472527473	0.7506772297469972	0.7531589857171253	1.0	Weight-only
COC(=O)NC(C)CNc1nccc(-c2cn(C(C)C)nc2-c2cc(Cl)cc(NS(C)(=O)=O)c2F)n1	0	0	0.4685024	4	0.8777559686179364	0.7009345794392523	0.7155102426130464	0.728657289404953	0.9873417721518988	Weight-only
COC(=O)Nc1c(N)nc(-c2nn(Cc3ccccc3F)c3ncc(F)cc23)nc1N	1	0	0.47515053	4	0.8700941676045972	0.7625	0.7628763440860216	0.7643547159620954	0.9848484848484849	Weight-only
COCC(=O)Nc1c(I)c(C(=O)NCC(O)CO)c(I)c(C(=O)N(C)CC(O)CO)c1I	1	1	0.82976556	4	0.9134135557166524	0.7848101265822784	0.7851717902350813	0.7902629875203714	1.0	Weight-only
COCCCN1CCC(NC(=O)c2cc(Cl)c(N)c3c2OCC3)CC1	0	1	0.6899271	4	0.8699553923365885	0.6162790697674418	0.6510861231791465	0.6834254510541053	1.0	Weight-only
COc1cc(OC)cc(N(CCNC(C)C)c2ccc3ncc(-c4cnn(C)c4)nc3c2)c1	0	1	0.83827525	4	0.8934098785361272	0.7733333333333333	0.7755384615384615	0.7785465266149766	1.0	Weight-only
COc1ccc(-n2nc(C(N)=O)c3c2C(=O)N(c2ccc(N4CCCCC4=O)cc2)CC3)cc1	1	0	0.43075255	4	0.8793152871967089	0.7575757575757576	0.7607954545454545	0.7641438422688422	0.9848484848484849	Weight-only
COc1ccc(CN(CCN(C)C)c2ccccn2)cc1	0	1	0.84887105	4	0.899703289913562	0.640625	0.6691676267281107	0.6942326414153663	1.0	Weight-only
COc1ccc(CN2C3CC2CN(c2ccc(-c4cc(OCC(C)(C)O)cn5ncc(C#N)c45)cn2)C3)cn1	0	1	0.5161991	4	0.89889382802095	0.7798165137614679	0.786081494338375	0.7930943175591493	0.9876543209876543	Weight-only
COc1ccccc1OCC(O)CO	0	1	0.7969496	4	0.8815716347315489	0.3235294117647059	0.520607593629817	0.5665735554618708	1.0	Weight-only
COc1ccccc1OCCNCC(O)COc1cccc2[nH]c3ccccc3c12	1	1	0.8150902	4	0.8898156373620119	0.5818181818181818	0.594558362529965	0.6158948056175912	1.0	Weight-only
COc1nc2ccc(Br)cc2cc1C(c1ccccc1)C(O)(CCN(C)C)c1cccc2ccccc12	1	0	0.3504247	4	0.8944491490602198	0.7669902912621359	0.7697179842810911	0.7717717045935023	1.0	Weight-only
CS(=O)(=O)c1ccc(Oc2cc(F)cc(C#N)c2)c2c1C(O)C(F)C2F	1	1	0.73575735	4	0.9027492489510831	0.7701149425287356	0.7820519215979713	0.7879173691243445	1.0	Weight-only
C[N+]1(C)CCC(OC(=O)C(O)(c2ccccc2)C2CCCC2)C1	1	0	0.40623242	4	0.8811536227930981	0.6984126984126984	0.7063715627095908	0.715545695827386	1.0	Weight-only
Cc1cc(=O)n(-c2ccccc2)[nH]1	0	0	0.32781696	4	0.8904694144493333	0.723404255319149	0.7393057110862262	0.7519309730955868	1.0	Weight-only
Cc1cc(Nc2ncnc3ccc(N=C4NC(C)(C)CO4)cc23)ccc1Oc1ccn2ncnc2c1	0	0	0.21830145	4	0.9092392068458139	0.719626168224299	0.7285584318914895	0.7323536169907582	1.0	Weight-only
Cc1ccc(-c2cc(C(F)(F)F)nn2-c2ccc(S(N)(=O)=O)cc2)cc1	0	0	0.41567594	4	0.9031191376251717	0.6785714285714286	0.7508866995073892	0.7624125767803929	1.0	Weight-only
Cc1ccc(-c2nc3ccc(C)cn3c2CC(=O)N(C)C)cc1	0	1	0.6746687	4	0.8907157521426146	0.7931034482758621	0.7943672959900139	0.8032787152913363	1.0	Weight-only
Cc1ccc(=O)n(-c2ccccc2)c1	0	0	0.33758423	4	0.8975167515612429	0.7446808510638298	0.7551418439716312	0.7666093032957864	1.0	Weight-only
Cc1ccc(NC(=O)C2(c3ccc4c(c3)OC(F)(F)O4)CC2)nc1-c1cccc(C(=O)O)c1	0	1	0.5869385	4	0.8793390318531206	0.7303370786516854	0.741059390048154	0.7518958435269735	1.0	Weight-only
Cc1cccc(C)c1OCC(=O)NC(Cc1ccccc1)C(O)CC(Cc1ccccc1)NC(=O)C(C(C)C)N1CCCNC1=O	1	1	0.6478915	4	0.872714734500319	0.7058823529411765	0.7180349062702004	0.7270921746625071	1.0	Weight-only
Cc1nc(-c2ccc(OCC(C)C)c(C#N)c2)sc1C(=O)O	1	1	0.81811583	4	0.8784748304110424	0.7738095238095238	0.774772752777466	0.7754585468646741	1.0	Weight-only
Cc1nc(NC(=O)N2CCCC2C(N)=O)sc1-c1ccnc(C(C)(C)C(F)(F)F)c1	0	1	0.70551026	4	0.8765277465911291	0.75	0.7511235955056179	0.7558382903723286	0.9850746268656716	Weight-only
Cc1ncc([N+](=O)[O-])n1CCO	0	0	0.459022	4	0.8977576827174251	0.7727272727272727	0.7806753980482795	0.7874122581749701	1.0	Weight-only
Cn1c(CNc2ccc(C(=N)N)cc2)nc2cc(C(=O)N(CCC(=O)O)c3ccccn3)ccc21	1	1	0.9065627	4	0.8766505673044743	0.36046511627906974	0.4583843329253366	0.5688230049715157	1.0	Weight-only
Cn1nnc(-c2ccc(-c3ccc(N4CC(CO)OC4=O)cc3F)cn2)n1	1	1	0.79988235	4	0.869413345814218	0.7272727272727273	0.7292383292383293	0.7382460065386893	0.9841269841269841	Weight-only
N#Cc1ccccc1-c1cc(-c2ccccn2)cn(-c2ccccc2)c1=O	0	1	0.7284982	4	0.9086431326448146	0.7619047619047619	0.7676691729323307	0.7736097490102066	1.0	Weight-only
N=c1cc(N2CCCCC2)nc(N)n1O	0	0	0.26681885	4	0.9125894817377385	0.8115942028985508	0.8136231884057971	0.8158645855563962	1.0	Weight-only
NC(=O)C1CCCN1C(=O)C(Cc1c[nH]cn1)NC(=O)C1CCC(=O)N1	1	0	0.44293362	4	0.8812138850423129	0.691358024691358	0.691358024691358	0.7007427481682225	1.0	Weight-only
NC12CC3CC(CC(C3)C1)C2	0	1	0.5367571	4	0.9583199959217905	0.8333333333333334	0.8346938775510203	0.8474694842475997	1.0	Weight-only
Nc1ccc(O)c(C(=O)O)c1	1	0	0.15940045	4	0.8903796992153485	0.6444444444444445	0.6658732416627153	0.6710355627343216	1.0	Weight-only
Nc1ccc(S(=O)(=O)c2ccc(N)cc2)cc1	1	0	0.37358832	4	0.9233216449382967	0.6285714285714286	0.6512442396313365	0.7000000000000001	1.0	Weight-only
Nc1ccncc1	0	0	0.28669384	4	0.9315297328439894	0.7837837837837838	0.7841698841698841	0.7896181896181895	1.0	Weight-only
Nc1ccncc1N	0	0	0.28378505	4	0.9316232304174984	0.7241379310344828	0.7599254426840634	0.7813733273503387	1.0	Weight-only
Nc1nc(=O)c2c(CCc3ccc(C(=O)NC(CCC(=O)O)C(=O)O)cc3)c[nH]c2[nH]1	1	0	0.40303612	4	0.8858990127202183	0.6779661016949152	0.7281631848640127	0.7469492776745438	1.0	Weight-only
Nc1nc(=O)c2c([nH]1)NCC(CNc1ccc(C(=O)NC(CCC(=O)O)C(=O)O)cc1)N2C=O	0	0	0.25805655	4	0.8816714944354445	0.7164179104477612	0.7523680299799702	0.7707621694153771	1.0	Weight-only
Nc1nc(=O)c2nc(CNc3ccc(C(=O)NC(CCC(=O)O)C(=O)O)cc3)cnc2[nH]1	0	0	0.37334558	4	0.8838326750256542	0.6833333333333333	0.7133333333333334	0.7305510388437219	1.0	Weight-only
O=C(C=Cn1cnc(-c2cc(C(F)(F)F)cc(C(F)(F)F)c2)n1)NNc1cnccn1	0	1	0.6156963	4	0.9111302105826973	0.7340425531914894	0.7559184896613724	0.7727431643374104	1.0	Weight-only
O=C(CCCC=CCC1C(O)CC(O)C1CCC(O)CCc1ccccc1)OCCCCO[N+](=O)[O-]	0	0	0.3070551	4	0.8868355484444999	0.3088235294117647	0.40301563663440054	0.5251995058870563	1.0	Weight-only
O=C(NCC1CN(c2ccc(N3CCOCC3=O)cc2)C(=O)O1)c1ccc(Cl)s1	1	0	0.41094476	4	0.8854841775082497	0.7659574468085106	0.7764575849682233	0.7842690702423328	1.0	Weight-only
O=C(O)c1cc(=O)c2c(OCC(O)COc3cccc4oc(C(=O)O)cc(=O)c34)cccc2o1	1	1	0.5033232	4	0.865106652248332	0.6041666666666666	0.6525436193954148	0.6679440222882098	1.0	Weight-only
O=C(OC1CN2CCC1CC2)N1CCc2ccccc2C1c1ccccc1	0	0	0.45011908	4	0.8842713402240356	0.696969696969697	0.7056818181818182	0.7288382913382914	1.0	Weight-only
O=C(c1cc(Cc2n[nH]c(=O)c3ccccc23)ccc1F)N1CCN(C(=O)C2CC2)CC1	0	0	0.48055014	4	0.8735491196820612	0.7625	0.7639197530864197	0.7659414043673302	0.9855072463768116	Weight-only
O=C1CC2(CCCC2)CC(=O)N1CCCCN1CCN(c2ncccn2)CC1	0	0	0.26187602	4	0.8902984487716357	0.7297297297297297	0.7334900117508812	0.7412911863593239	1.0	Weight-only
O=C1Nc2ccc(Cl)cc2C(C#CC2CC2)(C(F)(F)F)O1	0	1	0.6657761	4	0.9017736293583508	0.7258064516129032	0.7341337214002749	0.744360902255639	1.0	Weight-only
O=P(O)(O)C(O)(Cc1cccnc1)P(=O)(O)O	0	0	0.17948766	4	0.8988189734919673	0.6111111111111112	0.6249322493224934	0.6585793110183354	0.9873417721518988	Weight-only
O=P1(N(CCCl)CCCl)NCCCO1	0	1	0.73242444	4	0.9435845493057665	0.78125	0.8080129407351839	0.8220860423439194	1.0	Weight-only
O=P1(NCCCl)OCCCN1CCCl	0	1	0.57471836	4	0.9333770223081332	0.8043478260869565	0.8235573122529644	0.8334798358068412	1.0	Weight-only
O=c1ccc2ccc(OCCCCN3CCN(c4cccc5sccc45)CC3)cc2[nH]1	0	0	0.28679886	4	0.885965889496798	0.5657894736842105	0.6347117794486216	0.6815418175067297	1.0	Weight-only
OC(Cn1cncn1)(Cn1cncn1)c1ccc(F)cc1F	1	0	0.36073476	4	0.9044549689745007	0.40384615384615385	0.44513993631640697	0.5571038861888535	1.0	Weight-only
OCCN(CCO)c1nc(N2CCCCC2)c2nc(N(CCO)CCO)nc(N3CCCCC3)c2n1	1	0	0.44357586	4	0.9205983452378349	0.8253968253968254	0.8264880952380953	0.8292053979125896	1.0	Weight-only
Oc1c2c(c(O)n1CC1CCCCC1CN1CCN(c3nsc4ccccc34)CC1)C1CCC2C1	0	0	0.39687365	4	0.8971329096408706	0.7692307692307693	0.776933198380567	0.7839388994464184	1.0	Weight-only
Oc1cc2cc(CCN3CCN(c4nsc5ccccc45)CC3)c(Cl)cc2[nH]1	0	0	0.45898134	4	0.8941139511659414	0.7272727272727273	0.7288367546432063	0.7350407298794397	1.0	Weight-only
C#CCC(Cc1cnc2nc(N)nc(N)c2n1)c1ccc(C(=O)NC(CCC(=O)O)C(=O)O)cc1	1	0	0.2949942	4	0.8919230572339014	0.703125	0.7283307453416148	0.7485927544256663	1.0	Weight-only
C#CCN(C)C(C)Cc1ccccc1	0	0	0.34546563	4	0.8993092443161608	0.5757575757575758	0.5854545454545456	0.6461726245583975	1.0	Weight-only
C#CCNC1CCc2ccccc21	1	0	0.3381172	4	0.893651220642757	0.7142857142857143	0.7209842331581462	0.7333736401369252	1.0	Weight-only
C=C1CC2C(CCC3(C)C(=O)CCC23)C2(C)C=CC(=O)C=C12	0	0	0.3380524	4	0.9017221508384603	0.5555555555555556	0.6209354575163399	0.6456177378358752	1.0	Weight-only
C=CCN1CC(C(=O)N(CCCN(C)C)C(=O)NCC)CC2c3cccc4[nH]cc(c34)CC21	1	0	0.16800523	4	0.8896618550387252	0.7640449438202247	0.7762062128222075	0.7812360580061068	1.0	Weight-only
CC#CC1(O)CCC2C3=C(C4=C(CC3)CC(=O)CC4)C(c3ccc(N(C)C)cc3)CC21C	0	0	0.33599824	4	0.9029339011832398	0.6708860759493671	0.6914313534566701	0.7096142221089069	1.0	Weight-only
CC#CCC(C)C(O)C=CC1C(O)CC2CC(=CCCCC(=O)O)CC21	1	0	0.12568732	4	0.9009963999562615	0.7176470588235294	0.7351336898395722	0.7589047245805693	0.9846153846153847	Weight-only
CC(=O)NCC1CN(c2ccc(N3CCOCC3)c(F)c2)C(=O)O1	0	0	0.47732645	4	0.8686217613690077	0.7473684210526316	0.7573743347131875	0.7611420949577974	0.9846153846153847	Weight-only
CC(C)(C#N)c1cc(Cn2cncn2)cc(C(C)(C)C#N)c1	1	0	0.29410487	4	0.9197425717561366	0.703125	0.7101325757575757	0.7202978247386141	1.0	Weight-only
CC(C)(C(=O)O)c1ccc(C(O)CCCN2CCC(C(O)(c3ccccc3)c3ccccc3)CC2)cc1	1	0	0.23324224	4	0.863190021789571	0.6818181818181818	0.6948051948051949	0.7112995029661696	0.9818181818181818	Weight-only
CC(C)(C)C(NC(=O)C(F)(F)F)C(=O)N1CC2C(C1C(=O)NC(C#N)CC1CCNC1=O)C2(C)C	0	0	0.28982466	4	0.8973290652477882	0.797979797979798	0.8000123685837972	0.80807453571651	0.989010989010989	Weight-only
CC(C)(C)NC(=O)NC(C(=O)N1CC2C(C1C(=O)NC(CC1CCC1)C(=O)C(N)=O)C2(C)C)C(C)(C)C	0	0	0.35798445	4	0.9026448065420705	0.7865168539325843	0.7891514916698954	0.7917730756465431	0.9868421052631579	Weight-only
CC(C)(C)NCC(O)COc1cccc2c1CC(O)C(O)C2	1	1	0.7016299	4	0.8757161927348948	0.5932203389830508	0.5974416373520947	0.628064443984608	1.0	Weight-only
CC(C)(C)NCC(O)COc1cccc2c1CCC(=O)N2	1	1	0.6387873	4	0.8721563765181629	0.6379310344827587	0.6412201591511937	0.6583726730127215	0.9818181818181818	Weight-only
CC(C)(C)c1ccc(C(=O)CCCN2CCC(OC(c3ccccc3)c3ccccc3)CC2)cc1	1	0	0.39441127	4	0.8607225259427268	0.6351351351351351	0.6565182829888712	0.663248286649821	0.9818181818181818	Weight-only
CC(C)(CO)c1cc2cc(NC(=O)C3(c4ccc5c(c4)OC(F)(F)O5)CC3)c(F)cc2n1CC(O)CO	0	1	0.6255237	4	0.886626785178666	0.7864077669902912	0.7941747572815534	0.8015776699029126	0.9864864864864865	Weight-only
CC(C)(O)c1ccccc1CCC(SCC1(CC(=O)O)CC1)c1cccc(C=Cc2ccc3ccc(Cl)cc3n2)c1	0	0	0.27625167	4	0.8833855941963775	0.7608695652173914	0.7715240191121949	0.7807382567086183	0.9878048780487805	Weight-only
CC(C)C(=O)OCC(=O)C12OC(C3CCCCC3)OC1CC1C3CC=C4CC(=O)C=CC4(C)C3C(O)CC12C	1	0	0.28465647	4	0.8930871075402396	0.4166666666666667	0.4518441328786157	0.5461130850935949	1.0	Weight-only
CC(C)CC(NC(=O)C(CCc1ccccc1)NC(=O)CN1CCOCC1)C(=O)NC(Cc1ccccc1)C(=O)NC(CC(C)C)C(=O)C1(C)CO1	1	0	0.30465016	4	0.8683214309637196	0.6571428571428571	0.6685908591703978	0.683272871537734	0.9866666666666667	Weight-only
CC(C)CC(NC(=O)C(Cc1ccccc1)NC(=O)c1cnccn1)B(O)O	1	1	0.5614881	4	0.8784714802806509	0.6923076923076923	0.7028846153846153	0.7110933048433048	1.0	Weight-only
CC(C)CC(NC(=O)CNC(=O)c1cc(Cl)ccc1Cl)B(O)O	0	1	0.6477384	4	0.8787126854338042	0.7192982456140351	0.7249791144527987	0.7324722965406953	1.0	Weight-only
CC(C)CC1C(=O)N2CCCC2C2(O)OC(NC(=O)C3C=C4c5cccc6[nH]c(Br)c(c56)CC4N(C)C3)(C(C)C)C(=O)N12	0	0	0.46310443	4	0.8807739425653053	0.7627118644067796	0.7753550160329821	0.7803231958884268	1.0	Weight-only
CC(C)CN(CC(O)C(Cc1ccccc1)NC(=O)OC1COC2OCCC12)S(=O)(=O)c1ccc(N)cc1	1	1	0.76740485	4	0.8782728841744719	0.7647058823529411	0.7653170359052712	0.7665115633030071	1.0	Weight-only
CC(C)COc1ccc(CNC(=O)N(Cc2ccc(F)cc2)C2CCN(C)CC2)cc1	0	1	0.76323086	4	0.8589455451955684	0.676056338028169	0.7012064327949974	0.709120287127006	0.9830508474576272	Weight-only
CC(C)NCC(C(=O)N1CCN(c2ncnc3c2C(C)CC3O)CC1)c1ccc(Cl)cc1	1	0	0.32769722	4	0.8711895678979653	0.7441860465116279	0.7528468323977547	0.756376895191735	1.0	Weight-only
CC(C)OC(=O)CCCC=CCC1C(O)CC(O)C1C=CC(O)COc1cccc(C(F)(F)F)c1	1	0	0.19971293	4	0.8782272145477856	0.5308641975308642	0.5380307136404697	0.6125474144444334	0.9866666666666667	Weight-only
CC(C)Oc1ccc(-c2nc(-c3cccc4c3CCC4NCCO)no2)cc1C#N	0	1	0.75284064	4	0.8869301226545275	0.7821782178217822	0.7849426164929865	0.7892297170740477	0.9863013698630136	Weight-only
CC(C)[N+]1(C)C2CCC1CC(OC(=O)C(CO)c1ccccc1)C2	1	0	0.42950752	4	0.8623220075499674	0.6885245901639344	0.6931147540983608	0.7052657724788873	1.0	Weight-only
CC(C)c1nc(CN(C)C(=O)NC(C(=O)NC(Cc2ccccc2)CC(O)C(Cc2ccccc2)NC(=O)OCc2cncs2)C(C)C)cs1	0	0	0.46383578	4	0.8895301198032779	0.375	0.5186170212765957	0.6215327029156816	1.0	Weight-only
CC(COc1ccccc1)N(CCCl)Cc1ccccc1	1	1	0.8860223	4	0.8908147109894398	0.7037037037037037	0.7093170311548076	0.7165926189055956	1.0	Weight-only
CC(Cn1ccc(-c2ccc(C#N)c(Cl)c2)n1)NC(=O)c1cc(C(C)O)[nH]n1	1	1	0.75177485	4	0.8838756096531715	0.7608695652173914	0.7656126482213438	0.7704582052408138	1.0	Weight-only
CC(O)(CS(=O)(=O)c1ccc(F)cc1)C(=O)Nc1ccc(C#N)c(C(F)(F)F)c1	1	1	0.57160366	4	0.8823460258581123	0.7230769230769231	0.7275170399221031	0.7317831254540115	1.0	Weight-only
CC(O)C(=O)Nc1c(I)c(C(=O)NC(CO)CO)c(I)c(C(=O)NC(CO)CO)c1I	1	1	0.59333265	4	0.9108785316928701	0.7586206896551724	0.7636691458192472	0.7723740081537983	1.0	Weight-only
CC(O)C(O)C1CNc2[nH]c(N)nc(=O)c2N1	0	1	0.58007383	4	0.8953223163001222	0.75	0.75	0.7513661202185791	1.0	Weight-only
CC(Oc1cc(-c2cnn(C3CCNCC3)c2)cnc1N)c1c(Cl)ccc(F)c1Cl	1	1	0.72850055	4	0.8943573830391589	0.7524752475247525	0.7630640958832725	0.7740400967881365	1.0	Weight-only
CC12C=CC(=O)C=C1CCC1C3CC(O)C(O)(C(=O)CO)C3(C)CC(O)C12F	0	0	0.30146748	4	0.8951783015138534	0.5571428571428572	0.5731746031746032	0.6012385762385762	0.9850746268656716	Weight-only
CC12CC3CC(C)(C1)CC(N)(C3)C2	0	1	0.5512152	4	0.9439166122604906	0.8444444444444444	0.8473668188736682	0.8499240178183856	1.0	Weight-only
CC1C(c2c(F)ccc(F)c2F)CC(NC(=O)c2cnc3c(c2)CC2(C3)C(=O)Nc3ncccc32)C(=O)N1CC(F)(F)F	1	1	0.5276306	4	0.8761351071285672	0.7747747747747747	0.7775921375921375	0.7814011920206609	0.9875	Weight-only
CC1CC2C3CC(F)C4=CC(=O)C=CC4(C)C3(F)C(O)CC2(C)C1(O)C(=O)SCF	1	0	0.2525626	4	0.9054069773025991	0.7380952380952381	0.7440336134453782	0.7508000169764877	0.9861111111111112	Weight-only
CC1CC2C3CC(F)C4=CC(=O)C=CC4(C)C3(F)C(O)CC2(C)C1(OC(=O)c1ccco1)C(=O)SCF	0	0	0.44549784	4	0.8975459755906859	0.7818181818181819	0.7842424242424244	0.7886202918460984	0.9876543209876543	Weight-only
CC1CC2C3CC=C4CC(=O)C=CC4(C)C3(Cl)C(O)CC2(C)C1(O)C(=O)CCl	0	0	0.08677182	4	0.9028928702110349	0.6511627906976745	0.6673367460864194	0.6889912408874661	1.0	Weight-only
CC1CC2C3CC=C4CC(=O)C=CC4(C)C3(Cl)C(O)CC2(C)C1(OC(=O)c1ccco1)C(=O)CCl	0	0	0.20717464	4	0.895182552099191	0.673469387755102	0.6950899171549807	0.7273197507826012	1.0	Weight-only
CC1CC2C3CC=C4CC(=O)C=CC4(C)C3(F)C(O)CC2(C)C1(O)C(=O)CO	1	0	0.10232184	4	0.8990253960962862	0.6190476190476191	0.6278388278388278	0.6438185058874715	0.9855072463768116	Weight-only
CC1Oc2cc(cnc2N)-c2c(nn(C)c2C#N)CN(C)C(=O)c2ccc(F)cc21	0	1	0.642887	4	0.8991745966293505	0.7956989247311828	0.7970200143001495	0.7995234736937794	1.0	Weight-only
CCC(=C(c1ccccc1)c1ccc(OCCN(C)C)cc1)c1ccccc1	0	1	0.7877149	4	0.888674929125257	0.45652173913043476	0.5539837736634075	0.6209000762776505	1.0	Weight-only
CCC(=O)C(CC(C)N(C)C)(c1ccccc1)c1ccccc1	1	0	0.36640465	4	0.8706182849113	0.6153846153846154	0.6358974358974359	0.6709401709401709	1.0	Weight-only
CCC(=O)OC1(C(=O)SCF)C(C)CC2C3CC(F)C4=CC(=O)C=CC4(C)C3(F)C(O)CC21C	0	0	0.37883407	4	0.902683056778553	0.7717391304347826	0.7770219728845256	0.7814874383216818	0.9864864864864865	Weight-only
CCC(=O)OCC(=O)C1(OC(=O)CC)C(C)CC2C3CC=C4CC(=O)C=CC4(C)C3(Cl)C(O)CC21C	0	0	0.14519727	4	0.8982372755117561	0.6413043478260869	0.6705481036077706	0.7038554756583834	1.0	Weight-only
CCC(C)(C)C(=O)OC1CC(C)C=C2C=CC(C)C(CCC3CC(O)CC(=O)O3)C21	0	1	0.57083577	4	0.8999814693749365	0.813953488372093	0.81468788249694	0.8170571778282916	0.9850746268656716	Weight-only
CCC(C)C(=O)OC1CC(O)C=C2C=CC(C)C(CCC(O)CC(O)CC(=O)O)C21	0	1	0.74154127	4	0.8935558560818364	0.7272727272727273	0.7318181818181818	0.7505411255411255	0.9852941176470589	Weight-only
CCC(c1cccc(O)c1)C(C)CN(C)C	0	0	0.4732817	4	0.89478586294363	0.5952380952380952	0.6346938775510204	0.668698926111325	1.0	Weight-only
CCC=CCC=CCC=CCC=CCC=CCCCC(=O)OCC	0	0	0.17470033	4	0.9058218240498098	0.6904761904761905	0.7044177067432881	0.7176078966776641	1.0	Weight-only
CCCC(NC(=O)C1C2CCCC2CN1C(=O)C(NC(=O)C(NC(=O)c1cnccn1)C1CCCCC1)C(C)(C)C)C(=O)C(=O)NC1CC1	0	0	0.38306376	4	0.8981258192484919	0.71875	0.7263956310679612	0.7314927184466018	0.9880952380952381	Weight-only
CCCC1CC(C(=O)NC(C(C)Cl)C2OC(SC)C(O)C(O)C2O)N(C)C1	0	1	0.5774801	4	0.8991638135074044	0.7681159420289855	0.7735132433783108	0.7771114442778612	0.9857142857142858	Weight-only
CCCCC(=O)N(Cc1ccc(-c2ccccc2-c2nn[nH]n2)cc1)C(C(=O)O)C(C)C	1	1	0.67413217	4	0.8750012838132731	0.7272727272727273	0.7291471415182755	0.7367050987276212	1.0	Weight-only
CCCCC(C)(O)CC=CC1C(O)CC(=O)C1CCCCCCC(=O)OC	1	0	0.17279828	4	0.8878874873356072	0.7195121951219512	0.7328837876614059	0.7430688614286521	0.9833333333333333	Weight-only
CCCCC(F)(F)C1(O)CCC2C(CC(=O)C2CCCCCCC(=O)O)O1	1	0	0.1976388	4	0.8981589237535004	0.7313432835820896	0.7596749494660759	0.7679123540281972	0.9871794871794872	Weight-only
CCCCC1=NC2(CCCC2)C(=O)N1Cc1ccc(-c2ccccc2-c2nn[nH]n2)cc1	1	1	0.8155535	4	0.8860291422399581	0.7571428571428571	0.7682097649186256	0.780650994575045	1.0	Weight-only
CCCCCC(C)(O)C=CC1C(O)CC(O)C1CC=CCCCC(=O)O	0	0	0.08062892	4	0.9051113967303837	0.5633802816901409	0.6011860637509266	0.6743070363557419	0.9864864864864865	Weight-only
CCCCCC(O)C=CC1C(O)CC(=O)C1CC=CCCCC(=O)O	1	0	0.16211596	4	0.8903400263092868	0.5694444444444444	0.6201476793248946	0.6792153398699537	1.0	Weight-only
CCCCCC(O)C=CC1C(O)CC(=O)C1CCCCCCC(=O)O	0	0	0.17617801	4	0.8858773613977992	0.6842105263157895	0.6878596491228071	0.7091202225962157	1.0	Weight-only
CCCCCC(O)C=CC1C(O)CC2OC(=CCCCC(=O)O)CC21	1	0	0.094039045	4	0.893867368814318	0.6363636363636364	0.6818181818181819	0.7249389318016769	1.0	Weight-only
CCCCCC(O)CCC1C(O)CC2Cc3c(cccc3OCC(=O)O)CC21	1	0	0.33001557	4	0.8725933976444492	0.6625	0.6949358974358975	0.7186965811965812	0.9841269841269841	Weight-only
CCCCCCCC(=O)NC(CN1CCCC1)C(O)c1ccc2c(c1)OCCO2	0	0	0.2367984	4	0.8768248155921462	0.7368421052631579	0.740682788051209	0.747545242611032	1.0	Weight-only
CCCCN1CCCCC1C(=O)Nc1c(C)cccc1C	1	1	0.5299331	4	0.8611675648543914	0.3111111111111111	0.43764705882352944	0.5447380884721037	1.0	Weight-only
CCCCNc1ccc(C(=O)OCCOCCOCCOCCOCCOCCOCCOCCOCCOC)cc1	1	1	0.8523027	4	0.8763523114019485	0.6557377049180327	0.678188385662684	0.7026972512940837	1.0	Weight-only
CCCCc1nc(Cl)c(CO)n1Cc1ccc(-c2ccccc2-c2nn[nH]n2)cc1	1	1	0.80311215	4	0.8972767043000889	0.7878787878787878	0.7921022727272726	0.7975958556676562	1.0	Weight-only
CCCN1CCCCC1C(=O)Nc1c(C)cccc1C	1	1	0.5041583	4	0.859267934132218	0.27906976744186046	0.4123398196487898	0.5259606098600496	1.0	Weight-only
CCCNC1CCc2nc(N)sc2C1	0	1	0.6148796	4	0.9163060522795998	0.8095238095238095	0.8254464285714285	0.8295045111742871	1.0	Weight-only
CCCc1nc(C(C)(C)O)c(C(=O)O)n1Cc1ccc(-c2ccccc2-c2nn[nH]n2)cc1	0	1	0.65739655	4	0.878438401443626	0.7567567567567568	0.7592086932293117	0.7654130331252506	0.984375	Weight-only
CCCc1nc2c(C)cc(-c3nc4ccccc4n3C)cc2n1Cc1ccc(-c2ccccc2C(=O)O)cc1	1	1	0.76696116	4	0.8813849045066326	0.7228915662650602	0.7384968445209409	0.7517164470566313	1.0	Weight-only
CCN(C)C(=O)Oc1cccc(C(C)N(C)C)c1	1	1	0.51195216	4	0.8721812813774703	0.5957446808510638	0.6268345636126791	0.6636813779885476	1.0	Weight-only
CCN(CC)CC#CCOC(=O)C(O)(c1ccccc1)C1CCCCC1	0	0	0.3319443	4	0.8701547666082438	0.6833333333333333	0.7009592822636301	0.7148737635150678	0.9803921568627451	Weight-only
CCN(c1cc(-c2ccc(CN3CCOCC3)cc2)cc(C(=O)NCc2c(C)cc(C)[nH]c2=O)c1C)C1CCOCC1	0	0	0.4463826	4	0.8806959067647524	0.7714285714285715	0.7719480519480519	0.7725802499387405	1.0	Weight-only
CCOC(=O)C1(c2ccccc2)CCN(C)CC1	0	1	0.7389178	4	0.8472638619966367	0.6440677966101694	0.6556714471968709	0.6670396928871506	1.0	Weight-only
CCOC(=O)C1(c2ccccc2)CCN(CCC(C#N)(c2ccccc2)c2ccccc2)CC1	0	1	0.5284183	4	0.8645772334913017	0.6376811594202898	0.6600596760443308	0.6909719531202907	0.9814814814814815	Weight-only
CCOC(=O)C1=C(C)N=C(C)C(C(=O)OC)C1c1cccc(Cl)c1Cl	1	1	0.8077434	4	0.8620192648441481	0.2037037037037037	0.3711366538952746	0.4946184733028401	1.0	Weight-only
CCOC(=O)C1=C(COCCN)N=C(C)C(C(=O)OC)C1c1ccccc1Cl	1	1	0.8041108	4	0.871470026537116	0.5	0.5529411764705883	0.6269032524412725	1.0	Weight-only
CCOC(=O)C1=CC(OC(CC)CC)C(NC(C)=O)C(N)C1	0	1	0.7284266	4	0.8783407935461509	0.7164179104477612	0.7217426381605486	0.7308755044723093	0.9791666666666666	Weight-only
CCOC(=O)c1ccc(N)cc1	1	1	0.7170352	4	0.872179735326451	0.7380952380952381	0.7437456342107505	0.7465253523393058	1.0	Weight-only
CCOC(=O)c1ncn2c1CN(C)C(=O)c1cc(F)ccc1-2	1	1	0.70103055	4	0.8687630606814567	0.7471264367816092	0.7494252873563219	0.7544426199598614	0.9818181818181818	Weight-only
CCOc1ccccc1OCCNC(C)Cc1ccc(OC)c(S(N)(=O)=O)c1	1	1	0.6691738	4	0.8828785415352423	0.6511627906976745	0.6742100166081656	0.6916565408815661	1.0	Weight-only
CCOc1nc2cccc(C(=O)O)c2n1Cc1ccc(-c2ccccc2-c2nn[nH]n2)cc1	1	1	0.68562037	4	0.8721170880383888	0.7555555555555555	0.7560360360360361	0.7582707707707709	1.0	Weight-only
CCOc1nc2cccc(C(=O)OC(C)OC(=O)OC3CCCCC3)c2n1Cc1ccc(-c2ccccc2-c2nn[nH]n2)cc1	1	1	0.7881757	4	0.8753800691461798	0.7545454545454545	0.7621612349914237	0.7679437649284238	1.0	Weight-only
CN(C)C(=O)C(CCN1CCC(O)(c2ccc(Cl)cc2)CC1)(c1ccccc1)c1ccccc1	0	0	0.32009968	4	0.8680015573711463	0.5483870967741935	0.6055028462998102	0.6487434113430319	0.98	Weight-only
CN(C)CCC(c1ccc(Cl)cc1)c1ccccn1	1	1	0.5437124	4	0.8897305834186445	0.6666666666666666	0.6857142857142857	0.7006404901141744	1.0	Weight-only
CN(C)CCC=C1c2ccccc2C=Cc2ccccc21	1	1	0.5945599	4	0.9134103252715164	0.6428571428571429	0.6671428571428573	0.7055056404113009	1.0	Weight-only
CN(C)CCC=C1c2ccccc2CCc2ccccc21	1	1	0.58486354	4	0.9028269107489725	0.3888888888888889	0.46747967479674796	0.5525078653085382	1.0	Weight-only
CN(C)CCC=C1c2ccccc2COc2ccccc21	1	1	0.5686055	4	0.9079957175006109	0.5681818181818182	0.615909090909091	0.6659107522594364	1.0	Weight-only
CN(C)CCOC(=O)C(c1ccccc1)C1(O)CCCC1	1	1	0.6931444	4	0.8596102251538047	0.6226415094339622	0.62456529781724	0.6428879727991826	1.0	Weight-only
CN(C)CCOC(C)(c1ccccc1)c1ccccn1	0	1	0.85040635	4	0.8974179459107973	0.6111111111111112	0.648768472906404	0.6902855726839258	1.0	Weight-only
CN(C)CCOC(c1ccccc1)c1ccccc1	0	1	0.85588497	4	0.8958964946744021	0.7142857142857143	0.7232142857142857	0.7275686400686401	1.0	Weight-only
CN(C)CCc1c[nH]c2ccc(CC3COC(=O)N3)cc12	0	1	0.6100142	4	0.8956177412532821	0.7294117647058823	0.7480948200175592	0.765568986288916	1.0	Weight-only
CN(C)CCc1c[nH]c2ccc(CS(=O)(=O)N3CCCC3)cc12	1	1	0.5701227	4	0.8953184778226003	0.7073170731707317	0.7320825515947467	0.7550729554555474	1.0	Weight-only
CN(C)CCc1c[nH]c2ccc(Cn3cncn3)cc12	0	1	0.5820637	4	0.9109041803396405	0.7466666666666667	0.7488774557690221	0.7535233684631275	1.0	Weight-only
CN(Cc1cnc2nc(N)nc(N)c2n1)c1ccc(C(=O)NC(CCC(=O)O)C(=O)O)cc1	0	1	0.58416593	4	0.8801232538112758	0.6885245901639344	0.7205357944445442	0.7436927492995233	1.0	Weight-only
CN1C2CC(OC(=O)C(CO)c3ccccc3)CC1C1OC12	0	1	0.51456285	4	0.8535315380297082	0.6779661016949152	0.6861447403820286	0.6960810689624249	1.0	Weight-only
CN1C2CCC1CC(OC(=O)C(CO)c1ccccc1)C2	1	1	0.5795779	4	0.8497239357215721	0.6666666666666666	0.6714285714285715	0.6839682539682541	0.9772727272727273	Weight-only
CN1C2CCCC1CC(NC(=O)c1nn(C)c3ccccc13)C2	1	1	0.6766111	4	0.8649825867218549	0.7419354838709677	0.7437528396183553	0.7513464523701348	1.0	Weight-only
CN1CC(C(=O)NC2(C)OC3(O)C4CCCN4C(=O)C(Cc4ccccc4)N3C2=O)CC2c3cccc4[nH]cc(c34)CC21	1	0	0.2282123	4	0.8786582460787986	0.7525773195876289	0.7624040882076888	0.765659704200574	1.0	Weight-only
CN1CCC(NC(=O)Nc2ccc(C#N)cc2)CC1c1nc2ccccc2[nH]1	1	0	0.4683382	4	0.8777242049705981	0.7575757575757576	0.7638787878787878	0.7688308858897094	1.0	Weight-only
CN1CCCC(n2nc(Cc3ccc(Cl)cc3)c3ccccc3c2=O)CC1	0	1	0.5804105	4	0.87579567733246	0.7142857142857143	0.7222169135212614	0.732678992323818	1.0	Weight-only
CN1CCCC1Cc1c[nH]c2ccc(CCS(=O)(=O)c3ccccc3)cc12	0	0	0.4140861	4	0.8828325210658173	0.7191011235955056	0.7341633768600062	0.7500996427084815	1.0	Weight-only
CN1CCN(c2ccc(C(=O)Nc3[nH]nc4ccc(Cc5cc(F)cc(F)c5)cc34)c(NC3CCOCC3)c2)CC1	1	1	0.5505866	4	0.8748662093260207	0.6923076923076923	0.724877285106244	0.73899422965083	0.9878048780487805	Weight-only
CN1c2c([nH]c(N)nc2=O)NCC1CNc1ccc(C(=O)NC(CCC(=O)O)C(=O)O)cc1	0	0	0.4492318	4	0.8721275653217457	0.7121212121212122	0.7508059316569955	0.765245670270023	1.0	Weight-only
CN=C1CN(O)C(c2ccccc2)=c2cc(Cl)ccc2=N1	0	1	0.81897414	4	0.894054137647087	0.6935483870967742	0.698740903024351	0.705948953410614	1.0	Weight-only
CNC(=O)c1ccc(N2C(=S)N(c3ccc(C#N)c(C(F)(F)F)c3)C(=O)C2(C)C)cc1F	1	1	0.553393	4	0.8939629682989547	0.39473684210526316	0.5357432041642568	0.6315592538003405	0.9852941176470589	Weight-only
CNC1CCC(c2ccc(Cl)c(Cl)c2)c2ccccc21	0	1	0.59361327	4	0.8975530723010446	0.7636363636363637	0.7686295793758481	0.7725111814664054	1.0	Weight-only
CNCCC(Oc1ccccc1C)c1ccccc1	0	0	0.4900145	4	0.8929639850120711	0.4418604651162791	0.4817829457364341	0.5554846536837461	1.0	Weight-only
CNS(=O)(=O)CCc1ccc2[nH]cc(C3CCN(C)CC3)c2c1	1	1	0.6587496	4	0.8843812296070966	0.76	0.7694825174825175	0.7714857981524648	1.0	Weight-only
CNS(=O)(=O)Cc1ccc2[nH]cc(CCN(C)C)c2c1	0	1	0.69832385	4	0.901259466348189	0.725	0.7317741935483871	0.7394746477378662	1.0	Weight-only
COC(=O)C1C(OC(=O)c2ccccc2)CC2CCC1N2C	1	1	0.8537717	4	0.8621480117644019	0.72	0.72	0.7204371584699453	1.0	Weight-only
COC(=O)N(C)c1c(N)nc(-c2nn(Cc3ccccc3F)c3ncccc23)nc1N	1	1	0.61630565	4	0.8718703765120216	0.7659574468085106	0.7684376259798432	0.7720012442453651	0.9848484848484849	Weight-only
COC(=O)NC(C(=O)NC(Cc1ccccc1)C(O)CN(Cc1ccc(-c2ccccn2)cc1)NC(=O)C(NC(=O)OC)C(C)(C)C)C(C)(C)C	0	1	0.8016369	4	0.8854437498259609	0.7472527472527473	0.7506772297469972	0.7531589857171253	1.0	Weight-only
COC(=O)NC(C)CNc1nccc(-c2cn(C(C)C)nc2-c2cc(Cl)cc(NS(C)(=O)=O)c2F)n1	0	0	0.48485908	4	0.8777559686179364	0.7009345794392523	0.7155102426130464	0.728657289404953	0.9873417721518988	Weight-only
COCC(=O)Nc1c(I)c(C(=O)NCC(O)CO)c(I)c(C(=O)N(C)CC(O)CO)c1I	1	1	0.8438022	4	0.9134135557166524	0.7848101265822784	0.7851717902350813	0.7902629875203714	1.0	Weight-only
CONC(=O)Nc1ccc(-c2sc3c(c2CN(C)C)c(=O)n(-c2ccc(OC)nn2)c(=O)n3Cc2c(F)cccc2F)cc1	0	1	0.7175825	4	0.8870023445975381	0.7610619469026548	0.7659632402995235	0.7785749657848506	0.9873417721518988	Weight-only
COc1cc(OC)cc(N(CCNC(C)C)c2ccc3ncc(-c4cnn(C)c4)nc3c2)c1	0	1	0.85462606	4	0.8934098785361272	0.7733333333333333	0.7755384615384615	0.7785465266149766	1.0	Weight-only
COc1ccc(-n2nc(C(N)=O)c3c2C(=O)N(c2ccc(N4CCCCC4=O)cc2)CC3)cc1	1	0	0.46735162	4	0.8793152871967089	0.7575757575757576	0.7607954545454545	0.7641438422688422	0.9848484848484849	Weight-only
COc1ccc(CN(CCN(C)C)c2ccccn2)cc1	0	1	0.8644235	4	0.899703289913562	0.640625	0.6691676267281107	0.6942326414153663	1.0	Weight-only
COc1ccc(CN2C3CC2CN(c2ccc(-c4cc(OCC(C)(C)O)cn5ncc(C#N)c45)cn2)C3)cn1	0	1	0.5473757	4	0.89889382802095	0.7798165137614679	0.786081494338375	0.7930943175591493	0.9876543209876543	Weight-only
COc1ccccc1OCC(O)CO	0	1	0.8125491	4	0.8815716347315489	0.3235294117647059	0.520607593629817	0.5665735554618708	1.0	Weight-only
COc1ccccc1OCCNCC(O)COc1cccc2[nH]c3ccccc3c12	1	1	0.8293865	4	0.8898156373620119	0.5818181818181818	0.594558362529965	0.6158948056175912	1.0	Weight-only
COc1nc2ccc(Br)cc2cc1C(c1ccccc1)C(O)(CCN(C)C)c1cccc2ccccc12	1	0	0.38107628	4	0.8944491490602198	0.7669902912621359	0.7697179842810911	0.7717717045935023	1.0	Weight-only
CS(=O)(=O)c1ccc(Oc2cc(F)cc(C#N)c2)c2c1C(O)C(F)C2F	1	1	0.77417785	4	0.9027492489510831	0.7701149425287356	0.7820519215979713	0.7879173691243445	1.0	Weight-only
C[N+]1(C)CCC(OC(=O)C(O)(c2ccccc2)C2CCCC2)C1	0	0	0.42660734	4	0.8811536227930981	0.6984126984126984	0.7063715627095908	0.715545695827386	1.0	Weight-only
Cc1[nH]c(=O)c(C#N)cc1-c1ccncc1	1	1	0.735616	4	0.9053358110546196	0.7758620689655172	0.7833254605573925	0.7889975954674159	1.0	Weight-only
Cc1cc(=O)n(-c2ccccc2)[nH]1	0	0	0.35915616	4	0.8904694144493333	0.723404255319149	0.7393057110862262	0.7519309730955868	1.0	Weight-only
Cc1ccc(-c2cc(C(F)(F)F)nn2-c2ccc(S(N)(=O)=O)cc2)cc1	1	0	0.46547285	4	0.9031191376251717	0.6785714285714286	0.7508866995073892	0.7624125767803929	1.0	Weight-only
Cc1ccc(-c2nc3ccc(C)cn3c2CC(=O)N(C)C)cc1	0	1	0.7159235	4	0.8907157521426146	0.7931034482758621	0.7943672959900139	0.8032787152913363	1.0	Weight-only
Cc1ccc(=O)n(-c2ccccc2)c1	0	0	0.371453	4	0.8975167515612429	0.7446808510638298	0.7551418439716312	0.7666093032957864	1.0	Weight-only
Cc1ccc(NC(=O)C2(c3ccc4c(c3)OC(F)(F)O4)CC2)nc1-c1cccc(C(=O)O)c1	0	1	0.6112681	4	0.8793390318531206	0.7303370786516854	0.741059390048154	0.7518958435269735	1.0	Weight-only
Cc1cccc(C)c1OCC(=O)NC(Cc1ccccc1)C(O)CC(Cc1ccccc1)NC(=O)C(C(C)C)N1CCCNC1=O	1	1	0.6722051	4	0.872714734500319	0.7058823529411765	0.7180349062702004	0.7270921746625071	1.0	Weight-only
Cc1nc(-c2ccc(OCC(C)C)c(C#N)c2)sc1C(=O)O	1	1	0.84367734	4	0.8784748304110424	0.7738095238095238	0.774772752777466	0.7754585468646741	1.0	Weight-only
Cc1nc(NC(=O)N2CCCC2C(N)=O)sc1-c1ccnc(C(C)(C)C(F)(F)F)c1	0	1	0.740893	4	0.8765277465911291	0.75	0.7511235955056179	0.7558382903723286	0.9850746268656716	Weight-only
Cc1ncc([N+](=O)[O-])n1CCO	0	0	0.4968555	4	0.8977576827174251	0.7727272727272727	0.7806753980482795	0.7874122581749701	1.0	Weight-only
Cn1c(CNc2ccc(C(=N)N)cc2)nc2cc(C(=O)N(CCC(=O)O)c3ccccn3)ccc21	1	1	0.9186688	4	0.8766505673044743	0.36046511627906974	0.4583843329253366	0.5688230049715157	1.0	Weight-only
N#Cc1ccccc1-c1cc(-c2ccccn2)cn(-c2ccccc2)c1=O	0	1	0.75215155	4	0.9086431326448146	0.7619047619047619	0.7676691729323307	0.7736097490102066	1.0	Weight-only
N=c1cc(N2CCCCC2)nc(N)n1O	0	0	0.30288482	4	0.9125894817377385	0.8115942028985508	0.8136231884057971	0.8158645855563962	1.0	Weight-only
NC12CC3CC(CC(C3)C1)C2	0	1	0.5801155	4	0.9583199959217905	0.8333333333333334	0.8346938775510203	0.8474694842475997	1.0	Weight-only
Nc1ccc(O)c(C(=O)O)c1	0	0	0.1818043	4	0.8903796992153485	0.6444444444444445	0.6658732416627153	0.6710355627343216	1.0	Weight-only
Nc1ccncc1	0	0	0.34181264	4	0.9315297328439894	0.7837837837837838	0.7841698841698841	0.7896181896181895	1.0	Weight-only
Nc1ccncc1N	0	0	0.3322025	4	0.9316232304174984	0.7241379310344828	0.7599254426840634	0.7813733273503387	1.0	Weight-only
Nc1nc(=O)c2c(CCc3ccc(C(=O)NC(CCC(=O)O)C(=O)O)cc3)c[nH]c2[nH]1	1	0	0.44136676	4	0.8858990127202183	0.6779661016949152	0.7281631848640127	0.7469492776745438	1.0	Weight-only
Nc1nc(=O)c2c([nH]1)NCC(CNc1ccc(C(=O)NC(CCC(=O)O)C(=O)O)cc1)N2C=O	1	0	0.28220809	4	0.8816714944354445	0.7164179104477612	0.7523680299799702	0.7707621694153771	1.0	Weight-only
Nc1nc(=O)c2nc(CNc3ccc(C(=O)NC(CCC(=O)O)C(=O)O)cc3)cnc2[nH]1	0	0	0.401755	4	0.8838326750256542	0.6833333333333333	0.7133333333333334	0.7305510388437219	1.0	Weight-only
O=C(C=Cn1cnc(-c2cc(C(F)(F)F)cc(C(F)(F)F)c2)n1)NNc1cnccn1	1	1	0.6371225	4	0.9111302105826973	0.7340425531914894	0.7559184896613724	0.7727431643374104	1.0	Weight-only
O=C(NCC1CN(c2ccc(N3CCOCC3=O)cc2)C(=O)O1)c1ccc(Cl)s1	1	0	0.4143924	4	0.8854841775082497	0.7659574468085106	0.7764575849682233	0.7842690702423328	1.0	Weight-only
O=C(OC1CN2CCC1CC2)N1CCc2ccccc2C1c1ccccc1	0	0	0.45409906	4	0.8842713402240356	0.696969696969697	0.7056818181818182	0.7288382913382914	1.0	Weight-only
O=C(c1cc(Cc2n[nH]c(=O)c3ccccc23)ccc1F)N1CCN(C(=O)C2CC2)CC1	0	0	0.4983995	4	0.8735491196820612	0.7625	0.7639197530864197	0.7659414043673302	0.9855072463768116	Weight-only
O=C1CC2(CCCC2)CC(=O)N1CCCCN1CCN(c2ncccn2)CC1	0	0	0.28692338	4	0.8902984487716357	0.7297297297297297	0.7334900117508812	0.7412911863593239	1.0	Weight-only
O=C1Nc2ccc(Cl)cc2C(C#CC2CC2)(C(F)(F)F)O1	0	1	0.67148256	4	0.9017736293583508	0.7258064516129032	0.7341337214002749	0.744360902255639	1.0	Weight-only
O=P(O)(O)C(O)(Cc1cccnc1)P(=O)(O)O	0	0	0.20241615	4	0.8988189734919673	0.6111111111111112	0.6249322493224934	0.6585793110183354	0.9873417721518988	Weight-only
O=P1(N(CCCl)CCCl)NCCCO1	1	1	0.76736516	4	0.9435845493057665	0.78125	0.8080129407351839	0.8220860423439194	1.0	Weight-only
O=P1(NCCCl)OCCCN1CCCl	0	1	0.5923531	4	0.9333770223081332	0.8043478260869565	0.8235573122529644	0.8334798358068412	1.0	Weight-only
O=c1ccc2ccc(OCCCCN3CCN(c4cccc5sccc45)CC3)cc2[nH]1	0	0	0.30056453	4	0.885965889496798	0.5657894736842105	0.6347117794486216	0.6815418175067297	1.0	Weight-only
OC(Cn1cncn1)(Cn1cncn1)c1ccc(F)cc1F	1	0	0.40174645	4	0.9044549689745007	0.40384615384615385	0.44513993631640697	0.5571038861888535	1.0	Weight-only
OCCN(CCO)c1nc(N2CCCCC2)c2nc(N(CCO)CCO)nc(N3CCCCC3)c2n1	1	0	0.47702202	4	0.9205983452378349	0.8253968253968254	0.8264880952380953	0.8292053979125896	1.0	Weight-only
Oc1c2c(c(O)n1CC1CCCCC1CN1CCN(c3nsc4ccccc34)CC1)C1CCC2C1	0	0	0.42033336	4	0.8971329096408706	0.7692307692307693	0.776933198380567	0.7839388994464184	1.0	Weight-only
Oc1cc2cc(CCN3CCN(c4nsc5ccccc45)CC3)c(Cl)cc2[nH]1	0	0	0.46606782	4	0.8941139511659414	0.7272727272727273	0.7288367546432063	0.7350407298794397	1.0	Weight-only
c1cc(CN2CCCNCCNCCCNCC2)ccc1CN1CCCNCCNCCCNCC1	1	0	0.37028754	4	0.9111004929171062	0.717391304347826	0.7437681159420289	0.7616794543904518	1.0	Weight-only
C#CCN(C)C(C)Cc1ccccc1	0	0	0.3010419	4	0.8993092443161608	0.5757575757575758	0.5854545454545456	0.6461726245583975	1.0	Weight-only
C#CCNC1CCc2ccccc21	0	0	0.30323318	4	0.893651220642757	0.7142857142857143	0.7209842331581462	0.7333736401369252	1.0	Weight-only
C=C1CC2C(CCC3(C)C(=O)CCC23)C2(C)C=CC(=O)C=C12	0	0	0.31375742	4	0.9017221508384603	0.5555555555555556	0.6209354575163399	0.6456177378358752	1.0	Weight-only
C=CCN1CC(C(=O)N(CCCN(C)C)C(=O)NCC)CC2c3cccc4[nH]cc(c34)CC21	0	0	0.14852	4	0.8896618550387252	0.7640449438202247	0.7762062128222075	0.7812360580061068	1.0	Weight-only
CC#CC1(O)CCC2C3=C(C4=C(CC3)CC(=O)CC4)C(c3ccc(N(C)C)cc3)CC21C	0	0	0.3029799	4	0.9029339011832398	0.6708860759493671	0.6914313534566701	0.7096142221089069	1.0	Weight-only
CC#CCC(C)C(O)C=CC1C(O)CC2CC(=CCCCC(=O)O)CC21	1	0	0.10971641	4	0.9009963999562615	0.7176470588235294	0.7351336898395722	0.7589047245805693	0.9846153846153847	Weight-only
CC(=O)NCC1CN(c2ccc(N3CCOCC3)c(F)c2)C(=O)O1	0	0	0.4401147	4	0.8686217613690077	0.7473684210526316	0.7573743347131875	0.7611420949577974	0.9846153846153847	Weight-only
CC(C)(C#N)c1cc(Cn2cncn2)cc(C(C)(C)C#N)c1	0	0	0.254735	4	0.9197425717561366	0.703125	0.7101325757575757	0.7202978247386141	1.0	Weight-only
CC(C)(C(=O)O)c1ccc(C(O)CCCN2CCC(C(O)(c3ccccc3)c3ccccc3)CC2)cc1	0	0	0.2128528	4	0.863190021789571	0.6818181818181818	0.6948051948051949	0.7112995029661696	0.9818181818181818	Weight-only
CC(C)(C)C(NC(=O)C(F)(F)F)C(=O)N1CC2C(C1C(=O)NC(C#N)CC1CCNC1=O)C2(C)C	0	0	0.26469868	4	0.8973290652477882	0.797979797979798	0.8000123685837972	0.80807453571651	0.989010989010989	Weight-only
CC(C)(C)NC(=O)NC(C(=O)N1CC2C(C1C(=O)NC(CC1CCC1)C(=O)C(N)=O)C2(C)C)C(C)(C)C	0	0	0.33051056	4	0.9026448065420705	0.7865168539325843	0.7891514916698954	0.7917730756465431	0.9868421052631579	Weight-only
CC(C)(C)NCC(O)COc1cccc2c1CC(O)C(O)C2	1	1	0.65405214	4	0.8757161927348948	0.5932203389830508	0.5974416373520947	0.628064443984608	1.0	Weight-only
CC(C)(C)c1ccc(C(=O)CCCN2CCC(OC(c3ccccc3)c3ccccc3)CC2)cc1	1	0	0.36185703	4	0.8607225259427268	0.6351351351351351	0.6565182829888712	0.663248286649821	0.9818181818181818	Weight-only
CC(C)(CO)c1cc2cc(NC(=O)C3(c4ccc5c(c4)OC(F)(F)O5)CC3)c(F)cc2n1CC(O)CO	0	1	0.5764115	4	0.886626785178666	0.7864077669902912	0.7941747572815534	0.8015776699029126	0.9864864864864865	Weight-only
CC(C)(O)c1ccccc1CCC(SCC1(CC(=O)O)CC1)c1cccc(C=Cc2ccc3ccc(Cl)cc3n2)c1	0	0	0.26426965	4	0.8833855941963775	0.7608695652173914	0.7715240191121949	0.7807382567086183	0.9878048780487805	Weight-only
CC(C)C(=O)OCC(=O)C12OC(C3CCCCC3)OC1CC1C3CC=C4CC(=O)C=CC4(C)C3C(O)CC12C	0	0	0.2613535	4	0.8930871075402396	0.4166666666666667	0.4518441328786157	0.5461130850935949	1.0	Weight-only
CC(C)CC(NC(=O)C(CCc1ccccc1)NC(=O)CN1CCOCC1)C(=O)NC(Cc1ccccc1)C(=O)NC(CC(C)C)C(=O)C1(C)CO1	1	0	0.27675498	4	0.8683214309637196	0.6571428571428571	0.6685908591703978	0.683272871537734	0.9866666666666667	Weight-only
CC(C)CC(NC(=O)C(Cc1ccccc1)NC(=O)c1cnccn1)B(O)O	1	1	0.5247519	4	0.8784714802806509	0.6923076923076923	0.7028846153846153	0.7110933048433048	1.0	Weight-only
CC(C)CC(NC(=O)CNC(=O)c1cc(Cl)ccc1Cl)B(O)O	0	1	0.6123723	4	0.8787126854338042	0.7192982456140351	0.7249791144527987	0.7324722965406953	1.0	Weight-only
CC(C)CC1C(=O)N2CCCC2C2(O)OC(NC(=O)C3C=C4c5cccc6[nH]c(Br)c(c56)CC4N(C)C3)(C(C)C)C(=O)N12	1	0	0.43408358	4	0.8807739425653053	0.7627118644067796	0.7753550160329821	0.7803231958884268	1.0	Weight-only
CC(C)CN(CC(O)C(Cc1ccccc1)NC(=O)OC1COC2OCCC12)S(=O)(=O)c1ccc(N)cc1	0	1	0.7316145	4	0.8782728841744719	0.7647058823529411	0.7653170359052712	0.7665115633030071	1.0	Weight-only
CC(C)COc1ccc(CNC(=O)N(Cc2ccc(F)cc2)C2CCN(C)CC2)cc1	0	1	0.7334319	4	0.8589455451955684	0.676056338028169	0.7012064327949974	0.709120287127006	0.9830508474576272	Weight-only
CC(C)OC(=O)CCCC=CCC1C(O)CC(O)C1C=CC(O)COc1cccc(C(F)(F)F)c1	0	0	0.1744898	4	0.8782272145477856	0.5308641975308642	0.5380307136404697	0.6125474144444334	0.9866666666666667	Weight-only
CC(C)Oc1ccc(-c2nc(-c3cccc4c3CCC4NCCO)no2)cc1C#N	0	1	0.7187732	4	0.8869301226545275	0.7821782178217822	0.7849426164929865	0.7892297170740477	0.9863013698630136	Weight-only
CC(C)[N+]1(C)C2CCC1CC(OC(=O)C(CO)c1ccccc1)C2	1	0	0.38131815	4	0.8623220075499674	0.6885245901639344	0.6931147540983608	0.7052657724788873	1.0	Weight-only
CC(C)c1nc(CN(C)C(=O)NC(C(=O)NC(Cc2ccccc2)CC(O)C(Cc2ccccc2)NC(=O)OCc2cncs2)C(C)C)cs1	0	0	0.4298818	4	0.8895301198032779	0.375	0.5186170212765957	0.6215327029156816	1.0	Weight-only
CC(Cn1ccc(-c2ccc(C#N)c(Cl)c2)n1)NC(=O)c1cc(C(C)O)[nH]n1	1	1	0.72371113	4	0.8838756096531715	0.7608695652173914	0.7656126482213438	0.7704582052408138	1.0	Weight-only
CC(O)(CS(=O)(=O)c1ccc(F)cc1)C(=O)Nc1ccc(C#N)c(C(F)(F)F)c1	1	1	0.51740575	4	0.8823460258581123	0.7230769230769231	0.7275170399221031	0.7317831254540115	1.0	Weight-only
CC(O)C(=O)Nc1c(I)c(C(=O)NC(CO)CO)c(I)c(C(=O)NC(CO)CO)c1I	1	1	0.5394885	4	0.9108785316928701	0.7586206896551724	0.7636691458192472	0.7723740081537983	1.0	Weight-only
CC(O)C(O)C1CNc2[nH]c(N)nc(=O)c2N1	0	1	0.539605	4	0.8953223163001222	0.75	0.75	0.7513661202185791	1.0	Weight-only
CC(Oc1cc(-c2cnn(C3CCNCC3)c2)cnc1N)c1c(Cl)ccc(F)c1Cl	0	1	0.7110337	4	0.8943573830391589	0.7524752475247525	0.7630640958832725	0.7740400967881365	1.0	Weight-only
CC12C=CC(=O)C=C1CCC1C3CC(O)C(O)(C(=O)CO)C3(C)CC(O)C12F	0	0	0.27494732	4	0.8951783015138534	0.5571428571428572	0.5731746031746032	0.6012385762385762	0.9850746268656716	Weight-only
CC12CC3CC(C)(C1)CC(N)(C3)C2	1	1	0.50153995	4	0.9439166122604906	0.8444444444444444	0.8473668188736682	0.8499240178183856	1.0	Weight-only
CC1C(c2c(F)ccc(F)c2F)CC(NC(=O)c2cnc3c(c2)CC2(C3)C(=O)Nc3ncccc32)C(=O)N1CC(F)(F)F	0	0	0.4933253	4	0.8761351071285672	0.7747747747747747	0.7775921375921375	0.7814011920206609	0.9875	Weight-only
CC1CC2C3CC(F)C4=CC(=O)C=CC4(C)C3(F)C(O)CC2(C)C1(O)C(=O)SCF	0	0	0.22352988	4	0.9054069773025991	0.7380952380952381	0.7440336134453782	0.7508000169764877	0.9861111111111112	Weight-only
CC1CC2C3CC(F)C4=CC(=O)C=CC4(C)C3(F)C(O)CC2(C)C1(OC(=O)c1ccco1)C(=O)SCF	1	0	0.40167975	4	0.8975459755906859	0.7818181818181819	0.7842424242424244	0.7886202918460984	0.9876543209876543	Weight-only
CC1CC2C3CC=C4CC(=O)C=CC4(C)C3(Cl)C(O)CC2(C)C1(O)C(=O)CCl	0	0	0.07608914	4	0.9028928702110349	0.6511627906976745	0.6673367460864194	0.6889912408874661	1.0	Weight-only
CC1CC2C3CC=C4CC(=O)C=CC4(C)C3(Cl)C(O)CC2(C)C1(OC(=O)c1ccco1)C(=O)CCl	0	0	0.18055043	4	0.895182552099191	0.673469387755102	0.6950899171549807	0.7273197507826012	1.0	Weight-only
CC1CC2C3CC=C4CC(=O)C=CC4(C)C3(F)C(O)CC2(C)C1(O)C(=O)CO	1	0	0.091201305	4	0.8990253960962862	0.6190476190476191	0.6278388278388278	0.6438185058874715	0.9855072463768116	Weight-only
CC1Oc2cc(cnc2N)-c2c(nn(C)c2C#N)CN(C)C(=O)c2ccc(F)cc21	0	1	0.6030367	4	0.8991745966293505	0.7956989247311828	0.7970200143001495	0.7995234736937794	1.0	Weight-only
CCC(=C(c1ccccc1)c1ccc(OCCN(C)C)cc1)c1ccccc1	1	1	0.7624649	4	0.888674929125257	0.45652173913043476	0.5539837736634075	0.6209000762776505	1.0	Weight-only
CCC(=O)C(CC(C)N(C)C)(c1ccccc1)c1ccccc1	1	0	0.3180716	4	0.8706182849113	0.6153846153846154	0.6358974358974359	0.6709401709401709	1.0	Weight-only
CCC(=O)OC(Cc1ccccc1)(c1ccccc1)C(C)CN(C)C	1	1	0.60070175	4	0.8745710003347266	0.717391304347826	0.7232919254658385	0.7283815204369961	1.0	Weight-only
CCC(=O)OC1(C(=O)SCF)C(C)CC2C3CC(F)C4=CC(=O)C=CC4(C)C3(F)C(O)CC21C	0	0	0.34352192	4	0.902683056778553	0.7717391304347826	0.7770219728845256	0.7814874383216818	0.9864864864864865	Weight-only
CCC(=O)OCC(=O)C1(OC(=O)CC)C(C)CC2C3CC=C4CC(=O)C=CC4(C)C3(Cl)C(O)CC21C	0	0	0.12327415	4	0.8982372755117561	0.6413043478260869	0.6705481036077706	0.7038554756583834	1.0	Weight-only
CCC(C)(C)C(=O)OC1CC(C)C=C2C=CC(C)C(CCC3CC(O)CC(=O)O3)C21	0	1	0.52368313	4	0.8999814693749365	0.813953488372093	0.81468788249694	0.8170571778282916	0.9850746268656716	Weight-only
CCC(C)C(=O)OC1CC(O)C=C2C=CC(C)C(CCC(O)CC(O)CC(=O)O)C21	0	1	0.70011044	4	0.8935558560818364	0.7272727272727273	0.7318181818181818	0.7505411255411255	0.9852941176470589	Weight-only
CCC(c1cccc(O)c1)C(C)CN(C)C	0	0	0.40622762	4	0.89478586294363	0.5952380952380952	0.6346938775510204	0.668698926111325	1.0	Weight-only
CCC=CCC=CCC=CCC=CCC=CCCCC(=O)OCC	0	0	0.14875716	4	0.9058218240498098	0.6904761904761905	0.7044177067432881	0.7176078966776641	1.0	Weight-only
CCCC(NC(=O)C1C2CCCC2CN1C(=O)C(NC(=O)C(NC(=O)c1cnccn1)C1CCCCC1)C(C)(C)C)C(=O)C(=O)NC1CC1	0	0	0.35572642	4	0.8981258192484919	0.71875	0.7263956310679612	0.7314927184466018	0.9880952380952381	Weight-only
CCCC1CC(C(=O)NC(C(C)Cl)C2OC(SC)C(O)C(O)C2O)N(C)C1	0	1	0.5440345	4	0.8991638135074044	0.7681159420289855	0.7735132433783108	0.7771114442778612	0.9857142857142858	Weight-only
CCCC1CC(C(=O)NC(C(C)O)C2OC(SC)C(O)C(O)C2O)N(C)C1	1	1	0.57846445	4	0.902905258422629	0.7611940298507462	0.7617164179104478	0.7667215393620135	1.0	Weight-only
CCCCC(=O)N(Cc1ccc(-c2ccccc2-c2nn[nH]n2)cc1)C(C(=O)O)C(C)C	1	1	0.6441612	4	0.8750012838132731	0.7272727272727273	0.7291471415182755	0.7367050987276212	1.0	Weight-only
CCCCC(C)(O)CC=CC1C(O)CC(=O)C1CCCCCCC(=O)OC	0	0	0.14927806	4	0.8878874873356072	0.7195121951219512	0.7328837876614059	0.7430688614286521	0.9833333333333333	Weight-only
CCCCC(F)(F)C1(O)CCC2C(CC(=O)C2CCCCCCC(=O)O)O1	1	0	0.17485109	4	0.8981589237535004	0.7313432835820896	0.7596749494660759	0.7679123540281972	0.9871794871794872	Weight-only
CCCCC1=NC2(CCCC2)C(=O)N1Cc1ccc(-c2ccccc2-c2nn[nH]n2)cc1	0	1	0.79550207	4	0.8860291422399581	0.7571428571428571	0.7682097649186256	0.780650994575045	1.0	Weight-only
CCCCCC(C)(O)C=CC1C(O)CC(O)C1CC=CCCCC(=O)O	1	0	0.07041083	4	0.9051113967303837	0.5633802816901409	0.6011860637509266	0.6743070363557419	0.9864864864864865	Weight-only
CCCCCC(O)C=CC1C(O)CC(=O)C1CCCCCCC(=O)O	0	0	0.15152569	4	0.8858773613977992	0.6842105263157895	0.6878596491228071	0.7091202225962157	1.0	Weight-only
CCCCCC(O)C=CC1C(O)CC2OC(=CCCCC(=O)O)CC21	1	0	0.07910045	4	0.893867368814318	0.6363636363636364	0.6818181818181819	0.7249389318016769	1.0	Weight-only
CCCCCC(O)CCC1C(O)CC2Cc3c(cccc3OCC(=O)O)CC21	1	0	0.2870854	4	0.8725933976444492	0.6625	0.6949358974358975	0.7186965811965812	0.9841269841269841	Weight-only
CCCCN1CCCCC1C(=O)Nc1c(C)cccc1C	1	0	0.4895378	4	0.8611675648543914	0.3111111111111111	0.43764705882352944	0.5447380884721037	1.0	Weight-only
CCCCNc1ccc(C(=O)OCCOCCOCCOCCOCCOCCOCCOCCOCCOC)cc1	0	1	0.8210721	4	0.8763523114019485	0.6557377049180327	0.678188385662684	0.7026972512940837	1.0	Weight-only
CCCCc1nc(Cl)c(CO)n1Cc1ccc(-c2ccccc2-c2nn[nH]n2)cc1	1	1	0.77569866	4	0.8972767043000889	0.7878787878787878	0.7921022727272726	0.7975958556676562	1.0	Weight-only
CCCN1CCCCC1C(=O)Nc1c(C)cccc1C	1	0	0.46293232	4	0.859267934132218	0.27906976744186046	0.4123398196487898	0.5259606098600496	1.0	Weight-only
CCCNC1CCc2nc(N)sc2C1	0	1	0.5589913	4	0.9163060522795998	0.8095238095238095	0.8254464285714285	0.8295045111742871	1.0	Weight-only
CCCc1nc(C(C)(C)O)c(C(=O)O)n1Cc1ccc(-c2ccccc2-c2nn[nH]n2)cc1	0	1	0.6286024	4	0.878438401443626	0.7567567567567568	0.7592086932293117	0.7654130331252506	0.984375	Weight-only
CCCc1nc2c(C)cc(-c3nc4ccccc4n3C)cc2n1Cc1ccc(-c2ccccc2C(=O)O)cc1	1	1	0.7300589	4	0.8813849045066326	0.7228915662650602	0.7384968445209409	0.7517164470566313	1.0	Weight-only
CCN(C)C(=O)Oc1cccc(C(C)N(C)C)c1	1	0	0.453834	4	0.8721812813774703	0.5957446808510638	0.6268345636126791	0.6636813779885476	1.0	Weight-only
CCN(CC)CC#CCOC(=O)C(O)(c1ccccc1)C1CCCCC1	0	0	0.28829587	4	0.8701547666082438	0.6833333333333333	0.7009592822636301	0.7148737635150678	0.9803921568627451	Weight-only
CCN(c1cc(-c2ccc(CN3CCOCC3)cc2)cc(C(=O)NCc2c(C)cc(C)[nH]c2=O)c1C)C1CCOCC1	0	0	0.40364414	4	0.8806959067647524	0.7714285714285715	0.7719480519480519	0.7725802499387405	1.0	Weight-only
CCOC(=O)C1(c2ccccc2)CCN(C)CC1	0	1	0.6940455	4	0.8472638619966367	0.6440677966101694	0.6556714471968709	0.6670396928871506	1.0	Weight-only
CCOC(=O)C1(c2ccccc2)CCN(CCC(C#N)(c2ccccc2)c2ccccc2)CC1	1	0	0.4878155	4	0.8645772334913017	0.6376811594202898	0.6600596760443308	0.6909719531202907	0.9814814814814815	Weight-only
CCOC(=O)C1=C(C)N=C(C)C(C(=O)OC)C1c1cccc(Cl)c1Cl	1	1	0.76371264	4	0.8620192648441481	0.2037037037037037	0.3711366538952746	0.4946184733028401	1.0	Weight-only
CCOC(=O)C1=C(COCCN)N=C(C)C(C(=O)OC)C1c1ccccc1Cl	1	1	0.76591194	4	0.871470026537116	0.5	0.5529411764705883	0.6269032524412725	1.0	Weight-only
CCOC(=O)C1=CC(OC(CC)CC)C(NC(C)=O)C(N)C1	0	1	0.6867797	4	0.8783407935461509	0.7164179104477612	0.7217426381605486	0.7308755044723093	0.9791666666666666	Weight-only
CCOc1ccccc1OCCNC(C)Cc1ccc(OC)c(S(N)(=O)=O)c1	1	1	0.6201835	4	0.8828785415352423	0.6511627906976745	0.6742100166081656	0.6916565408815661	1.0	Weight-only
CCOc1nc2cccc(C(=O)O)c2n1Cc1ccc(-c2ccccc2-c2nn[nH]n2)cc1	1	1	0.6525472	4	0.8721170880383888	0.7555555555555555	0.7560360360360361	0.7582707707707709	1.0	Weight-only
CCOc1nc2cccc(C(=O)OC(C)OC(=O)OC3CCCCC3)c2n1Cc1ccc(-c2ccccc2-c2nn[nH]n2)cc1	1	1	0.77423596	4	0.8753800691461798	0.7545454545454545	0.7621612349914237	0.7679437649284238	1.0	Weight-only
CCOc1nc2cccc(C(=O)OCc3oc(=O)oc3C)c2n1Cc1ccc(-c2ccccc2-c2nc(=O)o[nH]2)cc1	1	1	0.52993554	4	0.8831797927159015	0.7767857142857143	0.7891683049366536	0.7951125659234131	1.0	Weight-only
CN(C)C(=O)C(CCN1CCC(O)(c2ccc(Cl)cc2)CC1)(c1ccccc1)c1ccccc1	0	0	0.30392593	4	0.8680015573711463	0.5483870967741935	0.6055028462998102	0.6487434113430319	0.98	Weight-only
CN(C)CCC(c1ccc(Cl)cc1)c1ccccn1	1	1	0.51266944	4	0.8897305834186445	0.6666666666666666	0.6857142857142857	0.7006404901141744	1.0	Weight-only
CN(C)CCC=C1c2ccccc2C=Cc2ccccc21	0	1	0.5572306	4	0.9134103252715164	0.6428571428571429	0.6671428571428573	0.7055056404113009	1.0	Weight-only
CN(C)CCC=C1c2ccccc2CCc2ccccc21	1	1	0.5570653	4	0.9028269107489725	0.3888888888888889	0.46747967479674796	0.5525078653085382	1.0	Weight-only
CN(C)CCC=C1c2ccccc2COc2ccccc21	1	1	0.54040366	4	0.9079957175006109	0.5681818181818182	0.615909090909091	0.6659107522594364	1.0	Weight-only
CN(C)CCOC(C)(c1ccccc1)c1ccccn1	1	1	0.8221521	4	0.8974179459107973	0.6111111111111112	0.648768472906404	0.6902855726839258	1.0	Weight-only
CN(C)CCOC(c1ccccc1)c1ccccc1	0	1	0.8310273	4	0.8958964946744021	0.7142857142857143	0.7232142857142857	0.7275686400686401	1.0	Weight-only
CN(C)CCc1c[nH]c2ccc(CC3COC(=O)N3)cc12	0	1	0.5735221	4	0.8956177412532821	0.7294117647058823	0.7480948200175592	0.765568986288916	1.0	Weight-only
CN(C)CCc1c[nH]c2ccc(CS(=O)(=O)N3CCCC3)cc12	1	1	0.5336362	4	0.8953184778226003	0.7073170731707317	0.7320825515947467	0.7550729554555474	1.0	Weight-only
CN(C)CCc1c[nH]c2ccc(Cn3cncn3)cc12	1	1	0.5433499	4	0.9109041803396405	0.7466666666666667	0.7488774557690221	0.7535233684631275	1.0	Weight-only
CN(Cc1cnc2nc(N)nc(N)c2n1)c1ccc(C(=O)NC(CCC(=O)O)C(=O)O)cc1	0	1	0.55406475	4	0.8801232538112758	0.6885245901639344	0.7205357944445442	0.7436927492995233	1.0	Weight-only
CN1C2CC(OC(=O)C(CO)c3ccccc3)CC1C1OC12	0	0	0.4605187	4	0.8535315380297082	0.6779661016949152	0.6861447403820286	0.6960810689624249	1.0	Weight-only
CN1C2CCC1CC(OC(=O)C(CO)c1ccccc1)C2	1	1	0.5292541	4	0.8497239357215721	0.6666666666666666	0.6714285714285715	0.6839682539682541	0.9772727272727273	Weight-only
CN1C2CCCC1CC(NC(=O)c1nn(C)c3ccccc13)C2	1	1	0.64787835	4	0.8649825867218549	0.7419354838709677	0.7437528396183553	0.7513464523701348	1.0	Weight-only
CN1CC(C(=O)NC2(C)OC3(O)C4CCCN4C(=O)C(Cc4ccccc4)N3C2=O)CC2c3cccc4[nH]cc(c34)CC21	1	0	0.2093398	4	0.8786582460787986	0.7525773195876289	0.7624040882076888	0.765659704200574	1.0	Weight-only
CN1CCC(NC(=O)Nc2ccc(C#N)cc2)CC1c1nc2ccccc2[nH]1	1	0	0.4342658	4	0.8777242049705981	0.7575757575757576	0.7638787878787878	0.7688308858897094	1.0	Weight-only
CN1CCCC(n2nc(Cc3ccc(Cl)cc3)c3ccccc3c2=O)CC1	0	1	0.5620638	4	0.87579567733246	0.7142857142857143	0.7222169135212614	0.732678992323818	1.0	Weight-only
CN1CCCC1Cc1c[nH]c2ccc(CCS(=O)(=O)c3ccccc3)cc12	0	0	0.3852272	4	0.8828325210658173	0.7191011235955056	0.7341633768600062	0.7500996427084815	1.0	Weight-only
CN1CCN(c2ccc(C(=O)Nc3[nH]nc4ccc(Cc5cc(F)cc(F)c5)cc34)c(NC3CCOCC3)c2)CC1	1	1	0.511088	4	0.8748662093260207	0.6923076923076923	0.724877285106244	0.73899422965083	0.9878048780487805	Weight-only
CN1c2c([nH]c(N)nc2=O)NCC1CNc1ccc(C(=O)NC(CCC(=O)O)C(=O)O)cc1	0	0	0.4118061	4	0.8721275653217457	0.7121212121212122	0.7508059316569955	0.765245670270023	1.0	Weight-only
CN=C1CN(O)C(c2ccccc2)=c2cc(Cl)ccc2=N1	1	1	0.7993013	4	0.894054137647087	0.6935483870967742	0.698740903024351	0.705948953410614	1.0	Weight-only
CNC(=O)c1ccc(N2C(=S)N(c3ccc(C#N)c(C(F)(F)F)c3)C(=O)C2(C)C)cc1F	1	0	0.497025	4	0.8939629682989547	0.39473684210526316	0.5357432041642568	0.6315592538003405	0.9852941176470589	Weight-only
CNC1CCC(c2ccc(Cl)c(Cl)c2)c2ccccc21	0	1	0.5507865	4	0.8975530723010446	0.7636363636363637	0.7686295793758481	0.7725111814664054	1.0	Weight-only
CNCCC(Oc1ccccc1C)c1ccccc1	1	0	0.4319539	4	0.8929639850120711	0.4418604651162791	0.4817829457364341	0.5554846536837461	1.0	Weight-only
CNCc1ccc(-c2[nH]c3cc(F)cc4c3c2CCNC4=O)cc1	0	1	0.8757492	4	0.8964483682939953	0.7662337662337663	0.7898944805194805	0.7935921717171717	1.0	Weight-only
CNS(=O)(=O)Cc1ccc2[nH]cc(CCN(C)C)c2c1	1	1	0.6541271	4	0.901259466348189	0.725	0.7317741935483871	0.7394746477378662	1.0	Weight-only
COC(=O)N(C)c1c(N)nc(-c2nn(Cc3ccccc3F)c3ncccc23)nc1N	1	1	0.5614361	4	0.8718703765120216	0.7659574468085106	0.7684376259798432	0.7720012442453651	0.9848484848484849	Weight-only
COC(=O)NC(C(=O)NC(Cc1ccccc1)C(O)CN(Cc1ccc(-c2ccccn2)cc1)NC(=O)C(NC(=O)OC)C(C)(C)C)C(C)(C)C	0	1	0.77380395	4	0.8854437498259609	0.7472527472527473	0.7506772297469972	0.7531589857171253	1.0	Weight-only
COC(=O)NC(C)CNc1nccc(-c2cn(C(C)C)nc2-c2cc(Cl)cc(NS(C)(=O)=O)c2F)n1	0	0	0.44775283	4	0.8777559686179364	0.7009345794392523	0.7155102426130464	0.728657289404953	0.9873417721518988	Weight-only
COC(=O)Nc1c(N)nc(-c2nn(Cc3ccccc3F)c3ncc(F)cc23)nc1N	1	0	0.46546063	4	0.8700941676045972	0.7625	0.7628763440860216	0.7643547159620954	0.9848484848484849	Weight-only
COCC(=O)Nc1c(I)c(C(=O)NCC(O)CO)c(I)c(C(=O)N(C)CC(O)CO)c1I	1	1	0.816153	4	0.9134135557166524	0.7848101265822784	0.7851717902350813	0.7902629875203714	1.0	Weight-only
CONC(=O)Nc1ccc(-c2sc3c(c2CN(C)C)c(=O)n(-c2ccc(OC)nn2)c(=O)n3Cc2c(F)cccc2F)cc1	0	1	0.6738888	4	0.8870023445975381	0.7610619469026548	0.7659632402995235	0.7785749657848506	0.9873417721518988	Weight-only
COc1cc(OC)cc(N(CCNC(C)C)c2ccc3ncc(-c4cnn(C)c4)nc3c2)c1	1	1	0.8460165	4	0.8934098785361272	0.7733333333333333	0.7755384615384615	0.7785465266149766	1.0	Weight-only
COc1ccc(-n2nc(C(N)=O)c3c2C(=O)N(c2ccc(N4CCCCC4=O)cc2)CC3)cc1	1	0	0.44449192	4	0.8793152871967089	0.7575757575757576	0.7607954545454545	0.7641438422688422	0.9848484848484849	Weight-only
COc1ccc(CN(CCN(C)C)c2ccccn2)cc1	0	1	0.84703964	4	0.899703289913562	0.640625	0.6691676267281107	0.6942326414153663	1.0	Weight-only
COc1ccc(CN2C3CC2CN(c2ccc(-c4cc(OCC(C)(C)O)cn5ncc(C#N)c45)cn2)C3)cn1	1	1	0.52042127	4	0.89889382802095	0.7798165137614679	0.786081494338375	0.7930943175591493	0.9876543209876543	Weight-only
COc1ccccc1OCC(O)CO	0	1	0.7836693	4	0.8815716347315489	0.3235294117647059	0.520607593629817	0.5665735554618708	1.0	Weight-only
COc1ccccc1OCCNCC(O)COc1cccc2[nH]c3ccccc3c12	1	1	0.80228394	4	0.8898156373620119	0.5818181818181818	0.594558362529965	0.6158948056175912	1.0	Weight-only
COc1nc2ccc(Br)cc2cc1C(c1ccccc1)C(O)(CCN(C)C)c1cccc2ccccc12	1	0	0.35676387	4	0.8944491490602198	0.7669902912621359	0.7697179842810911	0.7717717045935023	1.0	Weight-only
C[N+]1(C)CCC(OC(=O)C(O)(c2ccccc2)C2CCCC2)C1	1	0	0.39123708	4	0.8811536227930981	0.6984126984126984	0.7063715627095908	0.715545695827386	1.0	Weight-only
C[N+]12CCC(CC1)C(OC(=O)C(O)(c1ccccc1)c1ccccc1)C2	1	0	0.16172382	4	0.8757575957806778	0.5409836065573771	0.6	0.6471242011669909	1.0	Weight-only
Cc1cc(Nc2ncnc3ccc(N=C4NC(C)(C)CO4)cc23)ccc1Oc1ccn2ncnc2c1	1	0	0.21847686	4	0.9092392068458139	0.719626168224299	0.7285584318914895	0.7323536169907582	1.0	Weight-only
Cc1ccc(-c2cc(C(F)(F)F)nn2-c2ccc(S(N)(=O)=O)cc2)cc1	0	0	0.4023766	4	0.9031191376251717	0.6785714285714286	0.7508866995073892	0.7624125767803929	1.0	Weight-only
Cc1ccc(-c2nc3ccc(C)cn3c2CC(=O)N(C)C)cc1	0	1	0.6696104	4	0.8907157521426146	0.7931034482758621	0.7943672959900139	0.8032787152913363	1.0	Weight-only
Cc1ccc(=O)n(-c2ccccc2)c1	0	0	0.32508335	4	0.8975167515612429	0.7446808510638298	0.7551418439716312	0.7666093032957864	1.0	Weight-only
Cc1ccc(NC(=O)C2(c3ccc4c(c3)OC(F)(F)O4)CC2)nc1-c1cccc(C(=O)O)c1	0	1	0.5758809	4	0.8793390318531206	0.7303370786516854	0.741059390048154	0.7518958435269735	1.0	Weight-only
Cc1cccc(C)c1OCC(=O)NC(Cc1ccccc1)C(O)CC(Cc1ccccc1)NC(=O)C(C(C)C)N1CCCNC1=O	0	1	0.6401541	4	0.872714734500319	0.7058823529411765	0.7180349062702004	0.7270921746625071	1.0	Weight-only
Cc1nc(-c2ccc(OCC(C)C)c(C#N)c2)sc1C(=O)O	1	1	0.8176407	4	0.8784748304110424	0.7738095238095238	0.774772752777466	0.7754585468646741	1.0	Weight-only
Cc1nc(NC(=O)N2CCCC2C(N)=O)sc1-c1ccnc(C(C)(C)C(F)(F)F)c1	0	1	0.70474803	4	0.8765277465911291	0.75	0.7511235955056179	0.7558382903723286	0.9850746268656716	Weight-only
Cc1ncc([N+](=O)[O-])n1CCO	0	0	0.46165338	4	0.8977576827174251	0.7727272727272727	0.7806753980482795	0.7874122581749701	1.0	Weight-only
Cn1c(CNc2ccc(C(=N)N)cc2)nc2cc(C(=O)N(CCC(=O)O)c3ccccn3)ccc21	1	1	0.89833534	4	0.8766505673044743	0.36046511627906974	0.4583843329253366	0.5688230049715157	1.0	Weight-only
N#Cc1ccccc1-c1cc(-c2ccccn2)cn(-c2ccccc2)c1=O	0	1	0.72248966	4	0.9086431326448146	0.7619047619047619	0.7676691729323307	0.7736097490102066	1.0	Weight-only
N=c1cc(N2CCCCC2)nc(N)n1O	0	0	0.26614594	4	0.9125894817377385	0.8115942028985508	0.8136231884057971	0.8158645855563962	1.0	Weight-only
NC(=O)C1CCCN1C(=O)C(Cc1c[nH]cn1)NC(=O)C1CCC(=O)N1	1	0	0.44510332	4	0.8812138850423129	0.691358024691358	0.691358024691358	0.7007427481682225	1.0	Weight-only
NC12CC3CC(CC(C3)C1)C2	0	1	0.5295254	4	0.9583199959217905	0.8333333333333334	0.8346938775510203	0.8474694842475997	1.0	Weight-only
NNC(=O)c1ccncc1	0	0	0.4017235	4	0.8808748478964465	0.6875	0.7113338788870704	0.7315509934612618	1.0	Weight-only
Nc1ccc(O)c(C(=O)O)c1	0	0	0.15626359	4	0.8903796992153485	0.6444444444444445	0.6658732416627153	0.6710355627343216	1.0	Weight-only
Nc1ccc(S(=O)(=O)c2ccc(N)cc2)cc1	1	0	0.37075776	4	0.9233216449382967	0.6285714285714286	0.6512442396313365	0.7000000000000001	1.0	Weight-only
Nc1ccncc1	0	0	0.2970715	4	0.9315297328439894	0.7837837837837838	0.7841698841698841	0.7896181896181895	1.0	Weight-only
Nc1ccncc1N	0	0	0.29988876	4	0.9316232304174984	0.7241379310344828	0.7599254426840634	0.7813733273503387	1.0	Weight-only
Nc1nc(=O)c2c(CCc3ccc(C(=O)NC(CCC(=O)O)C(=O)O)cc3)c[nH]c2[nH]1	1	0	0.40244156	4	0.8858990127202183	0.6779661016949152	0.7281631848640127	0.7469492776745438	1.0	Weight-only
Nc1nc(=O)c2c([nH]1)NCC(CNc1ccc(C(=O)NC(CCC(=O)O)C(=O)O)cc1)N2C=O	0	0	0.25681773	4	0.8816714944354445	0.7164179104477612	0.7523680299799702	0.7707621694153771	1.0	Weight-only
Nc1nc(=O)c2nc(CNc3ccc(C(=O)NC(CCC(=O)O)C(=O)O)cc3)cnc2[nH]1	0	0	0.36626107	4	0.8838326750256542	0.6833333333333333	0.7133333333333334	0.7305510388437219	1.0	Weight-only
O=C(C=Cn1cnc(-c2cc(C(F)(F)F)cc(C(F)(F)F)c2)n1)NNc1cnccn1	1	1	0.6124159	4	0.9111302105826973	0.7340425531914894	0.7559184896613724	0.7727431643374104	1.0	Weight-only
O=C(NCC1CN(c2ccc(N3CCOCC3=O)cc2)C(=O)O1)c1ccc(Cl)s1	1	0	0.38496727	4	0.8854841775082497	0.7659574468085106	0.7764575849682233	0.7842690702423328	1.0	Weight-only
O=C(OC1CN2CCC1CC2)N1CCc2ccccc2C1c1ccccc1	0	0	0.4247026	4	0.8842713402240356	0.696969696969697	0.7056818181818182	0.7288382913382914	1.0	Weight-only
O=C(c1cc(Cc2n[nH]c(=O)c3ccccc23)ccc1F)N1CCN(C(=O)C2CC2)CC1	0	0	0.46729887	4	0.8735491196820612	0.7625	0.7639197530864197	0.7659414043673302	0.9855072463768116	Weight-only
O=C1CC2(CCCC2)CC(=O)N1CCCCN1CCN(c2ncccn2)CC1	0	0	0.2640281	4	0.8902984487716357	0.7297297297297297	0.7334900117508812	0.7412911863593239	1.0	Weight-only
O=C1Nc2ccc(Cl)cc2C(C#CC2CC2)(C(F)(F)F)O1	0	1	0.6497524	4	0.9017736293583508	0.7258064516129032	0.7341337214002749	0.744360902255639	1.0	Weight-only
O=P(O)(O)C(O)(Cc1cccnc1)P(=O)(O)O	0	0	0.17972146	4	0.8988189734919673	0.6111111111111112	0.6249322493224934	0.6585793110183354	0.9873417721518988	Weight-only
O=P1(N(CCCl)CCCl)NCCCO1	1	1	0.7373382	4	0.9435845493057665	0.78125	0.8080129407351839	0.8220860423439194	1.0	Weight-only
O=P1(NCCCl)OCCCN1CCCl	0	1	0.556295	4	0.9333770223081332	0.8043478260869565	0.8235573122529644	0.8334798358068412	1.0	Weight-only
O=c1ccc2ccc(OCCCCN3CCN(c4cccc5sccc45)CC3)cc2[nH]1	0	0	0.27360186	4	0.885965889496798	0.5657894736842105	0.6347117794486216	0.6815418175067297	1.0	Weight-only
OC(Cn1cncn1)(Cn1cncn1)c1ccc(F)cc1F	0	0	0.3619643	4	0.9044549689745007	0.40384615384615385	0.44513993631640697	0.5571038861888535	1.0	Weight-only
OCCN(CCO)c1nc(N2CCCCC2)c2nc(N(CCO)CCO)nc(N3CCCCC3)c2n1	1	0	0.4380803	4	0.9205983452378349	0.8253968253968254	0.8264880952380953	0.8292053979125896	1.0	Weight-only
Oc1c2c(c(O)n1CC1CCCCC1CN1CCN(c3nsc4ccccc34)CC1)C1CCC2C1	0	0	0.38584858	4	0.8971329096408706	0.7692307692307693	0.776933198380567	0.7839388994464184	1.0	Weight-only
Oc1cc2cc(CCN3CCN(c4nsc5ccccc45)CC3)c(Cl)cc2[nH]1	0	0	0.43212047	4	0.8941139511659414	0.7272727272727273	0.7288367546432063	0.7350407298794397	1.0	Weight-only
c1cc(CN2CCCNCCNCCCNCC2)ccc1CN1CCCNCCNCCCNCC1	1	0	0.33190665	4	0.9111004929171062	0.717391304347826	0.7437681159420289	0.7616794543904518	1.0	Weight-only
