SMILES	Category	Sub-category	Difference
C=CC(N)CCC(=O)O	Sex	Male	-0.14541
C=CC(N)CCC(=O)O	Sex	Female	-0.01182
C=CC(N)CCC(=O)O	Age	Children	-0.13362
C=CC(N)CCC(=O)O	Age	Adolescent	-0.09236
C=CC(N)CCC(=O)O	Age	Adult	-0.06311
C=CC(N)CCC(=O)O	Age	Elderly	-0.32775
C=CC(N)CCC(=O)O	Weight	Low	-0.27245
C=CC(N)CCC(=O)O	Weight	Average	-0.24582
C=CC(N)CCC(=O)O	Weight	High	-0.28719
CC(C)(C)c1[nH]cnc1C=c1[nH]c(=O)c(=Cc2ccccc2)[nH]c1=O	Sex	Male	-0.05035
CC(C)(C)c1[nH]cnc1C=c1[nH]c(=O)c(=Cc2ccccc2)[nH]c1=O	Sex	Female	-0.00361
CC(C)(C)c1[nH]cnc1C=c1[nH]c(=O)c(=Cc2ccccc2)[nH]c1=O	Age	Children	-0.10236
CC(C)(C)c1[nH]cnc1C=c1[nH]c(=O)c(=Cc2ccccc2)[nH]c1=O	Age	Adolescent	-0.0584
CC(C)(C)c1[nH]cnc1C=c1[nH]c(=O)c(=Cc2ccccc2)[nH]c1=O	Age	Adult	-0.08513
CC(C)(C)c1[nH]cnc1C=c1[nH]c(=O)c(=Cc2ccccc2)[nH]c1=O	Age	Elderly	-0.09981
CC(C)(C)c1[nH]cnc1C=c1[nH]c(=O)c(=Cc2ccccc2)[nH]c1=O	Weight	Low	-0.10712
CC(C)(C)c1[nH]cnc1C=c1[nH]c(=O)c(=Cc2ccccc2)[nH]c1=O	Weight	Average	-0.05824
CC(C)(C)c1[nH]cnc1C=c1[nH]c(=O)c(=Cc2ccccc2)[nH]c1=O	Weight	High	-0.13305
CCCC(NC(=O)C1C2CCCC2CN1C(=O)C(NC(=O)C(NC(=O)c1cnccn1)C1CCCCC1)C(C)(C)C)C(=O)C(=O)NC1CC1	Sex	Male	-0.02927
CCCC(NC(=O)C1C2CCCC2CN1C(=O)C(NC(=O)C(NC(=O)c1cnccn1)C1CCCCC1)C(C)(C)C)C(=O)C(=O)NC1CC1	Sex	Female	-0.00796
CCCC(NC(=O)C1C2CCCC2CN1C(=O)C(NC(=O)C(NC(=O)c1cnccn1)C1CCCCC1)C(C)(C)C)C(=O)C(=O)NC1CC1	Age	Children	-0.10602
CCCC(NC(=O)C1C2CCCC2CN1C(=O)C(NC(=O)C(NC(=O)c1cnccn1)C1CCCCC1)C(C)(C)C)C(=O)C(=O)NC1CC1	Age	Adolescent	-0.077
CCCC(NC(=O)C1C2CCCC2CN1C(=O)C(NC(=O)C(NC(=O)c1cnccn1)C1CCCCC1)C(C)(C)C)C(=O)C(=O)NC1CC1	Age	Adult	-0.1003
CCCC(NC(=O)C1C2CCCC2CN1C(=O)C(NC(=O)C(NC(=O)c1cnccn1)C1CCCCC1)C(C)(C)C)C(=O)C(=O)NC1CC1	Age	Elderly	-0.14392
CCCC(NC(=O)C1C2CCCC2CN1C(=O)C(NC(=O)C(NC(=O)c1cnccn1)C1CCCCC1)C(C)(C)C)C(=O)C(=O)NC1CC1	Weight	Low	-0.20239
CCCC(NC(=O)C1C2CCCC2CN1C(=O)C(NC(=O)C(NC(=O)c1cnccn1)C1CCCCC1)C(C)(C)C)C(=O)C(=O)NC1CC1	Weight	Average	-0.16365
CCCC(NC(=O)C1C2CCCC2CN1C(=O)C(NC(=O)C(NC(=O)c1cnccn1)C1CCCCC1)C(C)(C)C)C(=O)C(=O)NC1CC1	Weight	High	-0.19933
CCCCCC(C)(O)C=CC1C(O)CC(O)C1CC=CCCCC(=O)O	Sex	Male	-0.1085
CCCCCC(C)(O)C=CC1C(O)CC(O)C1CC=CCCCC(=O)O	Sex	Female	-0.01251
CCCCCC(C)(O)C=CC1C(O)CC(O)C1CC=CCCCC(=O)O	Age	Children	-0.11916
CCCCCC(C)(O)C=CC1C(O)CC(O)C1CC=CCCCC(=O)O	Age	Adolescent	-0.10425
CCCCCC(C)(O)C=CC1C(O)CC(O)C1CC=CCCCC(=O)O	Age	Adult	-0.08431
CCCCCC(C)(O)C=CC1C(O)CC(O)C1CC=CCCCC(=O)O	Age	Elderly	-0.19943
CCCCCC(C)(O)C=CC1C(O)CC(O)C1CC=CCCCC(=O)O	Weight	Low	-0.16982
CCCCCC(C)(O)C=CC1C(O)CC(O)C1CC=CCCCC(=O)O	Weight	Average	-0.21176
CCCCCC(C)(O)C=CC1C(O)CC(O)C1CC=CCCCC(=O)O	Weight	High	-0.25987
CCCCCC=CCC=CCC=CCC=CCCCC(=O)O	Sex	Male	-0.03642
CCCCCC=CCC=CCC=CCC=CCCCC(=O)O	Sex	Female	-0.00313
CCCCCC=CCC=CCC=CCC=CCCCC(=O)O	Age	Children	-0.05417
CCCCCC=CCC=CCC=CCC=CCCCC(=O)O	Age	Adolescent	-0.03891
CCCCCC=CCC=CCC=CCC=CCCCC(=O)O	Age	Adult	-0.01917
CCCCCC=CCC=CCC=CCC=CCCCC(=O)O	Age	Elderly	-0.05945
CCCCCC=CCC=CCC=CCC=CCCCC(=O)O	Weight	Low	-0.0519
CCCCCC=CCC=CCC=CCC=CCCCC(=O)O	Weight	Average	-0.0453
CCCCCC=CCC=CCC=CCC=CCCCC(=O)O	Weight	High	-0.09243
CCCCCCC(C)(C)c1cc(O)c2c(c1)OC(C)(C)C1CCC(=O)CC21	Sex	Male	-0.09792
CCCCCCC(C)(C)c1cc(O)c2c(c1)OC(C)(C)C1CCC(=O)CC21	Sex	Female	0.00224
CCCCCCC(C)(C)c1cc(O)c2c(c1)OC(C)(C)C1CCC(=O)CC21	Age	Children	-0.14696
CCCCCCC(C)(C)c1cc(O)c2c(c1)OC(C)(C)C1CCC(=O)CC21	Age	Adolescent	-0.05826
CCCCCCC(C)(C)c1cc(O)c2c(c1)OC(C)(C)C1CCC(=O)CC21	Age	Adult	-0.04858
CCCCCCC(C)(C)c1cc(O)c2c(c1)OC(C)(C)C1CCC(=O)CC21	Age	Elderly	-0.12907
CCCCCCC(C)(C)c1cc(O)c2c(c1)OC(C)(C)C1CCC(=O)CC21	Weight	Low	-0.1981
CCCCCCC(C)(C)c1cc(O)c2c(c1)OC(C)(C)C1CCC(=O)CC21	Weight	Average	-0.15713
CCCCCCC(C)(C)c1cc(O)c2c(c1)OC(C)(C)C1CCC(=O)CC21	Weight	High	-0.21957
CCCCN=C(N)N=C(N)N	Sex	Male	-0.0815
CCCCN=C(N)N=C(N)N	Sex	Female	-0.00999
CCCCN=C(N)N=C(N)N	Age	Children	-0.131
CCCCN=C(N)N=C(N)N	Age	Adolescent	-0.06737
CCCCN=C(N)N=C(N)N	Age	Adult	-0.06874
CCCCN=C(N)N=C(N)N	Age	Elderly	-0.09694
CCCCN=C(N)N=C(N)N	Weight	Low	-0.2003
CCCCN=C(N)N=C(N)N	Weight	Average	-0.20258
CCCCN=C(N)N=C(N)N	Weight	High	-0.14164
CN(N=O)C(=O)NC1C(O)OC(CO)C(O)C1O	Sex	Male	-0.09443
CN(N=O)C(=O)NC1C(O)OC(CO)C(O)C1O	Sex	Female	-0.00958
CN(N=O)C(=O)NC1C(O)OC(CO)C(O)C1O	Age	Children	-0.13764
CN(N=O)C(=O)NC1C(O)OC(CO)C(O)C1O	Age	Adolescent	-0.07024
CN(N=O)C(=O)NC1C(O)OC(CO)C(O)C1O	Age	Adult	-0.04017
CN(N=O)C(=O)NC1C(O)OC(CO)C(O)C1O	Age	Elderly	-0.22602
CN(N=O)C(=O)NC1C(O)OC(CO)C(O)C1O	Weight	Low	-0.19823
CN(N=O)C(=O)NC1C(O)OC(CO)C(O)C1O	Weight	Average	-0.14133
CN(N=O)C(=O)NC1C(O)OC(CO)C(O)C1O	Weight	High	-0.22836
CN=C(NC#N)NCCSCc1nc[nH]c1C	Sex	Male	-0.10751
CN=C(NC#N)NCCSCc1nc[nH]c1C	Sex	Female	-0.01134
CN=C(NC#N)NCCSCc1nc[nH]c1C	Age	Children	-0.0981
CN=C(NC#N)NCCSCc1nc[nH]c1C	Age	Adolescent	-0.05918
CN=C(NC#N)NCCSCc1nc[nH]c1C	Age	Adult	-0.03209
CN=C(NC#N)NCCSCc1nc[nH]c1C	Age	Elderly	-0.11015
CN=C(NC#N)NCCSCc1nc[nH]c1C	Weight	Low	-0.09467
CN=C(NC#N)NCCSCc1nc[nH]c1C	Weight	Average	-0.05714
CN=C(NC#N)NCCSCc1nc[nH]c1C	Weight	High	-0.13276
COCCOCCCCCC(=O)NCCCCC(N)C(=O)O	Sex	Male	-0.13478
COCCOCCCCCC(=O)NCCCCC(N)C(=O)O	Sex	Female	-0.01187
COCCOCCCCCC(=O)NCCCCC(N)C(=O)O	Age	Children	-0.11964
COCCOCCCCCC(=O)NCCCCC(N)C(=O)O	Age	Adolescent	-0.05119
COCCOCCCCCC(=O)NCCCCC(N)C(=O)O	Age	Adult	-0.07382
COCCOCCCCCC(=O)NCCCCC(N)C(=O)O	Age	Elderly	-0.20859
COCCOCCCCCC(=O)NCCCCC(N)C(=O)O	Weight	Low	-0.24974
COCCOCCCCCC(=O)NCCCCC(N)C(=O)O	Weight	Average	-0.17341
COCCOCCCCCC(=O)NCCCCC(N)C(=O)O	Weight	High	-0.22642
COc1cccc(-c2c(C)n(Cc3c(F)cccc3C(F)(F)F)c(=O)n(CC(NCCCC(=O)O)c3ccccc3)c2=O)c1F	Sex	Male	-0.0983
COc1cccc(-c2c(C)n(Cc3c(F)cccc3C(F)(F)F)c(=O)n(CC(NCCCC(=O)O)c3ccccc3)c2=O)c1F	Sex	Female	-0.01066
COc1cccc(-c2c(C)n(Cc3c(F)cccc3C(F)(F)F)c(=O)n(CC(NCCCC(=O)O)c3ccccc3)c2=O)c1F	Age	Children	-0.11795
COc1cccc(-c2c(C)n(Cc3c(F)cccc3C(F)(F)F)c(=O)n(CC(NCCCC(=O)O)c3ccccc3)c2=O)c1F	Age	Adolescent	-0.0587
COc1cccc(-c2c(C)n(Cc3c(F)cccc3C(F)(F)F)c(=O)n(CC(NCCCC(=O)O)c3ccccc3)c2=O)c1F	Age	Adult	-0.06113
COc1cccc(-c2c(C)n(Cc3c(F)cccc3C(F)(F)F)c(=O)n(CC(NCCCC(=O)O)c3ccccc3)c2=O)c1F	Age	Elderly	-0.1657
COc1cccc(-c2c(C)n(Cc3c(F)cccc3C(F)(F)F)c(=O)n(CC(NCCCC(=O)O)c3ccccc3)c2=O)c1F	Weight	Low	-0.16366
COc1cccc(-c2c(C)n(Cc3c(F)cccc3C(F)(F)F)c(=O)n(CC(NCCCC(=O)O)c3ccccc3)c2=O)c1F	Weight	Average	-0.13608
COc1cccc(-c2c(C)n(Cc3c(F)cccc3C(F)(F)F)c(=O)n(CC(NCCCC(=O)O)c3ccccc3)c2=O)c1F	Weight	High	-0.22336
Cc1cccn2c(=O)c(-c3nn[nH]n3)cnc12	Sex	Male	-0.08154
Cc1cccn2c(=O)c(-c3nn[nH]n3)cnc12	Sex	Female	-0.00878
Cc1cccn2c(=O)c(-c3nn[nH]n3)cnc12	Age	Children	-0.12732
Cc1cccn2c(=O)c(-c3nn[nH]n3)cnc12	Age	Adolescent	-0.07705
Cc1cccn2c(=O)c(-c3nn[nH]n3)cnc12	Age	Adult	-0.12125
Cc1cccn2c(=O)c(-c3nn[nH]n3)cnc12	Age	Elderly	-0.17544
Cc1cccn2c(=O)c(-c3nn[nH]n3)cnc12	Weight	Low	-0.25869
Cc1cccn2c(=O)c(-c3nn[nH]n3)cnc12	Weight	Average	-0.14314
Cc1cccn2c(=O)c(-c3nn[nH]n3)cnc12	Weight	High	-0.23915
Cc1cn(C2CC(N=[N+]=[N-])C(CO)O2)c(=O)[nH]c1=O	Sex	Male	-0.07797
Cc1cn(C2CC(N=[N+]=[N-])C(CO)O2)c(=O)[nH]c1=O	Sex	Female	-0.01043
Cc1cn(C2CC(N=[N+]=[N-])C(CO)O2)c(=O)[nH]c1=O	Age	Children	-0.1831
Cc1cn(C2CC(N=[N+]=[N-])C(CO)O2)c(=O)[nH]c1=O	Age	Adolescent	-0.08566
Cc1cn(C2CC(N=[N+]=[N-])C(CO)O2)c(=O)[nH]c1=O	Age	Adult	-0.10912
Cc1cn(C2CC(N=[N+]=[N-])C(CO)O2)c(=O)[nH]c1=O	Age	Elderly	-0.22496
Cc1cn(C2CC(N=[N+]=[N-])C(CO)O2)c(=O)[nH]c1=O	Weight	Low	-0.23831
Cc1cn(C2CC(N=[N+]=[N-])C(CO)O2)c(=O)[nH]c1=O	Weight	Average	-0.14441
Cc1cn(C2CC(N=[N+]=[N-])C(CO)O2)c(=O)[nH]c1=O	Weight	High	-0.23433
Cc1ncc([N+](=O)[O-])n1CCO	Sex	Male	-0.07161
Cc1ncc([N+](=O)[O-])n1CCO	Sex	Female	-0.0107
Cc1ncc([N+](=O)[O-])n1CCO	Age	Children	-0.11584
Cc1ncc([N+](=O)[O-])n1CCO	Age	Adolescent	-0.04537
Cc1ncc([N+](=O)[O-])n1CCO	Age	Adult	-0.07459
Cc1ncc([N+](=O)[O-])n1CCO	Age	Elderly	-0.19021
Cc1ncc([N+](=O)[O-])n1CCO	Weight	Low	-0.13779
Cc1ncc([N+](=O)[O-])n1CCO	Weight	Average	-0.16991
Cc1ncc([N+](=O)[O-])n1CCO	Weight	High	-0.18239
Cc1nnc(SCC2=C(C(=O)O)N3C(=O)C(NC(=O)Cn4cc(Cl)c(=O)c(Cl)c4)C3SC2)s1	Sex	Male	-0.05514
Cc1nnc(SCC2=C(C(=O)O)N3C(=O)C(NC(=O)Cn4cc(Cl)c(=O)c(Cl)c4)C3SC2)s1	Sex	Female	-0.0068
Cc1nnc(SCC2=C(C(=O)O)N3C(=O)C(NC(=O)Cn4cc(Cl)c(=O)c(Cl)c4)C3SC2)s1	Age	Children	-0.15532
Cc1nnc(SCC2=C(C(=O)O)N3C(=O)C(NC(=O)Cn4cc(Cl)c(=O)c(Cl)c4)C3SC2)s1	Age	Adolescent	-0.05818
Cc1nnc(SCC2=C(C(=O)O)N3C(=O)C(NC(=O)Cn4cc(Cl)c(=O)c(Cl)c4)C3SC2)s1	Age	Adult	-0.07098
Cc1nnc(SCC2=C(C(=O)O)N3C(=O)C(NC(=O)Cn4cc(Cl)c(=O)c(Cl)c4)C3SC2)s1	Age	Elderly	-0.1525
Cc1nnc(SCC2=C(C(=O)O)N3C(=O)C(NC(=O)Cn4cc(Cl)c(=O)c(Cl)c4)C3SC2)s1	Weight	Low	-0.17637
Cc1nnc(SCC2=C(C(=O)O)N3C(=O)C(NC(=O)Cn4cc(Cl)c(=O)c(Cl)c4)C3SC2)s1	Weight	Average	-0.14219
Cc1nnc(SCC2=C(C(=O)O)N3C(=O)C(NC(=O)Cn4cc(Cl)c(=O)c(Cl)c4)C3SC2)s1	Weight	High	-0.23039
Clc1ccc2c(c1)CCc1cccnc1C2=C1CCNCC1	Sex	Male	-0.13902
Clc1ccc2c(c1)CCc1cccnc1C2=C1CCNCC1	Sex	Female	-0.0168
Clc1ccc2c(c1)CCc1cccnc1C2=C1CCNCC1	Age	Children	-0.14325
Clc1ccc2c(c1)CCc1cccnc1C2=C1CCNCC1	Age	Adolescent	-0.05501
Clc1ccc2c(c1)CCc1cccnc1C2=C1CCNCC1	Age	Adult	-0.0664
Clc1ccc2c(c1)CCc1cccnc1C2=C1CCNCC1	Age	Elderly	-0.22409
Clc1ccc2c(c1)CCc1cccnc1C2=C1CCNCC1	Weight	Low	-0.2027
Clc1ccc2c(c1)CCc1cccnc1C2=C1CCNCC1	Weight	Average	-0.20813
Clc1ccc2c(c1)CCc1cccnc1C2=C1CCNCC1	Weight	High	-0.22334
Clc1ccccc1C(c1ccccc1)(c1ccccc1)n1ccnc1	Sex	Male	-0.09145
Clc1ccccc1C(c1ccccc1)(c1ccccc1)n1ccnc1	Sex	Female	-0.00579
Clc1ccccc1C(c1ccccc1)(c1ccccc1)n1ccnc1	Age	Children	-0.15136
Clc1ccccc1C(c1ccccc1)(c1ccccc1)n1ccnc1	Age	Adolescent	-0.05452
Clc1ccccc1C(c1ccccc1)(c1ccccc1)n1ccnc1	Age	Adult	-0.05144
Clc1ccccc1C(c1ccccc1)(c1ccccc1)n1ccnc1	Age	Elderly	-0.17059
Clc1ccccc1C(c1ccccc1)(c1ccccc1)n1ccnc1	Weight	Low	-0.19293
Clc1ccccc1C(c1ccccc1)(c1ccccc1)n1ccnc1	Weight	Average	-0.1473
Clc1ccccc1C(c1ccccc1)(c1ccccc1)n1ccnc1	Weight	High	-0.20232
NC(=O)NO	Sex	Male	-0.1368
NC(=O)NO	Sex	Female	-0.01991
NC(=O)NO	Age	Children	-0.12164
NC(=O)NO	Age	Adolescent	-0.08153
NC(=O)NO	Age	Adult	-0.09019
NC(=O)NO	Age	Elderly	-0.1646
NC(=O)NO	Weight	Low	-0.1676
NC(=O)NO	Weight	Average	-0.22185
NC(=O)NO	Weight	High	-0.24056
NCC(O)CC(=O)O	Sex	Male	-0.10073
NCC(O)CC(=O)O	Sex	Female	-0.00959
NCC(O)CC(=O)O	Age	Children	-0.12276
NCC(O)CC(=O)O	Age	Adolescent	-0.07452
NCC(O)CC(=O)O	Age	Adult	-0.07391
NCC(O)CC(=O)O	Age	Elderly	-0.29819
NCC(O)CC(=O)O	Weight	Low	-0.22964
NCC(O)CC(=O)O	Weight	Average	-0.25913
NCC(O)CC(=O)O	Weight	High	-0.33827
O=C1CN=C(c2ccccc2)c2cc(Cl)ccc2N1CC(F)(F)F	Sex	Male	-0.10402
O=C1CN=C(c2ccccc2)c2cc(Cl)ccc2N1CC(F)(F)F	Sex	Female	-0.00221
O=C1CN=C(c2ccccc2)c2cc(Cl)ccc2N1CC(F)(F)F	Age	Children	-0.10765
O=C1CN=C(c2ccccc2)c2cc(Cl)ccc2N1CC(F)(F)F	Age	Adolescent	-0.05407
O=C1CN=C(c2ccccc2)c2cc(Cl)ccc2N1CC(F)(F)F	Age	Adult	-0.07534
O=C1CN=C(c2ccccc2)c2cc(Cl)ccc2N1CC(F)(F)F	Age	Elderly	-0.29676
O=C1CN=C(c2ccccc2)c2cc(Cl)ccc2N1CC(F)(F)F	Weight	Low	-0.18702
O=C1CN=C(c2ccccc2)c2cc(Cl)ccc2N1CC(F)(F)F	Weight	Average	-0.14643
O=C1CN=C(c2ccccc2)c2cc(Cl)ccc2N1CC(F)(F)F	Weight	High	-0.20759
OCC1OC(Oc2ccc(O)cc2)C(O)C(O)C1O	Sex	Male	-0.08163
OCC1OC(Oc2ccc(O)cc2)C(O)C(O)C1O	Sex	Female	-0.00594
OCC1OC(Oc2ccc(O)cc2)C(O)C(O)C1O	Age	Children	-0.10948
OCC1OC(Oc2ccc(O)cc2)C(O)C(O)C1O	Age	Adolescent	-0.06475
OCC1OC(Oc2ccc(O)cc2)C(O)C(O)C1O	Age	Adult	-0.04563
OCC1OC(Oc2ccc(O)cc2)C(O)C(O)C1O	Age	Elderly	-0.22748
OCC1OC(Oc2ccc(O)cc2)C(O)C(O)C1O	Weight	Low	-0.25186
OCC1OC(Oc2ccc(O)cc2)C(O)C(O)C1O	Weight	Average	-0.18196
OCC1OC(Oc2ccc(O)cc2)C(O)C(O)C1O	Weight	High	-0.27259
OCCc1ccc(O)cc1	Sex	Male	-0.1295
OCCc1ccc(O)cc1	Sex	Female	-0.00704
OCCc1ccc(O)cc1	Age	Children	-0.12197
OCCc1ccc(O)cc1	Age	Adolescent	-0.06477
OCCc1ccc(O)cc1	Age	Adult	-0.05428
OCCc1ccc(O)cc1	Age	Elderly	-0.20413
OCCc1ccc(O)cc1	Weight	Low	-0.18156
OCCc1ccc(O)cc1	Weight	Average	-0.23885
OCCc1ccc(O)cc1	Weight	High	-0.39255
C=CC1=C(C(=O)O)N2C(=O)C(NC(=O)C(=NOCC(=O)O)c3csc(N)n3)C2SC1	Sex	Male	-0.03374
C=CC1=C(C(=O)O)N2C(=O)C(NC(=O)C(=NOCC(=O)O)c3csc(N)n3)C2SC1	Sex	Female	-0.00643
C=CC1=C(C(=O)O)N2C(=O)C(NC(=O)C(=NOCC(=O)O)c3csc(N)n3)C2SC1	Age	Children	-0.11266
C=CC1=C(C(=O)O)N2C(=O)C(NC(=O)C(=NOCC(=O)O)c3csc(N)n3)C2SC1	Age	Adolescent	-0.0482
C=CC1=C(C(=O)O)N2C(=O)C(NC(=O)C(=NOCC(=O)O)c3csc(N)n3)C2SC1	Age	Adult	-0.05327
C=CC1=C(C(=O)O)N2C(=O)C(NC(=O)C(=NOCC(=O)O)c3csc(N)n3)C2SC1	Age	Elderly	-0.10146
C=CC1=C(C(=O)O)N2C(=O)C(NC(=O)C(=NOCC(=O)O)c3csc(N)n3)C2SC1	Weight	Low	-0.20744
C=CC1=C(C(=O)O)N2C(=O)C(NC(=O)C(=NOCC(=O)O)c3csc(N)n3)C2SC1	Weight	Average	-0.14845
C=CC1=C(C(=O)O)N2C(=O)C(NC(=O)C(=NOCC(=O)O)c3csc(N)n3)C2SC1	Weight	High	-0.12426
CCC=CCC=CCC=CCC=CCC=CCCCC(=O)O	Sex	Male	-0.03266
CCC=CCC=CCC=CCC=CCC=CCCCC(=O)O	Sex	Female	-0.00251
CCC=CCC=CCC=CCC=CCC=CCCCC(=O)O	Age	Children	-0.05321
CCC=CCC=CCC=CCC=CCC=CCCCC(=O)O	Age	Adolescent	-0.0333
CCC=CCC=CCC=CCC=CCC=CCCCC(=O)O	Age	Adult	-0.01423
CCC=CCC=CCC=CCC=CCC=CCCCC(=O)O	Age	Elderly	-0.04972
CCC=CCC=CCC=CCC=CCC=CCCCC(=O)O	Weight	Low	-0.05139
CCC=CCC=CCC=CCC=CCC=CCCCC(=O)O	Weight	Average	-0.03938
CCC=CCC=CCC=CCC=CCC=CCCCC(=O)O	Weight	High	-0.07916
CN1CC(=O)N=C1N	Sex	Male	-0.12126
CN1CC(=O)N=C1N	Sex	Female	-0.0084
CN1CC(=O)N=C1N	Age	Children	-0.09643
CN1CC(=O)N=C1N	Age	Adolescent	-0.08802
CN1CC(=O)N=C1N	Age	Adult	-0.10695
CN1CC(=O)N=C1N	Age	Elderly	-0.24656
CN1CC(=O)N=C1N	Weight	Low	-0.20648
CN1CC(=O)N=C1N	Weight	Average	-0.19586
CN1CC(=O)N=C1N	Weight	High	-0.17727
Clc1ccc2c(c1)C(c1ccccc1)=NCc1nncn1-2	Sex	Male	-0.12233
Clc1ccc2c(c1)C(c1ccccc1)=NCc1nncn1-2	Sex	Female	-0.00669
Clc1ccc2c(c1)C(c1ccccc1)=NCc1nncn1-2	Age	Children	-0.10113
Clc1ccc2c(c1)C(c1ccccc1)=NCc1nncn1-2	Age	Adolescent	-0.01898
Clc1ccc2c(c1)C(c1ccccc1)=NCc1nncn1-2	Age	Adult	-0.04853
Clc1ccc2c(c1)C(c1ccccc1)=NCc1nncn1-2	Age	Elderly	-0.18154
Clc1ccc2c(c1)C(c1ccccc1)=NCc1nncn1-2	Weight	Low	-0.15882
Clc1ccc2c(c1)C(c1ccccc1)=NCc1nncn1-2	Weight	Average	-0.12888
Clc1ccc2c(c1)C(c1ccccc1)=NCc1nncn1-2	Weight	High	-0.11453
Nc1nc(Nc2ccc3c(c2)CCC(N2CCCC2)CC3)nn1-c1cc2c(nn1)-c1ccccc1CCC2	Sex	Male	-0.17675
Nc1nc(Nc2ccc3c(c2)CCC(N2CCCC2)CC3)nn1-c1cc2c(nn1)-c1ccccc1CCC2	Sex	Female	-0.01294
Nc1nc(Nc2ccc3c(c2)CCC(N2CCCC2)CC3)nn1-c1cc2c(nn1)-c1ccccc1CCC2	Age	Children	-0.15704
Nc1nc(Nc2ccc3c(c2)CCC(N2CCCC2)CC3)nn1-c1cc2c(nn1)-c1ccccc1CCC2	Age	Adolescent	-0.0548
Nc1nc(Nc2ccc3c(c2)CCC(N2CCCC2)CC3)nn1-c1cc2c(nn1)-c1ccccc1CCC2	Age	Adult	-0.09004
Nc1nc(Nc2ccc3c(c2)CCC(N2CCCC2)CC3)nn1-c1cc2c(nn1)-c1ccccc1CCC2	Age	Elderly	-0.20963
Nc1nc(Nc2ccc3c(c2)CCC(N2CCCC2)CC3)nn1-c1cc2c(nn1)-c1ccccc1CCC2	Weight	Low	-0.24858
Nc1nc(Nc2ccc3c(c2)CCC(N2CCCC2)CC3)nn1-c1cc2c(nn1)-c1ccccc1CCC2	Weight	Average	-0.14222
Nc1nc(Nc2ccc3c(c2)CCC(N2CCCC2)CC3)nn1-c1cc2c(nn1)-c1ccccc1CCC2	Weight	High	-0.17835
O=C1OC(c2ccc(O)cc2)(c2ccc(O)cc2)c2ccccc21	Sex	Male	-0.0942
O=C1OC(c2ccc(O)cc2)(c2ccc(O)cc2)c2ccccc21	Sex	Female	-0.00424
O=C1OC(c2ccc(O)cc2)(c2ccc(O)cc2)c2ccccc21	Age	Children	-0.15756
O=C1OC(c2ccc(O)cc2)(c2ccc(O)cc2)c2ccccc21	Age	Adolescent	-0.0709
O=C1OC(c2ccc(O)cc2)(c2ccc(O)cc2)c2ccccc21	Age	Adult	-0.04845
O=C1OC(c2ccc(O)cc2)(c2ccc(O)cc2)c2ccccc21	Age	Elderly	-0.26291
O=C1OC(c2ccc(O)cc2)(c2ccc(O)cc2)c2ccccc21	Weight	Low	-0.29383
O=C1OC(c2ccc(O)cc2)(c2ccc(O)cc2)c2ccccc21	Weight	Average	-0.27849
O=C1OC(c2ccc(O)cc2)(c2ccc(O)cc2)c2ccccc21	Weight	High	-0.2521
CC(C)(CCCCCC(O)CCCCCC(C)(C)C(=O)O)C(=O)O	Sex	Male	-0.07494
CC(C)(CCCCCC(O)CCCCCC(C)(C)C(=O)O)C(=O)O	Sex	Female	-0.0058
CC(C)(CCCCCC(O)CCCCCC(C)(C)C(=O)O)C(=O)O	Age	Children	-0.11078
CC(C)(CCCCCC(O)CCCCCC(C)(C)C(=O)O)C(=O)O	Age	Adolescent	-0.06597
CC(C)(CCCCCC(O)CCCCCC(C)(C)C(=O)O)C(=O)O	Age	Adult	-0.02868
CC(C)(CCCCCC(O)CCCCCC(C)(C)C(=O)O)C(=O)O	Age	Elderly	-0.09298
CC(C)(CCCCCC(O)CCCCCC(C)(C)C(=O)O)C(=O)O	Weight	Low	-0.09489
CC(C)(CCCCCC(O)CCCCCC(C)(C)C(=O)O)C(=O)O	Weight	Average	-0.08205
CC(C)(CCCCCC(O)CCCCCC(C)(C)C(=O)O)C(=O)O	Weight	High	-0.12449
CCCCCCCN(CC)CCCC(O)c1ccc(NS(C)(=O)=O)cc1	Sex	Male	-0.05981
CCCCCCCN(CC)CCCC(O)c1ccc(NS(C)(=O)=O)cc1	Sex	Female	-0.00099
CCCCCCCN(CC)CCCC(O)c1ccc(NS(C)(=O)=O)cc1	Age	Children	-0.10473
CCCCCCCN(CC)CCCC(O)c1ccc(NS(C)(=O)=O)cc1	Age	Adolescent	-0.04648
CCCCCCCN(CC)CCCC(O)c1ccc(NS(C)(=O)=O)cc1	Age	Adult	-0.05258
CCCCCCCN(CC)CCCC(O)c1ccc(NS(C)(=O)=O)cc1	Age	Elderly	-0.13496
CCCCCCCN(CC)CCCC(O)c1ccc(NS(C)(=O)=O)cc1	Weight	Low	-0.12322
CCCCCCCN(CC)CCCC(O)c1ccc(NS(C)(=O)=O)cc1	Weight	Average	-0.12202
CCCCCCCN(CC)CCCC(O)c1ccc(NS(C)(=O)=O)cc1	Weight	High	-0.20806
Brc1c(NC2=NCCN2)ccc2nccnc12	Sex	Male	-0.14076
Brc1c(NC2=NCCN2)ccc2nccnc12	Sex	Female	-0.00429
Brc1c(NC2=NCCN2)ccc2nccnc12	Age	Children	-0.11101
Brc1c(NC2=NCCN2)ccc2nccnc12	Age	Adolescent	-0.06136
Brc1c(NC2=NCCN2)ccc2nccnc12	Age	Adult	-0.07713
Brc1c(NC2=NCCN2)ccc2nccnc12	Age	Elderly	-0.21361
Brc1c(NC2=NCCN2)ccc2nccnc12	Weight	Low	-0.15844
Brc1c(NC2=NCCN2)ccc2nccnc12	Weight	Average	-0.11196
Brc1c(NC2=NCCN2)ccc2nccnc12	Weight	High	-0.12217
CC(=O)CCC=C(C)CCC=C(C)CCC=C(C)CCC=C(C)C	Sex	Male	-0.05388
CC(=O)CCC=C(C)CCC=C(C)CCC=C(C)CCC=C(C)C	Sex	Female	-0.00266
CC(=O)CCC=C(C)CCC=C(C)CCC=C(C)CCC=C(C)C	Age	Children	-0.08956
CC(=O)CCC=C(C)CCC=C(C)CCC=C(C)CCC=C(C)C	Age	Adolescent	-0.05733
CC(=O)CCC=C(C)CCC=C(C)CCC=C(C)CCC=C(C)C	Age	Adult	-0.05548
CC(=O)CCC=C(C)CCC=C(C)CCC=C(C)CCC=C(C)C	Age	Elderly	0.00573
CC(=O)CCC=C(C)CCC=C(C)CCC=C(C)CCC=C(C)C	Weight	Low	-0.02185
CC(=O)CCC=C(C)CCC=C(C)CCC=C(C)CCC=C(C)C	Weight	Average	-0.05918
CC(=O)CCC=C(C)CCC=C(C)CCC=C(C)CCC=C(C)C	Weight	High	-0.0403
CC(C=CC1=C(C)CCCC1(C)C)=CC=CC(C)=CC(=O)Nc1ccc(O)cc1	Sex	Male	-0.06058
CC(C=CC1=C(C)CCCC1(C)C)=CC=CC(C)=CC(=O)Nc1ccc(O)cc1	Sex	Female	-0.01194
CC(C=CC1=C(C)CCCC1(C)C)=CC=CC(C)=CC(=O)Nc1ccc(O)cc1	Age	Children	-0.13073
CC(C=CC1=C(C)CCCC1(C)C)=CC=CC(C)=CC(=O)Nc1ccc(O)cc1	Age	Adolescent	-0.05241
CC(C=CC1=C(C)CCCC1(C)C)=CC=CC(C)=CC(=O)Nc1ccc(O)cc1	Age	Adult	-0.07656
CC(C=CC1=C(C)CCCC1(C)C)=CC=CC(C)=CC(=O)Nc1ccc(O)cc1	Age	Elderly	-0.06373
CC(C=CC1=C(C)CCCC1(C)C)=CC=CC(C)=CC(=O)Nc1ccc(O)cc1	Weight	Low	-0.16915
CC(C=CC1=C(C)CCCC1(C)C)=CC=CC(C)=CC(=O)Nc1ccc(O)cc1	Weight	Average	-0.09885
CC(C=CC1=C(C)CCCC1(C)C)=CC=CC(C)=CC(=O)Nc1ccc(O)cc1	Weight	High	-0.12044
CC(CN1CC(=O)NC(=O)C1)N1CC(=O)NC(=O)C1	Sex	Male	-0.0323
CC(CN1CC(=O)NC(=O)C1)N1CC(=O)NC(=O)C1	Sex	Female	0.00166
CC(CN1CC(=O)NC(=O)C1)N1CC(=O)NC(=O)C1	Age	Children	-0.09909
CC(CN1CC(=O)NC(=O)C1)N1CC(=O)NC(=O)C1	Age	Adolescent	-0.05613
CC(CN1CC(=O)NC(=O)C1)N1CC(=O)NC(=O)C1	Age	Adult	-0.04828
CC(CN1CC(=O)NC(=O)C1)N1CC(=O)NC(=O)C1	Age	Elderly	-0.21544
CC(CN1CC(=O)NC(=O)C1)N1CC(=O)NC(=O)C1	Weight	Low	-0.23353
CC(CN1CC(=O)NC(=O)C1)N1CC(=O)NC(=O)C1	Weight	Average	-0.14738
CC(CN1CC(=O)NC(=O)C1)N1CC(=O)NC(=O)C1	Weight	High	-0.18404
CC12CC3CC(C)(C1)CC(N)(C3)C2	Sex	Male	-0.09972
CC12CC3CC(C)(C1)CC(N)(C3)C2	Sex	Female	-0.00344
CC12CC3CC(C)(C1)CC(N)(C3)C2	Age	Children	-0.10867
CC12CC3CC(C)(C1)CC(N)(C3)C2	Age	Adolescent	-0.07024
CC12CC3CC(C)(C1)CC(N)(C3)C2	Age	Adult	-0.06321
CC12CC3CC(C)(C1)CC(N)(C3)C2	Age	Elderly	-0.15674
CC12CC3CC(C)(C1)CC(N)(C3)C2	Weight	Low	-0.21029
CC12CC3CC(C)(C1)CC(N)(C3)C2	Weight	Average	-0.21823
CC12CC3CC(C)(C1)CC(N)(C3)C2	Weight	High	-0.25698
CC1OC(OC2CC(O)C3(CO)C4C(O)CC5(C)C(C6=CC(=O)OC6)CCC5(O)C4CCC3(O)C2)C(O)C(O)C1O	Sex	Male	-0.07665
CC1OC(OC2CC(O)C3(CO)C4C(O)CC5(C)C(C6=CC(=O)OC6)CCC5(O)C4CCC3(O)C2)C(O)C(O)C1O	Sex	Female	-0.01262
CC1OC(OC2CC(O)C3(CO)C4C(O)CC5(C)C(C6=CC(=O)OC6)CCC5(O)C4CCC3(O)C2)C(O)C(O)C1O	Age	Children	-0.12227
CC1OC(OC2CC(O)C3(CO)C4C(O)CC5(C)C(C6=CC(=O)OC6)CCC5(O)C4CCC3(O)C2)C(O)C(O)C1O	Age	Adolescent	-0.0949
CC1OC(OC2CC(O)C3(CO)C4C(O)CC5(C)C(C6=CC(=O)OC6)CCC5(O)C4CCC3(O)C2)C(O)C(O)C1O	Age	Adult	-0.07934
CC1OC(OC2CC(O)C3(CO)C4C(O)CC5(C)C(C6=CC(=O)OC6)CCC5(O)C4CCC3(O)C2)C(O)C(O)C1O	Age	Elderly	-0.15646
CC1OC(OC2CC(O)C3(CO)C4C(O)CC5(C)C(C6=CC(=O)OC6)CCC5(O)C4CCC3(O)C2)C(O)C(O)C1O	Weight	Low	-0.29046
CC1OC(OC2CC(O)C3(CO)C4C(O)CC5(C)C(C6=CC(=O)OC6)CCC5(O)C4CCC3(O)C2)C(O)C(O)C1O	Weight	Average	-0.20727
CC1OC(OC2CC(O)C3(CO)C4C(O)CC5(C)C(C6=CC(=O)OC6)CCC5(O)C4CCC3(O)C2)C(O)C(O)C1O	Weight	High	-0.24589
CCC=C(C(=O)NC1C(=O)N2C(C(=O)OCOC(=O)C(C)(C)C)=C(COC(N)=O)CSC12)c1csc(N)n1	Sex	Male	-0.03092
CCC=C(C(=O)NC1C(=O)N2C(C(=O)OCOC(=O)C(C)(C)C)=C(COC(N)=O)CSC12)c1csc(N)n1	Sex	Female	-0.00503
CCC=C(C(=O)NC1C(=O)N2C(C(=O)OCOC(=O)C(C)(C)C)=C(COC(N)=O)CSC12)c1csc(N)n1	Age	Children	-0.14977
CCC=C(C(=O)NC1C(=O)N2C(C(=O)OCOC(=O)C(C)(C)C)=C(COC(N)=O)CSC12)c1csc(N)n1	Age	Adolescent	-0.06657
CCC=C(C(=O)NC1C(=O)N2C(C(=O)OCOC(=O)C(C)(C)C)=C(COC(N)=O)CSC12)c1csc(N)n1	Age	Adult	-0.05116
CCC=C(C(=O)NC1C(=O)N2C(C(=O)OCOC(=O)C(C)(C)C)=C(COC(N)=O)CSC12)c1csc(N)n1	Age	Elderly	-0.15484
CCC=C(C(=O)NC1C(=O)N2C(C(=O)OCOC(=O)C(C)(C)C)=C(COC(N)=O)CSC12)c1csc(N)n1	Weight	Low	-0.16946
CCC=C(C(=O)NC1C(=O)N2C(C(=O)OCOC(=O)C(C)(C)C)=C(COC(N)=O)CSC12)c1csc(N)n1	Weight	Average	-0.0846
CCC=C(C(=O)NC1C(=O)N2C(C(=O)OCOC(=O)C(C)(C)C)=C(COC(N)=O)CSC12)c1csc(N)n1	Weight	High	-0.11177
CN(C)CCC=C1c2ccccc2CSc2ccccc21	Sex	Male	-0.14054
CN(C)CCC=C1c2ccccc2CSc2ccccc21	Sex	Female	-0.00067
CN(C)CCC=C1c2ccccc2CSc2ccccc21	Age	Children	-0.08213
CN(C)CCC=C1c2ccccc2CSc2ccccc21	Age	Adolescent	-0.02196
CN(C)CCC=C1c2ccccc2CSc2ccccc21	Age	Adult	-0.0264
CN(C)CCC=C1c2ccccc2CSc2ccccc21	Age	Elderly	-0.17415
CN(C)CCC=C1c2ccccc2CSc2ccccc21	Weight	Low	-0.14033
CN(C)CCC=C1c2ccccc2CSc2ccccc21	Weight	Average	-0.20101
CN(C)CCC=C1c2ccccc2CSc2ccccc21	Weight	High	-0.17518
COC(=O)C=CC(=O)OC	Sex	Male	-0.04291
COC(=O)C=CC(=O)OC	Sex	Female	-0.01001
COC(=O)C=CC(=O)OC	Age	Children	-0.08824
COC(=O)C=CC(=O)OC	Age	Adolescent	-0.07476
COC(=O)C=CC(=O)OC	Age	Adult	-0.09037
COC(=O)C=CC(=O)OC	Age	Elderly	-0.16174
COC(=O)C=CC(=O)OC	Weight	Low	-0.09619
COC(=O)C=CC(=O)OC	Weight	Average	-0.08597
COC(=O)C=CC(=O)OC	Weight	High	-0.08881
CO[N+]([O-])=CC(=O)NC=CC(=O)O	Sex	Male	-0.1043
CO[N+]([O-])=CC(=O)NC=CC(=O)O	Sex	Female	-0.01491
CO[N+]([O-])=CC(=O)NC=CC(=O)O	Age	Children	-0.13521
CO[N+]([O-])=CC(=O)NC=CC(=O)O	Age	Adolescent	-0.06406
CO[N+]([O-])=CC(=O)NC=CC(=O)O	Age	Adult	-0.10261
CO[N+]([O-])=CC(=O)NC=CC(=O)O	Age	Elderly	-0.21842
CO[N+]([O-])=CC(=O)NC=CC(=O)O	Weight	Low	-0.10651
CO[N+]([O-])=CC(=O)NC=CC(=O)O	Weight	Average	-0.09956
CO[N+]([O-])=CC(=O)NC=CC(=O)O	Weight	High	-0.16279
C[N+](C)(C)CCCCCC[N+](C)(C)C	Sex	Male	-0.08672
C[N+](C)(C)CCCCCC[N+](C)(C)C	Sex	Female	-0.0031
C[N+](C)(C)CCCCCC[N+](C)(C)C	Age	Children	-0.08959
C[N+](C)(C)CCCCCC[N+](C)(C)C	Age	Adolescent	-0.04148
C[N+](C)(C)CCCCCC[N+](C)(C)C	Age	Adult	-0.03173
C[N+](C)(C)CCCCCC[N+](C)(C)C	Age	Elderly	-0.10681
C[N+](C)(C)CCCCCC[N+](C)(C)C	Weight	Low	-0.18976
C[N+](C)(C)CCCCCC[N+](C)(C)C	Weight	Average	-0.23756
C[N+](C)(C)CCCCCC[N+](C)(C)C	Weight	High	-0.21924
Cc1ccnc2c1NC(=O)c1cccnc1N2C1CC1	Sex	Male	-0.1253
Cc1ccnc2c1NC(=O)c1cccnc1N2C1CC1	Sex	Female	-0.00862
Cc1ccnc2c1NC(=O)c1cccnc1N2C1CC1	Age	Children	-0.13024
Cc1ccnc2c1NC(=O)c1cccnc1N2C1CC1	Age	Adolescent	-0.05994
Cc1ccnc2c1NC(=O)c1cccnc1N2C1CC1	Age	Adult	-0.08777
Cc1ccnc2c1NC(=O)c1cccnc1N2C1CC1	Age	Elderly	-0.16964
Cc1ccnc2c1NC(=O)c1cccnc1N2C1CC1	Weight	Low	-0.21884
Cc1ccnc2c1NC(=O)c1cccnc1N2C1CC1	Weight	Average	-0.13766
Cc1ccnc2c1NC(=O)c1cccnc1N2C1CC1	Weight	High	-0.19107
Cc1ncc([N+](=O)[O-])n1CC(O)CCl	Sex	Male	-0.09665
Cc1ncc([N+](=O)[O-])n1CC(O)CCl	Sex	Female	-0.00958
Cc1ncc([N+](=O)[O-])n1CC(O)CCl	Age	Children	-0.11197
Cc1ncc([N+](=O)[O-])n1CC(O)CCl	Age	Adolescent	-0.04528
Cc1ncc([N+](=O)[O-])n1CC(O)CCl	Age	Adult	-0.07908
Cc1ncc([N+](=O)[O-])n1CC(O)CCl	Age	Elderly	-0.1779
Cc1ncc([N+](=O)[O-])n1CC(O)CCl	Weight	Low	-0.1297
Cc1ncc([N+](=O)[O-])n1CC(O)CCl	Weight	Average	-0.14801
Cc1ncc([N+](=O)[O-])n1CC(O)CCl	Weight	High	-0.21561
Clc1ccc2c(N3CCN(CCCN4CCN(c5ccnc6cc(Cl)ccc56)CC4)CC3)ccnc2c1	Sex	Male	-0.12098
Clc1ccc2c(N3CCN(CCCN4CCN(c5ccnc6cc(Cl)ccc56)CC4)CC3)ccnc2c1	Sex	Female	-0.00609
Clc1ccc2c(N3CCN(CCCN4CCN(c5ccnc6cc(Cl)ccc56)CC4)CC3)ccnc2c1	Age	Children	-0.05174
Clc1ccc2c(N3CCN(CCCN4CCN(c5ccnc6cc(Cl)ccc56)CC4)CC3)ccnc2c1	Age	Adolescent	-0.01724
Clc1ccc2c(N3CCN(CCCN4CCN(c5ccnc6cc(Cl)ccc56)CC4)CC3)ccnc2c1	Age	Adult	-0.01522
Clc1ccc2c(N3CCN(CCCN4CCN(c5ccnc6cc(Cl)ccc56)CC4)CC3)ccnc2c1	Age	Elderly	-0.13469
Clc1ccc2c(N3CCN(CCCN4CCN(c5ccnc6cc(Cl)ccc56)CC4)CC3)ccnc2c1	Weight	Low	-0.12433
Clc1ccc2c(N3CCN(CCCN4CCN(c5ccnc6cc(Cl)ccc56)CC4)CC3)ccnc2c1	Weight	Average	-0.09809
Clc1ccc2c(N3CCN(CCCN4CCN(c5ccnc6cc(Cl)ccc56)CC4)CC3)ccnc2c1	Weight	High	-0.15496
N#Cc1ccccc1-c1cc(-c2ccccn2)cn(-c2ccccc2)c1=O	Sex	Male	-0.12683
N#Cc1ccccc1-c1cc(-c2ccccn2)cn(-c2ccccc2)c1=O	Sex	Female	-0.00649
N#Cc1ccccc1-c1cc(-c2ccccn2)cn(-c2ccccc2)c1=O	Age	Children	-0.1214
N#Cc1ccccc1-c1cc(-c2ccccn2)cn(-c2ccccc2)c1=O	Age	Adolescent	-0.0579
N#Cc1ccccc1-c1cc(-c2ccccn2)cn(-c2ccccc2)c1=O	Age	Adult	-0.12091
N#Cc1ccccc1-c1cc(-c2ccccn2)cn(-c2ccccc2)c1=O	Age	Elderly	-0.19817
N#Cc1ccccc1-c1cc(-c2ccccn2)cn(-c2ccccc2)c1=O	Weight	Low	-0.15397
N#Cc1ccccc1-c1cc(-c2ccccn2)cn(-c2ccccc2)c1=O	Weight	Average	-0.07251
N#Cc1ccccc1-c1cc(-c2ccccn2)cn(-c2ccccc2)c1=O	Weight	High	-0.13926
NC(=O)N=S(=O)=O	Sex	Male	-0.10372
NC(=O)N=S(=O)=O	Sex	Female	-0.00413
NC(=O)N=S(=O)=O	Age	Children	-0.12346
NC(=O)N=S(=O)=O	Age	Adolescent	-0.09541
NC(=O)N=S(=O)=O	Age	Adult	-0.06905
NC(=O)N=S(=O)=O	Age	Elderly	-0.18033
NC(=O)N=S(=O)=O	Weight	Low	-0.13717
NC(=O)N=S(=O)=O	Weight	Average	-0.12104
NC(=O)N=S(=O)=O	Weight	High	-0.12382
NC(N)=NCCCC(N)C(=O)O	Sex	Male	-0.08629
NC(N)=NCCCC(N)C(=O)O	Sex	Female	-0.01725
NC(N)=NCCCC(N)C(=O)O	Age	Children	-0.09969
NC(N)=NCCCC(N)C(=O)O	Age	Adolescent	-0.05017
NC(N)=NCCCC(N)C(=O)O	Age	Adult	-0.08081
NC(N)=NCCCC(N)C(=O)O	Age	Elderly	-0.19766
NC(N)=NCCCC(N)C(=O)O	Weight	Low	-0.20575
NC(N)=NCCCC(N)C(=O)O	Weight	Average	-0.20041
NC(N)=NCCCC(N)C(=O)O	Weight	High	-0.22894
Nc1nc(C(=CCC(=O)O)C(=O)NC2C(=O)N3C(C(=O)O)=CCSC23)cs1	Sex	Male	-0.06881
Nc1nc(C(=CCC(=O)O)C(=O)NC2C(=O)N3C(C(=O)O)=CCSC23)cs1	Sex	Female	-0.0079
Nc1nc(C(=CCC(=O)O)C(=O)NC2C(=O)N3C(C(=O)O)=CCSC23)cs1	Age	Children	-0.11106
Nc1nc(C(=CCC(=O)O)C(=O)NC2C(=O)N3C(C(=O)O)=CCSC23)cs1	Age	Adolescent	-0.03376
Nc1nc(C(=CCC(=O)O)C(=O)NC2C(=O)N3C(C(=O)O)=CCSC23)cs1	Age	Adult	-0.02509
Nc1nc(C(=CCC(=O)O)C(=O)NC2C(=O)N3C(C(=O)O)=CCSC23)cs1	Age	Elderly	-0.15414
Nc1nc(C(=CCC(=O)O)C(=O)NC2C(=O)N3C(C(=O)O)=CCSC23)cs1	Weight	Low	-0.18614
Nc1nc(C(=CCC(=O)O)C(=O)NC2C(=O)N3C(C(=O)O)=CCSC23)cs1	Weight	Average	-0.12069
Nc1nc(C(=CCC(=O)O)C(=O)NC2C(=O)N3C(C(=O)O)=CCSC23)cs1	Weight	High	-0.13185
Nc1nc(C(=NO)C(=O)NC2C(=O)N3C(C(=O)O)=C(C=C4CCN(C5CCNC5)C4=O)CSC23)ns1	Sex	Male	-0.05191
Nc1nc(C(=NO)C(=O)NC2C(=O)N3C(C(=O)O)=C(C=C4CCN(C5CCNC5)C4=O)CSC23)ns1	Sex	Female	-0.00352
Nc1nc(C(=NO)C(=O)NC2C(=O)N3C(C(=O)O)=C(C=C4CCN(C5CCNC5)C4=O)CSC23)ns1	Age	Children	-0.12039
Nc1nc(C(=NO)C(=O)NC2C(=O)N3C(C(=O)O)=C(C=C4CCN(C5CCNC5)C4=O)CSC23)ns1	Age	Adolescent	-0.07567
Nc1nc(C(=NO)C(=O)NC2C(=O)N3C(C(=O)O)=C(C=C4CCN(C5CCNC5)C4=O)CSC23)ns1	Age	Adult	-0.06325
Nc1nc(C(=NO)C(=O)NC2C(=O)N3C(C(=O)O)=C(C=C4CCN(C5CCNC5)C4=O)CSC23)ns1	Age	Elderly	-0.20558
Nc1nc(C(=NO)C(=O)NC2C(=O)N3C(C(=O)O)=C(C=C4CCN(C5CCNC5)C4=O)CSC23)ns1	Weight	Low	-0.20739
Nc1nc(C(=NO)C(=O)NC2C(=O)N3C(C(=O)O)=C(C=C4CCN(C5CCNC5)C4=O)CSC23)ns1	Weight	Average	-0.10902
Nc1nc(C(=NO)C(=O)NC2C(=O)N3C(C(=O)O)=C(C=C4CCN(C5CCNC5)C4=O)CSC23)ns1	Weight	High	-0.16104
Nc1nc(Cl)nc2c1ncn2C1CC(O)C(CO)O1	Sex	Male	-0.11608
Nc1nc(Cl)nc2c1ncn2C1CC(O)C(CO)O1	Sex	Female	-0.01184
Nc1nc(Cl)nc2c1ncn2C1CC(O)C(CO)O1	Age	Children	-0.14292
Nc1nc(Cl)nc2c1ncn2C1CC(O)C(CO)O1	Age	Adolescent	-0.04177
Nc1nc(Cl)nc2c1ncn2C1CC(O)C(CO)O1	Age	Adult	-0.07667
Nc1nc(Cl)nc2c1ncn2C1CC(O)C(CO)O1	Age	Elderly	-0.30164
Nc1nc(Cl)nc2c1ncn2C1CC(O)C(CO)O1	Weight	Low	-0.35093
Nc1nc(Cl)nc2c1ncn2C1CC(O)C(CO)O1	Weight	Average	-0.24608
Nc1nc(Cl)nc2c1ncn2C1CC(O)C(CO)O1	Weight	High	-0.26399
Nc1ncn(C2CC(O)C(CO)O2)c(=O)n1	Sex	Male	-0.17478
Nc1ncn(C2CC(O)C(CO)O2)c(=O)n1	Sex	Female	-0.0067
Nc1ncn(C2CC(O)C(CO)O2)c(=O)n1	Age	Children	-0.14495
Nc1ncn(C2CC(O)C(CO)O2)c(=O)n1	Age	Adolescent	-0.06345
Nc1ncn(C2CC(O)C(CO)O2)c(=O)n1	Age	Adult	-0.06128
Nc1ncn(C2CC(O)C(CO)O2)c(=O)n1	Age	Elderly	-0.27855
Nc1ncn(C2CC(O)C(CO)O2)c(=O)n1	Weight	Low	-0.35661
Nc1ncn(C2CC(O)C(CO)O2)c(=O)n1	Weight	Average	-0.29734
Nc1ncn(C2CC(O)C(CO)O2)c(=O)n1	Weight	High	-0.36469
O=C(NCC(O)CO)c1ccncc1Nc1ccc(I)cc1F	Sex	Male	-0.10733
O=C(NCC(O)CO)c1ccncc1Nc1ccc(I)cc1F	Sex	Female	-0.00389
O=C(NCC(O)CO)c1ccncc1Nc1ccc(I)cc1F	Age	Children	-0.10012
O=C(NCC(O)CO)c1ccncc1Nc1ccc(I)cc1F	Age	Adolescent	-0.06114
O=C(NCC(O)CO)c1ccncc1Nc1ccc(I)cc1F	Age	Adult	-0.07755
O=C(NCC(O)CO)c1ccncc1Nc1ccc(I)cc1F	Age	Elderly	-0.19304
O=C(NCC(O)CO)c1ccncc1Nc1ccc(I)cc1F	Weight	Low	-0.07926
O=C(NCC(O)CO)c1ccncc1Nc1ccc(I)cc1F	Weight	Average	-0.03284
O=C(NCC(O)CO)c1ccncc1Nc1ccc(I)cc1F	Weight	High	-0.12625
O=C([O-])C=CC(=O)[O-]	Sex	Male	0.02715
O=C([O-])C=CC(=O)[O-]	Sex	Female	-0.00388
O=C([O-])C=CC(=O)[O-]	Age	Children	-0.09851
O=C([O-])C=CC(=O)[O-]	Age	Adolescent	-0.06671
O=C([O-])C=CC(=O)[O-]	Age	Adult	-0.11231
O=C([O-])C=CC(=O)[O-]	Age	Elderly	-0.22344
O=C([O-])C=CC(=O)[O-]	Weight	Low	-0.08904
O=C([O-])C=CC(=O)[O-]	Weight	Average	-0.10569
O=C([O-])C=CC(=O)[O-]	Weight	High	-0.17475
O=C1CN2CCOC2(c2ccccc2F)c2cc(Br)ccc2N1	Sex	Male	-0.1037
O=C1CN2CCOC2(c2ccccc2F)c2cc(Br)ccc2N1	Sex	Female	-0.01076
O=C1CN2CCOC2(c2ccccc2F)c2cc(Br)ccc2N1	Age	Children	-0.089
O=C1CN2CCOC2(c2ccccc2F)c2cc(Br)ccc2N1	Age	Adolescent	-0.07477
O=C1CN2CCOC2(c2ccccc2F)c2cc(Br)ccc2N1	Age	Adult	-0.08942
O=C1CN2CCOC2(c2ccccc2F)c2cc(Br)ccc2N1	Age	Elderly	-0.28773
O=C1CN2CCOC2(c2ccccc2F)c2cc(Br)ccc2N1	Weight	Low	-0.23494
O=C1CN2CCOC2(c2ccccc2F)c2cc(Br)ccc2N1	Weight	Average	-0.25108
O=C1CN2CCOC2(c2ccccc2F)c2cc(Br)ccc2N1	Weight	High	-0.32273
O=C1CN=C(c2ccccn2)c2cc(Br)ccc2N1	Sex	Male	-0.08307
O=C1CN=C(c2ccccn2)c2cc(Br)ccc2N1	Sex	Female	-0.00546
O=C1CN=C(c2ccccn2)c2cc(Br)ccc2N1	Age	Children	-0.09085
O=C1CN=C(c2ccccn2)c2cc(Br)ccc2N1	Age	Adolescent	-0.04278
O=C1CN=C(c2ccccn2)c2cc(Br)ccc2N1	Age	Adult	-0.04737
O=C1CN=C(c2ccccn2)c2cc(Br)ccc2N1	Age	Elderly	-0.31232
O=C1CN=C(c2ccccn2)c2cc(Br)ccc2N1	Weight	Low	-0.21372
O=C1CN=C(c2ccccn2)c2cc(Br)ccc2N1	Weight	Average	-0.09568
O=C1CN=C(c2ccccn2)c2cc(Br)ccc2N1	Weight	High	-0.20065
O=C1c2ccccc2C(=O)C1c1ccc(F)cc1	Sex	Male	-0.11648
O=C1c2ccccc2C(=O)C1c1ccc(F)cc1	Sex	Female	-0.00199
O=C1c2ccccc2C(=O)C1c1ccc(F)cc1	Age	Children	-0.13012
O=C1c2ccccc2C(=O)C1c1ccc(F)cc1	Age	Adolescent	-0.06942
O=C1c2ccccc2C(=O)C1c1ccc(F)cc1	Age	Adult	-0.08563
O=C1c2ccccc2C(=O)C1c1ccc(F)cc1	Age	Elderly	-0.2371
O=C1c2ccccc2C(=O)C1c1ccc(F)cc1	Weight	Low	-0.19363
O=C1c2ccccc2C(=O)C1c1ccc(F)cc1	Weight	Average	-0.11314
O=C1c2ccccc2C(=O)C1c1ccc(F)cc1	Weight	High	-0.14565
O=c1ccc2ccc(OCCCCN3CCN(c4cccc5sccc45)CC3)cc2[nH]1	Sex	Male	-0.136
O=c1ccc2ccc(OCCCCN3CCN(c4cccc5sccc45)CC3)cc2[nH]1	Sex	Female	-0.01321
O=c1ccc2ccc(OCCCCN3CCN(c4cccc5sccc45)CC3)cc2[nH]1	Age	Children	-0.09835
O=c1ccc2ccc(OCCCCN3CCN(c4cccc5sccc45)CC3)cc2[nH]1	Age	Adolescent	-0.0444
O=c1ccc2ccc(OCCCCN3CCN(c4cccc5sccc45)CC3)cc2[nH]1	Age	Adult	-0.06358
O=c1ccc2ccc(OCCCCN3CCN(c4cccc5sccc45)CC3)cc2[nH]1	Age	Elderly	-0.1367
O=c1ccc2ccc(OCCCCN3CCN(c4cccc5sccc45)CC3)cc2[nH]1	Weight	Low	-0.19571
O=c1ccc2ccc(OCCCCN3CCN(c4cccc5sccc45)CC3)cc2[nH]1	Weight	Average	-0.15577
O=c1ccc2ccc(OCCCCN3CCN(c4cccc5sccc45)CC3)cc2[nH]1	Weight	High	-0.24408
COc1nc(C)nc(Cl)c1NC1=NCCN1	Sex	Male	-0.16361
COc1nc(C)nc(Cl)c1NC1=NCCN1	Sex	Female	-0.01342
COc1nc(C)nc(Cl)c1NC1=NCCN1	Age	Children	-0.09663
COc1nc(C)nc(Cl)c1NC1=NCCN1	Age	Adolescent	-0.03492
COc1nc(C)nc(Cl)c1NC1=NCCN1	Age	Adult	-0.04259
COc1nc(C)nc(Cl)c1NC1=NCCN1	Age	Elderly	-0.2017
COc1nc(C)nc(Cl)c1NC1=NCCN1	Weight	Low	-0.1945
COc1nc(C)nc(Cl)c1NC1=NCCN1	Weight	Average	-0.1233
COc1nc(C)nc(Cl)c1NC1=NCCN1	Weight	High	-0.16251
OCCN1CCN(CCC=C2c3ccccc3Sc3ccc(Cl)cc32)CC1	Sex	Male	-0.13865
OCCN1CCN(CCC=C2c3ccccc3Sc3ccc(Cl)cc32)CC1	Sex	Female	-0.0171
OCCN1CCN(CCC=C2c3ccccc3Sc3ccc(Cl)cc32)CC1	Age	Children	-0.09743
OCCN1CCN(CCC=C2c3ccccc3Sc3ccc(Cl)cc32)CC1	Age	Adolescent	-0.02241
OCCN1CCN(CCC=C2c3ccccc3Sc3ccc(Cl)cc32)CC1	Age	Adult	-0.05819
OCCN1CCN(CCC=C2c3ccccc3Sc3ccc(Cl)cc32)CC1	Age	Elderly	-0.18073
OCCN1CCN(CCC=C2c3ccccc3Sc3ccc(Cl)cc32)CC1	Weight	Low	-0.10546
OCCN1CCN(CCC=C2c3ccccc3Sc3ccc(Cl)cc32)CC1	Weight	Average	-0.1053
OCCN1CCN(CCC=C2c3ccccc3Sc3ccc(Cl)cc32)CC1	Weight	High	-0.24403
C=C1C(CO)C(O)CC1n1cnc2c(=O)[nH]c(N)nc21	Sex	Male	-0.05373
C=C1C(CO)C(O)CC1n1cnc2c(=O)[nH]c(N)nc21	Sex	Female	-0.00998
C=C1C(CO)C(O)CC1n1cnc2c(=O)[nH]c(N)nc21	Age	Children	-0.14339
C=C1C(CO)C(O)CC1n1cnc2c(=O)[nH]c(N)nc21	Age	Adolescent	-0.06421
C=C1C(CO)C(O)CC1n1cnc2c(=O)[nH]c(N)nc21	Age	Adult	-0.08372
C=C1C(CO)C(O)CC1n1cnc2c(=O)[nH]c(N)nc21	Age	Elderly	-0.20686
C=C1C(CO)C(O)CC1n1cnc2c(=O)[nH]c(N)nc21	Weight	Low	-0.33635
C=C1C(CO)C(O)CC1n1cnc2c(=O)[nH]c(N)nc21	Weight	Average	-0.20539
C=C1C(CO)C(O)CC1n1cnc2c(=O)[nH]c(N)nc21	Weight	High	-0.21564
CC(C)(C)NCC(O)CSc1nc(-c2ccc(C(N)=O)s2)cs1	Sex	Male	-0.10828
CC(C)(C)NCC(O)CSc1nc(-c2ccc(C(N)=O)s2)cs1	Sex	Female	-0.01144
CC(C)(C)NCC(O)CSc1nc(-c2ccc(C(N)=O)s2)cs1	Age	Children	-0.1366
CC(C)(C)NCC(O)CSc1nc(-c2ccc(C(N)=O)s2)cs1	Age	Adolescent	-0.0464
CC(C)(C)NCC(O)CSc1nc(-c2ccc(C(N)=O)s2)cs1	Age	Adult	-0.06519
CC(C)(C)NCC(O)CSc1nc(-c2ccc(C(N)=O)s2)cs1	Age	Elderly	-0.13064
CC(C)(C)NCC(O)CSc1nc(-c2ccc(C(N)=O)s2)cs1	Weight	Low	-0.1688
CC(C)(C)NCC(O)CSc1nc(-c2ccc(C(N)=O)s2)cs1	Weight	Average	-0.20966
CC(C)(C)NCC(O)CSc1nc(-c2ccc(C(N)=O)s2)cs1	Weight	High	-0.27462
CC(C=CC1=C(C)CCCC1(C)C)=CC=CC(C)=CC(=O)O	Sex	Male	-0.03667
CC(C=CC1=C(C)CCCC1(C)C)=CC=CC(C)=CC(=O)O	Sex	Female	-0.00981
CC(C=CC1=C(C)CCCC1(C)C)=CC=CC(C)=CC(=O)O	Age	Children	-0.13549
CC(C=CC1=C(C)CCCC1(C)C)=CC=CC(C)=CC(=O)O	Age	Adolescent	-0.04854
CC(C=CC1=C(C)CCCC1(C)C)=CC=CC(C)=CC(=O)O	Age	Adult	-0.1095
CC(C=CC1=C(C)CCCC1(C)C)=CC=CC(C)=CC(=O)O	Age	Elderly	-0.12202
CC(C=CC1=C(C)CCCC1(C)C)=CC=CC(C)=CC(=O)O	Weight	Low	-0.13164
CC(C=CC1=C(C)CCCC1(C)C)=CC=CC(C)=CC(=O)O	Weight	Average	-0.09878
CC(C=CC1=C(C)CCCC1(C)C)=CC=CC(C)=CC(=O)O	Weight	High	-0.16245
CC(C=CC=C(C)C=CC1=C(C)C(=O)C(O)CC1(C)C)=CC=CC=C(C)C=CC=C(C)C=CC1=C(C)C(=O)C(O)CC1(C)C	Sex	Male	-0.08067
CC(C=CC=C(C)C=CC1=C(C)C(=O)C(O)CC1(C)C)=CC=CC=C(C)C=CC=C(C)C=CC1=C(C)C(=O)C(O)CC1(C)C	Sex	Female	-0.00652
CC(C=CC=C(C)C=CC1=C(C)C(=O)C(O)CC1(C)C)=CC=CC=C(C)C=CC=C(C)C=CC1=C(C)C(=O)C(O)CC1(C)C	Age	Children	-0.09245
CC(C=CC=C(C)C=CC1=C(C)C(=O)C(O)CC1(C)C)=CC=CC=C(C)C=CC=C(C)C=CC1=C(C)C(=O)C(O)CC1(C)C	Age	Adolescent	-0.06842
CC(C=CC=C(C)C=CC1=C(C)C(=O)C(O)CC1(C)C)=CC=CC=C(C)C=CC=C(C)C=CC1=C(C)C(=O)C(O)CC1(C)C	Age	Adult	-0.05866
CC(C=CC=C(C)C=CC1=C(C)C(=O)C(O)CC1(C)C)=CC=CC=C(C)C=CC=C(C)C=CC1=C(C)C(=O)C(O)CC1(C)C	Age	Elderly	-0.04012
CC(C=CC=C(C)C=CC1=C(C)C(=O)C(O)CC1(C)C)=CC=CC=C(C)C=CC=C(C)C=CC1=C(C)C(=O)C(O)CC1(C)C	Weight	Low	-0.10076
CC(C=CC=C(C)C=CC1=C(C)C(=O)C(O)CC1(C)C)=CC=CC=C(C)C=CC=C(C)C=CC1=C(C)C(=O)C(O)CC1(C)C	Weight	Average	0.00188
CC(C=CC=C(C)C=CC1=C(C)C(=O)C(O)CC1(C)C)=CC=CC=C(C)C=CC=C(C)C=CC1=C(C)C(=O)C(O)CC1(C)C	Weight	High	-0.04395
CCCC(C)C1(CC)C(=O)NC(=S)NC1=O	Sex	Male	-0.04546
CCCC(C)C1(CC)C(=O)NC(=S)NC1=O	Sex	Female	-0.0043
CCCC(C)C1(CC)C(=O)NC(=S)NC1=O	Age	Children	-0.10988
CCCC(C)C1(CC)C(=O)NC(=S)NC1=O	Age	Adolescent	-0.06547
CCCC(C)C1(CC)C(=O)NC(=S)NC1=O	Age	Adult	-0.07136
CCCC(C)C1(CC)C(=O)NC(=S)NC1=O	Age	Elderly	-0.19519
CCCC(C)C1(CC)C(=O)NC(=S)NC1=O	Weight	Low	-0.21848
CCCC(C)C1(CC)C(=O)NC(=S)NC1=O	Weight	Average	-0.1595
CCCC(C)C1(CC)C(=O)NC(=S)NC1=O	Weight	High	-0.26183
CCCC1COC(Cn2cncn2)(c2ccc(Cl)cc2Cl)O1	Sex	Male	-0.10779
CCCC1COC(Cn2cncn2)(c2ccc(Cl)cc2Cl)O1	Sex	Female	-0.00611
CCCC1COC(Cn2cncn2)(c2ccc(Cl)cc2Cl)O1	Age	Children	-0.13635
CCCC1COC(Cn2cncn2)(c2ccc(Cl)cc2Cl)O1	Age	Adolescent	-0.08243
CCCC1COC(Cn2cncn2)(c2ccc(Cl)cc2Cl)O1	Age	Adult	-0.03432
CCCC1COC(Cn2cncn2)(c2ccc(Cl)cc2Cl)O1	Age	Elderly	-0.18844
CCCC1COC(Cn2cncn2)(c2ccc(Cl)cc2Cl)O1	Weight	Low	-0.27935
CCCC1COC(Cn2cncn2)(c2ccc(Cl)cc2Cl)O1	Weight	Average	-0.13316
CCCC1COC(Cn2cncn2)(c2ccc(Cl)cc2Cl)O1	Weight	High	-0.16181
COCCOC(=O)NCCCCC(N)C(=O)O	Sex	Male	-0.08305
COCCOC(=O)NCCCCC(N)C(=O)O	Sex	Female	-0.00806
COCCOC(=O)NCCCCC(N)C(=O)O	Age	Children	-0.12336
COCCOC(=O)NCCCCC(N)C(=O)O	Age	Adolescent	-0.06243
COCCOC(=O)NCCCCC(N)C(=O)O	Age	Adult	-0.05217
COCCOC(=O)NCCCCC(N)C(=O)O	Age	Elderly	-0.22182
COCCOC(=O)NCCCCC(N)C(=O)O	Weight	Low	-0.23986
COCCOC(=O)NCCCCC(N)C(=O)O	Weight	Average	-0.17801
COCCOC(=O)NCCCCC(N)C(=O)O	Weight	High	-0.23455
COc1ccc(C2CC(=O)c3c(O)cc(OC4OC(COC5OC(C)C(O)C(O)C5O)C(O)C(O)C4O)cc3O2)cc1O	Sex	Male	-0.05845
COc1ccc(C2CC(=O)c3c(O)cc(OC4OC(COC5OC(C)C(O)C(O)C5O)C(O)C(O)C4O)cc3O2)cc1O	Sex	Female	-0.00118
COc1ccc(C2CC(=O)c3c(O)cc(OC4OC(COC5OC(C)C(O)C(O)C5O)C(O)C(O)C4O)cc3O2)cc1O	Age	Children	-0.12765
COc1ccc(C2CC(=O)c3c(O)cc(OC4OC(COC5OC(C)C(O)C(O)C5O)C(O)C(O)C4O)cc3O2)cc1O	Age	Adolescent	-0.07595
COc1ccc(C2CC(=O)c3c(O)cc(OC4OC(COC5OC(C)C(O)C(O)C5O)C(O)C(O)C4O)cc3O2)cc1O	Age	Adult	-0.02907
COc1ccc(C2CC(=O)c3c(O)cc(OC4OC(COC5OC(C)C(O)C(O)C5O)C(O)C(O)C4O)cc3O2)cc1O	Age	Elderly	-0.08566
COc1ccc(C2CC(=O)c3c(O)cc(OC4OC(COC5OC(C)C(O)C(O)C5O)C(O)C(O)C4O)cc3O2)cc1O	Weight	Low	-0.17221
COc1ccc(C2CC(=O)c3c(O)cc(OC4OC(COC5OC(C)C(O)C(O)C5O)C(O)C(O)C4O)cc3O2)cc1O	Weight	Average	-0.12255
COc1ccc(C2CC(=O)c3c(O)cc(OC4OC(COC5OC(C)C(O)C(O)C5O)C(O)C(O)C4O)cc3O2)cc1O	Weight	High	-0.1833
NC(CC(=O)O)C(=O)[O-]	Sex	Male	-0.07924
NC(CC(=O)O)C(=O)[O-]	Sex	Female	-0.01137
NC(CC(=O)O)C(=O)[O-]	Age	Children	-0.09638
NC(CC(=O)O)C(=O)[O-]	Age	Adolescent	-0.09217
NC(CC(=O)O)C(=O)[O-]	Age	Adult	-0.05201
NC(CC(=O)O)C(=O)[O-]	Age	Elderly	-0.22841
NC(CC(=O)O)C(=O)[O-]	Weight	Low	-0.13274
NC(CC(=O)O)C(=O)[O-]	Weight	Average	-0.10737
NC(CC(=O)O)C(=O)[O-]	Weight	High	-0.23429
NCCc1c[nH]c2ccc(O)cc12	Sex	Male	-0.15964
NCCc1c[nH]c2ccc(O)cc12	Sex	Female	-0.00509
NCCc1c[nH]c2ccc(O)cc12	Age	Children	-0.09432
NCCc1c[nH]c2ccc(O)cc12	Age	Adolescent	-0.05929
NCCc1c[nH]c2ccc(O)cc12	Age	Adult	-0.03667
NCCc1c[nH]c2ccc(O)cc12	Age	Elderly	-0.27199
NCCc1c[nH]c2ccc(O)cc12	Weight	Low	-0.17534
NCCc1c[nH]c2ccc(O)cc12	Weight	Average	-0.21643
NCCc1c[nH]c2ccc(O)cc12	Weight	High	-0.30522
O=C(O)C1CSCN1	Sex	Male	-0.14236
O=C(O)C1CSCN1	Sex	Female	-0.01237
O=C(O)C1CSCN1	Age	Children	-0.1413
O=C(O)C1CSCN1	Age	Adolescent	-0.07726
O=C(O)C1CSCN1	Age	Adult	-0.02968
O=C(O)C1CSCN1	Age	Elderly	-0.26638
O=C(O)C1CSCN1	Weight	Low	-0.21939
O=C(O)C1CSCN1	Weight	Average	-0.22384
O=C(O)C1CSCN1	Weight	High	-0.3931
O=c1[nH]cnc2c1ncn2C1OC(CO)C(O)C1O	Sex	Male	-0.10303
O=c1[nH]cnc2c1ncn2C1OC(CO)C(O)C1O	Sex	Female	-0.00842
O=c1[nH]cnc2c1ncn2C1OC(CO)C(O)C1O	Age	Children	-0.16691
O=c1[nH]cnc2c1ncn2C1OC(CO)C(O)C1O	Age	Adolescent	-0.0584
O=c1[nH]cnc2c1ncn2C1OC(CO)C(O)C1O	Age	Adult	-0.05854
O=c1[nH]cnc2c1ncn2C1OC(CO)C(O)C1O	Age	Elderly	-0.28143
O=c1[nH]cnc2c1ncn2C1OC(CO)C(O)C1O	Weight	Low	-0.3227
O=c1[nH]cnc2c1ncn2C1OC(CO)C(O)C1O	Weight	Average	-0.17735
O=c1[nH]cnc2c1ncn2C1OC(CO)C(O)C1O	Weight	High	-0.36874
CC#Cc1cncc(-c2ccc3c(c2)C2(N=C(C)C(N)=N2)C2(CCC(OC)CC2)C3)c1	Sex	Male	-0.08253
CC#Cc1cncc(-c2ccc3c(c2)C2(N=C(C)C(N)=N2)C2(CCC(OC)CC2)C3)c1	Sex	Female	-0.01052
CC#Cc1cncc(-c2ccc3c(c2)C2(N=C(C)C(N)=N2)C2(CCC(OC)CC2)C3)c1	Age	Children	-0.10442
CC#Cc1cncc(-c2ccc3c(c2)C2(N=C(C)C(N)=N2)C2(CCC(OC)CC2)C3)c1	Age	Adolescent	-0.04974
CC#Cc1cncc(-c2ccc3c(c2)C2(N=C(C)C(N)=N2)C2(CCC(OC)CC2)C3)c1	Age	Adult	-0.07806
CC#Cc1cncc(-c2ccc3c(c2)C2(N=C(C)C(N)=N2)C2(CCC(OC)CC2)C3)c1	Age	Elderly	-0.18089
CC#Cc1cncc(-c2ccc3c(c2)C2(N=C(C)C(N)=N2)C2(CCC(OC)CC2)C3)c1	Weight	Low	-0.16171
CC#Cc1cncc(-c2ccc3c(c2)C2(N=C(C)C(N)=N2)C2(CCC(OC)CC2)C3)c1	Weight	Average	-0.13712
CC#Cc1cncc(-c2ccc3c(c2)C2(N=C(C)C(N)=N2)C2(CCC(OC)CC2)C3)c1	Weight	High	-0.16013
CCC(C)C1(CC)C(=O)NC(=O)NC1=O	Sex	Male	-0.04061
CCC(C)C1(CC)C(=O)NC(=O)NC1=O	Sex	Female	-0.00485
CCC(C)C1(CC)C(=O)NC(=O)NC1=O	Age	Children	-0.10967
CCC(C)C1(CC)C(=O)NC(=O)NC1=O	Age	Adolescent	-0.05545
CCC(C)C1(CC)C(=O)NC(=O)NC1=O	Age	Adult	-0.07825
CCC(C)C1(CC)C(=O)NC(=O)NC1=O	Age	Elderly	-0.2246
CCC(C)C1(CC)C(=O)NC(=O)NC1=O	Weight	Low	-0.21197
CCC(C)C1(CC)C(=O)NC(=O)NC1=O	Weight	Average	-0.10218
CCC(C)C1(CC)C(=O)NC(=O)NC1=O	Weight	High	-0.24377
CCC1(C)CC(=O)NC1=O	Sex	Male	-0.09661
CCC1(C)CC(=O)NC1=O	Sex	Female	-0.00719
CCC1(C)CC(=O)NC1=O	Age	Children	-0.13689
CCC1(C)CC(=O)NC1=O	Age	Adolescent	-0.09512
CCC1(C)CC(=O)NC1=O	Age	Adult	-0.06978
CCC1(C)CC(=O)NC1=O	Age	Elderly	-0.15773
CCC1(C)CC(=O)NC1=O	Weight	Low	-0.17718
CCC1(C)CC(=O)NC1=O	Weight	Average	-0.12522
CCC1(C)CC(=O)NC1=O	Weight	High	-0.25674
CCCCCON=O	Sex	Male	-0.08844
CCCCCON=O	Sex	Female	-0.00724
CCCCCON=O	Age	Children	-0.11518
CCCCCON=O	Age	Adolescent	-0.0398
CCCCCON=O	Age	Adult	-0.05748
CCCCCON=O	Age	Elderly	-0.14422
CCCCCON=O	Weight	Low	-0.11402
CCCCCON=O	Weight	Average	-0.15806
CCCCCON=O	Weight	High	-0.23945
CCCO	Sex	Male	-0.13091
CCCO	Sex	Female	-0.00686
CCCO	Age	Children	-0.08153
CCCO	Age	Adolescent	-0.04555
CCCO	Age	Adult	-0.04968
CCCO	Age	Elderly	-0.10292
CCCO	Weight	Low	-0.07702
CCCO	Weight	Average	-0.12287
CCCO	Weight	High	-0.24336
CCCc1cc(C(N)=S)ccn1	Sex	Male	-0.13642
CCCc1cc(C(N)=S)ccn1	Sex	Female	-0.00751
CCCc1cc(C(N)=S)ccn1	Age	Children	-0.14403
CCCc1cc(C(N)=S)ccn1	Age	Adolescent	-0.08166
CCCc1cc(C(N)=S)ccn1	Age	Adult	-0.08521
CCCc1cc(C(N)=S)ccn1	Age	Elderly	-0.24724
CCCc1cc(C(N)=S)ccn1	Weight	Low	-0.22569
CCCc1cc(C(N)=S)ccn1	Weight	Average	-0.20874
CCCc1cc(C(N)=S)ccn1	Weight	High	-0.24066
CCCn1c(=O)[nH]c(=O)c2[nH]cnc21	Sex	Male	-0.07052
CCCn1c(=O)[nH]c(=O)c2[nH]cnc21	Sex	Female	-0.00809
CCCn1c(=O)[nH]c(=O)c2[nH]cnc21	Age	Children	-0.12556
CCCn1c(=O)[nH]c(=O)c2[nH]cnc21	Age	Adolescent	-0.09798
CCCn1c(=O)[nH]c(=O)c2[nH]cnc21	Age	Adult	-0.11455
CCCn1c(=O)[nH]c(=O)c2[nH]cnc21	Age	Elderly	-0.22296
CCCn1c(=O)[nH]c(=O)c2[nH]cnc21	Weight	Low	-0.19266
CCCn1c(=O)[nH]c(=O)c2[nH]cnc21	Weight	Average	-0.14314
CCCn1c(=O)[nH]c(=O)c2[nH]cnc21	Weight	High	-0.2363
CN(CC=Cc1ccccc1)Cc1cccc2ccccc12	Sex	Male	-0.15385
CN(CC=Cc1ccccc1)Cc1cccc2ccccc12	Sex	Female	-0.00956
CN(CC=Cc1ccccc1)Cc1cccc2ccccc12	Age	Children	-0.10749
CN(CC=Cc1ccccc1)Cc1cccc2ccccc12	Age	Adolescent	-0.03063
CN(CC=Cc1ccccc1)Cc1cccc2ccccc12	Age	Adult	-0.04837
CN(CC=Cc1ccccc1)Cc1cccc2ccccc12	Age	Elderly	-0.15982
CN(CC=Cc1ccccc1)Cc1cccc2ccccc12	Weight	Low	-0.13089
CN(CC=Cc1ccccc1)Cc1cccc2ccccc12	Weight	Average	-0.19619
CN(CC=Cc1ccccc1)Cc1cccc2ccccc12	Weight	High	-0.22275
CNC(C)C1CCC(N)C(OC2C(N)CC(N)C(OC3OCC(C)(O)C(NC)C3O)C2O)O1	Sex	Male	-0.05731
CNC(C)C1CCC(N)C(OC2C(N)CC(N)C(OC3OCC(C)(O)C(NC)C3O)C2O)O1	Sex	Female	-0.01181
CNC(C)C1CCC(N)C(OC2C(N)CC(N)C(OC3OCC(C)(O)C(NC)C3O)C2O)O1	Age	Children	-0.11646
CNC(C)C1CCC(N)C(OC2C(N)CC(N)C(OC3OCC(C)(O)C(NC)C3O)C2O)O1	Age	Adolescent	-0.054
CNC(C)C1CCC(N)C(OC2C(N)CC(N)C(OC3OCC(C)(O)C(NC)C3O)C2O)O1	Age	Adult	-0.05872
CNC(C)C1CCC(N)C(OC2C(N)CC(N)C(OC3OCC(C)(O)C(NC)C3O)C2O)O1	Age	Elderly	-0.12583
CNC(C)C1CCC(N)C(OC2C(N)CC(N)C(OC3OCC(C)(O)C(NC)C3O)C2O)O1	Weight	Low	-0.179
CNC(C)C1CCC(N)C(OC2C(N)CC(N)C(OC3OCC(C)(O)C(NC)C3O)C2O)O1	Weight	Average	-0.20964
CNC(C)C1CCC(N)C(OC2C(N)CC(N)C(OC3OCC(C)(O)C(NC)C3O)C2O)O1	Weight	High	-0.21291
COC1C(O)C(O)C(O)C(O)C1O	Sex	Male	-0.08555
COC1C(O)C(O)C(O)C(O)C1O	Sex	Female	-0.00484
COC1C(O)C(O)C(O)C(O)C1O	Age	Children	-0.10651
COC1C(O)C(O)C(O)C(O)C1O	Age	Adolescent	-0.08723
COC1C(O)C(O)C(O)C(O)C1O	Age	Adult	-0.03465
COC1C(O)C(O)C(O)C(O)C1O	Age	Elderly	-0.22376
COC1C(O)C(O)C(O)C(O)C1O	Weight	Low	-0.21804
COC1C(O)C(O)C(O)C(O)C1O	Weight	Average	-0.17861
COC1C(O)C(O)C(O)C(O)C1O	Weight	High	-0.28844
COCCCCC(=NOCCN)c1ccc(C(F)(F)F)cc1	Sex	Male	-0.06762
COCCCCC(=NOCCN)c1ccc(C(F)(F)F)cc1	Sex	Female	-0.00914
COCCCCC(=NOCCN)c1ccc(C(F)(F)F)cc1	Age	Children	-0.09728
COCCCCC(=NOCCN)c1ccc(C(F)(F)F)cc1	Age	Adolescent	-0.03839
COCCCCC(=NOCCN)c1ccc(C(F)(F)F)cc1	Age	Adult	-0.03953
COCCCCC(=NOCCN)c1ccc(C(F)(F)F)cc1	Age	Elderly	-0.12252
COCCCCC(=NOCCN)c1ccc(C(F)(F)F)cc1	Weight	Low	-0.10435
COCCCCC(=NOCCN)c1ccc(C(F)(F)F)cc1	Weight	Average	-0.06536
COCCCCC(=NOCCN)c1ccc(C(F)(F)F)cc1	Weight	High	-0.10552
C[N+](C)(C)NCCC(=O)[O-]	Sex	Male	-0.11863
C[N+](C)(C)NCCC(=O)[O-]	Sex	Female	-0.00717
C[N+](C)(C)NCCC(=O)[O-]	Age	Children	-0.11551
C[N+](C)(C)NCCC(=O)[O-]	Age	Adolescent	-0.05402
C[N+](C)(C)NCCC(=O)[O-]	Age	Adult	-0.03623
C[N+](C)(C)NCCC(=O)[O-]	Age	Elderly	-0.20184
C[N+](C)(C)NCCC(=O)[O-]	Weight	Low	-0.22059
C[N+](C)(C)NCCC(=O)[O-]	Weight	Average	-0.22285
C[N+](C)(C)NCCC(=O)[O-]	Weight	High	-0.27271
Cc1cc2nc3c(=O)[nH]c(=O)nc-3n(CC(O)C(O)C(O)CO)c2cc1C	Sex	Male	-0.08811
Cc1cc2nc3c(=O)[nH]c(=O)nc-3n(CC(O)C(O)C(O)CO)c2cc1C	Sex	Female	-0.01184
Cc1cc2nc3c(=O)[nH]c(=O)nc-3n(CC(O)C(O)C(O)CO)c2cc1C	Age	Children	-0.10894
Cc1cc2nc3c(=O)[nH]c(=O)nc-3n(CC(O)C(O)C(O)CO)c2cc1C	Age	Adolescent	-0.07352
Cc1cc2nc3c(=O)[nH]c(=O)nc-3n(CC(O)C(O)C(O)CO)c2cc1C	Age	Adult	-0.12966
Cc1cc2nc3c(=O)[nH]c(=O)nc-3n(CC(O)C(O)C(O)CO)c2cc1C	Age	Elderly	-0.18293
Cc1cc2nc3c(=O)[nH]c(=O)nc-3n(CC(O)C(O)C(O)CO)c2cc1C	Weight	Low	-0.19107
Cc1cc2nc3c(=O)[nH]c(=O)nc-3n(CC(O)C(O)C(O)CO)c2cc1C	Weight	Average	-0.10983
Cc1cc2nc3c(=O)[nH]c(=O)nc-3n(CC(O)C(O)C(O)CO)c2cc1C	Weight	High	-0.23073
Cc1cncc(CN2CCC(=C3c4ccc(Cl)cc4CCc4cccnc43)CC2)c1	Sex	Male	-0.09839
Cc1cncc(CN2CCC(=C3c4ccc(Cl)cc4CCc4cccnc43)CC2)c1	Sex	Female	-0.00718
Cc1cncc(CN2CCC(=C3c4ccc(Cl)cc4CCc4cccnc43)CC2)c1	Age	Children	-0.11882
Cc1cncc(CN2CCC(=C3c4ccc(Cl)cc4CCc4cccnc43)CC2)c1	Age	Adolescent	-0.03424
Cc1cncc(CN2CCC(=C3c4ccc(Cl)cc4CCc4cccnc43)CC2)c1	Age	Adult	-0.0686
Cc1cncc(CN2CCC(=C3c4ccc(Cl)cc4CCc4cccnc43)CC2)c1	Age	Elderly	-0.16781
Cc1cncc(CN2CCC(=C3c4ccc(Cl)cc4CCc4cccnc43)CC2)c1	Weight	Low	-0.23318
Cc1cncc(CN2CCC(=C3c4ccc(Cl)cc4CCc4cccnc43)CC2)c1	Weight	Average	-0.10399
Cc1cncc(CN2CCC(=C3c4ccc(Cl)cc4CCc4cccnc43)CC2)c1	Weight	High	-0.20413
Cc1nnc2n1-c1ccc(Br)cc1C(c1ccccc1F)=NC2	Sex	Male	-0.12486
Cc1nnc2n1-c1ccc(Br)cc1C(c1ccccc1F)=NC2	Sex	Female	-0.00515
Cc1nnc2n1-c1ccc(Br)cc1C(c1ccccc1F)=NC2	Age	Children	-0.14091
Cc1nnc2n1-c1ccc(Br)cc1C(c1ccccc1F)=NC2	Age	Adolescent	-0.06914
Cc1nnc2n1-c1ccc(Br)cc1C(c1ccccc1F)=NC2	Age	Adult	-0.07591
Cc1nnc2n1-c1ccc(Br)cc1C(c1ccccc1F)=NC2	Age	Elderly	-0.22511
Cc1nnc2n1-c1ccc(Br)cc1C(c1ccccc1F)=NC2	Weight	Low	-0.1855
Cc1nnc2n1-c1ccc(Br)cc1C(c1ccccc1F)=NC2	Weight	Average	-0.18065
Cc1nnc2n1-c1ccc(Br)cc1C(c1ccccc1F)=NC2	Weight	High	-0.20744
Cn1c(=O)c2c(ncn2CCNCC(O)c2ccc(O)c(O)c2)n(C)c1=O	Sex	Male	-0.10807
Cn1c(=O)c2c(ncn2CCNCC(O)c2ccc(O)c(O)c2)n(C)c1=O	Sex	Female	-0.00999
Cn1c(=O)c2c(ncn2CCNCC(O)c2ccc(O)c(O)c2)n(C)c1=O	Age	Children	-0.11741
Cn1c(=O)c2c(ncn2CCNCC(O)c2ccc(O)c(O)c2)n(C)c1=O	Age	Adolescent	-0.09002
Cn1c(=O)c2c(ncn2CCNCC(O)c2ccc(O)c(O)c2)n(C)c1=O	Age	Adult	-0.01747
Cn1c(=O)c2c(ncn2CCNCC(O)c2ccc(O)c(O)c2)n(C)c1=O	Age	Elderly	-0.16661
Cn1c(=O)c2c(ncn2CCNCC(O)c2ccc(O)c(O)c2)n(C)c1=O	Weight	Low	-0.22553
Cn1c(=O)c2c(ncn2CCNCC(O)c2ccc(O)c(O)c2)n(C)c1=O	Weight	Average	-0.22112
Cn1c(=O)c2c(ncn2CCNCC(O)c2ccc(O)c(O)c2)n(C)c1=O	Weight	High	-0.27842
N#CC(c1ccc(F)cc1)c1c(Cl)cc(-n2ncc(=O)[nH]c2=O)cc1Cl	Sex	Male	-0.06847
N#CC(c1ccc(F)cc1)c1c(Cl)cc(-n2ncc(=O)[nH]c2=O)cc1Cl	Sex	Female	-0.0086
N#CC(c1ccc(F)cc1)c1c(Cl)cc(-n2ncc(=O)[nH]c2=O)cc1Cl	Age	Children	-0.10698
N#CC(c1ccc(F)cc1)c1c(Cl)cc(-n2ncc(=O)[nH]c2=O)cc1Cl	Age	Adolescent	-0.04833
N#CC(c1ccc(F)cc1)c1c(Cl)cc(-n2ncc(=O)[nH]c2=O)cc1Cl	Age	Adult	-0.10799
N#CC(c1ccc(F)cc1)c1c(Cl)cc(-n2ncc(=O)[nH]c2=O)cc1Cl	Age	Elderly	-0.17471
N#CC(c1ccc(F)cc1)c1c(Cl)cc(-n2ncc(=O)[nH]c2=O)cc1Cl	Weight	Low	-0.16728
N#CC(c1ccc(F)cc1)c1c(Cl)cc(-n2ncc(=O)[nH]c2=O)cc1Cl	Weight	Average	-0.09199
N#CC(c1ccc(F)cc1)c1c(Cl)cc(-n2ncc(=O)[nH]c2=O)cc1Cl	Weight	High	-0.22266
NC(=O)CCCCC1CCSS1	Sex	Male	-0.13
NC(=O)CCCCC1CCSS1	Sex	Female	-0.01136
NC(=O)CCCCC1CCSS1	Age	Children	-0.10702
NC(=O)CCCCC1CCSS1	Age	Adolescent	-0.06808
NC(=O)CCCCC1CCSS1	Age	Adult	-0.05337
NC(=O)CCCCC1CCSS1	Age	Elderly	-0.1316
NC(=O)CCCCC1CCSS1	Weight	Low	-0.19385
NC(=O)CCCCC1CCSS1	Weight	Average	-0.21828
NC(=O)CCCCC1CCSS1	Weight	High	-0.27299
NC(CCC(=O)[O-])C(=O)[O-]	Sex	Male	-0.01609
NC(CCC(=O)[O-])C(=O)[O-]	Sex	Female	-0.01343
NC(CCC(=O)[O-])C(=O)[O-]	Age	Children	-0.09423
NC(CCC(=O)[O-])C(=O)[O-]	Age	Adolescent	-0.08041
NC(CCC(=O)[O-])C(=O)[O-]	Age	Adult	-0.04505
NC(CCC(=O)[O-])C(=O)[O-]	Age	Elderly	-0.13524
NC(CCC(=O)[O-])C(=O)[O-]	Weight	Low	-0.0846
NC(CCC(=O)[O-])C(=O)[O-]	Weight	Average	-0.1006
NC(CCC(=O)[O-])C(=O)[O-]	Weight	High	-0.18097
NC(N)=NCCN1CCCCCCC1	Sex	Male	-0.19509
NC(N)=NCCN1CCCCCCC1	Sex	Female	-0.0114
NC(N)=NCCN1CCCCCCC1	Age	Children	-0.11326
NC(N)=NCCN1CCCCCCC1	Age	Adolescent	-0.05571
NC(N)=NCCN1CCCCCCC1	Age	Adult	-0.07673
NC(N)=NCCN1CCCCCCC1	Age	Elderly	-0.18985
NC(N)=NCCN1CCCCCCC1	Weight	Low	-0.19257
NC(N)=NCCN1CCCCCCC1	Weight	Average	-0.18272
NC(N)=NCCN1CCCCCCC1	Weight	High	-0.16797
Nc1ccc2c(c1)C(c1ccccc1)=NCC(=O)N2	Sex	Male	-0.10841
Nc1ccc2c(c1)C(c1ccccc1)=NCC(=O)N2	Sex	Female	-0.00616
Nc1ccc2c(c1)C(c1ccccc1)=NCC(=O)N2	Age	Children	-0.13229
Nc1ccc2c(c1)C(c1ccccc1)=NCC(=O)N2	Age	Adolescent	-0.06033
Nc1ccc2c(c1)C(c1ccccc1)=NCC(=O)N2	Age	Adult	-0.08137
Nc1ccc2c(c1)C(c1ccccc1)=NCC(=O)N2	Age	Elderly	-0.26206
Nc1ccc2c(c1)C(c1ccccc1)=NCC(=O)N2	Weight	Low	-0.21325
Nc1ccc2c(c1)C(c1ccccc1)=NCC(=O)N2	Weight	Average	-0.17945
Nc1ccc2c(c1)C(c1ccccc1)=NCC(=O)N2	Weight	High	-0.17339
Nc1nc2cc(Cl)ccc2o1	Sex	Male	-0.16973
Nc1nc2cc(Cl)ccc2o1	Sex	Female	-0.01232
Nc1nc2cc(Cl)ccc2o1	Age	Children	-0.15428
Nc1nc2cc(Cl)ccc2o1	Age	Adolescent	-0.07162
Nc1nc2cc(Cl)ccc2o1	Age	Adult	-0.10132
Nc1nc2cc(Cl)ccc2o1	Age	Elderly	-0.31501
Nc1nc2cc(Cl)ccc2o1	Weight	Low	-0.2252
Nc1nc2cc(Cl)ccc2o1	Weight	Average	-0.23228
Nc1nc2cc(Cl)ccc2o1	Weight	High	-0.29785
O=C(C=Cn1cnc(-c2cc(C(F)(F)F)cc(C(F)(F)F)c2)n1)NNc1cnccn1	Sex	Male	-0.07142
O=C(C=Cn1cnc(-c2cc(C(F)(F)F)cc(C(F)(F)F)c2)n1)NNc1cnccn1	Sex	Female	-0.00977
O=C(C=Cn1cnc(-c2cc(C(F)(F)F)cc(C(F)(F)F)c2)n1)NNc1cnccn1	Age	Children	-0.10105
O=C(C=Cn1cnc(-c2cc(C(F)(F)F)cc(C(F)(F)F)c2)n1)NNc1cnccn1	Age	Adolescent	-0.03982
O=C(C=Cn1cnc(-c2cc(C(F)(F)F)cc(C(F)(F)F)c2)n1)NNc1cnccn1	Age	Adult	-0.09161
O=C(C=Cn1cnc(-c2cc(C(F)(F)F)cc(C(F)(F)F)c2)n1)NNc1cnccn1	Age	Elderly	-0.13906
O=C(C=Cn1cnc(-c2cc(C(F)(F)F)cc(C(F)(F)F)c2)n1)NNc1cnccn1	Weight	Low	-0.12825
O=C(C=Cn1cnc(-c2cc(C(F)(F)F)cc(C(F)(F)F)c2)n1)NNc1cnccn1	Weight	Average	-0.10276
O=C(C=Cn1cnc(-c2cc(C(F)(F)F)cc(C(F)(F)F)c2)n1)NNc1cnccn1	Weight	High	-0.16512
O=C([O-])CCCO	Sex	Male	-0.03252
O=C([O-])CCCO	Sex	Female	-0.00479
O=C([O-])CCCO	Age	Children	-0.16882
O=C([O-])CCCO	Age	Adolescent	-0.09286
O=C([O-])CCCO	Age	Adult	-0.0801
O=C([O-])CCCO	Age	Elderly	-0.23976
O=C([O-])CCCO	Weight	Low	-0.19916
O=C([O-])CCCO	Weight	Average	-0.22903
O=C([O-])CCCO	Weight	High	-0.28173
O=C([O-])O	Sex	Male	-0.11517
O=C([O-])O	Sex	Female	-0.00595
O=C([O-])O	Age	Children	-0.14223
O=C([O-])O	Age	Adolescent	-0.08697
O=C([O-])O	Age	Adult	-0.07144
O=C([O-])O	Age	Elderly	-0.23726
O=C([O-])O	Weight	Low	-0.23032
O=C([O-])O	Weight	Average	-0.20322
O=C([O-])O	Weight	High	-0.22049
O=P(O)(O)C(Cl)(Cl)P(=O)(O)O	Sex	Male	-0.11337
O=P(O)(O)C(Cl)(Cl)P(=O)(O)O	Sex	Female	-0.01542
O=P(O)(O)C(Cl)(Cl)P(=O)(O)O	Age	Children	-0.14575
O=P(O)(O)C(Cl)(Cl)P(=O)(O)O	Age	Adolescent	-0.06342
O=P(O)(O)C(Cl)(Cl)P(=O)(O)O	Age	Adult	-0.07096
O=P(O)(O)C(Cl)(Cl)P(=O)(O)O	Age	Elderly	-0.22251
O=P(O)(O)C(Cl)(Cl)P(=O)(O)O	Weight	Low	-0.20357
O=P(O)(O)C(Cl)(Cl)P(=O)(O)O	Weight	Average	-0.23561
O=P(O)(O)C(Cl)(Cl)P(=O)(O)O	Weight	High	-0.21689
O=P(O)(O)C(O)(Cn1ccnc1)P(=O)(O)O	Sex	Male	-0.08392
O=P(O)(O)C(O)(Cn1ccnc1)P(=O)(O)O	Sex	Female	-0.01342
O=P(O)(O)C(O)(Cn1ccnc1)P(=O)(O)O	Age	Children	-0.12638
O=P(O)(O)C(O)(Cn1ccnc1)P(=O)(O)O	Age	Adolescent	-0.07727
O=P(O)(O)C(O)(Cn1ccnc1)P(=O)(O)O	Age	Adult	-0.06876
O=P(O)(O)C(O)(Cn1ccnc1)P(=O)(O)O	Age	Elderly	-0.2048
O=P(O)(O)C(O)(Cn1ccnc1)P(=O)(O)O	Weight	Low	-0.27045
O=P(O)(O)C(O)(Cn1ccnc1)P(=O)(O)O	Weight	Average	-0.21914
O=P(O)(O)C(O)(Cn1ccnc1)P(=O)(O)O	Weight	High	-0.16781
O=P(O)(O)OC1OC(CO)C(O)C(O)C1O	Sex	Male	-0.04748
O=P(O)(O)OC1OC(CO)C(O)C(O)C1O	Sex	Female	-0.00762
O=P(O)(O)OC1OC(CO)C(O)C(O)C1O	Age	Children	-0.13111
O=P(O)(O)OC1OC(CO)C(O)C(O)C1O	Age	Adolescent	-0.07527
O=P(O)(O)OC1OC(CO)C(O)C(O)C1O	Age	Adult	-0.06356
O=P(O)(O)OC1OC(CO)C(O)C(O)C1O	Age	Elderly	-0.24349
O=P(O)(O)OC1OC(CO)C(O)C(O)C1O	Weight	Low	-0.25096
O=P(O)(O)OC1OC(CO)C(O)C(O)C1O	Weight	Average	-0.1722
O=P(O)(O)OC1OC(CO)C(O)C(O)C1O	Weight	High	-0.23684
OC1C(O)C(O)C(O)C(O)C1O	Sex	Male	-0.08276
OC1C(O)C(O)C(O)C(O)C1O	Sex	Female	-0.0059
OC1C(O)C(O)C(O)C(O)C1O	Age	Children	-0.11302
OC1C(O)C(O)C(O)C(O)C1O	Age	Adolescent	-0.08714
OC1C(O)C(O)C(O)C(O)C1O	Age	Adult	-0.06067
OC1C(O)C(O)C(O)C(O)C1O	Age	Elderly	-0.1773
OC1C(O)C(O)C(O)C(O)C1O	Weight	Low	-0.26555
OC1C(O)C(O)C(O)C(O)C1O	Weight	Average	-0.18853
OC1C(O)C(O)C(O)C(O)C1O	Weight	High	-0.24207
CCC=C(C(=O)NC1C(=O)N2C(C(=O)O)=C(COC(N)=O)CSC12)c1csc(N)n1	Sex	Male	-0.06857
CCC=C(C(=O)NC1C(=O)N2C(C(=O)O)=C(COC(N)=O)CSC12)c1csc(N)n1	Sex	Female	-0.00249
CCC=C(C(=O)NC1C(=O)N2C(C(=O)O)=C(COC(N)=O)CSC12)c1csc(N)n1	Age	Children	-0.10241
CCC=C(C(=O)NC1C(=O)N2C(C(=O)O)=C(COC(N)=O)CSC12)c1csc(N)n1	Age	Adolescent	-0.06079
CCC=C(C(=O)NC1C(=O)N2C(C(=O)O)=C(COC(N)=O)CSC12)c1csc(N)n1	Age	Adult	-0.05323
CCC=C(C(=O)NC1C(=O)N2C(C(=O)O)=C(COC(N)=O)CSC12)c1csc(N)n1	Age	Elderly	-0.13136
CCC=C(C(=O)NC1C(=O)N2C(C(=O)O)=C(COC(N)=O)CSC12)c1csc(N)n1	Weight	Low	-0.22397
CCC=C(C(=O)NC1C(=O)N2C(C(=O)O)=C(COC(N)=O)CSC12)c1csc(N)n1	Weight	Average	-0.15269
CCC=C(C(=O)NC1C(=O)N2C(C(=O)O)=C(COC(N)=O)CSC12)c1csc(N)n1	Weight	High	-0.18491
Cn1c(CCCC(=O)O)nc2cc(N(CCCl)CCCl)ccc21	Sex	Male	-0.07991
Cn1c(CCCC(=O)O)nc2cc(N(CCCl)CCCl)ccc21	Sex	Female	-0.00793
Cn1c(CCCC(=O)O)nc2cc(N(CCCl)CCCl)ccc21	Age	Children	-0.08978
Cn1c(CCCC(=O)O)nc2cc(N(CCCl)CCCl)ccc21	Age	Adolescent	-0.03432
Cn1c(CCCC(=O)O)nc2cc(N(CCCl)CCCl)ccc21	Age	Adult	-0.03889
Cn1c(CCCC(=O)O)nc2cc(N(CCCl)CCCl)ccc21	Age	Elderly	-0.05209
Cn1c(CCCC(=O)O)nc2cc(N(CCCl)CCCl)ccc21	Weight	Low	-0.0365
Cn1c(CCCC(=O)O)nc2cc(N(CCCl)CCCl)ccc21	Weight	Average	-0.0193
Cn1c(CCCC(=O)O)nc2cc(N(CCCl)CCCl)ccc21	Weight	High	-0.03689
Nc1nc2c(ncn2COCCO)c(=O)[nH]1	Sex	Male	-0.07957
Nc1nc2c(ncn2COCCO)c(=O)[nH]1	Sex	Female	-0.0151
Nc1nc2c(ncn2COCCO)c(=O)[nH]1	Age	Children	-0.13314
Nc1nc2c(ncn2COCCO)c(=O)[nH]1	Age	Adolescent	-0.06926
Nc1nc2c(ncn2COCCO)c(=O)[nH]1	Age	Adult	-0.07962
Nc1nc2c(ncn2COCCO)c(=O)[nH]1	Age	Elderly	-0.24289
Nc1nc2c(ncn2COCCO)c(=O)[nH]1	Weight	Low	-0.27682
Nc1nc2c(ncn2COCCO)c(=O)[nH]1	Weight	Average	-0.20334
Nc1nc2c(ncn2COCCO)c(=O)[nH]1	Weight	High	-0.30033
O=C(NCc1c(F)cc(F)cc1F)c1cn2c(c(O)c1=O)C(=O)N1C3CCC(C3)OC1C2	Sex	Male	-0.10005
O=C(NCc1c(F)cc(F)cc1F)c1cn2c(c(O)c1=O)C(=O)N1C3CCC(C3)OC1C2	Sex	Female	-0.00137
O=C(NCc1c(F)cc(F)cc1F)c1cn2c(c(O)c1=O)C(=O)N1C3CCC(C3)OC1C2	Age	Children	-0.09797
O=C(NCc1c(F)cc(F)cc1F)c1cn2c(c(O)c1=O)C(=O)N1C3CCC(C3)OC1C2	Age	Adolescent	-0.05513
O=C(NCc1c(F)cc(F)cc1F)c1cn2c(c(O)c1=O)C(=O)N1C3CCC(C3)OC1C2	Age	Adult	-0.04343
O=C(NCc1c(F)cc(F)cc1F)c1cn2c(c(O)c1=O)C(=O)N1C3CCC(C3)OC1C2	Age	Elderly	-0.16982
O=C(NCc1c(F)cc(F)cc1F)c1cn2c(c(O)c1=O)C(=O)N1C3CCC(C3)OC1C2	Weight	Low	-0.1632
O=C(NCc1c(F)cc(F)cc1F)c1cn2c(c(O)c1=O)C(=O)N1C3CCC(C3)OC1C2	Weight	Average	-0.12565
O=C(NCc1c(F)cc(F)cc1F)c1cn2c(c(O)c1=O)C(=O)N1C3CCC(C3)OC1C2	Weight	High	-0.24143
O=C(O)C=CC(=O)O	Sex	Male	-0.06119
O=C(O)C=CC(=O)O	Sex	Female	-0.00933
O=C(O)C=CC(=O)O	Age	Children	-0.12021
O=C(O)C=CC(=O)O	Age	Adolescent	-0.07778
O=C(O)C=CC(=O)O	Age	Adult	-0.11326
O=C(O)C=CC(=O)O	Age	Elderly	-0.29504
O=C(O)C=CC(=O)O	Weight	Low	-0.18077
O=C(O)C=CC(=O)O	Weight	Average	-0.16639
O=C(O)C=CC(=O)O	Weight	High	-0.24559
O=C1NC(O)CCN1C1OC(CO)C(O)C1(F)F	Sex	Male	-0.14682
O=C1NC(O)CCN1C1OC(CO)C(O)C1(F)F	Sex	Female	-0.00351
O=C1NC(O)CCN1C1OC(CO)C(O)C1(F)F	Age	Children	-0.12068
O=C1NC(O)CCN1C1OC(CO)C(O)C1(F)F	Age	Adolescent	-0.08682
O=C1NC(O)CCN1C1OC(CO)C(O)C1(F)F	Age	Adult	-0.07082
O=C1NC(O)CCN1C1OC(CO)C(O)C1(F)F	Age	Elderly	-0.29555
O=C1NC(O)CCN1C1OC(CO)C(O)C1(F)F	Weight	Low	-0.29437
O=C1NC(O)CCN1C1OC(CO)C(O)C1(F)F	Weight	Average	-0.18245
O=C1NC(O)CCN1C1OC(CO)C(O)C1(F)F	Weight	High	-0.308
CON=C(C(=O)NC1C(=O)N2C(C(=O)O)=C(Cn3ccc(=N)n3CCO)CSC12)c1csc(N)n1	Sex	Male	-0.01589
CON=C(C(=O)NC1C(=O)N2C(C(=O)O)=C(Cn3ccc(=N)n3CCO)CSC12)c1csc(N)n1	Sex	Female	-0.00391
CON=C(C(=O)NC1C(=O)N2C(C(=O)O)=C(Cn3ccc(=N)n3CCO)CSC12)c1csc(N)n1	Age	Children	-0.15717
CON=C(C(=O)NC1C(=O)N2C(C(=O)O)=C(Cn3ccc(=N)n3CCO)CSC12)c1csc(N)n1	Age	Adolescent	-0.06176
CON=C(C(=O)NC1C(=O)N2C(C(=O)O)=C(Cn3ccc(=N)n3CCO)CSC12)c1csc(N)n1	Age	Adult	-0.05308
CON=C(C(=O)NC1C(=O)N2C(C(=O)O)=C(Cn3ccc(=N)n3CCO)CSC12)c1csc(N)n1	Age	Elderly	-0.1339
CON=C(C(=O)NC1C(=O)N2C(C(=O)O)=C(Cn3ccc(=N)n3CCO)CSC12)c1csc(N)n1	Weight	Low	-0.18502
CON=C(C(=O)NC1C(=O)N2C(C(=O)O)=C(Cn3ccc(=N)n3CCO)CSC12)c1csc(N)n1	Weight	Average	-0.10576
CON=C(C(=O)NC1C(=O)N2C(C(=O)O)=C(Cn3ccc(=N)n3CCO)CSC12)c1csc(N)n1	Weight	High	-0.12568
Cn1cc[nH]c1=S	Sex	Male	-0.12296
Cn1cc[nH]c1=S	Sex	Female	-0.00526
Cn1cc[nH]c1=S	Age	Children	-0.12089
Cn1cc[nH]c1=S	Age	Adolescent	-0.09472
Cn1cc[nH]c1=S	Age	Adult	-0.06971
Cn1cc[nH]c1=S	Age	Elderly	-0.16717
Cn1cc[nH]c1=S	Weight	Low	-0.10341
Cn1cc[nH]c1=S	Weight	Average	-0.1481
Cn1cc[nH]c1=S	Weight	High	-0.17316
NC(N)=NCC1COC2(CCCCC2)O1	Sex	Male	-0.13624
NC(N)=NCC1COC2(CCCCC2)O1	Sex	Female	-0.01015
NC(N)=NCC1COC2(CCCCC2)O1	Age	Children	-0.13234
NC(N)=NCC1COC2(CCCCC2)O1	Age	Adolescent	-0.07473
NC(N)=NCC1COC2(CCCCC2)O1	Age	Adult	-0.08272
NC(N)=NCC1COC2(CCCCC2)O1	Age	Elderly	-0.1957
NC(N)=NCC1COC2(CCCCC2)O1	Weight	Low	-0.22322
NC(N)=NCC1COC2(CCCCC2)O1	Weight	Average	-0.17723
NC(N)=NCC1COC2(CCCCC2)O1	Weight	High	-0.22525
Nc1nc(N)nc(-c2cc(Cl)ccc2Cl)n1	Sex	Male	-0.14666
Nc1nc(N)nc(-c2cc(Cl)ccc2Cl)n1	Sex	Female	-0.01002
Nc1nc(N)nc(-c2cc(Cl)ccc2Cl)n1	Age	Children	-0.10961
Nc1nc(N)nc(-c2cc(Cl)ccc2Cl)n1	Age	Adolescent	-0.06514
Nc1nc(N)nc(-c2cc(Cl)ccc2Cl)n1	Age	Adult	-0.07681
Nc1nc(N)nc(-c2cc(Cl)ccc2Cl)n1	Age	Elderly	-0.23526
Nc1nc(N)nc(-c2cc(Cl)ccc2Cl)n1	Weight	Low	-0.12636
Nc1nc(N)nc(-c2cc(Cl)ccc2Cl)n1	Weight	Average	-0.12017
Nc1nc(N)nc(-c2cc(Cl)ccc2Cl)n1	Weight	High	-0.18332
C=Cc1c(C)c2cc3[nH]c(cc4nc(cc5nc(cc1[nH]2)C(C)=C5CCC(=O)O)C(CCC(=O)O)=C4C)c(C)c3C=C	Sex	Male	-0.01515
C=Cc1c(C)c2cc3[nH]c(cc4nc(cc5nc(cc1[nH]2)C(C)=C5CCC(=O)O)C(CCC(=O)O)=C4C)c(C)c3C=C	Sex	Female	-0.0156
C=Cc1c(C)c2cc3[nH]c(cc4nc(cc5nc(cc1[nH]2)C(C)=C5CCC(=O)O)C(CCC(=O)O)=C4C)c(C)c3C=C	Age	Children	-0.08742
C=Cc1c(C)c2cc3[nH]c(cc4nc(cc5nc(cc1[nH]2)C(C)=C5CCC(=O)O)C(CCC(=O)O)=C4C)c(C)c3C=C	Age	Adolescent	-0.04098
C=Cc1c(C)c2cc3[nH]c(cc4nc(cc5nc(cc1[nH]2)C(C)=C5CCC(=O)O)C(CCC(=O)O)=C4C)c(C)c3C=C	Age	Adult	-0.0744
C=Cc1c(C)c2cc3[nH]c(cc4nc(cc5nc(cc1[nH]2)C(C)=C5CCC(=O)O)C(CCC(=O)O)=C4C)c(C)c3C=C	Age	Elderly	-0.08334
C=Cc1c(C)c2cc3[nH]c(cc4nc(cc5nc(cc1[nH]2)C(C)=C5CCC(=O)O)C(CCC(=O)O)=C4C)c(C)c3C=C	Weight	Low	-0.08633
C=Cc1c(C)c2cc3[nH]c(cc4nc(cc5nc(cc1[nH]2)C(C)=C5CCC(=O)O)C(CCC(=O)O)=C4C)c(C)c3C=C	Weight	Average	-0.05608
C=Cc1c(C)c2cc3[nH]c(cc4nc(cc5nc(cc1[nH]2)C(C)=C5CCC(=O)O)C(CCC(=O)O)=C4C)c(C)c3C=C	Weight	High	-0.08618
CC(=O)N(O)CCCCCNC(=O)CCC(=O)N(O)CCCCCNC(=O)CCC(=O)N(O)CCCCCN	Sex	Male	-0.07672
CC(=O)N(O)CCCCCNC(=O)CCC(=O)N(O)CCCCCNC(=O)CCC(=O)N(O)CCCCCN	Sex	Female	-0.01045
CC(=O)N(O)CCCCCNC(=O)CCC(=O)N(O)CCCCCNC(=O)CCC(=O)N(O)CCCCCN	Age	Children	-0.07433
CC(=O)N(O)CCCCCNC(=O)CCC(=O)N(O)CCCCCNC(=O)CCC(=O)N(O)CCCCCN	Age	Adolescent	-0.06323
CC(=O)N(O)CCCCCNC(=O)CCC(=O)N(O)CCCCCNC(=O)CCC(=O)N(O)CCCCCN	Age	Adult	-0.07084
CC(=O)N(O)CCCCCNC(=O)CCC(=O)N(O)CCCCCNC(=O)CCC(=O)N(O)CCCCCN	Age	Elderly	-0.14186
CC(=O)N(O)CCCCCNC(=O)CCC(=O)N(O)CCCCCNC(=O)CCC(=O)N(O)CCCCCN	Weight	Low	-0.13847
CC(=O)N(O)CCCCCNC(=O)CCC(=O)N(O)CCCCCNC(=O)CCC(=O)N(O)CCCCCN	Weight	Average	-0.0805
CC(=O)N(O)CCCCCNC(=O)CCC(=O)N(O)CCCCCNC(=O)CCC(=O)N(O)CCCCCN	Weight	High	-0.08161
CC(C=CC1=C(C)CCCC1(C)C)=CC=CC(C)=CCO	Sex	Male	-0.05599
CC(C=CC1=C(C)CCCC1(C)C)=CC=CC(C)=CCO	Sex	Female	-0.01419
CC(C=CC1=C(C)CCCC1(C)C)=CC=CC(C)=CCO	Age	Children	-0.11259
CC(C=CC1=C(C)CCCC1(C)C)=CC=CC(C)=CCO	Age	Adolescent	-0.0396
CC(C=CC1=C(C)CCCC1(C)C)=CC=CC(C)=CCO	Age	Adult	-0.10587
CC(C=CC1=C(C)CCCC1(C)C)=CC=CC(C)=CCO	Age	Elderly	-0.09642
CC(C=CC1=C(C)CCCC1(C)C)=CC=CC(C)=CCO	Weight	Low	-0.09585
CC(C=CC1=C(C)CCCC1(C)C)=CC=CC(C)=CCO	Weight	Average	-0.03679
CC(C=CC1=C(C)CCCC1(C)C)=CC=CC(C)=CCO	Weight	High	-0.10447
CCC1CN(C(=O)NCC(F)(F)F)CC1c1cnc2cnc3[nH]ccc3n12	Sex	Male	-0.0844
CCC1CN(C(=O)NCC(F)(F)F)CC1c1cnc2cnc3[nH]ccc3n12	Sex	Female	-0.00919
CCC1CN(C(=O)NCC(F)(F)F)CC1c1cnc2cnc3[nH]ccc3n12	Age	Children	-0.11281
CCC1CN(C(=O)NCC(F)(F)F)CC1c1cnc2cnc3[nH]ccc3n12	Age	Adolescent	-0.07374
CCC1CN(C(=O)NCC(F)(F)F)CC1c1cnc2cnc3[nH]ccc3n12	Age	Adult	-0.07393
CCC1CN(C(=O)NCC(F)(F)F)CC1c1cnc2cnc3[nH]ccc3n12	Age	Elderly	-0.12019
CCC1CN(C(=O)NCC(F)(F)F)CC1c1cnc2cnc3[nH]ccc3n12	Weight	Low	-0.21373
CCC1CN(C(=O)NCC(F)(F)F)CC1c1cnc2cnc3[nH]ccc3n12	Weight	Average	-0.07381
CCC1CN(C(=O)NCC(F)(F)F)CC1c1cnc2cnc3[nH]ccc3n12	Weight	High	-0.13638
CCCCCCCC(=O)O	Sex	Male	-0.08408
CCCCCCCC(=O)O	Sex	Female	-0.00712
CCCCCCCC(=O)O	Age	Children	-0.11809
CCCCCCCC(=O)O	Age	Adolescent	-0.06715
CCCCCCCC(=O)O	Age	Adult	-0.07932
CCCCCCCC(=O)O	Age	Elderly	-0.11935
CCCCCCCC(=O)O	Weight	Low	-0.1576
CCCCCCCC(=O)O	Weight	Average	-0.20901
CCCCCCCC(=O)O	Weight	High	-0.3157
CCCCCCCCCCCCOS(=O)(=O)[O-]	Sex	Male	-0.02999
CCCCCCCCCCCCOS(=O)(=O)[O-]	Sex	Female	-0.00483
CCCCCCCCCCCCOS(=O)(=O)[O-]	Age	Children	-0.09408
CCCCCCCCCCCCOS(=O)(=O)[O-]	Age	Adolescent	-0.06239
CCCCCCCCCCCCOS(=O)(=O)[O-]	Age	Adult	-0.06918
CCCCCCCCCCCCOS(=O)(=O)[O-]	Age	Elderly	-0.14399
CCCCCCCCCCCCOS(=O)(=O)[O-]	Weight	Low	-0.1664
CCCCCCCCCCCCOS(=O)(=O)[O-]	Weight	Average	-0.11478
CCCCCCCCCCCCOS(=O)(=O)[O-]	Weight	High	-0.18456
CCCCCCN=C(N)N=C(N)N	Sex	Male	-0.10036
CCCCCCN=C(N)N=C(N)N	Sex	Female	-0.0075
CCCCCCN=C(N)N=C(N)N	Age	Children	-0.11517
CCCCCCN=C(N)N=C(N)N	Age	Adolescent	-0.07467
CCCCCCN=C(N)N=C(N)N	Age	Adult	-0.05216
CCCCCCN=C(N)N=C(N)N	Age	Elderly	-0.07188
CCCCCCN=C(N)N=C(N)N	Weight	Low	-0.14181
CCCCCCN=C(N)N=C(N)N	Weight	Average	-0.1503
CCCCCCN=C(N)N=C(N)N	Weight	High	-0.12777
CCCCCc1cc(O)c2c(c1)OC(C)(C)c1ccc(C)cc1-2	Sex	Male	-0.12559
CCCCCc1cc(O)c2c(c1)OC(C)(C)c1ccc(C)cc1-2	Sex	Female	-0.00102
CCCCCc1cc(O)c2c(c1)OC(C)(C)c1ccc(C)cc1-2	Age	Children	-0.13681
CCCCCc1cc(O)c2c(c1)OC(C)(C)c1ccc(C)cc1-2	Age	Adolescent	-0.05717
CCCCCc1cc(O)c2c(c1)OC(C)(C)c1ccc(C)cc1-2	Age	Adult	-0.0387
CCCCCc1cc(O)c2c(c1)OC(C)(C)c1ccc(C)cc1-2	Age	Elderly	-0.161
CCCCCc1cc(O)c2c(c1)OC(C)(C)c1ccc(C)cc1-2	Weight	Low	-0.17328
CCCCCc1cc(O)c2c(c1)OC(C)(C)c1ccc(C)cc1-2	Weight	Average	-0.20158
CCCCCc1cc(O)c2c(c1)OC(C)(C)c1ccc(C)cc1-2	Weight	High	-0.28078
CCCc1cc(=O)[nH]c(=S)[nH]1	Sex	Male	-0.08144
CCCc1cc(=O)[nH]c(=S)[nH]1	Sex	Female	-0.00852
CCCc1cc(=O)[nH]c(=S)[nH]1	Age	Children	-0.10497
CCCc1cc(=O)[nH]c(=S)[nH]1	Age	Adolescent	-0.08077
CCCc1cc(=O)[nH]c(=S)[nH]1	Age	Adult	-0.1187
CCCc1cc(=O)[nH]c(=S)[nH]1	Age	Elderly	-0.18713
CCCc1cc(=O)[nH]c(=S)[nH]1	Weight	Low	-0.18017
CCCc1cc(=O)[nH]c(=S)[nH]1	Weight	Average	-0.10574
CCCc1cc(=O)[nH]c(=S)[nH]1	Weight	High	-0.23206
CON=C(C(=O)NC1C(=O)N2C(C(=O)[O-])=C(C[n+]3ccc(N)n3CCO)CSC12)c1csc(N)n1	Sex	Male	-0.04348
CON=C(C(=O)NC1C(=O)N2C(C(=O)[O-])=C(C[n+]3ccc(N)n3CCO)CSC12)c1csc(N)n1	Sex	Female	-0.00709
CON=C(C(=O)NC1C(=O)N2C(C(=O)[O-])=C(C[n+]3ccc(N)n3CCO)CSC12)c1csc(N)n1	Age	Children	-0.13502
CON=C(C(=O)NC1C(=O)N2C(C(=O)[O-])=C(C[n+]3ccc(N)n3CCO)CSC12)c1csc(N)n1	Age	Adolescent	-0.07151
CON=C(C(=O)NC1C(=O)N2C(C(=O)[O-])=C(C[n+]3ccc(N)n3CCO)CSC12)c1csc(N)n1	Age	Adult	-0.09067
CON=C(C(=O)NC1C(=O)N2C(C(=O)[O-])=C(C[n+]3ccc(N)n3CCO)CSC12)c1csc(N)n1	Age	Elderly	-0.22045
CON=C(C(=O)NC1C(=O)N2C(C(=O)[O-])=C(C[n+]3ccc(N)n3CCO)CSC12)c1csc(N)n1	Weight	Low	-0.19484
CON=C(C(=O)NC1C(=O)N2C(C(=O)[O-])=C(C[n+]3ccc(N)n3CCO)CSC12)c1csc(N)n1	Weight	Average	-0.11381
CON=C(C(=O)NC1C(=O)N2C(C(=O)[O-])=C(C[n+]3ccc(N)n3CCO)CSC12)c1csc(N)n1	Weight	High	-0.13477
CSc1nc2cc(Oc3cccc(Cl)c3Cl)c(Cl)cc2[nH]1	Sex	Male	-0.10066
CSc1nc2cc(Oc3cccc(Cl)c3Cl)c(Cl)cc2[nH]1	Sex	Female	-0.0144
CSc1nc2cc(Oc3cccc(Cl)c3Cl)c(Cl)cc2[nH]1	Age	Children	-0.13162
CSc1nc2cc(Oc3cccc(Cl)c3Cl)c(Cl)cc2[nH]1	Age	Adolescent	-0.06354
CSc1nc2cc(Oc3cccc(Cl)c3Cl)c(Cl)cc2[nH]1	Age	Adult	-0.0948
CSc1nc2cc(Oc3cccc(Cl)c3Cl)c(Cl)cc2[nH]1	Age	Elderly	-0.14108
CSc1nc2cc(Oc3cccc(Cl)c3Cl)c(Cl)cc2[nH]1	Weight	Low	-0.14049
CSc1nc2cc(Oc3cccc(Cl)c3Cl)c(Cl)cc2[nH]1	Weight	Average	-0.10752
CSc1nc2cc(Oc3cccc(Cl)c3Cl)c(Cl)cc2[nH]1	Weight	High	-0.20343
Cc1c[nH]c(=O)[nH]c1=O	Sex	Male	-0.13229
Cc1c[nH]c(=O)[nH]c1=O	Sex	Female	-0.00809
Cc1c[nH]c(=O)[nH]c1=O	Age	Children	-0.14291
Cc1c[nH]c(=O)[nH]c1=O	Age	Adolescent	-0.09177
Cc1c[nH]c(=O)[nH]c1=O	Age	Adult	-0.09537
Cc1c[nH]c(=O)[nH]c1=O	Age	Elderly	-0.21469
Cc1c[nH]c(=O)[nH]c1=O	Weight	Low	-0.22728
Cc1c[nH]c(=O)[nH]c1=O	Weight	Average	-0.15785
Cc1c[nH]c(=O)[nH]c1=O	Weight	High	-0.25146
Cc1ccc(-n2nccn2)c(C(=O)N2CCN(c3nc4cc(Cl)ccc4o3)CCC2C)c1	Sex	Male	-0.07214
Cc1ccc(-n2nccn2)c(C(=O)N2CCN(c3nc4cc(Cl)ccc4o3)CCC2C)c1	Sex	Female	-0.01096
Cc1ccc(-n2nccn2)c(C(=O)N2CCN(c3nc4cc(Cl)ccc4o3)CCC2C)c1	Age	Children	-0.16403
Cc1ccc(-n2nccn2)c(C(=O)N2CCN(c3nc4cc(Cl)ccc4o3)CCC2C)c1	Age	Adolescent	-0.04403
Cc1ccc(-n2nccn2)c(C(=O)N2CCN(c3nc4cc(Cl)ccc4o3)CCC2C)c1	Age	Adult	-0.12209
Cc1ccc(-n2nccn2)c(C(=O)N2CCN(c3nc4cc(Cl)ccc4o3)CCC2C)c1	Age	Elderly	-0.17936
Cc1ccc(-n2nccn2)c(C(=O)N2CCN(c3nc4cc(Cl)ccc4o3)CCC2C)c1	Weight	Low	-0.25123
Cc1ccc(-n2nccn2)c(C(=O)N2CCN(c3nc4cc(Cl)ccc4o3)CCC2C)c1	Weight	Average	-0.15894
Cc1ccc(-n2nccn2)c(C(=O)N2CCN(c3nc4cc(Cl)ccc4o3)CCC2C)c1	Weight	High	-0.10856
Cc1ccc(C2OC(CO)C(O)C(O)C2O)cc1Cc1ccc(-c2ccc(F)cc2)s1	Sex	Male	-0.11787
Cc1ccc(C2OC(CO)C(O)C(O)C2O)cc1Cc1ccc(-c2ccc(F)cc2)s1	Sex	Female	-0.01083
Cc1ccc(C2OC(CO)C(O)C(O)C2O)cc1Cc1ccc(-c2ccc(F)cc2)s1	Age	Children	-0.1452
Cc1ccc(C2OC(CO)C(O)C(O)C2O)cc1Cc1ccc(-c2ccc(F)cc2)s1	Age	Adolescent	-0.0727
Cc1ccc(C2OC(CO)C(O)C(O)C2O)cc1Cc1ccc(-c2ccc(F)cc2)s1	Age	Adult	-0.09968
Cc1ccc(C2OC(CO)C(O)C(O)C2O)cc1Cc1ccc(-c2ccc(F)cc2)s1	Age	Elderly	-0.12771
Cc1ccc(C2OC(CO)C(O)C(O)C2O)cc1Cc1ccc(-c2ccc(F)cc2)s1	Weight	Low	-0.24164
Cc1ccc(C2OC(CO)C(O)C(O)C2O)cc1Cc1ccc(-c2ccc(F)cc2)s1	Weight	Average	-0.17145
Cc1ccc(C2OC(CO)C(O)C(O)C2O)cc1Cc1ccc(-c2ccc(F)cc2)s1	Weight	High	-0.26266
Cc1cn(C2C=CC(CO)O2)c(=O)[nH]c1=O	Sex	Male	-0.11191
Cc1cn(C2C=CC(CO)O2)c(=O)[nH]c1=O	Sex	Female	-0.00853
Cc1cn(C2C=CC(CO)O2)c(=O)[nH]c1=O	Age	Children	-0.14389
Cc1cn(C2C=CC(CO)O2)c(=O)[nH]c1=O	Age	Adolescent	-0.0798
Cc1cn(C2C=CC(CO)O2)c(=O)[nH]c1=O	Age	Adult	-0.10843
Cc1cn(C2C=CC(CO)O2)c(=O)[nH]c1=O	Age	Elderly	-0.27019
Cc1cn(C2C=CC(CO)O2)c(=O)[nH]c1=O	Weight	Low	-0.27371
Cc1cn(C2C=CC(CO)O2)c(=O)[nH]c1=O	Weight	Average	-0.17249
Cc1cn(C2C=CC(CO)O2)c(=O)[nH]c1=O	Weight	High	-0.28903
Clc1ccc(C(Cn2ccnc2)OCc2csc3c(Cl)cccc23)c(Cl)c1	Sex	Male	-0.07958
Clc1ccc(C(Cn2ccnc2)OCc2csc3c(Cl)cccc23)c(Cl)c1	Sex	Female	-0.00533
Clc1ccc(C(Cn2ccnc2)OCc2csc3c(Cl)cccc23)c(Cl)c1	Age	Children	-0.14232
Clc1ccc(C(Cn2ccnc2)OCc2csc3c(Cl)cccc23)c(Cl)c1	Age	Adolescent	-0.04564
Clc1ccc(C(Cn2ccnc2)OCc2csc3c(Cl)cccc23)c(Cl)c1	Age	Adult	-0.05393
Clc1ccc(C(Cn2ccnc2)OCc2csc3c(Cl)cccc23)c(Cl)c1	Age	Elderly	-0.13653
Clc1ccc(C(Cn2ccnc2)OCc2csc3c(Cl)cccc23)c(Cl)c1	Weight	Low	-0.15716
Clc1ccc(C(Cn2ccnc2)OCc2csc3c(Cl)cccc23)c(Cl)c1	Weight	Average	-0.09582
Clc1ccc(C(Cn2ccnc2)OCc2csc3c(Cl)cccc23)c(Cl)c1	Weight	High	-0.18498
Clc1ccc(C(c2ccccc2Cl)C(Cl)Cl)cc1	Sex	Male	-0.06391
Clc1ccc(C(c2ccccc2Cl)C(Cl)Cl)cc1	Sex	Female	-0.00664
Clc1ccc(C(c2ccccc2Cl)C(Cl)Cl)cc1	Age	Children	-0.13455
Clc1ccc(C(c2ccccc2Cl)C(Cl)Cl)cc1	Age	Adolescent	-0.02698
Clc1ccc(C(c2ccccc2Cl)C(Cl)Cl)cc1	Age	Adult	-0.04983
Clc1ccc(C(c2ccccc2Cl)C(Cl)Cl)cc1	Age	Elderly	-0.14135
Clc1ccc(C(c2ccccc2Cl)C(Cl)Cl)cc1	Weight	Low	-0.05756
Clc1ccc(C(c2ccccc2Cl)C(Cl)Cl)cc1	Weight	Average	-0.04259
Clc1ccc(C(c2ccccc2Cl)C(Cl)Cl)cc1	Weight	High	-0.12051
NC(CC(=O)N1CCc2c(nc(C(F)(F)F)nc2C(F)(F)F)C1)CN1CC(F)(F)CCC1=O	Sex	Male	-0.0971
NC(CC(=O)N1CCc2c(nc(C(F)(F)F)nc2C(F)(F)F)C1)CN1CC(F)(F)CCC1=O	Sex	Female	0.00022
NC(CC(=O)N1CCc2c(nc(C(F)(F)F)nc2C(F)(F)F)C1)CN1CC(F)(F)CCC1=O	Age	Children	-0.10896
NC(CC(=O)N1CCc2c(nc(C(F)(F)F)nc2C(F)(F)F)C1)CN1CC(F)(F)CCC1=O	Age	Adolescent	-0.04189
NC(CC(=O)N1CCc2c(nc(C(F)(F)F)nc2C(F)(F)F)C1)CN1CC(F)(F)CCC1=O	Age	Adult	-0.08589
NC(CC(=O)N1CCc2c(nc(C(F)(F)F)nc2C(F)(F)F)C1)CN1CC(F)(F)CCC1=O	Age	Elderly	-0.14321
NC(CC(=O)N1CCc2c(nc(C(F)(F)F)nc2C(F)(F)F)C1)CN1CC(F)(F)CCC1=O	Weight	Low	-0.15107
NC(CC(=O)N1CCc2c(nc(C(F)(F)F)nc2C(F)(F)F)C1)CN1CC(F)(F)CCC1=O	Weight	Average	-0.08179
NC(CC(=O)N1CCc2c(nc(C(F)(F)F)nc2C(F)(F)F)C1)CN1CC(F)(F)CCC1=O	Weight	High	-0.1979
NC1=NCC2c3ccccc3Cc3ccccc3N12	Sex	Male	-0.12822
NC1=NCC2c3ccccc3Cc3ccccc3N12	Sex	Female	-0.00559
NC1=NCC2c3ccccc3Cc3ccccc3N12	Age	Children	-0.10141
NC1=NCC2c3ccccc3Cc3ccccc3N12	Age	Adolescent	-0.06488
NC1=NCC2c3ccccc3Cc3ccccc3N12	Age	Adult	-0.03075
NC1=NCC2c3ccccc3Cc3ccccc3N12	Age	Elderly	-0.25516
NC1=NCC2c3ccccc3Cc3ccccc3N12	Weight	Low	-0.27554
NC1=NCC2c3ccccc3Cc3ccccc3N12	Weight	Average	-0.25628
NC1=NCC2c3ccccc3Cc3ccccc3N12	Weight	High	-0.29795
NC1C(O)OC(CO)C(O)C1O	Sex	Male	-0.12101
NC1C(O)OC(CO)C(O)C1O	Sex	Female	-0.00591
NC1C(O)OC(CO)C(O)C1O	Age	Children	-0.12826
NC1C(O)OC(CO)C(O)C1O	Age	Adolescent	-0.06703
NC1C(O)OC(CO)C(O)C1O	Age	Adult	-0.03766
NC1C(O)OC(CO)C(O)C1O	Age	Elderly	-0.2139
NC1C(O)OC(CO)C(O)C1O	Weight	Low	-0.27712
NC1C(O)OC(CO)C(O)C1O	Weight	Average	-0.16944
NC1C(O)OC(CO)C(O)C1O	Weight	High	-0.33429
NCCCC(=O)O	Sex	Male	-0.13728
NCCCC(=O)O	Sex	Female	-0.0075
NCCCC(=O)O	Age	Children	-0.10349
NCCCC(=O)O	Age	Adolescent	-0.04984
NCCCC(=O)O	Age	Adult	-0.0215
NCCCC(=O)O	Age	Elderly	-0.13445
NCCCC(=O)O	Weight	Low	-0.10226
NCCCC(=O)O	Weight	Average	-0.16298
NCCCC(=O)O	Weight	High	-0.35764
NCCNCCNCCN	Sex	Male	-0.10486
NCCNCCNCCN	Sex	Female	-0.0152
NCCNCCNCCN	Age	Children	-0.05109
NCCNCCNCCN	Age	Adolescent	-0.0463
NCCNCCNCCN	Age	Adult	-0.05659
NCCNCCNCCN	Age	Elderly	-0.16071
NCCNCCNCCN	Weight	Low	-0.11245
NCCNCCNCCN	Weight	Average	-0.18644
NCCNCCNCCN	Weight	High	-0.22519
Nc1cc(Cl)c(NC2=NCCN2)c(Cl)c1	Sex	Male	-0.12077
Nc1cc(Cl)c(NC2=NCCN2)c(Cl)c1	Sex	Female	-0.00581
Nc1cc(Cl)c(NC2=NCCN2)c(Cl)c1	Age	Children	-0.11074
Nc1cc(Cl)c(NC2=NCCN2)c(Cl)c1	Age	Adolescent	-0.05205
Nc1cc(Cl)c(NC2=NCCN2)c(Cl)c1	Age	Adult	-0.05893
Nc1cc(Cl)c(NC2=NCCN2)c(Cl)c1	Age	Elderly	-0.19482
Nc1cc(Cl)c(NC2=NCCN2)c(Cl)c1	Weight	Low	-0.13763
Nc1cc(Cl)c(NC2=NCCN2)c(Cl)c1	Weight	Average	-0.17368
Nc1cc(Cl)c(NC2=NCCN2)c(Cl)c1	Weight	High	-0.11136
Nc1ccn(C2OC(COP(=O)(O)O)C(O)C2O)c(=O)n1	Sex	Male	-0.13952
Nc1ccn(C2OC(COP(=O)(O)O)C(O)C2O)c(=O)n1	Sex	Female	-0.00999
Nc1ccn(C2OC(COP(=O)(O)O)C(O)C2O)c(=O)n1	Age	Children	-0.17534
Nc1ccn(C2OC(COP(=O)(O)O)C(O)C2O)c(=O)n1	Age	Adolescent	-0.12734
Nc1ccn(C2OC(COP(=O)(O)O)C(O)C2O)c(=O)n1	Age	Adult	-0.09251
Nc1ccn(C2OC(COP(=O)(O)O)C(O)C2O)c(=O)n1	Age	Elderly	-0.33524
Nc1ccn(C2OC(COP(=O)(O)O)C(O)C2O)c(=O)n1	Weight	Low	-0.36179
Nc1ccn(C2OC(COP(=O)(O)O)C(O)C2O)c(=O)n1	Weight	Average	-0.2823
Nc1ccn(C2OC(COP(=O)(O)O)C(O)C2O)c(=O)n1	Weight	High	-0.31454
Nc1nnc(-c2cccc(Cl)c2Cl)c(N)n1	Sex	Male	-0.08319
Nc1nnc(-c2cccc(Cl)c2Cl)c(N)n1	Sex	Female	-0.02512
Nc1nnc(-c2cccc(Cl)c2Cl)c(N)n1	Age	Children	-0.14458
Nc1nnc(-c2cccc(Cl)c2Cl)c(N)n1	Age	Adolescent	-0.06626
Nc1nnc(-c2cccc(Cl)c2Cl)c(N)n1	Age	Adult	-0.1308
Nc1nnc(-c2cccc(Cl)c2Cl)c(N)n1	Age	Elderly	-0.25557
Nc1nnc(-c2cccc(Cl)c2Cl)c(N)n1	Weight	Low	-0.21772
Nc1nnc(-c2cccc(Cl)c2Cl)c(N)n1	Weight	Average	-0.22178
Nc1nnc(-c2cccc(Cl)c2Cl)c(N)n1	Weight	High	-0.25871
O=C(O)CCCCCCCC(=O)O	Sex	Male	-0.04706
O=C(O)CCCCCCCC(=O)O	Sex	Female	-0.00694
O=C(O)CCCCCCCC(=O)O	Age	Children	-0.11623
O=C(O)CCCCCCCC(=O)O	Age	Adolescent	-0.04463
O=C(O)CCCCCCCC(=O)O	Age	Adult	-0.07778
O=C(O)CCCCCCCC(=O)O	Age	Elderly	-0.23983
O=C(O)CCCCCCCC(=O)O	Weight	Low	-0.2074
O=C(O)CCCCCCCC(=O)O	Weight	Average	-0.15059
O=C(O)CCCCCCCC(=O)O	Weight	High	-0.21171
O=C(O)CF	Sex	Male	-0.09999
O=C(O)CF	Sex	Female	-0.00523
O=C(O)CF	Age	Children	-0.1363
O=C(O)CF	Age	Adolescent	-0.08364
O=C(O)CF	Age	Adult	-0.06416
O=C(O)CF	Age	Elderly	-0.22554
O=C(O)CF	Weight	Low	-0.08975
O=C(O)CF	Weight	Average	-0.15822
O=C(O)CF	Weight	High	-0.23289
O=C([O-])CC(O)(CC(=O)O)C(=O)[O-]	Sex	Male	-0.01447
O=C([O-])CC(O)(CC(=O)O)C(=O)[O-]	Sex	Female	-0.00442
O=C([O-])CC(O)(CC(=O)O)C(=O)[O-]	Age	Children	-0.09948
O=C([O-])CC(O)(CC(=O)O)C(=O)[O-]	Age	Adolescent	-0.09599
O=C([O-])CC(O)(CC(=O)O)C(=O)[O-]	Age	Adult	-0.04986
O=C([O-])CC(O)(CC(=O)O)C(=O)[O-]	Age	Elderly	-0.21677
O=C([O-])CC(O)(CC(=O)O)C(=O)[O-]	Weight	Low	-0.21503
O=C([O-])CC(O)(CC(=O)O)C(=O)[O-]	Weight	Average	-0.1667
O=C([O-])CC(O)(CC(=O)O)C(=O)[O-]	Weight	High	-0.20051
O=C1CN(O)C(c2ccccc2)=c2cc(Cl)ccc2=N1	Sex	Male	-0.13435
O=C1CN(O)C(c2ccccc2)=c2cc(Cl)ccc2=N1	Sex	Female	-0.00299
O=C1CN(O)C(c2ccccc2)=c2cc(Cl)ccc2=N1	Age	Children	-0.11006
O=C1CN(O)C(c2ccccc2)=c2cc(Cl)ccc2=N1	Age	Adolescent	-0.07676
O=C1CN(O)C(c2ccccc2)=c2cc(Cl)ccc2=N1	Age	Adult	-0.06142
O=C1CN(O)C(c2ccccc2)=c2cc(Cl)ccc2=N1	Age	Elderly	-0.24312
O=C1CN(O)C(c2ccccc2)=c2cc(Cl)ccc2=N1	Weight	Low	-0.25633
O=C1CN(O)C(c2ccccc2)=c2cc(Cl)ccc2=N1	Weight	Average	-0.16301
O=C1CN(O)C(c2ccccc2)=c2cc(Cl)ccc2=N1	Weight	High	-0.1815
O=C1CN2CCOC2(c2ccccc2Cl)c2cc(Cl)ccc2N1	Sex	Male	-0.09583
O=C1CN2CCOC2(c2ccccc2Cl)c2cc(Cl)ccc2N1	Sex	Female	-0.01343
O=C1CN2CCOC2(c2ccccc2Cl)c2cc(Cl)ccc2N1	Age	Children	-0.10157
O=C1CN2CCOC2(c2ccccc2Cl)c2cc(Cl)ccc2N1	Age	Adolescent	-0.06883
O=C1CN2CCOC2(c2ccccc2Cl)c2cc(Cl)ccc2N1	Age	Adult	-0.10544
O=C1CN2CCOC2(c2ccccc2Cl)c2cc(Cl)ccc2N1	Age	Elderly	-0.27532
O=C1CN2CCOC2(c2ccccc2Cl)c2cc(Cl)ccc2N1	Weight	Low	-0.18841
O=C1CN2CCOC2(c2ccccc2Cl)c2cc(Cl)ccc2N1	Weight	Average	-0.2242
O=C1CN2CCOC2(c2ccccc2Cl)c2cc(Cl)ccc2N1	Weight	High	-0.28124
O=C1CN2Cc3c(ccc(Cl)c3Cl)N=C2N1	Sex	Male	-0.07807
O=C1CN2Cc3c(ccc(Cl)c3Cl)N=C2N1	Sex	Female	-0.00522
O=C1CN2Cc3c(ccc(Cl)c3Cl)N=C2N1	Age	Children	-0.12191
O=C1CN2Cc3c(ccc(Cl)c3Cl)N=C2N1	Age	Adolescent	-0.08004
O=C1CN2Cc3c(ccc(Cl)c3Cl)N=C2N1	Age	Adult	-0.07066
O=C1CN2Cc3c(ccc(Cl)c3Cl)N=C2N1	Age	Elderly	-0.20267
O=C1CN2Cc3c(ccc(Cl)c3Cl)N=C2N1	Weight	Low	-0.22235
O=C1CN2Cc3c(ccc(Cl)c3Cl)N=C2N1	Weight	Average	-0.18838
O=C1CN2Cc3c(ccc(Cl)c3Cl)N=C2N1	Weight	High	-0.34947
O=C1NC(=O)C(c2cn3c4c(cccc24)CCC3)C1c1c[nH]c2ccccc12	Sex	Male	-0.06937
O=C1NC(=O)C(c2cn3c4c(cccc24)CCC3)C1c1c[nH]c2ccccc12	Sex	Female	-0.01487
O=C1NC(=O)C(c2cn3c4c(cccc24)CCC3)C1c1c[nH]c2ccccc12	Age	Children	-0.11561
O=C1NC(=O)C(c2cn3c4c(cccc24)CCC3)C1c1c[nH]c2ccccc12	Age	Adolescent	-0.07254
O=C1NC(=O)C(c2cn3c4c(cccc24)CCC3)C1c1c[nH]c2ccccc12	Age	Adult	-0.03757
O=C1NC(=O)C(c2cn3c4c(cccc24)CCC3)C1c1c[nH]c2ccccc12	Age	Elderly	-0.21122
O=C1NC(=O)C(c2cn3c4c(cccc24)CCC3)C1c1c[nH]c2ccccc12	Weight	Low	-0.22915
O=C1NC(=O)C(c2cn3c4c(cccc24)CCC3)C1c1c[nH]c2ccccc12	Weight	Average	-0.1617
O=C1NC(=O)C(c2cn3c4c(cccc24)CCC3)C1c1c[nH]c2ccccc12	Weight	High	-0.24865
O=S1(=O)CCN(CN2CCS(=O)(=O)NC2)CN1	Sex	Male	-0.03302
O=S1(=O)CCN(CN2CCS(=O)(=O)NC2)CN1	Sex	Female	-0.00983
O=S1(=O)CCN(CN2CCS(=O)(=O)NC2)CN1	Age	Children	-0.11005
O=S1(=O)CCN(CN2CCS(=O)(=O)NC2)CN1	Age	Adolescent	-0.05096
O=S1(=O)CCN(CN2CCS(=O)(=O)NC2)CN1	Age	Adult	-0.06019
O=S1(=O)CCN(CN2CCS(=O)(=O)NC2)CN1	Age	Elderly	-0.29136
O=S1(=O)CCN(CN2CCS(=O)(=O)NC2)CN1	Weight	Low	-0.2711
O=S1(=O)CCN(CN2CCS(=O)(=O)NC2)CN1	Weight	Average	-0.12114
O=S1(=O)CCN(CN2CCS(=O)(=O)NC2)CN1	Weight	High	-0.16474
OCC1NCC(O)C(O)C1O	Sex	Male	-0.07232
OCC1NCC(O)C(O)C1O	Sex	Female	-0.00121
OCC1NCC(O)C(O)C1O	Age	Children	-0.0992
OCC1NCC(O)C(O)C1O	Age	Adolescent	-0.05992
OCC1NCC(O)C(O)C1O	Age	Adult	-0.05167
OCC1NCC(O)C(O)C1O	Age	Elderly	-0.18947
OCC1NCC(O)C(O)C1O	Weight	Low	-0.19627
OCC1NCC(O)C(O)C1O	Weight	Average	-0.16143
OCC1NCC(O)C(O)C1O	Weight	High	-0.30757
OCC1OC(O)C(O)C(O)C1O	Sex	Male	-0.0708
OCC1OC(O)C(O)C(O)C1O	Sex	Female	-0.00579
OCC1OC(O)C(O)C(O)C1O	Age	Children	-0.08194
OCC1OC(O)C(O)C(O)C1O	Age	Adolescent	-0.05015
OCC1OC(O)C(O)C(O)C1O	Age	Adult	-0.04383
OCC1OC(O)C(O)C(O)C1O	Age	Elderly	-0.20795
OCC1OC(O)C(O)C(O)C1O	Weight	Low	-0.19268
OCC1OC(O)C(O)C(O)C1O	Weight	Average	-0.14557
OCC1OC(O)C(O)C(O)C1O	Weight	High	-0.26098
c1ccc(CN(CC2=NCCN2)c2ccccc2)cc1	Sex	Male	-0.12136
c1ccc(CN(CC2=NCCN2)c2ccccc2)cc1	Sex	Female	-0.00476
c1ccc(CN(CC2=NCCN2)c2ccccc2)cc1	Age	Children	-0.12381
c1ccc(CN(CC2=NCCN2)c2ccccc2)cc1	Age	Adolescent	-0.05838
c1ccc(CN(CC2=NCCN2)c2ccccc2)cc1	Age	Adult	-0.05907
c1ccc(CN(CC2=NCCN2)c2ccccc2)cc1	Age	Elderly	-0.24504
c1ccc(CN(CC2=NCCN2)c2ccccc2)cc1	Weight	Low	-0.203
c1ccc(CN(CC2=NCCN2)c2ccccc2)cc1	Weight	Average	-0.20449
c1ccc(CN(CC2=NCCN2)c2ccccc2)cc1	Weight	High	-0.22487
CC(C)(CO)C(O)C(=O)NCCC(=O)O	Sex	Male	-0.12394
CC(C)(CO)C(O)C(=O)NCCC(=O)O	Sex	Female	-0.00161
CC(C)(CO)C(O)C(=O)NCCC(=O)O	Age	Children	-0.17802
CC(C)(CO)C(O)C(=O)NCCC(=O)O	Age	Adolescent	-0.08916
CC(C)(CO)C(O)C(=O)NCCC(=O)O	Age	Adult	-0.04933
CC(C)(CO)C(O)C(=O)NCCC(=O)O	Age	Elderly	-0.19178
CC(C)(CO)C(O)C(=O)NCCC(=O)O	Weight	Low	-0.20564
CC(C)(CO)C(O)C(=O)NCCC(=O)O	Weight	Average	-0.20113
CC(C)(CO)C(O)C(=O)NCCC(=O)O	Weight	High	-0.24928
CC(O)Cn1cnc2c1c(=O)n(C)c(=O)n2C	Sex	Male	-0.08649
CC(O)Cn1cnc2c1c(=O)n(C)c(=O)n2C	Sex	Female	-0.00314
CC(O)Cn1cnc2c1c(=O)n(C)c(=O)n2C	Age	Children	-0.11044
CC(O)Cn1cnc2c1c(=O)n(C)c(=O)n2C	Age	Adolescent	-0.05501
CC(O)Cn1cnc2c1c(=O)n(C)c(=O)n2C	Age	Adult	-0.05993
CC(O)Cn1cnc2c1c(=O)n(C)c(=O)n2C	Age	Elderly	-0.1923
CC(O)Cn1cnc2c1c(=O)n(C)c(=O)n2C	Weight	Low	-0.20518
CC(O)Cn1cnc2c1c(=O)n(C)c(=O)n2C	Weight	Average	-0.23184
CC(O)Cn1cnc2c1c(=O)n(C)c(=O)n2C	Weight	High	-0.26833
CCS(=O)(=O)C(C)(C)S(=O)(=O)CC	Sex	Male	-0.02807
CCS(=O)(=O)C(C)(C)S(=O)(=O)CC	Sex	Female	-0.00659
CCS(=O)(=O)C(C)(C)S(=O)(=O)CC	Age	Children	-0.10881
CCS(=O)(=O)C(C)(C)S(=O)(=O)CC	Age	Adolescent	-0.06795
CCS(=O)(=O)C(C)(C)S(=O)(=O)CC	Age	Adult	-0.11123
CCS(=O)(=O)C(C)(C)S(=O)(=O)CC	Age	Elderly	-0.13282
CCS(=O)(=O)C(C)(C)S(=O)(=O)CC	Weight	Low	-0.16978
CCS(=O)(=O)C(C)(C)S(=O)(=O)CC	Weight	Average	-0.11872
CCS(=O)(=O)C(C)(C)S(=O)(=O)CC	Weight	High	-0.11104
Clc1ccc(CC2=NCCN2)c2ccccc12	Sex	Male	-0.1566
Clc1ccc(CC2=NCCN2)c2ccccc12	Sex	Female	-0.01393
Clc1ccc(CC2=NCCN2)c2ccccc12	Age	Children	-0.09455
Clc1ccc(CC2=NCCN2)c2ccccc12	Age	Adolescent	-0.03168
Clc1ccc(CC2=NCCN2)c2ccccc12	Age	Adult	-0.03802
Clc1ccc(CC2=NCCN2)c2ccccc12	Age	Elderly	-0.21122
Clc1ccc(CC2=NCCN2)c2ccccc12	Weight	Low	-0.22336
Clc1ccc(CC2=NCCN2)c2ccccc12	Weight	Average	-0.20159
Clc1ccc(CC2=NCCN2)c2ccccc12	Weight	High	-0.25648
NCCCCCC(=O)O	Sex	Male	-0.09519
NCCCCCC(=O)O	Sex	Female	-0.01097
NCCCCCC(=O)O	Age	Children	-0.10357
NCCCCCC(=O)O	Age	Adolescent	-0.0478
NCCCCCC(=O)O	Age	Adult	-0.06897
NCCCCCC(=O)O	Age	Elderly	-0.1789
NCCCCCC(=O)O	Weight	Low	-0.14331
NCCCCCC(=O)O	Weight	Average	-0.20683
NCCCCCC(=O)O	Weight	High	-0.35074
O=C(O)CCCO	Sex	Male	-0.05996
O=C(O)CCCO	Sex	Female	-0.01225
O=C(O)CCCO	Age	Children	-0.16832
O=C(O)CCCO	Age	Adolescent	-0.09985
O=C(O)CCCO	Age	Adult	-0.08258
O=C(O)CCCO	Age	Elderly	-0.28232
O=C(O)CCCO	Weight	Low	-0.20481
O=C(O)CCCO	Weight	Average	-0.21748
O=C(O)CCCO	Weight	High	-0.3278
C=CC1=C(C(=O)O)N2C(=O)C(NC(=O)C(=NO)c3csc(N)n3)C2SC1	Sex	Male	-0.02738
C=CC1=C(C(=O)O)N2C(=O)C(NC(=O)C(=NO)c3csc(N)n3)C2SC1	Sex	Female	-0.00468
C=CC1=C(C(=O)O)N2C(=O)C(NC(=O)C(=NO)c3csc(N)n3)C2SC1	Age	Children	-0.10766
C=CC1=C(C(=O)O)N2C(=O)C(NC(=O)C(=NO)c3csc(N)n3)C2SC1	Age	Adolescent	-0.04375
C=CC1=C(C(=O)O)N2C(=O)C(NC(=O)C(=NO)c3csc(N)n3)C2SC1	Age	Adult	-0.04815
C=CC1=C(C(=O)O)N2C(=O)C(NC(=O)C(=NO)c3csc(N)n3)C2SC1	Age	Elderly	-0.11017
C=CC1=C(C(=O)O)N2C(=O)C(NC(=O)C(=NO)c3csc(N)n3)C2SC1	Weight	Low	-0.19824
C=CC1=C(C(=O)O)N2C(=O)C(NC(=O)C(=NO)c3csc(N)n3)C2SC1	Weight	Average	-0.11563
C=CC1=C(C(=O)O)N2C(=O)C(NC(=O)C(=NO)c3csc(N)n3)C2SC1	Weight	High	-0.12745
CC(C)(CO)C(O)C(=O)NCCC(=O)NCCSSCCNC(=O)CCNC(=O)C(O)C(C)(C)CO	Sex	Male	-0.0347
CC(C)(CO)C(O)C(=O)NCCC(=O)NCCSSCCNC(=O)CCNC(=O)C(O)C(C)(C)CO	Sex	Female	-0.01232
CC(C)(CO)C(O)C(=O)NCCC(=O)NCCSSCCNC(=O)CCNC(=O)C(O)C(C)(C)CO	Age	Children	-0.09618
CC(C)(CO)C(O)C(=O)NCCC(=O)NCCSSCCNC(=O)CCNC(=O)C(O)C(C)(C)CO	Age	Adolescent	-0.08435
CC(C)(CO)C(O)C(=O)NCCC(=O)NCCSSCCNC(=O)CCNC(=O)C(O)C(C)(C)CO	Age	Adult	-0.06477
CC(C)(CO)C(O)C(=O)NCCC(=O)NCCSSCCNC(=O)CCNC(=O)C(O)C(C)(C)CO	Age	Elderly	-0.08999
CC(C)(CO)C(O)C(=O)NCCC(=O)NCCSSCCNC(=O)CCNC(=O)C(O)C(C)(C)CO	Weight	Low	-0.11869
CC(C)(CO)C(O)C(=O)NCCC(=O)NCCSSCCNC(=O)CCNC(=O)C(O)C(C)(C)CO	Weight	Average	-0.11867
CC(C)(CO)C(O)C(=O)NCCC(=O)NCCSSCCNC(=O)CCNC(=O)C(O)C(C)(C)CO	Weight	High	-0.1121
CC1=C(CC(=O)O)c2cc(F)ccc2C1=Cc1ccc(S(C)=O)cc1	Sex	Male	-0.11313
CC1=C(CC(=O)O)c2cc(F)ccc2C1=Cc1ccc(S(C)=O)cc1	Sex	Female	-0.00519
CC1=C(CC(=O)O)c2cc(F)ccc2C1=Cc1ccc(S(C)=O)cc1	Age	Children	-0.14467
CC1=C(CC(=O)O)c2cc(F)ccc2C1=Cc1ccc(S(C)=O)cc1	Age	Adolescent	-0.0688
CC1=C(CC(=O)O)c2cc(F)ccc2C1=Cc1ccc(S(C)=O)cc1	Age	Adult	-0.06266
CC1=C(CC(=O)O)c2cc(F)ccc2C1=Cc1ccc(S(C)=O)cc1	Age	Elderly	-0.11636
CC1=C(CC(=O)O)c2cc(F)ccc2C1=Cc1ccc(S(C)=O)cc1	Weight	Low	-0.13557
CC1=C(CC(=O)O)c2cc(F)ccc2C1=Cc1ccc(S(C)=O)cc1	Weight	Average	-0.11947
CC1=C(CC(=O)O)c2cc(F)ccc2C1=Cc1ccc(S(C)=O)cc1	Weight	High	-0.09111
CCCCCCCCCCCC(=O)OCC(O)CO	Sex	Male	-0.03199
CCCCCCCCCCCC(=O)OCC(O)CO	Sex	Female	-0.0072
CCCCCCCCCCCC(=O)OCC(O)CO	Age	Children	-0.13679
CCCCCCCCCCCC(=O)OCC(O)CO	Age	Adolescent	-0.05674
CCCCCCCCCCCC(=O)OCC(O)CO	Age	Adult	-0.11352
CCCCCCCCCCCC(=O)OCC(O)CO	Age	Elderly	-0.07042
CCCCCCCCCCCC(=O)OCC(O)CO	Weight	Low	-0.17839
CCCCCCCCCCCC(=O)OCC(O)CO	Weight	Average	-0.12795
CCCCCCCCCCCC(=O)OCC(O)CO	Weight	High	-0.2714
CCCCCCCCCCCCCCOS(=O)(=O)[O-]	Sex	Male	-0.02785
CCCCCCCCCCCCCCOS(=O)(=O)[O-]	Sex	Female	-0.0039
CCCCCCCCCCCCCCOS(=O)(=O)[O-]	Age	Children	-0.1234
CCCCCCCCCCCCCCOS(=O)(=O)[O-]	Age	Adolescent	-0.04515
CCCCCCCCCCCCCCOS(=O)(=O)[O-]	Age	Adult	-0.09118
CCCCCCCCCCCCCCOS(=O)(=O)[O-]	Age	Elderly	-0.16308
CCCCCCCCCCCCCCOS(=O)(=O)[O-]	Weight	Low	-0.17021
CCCCCCCCCCCCCCOS(=O)(=O)[O-]	Weight	Average	-0.10468
CCCCCCCCCCCCCCOS(=O)(=O)[O-]	Weight	High	-0.18929
CCCCCOC(=O)Nc1nc(=O)n(C2OC(C)C(O)C2O)cc1F	Sex	Male	-0.10763
CCCCCOC(=O)Nc1nc(=O)n(C2OC(C)C(O)C2O)cc1F	Sex	Female	-0.00192
CCCCCOC(=O)Nc1nc(=O)n(C2OC(C)C(O)C2O)cc1F	Age	Children	-0.12378
CCCCCOC(=O)Nc1nc(=O)n(C2OC(C)C(O)C2O)cc1F	Age	Adolescent	-0.05201
CCCCCOC(=O)Nc1nc(=O)n(C2OC(C)C(O)C2O)cc1F	Age	Adult	-0.10157
CCCCCOC(=O)Nc1nc(=O)n(C2OC(C)C(O)C2O)cc1F	Age	Elderly	-0.13477
CCCCCOC(=O)Nc1nc(=O)n(C2OC(C)C(O)C2O)cc1F	Weight	Low	-0.18387
CCCCCOC(=O)Nc1nc(=O)n(C2OC(C)C(O)C2O)cc1F	Weight	Average	-0.17234
CCCCCOC(=O)Nc1nc(=O)n(C2OC(C)C(O)C2O)cc1F	Weight	High	-0.30742
CCCS(=O)(=O)NC1CC(N(C)c2ncnc3[nH]ccc23)C1	Sex	Male	-0.05773
CCCS(=O)(=O)NC1CC(N(C)c2ncnc3[nH]ccc23)C1	Sex	Female	-0.00978
CCCS(=O)(=O)NC1CC(N(C)c2ncnc3[nH]ccc23)C1	Age	Children	-0.11256
CCCS(=O)(=O)NC1CC(N(C)c2ncnc3[nH]ccc23)C1	Age	Adolescent	-0.04833
CCCS(=O)(=O)NC1CC(N(C)c2ncnc3[nH]ccc23)C1	Age	Adult	-0.04928
CCCS(=O)(=O)NC1CC(N(C)c2ncnc3[nH]ccc23)C1	Age	Elderly	-0.16283
CCCS(=O)(=O)NC1CC(N(C)c2ncnc3[nH]ccc23)C1	Weight	Low	-0.19832
CCCS(=O)(=O)NC1CC(N(C)c2ncnc3[nH]ccc23)C1	Weight	Average	-0.11315
CCCS(=O)(=O)NC1CC(N(C)c2ncnc3[nH]ccc23)C1	Weight	High	-0.18168
Cc1nnc2n1-c1sc(Br)cc1C(c1ccccc1Cl)=NC2	Sex	Male	-0.09202
Cc1nnc2n1-c1sc(Br)cc1C(c1ccccc1Cl)=NC2	Sex	Female	-0.00741
Cc1nnc2n1-c1sc(Br)cc1C(c1ccccc1Cl)=NC2	Age	Children	-0.12713
Cc1nnc2n1-c1sc(Br)cc1C(c1ccccc1Cl)=NC2	Age	Adolescent	-0.05103
Cc1nnc2n1-c1sc(Br)cc1C(c1ccccc1Cl)=NC2	Age	Adult	-0.08041
Cc1nnc2n1-c1sc(Br)cc1C(c1ccccc1Cl)=NC2	Age	Elderly	-0.15537
Cc1nnc2n1-c1sc(Br)cc1C(c1ccccc1Cl)=NC2	Weight	Low	-0.14005
Cc1nnc2n1-c1sc(Br)cc1C(c1ccccc1Cl)=NC2	Weight	Average	-0.13258
Cc1nnc2n1-c1sc(Br)cc1C(c1ccccc1Cl)=NC2	Weight	High	-0.18693
Clc1ccc(Nc2nnc(Cc3ccncc3)c3ccccc23)cc1	Sex	Male	-0.12124
Clc1ccc(Nc2nnc(Cc3ccncc3)c3ccccc23)cc1	Sex	Female	-0.01916
Clc1ccc(Nc2nnc(Cc3ccncc3)c3ccccc23)cc1	Age	Children	-0.13067
Clc1ccc(Nc2nnc(Cc3ccncc3)c3ccccc23)cc1	Age	Adolescent	-0.06803
Clc1ccc(Nc2nnc(Cc3ccncc3)c3ccccc23)cc1	Age	Adult	-0.08256
Clc1ccc(Nc2nnc(Cc3ccncc3)c3ccccc23)cc1	Age	Elderly	-0.19338
Clc1ccc(Nc2nnc(Cc3ccncc3)c3ccccc23)cc1	Weight	Low	-0.17924
Clc1ccc(Nc2nnc(Cc3ccncc3)c3ccccc23)cc1	Weight	Average	-0.15774
Clc1ccc(Nc2nnc(Cc3ccncc3)c3ccccc23)cc1	Weight	High	-0.23184
NC1Cc2cc3c(cc2C1)OCO3	Sex	Male	-0.14419
NC1Cc2cc3c(cc2C1)OCO3	Sex	Female	-0.00221
NC1Cc2cc3c(cc2C1)OCO3	Age	Children	-0.12135
NC1Cc2cc3c(cc2C1)OCO3	Age	Adolescent	-0.04452
NC1Cc2cc3c(cc2C1)OCO3	Age	Adult	-0.066
NC1Cc2cc3c(cc2C1)OCO3	Age	Elderly	-0.28058
NC1Cc2cc3c(cc2C1)OCO3	Weight	Low	-0.22274
NC1Cc2cc3c(cc2C1)OCO3	Weight	Average	-0.18962
NC1Cc2cc3c(cc2C1)OCO3	Weight	High	-0.35342
NCCCC(O)(P(=O)(O)O)P(=O)(O)O	Sex	Male	-0.08661
NCCCC(O)(P(=O)(O)O)P(=O)(O)O	Sex	Female	-0.01238
NCCCC(O)(P(=O)(O)O)P(=O)(O)O	Age	Children	-0.14705
NCCCC(O)(P(=O)(O)O)P(=O)(O)O	Age	Adolescent	-0.07918
NCCCC(O)(P(=O)(O)O)P(=O)(O)O	Age	Adult	-0.05384
NCCCC(O)(P(=O)(O)O)P(=O)(O)O	Age	Elderly	-0.25067
NCCCC(O)(P(=O)(O)O)P(=O)(O)O	Weight	Low	-0.31047
NCCCC(O)(P(=O)(O)O)P(=O)(O)O	Weight	Average	-0.23471
NCCCC(O)(P(=O)(O)O)P(=O)(O)O	Weight	High	-0.30778
NCCCNCCSP(=O)(O)O	Sex	Male	-0.15949
NCCCNCCSP(=O)(O)O	Sex	Female	-0.01235
NCCCNCCSP(=O)(O)O	Age	Children	-0.11781
NCCCNCCSP(=O)(O)O	Age	Adolescent	-0.05591
NCCCNCCSP(=O)(O)O	Age	Adult	-0.04077
NCCCNCCSP(=O)(O)O	Age	Elderly	-0.19647
NCCCNCCSP(=O)(O)O	Weight	Low	-0.19381
NCCCNCCSP(=O)(O)O	Weight	Average	-0.25079
NCCCNCCSP(=O)(O)O	Weight	High	-0.29978
O=c1cc(Cc2ccccc2)[nH]c(=S)[nH]1	Sex	Male	-0.05928
O=c1cc(Cc2ccccc2)[nH]c(=S)[nH]1	Sex	Female	-0.00358
O=c1cc(Cc2ccccc2)[nH]c(=S)[nH]1	Age	Children	-0.1086
O=c1cc(Cc2ccccc2)[nH]c(=S)[nH]1	Age	Adolescent	-0.07502
O=c1cc(Cc2ccccc2)[nH]c(=S)[nH]1	Age	Adult	-0.09656
O=c1cc(Cc2ccccc2)[nH]c(=S)[nH]1	Age	Elderly	-0.22685
O=c1cc(Cc2ccccc2)[nH]c(=S)[nH]1	Weight	Low	-0.20138
O=c1cc(Cc2ccccc2)[nH]c(=S)[nH]1	Weight	Average	-0.12646
O=c1cc(Cc2ccccc2)[nH]c(=S)[nH]1	Weight	High	-0.20578
Nc1c2c(nc3c1CCC3)CCCC2	Sex	Male	-0.19064
Nc1c2c(nc3c1CCC3)CCCC2	Sex	Female	-0.01044
Nc1c2c(nc3c1CCC3)CCCC2	Age	Children	-0.11645
Nc1c2c(nc3c1CCC3)CCCC2	Age	Adolescent	-0.06187
Nc1c2c(nc3c1CCC3)CCCC2	Age	Adult	-0.0625
Nc1c2c(nc3c1CCC3)CCCC2	Age	Elderly	-0.28286
Nc1c2c(nc3c1CCC3)CCCC2	Weight	Low	-0.21811
Nc1c2c(nc3c1CCC3)CCCC2	Weight	Average	-0.17932
Nc1c2c(nc3c1CCC3)CCCC2	Weight	High	-0.26076
Oc1ccc(C=Cc2cc(O)cc(O)c2)cc1	Sex	Male	-0.11581
Oc1ccc(C=Cc2cc(O)cc(O)c2)cc1	Sex	Female	-0.01449
Oc1ccc(C=Cc2cc(O)cc(O)c2)cc1	Age	Children	-0.11668
Oc1ccc(C=Cc2cc(O)cc(O)c2)cc1	Age	Adolescent	-0.05576
Oc1ccc(C=Cc2cc(O)cc(O)c2)cc1	Age	Adult	-0.05401
Oc1ccc(C=Cc2cc(O)cc(O)c2)cc1	Age	Elderly	-0.19698
Oc1ccc(C=Cc2cc(O)cc(O)c2)cc1	Weight	Low	-0.09867
Oc1ccc(C=Cc2cc(O)cc(O)c2)cc1	Weight	Average	-0.11192
Oc1ccc(C=Cc2cc(O)cc(O)c2)cc1	Weight	High	-0.19915
CCCCCC(C)N	Sex	Male	-0.15726
CCCCCC(C)N	Sex	Female	-0.00264
CCCCCC(C)N	Age	Children	-0.11025
CCCCCC(C)N	Age	Adolescent	-0.04587
CCCCCC(C)N	Age	Adult	-0.03879
CCCCCC(C)N	Age	Elderly	-0.16725
CCCCCC(C)N	Weight	Low	-0.13947
CCCCCC(C)N	Weight	Average	-0.19858
CCCCCC(C)N	Weight	High	-0.2914
NC(=O)c1ccc(I)c([N+](=O)[O-])c1	Sex	Male	-0.13758
NC(=O)c1ccc(I)c([N+](=O)[O-])c1	Sex	Female	-0.01765
NC(=O)c1ccc(I)c([N+](=O)[O-])c1	Age	Children	-0.12012
NC(=O)c1ccc(I)c([N+](=O)[O-])c1	Age	Adolescent	-0.02398
NC(=O)c1ccc(I)c([N+](=O)[O-])c1	Age	Adult	-0.0665
NC(=O)c1ccc(I)c([N+](=O)[O-])c1	Age	Elderly	-0.24898
NC(=O)c1ccc(I)c([N+](=O)[O-])c1	Weight	Low	-0.11594
NC(=O)c1ccc(I)c([N+](=O)[O-])c1	Weight	Average	-0.15655
NC(=O)c1ccc(I)c([N+](=O)[O-])c1	Weight	High	-0.23249
OCC1OC(c2ccc(F)c(Cc3cc4ccccc4s3)c2)C(O)C(O)C1O	Sex	Male	-0.10085
OCC1OC(c2ccc(F)c(Cc3cc4ccccc4s3)c2)C(O)C(O)C1O	Sex	Female	-0.00812
OCC1OC(c2ccc(F)c(Cc3cc4ccccc4s3)c2)C(O)C(O)C1O	Age	Children	-0.10484
OCC1OC(c2ccc(F)c(Cc3cc4ccccc4s3)c2)C(O)C(O)C1O	Age	Adolescent	-0.06549
OCC1OC(c2ccc(F)c(Cc3cc4ccccc4s3)c2)C(O)C(O)C1O	Age	Adult	-0.08576
OCC1OC(c2ccc(F)c(Cc3cc4ccccc4s3)c2)C(O)C(O)C1O	Age	Elderly	-0.22688
OCC1OC(c2ccc(F)c(Cc3cc4ccccc4s3)c2)C(O)C(O)C1O	Weight	Low	-0.15542
OCC1OC(c2ccc(F)c(Cc3cc4ccccc4s3)c2)C(O)C(O)C1O	Weight	Average	-0.16631
OCC1OC(c2ccc(F)c(Cc3cc4ccccc4s3)c2)C(O)C(O)C1O	Weight	High	-0.28527
CC(=O)[O-]	Sex	Male	-0.03548
CC(=O)[O-]	Sex	Female	-0.00317
CC(=O)[O-]	Age	Children	-0.12268
CC(=O)[O-]	Age	Adolescent	-0.07633
CC(=O)[O-]	Age	Adult	-0.04001
CC(=O)[O-]	Age	Elderly	-0.14483
CC(=O)[O-]	Weight	Low	-0.13095
CC(=O)[O-]	Weight	Average	-0.16914
CC(=O)[O-]	Weight	High	-0.18485
CCCC1C(=O)N2C(N(C)C)=Nc3ccc(C)cc3N2C1=O	Sex	Male	-0.09299
CCCC1C(=O)N2C(N(C)C)=Nc3ccc(C)cc3N2C1=O	Sex	Female	-0.00646
CCCC1C(=O)N2C(N(C)C)=Nc3ccc(C)cc3N2C1=O	Age	Children	-0.08512
CCCC1C(=O)N2C(N(C)C)=Nc3ccc(C)cc3N2C1=O	Age	Adolescent	-0.03796
CCCC1C(=O)N2C(N(C)C)=Nc3ccc(C)cc3N2C1=O	Age	Adult	-0.08188
CCCC1C(=O)N2C(N(C)C)=Nc3ccc(C)cc3N2C1=O	Age	Elderly	-0.24313
CCCC1C(=O)N2C(N(C)C)=Nc3ccc(C)cc3N2C1=O	Weight	Low	-0.18451
CCCC1C(=O)N2C(N(C)C)=Nc3ccc(C)cc3N2C1=O	Weight	Average	-0.12965
CCCC1C(=O)N2C(N(C)C)=Nc3ccc(C)cc3N2C1=O	Weight	High	-0.12569
CCN(CC)CCOCCC1=CCC2CC1C2(C)C	Sex	Male	-0.13975
CCN(CC)CCOCCC1=CCC2CC1C2(C)C	Sex	Female	-0.00522
CCN(CC)CCOCCC1=CCC2CC1C2(C)C	Age	Children	-0.10601
CCN(CC)CCOCCC1=CCC2CC1C2(C)C	Age	Adolescent	-0.0516
CCN(CC)CCOCCC1=CCC2CC1C2(C)C	Age	Adult	-0.03238
CCN(CC)CCOCCC1=CCC2CC1C2(C)C	Age	Elderly	-0.13397
CCN(CC)CCOCCC1=CCC2CC1C2(C)C	Weight	Low	-0.14058
CCN(CC)CCOCCC1=CCC2CC1C2(C)C	Weight	Average	-0.14373
CCN(CC)CCOCCC1=CCC2CC1C2(C)C	Weight	High	-0.16331
COC1(NC(=O)CSCC(N)C(=O)O)C(=O)N2C(C(=O)O)=C(CSc3nnnn3C)CSC21	Sex	Male	-0.032
COC1(NC(=O)CSCC(N)C(=O)O)C(=O)N2C(C(=O)O)=C(CSc3nnnn3C)CSC21	Sex	Female	-0.00475
COC1(NC(=O)CSCC(N)C(=O)O)C(=O)N2C(C(=O)O)=C(CSc3nnnn3C)CSC21	Age	Children	-0.12141
COC1(NC(=O)CSCC(N)C(=O)O)C(=O)N2C(C(=O)O)=C(CSc3nnnn3C)CSC21	Age	Adolescent	-0.05099
COC1(NC(=O)CSCC(N)C(=O)O)C(=O)N2C(C(=O)O)=C(CSc3nnnn3C)CSC21	Age	Adult	-0.04119
COC1(NC(=O)CSCC(N)C(=O)O)C(=O)N2C(C(=O)O)=C(CSc3nnnn3C)CSC21	Age	Elderly	-0.16162
COC1(NC(=O)CSCC(N)C(=O)O)C(=O)N2C(C(=O)O)=C(CSc3nnnn3C)CSC21	Weight	Low	-0.16876
COC1(NC(=O)CSCC(N)C(=O)O)C(=O)N2C(C(=O)O)=C(CSc3nnnn3C)CSC21	Weight	Average	-0.11298
COC1(NC(=O)CSCC(N)C(=O)O)C(=O)N2C(C(=O)O)=C(CSc3nnnn3C)CSC21	Weight	High	-0.11886
Oc1ccc(C2CNCCc3c2cc(O)c(O)c3Cl)cc1	Sex	Male	-0.07894
Oc1ccc(C2CNCCc3c2cc(O)c(O)c3Cl)cc1	Sex	Female	-0.01367
Oc1ccc(C2CNCCc3c2cc(O)c(O)c3Cl)cc1	Age	Children	-0.13251
Oc1ccc(C2CNCCc3c2cc(O)c(O)c3Cl)cc1	Age	Adolescent	-0.06613
Oc1ccc(C2CNCCc3c2cc(O)c(O)c3Cl)cc1	Age	Adult	-0.04838
Oc1ccc(C2CNCCc3c2cc(O)c(O)c3Cl)cc1	Age	Elderly	-0.16544
Oc1ccc(C2CNCCc3c2cc(O)c(O)c3Cl)cc1	Weight	Low	-0.19905
Oc1ccc(C2CNCCc3c2cc(O)c(O)c3Cl)cc1	Weight	Average	-0.17244
Oc1ccc(C2CNCCc3c2cc(O)c(O)c3Cl)cc1	Weight	High	-0.2499
CC(C)=CCCC(C)=CCCC(C)=CC=CC(C)=CC(=O)O	Sex	Male	-0.05402
CC(C)=CCCC(C)=CCCC(C)=CC=CC(C)=CC(=O)O	Sex	Female	-0.01212
CC(C)=CCCC(C)=CCCC(C)=CC=CC(C)=CC(=O)O	Age	Children	-0.11702
CC(C)=CCCC(C)=CCCC(C)=CC=CC(C)=CC(=O)O	Age	Adolescent	-0.03701
CC(C)=CCCC(C)=CCCC(C)=CC=CC(C)=CC(=O)O	Age	Adult	-0.08778
CC(C)=CCCC(C)=CCCC(C)=CC=CC(C)=CC(=O)O	Age	Elderly	-0.08434
CC(C)=CCCC(C)=CCCC(C)=CC=CC(C)=CC(=O)O	Weight	Low	-0.0914
CC(C)=CCCC(C)=CCCC(C)=CC=CC(C)=CC(=O)O	Weight	Average	-0.10569
CC(C)=CCCC(C)=CCCC(C)=CC=CC(C)=CC(=O)O	Weight	High	-0.12114
CC1OC(Oc2cc(O)c3c(=O)c(OC4OC(C)C(O)C(O)C4O)c(-c4ccc(O)cc4)oc3c2)C(O)C(O)C1O	Sex	Male	-0.05531
CC1OC(Oc2cc(O)c3c(=O)c(OC4OC(C)C(O)C(O)C4O)c(-c4ccc(O)cc4)oc3c2)C(O)C(O)C1O	Sex	Female	-0.00294
CC1OC(Oc2cc(O)c3c(=O)c(OC4OC(C)C(O)C(O)C4O)c(-c4ccc(O)cc4)oc3c2)C(O)C(O)C1O	Age	Children	-0.12562
CC1OC(Oc2cc(O)c3c(=O)c(OC4OC(C)C(O)C(O)C4O)c(-c4ccc(O)cc4)oc3c2)C(O)C(O)C1O	Age	Adolescent	-0.07127
CC1OC(Oc2cc(O)c3c(=O)c(OC4OC(C)C(O)C(O)C4O)c(-c4ccc(O)cc4)oc3c2)C(O)C(O)C1O	Age	Adult	-0.06903
CC1OC(Oc2cc(O)c3c(=O)c(OC4OC(C)C(O)C(O)C4O)c(-c4ccc(O)cc4)oc3c2)C(O)C(O)C1O	Age	Elderly	-0.12975
CC1OC(Oc2cc(O)c3c(=O)c(OC4OC(C)C(O)C(O)C4O)c(-c4ccc(O)cc4)oc3c2)C(O)C(O)C1O	Weight	Low	-0.2253
CC1OC(Oc2cc(O)c3c(=O)c(OC4OC(C)C(O)C(O)C4O)c(-c4ccc(O)cc4)oc3c2)C(O)C(O)C1O	Weight	Average	-0.13966
CC1OC(Oc2cc(O)c3c(=O)c(OC4OC(C)C(O)C(O)C4O)c(-c4ccc(O)cc4)oc3c2)C(O)C(O)C1O	Weight	High	-0.22152
Cc1[nH]c(=O)c(C#N)cc1-c1ccc2nccn2c1	Sex	Male	-0.12562
Cc1[nH]c(=O)c(C#N)cc1-c1ccc2nccn2c1	Sex	Female	-0.01339
Cc1[nH]c(=O)c(C#N)cc1-c1ccc2nccn2c1	Age	Children	-0.13684
Cc1[nH]c(=O)c(C#N)cc1-c1ccc2nccn2c1	Age	Adolescent	-0.09386
Cc1[nH]c(=O)c(C#N)cc1-c1ccc2nccn2c1	Age	Adult	-0.15894
Cc1[nH]c(=O)c(C#N)cc1-c1ccc2nccn2c1	Age	Elderly	-0.17325
Cc1[nH]c(=O)c(C#N)cc1-c1ccc2nccn2c1	Weight	Low	-0.23281
Cc1[nH]c(=O)c(C#N)cc1-c1ccc2nccn2c1	Weight	Average	-0.12408
Cc1[nH]c(=O)c(C#N)cc1-c1ccc2nccn2c1	Weight	High	-0.19708
O=C(O)CCC(=O)O	Sex	Male	-0.0167
O=C(O)CCC(=O)O	Sex	Female	-0.01214
O=C(O)CCC(=O)O	Age	Children	-0.1259
O=C(O)CCC(=O)O	Age	Adolescent	-0.079
O=C(O)CCC(=O)O	Age	Adult	-0.05165
O=C(O)CCC(=O)O	Age	Elderly	-0.23973
O=C(O)CCC(=O)O	Weight	Low	-0.1416
O=C(O)CCC(=O)O	Weight	Average	-0.18212
O=C(O)CCC(=O)O	Weight	High	-0.24474
CC(=O)CCCCn1c(=O)c2c(ncn2C)n(C)c1=O	Sex	Male	-0.05325
CC(=O)CCCCn1c(=O)c2c(ncn2C)n(C)c1=O	Sex	Female	-0.00721
CC(=O)CCCCn1c(=O)c2c(ncn2C)n(C)c1=O	Age	Children	-0.09361
CC(=O)CCCCn1c(=O)c2c(ncn2C)n(C)c1=O	Age	Adolescent	-0.03563
CC(=O)CCCCn1c(=O)c2c(ncn2C)n(C)c1=O	Age	Adult	-0.05
CC(=O)CCCCn1c(=O)c2c(ncn2C)n(C)c1=O	Age	Elderly	-0.18652
CC(=O)CCCCn1c(=O)c2c(ncn2C)n(C)c1=O	Weight	Low	-0.20823
CC(=O)CCCCn1c(=O)c2c(ncn2C)n(C)c1=O	Weight	Average	-0.13728
CC(=O)CCCCn1c(=O)c2c(ncn2C)n(C)c1=O	Weight	High	-0.25539
NCCCN(CCCN)CCCCN(CCCN)CCCN	Sex	Male	-0.09643
NCCCN(CCCN)CCCCN(CCCN)CCCN	Sex	Female	-0.01347
NCCCN(CCCN)CCCCN(CCCN)CCCN	Age	Children	-0.0444
NCCCN(CCCN)CCCCN(CCCN)CCCN	Age	Adolescent	-0.01209
NCCCN(CCCN)CCCCN(CCCN)CCCN	Age	Adult	-0.02398
NCCCN(CCCN)CCCCN(CCCN)CCCN	Age	Elderly	-0.05882
NCCCN(CCCN)CCCCN(CCCN)CCCN	Weight	Low	-0.08037
NCCCN(CCCN)CCCCN(CCCN)CCCN	Weight	Average	-0.04514
NCCCN(CCCN)CCCCN(CCCN)CCCN	Weight	High	-0.10003
Nc1c(Cl)c(F)nc(OCC(=O)O)c1Cl	Sex	Male	-0.14173
Nc1c(Cl)c(F)nc(OCC(=O)O)c1Cl	Sex	Female	-0.00223
Nc1c(Cl)c(F)nc(OCC(=O)O)c1Cl	Age	Children	-0.1078
Nc1c(Cl)c(F)nc(OCC(=O)O)c1Cl	Age	Adolescent	-0.0201
Nc1c(Cl)c(F)nc(OCC(=O)O)c1Cl	Age	Adult	-0.04788
Nc1c(Cl)c(F)nc(OCC(=O)O)c1Cl	Age	Elderly	-0.24458
Nc1c(Cl)c(F)nc(OCC(=O)O)c1Cl	Weight	Low	-0.10994
Nc1c(Cl)c(F)nc(OCC(=O)O)c1Cl	Weight	Average	-0.12441
Nc1c(Cl)c(F)nc(OCC(=O)O)c1Cl	Weight	High	-0.12011
O=C1Nc2ccccc2C1(c1ccc(O)cc1)c1ccc(O)cc1	Sex	Male	-0.1777
O=C1Nc2ccccc2C1(c1ccc(O)cc1)c1ccc(O)cc1	Sex	Female	-0.00689
O=C1Nc2ccccc2C1(c1ccc(O)cc1)c1ccc(O)cc1	Age	Children	-0.15073
O=C1Nc2ccccc2C1(c1ccc(O)cc1)c1ccc(O)cc1	Age	Adolescent	-0.08653
O=C1Nc2ccccc2C1(c1ccc(O)cc1)c1ccc(O)cc1	Age	Adult	-0.05487
O=C1Nc2ccccc2C1(c1ccc(O)cc1)c1ccc(O)cc1	Age	Elderly	-0.20574
O=C1Nc2ccccc2C1(c1ccc(O)cc1)c1ccc(O)cc1	Weight	Low	-0.27129
O=C1Nc2ccccc2C1(c1ccc(O)cc1)c1ccc(O)cc1	Weight	Average	-0.21443
O=C1Nc2ccccc2C1(c1ccc(O)cc1)c1ccc(O)cc1	Weight	High	-0.18359
C1=CCOCc2cc(ccc2OCCN2CCCC2)Nc2nccc(n2)-c2cccc(c2)COC1	Sex	Male	-0.13174
C1=CCOCc2cc(ccc2OCCN2CCCC2)Nc2nccc(n2)-c2cccc(c2)COC1	Sex	Female	-0.00868
C1=CCOCc2cc(ccc2OCCN2CCCC2)Nc2nccc(n2)-c2cccc(c2)COC1	Age	Children	-0.11474
C1=CCOCc2cc(ccc2OCCN2CCCC2)Nc2nccc(n2)-c2cccc(c2)COC1	Age	Adolescent	-0.04877
C1=CCOCc2cc(ccc2OCCN2CCCC2)Nc2nccc(n2)-c2cccc(c2)COC1	Age	Adult	-0.10918
C1=CCOCc2cc(ccc2OCCN2CCCC2)Nc2nccc(n2)-c2cccc(c2)COC1	Age	Elderly	-0.194
C1=CCOCc2cc(ccc2OCCN2CCCC2)Nc2nccc(n2)-c2cccc(c2)COC1	Weight	Low	-0.18668
C1=CCOCc2cc(ccc2OCCN2CCCC2)Nc2nccc(n2)-c2cccc(c2)COC1	Weight	Average	-0.12231
C1=CCOCc2cc(ccc2OCCN2CCCC2)Nc2nccc(n2)-c2cccc(c2)COC1	Weight	High	-0.1296
O=C1Nc2ccc(Cl)cc2C(C#CC2CC2)(C(F)(F)F)O1	Sex	Male	-0.05696
O=C1Nc2ccc(Cl)cc2C(C#CC2CC2)(C(F)(F)F)O1	Sex	Female	-0.01466
O=C1Nc2ccc(Cl)cc2C(C#CC2CC2)(C(F)(F)F)O1	Age	Children	-0.11139
O=C1Nc2ccc(Cl)cc2C(C#CC2CC2)(C(F)(F)F)O1	Age	Adolescent	-0.04148
O=C1Nc2ccc(Cl)cc2C(C#CC2CC2)(C(F)(F)F)O1	Age	Adult	-0.10035
O=C1Nc2ccc(Cl)cc2C(C#CC2CC2)(C(F)(F)F)O1	Age	Elderly	-0.18369
O=C1Nc2ccc(Cl)cc2C(C#CC2CC2)(C(F)(F)F)O1	Weight	Low	-0.18405
O=C1Nc2ccc(Cl)cc2C(C#CC2CC2)(C(F)(F)F)O1	Weight	Average	-0.10681
O=C1Nc2ccc(Cl)cc2C(C#CC2CC2)(C(F)(F)F)O1	Weight	High	-0.11078
CCCC(CCC)C(N)=O	Sex	Male	-0.08088
CCCC(CCC)C(N)=O	Sex	Female	-0.01621
CCCC(CCC)C(N)=O	Age	Children	-0.13003
CCCC(CCC)C(N)=O	Age	Adolescent	-0.07131
CCCC(CCC)C(N)=O	Age	Adult	-0.05717
CCCC(CCC)C(N)=O	Age	Elderly	-0.20808
CCCC(CCC)C(N)=O	Weight	Low	-0.09427
CCCC(CCC)C(N)=O	Weight	Average	-0.15655
CCCC(CCC)C(N)=O	Weight	High	-0.24135
CCCCCCCCCCCCCCCCCCOC(=O)CC(O)(CC(=O)O)C(=O)O	Sex	Male	-0.05535
CCCCCCCCCCCCCCCCCCOC(=O)CC(O)(CC(=O)O)C(=O)O	Sex	Female	-0.00534
CCCCCCCCCCCCCCCCCCOC(=O)CC(O)(CC(=O)O)C(=O)O	Age	Children	-0.10769
CCCCCCCCCCCCCCCCCCOC(=O)CC(O)(CC(=O)O)C(=O)O	Age	Adolescent	-0.05777
CCCCCCCCCCCCCCCCCCOC(=O)CC(O)(CC(=O)O)C(=O)O	Age	Adult	-0.09346
CCCCCCCCCCCCCCCCCCOC(=O)CC(O)(CC(=O)O)C(=O)O	Age	Elderly	-0.12766
CCCCCCCCCCCCCCCCCCOC(=O)CC(O)(CC(=O)O)C(=O)O	Weight	Low	-0.14747
CCCCCCCCCCCCCCCCCCOC(=O)CC(O)(CC(=O)O)C(=O)O	Weight	Average	-0.07278
CCCCCCCCCCCCCCCCCCOC(=O)CC(O)(CC(=O)O)C(=O)O	Weight	High	-0.1889
CCCCCN(C)CCC(O)(P(=O)(O)O)P(=O)(O)O	Sex	Male	-0.12853
CCCCCN(C)CCC(O)(P(=O)(O)O)P(=O)(O)O	Sex	Female	-0.00979
CCCCCN(C)CCC(O)(P(=O)(O)O)P(=O)(O)O	Age	Children	-0.14578
CCCCCN(C)CCC(O)(P(=O)(O)O)P(=O)(O)O	Age	Adolescent	-0.07517
CCCCCN(C)CCC(O)(P(=O)(O)O)P(=O)(O)O	Age	Adult	-0.08957
CCCCCN(C)CCC(O)(P(=O)(O)O)P(=O)(O)O	Age	Elderly	-0.23049
CCCCCN(C)CCC(O)(P(=O)(O)O)P(=O)(O)O	Weight	Low	-0.30428
CCCCCN(C)CCC(O)(P(=O)(O)O)P(=O)(O)O	Weight	Average	-0.29403
CCCCCN(C)CCC(O)(P(=O)(O)O)P(=O)(O)O	Weight	High	-0.24035
Cc1cn(C2CC(N=[N+]=[N-])C(CO[P+](=O)O)O2)c(=O)[nH]c1=O	Sex	Male	-0.05004
Cc1cn(C2CC(N=[N+]=[N-])C(CO[P+](=O)O)O2)c(=O)[nH]c1=O	Sex	Female	-0.00904
Cc1cn(C2CC(N=[N+]=[N-])C(CO[P+](=O)O)O2)c(=O)[nH]c1=O	Age	Children	-0.14793
Cc1cn(C2CC(N=[N+]=[N-])C(CO[P+](=O)O)O2)c(=O)[nH]c1=O	Age	Adolescent	-0.07133
Cc1cn(C2CC(N=[N+]=[N-])C(CO[P+](=O)O)O2)c(=O)[nH]c1=O	Age	Adult	-0.09674
Cc1cn(C2CC(N=[N+]=[N-])C(CO[P+](=O)O)O2)c(=O)[nH]c1=O	Age	Elderly	-0.2029
Cc1cn(C2CC(N=[N+]=[N-])C(CO[P+](=O)O)O2)c(=O)[nH]c1=O	Weight	Low	-0.20167
Cc1cn(C2CC(N=[N+]=[N-])C(CO[P+](=O)O)O2)c(=O)[nH]c1=O	Weight	Average	-0.11119
Cc1cn(C2CC(N=[N+]=[N-])C(CO[P+](=O)O)O2)c(=O)[nH]c1=O	Weight	High	-0.17919
NC(=O)c1nc(F)c[nH]c1=O	Sex	Male	-0.1285
NC(=O)c1nc(F)c[nH]c1=O	Sex	Female	-0.01626
NC(=O)c1nc(F)c[nH]c1=O	Age	Children	-0.11692
NC(=O)c1nc(F)c[nH]c1=O	Age	Adolescent	-0.07871
NC(=O)c1nc(F)c[nH]c1=O	Age	Adult	-0.13421
NC(=O)c1nc(F)c[nH]c1=O	Age	Elderly	-0.25269
NC(=O)c1nc(F)c[nH]c1=O	Weight	Low	-0.1991
NC(=O)c1nc(F)c[nH]c1=O	Weight	Average	-0.13643
NC(=O)c1nc(F)c[nH]c1=O	Weight	High	-0.29419
NCCCC(N)(C(=O)O)C(F)F	Sex	Male	-0.16082
NCCCC(N)(C(=O)O)C(F)F	Sex	Female	-0.01415
NCCCC(N)(C(=O)O)C(F)F	Age	Children	-0.13018
NCCCC(N)(C(=O)O)C(F)F	Age	Adolescent	-0.071
NCCCC(N)(C(=O)O)C(F)F	Age	Adult	-0.04072
NCCCC(N)(C(=O)O)C(F)F	Age	Elderly	-0.20359
NCCCC(N)(C(=O)O)C(F)F	Weight	Low	-0.16239
NCCCC(N)(C(=O)O)C(F)F	Weight	Average	-0.19733
NCCCC(N)(C(=O)O)C(F)F	Weight	High	-0.21512
Nc1ccn(C2OC(CO)C(O)C2(F)F)c(=O)n1	Sex	Male	-0.18428
Nc1ccn(C2OC(CO)C(O)C2(F)F)c(=O)n1	Sex	Female	-0.01013
Nc1ccn(C2OC(CO)C(O)C2(F)F)c(=O)n1	Age	Children	-0.15802
Nc1ccn(C2OC(CO)C(O)C2(F)F)c(=O)n1	Age	Adolescent	-0.11177
Nc1ccn(C2OC(CO)C(O)C2(F)F)c(=O)n1	Age	Adult	-0.09089
Nc1ccn(C2OC(CO)C(O)C2(F)F)c(=O)n1	Age	Elderly	-0.33927
Nc1ccn(C2OC(CO)C(O)C2(F)F)c(=O)n1	Weight	Low	-0.30283
Nc1ccn(C2OC(CO)C(O)C2(F)F)c(=O)n1	Weight	Average	-0.26211
Nc1ccn(C2OC(CO)C(O)C2(F)F)c(=O)n1	Weight	High	-0.36562
O=C(O)CN(CCN(CC(=O)O)CC(=O)O)CC(=O)O	Sex	Male	-0.04889
O=C(O)CN(CCN(CC(=O)O)CC(=O)O)CC(=O)O	Sex	Female	-0.0092
O=C(O)CN(CCN(CC(=O)O)CC(=O)O)CC(=O)O	Age	Children	-0.07485
O=C(O)CN(CCN(CC(=O)O)CC(=O)O)CC(=O)O	Age	Adolescent	-0.0555
O=C(O)CN(CCN(CC(=O)O)CC(=O)O)CC(=O)O	Age	Adult	-0.07102
O=C(O)CN(CCN(CC(=O)O)CC(=O)O)CC(=O)O	Age	Elderly	-0.20786
O=C(O)CN(CCN(CC(=O)O)CC(=O)O)CC(=O)O	Weight	Low	-0.13783
O=C(O)CN(CCN(CC(=O)O)CC(=O)O)CC(=O)O	Weight	Average	-0.11873
O=C(O)CN(CCN(CC(=O)O)CC(=O)O)CC(=O)O	Weight	High	-0.10959
CC(=O)OC(C)C[N+](C)(C)C	Sex	Male	-0.09478
CC(=O)OC(C)C[N+](C)(C)C	Sex	Female	-0.00252
CC(=O)OC(C)C[N+](C)(C)C	Age	Children	-0.07096
CC(=O)OC(C)C[N+](C)(C)C	Age	Adolescent	-0.02407
CC(=O)OC(C)C[N+](C)(C)C	Age	Adult	-0.05362
CC(=O)OC(C)C[N+](C)(C)C	Age	Elderly	-0.25319
CC(=O)OC(C)C[N+](C)(C)C	Weight	Low	-0.10324
CC(=O)OC(C)C[N+](C)(C)C	Weight	Average	-0.18269
CC(=O)OC(C)C[N+](C)(C)C	Weight	High	-0.18413
CC(C)c1nc(N(C)S(C)(=O)=O)nc(-c2ccc(F)cc2)c1C=CC(O)CC(O)CC(=O)O	Sex	Male	-0.12128
CC(C)c1nc(N(C)S(C)(=O)=O)nc(-c2ccc(F)cc2)c1C=CC(O)CC(O)CC(=O)O	Sex	Female	0.00094
CC(C)c1nc(N(C)S(C)(=O)=O)nc(-c2ccc(F)cc2)c1C=CC(O)CC(O)CC(=O)O	Age	Children	-0.08982
CC(C)c1nc(N(C)S(C)(=O)=O)nc(-c2ccc(F)cc2)c1C=CC(O)CC(O)CC(=O)O	Age	Adolescent	-0.02311
CC(C)c1nc(N(C)S(C)(=O)=O)nc(-c2ccc(F)cc2)c1C=CC(O)CC(O)CC(=O)O	Age	Adult	-0.10883
CC(C)c1nc(N(C)S(C)(=O)=O)nc(-c2ccc(F)cc2)c1C=CC(O)CC(O)CC(=O)O	Age	Elderly	-0.15419
CC(C)c1nc(N(C)S(C)(=O)=O)nc(-c2ccc(F)cc2)c1C=CC(O)CC(O)CC(=O)O	Weight	Low	-0.26441
CC(C)c1nc(N(C)S(C)(=O)=O)nc(-c2ccc(F)cc2)c1C=CC(O)CC(O)CC(=O)O	Weight	Average	-0.20162
CC(C)c1nc(N(C)S(C)(=O)=O)nc(-c2ccc(F)cc2)c1C=CC(O)CC(O)CC(=O)O	Weight	High	-0.26062
CC(C1=C(CCN(C)C)Cc2ccccc21)c1ccccn1	Sex	Male	-0.11844
CC(C1=C(CCN(C)C)Cc2ccccc21)c1ccccn1	Sex	Female	-0.00195
CC(C1=C(CCN(C)C)Cc2ccccc21)c1ccccn1	Age	Children	-0.0688
CC(C1=C(CCN(C)C)Cc2ccccc21)c1ccccn1	Age	Adolescent	-0.01961
CC(C1=C(CCN(C)C)Cc2ccccc21)c1ccccn1	Age	Adult	-0.0466
CC(C1=C(CCN(C)C)Cc2ccccc21)c1ccccn1	Age	Elderly	-0.23677
CC(C1=C(CCN(C)C)Cc2ccccc21)c1ccccn1	Weight	Low	-0.21314
CC(C1=C(CCN(C)C)Cc2ccccc21)c1ccccn1	Weight	Average	-0.19765
CC(C1=C(CCN(C)C)Cc2ccccc21)c1ccccn1	Weight	High	-0.25912
CC1=CC2(C=O)C(CC1)C2(C)C	Sex	Male	-0.08983
CC1=CC2(C=O)C(CC1)C2(C)C	Sex	Female	-0.0049
CC1=CC2(C=O)C(CC1)C2(C)C	Age	Children	-0.08661
CC1=CC2(C=O)C(CC1)C2(C)C	Age	Adolescent	-0.03038
CC1=CC2(C=O)C(CC1)C2(C)C	Age	Adult	-0.09178
CC1=CC2(C=O)C(CC1)C2(C)C	Age	Elderly	-0.21972
CC1=CC2(C=O)C(CC1)C2(C)C	Weight	Low	-0.15311
CC1=CC2(C=O)C(CC1)C2(C)C	Weight	Average	-0.18567
CC1=CC2(C=O)C(CC1)C2(C)C	Weight	High	-0.15165
CC1CC(=O)CC2CCC3C4CCC(O)C4(C)CCC3C12C	Sex	Male	-0.0811
CC1CC(=O)CC2CCC3C4CCC(O)C4(C)CCC3C12C	Sex	Female	-0.00281
CC1CC(=O)CC2CCC3C4CCC(O)C4(C)CCC3C12C	Age	Children	-0.06445
CC1CC(=O)CC2CCC3C4CCC(O)C4(C)CCC3C12C	Age	Adolescent	-0.03569
CC1CC(=O)CC2CCC3C4CCC(O)C4(C)CCC3C12C	Age	Adult	-0.08243
CC1CC(=O)CC2CCC3C4CCC(O)C4(C)CCC3C12C	Age	Elderly	-0.1273
CC1CC(=O)CC2CCC3C4CCC(O)C4(C)CCC3C12C	Weight	Low	-0.1759
CC1CC(=O)CC2CCC3C4CCC(O)C4(C)CCC3C12C	Weight	Average	-0.12163
CC1CC(=O)CC2CCC3C4CCC(O)C4(C)CCC3C12C	Weight	High	-0.22344
CC1CC=CC=CC=CC=CC(OC2OC(C)C(O)C(N)C2O)CC2OC(O)(CC(O)CC3OC3C=CC(=O)O1)CC(O)C2C(=O)O	Sex	Male	-0.08622
CC1CC=CC=CC=CC=CC(OC2OC(C)C(O)C(N)C2O)CC2OC(O)(CC(O)CC3OC3C=CC(=O)O1)CC(O)C2C(=O)O	Sex	Female	-0.00459
CC1CC=CC=CC=CC=CC(OC2OC(C)C(O)C(N)C2O)CC2OC(O)(CC(O)CC3OC3C=CC(=O)O1)CC(O)C2C(=O)O	Age	Children	-0.07575
CC1CC=CC=CC=CC=CC(OC2OC(C)C(O)C(N)C2O)CC2OC(O)(CC(O)CC3OC3C=CC(=O)O1)CC(O)C2C(=O)O	Age	Adolescent	-0.02808
CC1CC=CC=CC=CC=CC(OC2OC(C)C(O)C(N)C2O)CC2OC(O)(CC(O)CC3OC3C=CC(=O)O1)CC(O)C2C(=O)O	Age	Adult	-0.05487
CC1CC=CC=CC=CC=CC(OC2OC(C)C(O)C(N)C2O)CC2OC(O)(CC(O)CC3OC3C=CC(=O)O1)CC(O)C2C(=O)O	Age	Elderly	-0.10173
CC1CC=CC=CC=CC=CC(OC2OC(C)C(O)C(N)C2O)CC2OC(O)(CC(O)CC3OC3C=CC(=O)O1)CC(O)C2C(=O)O	Weight	Low	-0.17287
CC1CC=CC=CC=CC=CC(OC2OC(C)C(O)C(N)C2O)CC2OC(O)(CC(O)CC3OC3C=CC(=O)O1)CC(O)C2C(=O)O	Weight	Average	-0.15831
CC1CC=CC=CC=CC=CC(OC2OC(C)C(O)C(N)C2O)CC2OC(O)(CC(O)CC3OC3C=CC(=O)O1)CC(O)C2C(=O)O	Weight	High	-0.18461
CCC(C)(C)C(=O)OC1CC(C)C=C2C=CC(C)C(CCC3CC(O)CC(=O)O3)C21	Sex	Male	-0.0886
CCC(C)(C)C(=O)OC1CC(C)C=C2C=CC(C)C(CCC3CC(O)CC(=O)O3)C21	Sex	Female	-0.00281
CCC(C)(C)C(=O)OC1CC(C)C=C2C=CC(C)C(CCC3CC(O)CC(=O)O3)C21	Age	Children	-0.07784
CCC(C)(C)C(=O)OC1CC(C)C=C2C=CC(C)C(CCC3CC(O)CC(=O)O3)C21	Age	Adolescent	-0.01265
CCC(C)(C)C(=O)OC1CC(C)C=C2C=CC(C)C(CCC3CC(O)CC(=O)O3)C21	Age	Adult	-0.07541
CCC(C)(C)C(=O)OC1CC(C)C=C2C=CC(C)C(CCC3CC(O)CC(=O)O3)C21	Age	Elderly	-0.12834
CCC(C)(C)C(=O)OC1CC(C)C=C2C=CC(C)C(CCC3CC(O)CC(=O)O3)C21	Weight	Low	-0.13153
CCC(C)(C)C(=O)OC1CC(C)C=C2C=CC(C)C(CCC3CC(O)CC(=O)O3)C21	Weight	Average	-0.1266
CCC(C)(C)C(=O)OC1CC(C)C=C2C=CC(C)C(CCC3CC(O)CC(=O)O3)C21	Weight	High	-0.16613
CCC(CCC(C)C1CCC2C3CCC4CC(O)CCC4(C)C3CCC12C)C(C)C	Sex	Male	-0.09086
CCC(CCC(C)C1CCC2C3CCC4CC(O)CCC4(C)C3CCC12C)C(C)C	Sex	Female	-0.00263
CCC(CCC(C)C1CCC2C3CCC4CC(O)CCC4(C)C3CCC12C)C(C)C	Age	Children	-0.07884
CCC(CCC(C)C1CCC2C3CCC4CC(O)CCC4(C)C3CCC12C)C(C)C	Age	Adolescent	-0.01656
CCC(CCC(C)C1CCC2C3CCC4CC(O)CCC4(C)C3CCC12C)C(C)C	Age	Adult	-0.04716
CCC(CCC(C)C1CCC2C3CCC4CC(O)CCC4(C)C3CCC12C)C(C)C	Age	Elderly	-0.15784
CCC(CCC(C)C1CCC2C3CCC4CC(O)CCC4(C)C3CCC12C)C(C)C	Weight	Low	-0.1526
CCC(CCC(C)C1CCC2C3CCC4CC(O)CCC4(C)C3CCC12C)C(C)C	Weight	Average	-0.12152
CCC(CCC(C)C1CCC2C3CCC4CC(O)CCC4(C)C3CCC12C)C(C)C	Weight	High	-0.23588
CCN1CCN(Cc2ccc(Nc3ncc(F)c(-c4cc(F)c5nc(C)n(C(C)C)c5c4)n3)nc2)CC1	Sex	Male	-0.1257
CCN1CCN(Cc2ccc(Nc3ncc(F)c(-c4cc(F)c5nc(C)n(C(C)C)c5c4)n3)nc2)CC1	Sex	Female	-0.00451
CCN1CCN(Cc2ccc(Nc3ncc(F)c(-c4cc(F)c5nc(C)n(C(C)C)c5c4)n3)nc2)CC1	Age	Children	-0.074
CCN1CCN(Cc2ccc(Nc3ncc(F)c(-c4cc(F)c5nc(C)n(C(C)C)c5c4)n3)nc2)CC1	Age	Adolescent	-0.02316
CCN1CCN(Cc2ccc(Nc3ncc(F)c(-c4cc(F)c5nc(C)n(C(C)C)c5c4)n3)nc2)CC1	Age	Adult	-0.06083
CCN1CCN(Cc2ccc(Nc3ncc(F)c(-c4cc(F)c5nc(C)n(C(C)C)c5c4)n3)nc2)CC1	Age	Elderly	-0.14265
CCN1CCN(Cc2ccc(Nc3ncc(F)c(-c4cc(F)c5nc(C)n(C(C)C)c5c4)n3)nc2)CC1	Weight	Low	-0.11688
CCN1CCN(Cc2ccc(Nc3ncc(F)c(-c4cc(F)c5nc(C)n(C(C)C)c5c4)n3)nc2)CC1	Weight	Average	-0.03342
CCN1CCN(Cc2ccc(Nc3ncc(F)c(-c4cc(F)c5nc(C)n(C(C)C)c5c4)n3)nc2)CC1	Weight	High	-0.10646
CN(C)CCOC1=Cc2ccccc2Sc2ccc(Cl)cc21	Sex	Male	-0.15227
CN(C)CCOC1=Cc2ccccc2Sc2ccc(Cl)cc21	Sex	Female	-0.00146
CN(C)CCOC1=Cc2ccccc2Sc2ccc(Cl)cc21	Age	Children	-0.06258
CN(C)CCOC1=Cc2ccccc2Sc2ccc(Cl)cc21	Age	Adolescent	-0.02428
CN(C)CCOC1=Cc2ccccc2Sc2ccc(Cl)cc21	Age	Adult	-0.03236
CN(C)CCOC1=Cc2ccccc2Sc2ccc(Cl)cc21	Age	Elderly	-0.25691
CN(C)CCOC1=Cc2ccccc2Sc2ccc(Cl)cc21	Weight	Low	-0.21167
CN(C)CCOC1=Cc2ccccc2Sc2ccc(Cl)cc21	Weight	Average	-0.15115
CN(C)CCOC1=Cc2ccccc2Sc2ccc(Cl)cc21	Weight	High	-0.14874
COC(=O)NC(C(=O)NC(Cc1ccccc1)C(O)CN(Cc1ccc(-c2ccccn2)cc1)NC(=O)C(NC(=O)OC)C(C)(C)C)C(C)(C)C	Sex	Male	-0.08694
COC(=O)NC(C(=O)NC(Cc1ccccc1)C(O)CN(Cc1ccc(-c2ccccn2)cc1)NC(=O)C(NC(=O)OC)C(C)(C)C)C(C)(C)C	Sex	Female	-0.00427
COC(=O)NC(C(=O)NC(Cc1ccccc1)C(O)CN(Cc1ccc(-c2ccccn2)cc1)NC(=O)C(NC(=O)OC)C(C)(C)C)C(C)(C)C	Age	Children	-0.08945
COC(=O)NC(C(=O)NC(Cc1ccccc1)C(O)CN(Cc1ccc(-c2ccccn2)cc1)NC(=O)C(NC(=O)OC)C(C)(C)C)C(C)(C)C	Age	Adolescent	-0.02679
COC(=O)NC(C(=O)NC(Cc1ccccc1)C(O)CN(Cc1ccc(-c2ccccn2)cc1)NC(=O)C(NC(=O)OC)C(C)(C)C)C(C)(C)C	Age	Adult	-0.05113
COC(=O)NC(C(=O)NC(Cc1ccccc1)C(O)CN(Cc1ccc(-c2ccccn2)cc1)NC(=O)C(NC(=O)OC)C(C)(C)C)C(C)(C)C	Age	Elderly	-0.19757
COC(=O)NC(C(=O)NC(Cc1ccccc1)C(O)CN(Cc1ccc(-c2ccccn2)cc1)NC(=O)C(NC(=O)OC)C(C)(C)C)C(C)(C)C	Weight	Low	-0.15278
COC(=O)NC(C(=O)NC(Cc1ccccc1)C(O)CN(Cc1ccc(-c2ccccn2)cc1)NC(=O)C(NC(=O)OC)C(C)(C)C)C(C)(C)C	Weight	Average	-0.07621
COC(=O)NC(C(=O)NC(Cc1ccccc1)C(O)CN(Cc1ccc(-c2ccccn2)cc1)NC(=O)C(NC(=O)OC)C(C)(C)C)C(C)(C)C	Weight	High	-0.17987
COCC(=O)Nc1c(I)c(C(=O)NCC(O)CO)c(I)c(C(=O)N(C)CC(O)CO)c1I	Sex	Male	-0.08768
COCC(=O)Nc1c(I)c(C(=O)NCC(O)CO)c(I)c(C(=O)N(C)CC(O)CO)c1I	Sex	Female	0.00068
COCC(=O)Nc1c(I)c(C(=O)NCC(O)CO)c(I)c(C(=O)N(C)CC(O)CO)c1I	Age	Children	-0.05969
COCC(=O)Nc1c(I)c(C(=O)NCC(O)CO)c(I)c(C(=O)N(C)CC(O)CO)c1I	Age	Adolescent	-0.02264
COCC(=O)Nc1c(I)c(C(=O)NCC(O)CO)c(I)c(C(=O)N(C)CC(O)CO)c1I	Age	Adult	-0.03213
COCC(=O)Nc1c(I)c(C(=O)NCC(O)CO)c(I)c(C(=O)N(C)CC(O)CO)c1I	Age	Elderly	-0.1259
COCC(=O)Nc1c(I)c(C(=O)NCC(O)CO)c(I)c(C(=O)N(C)CC(O)CO)c1I	Weight	Low	-0.16086
COCC(=O)Nc1c(I)c(C(=O)NCC(O)CO)c(I)c(C(=O)N(C)CC(O)CO)c1I	Weight	Average	-0.10801
COCC(=O)Nc1c(I)c(C(=O)NCC(O)CO)c(I)c(C(=O)N(C)CC(O)CO)c1I	Weight	High	-0.17386
CON(C)Cc1ccc(O)c2c1CC1CC3C(N(C)C)C(=O)C(C(N)=O)=C(O)C3(O)C(=O)C1=C2O	Sex	Male	-0.08116
CON(C)Cc1ccc(O)c2c1CC1CC3C(N(C)C)C(=O)C(C(N)=O)=C(O)C3(O)C(=O)C1=C2O	Sex	Female	-0.0019
CON(C)Cc1ccc(O)c2c1CC1CC3C(N(C)C)C(=O)C(C(N)=O)=C(O)C3(O)C(=O)C1=C2O	Age	Children	-0.08654
CON(C)Cc1ccc(O)c2c1CC1CC3C(N(C)C)C(=O)C(C(N)=O)=C(O)C3(O)C(=O)C1=C2O	Age	Adolescent	-0.02779
CON(C)Cc1ccc(O)c2c1CC1CC3C(N(C)C)C(=O)C(C(N)=O)=C(O)C3(O)C(=O)C1=C2O	Age	Adult	-0.02409
CON(C)Cc1ccc(O)c2c1CC1CC3C(N(C)C)C(=O)C(C(N)=O)=C(O)C3(O)C(=O)C1=C2O	Age	Elderly	-0.17218
CON(C)Cc1ccc(O)c2c1CC1CC3C(N(C)C)C(=O)C(C(N)=O)=C(O)C3(O)C(=O)C1=C2O	Weight	Low	-0.1707
CON(C)Cc1ccc(O)c2c1CC1CC3C(N(C)C)C(=O)C(C(N)=O)=C(O)C3(O)C(=O)C1=C2O	Weight	Average	-0.16893
CON(C)Cc1ccc(O)c2c1CC1CC3C(N(C)C)C(=O)C(C(N)=O)=C(O)C3(O)C(=O)C1=C2O	Weight	High	-0.19864
COP(=O)(OC)OC=C(Cl)Cl	Sex	Male	-0.08672
COP(=O)(OC)OC=C(Cl)Cl	Sex	Female	-0.00026
COP(=O)(OC)OC=C(Cl)Cl	Age	Children	-0.05521
COP(=O)(OC)OC=C(Cl)Cl	Age	Adolescent	-0.02094
COP(=O)(OC)OC=C(Cl)Cl	Age	Adult	-0.03445
COP(=O)(OC)OC=C(Cl)Cl	Age	Elderly	-0.11823
COP(=O)(OC)OC=C(Cl)Cl	Weight	Low	-0.06794
COP(=O)(OC)OC=C(Cl)Cl	Weight	Average	-0.08139
COP(=O)(OC)OC=C(Cl)Cl	Weight	High	-0.06829
COc1cc(C2c3cc4c(cc3C(O)C3COC(=O)C23)OCO4)cc(OC)c1OC	Sex	Male	-0.07254
COc1cc(C2c3cc4c(cc3C(O)C3COC(=O)C23)OCO4)cc(OC)c1OC	Sex	Female	-0.00051
COc1cc(C2c3cc4c(cc3C(O)C3COC(=O)C23)OCO4)cc(OC)c1OC	Age	Children	-0.05358
COc1cc(C2c3cc4c(cc3C(O)C3COC(=O)C23)OCO4)cc(OC)c1OC	Age	Adolescent	-0.0127
COc1cc(C2c3cc4c(cc3C(O)C3COC(=O)C23)OCO4)cc(OC)c1OC	Age	Adult	-0.04844
COc1cc(C2c3cc4c(cc3C(O)C3COC(=O)C23)OCO4)cc(OC)c1OC	Age	Elderly	-0.16182
COc1cc(C2c3cc4c(cc3C(O)C3COC(=O)C23)OCO4)cc(OC)c1OC	Weight	Low	-0.10356
COc1cc(C2c3cc4c(cc3C(O)C3COC(=O)C23)OCO4)cc(OC)c1OC	Weight	Average	-0.1
COc1cc(C2c3cc4c(cc3C(O)C3COC(=O)C23)OCO4)cc(OC)c1OC	Weight	High	-0.1447
COc1ccc(C(CN(C)C)=C(c2ccc(OC)cc2)c2ccc(OC)cc2)cc1	Sex	Male	-0.06011
COc1ccc(C(CN(C)C)=C(c2ccc(OC)cc2)c2ccc(OC)cc2)cc1	Sex	Female	-0.00261
COc1ccc(C(CN(C)C)=C(c2ccc(OC)cc2)c2ccc(OC)cc2)cc1	Age	Children	-0.08434
COc1ccc(C(CN(C)C)=C(c2ccc(OC)cc2)c2ccc(OC)cc2)cc1	Age	Adolescent	-0.03624
COc1ccc(C(CN(C)C)=C(c2ccc(OC)cc2)c2ccc(OC)cc2)cc1	Age	Adult	-0.0666
COc1ccc(C(CN(C)C)=C(c2ccc(OC)cc2)c2ccc(OC)cc2)cc1	Age	Elderly	-0.22776
COc1ccc(C(CN(C)C)=C(c2ccc(OC)cc2)c2ccc(OC)cc2)cc1	Weight	Low	-0.157
COc1ccc(C(CN(C)C)=C(c2ccc(OC)cc2)c2ccc(OC)cc2)cc1	Weight	Average	-0.17734
COc1ccc(C(CN(C)C)=C(c2ccc(OC)cc2)c2ccc(OC)cc2)cc1	Weight	High	-0.16748
COc1ccc(CCN(C)CCCC(C#N)(c2cc(OC)c(OC)c(OC)c2)C(C)C)cc1OC	Sex	Male	-0.05089
COc1ccc(CCN(C)CCCC(C#N)(c2cc(OC)c(OC)c(OC)c2)C(C)C)cc1OC	Sex	Female	-0.00081
COc1ccc(CCN(C)CCCC(C#N)(c2cc(OC)c(OC)c(OC)c2)C(C)C)cc1OC	Age	Children	-0.05131
COc1ccc(CCN(C)CCCC(C#N)(c2cc(OC)c(OC)c(OC)c2)C(C)C)cc1OC	Age	Adolescent	-0.0111
COc1ccc(CCN(C)CCCC(C#N)(c2cc(OC)c(OC)c(OC)c2)C(C)C)cc1OC	Age	Adult	-0.04743
COc1ccc(CCN(C)CCCC(C#N)(c2cc(OC)c(OC)c(OC)c2)C(C)C)cc1OC	Age	Elderly	-0.13035
COc1ccc(CCN(C)CCCC(C#N)(c2cc(OC)c(OC)c(OC)c2)C(C)C)cc1OC	Weight	Low	-0.1392
COc1ccc(CCN(C)CCCC(C#N)(c2cc(OC)c(OC)c(OC)c2)C(C)C)cc1OC	Weight	Average	-0.11165
COc1ccc(CCN(C)CCCC(C#N)(c2cc(OC)c(OC)c(OC)c2)C(C)C)cc1OC	Weight	High	-0.11951
COc1ccccc1OCCNCC(O)COc1cccc2[nH]c3ccccc3c12	Sex	Male	-0.0693
COc1ccccc1OCCNCC(O)COc1cccc2[nH]c3ccccc3c12	Sex	Female	-0.00245
COc1ccccc1OCCNCC(O)COc1cccc2[nH]c3ccccc3c12	Age	Children	-0.09725
COc1ccccc1OCCNCC(O)COc1cccc2[nH]c3ccccc3c12	Age	Adolescent	-0.02259
COc1ccccc1OCCNCC(O)COc1cccc2[nH]c3ccccc3c12	Age	Adult	-0.07098
COc1ccccc1OCCNCC(O)COc1cccc2[nH]c3ccccc3c12	Age	Elderly	-0.13055
COc1ccccc1OCCNCC(O)COc1cccc2[nH]c3ccccc3c12	Weight	Low	-0.18361
COc1ccccc1OCCNCC(O)COc1cccc2[nH]c3ccccc3c12	Weight	Average	-0.14657
COc1ccccc1OCCNCC(O)COc1cccc2[nH]c3ccccc3c12	Weight	High	-0.23291
COc1ccccc1Oc1c(NS(=O)(=O)c2ccc(C(C)(C)C)cc2)nc(-c2ncccn2)nc1OCCO	Sex	Male	-0.06321
COc1ccccc1Oc1c(NS(=O)(=O)c2ccc(C(C)(C)C)cc2)nc(-c2ncccn2)nc1OCCO	Sex	Female	0.0
COc1ccccc1Oc1c(NS(=O)(=O)c2ccc(C(C)(C)C)cc2)nc(-c2ncccn2)nc1OCCO	Age	Children	-0.06109
COc1ccccc1Oc1c(NS(=O)(=O)c2ccc(C(C)(C)C)cc2)nc(-c2ncccn2)nc1OCCO	Age	Adolescent	-0.01597
COc1ccccc1Oc1c(NS(=O)(=O)c2ccc(C(C)(C)C)cc2)nc(-c2ncccn2)nc1OCCO	Age	Adult	-0.06915
COc1ccccc1Oc1c(NS(=O)(=O)c2ccc(C(C)(C)C)cc2)nc(-c2ncccn2)nc1OCCO	Age	Elderly	-0.15648
COc1ccccc1Oc1c(NS(=O)(=O)c2ccc(C(C)(C)C)cc2)nc(-c2ncccn2)nc1OCCO	Weight	Low	-0.09438
COc1ccccc1Oc1c(NS(=O)(=O)c2ccc(C(C)(C)C)cc2)nc(-c2ncccn2)nc1OCCO	Weight	Average	-0.08179
COc1ccccc1Oc1c(NS(=O)(=O)c2ccc(C(C)(C)C)cc2)nc(-c2ncccn2)nc1OCCO	Weight	High	-0.17334
Nc1ccccc1NC(=O)c1ccc(CNc2nccc(-c3cccnc3)n2)cc1	Sex	Male	-0.12743
Nc1ccccc1NC(=O)c1ccc(CNc2nccc(-c3cccnc3)n2)cc1	Sex	Female	-0.00284
Nc1ccccc1NC(=O)c1ccc(CNc2nccc(-c3cccnc3)n2)cc1	Age	Children	-0.06757
Nc1ccccc1NC(=O)c1ccc(CNc2nccc(-c3cccnc3)n2)cc1	Age	Adolescent	-0.01832
Nc1ccccc1NC(=O)c1ccc(CNc2nccc(-c3cccnc3)n2)cc1	Age	Adult	-0.08278
Nc1ccccc1NC(=O)c1ccc(CNc2nccc(-c3cccnc3)n2)cc1	Age	Elderly	-0.1325
Nc1ccccc1NC(=O)c1ccc(CNc2nccc(-c3cccnc3)n2)cc1	Weight	Low	-0.13878
Nc1ccccc1NC(=O)c1ccc(CNc2nccc(-c3cccnc3)n2)cc1	Weight	Average	-0.09963
Nc1ccccc1NC(=O)c1ccc(CNc2nccc(-c3cccnc3)n2)cc1	Weight	High	-0.15748
Nc1ncnc2c1ncn2C1OC2COP(=O)(O)OC2C1O	Sex	Male	-0.09134
Nc1ncnc2c1ncn2C1OC2COP(=O)(O)OC2C1O	Sex	Female	-0.00234
Nc1ncnc2c1ncn2C1OC2COP(=O)(O)OC2C1O	Age	Children	-0.08822
Nc1ncnc2c1ncn2C1OC2COP(=O)(O)OC2C1O	Age	Adolescent	-0.0352
Nc1ncnc2c1ncn2C1OC2COP(=O)(O)OC2C1O	Age	Adult	-0.05654
Nc1ncnc2c1ncn2C1OC2COP(=O)(O)OC2C1O	Age	Elderly	-0.09237
Nc1ncnc2c1ncn2C1OC2COP(=O)(O)OC2C1O	Weight	Low	-0.17979
Nc1ncnc2c1ncn2C1OC2COP(=O)(O)OC2C1O	Weight	Average	-0.15942
Nc1ncnc2c1ncn2C1OC2COP(=O)(O)OC2C1O	Weight	High	-0.17227
O=C(O)CNC(=O)c1ncc(-c2cccc(Cl)c2)cc1O	Sex	Male	-0.14428
O=C(O)CNC(=O)c1ncc(-c2cccc(Cl)c2)cc1O	Sex	Female	-0.00058
O=C(O)CNC(=O)c1ncc(-c2cccc(Cl)c2)cc1O	Age	Children	-0.06698
O=C(O)CNC(=O)c1ncc(-c2cccc(Cl)c2)cc1O	Age	Adolescent	-0.01857
O=C(O)CNC(=O)c1ncc(-c2cccc(Cl)c2)cc1O	Age	Adult	-0.08204
O=C(O)CNC(=O)c1ncc(-c2cccc(Cl)c2)cc1O	Age	Elderly	-0.14599
O=C(O)CNC(=O)c1ncc(-c2cccc(Cl)c2)cc1O	Weight	Low	-0.13846
O=C(O)CNC(=O)c1ncc(-c2cccc(Cl)c2)cc1O	Weight	Average	-0.19898
O=C(O)CNC(=O)c1ncc(-c2cccc(Cl)c2)cc1O	Weight	High	-0.21908
O=C1CN(N=Cc2ccc([N+](=O)[O-])o2)C(=O)N1	Sex	Male	-0.07391
O=C1CN(N=Cc2ccc([N+](=O)[O-])o2)C(=O)N1	Sex	Female	0.00107
O=C1CN(N=Cc2ccc([N+](=O)[O-])o2)C(=O)N1	Age	Children	-0.0688
O=C1CN(N=Cc2ccc([N+](=O)[O-])o2)C(=O)N1	Age	Adolescent	-0.02506
O=C1CN(N=Cc2ccc([N+](=O)[O-])o2)C(=O)N1	Age	Adult	-0.07552
O=C1CN(N=Cc2ccc([N+](=O)[O-])o2)C(=O)N1	Age	Elderly	-0.17474
O=C1CN(N=Cc2ccc([N+](=O)[O-])o2)C(=O)N1	Weight	Low	-0.15304
O=C1CN(N=Cc2ccc([N+](=O)[O-])o2)C(=O)N1	Weight	Average	-0.16356
O=C1CN(N=Cc2ccc([N+](=O)[O-])o2)C(=O)N1	Weight	High	-0.20729
C=CC[N+]1(C2CC3C4CCC5CC(O)C(N6CCOCC6)CC5(C)C4CCC3(C)C2OC(C)=O)CCCC1	Sex	Male	-0.1111
C=CC[N+]1(C2CC3C4CCC5CC(O)C(N6CCOCC6)CC5(C)C4CCC3(C)C2OC(C)=O)CCCC1	Sex	Female	-0.00172
C=CC[N+]1(C2CC3C4CCC5CC(O)C(N6CCOCC6)CC5(C)C4CCC3(C)C2OC(C)=O)CCCC1	Age	Children	-0.08891
C=CC[N+]1(C2CC3C4CCC5CC(O)C(N6CCOCC6)CC5(C)C4CCC3(C)C2OC(C)=O)CCCC1	Age	Adolescent	-0.02868
C=CC[N+]1(C2CC3C4CCC5CC(O)C(N6CCOCC6)CC5(C)C4CCC3(C)C2OC(C)=O)CCCC1	Age	Adult	-0.09347
C=CC[N+]1(C2CC3C4CCC5CC(O)C(N6CCOCC6)CC5(C)C4CCC3(C)C2OC(C)=O)CCCC1	Age	Elderly	-0.24869
C=CC[N+]1(C2CC3C4CCC5CC(O)C(N6CCOCC6)CC5(C)C4CCC3(C)C2OC(C)=O)CCCC1	Weight	Low	-0.19015
C=CC[N+]1(C2CC3C4CCC5CC(O)C(N6CCOCC6)CC5(C)C4CCC3(C)C2OC(C)=O)CCCC1	Weight	Average	-0.19765
C=CC[N+]1(C2CC3C4CCC5CC(O)C(N6CCOCC6)CC5(C)C4CCC3(C)C2OC(C)=O)CCCC1	Weight	High	-0.25009
CC(C)CCOc1ccc(NC(=S)Nc2ccc(OCCC(C)C)cc2)cc1	Sex	Male	-0.056
CC(C)CCOc1ccc(NC(=S)Nc2ccc(OCCC(C)C)cc2)cc1	Sex	Female	-0.00239
CC(C)CCOc1ccc(NC(=S)Nc2ccc(OCCC(C)C)cc2)cc1	Age	Children	-0.05078
CC(C)CCOc1ccc(NC(=S)Nc2ccc(OCCC(C)C)cc2)cc1	Age	Adolescent	-0.01197
CC(C)CCOc1ccc(NC(=S)Nc2ccc(OCCC(C)C)cc2)cc1	Age	Adult	-0.0355
CC(C)CCOc1ccc(NC(=S)Nc2ccc(OCCC(C)C)cc2)cc1	Age	Elderly	-0.09614
CC(C)CCOc1ccc(NC(=S)Nc2ccc(OCCC(C)C)cc2)cc1	Weight	Low	-0.11279
CC(C)CCOc1ccc(NC(=S)Nc2ccc(OCCC(C)C)cc2)cc1	Weight	Average	-0.03835
CC(C)CCOc1ccc(NC(=S)Nc2ccc(OCCC(C)C)cc2)cc1	Weight	High	-0.0798
COc1cccc(N2CCN(C3=Nc4c(F)cccc4C(CC(=O)O)N3c3cc(C(F)(F)F)ccc3OC)CC2)c1	Sex	Male	-0.11293
COc1cccc(N2CCN(C3=Nc4c(F)cccc4C(CC(=O)O)N3c3cc(C(F)(F)F)ccc3OC)CC2)c1	Sex	Female	-0.00176
COc1cccc(N2CCN(C3=Nc4c(F)cccc4C(CC(=O)O)N3c3cc(C(F)(F)F)ccc3OC)CC2)c1	Age	Children	-0.07035
COc1cccc(N2CCN(C3=Nc4c(F)cccc4C(CC(=O)O)N3c3cc(C(F)(F)F)ccc3OC)CC2)c1	Age	Adolescent	-0.01576
COc1cccc(N2CCN(C3=Nc4c(F)cccc4C(CC(=O)O)N3c3cc(C(F)(F)F)ccc3OC)CC2)c1	Age	Adult	-0.0369
COc1cccc(N2CCN(C3=Nc4c(F)cccc4C(CC(=O)O)N3c3cc(C(F)(F)F)ccc3OC)CC2)c1	Age	Elderly	-0.18057
COc1cccc(N2CCN(C3=Nc4c(F)cccc4C(CC(=O)O)N3c3cc(C(F)(F)F)ccc3OC)CC2)c1	Weight	Low	-0.07335
COc1cccc(N2CCN(C3=Nc4c(F)cccc4C(CC(=O)O)N3c3cc(C(F)(F)F)ccc3OC)CC2)c1	Weight	Average	-0.09039
COc1cccc(N2CCN(C3=Nc4c(F)cccc4C(CC(=O)O)N3c3cc(C(F)(F)F)ccc3OC)CC2)c1	Weight	High	-0.17755
N=C(N)c1ccc(OCCCCCCOc2ccc(C(=N)N)cc2)cc1	Sex	Male	-0.14529
N=C(N)c1ccc(OCCCCCCOc2ccc(C(=N)N)cc2)cc1	Sex	Female	-0.0028
N=C(N)c1ccc(OCCCCCCOc2ccc(C(=N)N)cc2)cc1	Age	Children	-0.07314
N=C(N)c1ccc(OCCCCCCOc2ccc(C(=N)N)cc2)cc1	Age	Adolescent	-0.00949
N=C(N)c1ccc(OCCCCCCOc2ccc(C(=N)N)cc2)cc1	Age	Adult	-0.0461
N=C(N)c1ccc(OCCCCCCOc2ccc(C(=N)N)cc2)cc1	Age	Elderly	-0.07957
N=C(N)c1ccc(OCCCCCCOc2ccc(C(=N)N)cc2)cc1	Weight	Low	-0.18334
N=C(N)c1ccc(OCCCCCCOc2ccc(C(=N)N)cc2)cc1	Weight	Average	-0.12904
N=C(N)c1ccc(OCCCCCCOc2ccc(C(=N)N)cc2)cc1	Weight	High	-0.14516
COc1cc(Cc2cnc(N)nc2N)cc(OC)c1Br	Sex	Male	-0.04352
COc1cc(Cc2cnc(N)nc2N)cc(OC)c1Br	Sex	Female	0.00083
COc1cc(Cc2cnc(N)nc2N)cc(OC)c1Br	Age	Children	-0.04693
COc1cc(Cc2cnc(N)nc2N)cc(OC)c1Br	Age	Adolescent	-0.01181
COc1cc(Cc2cnc(N)nc2N)cc(OC)c1Br	Age	Adult	-0.10637
COc1cc(Cc2cnc(N)nc2N)cc(OC)c1Br	Age	Elderly	-0.25194
COc1cc(Cc2cnc(N)nc2N)cc(OC)c1Br	Weight	Low	-0.15043
COc1cc(Cc2cnc(N)nc2N)cc(OC)c1Br	Weight	Average	-0.09502
COc1cc(Cc2cnc(N)nc2N)cc(OC)c1Br	Weight	High	-0.12903
Cc1cc2ncc(C(=O)NCC(C)(C)NCC(=O)N3CCCC3C#N)cn2n1	Sex	Male	-0.08655
Cc1cc2ncc(C(=O)NCC(C)(C)NCC(=O)N3CCCC3C#N)cn2n1	Sex	Female	-0.00446
Cc1cc2ncc(C(=O)NCC(C)(C)NCC(=O)N3CCCC3C#N)cn2n1	Age	Children	-0.07494
Cc1cc2ncc(C(=O)NCC(C)(C)NCC(=O)N3CCCC3C#N)cn2n1	Age	Adolescent	-0.02982
Cc1cc2ncc(C(=O)NCC(C)(C)NCC(=O)N3CCCC3C#N)cn2n1	Age	Adult	-0.09618
Cc1cc2ncc(C(=O)NCC(C)(C)NCC(=O)N3CCCC3C#N)cn2n1	Age	Elderly	-0.14779
Cc1cc2ncc(C(=O)NCC(C)(C)NCC(=O)N3CCCC3C#N)cn2n1	Weight	Low	-0.17897
Cc1cc2ncc(C(=O)NCC(C)(C)NCC(=O)N3CCCC3C#N)cn2n1	Weight	Average	-0.1551
Cc1cc2ncc(C(=O)NCC(C)(C)NCC(=O)N3CCCC3C#N)cn2n1	Weight	High	-0.18705
CC(C)(O)c1cc(Nc2cc(Oc3cn(C4CC4)nc3C3CCOCC3)ccn2)ccn1	Sex	Male	-0.09274
CC(C)(O)c1cc(Nc2cc(Oc3cn(C4CC4)nc3C3CCOCC3)ccn2)ccn1	Sex	Female	-0.00273
CC(C)(O)c1cc(Nc2cc(Oc3cn(C4CC4)nc3C3CCOCC3)ccn2)ccn1	Age	Children	-0.06901
CC(C)(O)c1cc(Nc2cc(Oc3cn(C4CC4)nc3C3CCOCC3)ccn2)ccn1	Age	Adolescent	-0.01242
CC(C)(O)c1cc(Nc2cc(Oc3cn(C4CC4)nc3C3CCOCC3)ccn2)ccn1	Age	Adult	-0.04158
CC(C)(O)c1cc(Nc2cc(Oc3cn(C4CC4)nc3C3CCOCC3)ccn2)ccn1	Age	Elderly	-0.1568
CC(C)(O)c1cc(Nc2cc(Oc3cn(C4CC4)nc3C3CCOCC3)ccn2)ccn1	Weight	Low	-0.126
CC(C)(O)c1cc(Nc2cc(Oc3cn(C4CC4)nc3C3CCOCC3)ccn2)ccn1	Weight	Average	-0.08402
CC(C)(O)c1cc(Nc2cc(Oc3cn(C4CC4)nc3C3CCOCC3)ccn2)ccn1	Weight	High	-0.16462
CC(C)NCC(O)c1cc(O)cc(O)c1	Sex	Male	-0.06407
CC(C)NCC(O)c1cc(O)cc(O)c1	Sex	Female	-0.00027
CC(C)NCC(O)c1cc(O)cc(O)c1	Age	Children	-0.04583
CC(C)NCC(O)c1cc(O)cc(O)c1	Age	Adolescent	-0.00915
CC(C)NCC(O)c1cc(O)cc(O)c1	Age	Adult	-0.00589
CC(C)NCC(O)c1cc(O)cc(O)c1	Age	Elderly	-0.08737
CC(C)NCC(O)c1cc(O)cc(O)c1	Weight	Low	-0.12907
CC(C)NCC(O)c1cc(O)cc(O)c1	Weight	Average	-0.13751
CC(C)NCC(O)c1cc(O)cc(O)c1	Weight	High	-0.18185
CC(C)O	Sex	Male	-0.14708
CC(C)O	Sex	Female	-0.00249
CC(C)O	Age	Children	-0.08739
CC(C)O	Age	Adolescent	-0.03784
CC(C)O	Age	Adult	-0.07387
CC(C)O	Age	Elderly	-0.25132
CC(C)O	Weight	Low	-0.15388
CC(C)O	Weight	Average	-0.25277
CC(C)O	Weight	High	-0.26334
CC(C)OC(=O)C(C)(C)Oc1ccc(C(=O)c2ccc(Cl)cc2)cc1	Sex	Male	-0.10335
CC(C)OC(=O)C(C)(C)Oc1ccc(C(=O)c2ccc(Cl)cc2)cc1	Sex	Female	-0.00228
CC(C)OC(=O)C(C)(C)Oc1ccc(C(=O)c2ccc(Cl)cc2)cc1	Age	Children	-0.07472
CC(C)OC(=O)C(C)(C)Oc1ccc(C(=O)c2ccc(Cl)cc2)cc1	Age	Adolescent	-0.02365
CC(C)OC(=O)C(C)(C)Oc1ccc(C(=O)c2ccc(Cl)cc2)cc1	Age	Adult	-0.06122
CC(C)OC(=O)C(C)(C)Oc1ccc(C(=O)c2ccc(Cl)cc2)cc1	Age	Elderly	-0.17097
CC(C)OC(=O)C(C)(C)Oc1ccc(C(=O)c2ccc(Cl)cc2)cc1	Weight	Low	-0.11812
CC(C)OC(=O)C(C)(C)Oc1ccc(C(=O)c2ccc(Cl)cc2)cc1	Weight	Average	-0.13169
CC(C)OC(=O)C(C)(C)Oc1ccc(C(=O)c2ccc(Cl)cc2)cc1	Weight	High	-0.15629
CC(CCC(=O)NCCS(=O)(=O)O)C1CCC2C3C(O)CC4CC(O)CCC4(C)C3CCC12C	Sex	Male	-0.0801
CC(CCC(=O)NCCS(=O)(=O)O)C1CCC2C3C(O)CC4CC(O)CCC4(C)C3CCC12C	Sex	Female	0.0
CC(CCC(=O)NCCS(=O)(=O)O)C1CCC2C3C(O)CC4CC(O)CCC4(C)C3CCC12C	Age	Children	-0.05102
CC(CCC(=O)NCCS(=O)(=O)O)C1CCC2C3C(O)CC4CC(O)CCC4(C)C3CCC12C	Age	Adolescent	-0.03145
CC(CCC(=O)NCCS(=O)(=O)O)C1CCC2C3C(O)CC4CC(O)CCC4(C)C3CCC12C	Age	Adult	-0.05378
CC(CCC(=O)NCCS(=O)(=O)O)C1CCC2C3C(O)CC4CC(O)CCC4(C)C3CCC12C	Age	Elderly	-0.15297
CC(CCC(=O)NCCS(=O)(=O)O)C1CCC2C3C(O)CC4CC(O)CCC4(C)C3CCC12C	Weight	Low	-0.14877
CC(CCC(=O)NCCS(=O)(=O)O)C1CCC2C3C(O)CC4CC(O)CCC4(C)C3CCC12C	Weight	Average	-0.11053
CC(CCC(=O)NCCS(=O)(=O)O)C1CCC2C3C(O)CC4CC(O)CCC4(C)C3CCC12C	Weight	High	-0.19983
CC(O)CN	Sex	Male	-0.15709
CC(O)CN	Sex	Female	-0.0045
CC(O)CN	Age	Children	-0.09014
CC(O)CN	Age	Adolescent	-0.03457
CC(O)CN	Age	Adult	-0.07938
CC(O)CN	Age	Elderly	-0.21945
CC(O)CN	Weight	Low	-0.17727
CC(O)CN	Weight	Average	-0.25074
CC(O)CN	Weight	High	-0.29003
CC1CC(=O)NN=C1c1ccc(NN=C(C#N)C#N)cc1	Sex	Male	-0.08723
CC1CC(=O)NN=C1c1ccc(NN=C(C#N)C#N)cc1	Sex	Female	-0.0044
CC1CC(=O)NN=C1c1ccc(NN=C(C#N)C#N)cc1	Age	Children	-0.08813
CC1CC(=O)NN=C1c1ccc(NN=C(C#N)C#N)cc1	Age	Adolescent	-0.03363
CC1CC(=O)NN=C1c1ccc(NN=C(C#N)C#N)cc1	Age	Adult	-0.09039
CC1CC(=O)NN=C1c1ccc(NN=C(C#N)C#N)cc1	Age	Elderly	-0.16833
CC1CC(=O)NN=C1c1ccc(NN=C(C#N)C#N)cc1	Weight	Low	-0.19853
CC1CC(=O)NN=C1c1ccc(NN=C(C#N)C#N)cc1	Weight	Average	-0.16422
CC1CC(=O)NN=C1c1ccc(NN=C(C#N)C#N)cc1	Weight	High	-0.19131
CCC(CO)NCCNC(CC)CO	Sex	Male	-0.07266
CCC(CO)NCCNC(CC)CO	Sex	Female	0.0
CCC(CO)NCCNC(CC)CO	Age	Children	-0.06712
CCC(CO)NCCNC(CC)CO	Age	Adolescent	-0.02326
CCC(CO)NCCNC(CC)CO	Age	Adult	-0.01217
CCC(CO)NCCNC(CC)CO	Age	Elderly	-0.127
CCC(CO)NCCNC(CC)CO	Weight	Low	-0.0902
CCC(CO)NCCNC(CC)CO	Weight	Average	-0.10182
CCC(CO)NCCNC(CC)CO	Weight	High	-0.22131
CCN	Sex	Male	-0.10036
CCN	Sex	Female	-0.00482
CCN	Age	Children	-0.09865
CCN	Age	Adolescent	-0.02935
CCN	Age	Adult	-0.09031
CCN	Age	Elderly	-0.21516
CCN	Weight	Low	-0.14092
CCN	Weight	Average	-0.21867
CCN	Weight	High	-0.26786
CN(C)C1C(=O)C(C(=O)NCN2CCCC2)=C(O)C2(O)C(=O)C3=C(O)c4c(O)cccc4C(C)(O)C3CC12	Sex	Male	-0.05265
CN(C)C1C(=O)C(C(=O)NCN2CCCC2)=C(O)C2(O)C(=O)C3=C(O)c4c(O)cccc4C(C)(O)C3CC12	Sex	Female	-0.0025
CN(C)C1C(=O)C(C(=O)NCN2CCCC2)=C(O)C2(O)C(=O)C3=C(O)c4c(O)cccc4C(C)(O)C3CC12	Age	Children	-0.0737
CN(C)C1C(=O)C(C(=O)NCN2CCCC2)=C(O)C2(O)C(=O)C3=C(O)c4c(O)cccc4C(C)(O)C3CC12	Age	Adolescent	-0.03172
CN(C)C1C(=O)C(C(=O)NCN2CCCC2)=C(O)C2(O)C(=O)C3=C(O)c4c(O)cccc4C(C)(O)C3CC12	Age	Adult	-0.02812
CN(C)C1C(=O)C(C(=O)NCN2CCCC2)=C(O)C2(O)C(=O)C3=C(O)c4c(O)cccc4C(C)(O)C3CC12	Age	Elderly	-0.14144
CN(C)C1C(=O)C(C(=O)NCN2CCCC2)=C(O)C2(O)C(=O)C3=C(O)c4c(O)cccc4C(C)(O)C3CC12	Weight	Low	-0.14058
CN(C)C1C(=O)C(C(=O)NCN2CCCC2)=C(O)C2(O)C(=O)C3=C(O)c4c(O)cccc4C(C)(O)C3CC12	Weight	Average	-0.1256
CN(C)C1C(=O)C(C(=O)NCN2CCCC2)=C(O)C2(O)C(=O)C3=C(O)c4c(O)cccc4C(C)(O)C3CC12	Weight	High	-0.23151
CN(C)CCC(c1ccccc1)c1ccccn1	Sex	Male	-0.11938
CN(C)CCC(c1ccccc1)c1ccccn1	Sex	Female	-0.00111
CN(C)CCC(c1ccccc1)c1ccccn1	Age	Children	-0.07829
CN(C)CCC(c1ccccc1)c1ccccn1	Age	Adolescent	-0.02267
CN(C)CCC(c1ccccc1)c1ccccn1	Age	Adult	-0.04427
CN(C)CCC(c1ccccc1)c1ccccn1	Age	Elderly	-0.22729
CN(C)CCC(c1ccccc1)c1ccccn1	Weight	Low	-0.25424
CN(C)CCC(c1ccccc1)c1ccccn1	Weight	Average	-0.22943
CN(C)CCC(c1ccccc1)c1ccccn1	Weight	High	-0.28216
CNC(=O)c1cc(Oc2ccc(NC(=O)Nc3ccc(Cl)c(C(F)(F)F)c3)cc2)ccn1	Sex	Male	-0.1543
CNC(=O)c1cc(Oc2ccc(NC(=O)Nc3ccc(Cl)c(C(F)(F)F)c3)cc2)ccn1	Sex	Female	-0.00265
CNC(=O)c1cc(Oc2ccc(NC(=O)Nc3ccc(Cl)c(C(F)(F)F)c3)cc2)ccn1	Age	Children	-0.08285
CNC(=O)c1cc(Oc2ccc(NC(=O)Nc3ccc(Cl)c(C(F)(F)F)c3)cc2)ccn1	Age	Adolescent	-0.02578
CNC(=O)c1cc(Oc2ccc(NC(=O)Nc3ccc(Cl)c(C(F)(F)F)c3)cc2)ccn1	Age	Adult	-0.02819
CNC(=O)c1cc(Oc2ccc(NC(=O)Nc3ccc(Cl)c(C(F)(F)F)c3)cc2)ccn1	Age	Elderly	-0.12759
CNC(=O)c1cc(Oc2ccc(NC(=O)Nc3ccc(Cl)c(C(F)(F)F)c3)cc2)ccn1	Weight	Low	-0.07622
CNC(=O)c1cc(Oc2ccc(NC(=O)Nc3ccc(Cl)c(C(F)(F)F)c3)cc2)ccn1	Weight	Average	-0.08895
CNC(=O)c1cc(Oc2ccc(NC(=O)Nc3ccc(Cl)c(C(F)(F)F)c3)cc2)ccn1	Weight	High	-0.11042
COc1ccc(CC(C)(C)NCC(O)c2cc(O)cc3c2OCC(=O)N3)cc1	Sex	Male	-0.04131
COc1ccc(CC(C)(C)NCC(O)c2cc(O)cc3c2OCC(=O)N3)cc1	Sex	Female	0.0
COc1ccc(CC(C)(C)NCC(O)c2cc(O)cc3c2OCC(=O)N3)cc1	Age	Children	-0.0877
COc1ccc(CC(C)(C)NCC(O)c2cc(O)cc3c2OCC(=O)N3)cc1	Age	Adolescent	-0.01722
COc1ccc(CC(C)(C)NCC(O)c2cc(O)cc3c2OCC(=O)N3)cc1	Age	Adult	-0.04063
COc1ccc(CC(C)(C)NCC(O)c2cc(O)cc3c2OCC(=O)N3)cc1	Age	Elderly	-0.15702
COc1ccc(CC(C)(C)NCC(O)c2cc(O)cc3c2OCC(=O)N3)cc1	Weight	Low	-0.1687
COc1ccc(CC(C)(C)NCC(O)c2cc(O)cc3c2OCC(=O)N3)cc1	Weight	Average	-0.23478
COc1ccc(CC(C)(C)NCC(O)c2cc(O)cc3c2OCC(=O)N3)cc1	Weight	High	-0.24869
COc1ccc2c3c1OC1C(=O)CCC4(O)C(C2)NCCC314	Sex	Male	-0.13415
COc1ccc2c3c1OC1C(=O)CCC4(O)C(C2)NCCC314	Sex	Female	0.00046
COc1ccc2c3c1OC1C(=O)CCC4(O)C(C2)NCCC314	Age	Children	-0.10104
COc1ccc2c3c1OC1C(=O)CCC4(O)C(C2)NCCC314	Age	Adolescent	-0.03297
COc1ccc2c3c1OC1C(=O)CCC4(O)C(C2)NCCC314	Age	Adult	-0.053
COc1ccc2c3c1OC1C(=O)CCC4(O)C(C2)NCCC314	Age	Elderly	-0.22844
COc1ccc2c3c1OC1C(=O)CCC4(O)C(C2)NCCC314	Weight	Low	-0.26601
COc1ccc2c3c1OC1C(=O)CCC4(O)C(C2)NCCC314	Weight	Average	-0.23666
COc1ccc2c3c1OC1C(=O)CCC4(O)C(C2)NCCC314	Weight	High	-0.33504
COc1ccnc(CS(=O)c2nc3ccc(OC(F)F)cc3[nH]2)c1OC	Sex	Male	-0.07875
COc1ccnc(CS(=O)c2nc3ccc(OC(F)F)cc3[nH]2)c1OC	Sex	Female	0.0
COc1ccnc(CS(=O)c2nc3ccc(OC(F)F)cc3[nH]2)c1OC	Age	Children	-0.07363
COc1ccnc(CS(=O)c2nc3ccc(OC(F)F)cc3[nH]2)c1OC	Age	Adolescent	-0.01966
COc1ccnc(CS(=O)c2nc3ccc(OC(F)F)cc3[nH]2)c1OC	Age	Adult	-0.06004
COc1ccnc(CS(=O)c2nc3ccc(OC(F)F)cc3[nH]2)c1OC	Age	Elderly	-0.16299
COc1ccnc(CS(=O)c2nc3ccc(OC(F)F)cc3[nH]2)c1OC	Weight	Low	-0.11677
COc1ccnc(CS(=O)c2nc3ccc(OC(F)F)cc3[nH]2)c1OC	Weight	Average	-0.1241
COc1ccnc(CS(=O)c2nc3ccc(OC(F)F)cc3[nH]2)c1OC	Weight	High	-0.14719
NC(=O)C1CCC2CN1C(=O)N2OS(=O)(=O)O	Sex	Male	-0.08447
NC(=O)C1CCC2CN1C(=O)N2OS(=O)(=O)O	Sex	Female	-0.002
NC(=O)C1CCC2CN1C(=O)N2OS(=O)(=O)O	Age	Children	-0.08503
NC(=O)C1CCC2CN1C(=O)N2OS(=O)(=O)O	Age	Adolescent	-0.02364
NC(=O)C1CCC2CN1C(=O)N2OS(=O)(=O)O	Age	Adult	-0.07102
NC(=O)C1CCC2CN1C(=O)N2OS(=O)(=O)O	Age	Elderly	-0.18548
NC(=O)C1CCC2CN1C(=O)N2OS(=O)(=O)O	Weight	Low	-0.17505
NC(=O)C1CCC2CN1C(=O)N2OS(=O)(=O)O	Weight	Average	-0.15755
NC(=O)C1CCC2CN1C(=O)N2OS(=O)(=O)O	Weight	High	-0.21389
O=C([O-])C(O)C(O)C(O)C(O)CO	Sex	Male	-0.08102
O=C([O-])C(O)C(O)C(O)C(O)CO	Sex	Female	-0.0005
O=C([O-])C(O)C(O)C(O)C(O)CO	Age	Children	-0.06862
O=C([O-])C(O)C(O)C(O)C(O)CO	Age	Adolescent	-0.03164
O=C([O-])C(O)C(O)C(O)C(O)CO	Age	Adult	-0.04332
O=C([O-])C(O)C(O)C(O)C(O)CO	Age	Elderly	-0.11778
O=C([O-])C(O)C(O)C(O)C(O)CO	Weight	Low	-0.20004
O=C([O-])C(O)C(O)C(O)C(O)CO	Weight	Average	-0.19291
O=C([O-])C(O)C(O)C(O)C(O)CO	Weight	High	-0.1889
O=C1NOCC1N=Cc1ccc(C=NC2CONC2=O)cc1	Sex	Male	-0.11216
O=C1NOCC1N=Cc1ccc(C=NC2CONC2=O)cc1	Sex	Female	0.00021
O=C1NOCC1N=Cc1ccc(C=NC2CONC2=O)cc1	Age	Children	-0.10124
O=C1NOCC1N=Cc1ccc(C=NC2CONC2=O)cc1	Age	Adolescent	-0.03605
O=C1NOCC1N=Cc1ccc(C=NC2CONC2=O)cc1	Age	Adult	-0.09124
O=C1NOCC1N=Cc1ccc(C=NC2CONC2=O)cc1	Age	Elderly	-0.21449
O=C1NOCC1N=Cc1ccc(C=NC2CONC2=O)cc1	Weight	Low	-0.2131
O=C1NOCC1N=Cc1ccc(C=NC2CONC2=O)cc1	Weight	Average	-0.16514
O=C1NOCC1N=Cc1ccc(C=NC2CONC2=O)cc1	Weight	High	-0.23507
OCC(O)C(O)C(O)CO	Sex	Male	-0.10289
OCC(O)C(O)C(O)CO	Sex	Female	-0.0015
OCC(O)C(O)C(O)CO	Age	Children	-0.05449
OCC(O)C(O)C(O)CO	Age	Adolescent	-0.02106
OCC(O)C(O)C(O)CO	Age	Adult	-0.0258
OCC(O)C(O)C(O)CO	Age	Elderly	-0.14582
OCC(O)C(O)C(O)CO	Weight	Low	-0.14401
OCC(O)C(O)C(O)CO	Weight	Average	-0.18451
OCC(O)C(O)C(O)CO	Weight	High	-0.19457
CC12CCC(CC1=O)C2(C)C	Sex	Male	-0.1196
CC12CCC(CC1=O)C2(C)C	Sex	Female	-0.00289
CC12CCC(CC1=O)C2(C)C	Age	Children	-0.08522
CC12CCC(CC1=O)C2(C)C	Age	Adolescent	-0.0302
CC12CCC(CC1=O)C2(C)C	Age	Adult	-0.11443
CC12CCC(CC1=O)C2(C)C	Age	Elderly	-0.22905
CC12CCC(CC1=O)C2(C)C	Weight	Low	-0.17305
CC12CCC(CC1=O)C2(C)C	Weight	Average	-0.25221
CC12CCC(CC1=O)C2(C)C	Weight	High	-0.26314
CCC1OC(=O)C(C)C(OC2CC(C)(OC)C(O)C(C)O2)C(C)C(OC2OC(C)CC(N(C)C)C2O)C(C)(O)CC(C)CN(C)C(C)C(O)C1(C)O	Sex	Male	-0.03538
CCC1OC(=O)C(C)C(OC2CC(C)(OC)C(O)C(C)O2)C(C)C(OC2OC(C)CC(N(C)C)C2O)C(C)(O)CC(C)CN(C)C(C)C(O)C1(C)O	Sex	Female	-0.00288
CCC1OC(=O)C(C)C(OC2CC(C)(OC)C(O)C(C)O2)C(C)C(OC2OC(C)CC(N(C)C)C2O)C(C)(O)CC(C)CN(C)C(C)C(O)C1(C)O	Age	Children	-0.03812
CCC1OC(=O)C(C)C(OC2CC(C)(OC)C(O)C(C)O2)C(C)C(OC2OC(C)CC(N(C)C)C2O)C(C)(O)CC(C)CN(C)C(C)C(O)C1(C)O	Age	Adolescent	-0.02786
CCC1OC(=O)C(C)C(OC2CC(C)(OC)C(O)C(C)O2)C(C)C(OC2OC(C)CC(N(C)C)C2O)C(C)(O)CC(C)CN(C)C(C)C(O)C1(C)O	Age	Adult	-0.04089
CCC1OC(=O)C(C)C(OC2CC(C)(OC)C(O)C(C)O2)C(C)C(OC2OC(C)CC(N(C)C)C2O)C(C)(O)CC(C)CN(C)C(C)C(O)C1(C)O	Age	Elderly	-0.10825
CCC1OC(=O)C(C)C(OC2CC(C)(OC)C(O)C(C)O2)C(C)C(OC2OC(C)CC(N(C)C)C2O)C(C)(O)CC(C)CN(C)C(C)C(O)C1(C)O	Weight	Low	-0.08209
CCC1OC(=O)C(C)C(OC2CC(C)(OC)C(O)C(C)O2)C(C)C(OC2OC(C)CC(N(C)C)C2O)C(C)(O)CC(C)CN(C)C(C)C(O)C1(C)O	Weight	Average	-0.09694
CCC1OC(=O)C(C)C(OC2CC(C)(OC)C(O)C(C)O2)C(C)C(OC2OC(C)CC(N(C)C)C2O)C(C)(O)CC(C)CN(C)C(C)C(O)C1(C)O	Weight	High	-0.11627
CNS(=O)(=O)Cc1ccc2[nH]cc(CCN(C)C)c2c1	Sex	Male	-0.08525
CNS(=O)(=O)Cc1ccc2[nH]cc(CCN(C)C)c2c1	Sex	Female	0.0
CNS(=O)(=O)Cc1ccc2[nH]cc(CCN(C)C)c2c1	Age	Children	-0.08349
CNS(=O)(=O)Cc1ccc2[nH]cc(CCN(C)C)c2c1	Age	Adolescent	-0.02728
CNS(=O)(=O)Cc1ccc2[nH]cc(CCN(C)C)c2c1	Age	Adult	-0.08999
CNS(=O)(=O)Cc1ccc2[nH]cc(CCN(C)C)c2c1	Age	Elderly	-0.2536
CNS(=O)(=O)Cc1ccc2[nH]cc(CCN(C)C)c2c1	Weight	Low	-0.28039
CNS(=O)(=O)Cc1ccc2[nH]cc(CCN(C)C)c2c1	Weight	Average	-0.14719
CNS(=O)(=O)Cc1ccc2[nH]cc(CCN(C)C)c2c1	Weight	High	-0.23448
Oc1ccc2c3c1OC1C(O)CCC4(O)C(C2)N(CC2CCC2)CCC314	Sex	Male	-0.14544
Oc1ccc2c3c1OC1C(O)CCC4(O)C(C2)N(CC2CCC2)CCC314	Sex	Female	-0.00111
Oc1ccc2c3c1OC1C(O)CCC4(O)C(C2)N(CC2CCC2)CCC314	Age	Children	-0.08585
Oc1ccc2c3c1OC1C(O)CCC4(O)C(C2)N(CC2CCC2)CCC314	Age	Adolescent	-0.03738
Oc1ccc2c3c1OC1C(O)CCC4(O)C(C2)N(CC2CCC2)CCC314	Age	Adult	-0.0762
Oc1ccc2c3c1OC1C(O)CCC4(O)C(C2)N(CC2CCC2)CCC314	Age	Elderly	-0.27677
Oc1ccc2c3c1OC1C(O)CCC4(O)C(C2)N(CC2CCC2)CCC314	Weight	Low	-0.27294
Oc1ccc2c3c1OC1C(O)CCC4(O)C(C2)N(CC2CCC2)CCC314	Weight	Average	-0.21123
Oc1ccc2c3c1OC1C(O)CCC4(O)C(C2)N(CC2CCC2)CCC314	Weight	High	-0.40149
CCC1C(C)=NN=C(c2ccc(OC)c(OC)c2)c2cc(OC)c(OC)cc21	Sex	Male	-0.08306
CCC1C(C)=NN=C(c2ccc(OC)c(OC)c2)c2cc(OC)c(OC)cc21	Sex	Female	-0.00032
CCC1C(C)=NN=C(c2ccc(OC)c(OC)c2)c2cc(OC)c(OC)cc21	Age	Children	-0.05724
CCC1C(C)=NN=C(c2ccc(OC)c(OC)c2)c2cc(OC)c(OC)cc21	Age	Adolescent	-0.01582
CCC1C(C)=NN=C(c2ccc(OC)c(OC)c2)c2cc(OC)c(OC)cc21	Age	Adult	-0.04785
CCC1C(C)=NN=C(c2ccc(OC)c(OC)c2)c2cc(OC)c(OC)cc21	Age	Elderly	-0.15668
CCC1C(C)=NN=C(c2ccc(OC)c(OC)c2)c2cc(OC)c(OC)cc21	Weight	Low	-0.12431
CCC1C(C)=NN=C(c2ccc(OC)c(OC)c2)c2cc(OC)c(OC)cc21	Weight	Average	-0.12087
CCC1C(C)=NN=C(c2ccc(OC)c(OC)c2)c2cc(OC)c(OC)cc21	Weight	High	-0.11586
CN(C)CCC(c1ccc(Cl)cc1)c1ccccn1	Sex	Male	-0.12949
CN(C)CCC(c1ccc(Cl)cc1)c1ccccn1	Sex	Female	-0.00192
CN(C)CCC(c1ccc(Cl)cc1)c1ccccn1	Age	Children	-0.09703
CN(C)CCC(c1ccc(Cl)cc1)c1ccccn1	Age	Adolescent	-0.02117
CN(C)CCC(c1ccc(Cl)cc1)c1ccccn1	Age	Adult	-0.04627
CN(C)CCC(c1ccc(Cl)cc1)c1ccccn1	Age	Elderly	-0.26937
CN(C)CCC(c1ccc(Cl)cc1)c1ccccn1	Weight	Low	-0.25824
CN(C)CCC(c1ccc(Cl)cc1)c1ccccn1	Weight	Average	-0.24142
CN(C)CCC(c1ccc(Cl)cc1)c1ccccn1	Weight	High	-0.25063
CN(C)CCOC(c1ccc(Cl)cc1)c1ccccn1	Sex	Male	-0.14235
CN(C)CCOC(c1ccc(Cl)cc1)c1ccccn1	Sex	Female	-0.00156
CN(C)CCOC(c1ccc(Cl)cc1)c1ccccn1	Age	Children	-0.06102
CN(C)CCOC(c1ccc(Cl)cc1)c1ccccn1	Age	Adolescent	-0.02018
CN(C)CCOC(c1ccc(Cl)cc1)c1ccccn1	Age	Adult	-0.04856
CN(C)CCOC(c1ccc(Cl)cc1)c1ccccn1	Age	Elderly	-0.27408
CN(C)CCOC(c1ccc(Cl)cc1)c1ccccn1	Weight	Low	-0.1919
CN(C)CCOC(c1ccc(Cl)cc1)c1ccccn1	Weight	Average	-0.19267
CN(C)CCOC(c1ccc(Cl)cc1)c1ccccn1	Weight	High	-0.2113
CNC(=O)c1cc(Oc2ccc(NC(=O)Nc3ccc(Cl)c(C(F)(F)F)c3)c(F)c2)ccn1	Sex	Male	-0.13174
CNC(=O)c1cc(Oc2ccc(NC(=O)Nc3ccc(Cl)c(C(F)(F)F)c3)c(F)c2)ccn1	Sex	Female	-0.00285
CNC(=O)c1cc(Oc2ccc(NC(=O)Nc3ccc(Cl)c(C(F)(F)F)c3)c(F)c2)ccn1	Age	Children	-0.08788
CNC(=O)c1cc(Oc2ccc(NC(=O)Nc3ccc(Cl)c(C(F)(F)F)c3)c(F)c2)ccn1	Age	Adolescent	-0.02629
CNC(=O)c1cc(Oc2ccc(NC(=O)Nc3ccc(Cl)c(C(F)(F)F)c3)c(F)c2)ccn1	Age	Adult	-0.03182
CNC(=O)c1cc(Oc2ccc(NC(=O)Nc3ccc(Cl)c(C(F)(F)F)c3)c(F)c2)ccn1	Age	Elderly	-0.13119
CNC(=O)c1cc(Oc2ccc(NC(=O)Nc3ccc(Cl)c(C(F)(F)F)c3)c(F)c2)ccn1	Weight	Low	-0.06386
CNC(=O)c1cc(Oc2ccc(NC(=O)Nc3ccc(Cl)c(C(F)(F)F)c3)c(F)c2)ccn1	Weight	Average	-0.07759
CNC(=O)c1cc(Oc2ccc(NC(=O)Nc3ccc(Cl)c(C(F)(F)F)c3)c(F)c2)ccn1	Weight	High	-0.11857
COC(=O)C1CC2=CC(=O)CCC2(C)C23OC2CC2(C)C(CCC24CCC(=O)O4)C13	Sex	Male	-0.05482
COC(=O)C1CC2=CC(=O)CCC2(C)C23OC2CC2(C)C(CCC24CCC(=O)O4)C13	Sex	Female	-0.00288
COC(=O)C1CC2=CC(=O)CCC2(C)C23OC2CC2(C)C(CCC24CCC(=O)O4)C13	Age	Children	-0.10086
COC(=O)C1CC2=CC(=O)CCC2(C)C23OC2CC2(C)C(CCC24CCC(=O)O4)C13	Age	Adolescent	-0.03163
COC(=O)C1CC2=CC(=O)CCC2(C)C23OC2CC2(C)C(CCC24CCC(=O)O4)C13	Age	Adult	-0.12661
COC(=O)C1CC2=CC(=O)CCC2(C)C23OC2CC2(C)C(CCC24CCC(=O)O4)C13	Age	Elderly	-0.17925
COC(=O)C1CC2=CC(=O)CCC2(C)C23OC2CC2(C)C(CCC24CCC(=O)O4)C13	Weight	Low	-0.21097
COC(=O)C1CC2=CC(=O)CCC2(C)C23OC2CC2(C)C(CCC24CCC(=O)O4)C13	Weight	Average	-0.14288
COC(=O)C1CC2=CC(=O)CCC2(C)C23OC2CC2(C)C(CCC24CCC(=O)O4)C13	Weight	High	-0.13829
C#Cc1cccc(Nc2ncnc3cc(OCCOC)c(OCCOC)cc23)c1	Sex	Male	-0.05745
C#Cc1cccc(Nc2ncnc3cc(OCCOC)c(OCCOC)cc23)c1	Sex	Female	-0.00126
C#Cc1cccc(Nc2ncnc3cc(OCCOC)c(OCCOC)cc23)c1	Age	Children	-0.07459
C#Cc1cccc(Nc2ncnc3cc(OCCOC)c(OCCOC)cc23)c1	Age	Adolescent	-0.00808
C#Cc1cccc(Nc2ncnc3cc(OCCOC)c(OCCOC)cc23)c1	Age	Adult	-0.05739
C#Cc1cccc(Nc2ncnc3cc(OCCOC)c(OCCOC)cc23)c1	Age	Elderly	-0.13623
C#Cc1cccc(Nc2ncnc3cc(OCCOC)c(OCCOC)cc23)c1	Weight	Low	-0.08345
C#Cc1cccc(Nc2ncnc3cc(OCCOC)c(OCCOC)cc23)c1	Weight	Average	-0.11142
C#Cc1cccc(Nc2ncnc3cc(OCCOC)c(OCCOC)cc23)c1	Weight	High	-0.13906
C=CC(=O)Nc1cc(Nc2nccc(-c3cn(C)c4ccccc34)n2)c(OC)cc1N(C)CCN(C)C	Sex	Male	-0.08439
C=CC(=O)Nc1cc(Nc2nccc(-c3cn(C)c4ccccc34)n2)c(OC)cc1N(C)CCN(C)C	Sex	Female	0.0
C=CC(=O)Nc1cc(Nc2nccc(-c3cn(C)c4ccccc34)n2)c(OC)cc1N(C)CCN(C)C	Age	Children	-0.06181
C=CC(=O)Nc1cc(Nc2nccc(-c3cn(C)c4ccccc34)n2)c(OC)cc1N(C)CCN(C)C	Age	Adolescent	-0.03162
C=CC(=O)Nc1cc(Nc2nccc(-c3cn(C)c4ccccc34)n2)c(OC)cc1N(C)CCN(C)C	Age	Adult	-0.09957
C=CC(=O)Nc1cc(Nc2nccc(-c3cn(C)c4ccccc34)n2)c(OC)cc1N(C)CCN(C)C	Age	Elderly	-0.18352
C=CC(=O)Nc1cc(Nc2nccc(-c3cn(C)c4ccccc34)n2)c(OC)cc1N(C)CCN(C)C	Weight	Low	-0.11559
C=CC(=O)Nc1cc(Nc2nccc(-c3cn(C)c4ccccc34)n2)c(OC)cc1N(C)CCN(C)C	Weight	Average	-0.09395
C=CC(=O)Nc1cc(Nc2nccc(-c3cn(C)c4ccccc34)n2)c(OC)cc1N(C)CCN(C)C	Weight	High	-0.18279
CC(C)(C)NC(=O)C1CCC2C3CCC4NC(=O)C=CC4(C)C3CCC12C	Sex	Male	-0.13392
CC(C)(C)NC(=O)C1CCC2C3CCC4NC(=O)C=CC4(C)C3CCC12C	Sex	Female	-0.00285
CC(C)(C)NC(=O)C1CCC2C3CCC4NC(=O)C=CC4(C)C3CCC12C	Age	Children	-0.08566
CC(C)(C)NC(=O)C1CCC2C3CCC4NC(=O)C=CC4(C)C3CCC12C	Age	Adolescent	-0.02354
CC(C)(C)NC(=O)C1CCC2C3CCC4NC(=O)C=CC4(C)C3CCC12C	Age	Adult	-0.06144
CC(C)(C)NC(=O)C1CCC2C3CCC4NC(=O)C=CC4(C)C3CCC12C	Age	Elderly	-0.18629
CC(C)(C)NC(=O)C1CCC2C3CCC4NC(=O)C=CC4(C)C3CCC12C	Weight	Low	-0.13102
CC(C)(C)NC(=O)C1CCC2C3CCC4NC(=O)C=CC4(C)C3CCC12C	Weight	Average	-0.16056
CC(C)(C)NC(=O)C1CCC2C3CCC4NC(=O)C=CC4(C)C3CCC12C	Weight	High	-0.23793
CC(C)C1OC(=O)C(C(C)C)N(C)C(=O)C(C(C)C)OC(=O)C(C(C)C)N(C)C(=O)C(C(C)C)OC(=O)C(C(C)C)N(C)C1=O	Sex	Male	-0.05204
CC(C)C1OC(=O)C(C(C)C)N(C)C(=O)C(C(C)C)OC(=O)C(C(C)C)N(C)C(=O)C(C(C)C)OC(=O)C(C(C)C)N(C)C1=O	Sex	Female	-0.00141
CC(C)C1OC(=O)C(C(C)C)N(C)C(=O)C(C(C)C)OC(=O)C(C(C)C)N(C)C(=O)C(C(C)C)OC(=O)C(C(C)C)N(C)C1=O	Age	Children	-0.065
CC(C)C1OC(=O)C(C(C)C)N(C)C(=O)C(C(C)C)OC(=O)C(C(C)C)N(C)C(=O)C(C(C)C)OC(=O)C(C(C)C)N(C)C1=O	Age	Adolescent	-0.01303
CC(C)C1OC(=O)C(C(C)C)N(C)C(=O)C(C(C)C)OC(=O)C(C(C)C)N(C)C(=O)C(C(C)C)OC(=O)C(C(C)C)N(C)C1=O	Age	Adult	-0.05946
CC(C)C1OC(=O)C(C(C)C)N(C)C(=O)C(C(C)C)OC(=O)C(C(C)C)N(C)C(=O)C(C(C)C)OC(=O)C(C(C)C)N(C)C1=O	Age	Elderly	-0.12554
CC(C)C1OC(=O)C(C(C)C)N(C)C(=O)C(C(C)C)OC(=O)C(C(C)C)N(C)C(=O)C(C(C)C)OC(=O)C(C(C)C)N(C)C1=O	Weight	Low	-0.09612
CC(C)C1OC(=O)C(C(C)C)N(C)C(=O)C(C(C)C)OC(=O)C(C(C)C)N(C)C(=O)C(C(C)C)OC(=O)C(C(C)C)N(C)C1=O	Weight	Average	-0.09967
CC(C)C1OC(=O)C(C(C)C)N(C)C(=O)C(C(C)C)OC(=O)C(C(C)C)N(C)C(=O)C(C(C)C)OC(=O)C(C(C)C)N(C)C1=O	Weight	High	-0.09007
CC(C)CCCC(C)C1CCC2C3CC=C4CC(O)CCC4(C)C3CCC12C	Sex	Male	-0.09875
CC(C)CCCC(C)C1CCC2C3CC=C4CC(O)CCC4(C)C3CCC12C	Sex	Female	-0.00226
CC(C)CCCC(C)C1CCC2C3CC=C4CC(O)CCC4(C)C3CCC12C	Age	Children	-0.08514
CC(C)CCCC(C)C1CCC2C3CC=C4CC(O)CCC4(C)C3CCC12C	Age	Adolescent	-0.02116
CC(C)CCCC(C)C1CCC2C3CC=C4CC(O)CCC4(C)C3CCC12C	Age	Adult	-0.04634
CC(C)CCCC(C)C1CCC2C3CC=C4CC(O)CCC4(C)C3CCC12C	Age	Elderly	-0.15276
CC(C)CCCC(C)C1CCC2C3CC=C4CC(O)CCC4(C)C3CCC12C	Weight	Low	-0.19158
CC(C)CCCC(C)C1CCC2C3CC=C4CC(O)CCC4(C)C3CCC12C	Weight	Average	-0.21506
CC(C)CCCC(C)C1CCC2C3CC=C4CC(O)CCC4(C)C3CCC12C	Weight	High	-0.23381
CC(C)OC(=O)OCOP(=O)(COC(C)Cn1cnc2c(N)ncnc21)OCOC(=O)OC(C)C	Sex	Male	-0.03205
CC(C)OC(=O)OCOP(=O)(COC(C)Cn1cnc2c(N)ncnc21)OCOC(=O)OC(C)C	Sex	Female	-0.00221
CC(C)OC(=O)OCOP(=O)(COC(C)Cn1cnc2c(N)ncnc21)OCOC(=O)OC(C)C	Age	Children	-0.07327
CC(C)OC(=O)OCOP(=O)(COC(C)Cn1cnc2c(N)ncnc21)OCOC(=O)OC(C)C	Age	Adolescent	-0.01284
CC(C)OC(=O)OCOP(=O)(COC(C)Cn1cnc2c(N)ncnc21)OCOC(=O)OC(C)C	Age	Adult	-0.04846
CC(C)OC(=O)OCOP(=O)(COC(C)Cn1cnc2c(N)ncnc21)OCOC(=O)OC(C)C	Age	Elderly	-0.11436
CC(C)OC(=O)OCOP(=O)(COC(C)Cn1cnc2c(N)ncnc21)OCOC(=O)OC(C)C	Weight	Low	-0.12926
CC(C)OC(=O)OCOP(=O)(COC(C)Cn1cnc2c(N)ncnc21)OCOC(=O)OC(C)C	Weight	Average	-0.09776
CC(C)OC(=O)OCOP(=O)(COC(C)Cn1cnc2c(N)ncnc21)OCOC(=O)OC(C)C	Weight	High	-0.10045
CC(C)c1nc(CN(C)C(=O)NC(C(=O)NC(Cc2ccccc2)CC(O)C(Cc2ccccc2)NC(=O)OCc2cncs2)C(C)C)cs1	Sex	Male	-0.06804
CC(C)c1nc(CN(C)C(=O)NC(C(=O)NC(Cc2ccccc2)CC(O)C(Cc2ccccc2)NC(=O)OCc2cncs2)C(C)C)cs1	Sex	Female	-0.00395
CC(C)c1nc(CN(C)C(=O)NC(C(=O)NC(Cc2ccccc2)CC(O)C(Cc2ccccc2)NC(=O)OCc2cncs2)C(C)C)cs1	Age	Children	-0.09212
CC(C)c1nc(CN(C)C(=O)NC(C(=O)NC(Cc2ccccc2)CC(O)C(Cc2ccccc2)NC(=O)OCc2cncs2)C(C)C)cs1	Age	Adolescent	-0.03173
CC(C)c1nc(CN(C)C(=O)NC(C(=O)NC(Cc2ccccc2)CC(O)C(Cc2ccccc2)NC(=O)OCc2cncs2)C(C)C)cs1	Age	Adult	-0.05777
CC(C)c1nc(CN(C)C(=O)NC(C(=O)NC(Cc2ccccc2)CC(O)C(Cc2ccccc2)NC(=O)OCc2cncs2)C(C)C)cs1	Age	Elderly	-0.18181
CC(C)c1nc(CN(C)C(=O)NC(C(=O)NC(Cc2ccccc2)CC(O)C(Cc2ccccc2)NC(=O)OCc2cncs2)C(C)C)cs1	Weight	Low	-0.1843
CC(C)c1nc(CN(C)C(=O)NC(C(=O)NC(Cc2ccccc2)CC(O)C(Cc2ccccc2)NC(=O)OCc2cncs2)C(C)C)cs1	Weight	Average	-0.09819
CC(C)c1nc(CN(C)C(=O)NC(C(=O)NC(Cc2ccccc2)CC(O)C(Cc2ccccc2)NC(=O)OCc2cncs2)C(C)C)cs1	Weight	High	-0.17541
CC1(C)NC(=O)N(c2ccc([N+](=O)[O-])c(C(F)(F)F)c2)C1=O	Sex	Male	-0.11423
CC1(C)NC(=O)N(c2ccc([N+](=O)[O-])c(C(F)(F)F)c2)C1=O	Sex	Female	-0.00287
CC1(C)NC(=O)N(c2ccc([N+](=O)[O-])c(C(F)(F)F)c2)C1=O	Age	Children	-0.09942
CC1(C)NC(=O)N(c2ccc([N+](=O)[O-])c(C(F)(F)F)c2)C1=O	Age	Adolescent	-0.02587
CC1(C)NC(=O)N(c2ccc([N+](=O)[O-])c(C(F)(F)F)c2)C1=O	Age	Adult	-0.07322
CC1(C)NC(=O)N(c2ccc([N+](=O)[O-])c(C(F)(F)F)c2)C1=O	Age	Elderly	-0.20134
CC1(C)NC(=O)N(c2ccc([N+](=O)[O-])c(C(F)(F)F)c2)C1=O	Weight	Low	-0.10095
CC1(C)NC(=O)N(c2ccc([N+](=O)[O-])c(C(F)(F)F)c2)C1=O	Weight	Average	-0.14955
CC1(C)NC(=O)N(c2ccc([N+](=O)[O-])c(C(F)(F)F)c2)C1=O	Weight	High	-0.20419
CC12CCC(O)CC1=CCC1C2CCC2(C)C(c3cccnc3)=CCC12	Sex	Male	-0.13486
CC12CCC(O)CC1=CCC1C2CCC2(C)C(c3cccnc3)=CCC12	Sex	Female	-0.0048
CC12CCC(O)CC1=CCC1C2CCC2(C)C(c3cccnc3)=CCC12	Age	Children	-0.10351
CC12CCC(O)CC1=CCC1C2CCC2(C)C(c3cccnc3)=CCC12	Age	Adolescent	-0.02628
CC12CCC(O)CC1=CCC1C2CCC2(C)C(c3cccnc3)=CCC12	Age	Adult	-0.08239
CC12CCC(O)CC1=CCC1C2CCC2(C)C(c3cccnc3)=CCC12	Age	Elderly	-0.19139
CC12CCC(O)CC1=CCC1C2CCC2(C)C(c3cccnc3)=CCC12	Weight	Low	-0.21315
CC12CCC(O)CC1=CCC1C2CCC2(C)C(c3cccnc3)=CCC12	Weight	Average	-0.168
CC12CCC(O)CC1=CCC1C2CCC2(C)C(c3cccnc3)=CCC12	Weight	High	-0.1943
CCCC(NC1CCc2cc(F)cc(F)c2C1)C(=O)Nc1cn(C(C)(C)CNCC(C)(C)C)cn1	Sex	Male	-0.1284
CCCC(NC1CCc2cc(F)cc(F)c2C1)C(=O)Nc1cn(C(C)(C)CNCC(C)(C)C)cn1	Sex	Female	-0.00283
CCCC(NC1CCc2cc(F)cc(F)c2C1)C(=O)Nc1cn(C(C)(C)CNCC(C)(C)C)cn1	Age	Children	-0.06688
CCCC(NC1CCc2cc(F)cc(F)c2C1)C(=O)Nc1cn(C(C)(C)CNCC(C)(C)C)cn1	Age	Adolescent	-0.02081
CCCC(NC1CCc2cc(F)cc(F)c2C1)C(=O)Nc1cn(C(C)(C)CNCC(C)(C)C)cn1	Age	Adult	-0.02801
CCCC(NC1CCc2cc(F)cc(F)c2C1)C(=O)Nc1cn(C(C)(C)CNCC(C)(C)C)cn1	Age	Elderly	-0.10442
CCCC(NC1CCc2cc(F)cc(F)c2C1)C(=O)Nc1cn(C(C)(C)CNCC(C)(C)C)cn1	Weight	Low	-0.03972
CCCC(NC1CCc2cc(F)cc(F)c2C1)C(=O)Nc1cn(C(C)(C)CNCC(C)(C)C)cn1	Weight	Average	-0.00525
CCCC(NC1CCc2cc(F)cc(F)c2C1)C(=O)Nc1cn(C(C)(C)CNCC(C)(C)C)cn1	Weight	High	-0.15032
CCCCCCOC(C)c1cccc(-c2csc(NC(=O)c3cc(Cl)c(C=C(C)C(=O)O)c(Cl)c3)n2)c1OC	Sex	Male	-0.06194
CCCCCCOC(C)c1cccc(-c2csc(NC(=O)c3cc(Cl)c(C=C(C)C(=O)O)c(Cl)c3)n2)c1OC	Sex	Female	-0.00185
CCCCCCOC(C)c1cccc(-c2csc(NC(=O)c3cc(Cl)c(C=C(C)C(=O)O)c(Cl)c3)n2)c1OC	Age	Children	-0.08372
CCCCCCOC(C)c1cccc(-c2csc(NC(=O)c3cc(Cl)c(C=C(C)C(=O)O)c(Cl)c3)n2)c1OC	Age	Adolescent	-0.01481
CCCCCCOC(C)c1cccc(-c2csc(NC(=O)c3cc(Cl)c(C=C(C)C(=O)O)c(Cl)c3)n2)c1OC	Age	Adult	-0.02469
CCCCCCOC(C)c1cccc(-c2csc(NC(=O)c3cc(Cl)c(C=C(C)C(=O)O)c(Cl)c3)n2)c1OC	Age	Elderly	-0.11383
CCCCCCOC(C)c1cccc(-c2csc(NC(=O)c3cc(Cl)c(C=C(C)C(=O)O)c(Cl)c3)n2)c1OC	Weight	Low	-0.06198
CCCCCCOC(C)c1cccc(-c2csc(NC(=O)c3cc(Cl)c(C=C(C)C(=O)O)c(Cl)c3)n2)c1OC	Weight	Average	-0.04593
CCCCCCOC(C)c1cccc(-c2csc(NC(=O)c3cc(Cl)c(C=C(C)C(=O)O)c(Cl)c3)n2)c1OC	Weight	High	-0.13299
CCCCCN=C(N)NN=Cc1c[nH]c2ccc(OC)cc12	Sex	Male	-0.10314
CCCCCN=C(N)NN=Cc1c[nH]c2ccc(OC)cc12	Sex	Female	-0.00036
CCCCCN=C(N)NN=Cc1c[nH]c2ccc(OC)cc12	Age	Children	-0.06996
CCCCCN=C(N)NN=Cc1c[nH]c2ccc(OC)cc12	Age	Adolescent	-0.02295
CCCCCN=C(N)NN=Cc1c[nH]c2ccc(OC)cc12	Age	Adult	-0.06565
CCCCCN=C(N)NN=Cc1c[nH]c2ccc(OC)cc12	Age	Elderly	-0.13013
CCCCCN=C(N)NN=Cc1c[nH]c2ccc(OC)cc12	Weight	Low	-0.16667
CCCCCN=C(N)NN=Cc1c[nH]c2ccc(OC)cc12	Weight	Average	-0.08844
CCCCCN=C(N)NN=Cc1c[nH]c2ccc(OC)cc12	Weight	High	-0.15886
CCCSc1nc(NC2CC2c2ccc(F)c(F)c2)c2nnn(C3CC(OCCO)C(O)C3O)c2n1	Sex	Male	-0.06468
CCCSc1nc(NC2CC2c2ccc(F)c(F)c2)c2nnn(C3CC(OCCO)C(O)C3O)c2n1	Sex	Female	-0.00438
CCCSc1nc(NC2CC2c2ccc(F)c(F)c2)c2nnn(C3CC(OCCO)C(O)C3O)c2n1	Age	Children	-0.06655
CCCSc1nc(NC2CC2c2ccc(F)c(F)c2)c2nnn(C3CC(OCCO)C(O)C3O)c2n1	Age	Adolescent	-0.02055
CCCSc1nc(NC2CC2c2ccc(F)c(F)c2)c2nnn(C3CC(OCCO)C(O)C3O)c2n1	Age	Adult	-0.05277
CCCSc1nc(NC2CC2c2ccc(F)c(F)c2)c2nnn(C3CC(OCCO)C(O)C3O)c2n1	Age	Elderly	-0.13096
CCCSc1nc(NC2CC2c2ccc(F)c(F)c2)c2nnn(C3CC(OCCO)C(O)C3O)c2n1	Weight	Low	-0.08318
CCCSc1nc(NC2CC2c2ccc(F)c(F)c2)c2nnn(C3CC(OCCO)C(O)C3O)c2n1	Weight	Average	-0.05706
CCCSc1nc(NC2CC2c2ccc(F)c(F)c2)c2nnn(C3CC(OCCO)C(O)C3O)c2n1	Weight	High	-0.20688
CCCl	Sex	Male	-0.10482
CCCl	Sex	Female	-0.00456
CCCl	Age	Children	-0.09362
CCCl	Age	Adolescent	-0.03015
CCCl	Age	Adult	-0.08543
CCCl	Age	Elderly	-0.22744
CCCl	Weight	Low	-0.09292
CCCl	Weight	Average	-0.14264
CCCl	Weight	High	-0.20072
CCOc1ccc(Cc2cc(C3OC(CO)C(O)C(O)C3O)ccc2Cl)cc1	Sex	Male	-0.07493
CCOc1ccc(Cc2cc(C3OC(CO)C(O)C(O)C3O)ccc2Cl)cc1	Sex	Female	-0.00279
CCOc1ccc(Cc2cc(C3OC(CO)C(O)C(O)C3O)ccc2Cl)cc1	Age	Children	-0.06713
CCOc1ccc(Cc2cc(C3OC(CO)C(O)C(O)C3O)ccc2Cl)cc1	Age	Adolescent	-0.01951
CCOc1ccc(Cc2cc(C3OC(CO)C(O)C(O)C3O)ccc2Cl)cc1	Age	Adult	-0.05514
CCOc1ccc(Cc2cc(C3OC(CO)C(O)C(O)C3O)ccc2Cl)cc1	Age	Elderly	-0.13887
CCOc1ccc(Cc2cc(C3OC(CO)C(O)C(O)C3O)ccc2Cl)cc1	Weight	Low	-0.12885
CCOc1ccc(Cc2cc(C3OC(CO)C(O)C(O)C3O)ccc2Cl)cc1	Weight	Average	-0.15767
CCOc1ccc(Cc2cc(C3OC(CO)C(O)C(O)C3O)ccc2Cl)cc1	Weight	High	-0.28552
CCOc1ccc(Cc2cc(C3OC(SC)C(O)C(O)C3O)ccc2Cl)cc1	Sex	Male	-0.08256
CCOc1ccc(Cc2cc(C3OC(SC)C(O)C(O)C3O)ccc2Cl)cc1	Sex	Female	-0.00178
CCOc1ccc(Cc2cc(C3OC(SC)C(O)C(O)C3O)ccc2Cl)cc1	Age	Children	-0.06179
CCOc1ccc(Cc2cc(C3OC(SC)C(O)C(O)C3O)ccc2Cl)cc1	Age	Adolescent	-0.01155
CCOc1ccc(Cc2cc(C3OC(SC)C(O)C(O)C3O)ccc2Cl)cc1	Age	Adult	-0.06564
CCOc1ccc(Cc2cc(C3OC(SC)C(O)C(O)C3O)ccc2Cl)cc1	Age	Elderly	-0.11391
CCOc1ccc(Cc2cc(C3OC(SC)C(O)C(O)C3O)ccc2Cl)cc1	Weight	Low	-0.15556
CCOc1ccc(Cc2cc(C3OC(SC)C(O)C(O)C3O)ccc2Cl)cc1	Weight	Average	-0.1242
CCOc1ccc(Cc2cc(C3OC(SC)C(O)C(O)C3O)ccc2Cl)cc1	Weight	High	-0.21066
CN(C)CCC(O)(P(=O)(O)O)P(=O)(O)O	Sex	Male	-0.10846
CN(C)CCC(O)(P(=O)(O)O)P(=O)(O)O	Sex	Female	-0.00221
CN(C)CCC(O)(P(=O)(O)O)P(=O)(O)O	Age	Children	-0.06644
CN(C)CCC(O)(P(=O)(O)O)P(=O)(O)O	Age	Adolescent	-0.02047
CN(C)CCC(O)(P(=O)(O)O)P(=O)(O)O	Age	Adult	-0.01119
CN(C)CCC(O)(P(=O)(O)O)P(=O)(O)O	Age	Elderly	-0.13057
CN(C)CCC(O)(P(=O)(O)O)P(=O)(O)O	Weight	Low	-0.20144
CN(C)CCC(O)(P(=O)(O)O)P(=O)(O)O	Weight	Average	-0.19022
CN(C)CCC(O)(P(=O)(O)O)P(=O)(O)O	Weight	High	-0.20272
CN(C)c1cc(NC(=O)CNC(C)(C)C)c(O)c2c1CC1CC3C(N(C)C)C(=O)C(C(N)=O)=C(O)C3(O)C(=O)C1=C2O	Sex	Male	-0.09826
CN(C)c1cc(NC(=O)CNC(C)(C)C)c(O)c2c1CC1CC3C(N(C)C)C(=O)C(C(N)=O)=C(O)C3(O)C(=O)C1=C2O	Sex	Female	-0.00239
CN(C)c1cc(NC(=O)CNC(C)(C)C)c(O)c2c1CC1CC3C(N(C)C)C(=O)C(C(N)=O)=C(O)C3(O)C(=O)C1=C2O	Age	Children	-0.08524
CN(C)c1cc(NC(=O)CNC(C)(C)C)c(O)c2c1CC1CC3C(N(C)C)C(=O)C(C(N)=O)=C(O)C3(O)C(=O)C1=C2O	Age	Adolescent	-0.02603
CN(C)c1cc(NC(=O)CNC(C)(C)C)c(O)c2c1CC1CC3C(N(C)C)C(=O)C(C(N)=O)=C(O)C3(O)C(=O)C1=C2O	Age	Adult	-0.03915
CN(C)c1cc(NC(=O)CNC(C)(C)C)c(O)c2c1CC1CC3C(N(C)C)C(=O)C(C(N)=O)=C(O)C3(O)C(=O)C1=C2O	Age	Elderly	-0.16439
CN(C)c1cc(NC(=O)CNC(C)(C)C)c(O)c2c1CC1CC3C(N(C)C)C(=O)C(C(N)=O)=C(O)C3(O)C(=O)C1=C2O	Weight	Low	-0.14579
CN(C)c1cc(NC(=O)CNC(C)(C)C)c(O)c2c1CC1CC3C(N(C)C)C(=O)C(C(N)=O)=C(O)C3(O)C(=O)C1=C2O	Weight	Average	-0.13228
CN(C)c1cc(NC(=O)CNC(C)(C)C)c(O)c2c1CC1CC3C(N(C)C)C(=O)C(C(N)=O)=C(O)C3(O)C(=O)C1=C2O	Weight	High	-0.21199
CN(CCOc1ccc(NS(C)(=O)=O)cc1)CCc1ccc(NS(C)(=O)=O)cc1	Sex	Male	-0.08553
CN(CCOc1ccc(NS(C)(=O)=O)cc1)CCc1ccc(NS(C)(=O)=O)cc1	Sex	Female	0.0
CN(CCOc1ccc(NS(C)(=O)=O)cc1)CCc1ccc(NS(C)(=O)=O)cc1	Age	Children	-0.09308
CN(CCOc1ccc(NS(C)(=O)=O)cc1)CCc1ccc(NS(C)(=O)=O)cc1	Age	Adolescent	-0.02862
CN(CCOc1ccc(NS(C)(=O)=O)cc1)CCc1ccc(NS(C)(=O)=O)cc1	Age	Adult	-0.07107
CN(CCOc1ccc(NS(C)(=O)=O)cc1)CCc1ccc(NS(C)(=O)=O)cc1	Age	Elderly	-0.14889
CN(CCOc1ccc(NS(C)(=O)=O)cc1)CCc1ccc(NS(C)(=O)=O)cc1	Weight	Low	-0.18839
CN(CCOc1ccc(NS(C)(=O)=O)cc1)CCc1ccc(NS(C)(=O)=O)cc1	Weight	Average	-0.14656
CN(CCOc1ccc(NS(C)(=O)=O)cc1)CCc1ccc(NS(C)(=O)=O)cc1	Weight	High	-0.2051
CNC(=O)c1ccc(N2C(=S)N(c3ccc(C#N)c(C(F)(F)F)c3)C(=O)C2(C)C)cc1F	Sex	Male	-0.08394
CNC(=O)c1ccc(N2C(=S)N(c3ccc(C#N)c(C(F)(F)F)c3)C(=O)C2(C)C)cc1F	Sex	Female	-0.00172
CNC(=O)c1ccc(N2C(=S)N(c3ccc(C#N)c(C(F)(F)F)c3)C(=O)C2(C)C)cc1F	Age	Children	-0.06444
CNC(=O)c1ccc(N2C(=S)N(c3ccc(C#N)c(C(F)(F)F)c3)C(=O)C2(C)C)cc1F	Age	Adolescent	-0.021
CNC(=O)c1ccc(N2C(=S)N(c3ccc(C#N)c(C(F)(F)F)c3)C(=O)C2(C)C)cc1F	Age	Adult	-0.08829
CNC(=O)c1ccc(N2C(=S)N(c3ccc(C#N)c(C(F)(F)F)c3)C(=O)C2(C)C)cc1F	Age	Elderly	-0.15292
CNC(=O)c1ccc(N2C(=S)N(c3ccc(C#N)c(C(F)(F)F)c3)C(=O)C2(C)C)cc1F	Weight	Low	-0.09733
CNC(=O)c1ccc(N2C(=S)N(c3ccc(C#N)c(C(F)(F)F)c3)C(=O)C2(C)C)cc1F	Weight	Average	-0.07383
CNC(=O)c1ccc(N2C(=S)N(c3ccc(C#N)c(C(F)(F)F)c3)C(=O)C2(C)C)cc1F	Weight	High	-0.14443
CNCC(O)C(O)C(O)C(O)CO	Sex	Male	-0.0691
CNCC(O)C(O)C(O)C(O)CO	Sex	Female	-0.0015
CNCC(O)C(O)C(O)C(O)CO	Age	Children	-0.05863
CNCC(O)C(O)C(O)C(O)CO	Age	Adolescent	-0.01766
CNCC(O)C(O)C(O)C(O)CO	Age	Adult	-0.01637
CNCC(O)C(O)C(O)C(O)CO	Age	Elderly	-0.10387
CNCC(O)C(O)C(O)C(O)CO	Weight	Low	-0.15065
CNCC(O)C(O)C(O)C(O)CO	Weight	Average	-0.15533
CNCC(O)C(O)C(O)C(O)CO	Weight	High	-0.19929
COc1cc(NS(C)(=O)=O)ccc1Nc1c2ccccc2nc2ccccc12	Sex	Male	-0.11809
COc1cc(NS(C)(=O)=O)ccc1Nc1c2ccccc2nc2ccccc12	Sex	Female	-0.0013
COc1cc(NS(C)(=O)=O)ccc1Nc1c2ccccc2nc2ccccc12	Age	Children	-0.0718
COc1cc(NS(C)(=O)=O)ccc1Nc1c2ccccc2nc2ccccc12	Age	Adolescent	-0.02257
COc1cc(NS(C)(=O)=O)ccc1Nc1c2ccccc2nc2ccccc12	Age	Adult	-0.08055
COc1cc(NS(C)(=O)=O)ccc1Nc1c2ccccc2nc2ccccc12	Age	Elderly	-0.22283
COc1cc(NS(C)(=O)=O)ccc1Nc1c2ccccc2nc2ccccc12	Weight	Low	-0.13382
COc1cc(NS(C)(=O)=O)ccc1Nc1c2ccccc2nc2ccccc12	Weight	Average	-0.13701
COc1cc(NS(C)(=O)=O)ccc1Nc1c2ccccc2nc2ccccc12	Weight	High	-0.20067
COc1cc2nccc(Oc3ccc(NC(=O)C4(C(=O)Nc5ccc(F)cc5)CC4)cc3)c2cc1OC	Sex	Male	-0.0781
COc1cc2nccc(Oc3ccc(NC(=O)C4(C(=O)Nc5ccc(F)cc5)CC4)cc3)c2cc1OC	Sex	Female	0.00201
COc1cc2nccc(Oc3ccc(NC(=O)C4(C(=O)Nc5ccc(F)cc5)CC4)cc3)c2cc1OC	Age	Children	-0.07342
COc1cc2nccc(Oc3ccc(NC(=O)C4(C(=O)Nc5ccc(F)cc5)CC4)cc3)c2cc1OC	Age	Adolescent	-0.02298
COc1cc2nccc(Oc3ccc(NC(=O)C4(C(=O)Nc5ccc(F)cc5)CC4)cc3)c2cc1OC	Age	Adult	-0.09569
COc1cc2nccc(Oc3ccc(NC(=O)C4(C(=O)Nc5ccc(F)cc5)CC4)cc3)c2cc1OC	Age	Elderly	-0.13767
COc1cc2nccc(Oc3ccc(NC(=O)C4(C(=O)Nc5ccc(F)cc5)CC4)cc3)c2cc1OC	Weight	Low	-0.15261
COc1cc2nccc(Oc3ccc(NC(=O)C4(C(=O)Nc5ccc(F)cc5)CC4)cc3)c2cc1OC	Weight	Average	-0.13173
COc1cc2nccc(Oc3ccc(NC(=O)C4(C(=O)Nc5ccc(F)cc5)CC4)cc3)c2cc1OC	Weight	High	-0.15792
COc1ccc(C=Cc2cc(OC)c(OC)c(OC)c2)cc1OP(=O)(O)O	Sex	Male	-0.10805
COc1ccc(C=Cc2cc(OC)c(OC)c(OC)c2)cc1OP(=O)(O)O	Sex	Female	-0.00031
COc1ccc(C=Cc2cc(OC)c(OC)c(OC)c2)cc1OP(=O)(O)O	Age	Children	-0.07425
COc1ccc(C=Cc2cc(OC)c(OC)c(OC)c2)cc1OP(=O)(O)O	Age	Adolescent	-0.0193
COc1ccc(C=Cc2cc(OC)c(OC)c(OC)c2)cc1OP(=O)(O)O	Age	Adult	-0.0401
COc1ccc(C=Cc2cc(OC)c(OC)c(OC)c2)cc1OP(=O)(O)O	Age	Elderly	-0.14673
COc1ccc(C=Cc2cc(OC)c(OC)c(OC)c2)cc1OP(=O)(O)O	Weight	Low	-0.16571
COc1ccc(C=Cc2cc(OC)c(OC)c(OC)c2)cc1OP(=O)(O)O	Weight	Average	-0.13481
COc1ccc(C=Cc2cc(OC)c(OC)c(OC)c2)cc1OP(=O)(O)O	Weight	High	-0.14396
COc1ccc2[nH]c(S(=O)Cc3ncc(C)c(OC)c3C)nc2n1	Sex	Male	-0.03653
COc1ccc2[nH]c(S(=O)Cc3ncc(C)c(OC)c3C)nc2n1	Sex	Female	-0.00189
COc1ccc2[nH]c(S(=O)Cc3ncc(C)c(OC)c3C)nc2n1	Age	Children	-0.06144
COc1ccc2[nH]c(S(=O)Cc3ncc(C)c(OC)c3C)nc2n1	Age	Adolescent	-0.02351
COc1ccc2[nH]c(S(=O)Cc3ncc(C)c(OC)c3C)nc2n1	Age	Adult	-0.0742
COc1ccc2[nH]c(S(=O)Cc3ncc(C)c(OC)c3C)nc2n1	Age	Elderly	-0.14505
COc1ccc2[nH]c(S(=O)Cc3ncc(C)c(OC)c3C)nc2n1	Weight	Low	-0.10867
COc1ccc2[nH]c(S(=O)Cc3ncc(C)c(OC)c3C)nc2n1	Weight	Average	-0.08292
COc1ccc2[nH]c(S(=O)Cc3ncc(C)c(OC)c3C)nc2n1	Weight	High	-0.11217
COc1ccc2c(C(=S)N(C)CC(=O)O)cccc2c1C(F)(F)F	Sex	Male	-0.08739
COc1ccc2c(C(=S)N(C)CC(=O)O)cccc2c1C(F)(F)F	Sex	Female	-0.00139
COc1ccc2c(C(=S)N(C)CC(=O)O)cccc2c1C(F)(F)F	Age	Children	-0.07136
COc1ccc2c(C(=S)N(C)CC(=O)O)cccc2c1C(F)(F)F	Age	Adolescent	-0.01935
COc1ccc2c(C(=S)N(C)CC(=O)O)cccc2c1C(F)(F)F	Age	Adult	-0.0743
COc1ccc2c(C(=S)N(C)CC(=O)O)cccc2c1C(F)(F)F	Age	Elderly	-0.19465
COc1ccc2c(C(=S)N(C)CC(=O)O)cccc2c1C(F)(F)F	Weight	Low	-0.10917
COc1ccc2c(C(=S)N(C)CC(=O)O)cccc2c1C(F)(F)F	Weight	Average	-0.10547
COc1ccc2c(C(=S)N(C)CC(=O)O)cccc2c1C(F)(F)F	Weight	High	-0.15875
CS(=O)(=O)OCC(O)C(O)COS(C)(=O)=O	Sex	Male	-0.09323
CS(=O)(=O)OCC(O)C(O)COS(C)(=O)=O	Sex	Female	0.0
CS(=O)(=O)OCC(O)C(O)COS(C)(=O)=O	Age	Children	-0.0803
CS(=O)(=O)OCC(O)C(O)COS(C)(=O)=O	Age	Adolescent	-0.02136
CS(=O)(=O)OCC(O)C(O)COS(C)(=O)=O	Age	Adult	-0.04231
CS(=O)(=O)OCC(O)C(O)COS(C)(=O)=O	Age	Elderly	-0.13969
CS(=O)(=O)OCC(O)C(O)COS(C)(=O)=O	Weight	Low	-0.22086
CS(=O)(=O)OCC(O)C(O)COS(C)(=O)=O	Weight	Average	-0.16084
CS(=O)(=O)OCC(O)C(O)COS(C)(=O)=O	Weight	High	-0.16789
C[n+]1ccccc1C=NO	Sex	Male	-0.11098
C[n+]1ccccc1C=NO	Sex	Female	-0.00247
C[n+]1ccccc1C=NO	Age	Children	-0.09123
C[n+]1ccccc1C=NO	Age	Adolescent	-0.03816
C[n+]1ccccc1C=NO	Age	Adult	-0.06712
C[n+]1ccccc1C=NO	Age	Elderly	-0.24515
C[n+]1ccccc1C=NO	Weight	Low	-0.17417
C[n+]1ccccc1C=NO	Weight	Average	-0.26017
C[n+]1ccccc1C=NO	Weight	High	-0.25669
N#Cc1ccc(Oc2ccc3c(c2)COB3O)cc1	Sex	Male	-0.11262
N#Cc1ccc(Oc2ccc3c(c2)COB3O)cc1	Sex	Female	-0.00221
N#Cc1ccc(Oc2ccc3c(c2)COB3O)cc1	Age	Children	-0.08407
N#Cc1ccc(Oc2ccc3c(c2)COB3O)cc1	Age	Adolescent	-0.02731
N#Cc1ccc(Oc2ccc3c(c2)COB3O)cc1	Age	Adult	-0.07454
N#Cc1ccc(Oc2ccc3c(c2)COB3O)cc1	Age	Elderly	-0.19924
N#Cc1ccc(Oc2ccc3c(c2)COB3O)cc1	Weight	Low	-0.14558
N#Cc1ccc(Oc2ccc3c(c2)COB3O)cc1	Weight	Average	-0.16125
N#Cc1ccc(Oc2ccc3c(c2)COB3O)cc1	Weight	High	-0.18588
Nc1n[n+]([O-])c2ccccc2[n+]1[O-]	Sex	Male	-0.10624
Nc1n[n+]([O-])c2ccccc2[n+]1[O-]	Sex	Female	-0.00047
Nc1n[n+]([O-])c2ccccc2[n+]1[O-]	Age	Children	-0.06421
Nc1n[n+]([O-])c2ccccc2[n+]1[O-]	Age	Adolescent	-0.02623
Nc1n[n+]([O-])c2ccccc2[n+]1[O-]	Age	Adult	-0.05223
Nc1n[n+]([O-])c2ccccc2[n+]1[O-]	Age	Elderly	-0.1584
Nc1n[n+]([O-])c2ccccc2[n+]1[O-]	Weight	Low	-0.14983
Nc1n[n+]([O-])c2ccccc2[n+]1[O-]	Weight	Average	-0.11207
Nc1n[n+]([O-])c2ccccc2[n+]1[O-]	Weight	High	-0.16429
O=C(NCCO[N+](=O)[O-])c1cccnc1	Sex	Male	-0.12215
O=C(NCCO[N+](=O)[O-])c1cccnc1	Sex	Female	-0.00045
O=C(NCCO[N+](=O)[O-])c1cccnc1	Age	Children	-0.07638
O=C(NCCO[N+](=O)[O-])c1cccnc1	Age	Adolescent	-0.03099
O=C(NCCO[N+](=O)[O-])c1cccnc1	Age	Adult	-0.07991
O=C(NCCO[N+](=O)[O-])c1cccnc1	Age	Elderly	-0.23114
O=C(NCCO[N+](=O)[O-])c1cccnc1	Weight	Low	-0.22681
O=C(NCCO[N+](=O)[O-])c1cccnc1	Weight	Average	-0.24229
O=C(NCCO[N+](=O)[O-])c1cccnc1	Weight	High	-0.24404
O=P([O-])([O-])OCC(O)CO	Sex	Male	-0.1037
O=P([O-])([O-])OCC(O)CO	Sex	Female	-0.00238
O=P([O-])([O-])OCC(O)CO	Age	Children	-0.07816
O=P([O-])([O-])OCC(O)CO	Age	Adolescent	-0.02916
O=P([O-])([O-])OCC(O)CO	Age	Adult	-0.04336
O=P([O-])([O-])OCC(O)CO	Age	Elderly	-0.17818
O=P([O-])([O-])OCC(O)CO	Weight	Low	-0.15841
O=P([O-])([O-])OCC(O)CO	Weight	Average	-0.19473
O=P([O-])([O-])OCC(O)CO	Weight	High	-0.20737
O=[N+]([O-])c1ccc(O)c([N+](=O)[O-])c1	Sex	Male	-0.07656
O=[N+]([O-])c1ccc(O)c([N+](=O)[O-])c1	Sex	Female	-0.00288
O=[N+]([O-])c1ccc(O)c([N+](=O)[O-])c1	Age	Children	-0.04823
O=[N+]([O-])c1ccc(O)c([N+](=O)[O-])c1	Age	Adolescent	-0.01256
O=[N+]([O-])c1ccc(O)c([N+](=O)[O-])c1	Age	Adult	-0.06169
O=[N+]([O-])c1ccc(O)c([N+](=O)[O-])c1	Age	Elderly	-0.17805
O=[N+]([O-])c1ccc(O)c([N+](=O)[O-])c1	Weight	Low	-0.08479
O=[N+]([O-])c1ccc(O)c([N+](=O)[O-])c1	Weight	Average	-0.07652
O=[N+]([O-])c1ccc(O)c([N+](=O)[O-])c1	Weight	High	-0.09395
CC1COC2Cn3cc(C(=O)NCc4ccc(F)cc4F)c(=O)c(O)c3C(=O)N12	Sex	Male	-0.116
CC1COC2Cn3cc(C(=O)NCc4ccc(F)cc4F)c(=O)c(O)c3C(=O)N12	Sex	Female	0.00103
CC1COC2Cn3cc(C(=O)NCc4ccc(F)cc4F)c(=O)c(O)c3C(=O)N12	Age	Children	-0.09781
CC1COC2Cn3cc(C(=O)NCc4ccc(F)cc4F)c(=O)c(O)c3C(=O)N12	Age	Adolescent	-0.03654
CC1COC2Cn3cc(C(=O)NCc4ccc(F)cc4F)c(=O)c(O)c3C(=O)N12	Age	Adult	-0.0905
CC1COC2Cn3cc(C(=O)NCc4ccc(F)cc4F)c(=O)c(O)c3C(=O)N12	Age	Elderly	-0.19003
CC1COC2Cn3cc(C(=O)NCc4ccc(F)cc4F)c(=O)c(O)c3C(=O)N12	Weight	Low	-0.20732
CC1COC2Cn3cc(C(=O)NCc4ccc(F)cc4F)c(=O)c(O)c3C(=O)N12	Weight	Average	-0.22441
CC1COC2Cn3cc(C(=O)NCc4ccc(F)cc4F)c(=O)c(O)c3C(=O)N12	Weight	High	-0.33801
CCCCSc1ccc(C(SCCN(C)C)c2ccccc2)cc1	Sex	Male	-0.10927
CCCCSc1ccc(C(SCCN(C)C)c2ccccc2)cc1	Sex	Female	0.0
CCCCSc1ccc(C(SCCN(C)C)c2ccccc2)cc1	Age	Children	-0.05886
CCCCSc1ccc(C(SCCN(C)C)c2ccccc2)cc1	Age	Adolescent	-0.00842
CCCCSc1ccc(C(SCCN(C)C)c2ccccc2)cc1	Age	Adult	-0.04431
CCCCSc1ccc(C(SCCN(C)C)c2ccccc2)cc1	Age	Elderly	-0.14415
CCCCSc1ccc(C(SCCN(C)C)c2ccccc2)cc1	Weight	Low	-0.13786
CCCCSc1ccc(C(SCCN(C)C)c2ccccc2)cc1	Weight	Average	-0.10415
CCCCSc1ccc(C(SCCN(C)C)c2ccccc2)cc1	Weight	High	-0.16786
COc1cc2nc(N(C)CCCNC(=O)C3CCCO3)nc(N)c2cc1OC	Sex	Male	-0.08228
COc1cc2nc(N(C)CCCNC(=O)C3CCCO3)nc(N)c2cc1OC	Sex	Female	-0.00135
COc1cc2nc(N(C)CCCNC(=O)C3CCCO3)nc(N)c2cc1OC	Age	Children	-0.03895
COc1cc2nc(N(C)CCCNC(=O)C3CCCO3)nc(N)c2cc1OC	Age	Adolescent	-0.01495
COc1cc2nc(N(C)CCCNC(=O)C3CCCO3)nc(N)c2cc1OC	Age	Adult	-0.0492
COc1cc2nc(N(C)CCCNC(=O)C3CCCO3)nc(N)c2cc1OC	Age	Elderly	-0.13496
COc1cc2nc(N(C)CCCNC(=O)C3CCCO3)nc(N)c2cc1OC	Weight	Low	-0.16747
COc1cc2nc(N(C)CCCNC(=O)C3CCCO3)nc(N)c2cc1OC	Weight	Average	-0.16972
COc1cc2nc(N(C)CCCNC(=O)C3CCCO3)nc(N)c2cc1OC	Weight	High	-0.20758
Cc1cnc(C(=O)NC2CCCCCC=CC3CC3(C(=O)NS(=O)(=O)C3CC3)NC(=O)C3CC(Oc4nc5ccccc5c5ccccc45)CN3C2=O)cn1	Sex	Male	-0.0686
Cc1cnc(C(=O)NC2CCCCCC=CC3CC3(C(=O)NS(=O)(=O)C3CC3)NC(=O)C3CC(Oc4nc5ccccc5c5ccccc45)CN3C2=O)cn1	Sex	Female	-0.0019
Cc1cnc(C(=O)NC2CCCCCC=CC3CC3(C(=O)NS(=O)(=O)C3CC3)NC(=O)C3CC(Oc4nc5ccccc5c5ccccc45)CN3C2=O)cn1	Age	Children	-0.06786
Cc1cnc(C(=O)NC2CCCCCC=CC3CC3(C(=O)NS(=O)(=O)C3CC3)NC(=O)C3CC(Oc4nc5ccccc5c5ccccc45)CN3C2=O)cn1	Age	Adolescent	-0.02588
Cc1cnc(C(=O)NC2CCCCCC=CC3CC3(C(=O)NS(=O)(=O)C3CC3)NC(=O)C3CC(Oc4nc5ccccc5c5ccccc45)CN3C2=O)cn1	Age	Adult	-0.08588
Cc1cnc(C(=O)NC2CCCCCC=CC3CC3(C(=O)NS(=O)(=O)C3CC3)NC(=O)C3CC(Oc4nc5ccccc5c5ccccc45)CN3C2=O)cn1	Age	Elderly	-0.12697
Cc1cnc(C(=O)NC2CCCCCC=CC3CC3(C(=O)NS(=O)(=O)C3CC3)NC(=O)C3CC(Oc4nc5ccccc5c5ccccc45)CN3C2=O)cn1	Weight	Low	-0.13525
Cc1cnc(C(=O)NC2CCCCCC=CC3CC3(C(=O)NS(=O)(=O)C3CC3)NC(=O)C3CC(Oc4nc5ccccc5c5ccccc45)CN3C2=O)cn1	Weight	Average	-0.07095
Cc1cnc(C(=O)NC2CCCCCC=CC3CC3(C(=O)NS(=O)(=O)C3CC3)NC(=O)C3CC(Oc4nc5ccccc5c5ccccc45)CN3C2=O)cn1	Weight	High	-0.15183
O=C(NN=Cc1ccc([N+](=O)[O-])o1)c1ccc(O)cc1	Sex	Male	-0.10779
O=C(NN=Cc1ccc([N+](=O)[O-])o1)c1ccc(O)cc1	Sex	Female	-0.00036
O=C(NN=Cc1ccc([N+](=O)[O-])o1)c1ccc(O)cc1	Age	Children	-0.07645
O=C(NN=Cc1ccc([N+](=O)[O-])o1)c1ccc(O)cc1	Age	Adolescent	-0.03366
O=C(NN=Cc1ccc([N+](=O)[O-])o1)c1ccc(O)cc1	Age	Adult	-0.05473
O=C(NN=Cc1ccc([N+](=O)[O-])o1)c1ccc(O)cc1	Age	Elderly	-0.15533
O=C(NN=Cc1ccc([N+](=O)[O-])o1)c1ccc(O)cc1	Weight	Low	-0.09442
O=C(NN=Cc1ccc([N+](=O)[O-])o1)c1ccc(O)cc1	Weight	Average	-0.15355
O=C(NN=Cc1ccc([N+](=O)[O-])o1)c1ccc(O)cc1	Weight	High	-0.19405
C=CCC1(CC(C)C)C(=O)NC(=O)NC1=O	Sex	Male	-0.07589
C=CCC1(CC(C)C)C(=O)NC(=O)NC1=O	Sex	Female	0.0
C=CCC1(CC(C)C)C(=O)NC(=O)NC1=O	Age	Children	-0.08362
C=CCC1(CC(C)C)C(=O)NC(=O)NC1=O	Age	Adolescent	-0.02351
C=CCC1(CC(C)C)C(=O)NC(=O)NC1=O	Age	Adult	-0.07865
C=CCC1(CC(C)C)C(=O)NC(=O)NC1=O	Age	Elderly	-0.25615
C=CCC1(CC(C)C)C(=O)NC(=O)NC1=O	Weight	Low	-0.16183
C=CCC1(CC(C)C)C(=O)NC(=O)NC1=O	Weight	Average	-0.22008
C=CCC1(CC(C)C)C(=O)NC(=O)NC1=O	Weight	High	-0.22234
C=CCN1CC(C(=O)N(CCCN(C)C)C(=O)NCC)CC2c3cccc4[nH]cc(c34)CC21	Sex	Male	-0.05782
C=CCN1CC(C(=O)N(CCCN(C)C)C(=O)NCC)CC2c3cccc4[nH]cc(c34)CC21	Sex	Female	0.0
C=CCN1CC(C(=O)N(CCCN(C)C)C(=O)NCC)CC2c3cccc4[nH]cc(c34)CC21	Age	Children	-0.06781
C=CCN1CC(C(=O)N(CCCN(C)C)C(=O)NCC)CC2c3cccc4[nH]cc(c34)CC21	Age	Adolescent	-0.02864
C=CCN1CC(C(=O)N(CCCN(C)C)C(=O)NCC)CC2c3cccc4[nH]cc(c34)CC21	Age	Adult	-0.06298
C=CCN1CC(C(=O)N(CCCN(C)C)C(=O)NCC)CC2c3cccc4[nH]cc(c34)CC21	Age	Elderly	-0.14295
C=CCN1CC(C(=O)N(CCCN(C)C)C(=O)NCC)CC2c3cccc4[nH]cc(c34)CC21	Weight	Low	-0.14054
C=CCN1CC(C(=O)N(CCCN(C)C)C(=O)NCC)CC2c3cccc4[nH]cc(c34)CC21	Weight	Average	-0.09386
C=CCN1CC(C(=O)N(CCCN(C)C)C(=O)NCC)CC2c3cccc4[nH]cc(c34)CC21	Weight	High	-0.16507
CCC(Oc1cccc(CN(CCCOc2ccc(OC)cc2)c2nc3ccccc3o2)c1)C(=O)O	Sex	Male	-0.13303
CCC(Oc1cccc(CN(CCCOc2ccc(OC)cc2)c2nc3ccccc3o2)c1)C(=O)O	Sex	Female	-0.0004
CCC(Oc1cccc(CN(CCCOc2ccc(OC)cc2)c2nc3ccccc3o2)c1)C(=O)O	Age	Children	-0.08936
CCC(Oc1cccc(CN(CCCOc2ccc(OC)cc2)c2nc3ccccc3o2)c1)C(=O)O	Age	Adolescent	-0.02025
CCC(Oc1cccc(CN(CCCOc2ccc(OC)cc2)c2nc3ccccc3o2)c1)C(=O)O	Age	Adult	-0.05554
CCC(Oc1cccc(CN(CCCOc2ccc(OC)cc2)c2nc3ccccc3o2)c1)C(=O)O	Age	Elderly	-0.12566
CCC(Oc1cccc(CN(CCCOc2ccc(OC)cc2)c2nc3ccccc3o2)c1)C(=O)O	Weight	Low	-0.14061
CCC(Oc1cccc(CN(CCCOc2ccc(OC)cc2)c2nc3ccccc3o2)c1)C(=O)O	Weight	Average	-0.1258
CCC(Oc1cccc(CN(CCCOc2ccc(OC)cc2)c2nc3ccccc3o2)c1)C(=O)O	Weight	High	-0.1388
CN(C)CCc1c[nH]c2ccc(Cn3cncn3)cc12	Sex	Male	-0.13834
CN(C)CCc1c[nH]c2ccc(Cn3cncn3)cc12	Sex	Female	0.0
CN(C)CCc1c[nH]c2ccc(Cn3cncn3)cc12	Age	Children	-0.0718
CN(C)CCc1c[nH]c2ccc(Cn3cncn3)cc12	Age	Adolescent	-0.01897
CN(C)CCc1c[nH]c2ccc(Cn3cncn3)cc12	Age	Adult	-0.07631
CN(C)CCc1c[nH]c2ccc(Cn3cncn3)cc12	Age	Elderly	-0.25167
CN(C)CCc1c[nH]c2ccc(Cn3cncn3)cc12	Weight	Low	-0.21376
CN(C)CCc1c[nH]c2ccc(Cn3cncn3)cc12	Weight	Average	-0.15917
CN(C)CCc1c[nH]c2ccc(Cn3cncn3)cc12	Weight	High	-0.21631
COc1c2ccoc2nc2c(OC)c(OCC(O)C(C)(C)O)ccc12	Sex	Male	-0.08949
COc1c2ccoc2nc2c(OC)c(OCC(O)C(C)(C)O)ccc12	Sex	Female	-0.00293
COc1c2ccoc2nc2c(OC)c(OCC(O)C(C)(C)O)ccc12	Age	Children	-0.04703
COc1c2ccoc2nc2c(OC)c(OCC(O)C(C)(C)O)ccc12	Age	Adolescent	-0.02511
COc1c2ccoc2nc2c(OC)c(OCC(O)C(C)(C)O)ccc12	Age	Adult	-0.03965
COc1c2ccoc2nc2c(OC)c(OCC(O)C(C)(C)O)ccc12	Age	Elderly	-0.17311
COc1c2ccoc2nc2c(OC)c(OCC(O)C(C)(C)O)ccc12	Weight	Low	-0.11048
COc1c2ccoc2nc2c(OC)c(OCC(O)C(C)(C)O)ccc12	Weight	Average	-0.09557
COc1c2ccoc2nc2c(OC)c(OCC(O)C(C)(C)O)ccc12	Weight	High	-0.21364
CC(=O)OC1(C(C)=O)CCC2C3CC(C)C4=CC(=O)CCC4(C)C3CCC21C	Sex	Male	-0.07522
CC(=O)OC1(C(C)=O)CCC2C3CC(C)C4=CC(=O)CCC4(C)C3CCC21C	Sex	Female	-0.00287
CC(=O)OC1(C(C)=O)CCC2C3CC(C)C4=CC(=O)CCC4(C)C3CCC21C	Age	Children	-0.06513
CC(=O)OC1(C(C)=O)CCC2C3CC(C)C4=CC(=O)CCC4(C)C3CCC21C	Age	Adolescent	-0.02663
CC(=O)OC1(C(C)=O)CCC2C3CC(C)C4=CC(=O)CCC4(C)C3CCC21C	Age	Adult	-0.08707
CC(=O)OC1(C(C)=O)CCC2C3CC(C)C4=CC(=O)CCC4(C)C3CCC21C	Age	Elderly	-0.17426
CC(=O)OC1(C(C)=O)CCC2C3CC(C)C4=CC(=O)CCC4(C)C3CCC21C	Weight	Low	-0.10552
CC(=O)OC1(C(C)=O)CCC2C3CC(C)C4=CC(=O)CCC4(C)C3CCC21C	Weight	Average	-0.22593
CC(=O)OC1(C(C)=O)CCC2C3CC(C)C4=CC(=O)CCC4(C)C3CCC21C	Weight	High	-0.15664
CC(=O)SC1CC2=CC(=O)CCC2(C)C2CCC3(C)C(CCC34CCC(=O)O4)C12	Sex	Male	-0.08319
CC(=O)SC1CC2=CC(=O)CCC2(C)C2CCC3(C)C(CCC34CCC(=O)O4)C12	Sex	Female	-0.00237
CC(=O)SC1CC2=CC(=O)CCC2(C)C2CCC3(C)C(CCC34CCC(=O)O4)C12	Age	Children	-0.10346
CC(=O)SC1CC2=CC(=O)CCC2(C)C2CCC3(C)C(CCC34CCC(=O)O4)C12	Age	Adolescent	-0.03203
CC(=O)SC1CC2=CC(=O)CCC2(C)C2CCC3(C)C(CCC34CCC(=O)O4)C12	Age	Adult	-0.09953
CC(=O)SC1CC2=CC(=O)CCC2(C)C2CCC3(C)C(CCC34CCC(=O)O4)C12	Age	Elderly	-0.16687
CC(=O)SC1CC2=CC(=O)CCC2(C)C2CCC3(C)C(CCC34CCC(=O)O4)C12	Weight	Low	-0.20149
CC(=O)SC1CC2=CC(=O)CCC2(C)C2CCC3(C)C(CCC34CCC(=O)O4)C12	Weight	Average	-0.14376
CC(=O)SC1CC2=CC(=O)CCC2(C)C2CCC3(C)C(CCC34CCC(=O)O4)C12	Weight	High	-0.15165
CC(C)(C)NC(=O)C1CC2CCCCC2CN1CC(O)C(Cc1ccccc1)NC(=O)C(CC(N)=O)NC(=O)c1ccc2ccccc2n1	Sex	Male	-0.13127
CC(C)(C)NC(=O)C1CC2CCCCC2CN1CC(O)C(Cc1ccccc1)NC(=O)C(CC(N)=O)NC(=O)c1ccc2ccccc2n1	Sex	Female	-0.00117
CC(C)(C)NC(=O)C1CC2CCCCC2CN1CC(O)C(Cc1ccccc1)NC(=O)C(CC(N)=O)NC(=O)c1ccc2ccccc2n1	Age	Children	-0.08799
CC(C)(C)NC(=O)C1CC2CCCCC2CN1CC(O)C(Cc1ccccc1)NC(=O)C(CC(N)=O)NC(=O)c1ccc2ccccc2n1	Age	Adolescent	-0.0247
CC(C)(C)NC(=O)C1CC2CCCCC2CN1CC(O)C(Cc1ccccc1)NC(=O)C(CC(N)=O)NC(=O)c1ccc2ccccc2n1	Age	Adult	-0.07438
CC(C)(C)NC(=O)C1CC2CCCCC2CN1CC(O)C(Cc1ccccc1)NC(=O)C(CC(N)=O)NC(=O)c1ccc2ccccc2n1	Age	Elderly	-0.17386
CC(C)(C)NC(=O)C1CC2CCCCC2CN1CC(O)C(Cc1ccccc1)NC(=O)C(CC(N)=O)NC(=O)c1ccc2ccccc2n1	Weight	Low	-0.23839
CC(C)(C)NC(=O)C1CC2CCCCC2CN1CC(O)C(Cc1ccccc1)NC(=O)C(CC(N)=O)NC(=O)c1ccc2ccccc2n1	Weight	Average	-0.18277
CC(C)(C)NC(=O)C1CC2CCCCC2CN1CC(O)C(Cc1ccccc1)NC(=O)C(CC(N)=O)NC(=O)c1ccc2ccccc2n1	Weight	High	-0.2315
CC(C)(C)NCC(O)COc1cccc2c1CC(O)C(O)C2	Sex	Male	-0.09619
CC(C)(C)NCC(O)COc1cccc2c1CC(O)C(O)C2	Sex	Female	-0.00058
CC(C)(C)NCC(O)COc1cccc2c1CC(O)C(O)C2	Age	Children	-0.07722
CC(C)(C)NCC(O)COc1cccc2c1CC(O)C(O)C2	Age	Adolescent	-0.02502
CC(C)(C)NCC(O)COc1cccc2c1CC(O)C(O)C2	Age	Adult	-0.04367
CC(C)(C)NCC(O)COc1cccc2c1CC(O)C(O)C2	Age	Elderly	-0.16181
CC(C)(C)NCC(O)COc1cccc2c1CC(O)C(O)C2	Weight	Low	-0.23547
CC(C)(C)NCC(O)COc1cccc2c1CC(O)C(O)C2	Weight	Average	-0.21869
CC(C)(C)NCC(O)COc1cccc2c1CC(O)C(O)C2	Weight	High	-0.25848
CC(C)(O)c1ccccc1CCC(SCC1(CC(=O)O)CC1)c1cccc(C=Cc2ccc3ccc(Cl)cc3n2)c1	Sex	Male	-0.09836
CC(C)(O)c1ccccc1CCC(SCC1(CC(=O)O)CC1)c1cccc(C=Cc2ccc3ccc(Cl)cc3n2)c1	Sex	Female	-0.00197
CC(C)(O)c1ccccc1CCC(SCC1(CC(=O)O)CC1)c1cccc(C=Cc2ccc3ccc(Cl)cc3n2)c1	Age	Children	-0.07769
CC(C)(O)c1ccccc1CCC(SCC1(CC(=O)O)CC1)c1cccc(C=Cc2ccc3ccc(Cl)cc3n2)c1	Age	Adolescent	-0.01689
CC(C)(O)c1ccccc1CCC(SCC1(CC(=O)O)CC1)c1cccc(C=Cc2ccc3ccc(Cl)cc3n2)c1	Age	Adult	-0.0269
CC(C)(O)c1ccccc1CCC(SCC1(CC(=O)O)CC1)c1cccc(C=Cc2ccc3ccc(Cl)cc3n2)c1	Age	Elderly	-0.02692
CC(C)(O)c1ccccc1CCC(SCC1(CC(=O)O)CC1)c1cccc(C=Cc2ccc3ccc(Cl)cc3n2)c1	Weight	Low	-0.15045
CC(C)(O)c1ccccc1CCC(SCC1(CC(=O)O)CC1)c1cccc(C=Cc2ccc3ccc(Cl)cc3n2)c1	Weight	Average	-0.10449
CC(C)(O)c1ccccc1CCC(SCC1(CC(=O)O)CC1)c1cccc(C=Cc2ccc3ccc(Cl)cc3n2)c1	Weight	High	-0.12218
CC(C)NCC(O)COc1ccc(COCCOC(C)C)cc1	Sex	Male	-0.1063
CC(C)NCC(O)COc1ccc(COCCOC(C)C)cc1	Sex	Female	-0.00143
CC(C)NCC(O)COc1ccc(COCCOC(C)C)cc1	Age	Children	-0.08259
CC(C)NCC(O)COc1ccc(COCCOC(C)C)cc1	Age	Adolescent	-0.02536
CC(C)NCC(O)COc1ccc(COCCOC(C)C)cc1	Age	Adult	-0.03876
CC(C)NCC(O)COc1ccc(COCCOC(C)C)cc1	Age	Elderly	-0.16881
CC(C)NCC(O)COc1ccc(COCCOC(C)C)cc1	Weight	Low	-0.18476
CC(C)NCC(O)COc1ccc(COCCOC(C)C)cc1	Weight	Average	-0.13328
CC(C)NCC(O)COc1ccc(COCCOC(C)C)cc1	Weight	High	-0.22666
CC(C)NCC(O)COc1cccc2[nH]ccc12	Sex	Male	-0.13282
CC(C)NCC(O)COc1cccc2[nH]ccc12	Sex	Female	-0.00175
CC(C)NCC(O)COc1cccc2[nH]ccc12	Age	Children	-0.07607
CC(C)NCC(O)COc1cccc2[nH]ccc12	Age	Adolescent	-0.03278
CC(C)NCC(O)COc1cccc2[nH]ccc12	Age	Adult	-0.05558
CC(C)NCC(O)COc1cccc2[nH]ccc12	Age	Elderly	-0.14315
CC(C)NCC(O)COc1cccc2[nH]ccc12	Weight	Low	-0.19725
CC(C)NCC(O)COc1cccc2[nH]ccc12	Weight	Average	-0.15456
CC(C)NCC(O)COc1cccc2[nH]ccc12	Weight	High	-0.30543
CC(O)(P(=O)(O)O)P(=O)(O)O	Sex	Male	-0.07505
CC(O)(P(=O)(O)O)P(=O)(O)O	Sex	Female	-0.0028
CC(O)(P(=O)(O)O)P(=O)(O)O	Age	Children	-0.074
CC(O)(P(=O)(O)O)P(=O)(O)O	Age	Adolescent	-0.02782
CC(O)(P(=O)(O)O)P(=O)(O)O	Age	Adult	-0.02705
CC(O)(P(=O)(O)O)P(=O)(O)O	Age	Elderly	-0.09861
CC(O)(P(=O)(O)O)P(=O)(O)O	Weight	Low	-0.14074
CC(O)(P(=O)(O)O)P(=O)(O)O	Weight	Average	-0.17979
CC(O)(P(=O)(O)O)P(=O)(O)O	Weight	High	-0.13399
CC(O)CO	Sex	Male	-0.13217
CC(O)CO	Sex	Female	-0.00057
CC(O)CO	Age	Children	-0.07944
CC(O)CO	Age	Adolescent	-0.03879
CC(O)CO	Age	Adult	-0.05235
CC(O)CO	Age	Elderly	-0.22279
CC(O)CO	Weight	Low	-0.19182
CC(O)CO	Weight	Average	-0.22705
CC(O)CO	Weight	High	-0.28591
CC12CCC3C(CCC4=CC(=O)CCC43C)C1CCC2=O	Sex	Male	-0.09839
CC12CCC3C(CCC4=CC(=O)CCC43C)C1CCC2=O	Sex	Female	-0.00058
CC12CCC3C(CCC4=CC(=O)CCC43C)C1CCC2=O	Age	Children	-0.09069
CC12CCC3C(CCC4=CC(=O)CCC43C)C1CCC2=O	Age	Adolescent	-0.02993
CC12CCC3C(CCC4=CC(=O)CCC43C)C1CCC2=O	Age	Adult	-0.11894
CC12CCC3C(CCC4=CC(=O)CCC43C)C1CCC2=O	Age	Elderly	-0.15128
CC12CCC3C(CCC4=CC(=O)CCC43C)C1CCC2=O	Weight	Low	-0.21598
CC12CCC3C(CCC4=CC(=O)CCC43C)C1CCC2=O	Weight	Average	-0.18773
CC12CCC3C(CCC4=CC(=O)CCC43C)C1CCC2=O	Weight	High	-0.22425
CC12CCC3c4ccc(O)cc4CCC3C1CCC2O	Sex	Male	-0.18028
CC12CCC3c4ccc(O)cc4CCC3C1CCC2O	Sex	Female	-0.00263
CC12CCC3c4ccc(O)cc4CCC3C1CCC2O	Age	Children	-0.09343
CC12CCC3c4ccc(O)cc4CCC3C1CCC2O	Age	Adolescent	-0.03407
CC12CCC3c4ccc(O)cc4CCC3C1CCC2O	Age	Adult	-0.08207
CC12CCC3c4ccc(O)cc4CCC3C1CCC2O	Age	Elderly	-0.23481
CC12CCC3c4ccc(O)cc4CCC3C1CCC2O	Weight	Low	-0.29958
CC12CCC3c4ccc(O)cc4CCC3C1CCC2O	Weight	Average	-0.23782
CC12CCC3c4ccc(O)cc4CCC3C1CCC2O	Weight	High	-0.31069
CC12COC(=O)CC1CCC1C2CCC2(C)C1CCC2(C)O	Sex	Male	-0.06845
CC12COC(=O)CC1CCC1C2CCC2(C)C1CCC2(C)O	Sex	Female	-0.00283
CC12COC(=O)CC1CCC1C2CCC2(C)C1CCC2(C)O	Age	Children	-0.07699
CC12COC(=O)CC1CCC1C2CCC2(C)C1CCC2(C)O	Age	Adolescent	-0.046
CC12COC(=O)CC1CCC1C2CCC2(C)C1CCC2(C)O	Age	Adult	-0.09759
CC12COC(=O)CC1CCC1C2CCC2(C)C1CCC2(C)O	Age	Elderly	-0.21069
CC12COC(=O)CC1CCC1C2CCC2(C)C1CCC2(C)O	Weight	Low	-0.17454
CC12COC(=O)CC1CCC1C2CCC2(C)C1CCC2(C)O	Weight	Average	-0.15012
CC12COC(=O)CC1CCC1C2CCC2(C)C1CCC2(C)O	Weight	High	-0.20269
CCC1C(=O)N(C)c2cnc(Nc3ccc(C(=O)NC4CCC(N5CCN(CC6CC6)CC5)CC4)cc3OC)nc2N1C(C)C	Sex	Male	-0.10418
CCC1C(=O)N(C)c2cnc(Nc3ccc(C(=O)NC4CCC(N5CCN(CC6CC6)CC5)CC4)cc3OC)nc2N1C(C)C	Sex	Female	-0.0018
CCC1C(=O)N(C)c2cnc(Nc3ccc(C(=O)NC4CCC(N5CCN(CC6CC6)CC5)CC4)cc3OC)nc2N1C(C)C	Age	Children	-0.07407
CCC1C(=O)N(C)c2cnc(Nc3ccc(C(=O)NC4CCC(N5CCN(CC6CC6)CC5)CC4)cc3OC)nc2N1C(C)C	Age	Adolescent	-0.03437
CCC1C(=O)N(C)c2cnc(Nc3ccc(C(=O)NC4CCC(N5CCN(CC6CC6)CC5)CC4)cc3OC)nc2N1C(C)C	Age	Adult	-0.07661
CCC1C(=O)N(C)c2cnc(Nc3ccc(C(=O)NC4CCC(N5CCN(CC6CC6)CC5)CC4)cc3OC)nc2N1C(C)C	Age	Elderly	-0.20918
CCC1C(=O)N(C)c2cnc(Nc3ccc(C(=O)NC4CCC(N5CCN(CC6CC6)CC5)CC4)cc3OC)nc2N1C(C)C	Weight	Low	-0.14523
CCC1C(=O)N(C)c2cnc(Nc3ccc(C(=O)NC4CCC(N5CCN(CC6CC6)CC5)CC4)cc3OC)nc2N1C(C)C	Weight	Average	-0.11062
CCC1C(=O)N(C)c2cnc(Nc3ccc(C(=O)NC4CCC(N5CCN(CC6CC6)CC5)CC4)cc3OC)nc2N1C(C)C	Weight	High	-0.25261
CCC1CC1(NC(=O)C1CC2CN1C(=O)C(C(C)(C)C)NC(=O)OCC(C)(C)CCCCc1cccc3c1CN(C3)C(=O)O2)C(=O)NS(=O)(=O)C1CC1	Sex	Male	-0.04765
CCC1CC1(NC(=O)C1CC2CN1C(=O)C(C(C)(C)C)NC(=O)OCC(C)(C)CCCCc1cccc3c1CN(C3)C(=O)O2)C(=O)NS(=O)(=O)C1CC1	Sex	Female	-0.00375
CCC1CC1(NC(=O)C1CC2CN1C(=O)C(C(C)(C)C)NC(=O)OCC(C)(C)CCCCc1cccc3c1CN(C3)C(=O)O2)C(=O)NS(=O)(=O)C1CC1	Age	Children	-0.08721
CCC1CC1(NC(=O)C1CC2CN1C(=O)C(C(C)(C)C)NC(=O)OCC(C)(C)CCCCc1cccc3c1CN(C3)C(=O)O2)C(=O)NS(=O)(=O)C1CC1	Age	Adolescent	-0.03149
CCC1CC1(NC(=O)C1CC2CN1C(=O)C(C(C)(C)C)NC(=O)OCC(C)(C)CCCCc1cccc3c1CN(C3)C(=O)O2)C(=O)NS(=O)(=O)C1CC1	Age	Adult	-0.05221
CCC1CC1(NC(=O)C1CC2CN1C(=O)C(C(C)(C)C)NC(=O)OCC(C)(C)CCCCc1cccc3c1CN(C3)C(=O)O2)C(=O)NS(=O)(=O)C1CC1	Age	Elderly	-0.1557
CCC1CC1(NC(=O)C1CC2CN1C(=O)C(C(C)(C)C)NC(=O)OCC(C)(C)CCCCc1cccc3c1CN(C3)C(=O)O2)C(=O)NS(=O)(=O)C1CC1	Weight	Low	-0.09966
CCC1CC1(NC(=O)C1CC2CN1C(=O)C(C(C)(C)C)NC(=O)OCC(C)(C)CCCCc1cccc3c1CN(C3)C(=O)O2)C(=O)NS(=O)(=O)C1CC1	Weight	Average	-0.0671
CCC1CC1(NC(=O)C1CC2CN1C(=O)C(C(C)(C)C)NC(=O)OCC(C)(C)CCCCc1cccc3c1CN(C3)C(=O)O2)C(=O)NS(=O)(=O)C1CC1	Weight	High	-0.11096
CCCNS(=O)(=O)Nc1ncnc(OCCOc2ncc(Br)cn2)c1-c1ccc(Br)cc1	Sex	Male	-0.08034
CCCNS(=O)(=O)Nc1ncnc(OCCOc2ncc(Br)cn2)c1-c1ccc(Br)cc1	Sex	Female	0.0
CCCNS(=O)(=O)Nc1ncnc(OCCOc2ncc(Br)cn2)c1-c1ccc(Br)cc1	Age	Children	-0.04766
CCCNS(=O)(=O)Nc1ncnc(OCCOc2ncc(Br)cn2)c1-c1ccc(Br)cc1	Age	Adolescent	-0.01504
CCCNS(=O)(=O)Nc1ncnc(OCCOc2ncc(Br)cn2)c1-c1ccc(Br)cc1	Age	Adult	-0.0235
CCCNS(=O)(=O)Nc1ncnc(OCCOc2ncc(Br)cn2)c1-c1ccc(Br)cc1	Age	Elderly	-0.0961
CCCNS(=O)(=O)Nc1ncnc(OCCOc2ncc(Br)cn2)c1-c1ccc(Br)cc1	Weight	Low	-0.12716
CCCNS(=O)(=O)Nc1ncnc(OCCOc2ncc(Br)cn2)c1-c1ccc(Br)cc1	Weight	Average	-0.07521
CCCNS(=O)(=O)Nc1ncnc(OCCOc2ncc(Br)cn2)c1-c1ccc(Br)cc1	Weight	High	-0.10219
CCCSc1ccc2nc(NC(=O)OC)[nH]c2c1	Sex	Male	-0.11548
CCCSc1ccc2nc(NC(=O)OC)[nH]c2c1	Sex	Female	-0.00186
CCCSc1ccc2nc(NC(=O)OC)[nH]c2c1	Age	Children	-0.068
CCCSc1ccc2nc(NC(=O)OC)[nH]c2c1	Age	Adolescent	-0.01164
CCCSc1ccc2nc(NC(=O)OC)[nH]c2c1	Age	Adult	-0.04718
CCCSc1ccc2nc(NC(=O)OC)[nH]c2c1	Age	Elderly	-0.09038
CCCSc1ccc2nc(NC(=O)OC)[nH]c2c1	Weight	Low	-0.10591
CCCSc1ccc2nc(NC(=O)OC)[nH]c2c1	Weight	Average	-0.06657
CCCSc1ccc2nc(NC(=O)OC)[nH]c2c1	Weight	High	-0.23802
CCN(CC)CCNC(=O)c1cc(Cl)c(N)cc1OC	Sex	Male	-0.07226
CCN(CC)CCNC(=O)c1cc(Cl)c(N)cc1OC	Sex	Female	-0.00031
CCN(CC)CCNC(=O)c1cc(Cl)c(N)cc1OC	Age	Children	-0.05668
CCN(CC)CCNC(=O)c1cc(Cl)c(N)cc1OC	Age	Adolescent	-0.00887
CCN(CC)CCNC(=O)c1cc(Cl)c(N)cc1OC	Age	Adult	-0.03924
CCN(CC)CCNC(=O)c1cc(Cl)c(N)cc1OC	Age	Elderly	-0.13943
CCN(CC)CCNC(=O)c1cc(Cl)c(N)cc1OC	Weight	Low	-0.08882
CCN(CC)CCNC(=O)c1cc(Cl)c(N)cc1OC	Weight	Average	-0.05612
CCN(CC)CCNC(=O)c1cc(Cl)c(N)cc1OC	Weight	High	-0.21394
CCNC1CC(N)C(OC2OC(CN)=CCC2N)C(O)C1OC1OCC(C)(O)C(NC)C1O	Sex	Male	-0.04049
CCNC1CC(N)C(OC2OC(CN)=CCC2N)C(O)C1OC1OCC(C)(O)C(NC)C1O	Sex	Female	-0.00466
CCNC1CC(N)C(OC2OC(CN)=CCC2N)C(O)C1OC1OCC(C)(O)C(NC)C1O	Age	Children	-0.06153
CCNC1CC(N)C(OC2OC(CN)=CCC2N)C(O)C1OC1OCC(C)(O)C(NC)C1O	Age	Adolescent	-0.01968
CCNC1CC(N)C(OC2OC(CN)=CCC2N)C(O)C1OC1OCC(C)(O)C(NC)C1O	Age	Adult	-0.02927
CCNC1CC(N)C(OC2OC(CN)=CCC2N)C(O)C1OC1OCC(C)(O)C(NC)C1O	Age	Elderly	-0.09713
CCNC1CC(N)C(OC2OC(CN)=CCC2N)C(O)C1OC1OCC(C)(O)C(NC)C1O	Weight	Low	-0.09186
CCNC1CC(N)C(OC2OC(CN)=CCC2N)C(O)C1OC1OCC(C)(O)C(NC)C1O	Weight	Average	-0.11833
CCNC1CC(N)C(OC2OC(CN)=CCC2N)C(O)C1OC1OCC(C)(O)C(NC)C1O	Weight	High	-0.15497
CCc1nc(N)nc(N)c1-c1ccc(Cl)cc1	Sex	Male	-0.13767
CCc1nc(N)nc(N)c1-c1ccc(Cl)cc1	Sex	Female	-0.00374
CCc1nc(N)nc(N)c1-c1ccc(Cl)cc1	Age	Children	-0.10086
CCc1nc(N)nc(N)c1-c1ccc(Cl)cc1	Age	Adolescent	-0.01193
CCc1nc(N)nc(N)c1-c1ccc(Cl)cc1	Age	Adult	-0.09056
CCc1nc(N)nc(N)c1-c1ccc(Cl)cc1	Age	Elderly	-0.19735
CCc1nc(N)nc(N)c1-c1ccc(Cl)cc1	Weight	Low	-0.14089
CCc1nc(N)nc(N)c1-c1ccc(Cl)cc1	Weight	Average	-0.1445
CCc1nc(N)nc(N)c1-c1ccc(Cl)cc1	Weight	High	-0.16752
CN(C)CCc1c[nH]c2ccc(CS(=O)(=O)N3CCCC3)cc12	Sex	Male	-0.12644
CN(C)CCc1c[nH]c2ccc(CS(=O)(=O)N3CCCC3)cc12	Sex	Female	0.0
CN(C)CCc1c[nH]c2ccc(CS(=O)(=O)N3CCCC3)cc12	Age	Children	-0.08454
CN(C)CCc1c[nH]c2ccc(CS(=O)(=O)N3CCCC3)cc12	Age	Adolescent	-0.02344
CN(C)CCc1c[nH]c2ccc(CS(=O)(=O)N3CCCC3)cc12	Age	Adult	-0.09182
CN(C)CCc1c[nH]c2ccc(CS(=O)(=O)N3CCCC3)cc12	Age	Elderly	-0.27092
CN(C)CCc1c[nH]c2ccc(CS(=O)(=O)N3CCCC3)cc12	Weight	Low	-0.23615
CN(C)CCc1c[nH]c2ccc(CS(=O)(=O)N3CCCC3)cc12	Weight	Average	-0.21406
CN(C)CCc1c[nH]c2ccc(CS(=O)(=O)N3CCCC3)cc12	Weight	High	-0.26626
CN(C)CCc1c[nH]c2cccc(OP(=O)(O)O)c12	Sex	Male	-0.09343
CN(C)CCc1c[nH]c2cccc(OP(=O)(O)O)c12	Sex	Female	-0.00025
CN(C)CCc1c[nH]c2cccc(OP(=O)(O)O)c12	Age	Children	-0.05868
CN(C)CCc1c[nH]c2cccc(OP(=O)(O)O)c12	Age	Adolescent	-0.02459
CN(C)CCc1c[nH]c2cccc(OP(=O)(O)O)c12	Age	Adult	-0.04889
CN(C)CCc1c[nH]c2cccc(OP(=O)(O)O)c12	Age	Elderly	-0.15934
CN(C)CCc1c[nH]c2cccc(OP(=O)(O)O)c12	Weight	Low	-0.12968
CN(C)CCc1c[nH]c2cccc(OP(=O)(O)O)c12	Weight	Average	-0.10153
CN(C)CCc1c[nH]c2cccc(OP(=O)(O)O)c12	Weight	High	-0.25794
CNC(=C[N+](=O)[O-])NCCSCc1ccc(CN(C)C)o1	Sex	Male	-0.11667
CNC(=C[N+](=O)[O-])NCCSCc1ccc(CN(C)C)o1	Sex	Female	-0.00269
CNC(=C[N+](=O)[O-])NCCSCc1ccc(CN(C)C)o1	Age	Children	-0.07267
CNC(=C[N+](=O)[O-])NCCSCc1ccc(CN(C)C)o1	Age	Adolescent	-0.02954
CNC(=C[N+](=O)[O-])NCCSCc1ccc(CN(C)C)o1	Age	Adult	-0.04351
CNC(=C[N+](=O)[O-])NCCSCc1ccc(CN(C)C)o1	Age	Elderly	-0.17075
CNC(=C[N+](=O)[O-])NCCSCc1ccc(CN(C)C)o1	Weight	Low	-0.12977
CNC(=C[N+](=O)[O-])NCCSCc1ccc(CN(C)C)o1	Weight	Average	-0.17743
CNC(=C[N+](=O)[O-])NCCSCc1ccc(CN(C)C)o1	Weight	High	-0.21198
CNC(=N[N+](=O)[O-])NCC1CCOC1	Sex	Male	-0.15193
CNC(=N[N+](=O)[O-])NCC1CCOC1	Sex	Female	-0.00201
CNC(=N[N+](=O)[O-])NCC1CCOC1	Age	Children	-0.06922
CNC(=N[N+](=O)[O-])NCC1CCOC1	Age	Adolescent	-0.02773
CNC(=N[N+](=O)[O-])NCC1CCOC1	Age	Adult	-0.06485
CNC(=N[N+](=O)[O-])NCC1CCOC1	Age	Elderly	-0.23986
CNC(=N[N+](=O)[O-])NCC1CCOC1	Weight	Low	-0.1463
CNC(=N[N+](=O)[O-])NCC1CCOC1	Weight	Average	-0.19408
CNC(=N[N+](=O)[O-])NCC1CCOC1	Weight	High	-0.25943
CNC(=O)c1c(C)oc2cc(Oc3ncnc4cc(OC)c(OC)cc34)ccc12	Sex	Male	-0.09041
CNC(=O)c1c(C)oc2cc(Oc3ncnc4cc(OC)c(OC)cc34)ccc12	Sex	Female	0.0009
CNC(=O)c1c(C)oc2cc(Oc3ncnc4cc(OC)c(OC)cc34)ccc12	Age	Children	-0.05791
CNC(=O)c1c(C)oc2cc(Oc3ncnc4cc(OC)c(OC)cc34)ccc12	Age	Adolescent	-0.01925
CNC(=O)c1c(C)oc2cc(Oc3ncnc4cc(OC)c(OC)cc34)ccc12	Age	Adult	-0.03021
CNC(=O)c1c(C)oc2cc(Oc3ncnc4cc(OC)c(OC)cc34)ccc12	Age	Elderly	-0.14785
CNC(=O)c1c(C)oc2cc(Oc3ncnc4cc(OC)c(OC)cc34)ccc12	Weight	Low	-0.11914
CNC(=O)c1c(C)oc2cc(Oc3ncnc4cc(OC)c(OC)cc34)ccc12	Weight	Average	-0.11171
CNC(=O)c1c(C)oc2cc(Oc3ncnc4cc(OC)c(OC)cc34)ccc12	Weight	High	-0.0961
CNC(=O)c1ccc(-c2cnc3ncc(Cc4ccc5ncccc5c4)n3n2)cc1F	Sex	Male	-0.11015
CNC(=O)c1ccc(-c2cnc3ncc(Cc4ccc5ncccc5c4)n3n2)cc1F	Sex	Female	-0.00285
CNC(=O)c1ccc(-c2cnc3ncc(Cc4ccc5ncccc5c4)n3n2)cc1F	Age	Children	-0.08513
CNC(=O)c1ccc(-c2cnc3ncc(Cc4ccc5ncccc5c4)n3n2)cc1F	Age	Adolescent	-0.01766
CNC(=O)c1ccc(-c2cnc3ncc(Cc4ccc5ncccc5c4)n3n2)cc1F	Age	Adult	-0.07495
CNC(=O)c1ccc(-c2cnc3ncc(Cc4ccc5ncccc5c4)n3n2)cc1F	Age	Elderly	-0.08933
CNC(=O)c1ccc(-c2cnc3ncc(Cc4ccc5ncccc5c4)n3n2)cc1F	Weight	Low	-0.15896
CNC(=O)c1ccc(-c2cnc3ncc(Cc4ccc5ncccc5c4)n3n2)cc1F	Weight	Average	-0.08828
CNC(=O)c1ccc(-c2cnc3ncc(Cc4ccc5ncccc5c4)n3n2)cc1F	Weight	High	-0.12625
COCCCOc1cc(CC(CC(N)C(O)CC(C(=O)NCC(C)(C)C(N)=O)C(C)C)C(C)C)ccc1OC	Sex	Male	-0.10069
COCCCOc1cc(CC(CC(N)C(O)CC(C(=O)NCC(C)(C)C(N)=O)C(C)C)C(C)C)ccc1OC	Sex	Female	-0.00179
COCCCOc1cc(CC(CC(N)C(O)CC(C(=O)NCC(C)(C)C(N)=O)C(C)C)C(C)C)ccc1OC	Age	Children	-0.06815
COCCCOc1cc(CC(CC(N)C(O)CC(C(=O)NCC(C)(C)C(N)=O)C(C)C)C(C)C)ccc1OC	Age	Adolescent	-0.02411
COCCCOc1cc(CC(CC(N)C(O)CC(C(=O)NCC(C)(C)C(N)=O)C(C)C)C(C)C)ccc1OC	Age	Adult	-0.04378
COCCCOc1cc(CC(CC(N)C(O)CC(C(=O)NCC(C)(C)C(N)=O)C(C)C)C(C)C)ccc1OC	Age	Elderly	-0.13835
COCCCOc1cc(CC(CC(N)C(O)CC(C(=O)NCC(C)(C)C(N)=O)C(C)C)C(C)C)ccc1OC	Weight	Low	-0.139
COCCCOc1cc(CC(CC(N)C(O)CC(C(=O)NCC(C)(C)C(N)=O)C(C)C)C(C)C)ccc1OC	Weight	Average	-0.11395
COCCCOc1cc(CC(CC(N)C(O)CC(C(=O)NCC(C)(C)C(N)=O)C(C)C)C(C)C)ccc1OC	Weight	High	-0.22494
CONC(=O)Nc1ccc(-c2sc3c(c2CN(C)C)c(=O)n(-c2ccc(OC)nn2)c(=O)n3Cc2c(F)cccc2F)cc1	Sex	Male	-0.09303
CONC(=O)Nc1ccc(-c2sc3c(c2CN(C)C)c(=O)n(-c2ccc(OC)nn2)c(=O)n3Cc2c(F)cccc2F)cc1	Sex	Female	-0.00386
CONC(=O)Nc1ccc(-c2sc3c(c2CN(C)C)c(=O)n(-c2ccc(OC)nn2)c(=O)n3Cc2c(F)cccc2F)cc1	Age	Children	-0.06207
CONC(=O)Nc1ccc(-c2sc3c(c2CN(C)C)c(=O)n(-c2ccc(OC)nn2)c(=O)n3Cc2c(F)cccc2F)cc1	Age	Adolescent	-0.01076
CONC(=O)Nc1ccc(-c2sc3c(c2CN(C)C)c(=O)n(-c2ccc(OC)nn2)c(=O)n3Cc2c(F)cccc2F)cc1	Age	Adult	-0.08273
CONC(=O)Nc1ccc(-c2sc3c(c2CN(C)C)c(=O)n(-c2ccc(OC)nn2)c(=O)n3Cc2c(F)cccc2F)cc1	Age	Elderly	-0.20575
CONC(=O)Nc1ccc(-c2sc3c(c2CN(C)C)c(=O)n(-c2ccc(OC)nn2)c(=O)n3Cc2c(F)cccc2F)cc1	Weight	Low	-0.12555
CONC(=O)Nc1ccc(-c2sc3c(c2CN(C)C)c(=O)n(-c2ccc(OC)nn2)c(=O)n3Cc2c(F)cccc2F)cc1	Weight	Average	-0.12931
CONC(=O)Nc1ccc(-c2sc3c(c2CN(C)C)c(=O)n(-c2ccc(OC)nn2)c(=O)n3Cc2c(F)cccc2F)cc1	Weight	High	-0.17696
COc1cc2ncnc(Nc3ccc(F)c(Cl)c3)c2cc1NC(=O)C=CCN1CCCCC1	Sex	Male	-0.13428
COc1cc2ncnc(Nc3ccc(F)c(Cl)c3)c2cc1NC(=O)C=CCN1CCCCC1	Sex	Female	-0.00257
COc1cc2ncnc(Nc3ccc(F)c(Cl)c3)c2cc1NC(=O)C=CCN1CCCCC1	Age	Children	-0.07235
COc1cc2ncnc(Nc3ccc(F)c(Cl)c3)c2cc1NC(=O)C=CCN1CCCCC1	Age	Adolescent	-0.0259
COc1cc2ncnc(Nc3ccc(F)c(Cl)c3)c2cc1NC(=O)C=CCN1CCCCC1	Age	Adult	-0.07827
COc1cc2ncnc(Nc3ccc(F)c(Cl)c3)c2cc1NC(=O)C=CCN1CCCCC1	Age	Elderly	-0.14797
COc1cc2ncnc(Nc3ccc(F)c(Cl)c3)c2cc1NC(=O)C=CCN1CCCCC1	Weight	Low	-0.09517
COc1cc2ncnc(Nc3ccc(F)c(Cl)c3)c2cc1NC(=O)C=CCN1CCCCC1	Weight	Average	-0.08859
COc1cc2ncnc(Nc3ccc(F)c(Cl)c3)c2cc1NC(=O)C=CCN1CCCCC1	Weight	High	-0.14843
COc1ccc(Br)c(F)c1[N+](=O)[O-]	Sex	Male	-0.10477
COc1ccc(Br)c(F)c1[N+](=O)[O-]	Sex	Female	-0.00241
COc1ccc(Br)c(F)c1[N+](=O)[O-]	Age	Children	-0.07678
COc1ccc(Br)c(F)c1[N+](=O)[O-]	Age	Adolescent	-0.02434
COc1ccc(Br)c(F)c1[N+](=O)[O-]	Age	Adult	-0.06726
COc1ccc(Br)c(F)c1[N+](=O)[O-]	Age	Elderly	-0.24565
COc1ccc(Br)c(F)c1[N+](=O)[O-]	Weight	Low	-0.1174
COc1ccc(Br)c(F)c1[N+](=O)[O-]	Weight	Average	-0.15509
COc1ccc(Br)c(F)c1[N+](=O)[O-]	Weight	High	-0.16645
COc1ccc(CN(CCN(C)C)c2ccccn2)cc1	Sex	Male	-0.08499
COc1ccc(CN(CCN(C)C)c2ccccn2)cc1	Sex	Female	0.0
COc1ccc(CN(CCN(C)C)c2ccccn2)cc1	Age	Children	-0.08057
COc1ccc(CN(CCN(C)C)c2ccccn2)cc1	Age	Adolescent	-0.02529
COc1ccc(CN(CCN(C)C)c2ccccn2)cc1	Age	Adult	-0.04825
COc1ccc(CN(CCN(C)C)c2ccccn2)cc1	Age	Elderly	-0.19068
COc1ccc(CN(CCN(C)C)c2ccccn2)cc1	Weight	Low	-0.17936
COc1ccc(CN(CCN(C)C)c2ccccn2)cc1	Weight	Average	-0.1588
COc1ccc(CN(CCN(C)C)c2ccccn2)cc1	Weight	High	-0.14704
COc1ccc(Cl)c(Nc2nc3ccccc3nc2NS(=O)(=O)c2cccc(NC(=O)C(C)(C)N)c2)c1	Sex	Male	-0.09565
COc1ccc(Cl)c(Nc2nc3ccccc3nc2NS(=O)(=O)c2cccc(NC(=O)C(C)(C)N)c2)c1	Sex	Female	-0.00272
COc1ccc(Cl)c(Nc2nc3ccccc3nc2NS(=O)(=O)c2cccc(NC(=O)C(C)(C)N)c2)c1	Age	Children	-0.09627
COc1ccc(Cl)c(Nc2nc3ccccc3nc2NS(=O)(=O)c2cccc(NC(=O)C(C)(C)N)c2)c1	Age	Adolescent	-0.02584
COc1ccc(Cl)c(Nc2nc3ccccc3nc2NS(=O)(=O)c2cccc(NC(=O)C(C)(C)N)c2)c1	Age	Adult	-0.03548
COc1ccc(Cl)c(Nc2nc3ccccc3nc2NS(=O)(=O)c2cccc(NC(=O)C(C)(C)N)c2)c1	Age	Elderly	-0.13345
COc1ccc(Cl)c(Nc2nc3ccccc3nc2NS(=O)(=O)c2cccc(NC(=O)C(C)(C)N)c2)c1	Weight	Low	-0.15414
COc1ccc(Cl)c(Nc2nc3ccccc3nc2NS(=O)(=O)c2cccc(NC(=O)C(C)(C)N)c2)c1	Weight	Average	-0.1072
COc1ccc(Cl)c(Nc2nc3ccccc3nc2NS(=O)(=O)c2cccc(NC(=O)C(C)(C)N)c2)c1	Weight	High	-0.11619
COc1cccc(CCc2ccccc2OCC(CN(C)C)OC(=O)CCC(=O)O)c1	Sex	Male	-0.07521
COc1cccc(CCc2ccccc2OCC(CN(C)C)OC(=O)CCC(=O)O)c1	Sex	Female	0.00041
COc1cccc(CCc2ccccc2OCC(CN(C)C)OC(=O)CCC(=O)O)c1	Age	Children	-0.06835
COc1cccc(CCc2ccccc2OCC(CN(C)C)OC(=O)CCC(=O)O)c1	Age	Adolescent	-0.01367
COc1cccc(CCc2ccccc2OCC(CN(C)C)OC(=O)CCC(=O)O)c1	Age	Adult	-0.04203
COc1cccc(CCc2ccccc2OCC(CN(C)C)OC(=O)CCC(=O)O)c1	Age	Elderly	-0.18547
COc1cccc(CCc2ccccc2OCC(CN(C)C)OC(=O)CCC(=O)O)c1	Weight	Low	-0.1339
COc1cccc(CCc2ccccc2OCC(CN(C)C)OC(=O)CCC(=O)O)c1	Weight	Average	-0.17487
COc1cccc(CCc2ccccc2OCC(CN(C)C)OC(=O)CCC(=O)O)c1	Weight	High	-0.12703
COc1ncnc(NS(=O)(=O)c2ccc(N)cc2)c1OC	Sex	Male	-0.08565
COc1ncnc(NS(=O)(=O)c2ccc(N)cc2)c1OC	Sex	Female	-0.00047
COc1ncnc(NS(=O)(=O)c2ccc(N)cc2)c1OC	Age	Children	-0.0488
COc1ncnc(NS(=O)(=O)c2ccc(N)cc2)c1OC	Age	Adolescent	-0.0204
COc1ncnc(NS(=O)(=O)c2ccc(N)cc2)c1OC	Age	Adult	-0.04475
COc1ncnc(NS(=O)(=O)c2ccc(N)cc2)c1OC	Age	Elderly	-0.17045
COc1ncnc(NS(=O)(=O)c2ccc(N)cc2)c1OC	Weight	Low	-0.04992
COc1ncnc(NS(=O)(=O)c2ccc(N)cc2)c1OC	Weight	Average	-0.09712
COc1ncnc(NS(=O)(=O)c2ccc(N)cc2)c1OC	Weight	High	-0.13296
Cc1ncc(COC(=O)CCC(=O)OCCN(C)C)c(CO)c1O	Sex	Male	-0.0937
Cc1ncc(COC(=O)CCC(=O)OCCN(C)C)c(CO)c1O	Sex	Female	0.00094
Cc1ncc(COC(=O)CCC(=O)OCCN(C)C)c(CO)c1O	Age	Children	-0.06026
Cc1ncc(COC(=O)CCC(=O)OCCN(C)C)c(CO)c1O	Age	Adolescent	-0.03099
Cc1ncc(COC(=O)CCC(=O)OCCN(C)C)c(CO)c1O	Age	Adult	-0.06277
Cc1ncc(COC(=O)CCC(=O)OCCN(C)C)c(CO)c1O	Age	Elderly	-0.12921
Cc1ncc(COC(=O)CCC(=O)OCCN(C)C)c(CO)c1O	Weight	Low	-0.1482
Cc1ncc(COC(=O)CCC(=O)OCCN(C)C)c(CO)c1O	Weight	Average	-0.08768
Cc1ncc(COC(=O)CCC(=O)OCCN(C)C)c(CO)c1O	Weight	High	-0.13349
N#Cc1c[nH]cc1-c1cccc2c1OC(F)(F)O2	Sex	Male	-0.10861
N#Cc1c[nH]cc1-c1cccc2c1OC(F)(F)O2	Sex	Female	-0.00288
N#Cc1c[nH]cc1-c1cccc2c1OC(F)(F)O2	Age	Children	-0.07469
N#Cc1c[nH]cc1-c1cccc2c1OC(F)(F)O2	Age	Adolescent	-0.02045
N#Cc1c[nH]cc1-c1cccc2c1OC(F)(F)O2	Age	Adult	-0.06241
N#Cc1c[nH]cc1-c1cccc2c1OC(F)(F)O2	Age	Elderly	-0.18754
N#Cc1c[nH]cc1-c1cccc2c1OC(F)(F)O2	Weight	Low	-0.11744
N#Cc1c[nH]cc1-c1cccc2c1OC(F)(F)O2	Weight	Average	-0.08081
N#Cc1c[nH]cc1-c1cccc2c1OC(F)(F)O2	Weight	High	-0.21638
N=C(N)c1ccc(OCCCCCOc2ccc(C(=N)N)cc2)cc1	Sex	Male	-0.11322
N=C(N)c1ccc(OCCCCCOc2ccc(C(=N)N)cc2)cc1	Sex	Female	-0.00283
N=C(N)c1ccc(OCCCCCOc2ccc(C(=N)N)cc2)cc1	Age	Children	-0.07907
N=C(N)c1ccc(OCCCCCOc2ccc(C(=N)N)cc2)cc1	Age	Adolescent	-0.0205
N=C(N)c1ccc(OCCCCCOc2ccc(C(=N)N)cc2)cc1	Age	Adult	-0.0421
N=C(N)c1ccc(OCCCCCOc2ccc(C(=N)N)cc2)cc1	Age	Elderly	-0.0884
N=C(N)c1ccc(OCCCCCOc2ccc(C(=N)N)cc2)cc1	Weight	Low	-0.20154
N=C(N)c1ccc(OCCCCCOc2ccc(C(=N)N)cc2)cc1	Weight	Average	-0.16072
N=C(N)c1ccc(OCCCCCOc2ccc(C(=N)N)cc2)cc1	Weight	High	-0.16791
NNC(=O)c1ccncc1	Sex	Male	-0.14276
NNC(=O)c1ccncc1	Sex	Female	0.00229
NNC(=O)c1ccncc1	Age	Children	-0.10982
NNC(=O)c1ccncc1	Age	Adolescent	-0.033
NNC(=O)c1ccncc1	Age	Adult	-0.08341
NNC(=O)c1ccncc1	Age	Elderly	-0.25614
NNC(=O)c1ccncc1	Weight	Low	-0.16562
NNC(=O)c1ccncc1	Weight	Average	-0.22108
NNC(=O)c1ccncc1	Weight	High	-0.23448
O=C1OC(=O)C2C3CCC(O3)C12	Sex	Male	-0.13756
O=C1OC(=O)C2C3CCC(O3)C12	Sex	Female	-0.00233
O=C1OC(=O)C2C3CCC(O3)C12	Age	Children	-0.07995
O=C1OC(=O)C2C3CCC(O3)C12	Age	Adolescent	-0.0334
O=C1OC(=O)C2C3CCC(O3)C12	Age	Adult	-0.04773
O=C1OC(=O)C2C3CCC(O3)C12	Age	Elderly	-0.17188
O=C1OC(=O)C2C3CCC(O3)C12	Weight	Low	-0.15144
O=C1OC(=O)C2C3CCC(O3)C12	Weight	Average	-0.18414
O=C1OC(=O)C2C3CCC(O3)C12	Weight	High	-0.21512
OCC(S)CS	Sex	Male	-0.11215
OCC(S)CS	Sex	Female	-0.00203
OCC(S)CS	Age	Children	-0.0748
OCC(S)CS	Age	Adolescent	-0.0219
OCC(S)CS	Age	Adult	-0.04743
OCC(S)CS	Age	Elderly	-0.22271
OCC(S)CS	Weight	Low	-0.18385
OCC(S)CS	Weight	Average	-0.18739
OCC(S)CS	Weight	High	-0.16683
CCNC(=O)c1noc(-c2cc(C(C)(C)C)c(O)cc2O)c1-c1ccc(CN2CCOCC2)cc1	Sex	Male	-0.10327
CCNC(=O)c1noc(-c2cc(C(C)(C)C)c(O)cc2O)c1-c1ccc(CN2CCOCC2)cc1	Sex	Female	-0.00249
CCNC(=O)c1noc(-c2cc(C(C)(C)C)c(O)cc2O)c1-c1ccc(CN2CCOCC2)cc1	Age	Children	-0.07683
CCNC(=O)c1noc(-c2cc(C(C)(C)C)c(O)cc2O)c1-c1ccc(CN2CCOCC2)cc1	Age	Adolescent	-0.03075
CCNC(=O)c1noc(-c2cc(C(C)(C)C)c(O)cc2O)c1-c1ccc(CN2CCOCC2)cc1	Age	Adult	-0.03977
CCNC(=O)c1noc(-c2cc(C(C)(C)C)c(O)cc2O)c1-c1ccc(CN2CCOCC2)cc1	Age	Elderly	-0.16383
CCNC(=O)c1noc(-c2cc(C(C)(C)C)c(O)cc2O)c1-c1ccc(CN2CCOCC2)cc1	Weight	Low	-0.13563
CCNC(=O)c1noc(-c2cc(C(C)(C)C)c(O)cc2O)c1-c1ccc(CN2CCOCC2)cc1	Weight	Average	-0.08472
CCNC(=O)c1noc(-c2cc(C(C)(C)C)c(O)cc2O)c1-c1ccc(CN2CCOCC2)cc1	Weight	High	-0.26659
Cc1nn(C)cc1S(=O)(=O)NC(=O)c1ccc(-n2ccc(OCC(C)(C)C(F)(F)F)n2)nc1N1CC(C)CC1(C)C	Sex	Male	-0.10117
Cc1nn(C)cc1S(=O)(=O)NC(=O)c1ccc(-n2ccc(OCC(C)(C)C(F)(F)F)n2)nc1N1CC(C)CC1(C)C	Sex	Female	0.0
Cc1nn(C)cc1S(=O)(=O)NC(=O)c1ccc(-n2ccc(OCC(C)(C)C(F)(F)F)n2)nc1N1CC(C)CC1(C)C	Age	Children	-0.07082
Cc1nn(C)cc1S(=O)(=O)NC(=O)c1ccc(-n2ccc(OCC(C)(C)C(F)(F)F)n2)nc1N1CC(C)CC1(C)C	Age	Adolescent	-0.02499
Cc1nn(C)cc1S(=O)(=O)NC(=O)c1ccc(-n2ccc(OCC(C)(C)C(F)(F)F)n2)nc1N1CC(C)CC1(C)C	Age	Adult	-0.07271
Cc1nn(C)cc1S(=O)(=O)NC(=O)c1ccc(-n2ccc(OCC(C)(C)C(F)(F)F)n2)nc1N1CC(C)CC1(C)C	Age	Elderly	-0.17249
Cc1nn(C)cc1S(=O)(=O)NC(=O)c1ccc(-n2ccc(OCC(C)(C)C(F)(F)F)n2)nc1N1CC(C)CC1(C)C	Weight	Low	-0.08068
Cc1nn(C)cc1S(=O)(=O)NC(=O)c1ccc(-n2ccc(OCC(C)(C)C(F)(F)F)n2)nc1N1CC(C)CC1(C)C	Weight	Average	-0.04594
Cc1nn(C)cc1S(=O)(=O)NC(=O)c1ccc(-n2ccc(OCC(C)(C)C(F)(F)F)n2)nc1N1CC(C)CC1(C)C	Weight	High	-0.15089
C=CC(=O)Nc1cc(Nc2ncc(C(=O)OC(C)C)c(-c3cn(C)c4ccccc34)n2)c(OC)cc1N(C)CCN(C)C	Sex	Male	-0.09223
C=CC(=O)Nc1cc(Nc2ncc(C(=O)OC(C)C)c(-c3cn(C)c4ccccc34)n2)c(OC)cc1N(C)CCN(C)C	Sex	Female	0.00078
C=CC(=O)Nc1cc(Nc2ncc(C(=O)OC(C)C)c(-c3cn(C)c4ccccc34)n2)c(OC)cc1N(C)CCN(C)C	Age	Children	-0.06835
C=CC(=O)Nc1cc(Nc2ncc(C(=O)OC(C)C)c(-c3cn(C)c4ccccc34)n2)c(OC)cc1N(C)CCN(C)C	Age	Adolescent	-0.02236
C=CC(=O)Nc1cc(Nc2ncc(C(=O)OC(C)C)c(-c3cn(C)c4ccccc34)n2)c(OC)cc1N(C)CCN(C)C	Age	Adult	-0.08702
C=CC(=O)Nc1cc(Nc2ncc(C(=O)OC(C)C)c(-c3cn(C)c4ccccc34)n2)c(OC)cc1N(C)CCN(C)C	Age	Elderly	-0.1739
C=CC(=O)Nc1cc(Nc2ncc(C(=O)OC(C)C)c(-c3cn(C)c4ccccc34)n2)c(OC)cc1N(C)CCN(C)C	Weight	Low	-0.11872
C=CC(=O)Nc1cc(Nc2ncc(C(=O)OC(C)C)c(-c3cn(C)c4ccccc34)n2)c(OC)cc1N(C)CCN(C)C	Weight	Average	-0.11423
C=CC(=O)Nc1cc(Nc2ncc(C(=O)OC(C)C)c(-c3cn(C)c4ccccc34)n2)c(OC)cc1N(C)CCN(C)C	Weight	High	-0.17887
CNCc1ccc(-c2[nH]c3cc(F)cc4c3c2CCNC4=O)cc1	Sex	Male	-0.11409
CNCc1ccc(-c2[nH]c3cc(F)cc4c3c2CCNC4=O)cc1	Sex	Female	0.00206
CNCc1ccc(-c2[nH]c3cc(F)cc4c3c2CCNC4=O)cc1	Age	Children	-0.08227
CNCc1ccc(-c2[nH]c3cc(F)cc4c3c2CCNC4=O)cc1	Age	Adolescent	-0.01219
CNCc1ccc(-c2[nH]c3cc(F)cc4c3c2CCNC4=O)cc1	Age	Adult	-0.08012
CNCc1ccc(-c2[nH]c3cc(F)cc4c3c2CCNC4=O)cc1	Age	Elderly	-0.2122
CNCc1ccc(-c2[nH]c3cc(F)cc4c3c2CCNC4=O)cc1	Weight	Low	-0.18034
CNCc1ccc(-c2[nH]c3cc(F)cc4c3c2CCNC4=O)cc1	Weight	Average	-0.15848
CNCc1ccc(-c2[nH]c3cc(F)cc4c3c2CCNC4=O)cc1	Weight	High	-0.3243
CC(=NC#N)N(C)Cc1ccc(Cl)nc1	Sex	Male	-0.082
CC(=NC#N)N(C)Cc1ccc(Cl)nc1	Sex	Female	-0.00288
CC(=NC#N)N(C)Cc1ccc(Cl)nc1	Age	Children	-0.07867
CC(=NC#N)N(C)Cc1ccc(Cl)nc1	Age	Adolescent	-0.02428
CC(=NC#N)N(C)Cc1ccc(Cl)nc1	Age	Adult	-0.10351
CC(=NC#N)N(C)Cc1ccc(Cl)nc1	Age	Elderly	-0.21283
CC(=NC#N)N(C)Cc1ccc(Cl)nc1	Weight	Low	-0.17814
CC(=NC#N)N(C)Cc1ccc(Cl)nc1	Weight	Average	-0.18343
CC(=NC#N)N(C)Cc1ccc(Cl)nc1	Weight	High	-0.1599
CC(=O)OC1(C(C)=O)CCC2C3C=C(Cl)C4=CC(=O)C5CC5C4(C)C3CCC21C	Sex	Male	-0.05186
CC(=O)OC1(C(C)=O)CCC2C3C=C(Cl)C4=CC(=O)C5CC5C4(C)C3CCC21C	Sex	Female	-0.00285
CC(=O)OC1(C(C)=O)CCC2C3C=C(Cl)C4=CC(=O)C5CC5C4(C)C3CCC21C	Age	Children	-0.07099
CC(=O)OC1(C(C)=O)CCC2C3C=C(Cl)C4=CC(=O)C5CC5C4(C)C3CCC21C	Age	Adolescent	-0.01864
CC(=O)OC1(C(C)=O)CCC2C3C=C(Cl)C4=CC(=O)C5CC5C4(C)C3CCC21C	Age	Adult	-0.09791
CC(=O)OC1(C(C)=O)CCC2C3C=C(Cl)C4=CC(=O)C5CC5C4(C)C3CCC21C	Age	Elderly	-0.14884
CC(=O)OC1(C(C)=O)CCC2C3C=C(Cl)C4=CC(=O)C5CC5C4(C)C3CCC21C	Weight	Low	-0.14876
CC(=O)OC1(C(C)=O)CCC2C3C=C(Cl)C4=CC(=O)C5CC5C4(C)C3CCC21C	Weight	Average	-0.18192
CC(=O)OC1(C(C)=O)CCC2C3C=C(Cl)C4=CC(=O)C5CC5C4(C)C3CCC21C	Weight	High	-0.20026
CC(=O)OC1CC2CCC3C(CCC4(C)C3CC([N+]3(C)CCCCC3)C4OC(C)=O)C2(C)CC1N1CCCCC1	Sex	Male	-0.0603
CC(=O)OC1CC2CCC3C(CCC4(C)C3CC([N+]3(C)CCCCC3)C4OC(C)=O)C2(C)CC1N1CCCCC1	Sex	Female	-0.00276
CC(=O)OC1CC2CCC3C(CCC4(C)C3CC([N+]3(C)CCCCC3)C4OC(C)=O)C2(C)CC1N1CCCCC1	Age	Children	-0.0864
CC(=O)OC1CC2CCC3C(CCC4(C)C3CC([N+]3(C)CCCCC3)C4OC(C)=O)C2(C)CC1N1CCCCC1	Age	Adolescent	-0.02058
CC(=O)OC1CC2CCC3C(CCC4(C)C3CC([N+]3(C)CCCCC3)C4OC(C)=O)C2(C)CC1N1CCCCC1	Age	Adult	-0.10777
CC(=O)OC1CC2CCC3C(CCC4(C)C3CC([N+]3(C)CCCCC3)C4OC(C)=O)C2(C)CC1N1CCCCC1	Age	Elderly	-0.20234
CC(=O)OC1CC2CCC3C(CCC4(C)C3CC([N+]3(C)CCCCC3)C4OC(C)=O)C2(C)CC1N1CCCCC1	Weight	Low	-0.20168
CC(=O)OC1CC2CCC3C(CCC4(C)C3CC([N+]3(C)CCCCC3)C4OC(C)=O)C2(C)CC1N1CCCCC1	Weight	Average	-0.1413
CC(=O)OC1CC2CCC3C(CCC4(C)C3CC([N+]3(C)CCCCC3)C4OC(C)=O)C2(C)CC1N1CCCCC1	Weight	High	-0.22916
CC(C)(C)NCC(O)c1cc(O)cc(O)c1	Sex	Male	-0.07379
CC(C)(C)NCC(O)c1cc(O)cc(O)c1	Sex	Female	-0.00228
CC(C)(C)NCC(O)c1cc(O)cc(O)c1	Age	Children	-0.08819
CC(C)(C)NCC(O)c1cc(O)cc(O)c1	Age	Adolescent	-0.01283
CC(C)(C)NCC(O)c1cc(O)cc(O)c1	Age	Adult	-0.02208
CC(C)(C)NCC(O)c1cc(O)cc(O)c1	Age	Elderly	-0.11913
CC(C)(C)NCC(O)c1cc(O)cc(O)c1	Weight	Low	-0.1758
CC(C)(C)NCC(O)c1cc(O)cc(O)c1	Weight	Average	-0.15262
CC(C)(C)NCC(O)c1cc(O)cc(O)c1	Weight	High	-0.25395
CCC(=O)OC1(C(=O)COC(C)=O)CCC2C3CC(C)C4=CC(=O)C=CC4(C)C3C(O)CC21C	Sex	Male	-0.06068
CCC(=O)OC1(C(=O)COC(C)=O)CCC2C3CC(C)C4=CC(=O)C=CC4(C)C3C(O)CC21C	Sex	Female	0.0
CCC(=O)OC1(C(=O)COC(C)=O)CCC2C3CC(C)C4=CC(=O)C=CC4(C)C3C(O)CC21C	Age	Children	-0.04791
CCC(=O)OC1(C(=O)COC(C)=O)CCC2C3CC(C)C4=CC(=O)C=CC4(C)C3C(O)CC21C	Age	Adolescent	-0.02574
CCC(=O)OC1(C(=O)COC(C)=O)CCC2C3CC(C)C4=CC(=O)C=CC4(C)C3C(O)CC21C	Age	Adult	-0.06504
CCC(=O)OC1(C(=O)COC(C)=O)CCC2C3CC(C)C4=CC(=O)C=CC4(C)C3C(O)CC21C	Age	Elderly	-0.10991
CCC(=O)OC1(C(=O)COC(C)=O)CCC2C3CC(C)C4=CC(=O)C=CC4(C)C3C(O)CC21C	Weight	Low	-0.11041
CCC(=O)OC1(C(=O)COC(C)=O)CCC2C3CC(C)C4=CC(=O)C=CC4(C)C3C(O)CC21C	Weight	Average	-0.13908
CCC(=O)OC1(C(=O)COC(C)=O)CCC2C3CC(C)C4=CC(=O)C=CC4(C)C3C(O)CC21C	Weight	High	-0.14233
COc1cc(CCNCc2ccccc2OC)c(OC)cc1Cl	Sex	Male	-0.13081
COc1cc(CCNCc2ccccc2OC)c(OC)cc1Cl	Sex	Female	-0.00211
COc1cc(CCNCc2ccccc2OC)c(OC)cc1Cl	Age	Children	-0.08619
COc1cc(CCNCc2ccccc2OC)c(OC)cc1Cl	Age	Adolescent	-0.02737
COc1cc(CCNCc2ccccc2OC)c(OC)cc1Cl	Age	Adult	-0.06465
COc1cc(CCNCc2ccccc2OC)c(OC)cc1Cl	Age	Elderly	-0.21101
COc1cc(CCNCc2ccccc2OC)c(OC)cc1Cl	Weight	Low	-0.11183
COc1cc(CCNCc2ccccc2OC)c(OC)cc1Cl	Weight	Average	-0.13784
COc1cc(CCNCc2ccccc2OC)c(OC)cc1Cl	Weight	High	-0.2563
COc1ccc(CN(C(=O)C(N)Cc2c(C)cc(C(N)=O)cc2C)C(C)c2ncc(-c3ccccc3)[nH]2)cc1C(=O)O	Sex	Male	-0.08129
COc1ccc(CN(C(=O)C(N)Cc2c(C)cc(C(N)=O)cc2C)C(C)c2ncc(-c3ccccc3)[nH]2)cc1C(=O)O	Sex	Female	-0.00145
COc1ccc(CN(C(=O)C(N)Cc2c(C)cc(C(N)=O)cc2C)C(C)c2ncc(-c3ccccc3)[nH]2)cc1C(=O)O	Age	Children	-0.07146
COc1ccc(CN(C(=O)C(N)Cc2c(C)cc(C(N)=O)cc2C)C(C)c2ncc(-c3ccccc3)[nH]2)cc1C(=O)O	Age	Adolescent	-0.02599
COc1ccc(CN(C(=O)C(N)Cc2c(C)cc(C(N)=O)cc2C)C(C)c2ncc(-c3ccccc3)[nH]2)cc1C(=O)O	Age	Adult	-0.0676
COc1ccc(CN(C(=O)C(N)Cc2c(C)cc(C(N)=O)cc2C)C(C)c2ncc(-c3ccccc3)[nH]2)cc1C(=O)O	Age	Elderly	-0.17098
COc1ccc(CN(C(=O)C(N)Cc2c(C)cc(C(N)=O)cc2C)C(C)c2ncc(-c3ccccc3)[nH]2)cc1C(=O)O	Weight	Low	-0.16414
COc1ccc(CN(C(=O)C(N)Cc2c(C)cc(C(N)=O)cc2C)C(C)c2ncc(-c3ccccc3)[nH]2)cc1C(=O)O	Weight	Average	-0.10529
COc1ccc(CN(C(=O)C(N)Cc2c(C)cc(C(N)=O)cc2C)C(C)c2ncc(-c3ccccc3)[nH]2)cc1C(=O)O	Weight	High	-0.16134
COc1ccc(OC)c(C(O)C(C)N)c1	Sex	Male	-0.09392
COc1ccc(OC)c(C(O)C(C)N)c1	Sex	Female	-0.0025
COc1ccc(OC)c(C(O)C(C)N)c1	Age	Children	-0.08608
COc1ccc(OC)c(C(O)C(C)N)c1	Age	Adolescent	-0.02486
COc1ccc(OC)c(C(O)C(C)N)c1	Age	Adult	-0.07758
COc1ccc(OC)c(C(O)C(C)N)c1	Age	Elderly	-0.18796
COc1ccc(OC)c(C(O)C(C)N)c1	Weight	Low	-0.12196
COc1ccc(OC)c(C(O)C(C)N)c1	Weight	Average	-0.14196
COc1ccc(OC)c(C(O)C(C)N)c1	Weight	High	-0.19712
NC1CONC1=O	Sex	Male	-0.16619
NC1CONC1=O	Sex	Female	-7e-05
NC1CONC1=O	Age	Children	-0.07115
NC1CONC1=O	Age	Adolescent	-0.03474
NC1CONC1=O	Age	Adult	-0.06781
NC1CONC1=O	Age	Elderly	-0.32135
NC1CONC1=O	Weight	Low	-0.23712
NC1CONC1=O	Weight	Average	-0.27594
NC1CONC1=O	Weight	High	-0.37803
CC(C)(C)OC(=O)NC1CCCCCC=CC2CC2(C(=O)NS(=O)(=O)C2CC2)NC(=O)C2CC(OC(=O)N3Cc4cccc(F)c4C3)CN2C1=O	Sex	Male	-0.08247
CC(C)(C)OC(=O)NC1CCCCCC=CC2CC2(C(=O)NS(=O)(=O)C2CC2)NC(=O)C2CC(OC(=O)N3Cc4cccc(F)c4C3)CN2C1=O	Sex	Female	-0.002
CC(C)(C)OC(=O)NC1CCCCCC=CC2CC2(C(=O)NS(=O)(=O)C2CC2)NC(=O)C2CC(OC(=O)N3Cc4cccc(F)c4C3)CN2C1=O	Age	Children	-0.09172
CC(C)(C)OC(=O)NC1CCCCCC=CC2CC2(C(=O)NS(=O)(=O)C2CC2)NC(=O)C2CC(OC(=O)N3Cc4cccc(F)c4C3)CN2C1=O	Age	Adolescent	-0.01997
CC(C)(C)OC(=O)NC1CCCCCC=CC2CC2(C(=O)NS(=O)(=O)C2CC2)NC(=O)C2CC(OC(=O)N3Cc4cccc(F)c4C3)CN2C1=O	Age	Adult	-0.08023
CC(C)(C)OC(=O)NC1CCCCCC=CC2CC2(C(=O)NS(=O)(=O)C2CC2)NC(=O)C2CC(OC(=O)N3Cc4cccc(F)c4C3)CN2C1=O	Age	Elderly	-0.12692
CC(C)(C)OC(=O)NC1CCCCCC=CC2CC2(C(=O)NS(=O)(=O)C2CC2)NC(=O)C2CC(OC(=O)N3Cc4cccc(F)c4C3)CN2C1=O	Weight	Low	-0.08991
CC(C)(C)OC(=O)NC1CCCCCC=CC2CC2(C(=O)NS(=O)(=O)C2CC2)NC(=O)C2CC(OC(=O)N3Cc4cccc(F)c4C3)CN2C1=O	Weight	Average	-0.06237
CC(C)(C)OC(=O)NC1CCCCCC=CC2CC2(C(=O)NS(=O)(=O)C2CC2)NC(=O)C2CC(OC(=O)N3Cc4cccc(F)c4C3)CN2C1=O	Weight	High	-0.13156
C[N+]1(CCCCC[N+]2(C)CCCC2)CCCC1	Sex	Male	-0.07012
C[N+]1(CCCCC[N+]2(C)CCCC2)CCCC1	Sex	Female	-0.0049
C[N+]1(CCCCC[N+]2(C)CCCC2)CCCC1	Age	Children	-0.07608
C[N+]1(CCCCC[N+]2(C)CCCC2)CCCC1	Age	Adolescent	-0.01688
C[N+]1(CCCCC[N+]2(C)CCCC2)CCCC1	Age	Adult	-0.05273
C[N+]1(CCCCC[N+]2(C)CCCC2)CCCC1	Age	Elderly	-0.18223
C[N+]1(CCCCC[N+]2(C)CCCC2)CCCC1	Weight	Low	-0.16329
C[N+]1(CCCCC[N+]2(C)CCCC2)CCCC1	Weight	Average	-0.14609
C[N+]1(CCCCC[N+]2(C)CCCC2)CCCC1	Weight	High	-0.13777
Cc1cc(C)cc(OCC2CNC(=O)O2)c1	Sex	Male	-0.09908
Cc1cc(C)cc(OCC2CNC(=O)O2)c1	Sex	Female	0.0
Cc1cc(C)cc(OCC2CNC(=O)O2)c1	Age	Children	-0.08165
Cc1cc(C)cc(OCC2CNC(=O)O2)c1	Age	Adolescent	-0.02396
Cc1cc(C)cc(OCC2CNC(=O)O2)c1	Age	Adult	-0.03079
Cc1cc(C)cc(OCC2CNC(=O)O2)c1	Age	Elderly	-0.19525
Cc1cc(C)cc(OCC2CNC(=O)O2)c1	Weight	Low	-0.10112
Cc1cc(C)cc(OCC2CNC(=O)O2)c1	Weight	Average	-0.18024
Cc1cc(C)cc(OCC2CNC(=O)O2)c1	Weight	High	-0.16648
C#CC1(O)CCC2C3CCc4cc(O)ccc4C3CCC21C	Sex	Male	-0.13479
C#CC1(O)CCC2C3CCc4cc(O)ccc4C3CCC21C	Sex	Female	-0.00489
C#CC1(O)CCC2C3CCc4cc(O)ccc4C3CCC21C	Age	Children	-0.09256
C#CC1(O)CCC2C3CCc4cc(O)ccc4C3CCC21C	Age	Adolescent	-0.0426
C#CC1(O)CCC2C3CCc4cc(O)ccc4C3CCC21C	Age	Adult	-0.04302
C#CC1(O)CCC2C3CCc4cc(O)ccc4C3CCC21C	Age	Elderly	-0.23246
C#CC1(O)CCC2C3CCc4cc(O)ccc4C3CCC21C	Weight	Low	-0.22555
C#CC1(O)CCC2C3CCc4cc(O)ccc4C3CCC21C	Weight	Average	-0.2875
C#CC1(O)CCC2C3CCc4cc(O)ccc4C3CCC21C	Weight	High	-0.31186
C#CC1(O)CCC2C3CCC4=CC(=NO)CCC4C3CCC21CC	Sex	Male	-0.04528
C#CC1(O)CCC2C3CCC4=CC(=NO)CCC4C3CCC21CC	Sex	Female	-0.00058
C#CC1(O)CCC2C3CCC4=CC(=NO)CCC4C3CCC21CC	Age	Children	-0.08665
C#CC1(O)CCC2C3CCC4=CC(=NO)CCC4C3CCC21CC	Age	Adolescent	-0.03651
C#CC1(O)CCC2C3CCC4=CC(=NO)CCC4C3CCC21CC	Age	Adult	-0.06341
C#CC1(O)CCC2C3CCC4=CC(=NO)CCC4C3CCC21CC	Age	Elderly	-0.13093
C#CC1(O)CCC2C3CCC4=CC(=NO)CCC4C3CCC21CC	Weight	Low	-0.14993
C#CC1(O)CCC2C3CCC4=CC(=NO)CCC4C3CCC21CC	Weight	Average	-0.19316
C#CC1(O)CCC2C3CCC4=CC(=NO)CCC4C3CCC21CC	Weight	High	-0.18801
C#CC1(O)CCC2C3CCC4=CC(=O)CCC4C3C(=C)CC21CC	Sex	Male	-0.01937
C#CC1(O)CCC2C3CCC4=CC(=O)CCC4C3C(=C)CC21CC	Sex	Female	0.0
C#CC1(O)CCC2C3CCC4=CC(=O)CCC4C3C(=C)CC21CC	Age	Children	-0.05663
C#CC1(O)CCC2C3CCC4=CC(=O)CCC4C3C(=C)CC21CC	Age	Adolescent	-0.02433
C#CC1(O)CCC2C3CCC4=CC(=O)CCC4C3C(=C)CC21CC	Age	Adult	-0.05463
C#CC1(O)CCC2C3CCC4=CC(=O)CCC4C3C(=C)CC21CC	Age	Elderly	-0.1056
C#CC1(O)CCC2C3CCC4=CC(=O)CCC4C3C(=C)CC21CC	Weight	Low	-0.13547
C#CC1(O)CCC2C3CCC4=CC(=O)CCC4C3C(=C)CC21CC	Weight	Average	-0.12891
C#CC1(O)CCC2C3CCC4=CC(=O)CCC4C3C(=C)CC21CC	Weight	High	-0.13698
C#CC1(O)CCC2C3CCC4=CCCCC4C3C(=C)CC21CC	Sex	Male	-0.0396
C#CC1(O)CCC2C3CCC4=CCCCC4C3C(=C)CC21CC	Sex	Female	-0.00386
C#CC1(O)CCC2C3CCC4=CCCCC4C3C(=C)CC21CC	Age	Children	-0.0719
C#CC1(O)CCC2C3CCC4=CCCCC4C3C(=C)CC21CC	Age	Adolescent	-0.02798
C#CC1(O)CCC2C3CCC4=CCCCC4C3C(=C)CC21CC	Age	Adult	-0.0552
C#CC1(O)CCC2C3CCC4=CCCCC4C3C(=C)CC21CC	Age	Elderly	-0.12363
C#CC1(O)CCC2C3CCC4=CCCCC4C3C(=C)CC21CC	Weight	Low	-0.14945
C#CC1(O)CCC2C3CCC4=CCCCC4C3C(=C)CC21CC	Weight	Average	-0.15297
C#CC1(O)CCC2C3CCC4=CCCCC4C3C(=C)CC21CC	Weight	High	-0.16516
C=C1CC2C(CCC3(C)C(=O)CCC23)C2(C)C=CC(=O)C=C12	Sex	Male	-0.11957
C=C1CC2C(CCC3(C)C(=O)CCC23)C2(C)C=CC(=O)C=C12	Sex	Female	0.0
C=C1CC2C(CCC3(C)C(=O)CCC23)C2(C)C=CC(=O)C=C12	Age	Children	-0.0851
C=C1CC2C(CCC3(C)C(=O)CCC23)C2(C)C=CC(=O)C=C12	Age	Adolescent	-0.03612
C=C1CC2C(CCC3(C)C(=O)CCC23)C2(C)C=CC(=O)C=C12	Age	Adult	-0.09667
C=C1CC2C(CCC3(C)C(=O)CCC23)C2(C)C=CC(=O)C=C12	Age	Elderly	-0.14363
C=C1CC2C(CCC3(C)C(=O)CCC23)C2(C)C=CC(=O)C=C12	Weight	Low	-0.19687
C=C1CC2C(CCC3(C)C(=O)CCC23)C2(C)C=CC(=O)C=C12	Weight	Average	-0.19831
C=C1CC2C(CCC3(C)C(=O)CCC23)C2(C)C=CC(=O)C=C12	Weight	High	-0.15351
CC(C)NCC(O)COc1cccc2c1OCC(O[N+](=O)[O-])C2	Sex	Male	-0.08632
CC(C)NCC(O)COc1cccc2c1OCC(O[N+](=O)[O-])C2	Sex	Female	-0.00111
CC(C)NCC(O)COc1cccc2c1OCC(O[N+](=O)[O-])C2	Age	Children	-0.08185
CC(C)NCC(O)COc1cccc2c1OCC(O[N+](=O)[O-])C2	Age	Adolescent	-0.02186
CC(C)NCC(O)COc1cccc2c1OCC(O[N+](=O)[O-])C2	Age	Adult	-0.0266
CC(C)NCC(O)COc1cccc2c1OCC(O[N+](=O)[O-])C2	Age	Elderly	-0.18439
CC(C)NCC(O)COc1cccc2c1OCC(O[N+](=O)[O-])C2	Weight	Low	-0.23349
CC(C)NCC(O)COc1cccc2c1OCC(O[N+](=O)[O-])C2	Weight	Average	-0.15432
CC(C)NCC(O)COc1cccc2c1OCC(O[N+](=O)[O-])C2	Weight	High	-0.21448
COc1ccc2nc(S(=O)Cc3ncc(C)c(OC)c3C)[nH]c2c1	Sex	Male	-0.04124
COc1ccc2nc(S(=O)Cc3ncc(C)c(OC)c3C)[nH]c2c1	Sex	Female	0.0
COc1ccc2nc(S(=O)Cc3ncc(C)c(OC)c3C)[nH]c2c1	Age	Children	-0.0546
COc1ccc2nc(S(=O)Cc3ncc(C)c(OC)c3C)[nH]c2c1	Age	Adolescent	-0.01768
COc1ccc2nc(S(=O)Cc3ncc(C)c(OC)c3C)[nH]c2c1	Age	Adult	-0.07699
COc1ccc2nc(S(=O)Cc3ncc(C)c(OC)c3C)[nH]c2c1	Age	Elderly	-0.1219
COc1ccc2nc(S(=O)Cc3ncc(C)c(OC)c3C)[nH]c2c1	Weight	Low	-0.12013
COc1ccc2nc(S(=O)Cc3ncc(C)c(OC)c3C)[nH]c2c1	Weight	Average	-0.08708
COc1ccc2nc(S(=O)Cc3ncc(C)c(OC)c3C)[nH]c2c1	Weight	High	-0.10674
CC(=O)OC1CC2CCC3C(CCC4(C)C3CC(N3CC[N+](C)(C)CC3)C4OC(C)=O)C2(C)CC1N1CC[N+](C)(C)CC1	Sex	Male	-0.05291
CC(=O)OC1CC2CCC3C(CCC4(C)C3CC(N3CC[N+](C)(C)CC3)C4OC(C)=O)C2(C)CC1N1CC[N+](C)(C)CC1	Sex	Female	-0.00283
CC(=O)OC1CC2CCC3C(CCC4(C)C3CC(N3CC[N+](C)(C)CC3)C4OC(C)=O)C2(C)CC1N1CC[N+](C)(C)CC1	Age	Children	-0.0714
CC(=O)OC1CC2CCC3C(CCC4(C)C3CC(N3CC[N+](C)(C)CC3)C4OC(C)=O)C2(C)CC1N1CC[N+](C)(C)CC1	Age	Adolescent	-0.0227
CC(=O)OC1CC2CCC3C(CCC4(C)C3CC(N3CC[N+](C)(C)CC3)C4OC(C)=O)C2(C)CC1N1CC[N+](C)(C)CC1	Age	Adult	-0.07658
CC(=O)OC1CC2CCC3C(CCC4(C)C3CC(N3CC[N+](C)(C)CC3)C4OC(C)=O)C2(C)CC1N1CC[N+](C)(C)CC1	Age	Elderly	-0.18644
CC(=O)OC1CC2CCC3C(CCC4(C)C3CC(N3CC[N+](C)(C)CC3)C4OC(C)=O)C2(C)CC1N1CC[N+](C)(C)CC1	Weight	Low	-0.16274
CC(=O)OC1CC2CCC3C(CCC4(C)C3CC(N3CC[N+](C)(C)CC3)C4OC(C)=O)C2(C)CC1N1CC[N+](C)(C)CC1	Weight	Average	-0.1289
CC(=O)OC1CC2CCC3C(CCC4(C)C3CC(N3CC[N+](C)(C)CC3)C4OC(C)=O)C2(C)CC1N1CC[N+](C)(C)CC1	Weight	High	-0.16239
CC(C)(C)C(O)C=Cc1ccc2c(c1)OCO2	Sex	Male	-0.17108
CC(C)(C)C(O)C=Cc1ccc2c(c1)OCO2	Sex	Female	-0.00247
CC(C)(C)C(O)C=Cc1ccc2c(c1)OCO2	Age	Children	-0.08779
CC(C)(C)C(O)C=Cc1ccc2c(c1)OCO2	Age	Adolescent	-0.02741
CC(C)(C)C(O)C=Cc1ccc2c(c1)OCO2	Age	Adult	-0.0877
CC(C)(C)C(O)C=Cc1ccc2c(c1)OCO2	Age	Elderly	-0.23416
CC(C)(C)C(O)C=Cc1ccc2c(c1)OCO2	Weight	Low	-0.18598
CC(C)(C)C(O)C=Cc1ccc2c(c1)OCO2	Weight	Average	-0.17571
CC(C)(C)C(O)C=Cc1ccc2c(c1)OCO2	Weight	High	-0.31664
CC12CCC3c4ccc(O)cc4CCC3C1C(O)C(O)C2O	Sex	Male	-0.13944
CC12CCC3c4ccc(O)cc4CCC3C1C(O)C(O)C2O	Sex	Female	0.00058
CC12CCC3c4ccc(O)cc4CCC3C1C(O)C(O)C2O	Age	Children	-0.10883
CC12CCC3c4ccc(O)cc4CCC3C1C(O)C(O)C2O	Age	Adolescent	-0.03963
CC12CCC3c4ccc(O)cc4CCC3C1C(O)C(O)C2O	Age	Adult	-0.06042
CC12CCC3c4ccc(O)cc4CCC3C1C(O)C(O)C2O	Age	Elderly	-0.17536
CC12CCC3c4ccc(O)cc4CCC3C1C(O)C(O)C2O	Weight	Low	-0.27042
CC12CCC3c4ccc(O)cc4CCC3C1C(O)C(O)C2O	Weight	Average	-0.21215
CC12CCC3c4ccc(O)cc4CCC3C1C(O)C(O)C2O	Weight	High	-0.2818
CC12Cc3cn[nH]c3CC1CCC1C2CCC2(C)C1CCC2(C)O	Sex	Male	-0.11539
CC12Cc3cn[nH]c3CC1CCC1C2CCC2(C)C1CCC2(C)O	Sex	Female	-0.00278
CC12Cc3cn[nH]c3CC1CCC1C2CCC2(C)C1CCC2(C)O	Age	Children	-0.09031
CC12Cc3cn[nH]c3CC1CCC1C2CCC2(C)C1CCC2(C)O	Age	Adolescent	-0.02893
CC12Cc3cn[nH]c3CC1CCC1C2CCC2(C)C1CCC2(C)O	Age	Adult	-0.08092
CC12Cc3cn[nH]c3CC1CCC1C2CCC2(C)C1CCC2(C)O	Age	Elderly	-0.16215
CC12Cc3cn[nH]c3CC1CCC1C2CCC2(C)C1CCC2(C)O	Weight	Low	-0.1976
CC12Cc3cn[nH]c3CC1CCC1C2CCC2(C)C1CCC2(C)O	Weight	Average	-0.10374
CC12Cc3cn[nH]c3CC1CCC1C2CCC2(C)C1CCC2(C)O	Weight	High	-0.18623
CCN(CC)C(=O)C(C#N)=Cc1cc(O)c(O)c([N+](=O)[O-])c1	Sex	Male	-0.06552
CCN(CC)C(=O)C(C#N)=Cc1cc(O)c(O)c([N+](=O)[O-])c1	Sex	Female	-0.00128
CCN(CC)C(=O)C(C#N)=Cc1cc(O)c(O)c([N+](=O)[O-])c1	Age	Children	-0.0481
CCN(CC)C(=O)C(C#N)=Cc1cc(O)c(O)c([N+](=O)[O-])c1	Age	Adolescent	-0.0157
CCN(CC)C(=O)C(C#N)=Cc1cc(O)c(O)c([N+](=O)[O-])c1	Age	Adult	-0.0288
CCN(CC)C(=O)C(C#N)=Cc1cc(O)c(O)c([N+](=O)[O-])c1	Age	Elderly	-0.15232
CCN(CC)C(=O)C(C#N)=Cc1cc(O)c(O)c([N+](=O)[O-])c1	Weight	Low	-0.11827
CCN(CC)C(=O)C(C#N)=Cc1cc(O)c(O)c([N+](=O)[O-])c1	Weight	Average	-0.09074
CCN(CC)C(=O)C(C#N)=Cc1cc(O)c(O)c([N+](=O)[O-])c1	Weight	High	-0.13373
Cc1ncc(CNC(=O)N(CCCl)N=O)c(N)n1	Sex	Male	-0.01881
Cc1ncc(CNC(=O)N(CCCl)N=O)c(N)n1	Sex	Female	-0.00478
Cc1ncc(CNC(=O)N(CCCl)N=O)c(N)n1	Age	Children	-0.09247
Cc1ncc(CNC(=O)N(CCCl)N=O)c(N)n1	Age	Adolescent	-0.01854
Cc1ncc(CNC(=O)N(CCCl)N=O)c(N)n1	Age	Adult	-0.07767
Cc1ncc(CNC(=O)N(CCCl)N=O)c(N)n1	Age	Elderly	-0.09952
Cc1ncc(CNC(=O)N(CCCl)N=O)c(N)n1	Weight	Low	-0.15791
Cc1ncc(CNC(=O)N(CCCl)N=O)c(N)n1	Weight	Average	-0.13022
Cc1ncc(CNC(=O)N(CCCl)N=O)c(N)n1	Weight	High	-0.13771
OCC(CO)NC1CC(O)(CO)C(O)C(O)C1O	Sex	Male	-0.06693
OCC(CO)NC1CC(O)(CO)C(O)C(O)C1O	Sex	Female	0.0
OCC(CO)NC1CC(O)(CO)C(O)C(O)C1O	Age	Children	-0.05288
OCC(CO)NC1CC(O)(CO)C(O)C(O)C1O	Age	Adolescent	-0.02521
OCC(CO)NC1CC(O)(CO)C(O)C(O)C1O	Age	Adult	-0.03128
OCC(CO)NC1CC(O)(CO)C(O)C(O)C1O	Age	Elderly	-0.09757
OCC(CO)NC1CC(O)(CO)C(O)C(O)C1O	Weight	Low	-0.1732
OCC(CO)NC1CC(O)(CO)C(O)C(O)C1O	Weight	Average	-0.18061
OCC(CO)NC1CC(O)(CO)C(O)C(O)C1O	Weight	High	-0.16623
CC(=O)OCC(=O)C12OC(C)(C)OC1CC1C3CC(F)C4=CC(=O)C=CC4(C)C3(F)C(O)CC12C	Sex	Male	-0.06511
CC(=O)OCC(=O)C12OC(C)(C)OC1CC1C3CC(F)C4=CC(=O)C=CC4(C)C3(F)C(O)CC12C	Sex	Female	-0.00285
CC(=O)OCC(=O)C12OC(C)(C)OC1CC1C3CC(F)C4=CC(=O)C=CC4(C)C3(F)C(O)CC12C	Age	Children	-0.09515
CC(=O)OCC(=O)C12OC(C)(C)OC1CC1C3CC(F)C4=CC(=O)C=CC4(C)C3(F)C(O)CC12C	Age	Adolescent	-0.03233
CC(=O)OCC(=O)C12OC(C)(C)OC1CC1C3CC(F)C4=CC(=O)C=CC4(C)C3(F)C(O)CC12C	Age	Adult	-0.09425
CC(=O)OCC(=O)C12OC(C)(C)OC1CC1C3CC(F)C4=CC(=O)C=CC4(C)C3(F)C(O)CC12C	Age	Elderly	-0.16181
CC(=O)OCC(=O)C12OC(C)(C)OC1CC1C3CC(F)C4=CC(=O)C=CC4(C)C3(F)C(O)CC12C	Weight	Low	-0.15838
CC(=O)OCC(=O)C12OC(C)(C)OC1CC1C3CC(F)C4=CC(=O)C=CC4(C)C3(F)C(O)CC12C	Weight	Average	-0.20388
CC(=O)OCC(=O)C12OC(C)(C)OC1CC1C3CC(F)C4=CC(=O)C=CC4(C)C3(F)C(O)CC12C	Weight	High	-0.25442
C#CC1(O)CCC2C3CCC4=Cc5oncc5CC4(C)C3CCC21C	Sex	Male	-0.06527
C#CC1(O)CCC2C3CCC4=Cc5oncc5CC4(C)C3CCC21C	Sex	Female	-0.00474
C#CC1(O)CCC2C3CCC4=Cc5oncc5CC4(C)C3CCC21C	Age	Children	-0.08208
C#CC1(O)CCC2C3CCC4=Cc5oncc5CC4(C)C3CCC21C	Age	Adolescent	-0.03692
C#CC1(O)CCC2C3CCC4=Cc5oncc5CC4(C)C3CCC21C	Age	Adult	-0.07637
C#CC1(O)CCC2C3CCC4=Cc5oncc5CC4(C)C3CCC21C	Age	Elderly	-0.1449
C#CC1(O)CCC2C3CCC4=Cc5oncc5CC4(C)C3CCC21C	Weight	Low	-0.14871
C#CC1(O)CCC2C3CCC4=Cc5oncc5CC4(C)C3CCC21C	Weight	Average	-0.17438
C#CC1(O)CCC2C3CCC4=Cc5oncc5CC4(C)C3CCC21C	Weight	High	-0.17134
COCCNCc1ccc(-c2cc3nccc(Oc4ccc(NC(=O)C5(C(=O)Nc6ccc(F)cc6)CC5)cc4F)c3s2)nc1	Sex	Male	-0.07667
COCCNCc1ccc(-c2cc3nccc(Oc4ccc(NC(=O)C5(C(=O)Nc6ccc(F)cc6)CC5)cc4F)c3s2)nc1	Sex	Female	-0.00272
COCCNCc1ccc(-c2cc3nccc(Oc4ccc(NC(=O)C5(C(=O)Nc6ccc(F)cc6)CC5)cc4F)c3s2)nc1	Age	Children	-0.09934
COCCNCc1ccc(-c2cc3nccc(Oc4ccc(NC(=O)C5(C(=O)Nc6ccc(F)cc6)CC5)cc4F)c3s2)nc1	Age	Adolescent	-0.02945
COCCNCc1ccc(-c2cc3nccc(Oc4ccc(NC(=O)C5(C(=O)Nc6ccc(F)cc6)CC5)cc4F)c3s2)nc1	Age	Adult	-0.06104
COCCNCc1ccc(-c2cc3nccc(Oc4ccc(NC(=O)C5(C(=O)Nc6ccc(F)cc6)CC5)cc4F)c3s2)nc1	Age	Elderly	-0.14983
COCCNCc1ccc(-c2cc3nccc(Oc4ccc(NC(=O)C5(C(=O)Nc6ccc(F)cc6)CC5)cc4F)c3s2)nc1	Weight	Low	-0.12463
COCCNCc1ccc(-c2cc3nccc(Oc4ccc(NC(=O)C5(C(=O)Nc6ccc(F)cc6)CC5)cc4F)c3s2)nc1	Weight	Average	-0.08843
COCCNCc1ccc(-c2cc3nccc(Oc4ccc(NC(=O)C5(C(=O)Nc6ccc(F)cc6)CC5)cc4F)c3s2)nc1	Weight	High	-0.18346
COc1cc(C(=O)NCc2ccc(OCCN(C)C)cc2)cc(OC)c1OC	Sex	Male	-0.09507
COc1cc(C(=O)NCc2ccc(OCCN(C)C)cc2)cc(OC)c1OC	Sex	Female	0.0
COc1cc(C(=O)NCc2ccc(OCCN(C)C)cc2)cc(OC)c1OC	Age	Children	-0.06903
COc1cc(C(=O)NCc2ccc(OCCN(C)C)cc2)cc(OC)c1OC	Age	Adolescent	-0.04384
COc1cc(C(=O)NCc2ccc(OCCN(C)C)cc2)cc(OC)c1OC	Age	Adult	-0.06576
COc1cc(C(=O)NCc2ccc(OCCN(C)C)cc2)cc(OC)c1OC	Age	Elderly	-0.25687
COc1cc(C(=O)NCc2ccc(OCCN(C)C)cc2)cc(OC)c1OC	Weight	Low	-0.14185
COc1cc(C(=O)NCc2ccc(OCCN(C)C)cc2)cc(OC)c1OC	Weight	Average	-0.13078
COc1cc(C(=O)NCc2ccc(OCCN(C)C)cc2)cc(OC)c1OC	Weight	High	-0.20843
COc1ccc(-c2cc(=S)ss2)cc1	Sex	Male	-0.09458
COc1ccc(-c2cc(=S)ss2)cc1	Sex	Female	0.0
COc1ccc(-c2cc(=S)ss2)cc1	Age	Children	-0.09268
COc1ccc(-c2cc(=S)ss2)cc1	Age	Adolescent	-0.02966
COc1ccc(-c2cc(=S)ss2)cc1	Age	Adult	-0.07401
COc1ccc(-c2cc(=S)ss2)cc1	Age	Elderly	-0.14575
COc1ccc(-c2cc(=S)ss2)cc1	Weight	Low	-0.14232
COc1ccc(-c2cc(=S)ss2)cc1	Weight	Average	-0.14337
COc1ccc(-c2cc(=S)ss2)cc1	Weight	High	-0.17325
NC(=NCCCCCCN=C(N)N=C(N)Nc1ccc(Cl)cc1)N=C(N)Nc1ccc(Cl)cc1	Sex	Male	-0.08318
NC(=NCCCCCCN=C(N)N=C(N)Nc1ccc(Cl)cc1)N=C(N)Nc1ccc(Cl)cc1	Sex	Female	-0.00262
NC(=NCCCCCCN=C(N)N=C(N)Nc1ccc(Cl)cc1)N=C(N)Nc1ccc(Cl)cc1	Age	Children	-0.06731
NC(=NCCCCCCN=C(N)N=C(N)Nc1ccc(Cl)cc1)N=C(N)Nc1ccc(Cl)cc1	Age	Adolescent	-0.02747
NC(=NCCCCCCN=C(N)N=C(N)Nc1ccc(Cl)cc1)N=C(N)Nc1ccc(Cl)cc1	Age	Adult	-0.05746
NC(=NCCCCCCN=C(N)N=C(N)Nc1ccc(Cl)cc1)N=C(N)Nc1ccc(Cl)cc1	Age	Elderly	-0.09269
NC(=NCCCCCCN=C(N)N=C(N)Nc1ccc(Cl)cc1)N=C(N)Nc1ccc(Cl)cc1	Weight	Low	-0.12895
NC(=NCCCCCCN=C(N)N=C(N)Nc1ccc(Cl)cc1)N=C(N)Nc1ccc(Cl)cc1	Weight	Average	-0.0954
NC(=NCCCCCCN=C(N)N=C(N)Nc1ccc(Cl)cc1)N=C(N)Nc1ccc(Cl)cc1	Weight	High	-0.09239
CNCC(=O)OCc1cccnc1N(C)C(=O)OC(C)[n+]1cnn(CC(O)(c2cc(F)ccc2F)C(C)c2nc(-c3ccc(C#N)cc3)cs2)c1	Sex	Male	-0.06004
CNCC(=O)OCc1cccnc1N(C)C(=O)OC(C)[n+]1cnn(CC(O)(c2cc(F)ccc2F)C(C)c2nc(-c3ccc(C#N)cc3)cs2)c1	Sex	Female	-0.00491
CNCC(=O)OCc1cccnc1N(C)C(=O)OC(C)[n+]1cnn(CC(O)(c2cc(F)ccc2F)C(C)c2nc(-c3ccc(C#N)cc3)cs2)c1	Age	Children	-0.061
CNCC(=O)OCc1cccnc1N(C)C(=O)OC(C)[n+]1cnn(CC(O)(c2cc(F)ccc2F)C(C)c2nc(-c3ccc(C#N)cc3)cs2)c1	Age	Adolescent	-0.02097
CNCC(=O)OCc1cccnc1N(C)C(=O)OC(C)[n+]1cnn(CC(O)(c2cc(F)ccc2F)C(C)c2nc(-c3ccc(C#N)cc3)cs2)c1	Age	Adult	-0.04888
CNCC(=O)OCc1cccnc1N(C)C(=O)OC(C)[n+]1cnn(CC(O)(c2cc(F)ccc2F)C(C)c2nc(-c3ccc(C#N)cc3)cs2)c1	Age	Elderly	-0.0668
CNCC(=O)OCc1cccnc1N(C)C(=O)OC(C)[n+]1cnn(CC(O)(c2cc(F)ccc2F)C(C)c2nc(-c3ccc(C#N)cc3)cs2)c1	Weight	Low	-0.06814
CNCC(=O)OCc1cccnc1N(C)C(=O)OC(C)[n+]1cnn(CC(O)(c2cc(F)ccc2F)C(C)c2nc(-c3ccc(C#N)cc3)cs2)c1	Weight	Average	-0.02061
CNCC(=O)OCc1cccnc1N(C)C(=O)OC(C)[n+]1cnn(CC(O)(c2cc(F)ccc2F)C(C)c2nc(-c3ccc(C#N)cc3)cs2)c1	Weight	High	-0.03142
COc1cc2nccc(Oc3ccc(NC(=O)NC4CC4)c(Cl)c3)c2cc1C(N)=O	Sex	Male	-0.12483
COc1cc2nccc(Oc3ccc(NC(=O)NC4CC4)c(Cl)c3)c2cc1C(N)=O	Sex	Female	-0.00281
COc1cc2nccc(Oc3ccc(NC(=O)NC4CC4)c(Cl)c3)c2cc1C(N)=O	Age	Children	-0.0926
COc1cc2nccc(Oc3ccc(NC(=O)NC4CC4)c(Cl)c3)c2cc1C(N)=O	Age	Adolescent	-0.01753
COc1cc2nccc(Oc3ccc(NC(=O)NC4CC4)c(Cl)c3)c2cc1C(N)=O	Age	Adult	-0.0772
COc1cc2nccc(Oc3ccc(NC(=O)NC4CC4)c(Cl)c3)c2cc1C(N)=O	Age	Elderly	-0.15672
COc1cc2nccc(Oc3ccc(NC(=O)NC4CC4)c(Cl)c3)c2cc1C(N)=O	Weight	Low	-0.14905
COc1cc2nccc(Oc3ccc(NC(=O)NC4CC4)c(Cl)c3)c2cc1C(N)=O	Weight	Average	-0.13222
COc1cc2nccc(Oc3ccc(NC(=O)NC4CC4)c(Cl)c3)c2cc1C(N)=O	Weight	High	-0.20174
CCCCC(=O)OCC(=O)C1(O)Cc2c(O)c3c(c(O)c2C(OC2CC(NC(=O)C(F)(F)F)C(O)C(C)O2)C1)C(=O)c1c(OC)cccc1C3=O	Sex	Male	-0.07076
CCCCC(=O)OCC(=O)C1(O)Cc2c(O)c3c(c(O)c2C(OC2CC(NC(=O)C(F)(F)F)C(O)C(C)O2)C1)C(=O)c1c(OC)cccc1C3=O	Sex	Female	-0.00266
CCCCC(=O)OCC(=O)C1(O)Cc2c(O)c3c(c(O)c2C(OC2CC(NC(=O)C(F)(F)F)C(O)C(C)O2)C1)C(=O)c1c(OC)cccc1C3=O	Age	Children	-0.07251
CCCCC(=O)OCC(=O)C1(O)Cc2c(O)c3c(c(O)c2C(OC2CC(NC(=O)C(F)(F)F)C(O)C(C)O2)C1)C(=O)c1c(OC)cccc1C3=O	Age	Adolescent	-0.02826
CCCCC(=O)OCC(=O)C1(O)Cc2c(O)c3c(c(O)c2C(OC2CC(NC(=O)C(F)(F)F)C(O)C(C)O2)C1)C(=O)c1c(OC)cccc1C3=O	Age	Adult	-0.02243
CCCCC(=O)OCC(=O)C1(O)Cc2c(O)c3c(c(O)c2C(OC2CC(NC(=O)C(F)(F)F)C(O)C(C)O2)C1)C(=O)c1c(OC)cccc1C3=O	Age	Elderly	-0.12217
CCCCC(=O)OCC(=O)C1(O)Cc2c(O)c3c(c(O)c2C(OC2CC(NC(=O)C(F)(F)F)C(O)C(C)O2)C1)C(=O)c1c(OC)cccc1C3=O	Weight	Low	-0.14719
CCCCC(=O)OCC(=O)C1(O)Cc2c(O)c3c(c(O)c2C(OC2CC(NC(=O)C(F)(F)F)C(O)C(C)O2)C1)C(=O)c1c(OC)cccc1C3=O	Weight	Average	-0.07911
CCCCC(=O)OCC(=O)C1(O)Cc2c(O)c3c(c(O)c2C(OC2CC(NC(=O)C(F)(F)F)C(O)C(C)O2)C1)C(=O)c1c(OC)cccc1C3=O	Weight	High	-0.17364
CC[N+](C)(CC)CCC[n+]1c(-c2ccccc2)c2cc(N)ccc2c2ccc(N)cc21	Sex	Male	-0.08278
CC[N+](C)(CC)CCC[n+]1c(-c2ccccc2)c2cc(N)ccc2c2ccc(N)cc21	Sex	Female	-0.00409
CC[N+](C)(CC)CCC[n+]1c(-c2ccccc2)c2cc(N)ccc2c2ccc(N)cc21	Age	Children	-0.0642
CC[N+](C)(CC)CCC[n+]1c(-c2ccccc2)c2cc(N)ccc2c2ccc(N)cc21	Age	Adolescent	-0.01616
CC[N+](C)(CC)CCC[n+]1c(-c2ccccc2)c2cc(N)ccc2c2ccc(N)cc21	Age	Adult	-0.03349
CC[N+](C)(CC)CCC[n+]1c(-c2ccccc2)c2cc(N)ccc2c2ccc(N)cc21	Age	Elderly	-0.1249
CC[N+](C)(CC)CCC[n+]1c(-c2ccccc2)c2cc(N)ccc2c2ccc(N)cc21	Weight	Low	-0.17687
CC[N+](C)(CC)CCC[n+]1c(-c2ccccc2)c2cc(N)ccc2c2ccc(N)cc21	Weight	Average	-0.16625
CC[N+](C)(CC)CCC[n+]1c(-c2ccccc2)c2cc(N)ccc2c2ccc(N)cc21	Weight	High	-0.27547
CCn1c(=O)c2c(nc(C=Cc3ccc(OC)c(OC)c3)n2C)n(CC)c1=O	Sex	Male	-0.06004
CCn1c(=O)c2c(nc(C=Cc3ccc(OC)c(OC)c3)n2C)n(CC)c1=O	Sex	Female	0.00224
CCn1c(=O)c2c(nc(C=Cc3ccc(OC)c(OC)c3)n2C)n(CC)c1=O	Age	Children	-0.0574
CCn1c(=O)c2c(nc(C=Cc3ccc(OC)c(OC)c3)n2C)n(CC)c1=O	Age	Adolescent	-0.0241
CCn1c(=O)c2c(nc(C=Cc3ccc(OC)c(OC)c3)n2C)n(CC)c1=O	Age	Adult	-0.06493
CCn1c(=O)c2c(nc(C=Cc3ccc(OC)c(OC)c3)n2C)n(CC)c1=O	Age	Elderly	-0.16348
CCn1c(=O)c2c(nc(C=Cc3ccc(OC)c(OC)c3)n2C)n(CC)c1=O	Weight	Low	-0.0854
CCn1c(=O)c2c(nc(C=Cc3ccc(OC)c(OC)c3)n2C)n(CC)c1=O	Weight	Average	-0.1014
CCn1c(=O)c2c(nc(C=Cc3ccc(OC)c(OC)c3)n2C)n(CC)c1=O	Weight	High	-0.16574
CN(C)CCC=C1c2ccccc2C(C)(C)c2ccccc21	Sex	Male	-0.16696
CN(C)CCC=C1c2ccccc2C(C)(C)c2ccccc21	Sex	Female	0.0
CN(C)CCC=C1c2ccccc2C(C)(C)c2ccccc21	Age	Children	-0.05552
CN(C)CCC=C1c2ccccc2C(C)(C)c2ccccc21	Age	Adolescent	-0.01048
CN(C)CCC=C1c2ccccc2C(C)(C)c2ccccc21	Age	Adult	-0.02844
CN(C)CCC=C1c2ccccc2C(C)(C)c2ccccc21	Age	Elderly	-0.2383
CN(C)CCC=C1c2ccccc2C(C)(C)c2ccccc21	Weight	Low	-0.17044
CN(C)CCC=C1c2ccccc2C(C)(C)c2ccccc21	Weight	Average	-0.15042
CN(C)CCC=C1c2ccccc2C(C)(C)c2ccccc21	Weight	High	-0.23703
N=C1CCCN1Cc1[nH]c(=O)[nH]c(=O)c1Cl	Sex	Male	-0.10589
N=C1CCCN1Cc1[nH]c(=O)[nH]c(=O)c1Cl	Sex	Female	0.00029
N=C1CCCN1Cc1[nH]c(=O)[nH]c(=O)c1Cl	Age	Children	-0.07468
N=C1CCCN1Cc1[nH]c(=O)[nH]c(=O)c1Cl	Age	Adolescent	-0.01504
N=C1CCCN1Cc1[nH]c(=O)[nH]c(=O)c1Cl	Age	Adult	-0.10951
N=C1CCCN1Cc1[nH]c(=O)[nH]c(=O)c1Cl	Age	Elderly	-0.17063
N=C1CCCN1Cc1[nH]c(=O)[nH]c(=O)c1Cl	Weight	Low	-0.15794
N=C1CCCN1Cc1[nH]c(=O)[nH]c(=O)c1Cl	Weight	Average	-0.15273
N=C1CCCN1Cc1[nH]c(=O)[nH]c(=O)c1Cl	Weight	High	-0.28236
CC(=O)OC1(C(C)=O)CCC2C3C=C(C)C4=CC(=O)CCC4C3CCC21C	Sex	Male	-0.11421
CC(=O)OC1(C(C)=O)CCC2C3C=C(C)C4=CC(=O)CCC4C3CCC21C	Sex	Female	-0.00797
CC(=O)OC1(C(C)=O)CCC2C3C=C(C)C4=CC(=O)CCC4C3CCC21C	Age	Children	-0.0335
CC(=O)OC1(C(C)=O)CCC2C3C=C(C)C4=CC(=O)CCC4C3CCC21C	Age	Adolescent	-0.01795
CC(=O)OC1(C(C)=O)CCC2C3C=C(C)C4=CC(=O)CCC4C3CCC21C	Age	Adult	-0.0708
CC(=O)OC1(C(C)=O)CCC2C3C=C(C)C4=CC(=O)CCC4C3CCC21C	Age	Elderly	-0.16093
CC(=O)OC1(C(C)=O)CCC2C3C=C(C)C4=CC(=O)CCC4C3CCC21C	Weight	Low	-0.21985
CC(=O)OC1(C(C)=O)CCC2C3C=C(C)C4=CC(=O)CCC4C3CCC21C	Weight	Average	-0.18047
CC(=O)OC1(C(C)=O)CCC2C3C=C(C)C4=CC(=O)CCC4C3CCC21C	Weight	High	-0.21083
CC(C)N1CC(O)c2cc(N=NC(N)=O)c(O)cc21	Sex	Male	-0.11444
CC(C)N1CC(O)c2cc(N=NC(N)=O)c(O)cc21	Sex	Female	-0.00593
CC(C)N1CC(O)c2cc(N=NC(N)=O)c(O)cc21	Age	Children	-0.0294
CC(C)N1CC(O)c2cc(N=NC(N)=O)c(O)cc21	Age	Adolescent	-0.00105
CC(C)N1CC(O)c2cc(N=NC(N)=O)c(O)cc21	Age	Adult	-0.0669
CC(C)N1CC(O)c2cc(N=NC(N)=O)c(O)cc21	Age	Elderly	-0.18195
CC(C)N1CC(O)c2cc(N=NC(N)=O)c(O)cc21	Weight	Low	-0.15361
CC(C)N1CC(O)c2cc(N=NC(N)=O)c(O)cc21	Weight	Average	-0.14824
CC(C)N1CC(O)c2cc(N=NC(N)=O)c(O)cc21	Weight	High	-0.18015
CC(C)NCC(C(=O)N1CCN(c2ncnc3c2C(C)CC3O)CC1)c1ccc(Cl)cc1	Sex	Male	-0.15402
CC(C)NCC(C(=O)N1CCN(c2ncnc3c2C(C)CC3O)CC1)c1ccc(Cl)cc1	Sex	Female	-0.00056
CC(C)NCC(C(=O)N1CCN(c2ncnc3c2C(C)CC3O)CC1)c1ccc(Cl)cc1	Age	Children	-0.04595
CC(C)NCC(C(=O)N1CCN(c2ncnc3c2C(C)CC3O)CC1)c1ccc(Cl)cc1	Age	Adolescent	0.002
CC(C)NCC(C(=O)N1CCN(c2ncnc3c2C(C)CC3O)CC1)c1ccc(Cl)cc1	Age	Adult	-0.06193
CC(C)NCC(C(=O)N1CCN(c2ncnc3c2C(C)CC3O)CC1)c1ccc(Cl)cc1	Age	Elderly	-0.1875
CC(C)NCC(C(=O)N1CCN(c2ncnc3c2C(C)CC3O)CC1)c1ccc(Cl)cc1	Weight	Low	-0.23625
CC(C)NCC(C(=O)N1CCN(c2ncnc3c2C(C)CC3O)CC1)c1ccc(Cl)cc1	Weight	Average	-0.17362
CC(C)NCC(C(=O)N1CCN(c2ncnc3c2C(C)CC3O)CC1)c1ccc(Cl)cc1	Weight	High	-0.23655
CC(N)C(=O)NC(CCC(N)=O)C(=O)O	Sex	Male	-0.14326
CC(N)C(=O)NC(CCC(N)=O)C(=O)O	Sex	Female	-0.00799
CC(N)C(=O)NC(CCC(N)=O)C(=O)O	Age	Children	-0.05363
CC(N)C(=O)NC(CCC(N)=O)C(=O)O	Age	Adolescent	0.00047
CC(N)C(=O)NC(CCC(N)=O)C(=O)O	Age	Adult	-0.06592
CC(N)C(=O)NC(CCC(N)=O)C(=O)O	Age	Elderly	-0.19736
CC(N)C(=O)NC(CCC(N)=O)C(=O)O	Weight	Low	-0.17308
CC(N)C(=O)NC(CCC(N)=O)C(=O)O	Weight	Average	-0.16744
CC(N)C(=O)NC(CCC(N)=O)C(=O)O	Weight	High	-0.19513
CC1(O)CCC2C3CCC4=CC(=O)CCC4=C3C=CC21C	Sex	Male	-0.11998
CC1(O)CCC2C3CCC4=CC(=O)CCC4=C3C=CC21C	Sex	Female	-0.00902
CC1(O)CCC2C3CCC4=CC(=O)CCC4=C3C=CC21C	Age	Children	-0.04669
CC1(O)CCC2C3CCC4=CC(=O)CCC4=C3C=CC21C	Age	Adolescent	-0.01029
CC1(O)CCC2C3CCC4=CC(=O)CCC4=C3C=CC21C	Age	Adult	-0.06841
CC1(O)CCC2C3CCC4=CC(=O)CCC4=C3C=CC21C	Age	Elderly	-0.16436
CC1(O)CCC2C3CCC4=CC(=O)CCC4=C3C=CC21C	Weight	Low	-0.25855
CC1(O)CCC2C3CCC4=CC(=O)CCC4=C3C=CC21C	Weight	Average	-0.20486
CC1(O)CCC2C3CCC4=CC(=O)CCC4=C3C=CC21C	Weight	High	-0.27592
CC12C=CC(=O)C=C1CCC1C2CCC2(C)C(O)CCC12	Sex	Male	-0.12748
CC12C=CC(=O)C=C1CCC1C2CCC2(C)C(O)CCC12	Sex	Female	-0.007
CC12C=CC(=O)C=C1CCC1C2CCC2(C)C(O)CCC12	Age	Children	-0.02484
CC12C=CC(=O)C=C1CCC1C2CCC2(C)C(O)CCC12	Age	Adolescent	-0.00695
CC12C=CC(=O)C=C1CCC1C2CCC2(C)C(O)CCC12	Age	Adult	-0.06561
CC12C=CC(=O)C=C1CCC1C2CCC2(C)C(O)CCC12	Age	Elderly	-0.15154
CC12C=CC(=O)C=C1CCC1C2CCC2(C)C(O)CCC12	Weight	Low	-0.20569
CC12C=CC(=O)C=C1CCC1C2CCC2(C)C(O)CCC12	Weight	Average	-0.17464
CC12C=CC(=O)C=C1CCC1C2CCC2(C)C(O)CCC12	Weight	High	-0.25092
CC12CCC(=O)C=C1CCC1C2CCC2(C)C(OC(=O)CCC3CCCC3)CCC12	Sex	Male	-0.08689
CC12CCC(=O)C=C1CCC1C2CCC2(C)C(OC(=O)CCC3CCCC3)CCC12	Sex	Female	-0.01134
CC12CCC(=O)C=C1CCC1C2CCC2(C)C(OC(=O)CCC3CCCC3)CCC12	Age	Children	-0.03781
CC12CCC(=O)C=C1CCC1C2CCC2(C)C(OC(=O)CCC3CCCC3)CCC12	Age	Adolescent	-0.01336
CC12CCC(=O)C=C1CCC1C2CCC2(C)C(OC(=O)CCC3CCCC3)CCC12	Age	Adult	-0.06068
CC12CCC(=O)C=C1CCC1C2CCC2(C)C(OC(=O)CCC3CCCC3)CCC12	Age	Elderly	-0.14516
CC12CCC(=O)C=C1CCC1C2CCC2(C)C(OC(=O)CCC3CCCC3)CCC12	Weight	Low	-0.23116
CC12CCC(=O)C=C1CCC1C2CCC2(C)C(OC(=O)CCC3CCCC3)CCC12	Weight	Average	-0.20907
CC12CCC(=O)C=C1CCC1C2CCC2(C)C(OC(=O)CCC3CCCC3)CCC12	Weight	High	-0.23571
CC1CC2C3CCC4=CC(=O)C=CC4(C)C3C(=O)CC2(C)C1(O)C(=O)CO	Sex	Male	-0.08066
CC1CC2C3CCC4=CC(=O)C=CC4(C)C3C(=O)CC2(C)C1(O)C(=O)CO	Sex	Female	-0.0053
CC1CC2C3CCC4=CC(=O)C=CC4(C)C3C(=O)CC2(C)C1(O)C(=O)CO	Age	Children	-0.02201
CC1CC2C3CCC4=CC(=O)C=CC4(C)C3C(=O)CC2(C)C1(O)C(=O)CO	Age	Adolescent	-0.01229
CC1CC2C3CCC4=CC(=O)C=CC4(C)C3C(=O)CC2(C)C1(O)C(=O)CO	Age	Adult	-0.06169
CC1CC2C3CCC4=CC(=O)C=CC4(C)C3C(=O)CC2(C)C1(O)C(=O)CO	Age	Elderly	-0.14668
CC1CC2C3CCC4=CC(=O)C=CC4(C)C3C(=O)CC2(C)C1(O)C(=O)CO	Weight	Low	-0.1641
CC1CC2C3CCC4=CC(=O)C=CC4(C)C3C(=O)CC2(C)C1(O)C(=O)CO	Weight	Average	-0.15683
CC1CC2C3CCC4=CC(=O)C=CC4(C)C3C(=O)CC2(C)C1(O)C(=O)CO	Weight	High	-0.23396
CCC(=O)C1(C)C(C)CC2C3CCC4=CC(=O)C=CC4(C)C3C(O)CC21C	Sex	Male	-0.09674
CCC(=O)C1(C)C(C)CC2C3CCC4=CC(=O)C=CC4(C)C3C(O)CC21C	Sex	Female	-0.0055
CCC(=O)C1(C)C(C)CC2C3CCC4=CC(=O)C=CC4(C)C3C(O)CC21C	Age	Children	-0.03995
CCC(=O)C1(C)C(C)CC2C3CCC4=CC(=O)C=CC4(C)C3C(O)CC21C	Age	Adolescent	-0.01781
CCC(=O)C1(C)C(C)CC2C3CCC4=CC(=O)C=CC4(C)C3C(O)CC21C	Age	Adult	-0.08268
CCC(=O)C1(C)C(C)CC2C3CCC4=CC(=O)C=CC4(C)C3C(O)CC21C	Age	Elderly	-0.12973
CCC(=O)C1(C)C(C)CC2C3CCC4=CC(=O)C=CC4(C)C3C(O)CC21C	Weight	Low	-0.24076
CCC(=O)C1(C)C(C)CC2C3CCC4=CC(=O)C=CC4(C)C3C(O)CC21C	Weight	Average	-0.19563
CCC(=O)C1(C)C(C)CC2C3CCC4=CC(=O)C=CC4(C)C3C(O)CC21C	Weight	High	-0.23895
CCC(C)(C)c1ccc(CC(C)CN2CC(C)OC(C)C2)cc1	Sex	Male	-0.12054
CCC(C)(C)c1ccc(CC(C)CN2CC(C)OC(C)C2)cc1	Sex	Female	-0.0047
CCC(C)(C)c1ccc(CC(C)CN2CC(C)OC(C)C2)cc1	Age	Children	-0.04925
CCC(C)(C)c1ccc(CC(C)CN2CC(C)OC(C)C2)cc1	Age	Adolescent	0.0031
CCC(C)(C)c1ccc(CC(C)CN2CC(C)OC(C)C2)cc1	Age	Adult	-0.04559
CCC(C)(C)c1ccc(CC(C)CN2CC(C)OC(C)C2)cc1	Age	Elderly	-0.13703
CCC(C)(C)c1ccc(CC(C)CN2CC(C)OC(C)C2)cc1	Weight	Low	-0.1975
CCC(C)(C)c1ccc(CC(C)CN2CC(C)OC(C)C2)cc1	Weight	Average	-0.16198
CCC(C)(C)c1ccc(CC(C)CN2CC(C)OC(C)C2)cc1	Weight	High	-0.21211
CCC=CCC=CCC=CCC=CCC=CCC=CCCC(=O)O	Sex	Male	-0.09884
CCC=CCC=CCC=CCC=CCC=CCC=CCCC(=O)O	Sex	Female	-0.00141
CCC=CCC=CCC=CCC=CCC=CCC=CCCC(=O)O	Age	Children	-0.02425
CCC=CCC=CCC=CCC=CCC=CCC=CCCC(=O)O	Age	Adolescent	0.00299
CCC=CCC=CCC=CCC=CCC=CCC=CCCC(=O)O	Age	Adult	-0.03195
CCC=CCC=CCC=CCC=CCC=CCC=CCCC(=O)O	Age	Elderly	-0.06598
CCC=CCC=CCC=CCC=CCC=CCC=CCCC(=O)O	Weight	Low	-0.14121
CCC=CCC=CCC=CCC=CCC=CCC=CCCC(=O)O	Weight	Average	-0.0785
CCC=CCC=CCC=CCC=CCC=CCC=CCCC(=O)O	Weight	High	-0.16241
CCCCCC(O)C=CC1C(O)CC(=O)C1CCCCCCC(=O)O	Sex	Male	-0.10916
CCCCCC(O)C=CC1C(O)CC(=O)C1CCCCCCC(=O)O	Sex	Female	-0.00284
CCCCCC(O)C=CC1C(O)CC(=O)C1CCCCCCC(=O)O	Age	Children	-0.03435
CCCCCC(O)C=CC1C(O)CC(=O)C1CCCCCCC(=O)O	Age	Adolescent	-0.00888
CCCCCC(O)C=CC1C(O)CC(=O)C1CCCCCCC(=O)O	Age	Adult	-0.05996
CCCCCC(O)C=CC1C(O)CC(=O)C1CCCCCCC(=O)O	Age	Elderly	-0.15947
CCCCCC(O)C=CC1C(O)CC(=O)C1CCCCCCC(=O)O	Weight	Low	-0.23965
CCCCCC(O)C=CC1C(O)CC(=O)C1CCCCCCC(=O)O	Weight	Average	-0.18773
CCCCCC(O)C=CC1C(O)CC(=O)C1CCCCCCC(=O)O	Weight	High	-0.25804
CNCC(O)c1ccc(O)c(O)c1	Sex	Male	-0.08868
CNCC(O)c1ccc(O)c(O)c1	Sex	Female	-0.00562
CNCC(O)c1ccc(O)c(O)c1	Age	Children	-0.01979
CNCC(O)c1ccc(O)c(O)c1	Age	Adolescent	-0.00534
CNCC(O)c1ccc(O)c(O)c1	Age	Adult	-0.04996
CNCC(O)c1ccc(O)c(O)c1	Age	Elderly	-0.13818
CNCC(O)c1ccc(O)c(O)c1	Weight	Low	-0.17118
CNCC(O)c1ccc(O)c(O)c1	Weight	Average	-0.15444
CNCC(O)c1ccc(O)c(O)c1	Weight	High	-0.18505
COC12CCC3(CC1C(C)(O)C(C)(C)C)C1Cc4ccc(O)c5c4C3(CCN1)C2O5	Sex	Male	-0.13189
COC12CCC3(CC1C(C)(O)C(C)(C)C)C1Cc4ccc(O)c5c4C3(CCN1)C2O5	Sex	Female	0.00042
COC12CCC3(CC1C(C)(O)C(C)(C)C)C1Cc4ccc(O)c5c4C3(CCN1)C2O5	Age	Children	-0.0236
COC12CCC3(CC1C(C)(O)C(C)(C)C)C1Cc4ccc(O)c5c4C3(CCN1)C2O5	Age	Adolescent	0.00407
COC12CCC3(CC1C(C)(O)C(C)(C)C)C1Cc4ccc(O)c5c4C3(CCN1)C2O5	Age	Adult	-0.07587
COC12CCC3(CC1C(C)(O)C(C)(C)C)C1Cc4ccc(O)c5c4C3(CCN1)C2O5	Age	Elderly	-0.17887
COC12CCC3(CC1C(C)(O)C(C)(C)C)C1Cc4ccc(O)c5c4C3(CCN1)C2O5	Weight	Low	-0.21839
COC12CCC3(CC1C(C)(O)C(C)(C)C)C1Cc4ccc(O)c5c4C3(CCN1)C2O5	Weight	Average	-0.22948
COC12CCC3(CC1C(C)(O)C(C)(C)C)C1Cc4ccc(O)c5c4C3(CCN1)C2O5	Weight	High	-0.23833
CS(=O)(=O)Nc1cc2occ(NC=O)c(=O)c2cc1Oc1ccccc1	Sex	Male	-0.09902
CS(=O)(=O)Nc1cc2occ(NC=O)c(=O)c2cc1Oc1ccccc1	Sex	Female	-0.00449
CS(=O)(=O)Nc1cc2occ(NC=O)c(=O)c2cc1Oc1ccccc1	Age	Children	-0.06075
CS(=O)(=O)Nc1cc2occ(NC=O)c(=O)c2cc1Oc1ccccc1	Age	Adolescent	-0.02718
CS(=O)(=O)Nc1cc2occ(NC=O)c(=O)c2cc1Oc1ccccc1	Age	Adult	-0.07486
CS(=O)(=O)Nc1cc2occ(NC=O)c(=O)c2cc1Oc1ccccc1	Age	Elderly	-0.21867
CS(=O)(=O)Nc1cc2occ(NC=O)c(=O)c2cc1Oc1ccccc1	Weight	Low	-0.24613
CS(=O)(=O)Nc1cc2occ(NC=O)c(=O)c2cc1Oc1ccccc1	Weight	Average	-0.14456
CS(=O)(=O)Nc1cc2occ(NC=O)c(=O)c2cc1Oc1ccccc1	Weight	High	-0.17293
NC(=O)CCC(N)C(=O)O	Sex	Male	-0.146
NC(=O)CCC(N)C(=O)O	Sex	Female	-0.00867
NC(=O)CCC(N)C(=O)O	Age	Children	-0.06148
NC(=O)CCC(N)C(=O)O	Age	Adolescent	0.00077
NC(=O)CCC(N)C(=O)O	Age	Adult	-0.07065
NC(=O)CCC(N)C(=O)O	Age	Elderly	-0.1826
NC(=O)CCC(N)C(=O)O	Weight	Low	-0.18218
NC(=O)CCC(N)C(=O)O	Weight	Average	-0.19431
NC(=O)CCC(N)C(=O)O	Weight	High	-0.21023
NCC1CCC(C(=O)O)CC1	Sex	Male	-0.1053
NCC1CCC(C(=O)O)CC1	Sex	Female	-0.00752
NCC1CCC(C(=O)O)CC1	Age	Children	-0.03139
NCC1CCC(C(=O)O)CC1	Age	Adolescent	-0.00309
NCC1CCC(C(=O)O)CC1	Age	Adult	-0.04532
NCC1CCC(C(=O)O)CC1	Age	Elderly	-0.15321
NCC1CCC(C(=O)O)CC1	Weight	Low	-0.20018
NCC1CCC(C(=O)O)CC1	Weight	Average	-0.15092
NCC1CCC(C(=O)O)CC1	Weight	High	-0.22554
NS(=O)(=O)NCCNc1nonc1C(=Nc1ccc(F)c(Br)c1)NO	Sex	Male	-0.10189
NS(=O)(=O)NCCNc1nonc1C(=Nc1ccc(F)c(Br)c1)NO	Sex	Female	-0.0026
NS(=O)(=O)NCCNc1nonc1C(=Nc1ccc(F)c(Br)c1)NO	Age	Children	-0.03766
NS(=O)(=O)NCCNc1nonc1C(=Nc1ccc(F)c(Br)c1)NO	Age	Adolescent	-0.00566
NS(=O)(=O)NCCNc1nonc1C(=Nc1ccc(F)c(Br)c1)NO	Age	Adult	-0.06008
NS(=O)(=O)NCCNc1nonc1C(=Nc1ccc(F)c(Br)c1)NO	Age	Elderly	-0.17577
NS(=O)(=O)NCCNc1nonc1C(=Nc1ccc(F)c(Br)c1)NO	Weight	Low	-0.15624
NS(=O)(=O)NCCNc1nonc1C(=Nc1ccc(F)c(Br)c1)NO	Weight	Average	-0.15554
NS(=O)(=O)NCCNc1nonc1C(=Nc1ccc(F)c(Br)c1)NO	Weight	High	-0.16977
Nc1ccn(C2COC(CO)S2)c(=O)n1	Sex	Male	-0.13798
Nc1ccn(C2COC(CO)S2)c(=O)n1	Sex	Female	-0.00204
Nc1ccn(C2COC(CO)S2)c(=O)n1	Age	Children	-0.03417
Nc1ccn(C2COC(CO)S2)c(=O)n1	Age	Adolescent	0.00161
Nc1ccn(C2COC(CO)S2)c(=O)n1	Age	Adult	-0.06161
Nc1ccn(C2COC(CO)S2)c(=O)n1	Age	Elderly	-0.25095
Nc1ccn(C2COC(CO)S2)c(=O)n1	Weight	Low	-0.14329
Nc1ccn(C2COC(CO)S2)c(=O)n1	Weight	Average	-0.17559
Nc1ccn(C2COC(CO)S2)c(=O)n1	Weight	High	-0.23575
Nc1nc(CC(=O)Nc2ccc(CCNCC(O)c3ccccc3)cc2)cs1	Sex	Male	-0.11809
Nc1nc(CC(=O)Nc2ccc(CCNCC(O)c3ccccc3)cc2)cs1	Sex	Female	-0.00454
Nc1nc(CC(=O)Nc2ccc(CCNCC(O)c3ccccc3)cc2)cs1	Age	Children	-0.0365
Nc1nc(CC(=O)Nc2ccc(CCNCC(O)c3ccccc3)cc2)cs1	Age	Adolescent	0.00187
Nc1nc(CC(=O)Nc2ccc(CCNCC(O)c3ccccc3)cc2)cs1	Age	Adult	-0.06149
Nc1nc(CC(=O)Nc2ccc(CCNCC(O)c3ccccc3)cc2)cs1	Age	Elderly	-0.15345
Nc1nc(CC(=O)Nc2ccc(CCNCC(O)c3ccccc3)cc2)cs1	Weight	Low	-0.2004
Nc1nc(CC(=O)Nc2ccc(CCNCC(O)c3ccccc3)cc2)cs1	Weight	Average	-0.12592
Nc1nc(CC(=O)Nc2ccc(CCNCC(O)c3ccccc3)cc2)cs1	Weight	High	-0.21404
O=C1CCC(C(=O)[O-])N1	Sex	Male	-0.12811
O=C1CCC(C(=O)[O-])N1	Sex	Female	-0.00198
O=C1CCC(C(=O)[O-])N1	Age	Children	-0.03177
O=C1CCC(C(=O)[O-])N1	Age	Adolescent	-0.00353
O=C1CCC(C(=O)[O-])N1	Age	Adult	-0.07126
O=C1CCC(C(=O)[O-])N1	Age	Elderly	-0.25093
O=C1CCC(C(=O)[O-])N1	Weight	Low	-0.15262
O=C1CCC(C(=O)[O-])N1	Weight	Average	-0.16718
O=C1CCC(C(=O)[O-])N1	Weight	High	-0.22571
O=C1c2cccc3c2C(CCC3)CN1C1CN2CCC1CC2	Sex	Male	-0.13162
O=C1c2cccc3c2C(CCC3)CN1C1CN2CCC1CC2	Sex	Female	-0.00505
O=C1c2cccc3c2C(CCC3)CN1C1CN2CCC1CC2	Age	Children	-0.02331
O=C1c2cccc3c2C(CCC3)CN1C1CN2CCC1CC2	Age	Adolescent	0.00663
O=C1c2cccc3c2C(CCC3)CN1C1CN2CCC1CC2	Age	Adult	-0.03544
O=C1c2cccc3c2C(CCC3)CN1C1CN2CCC1CC2	Age	Elderly	-0.15457
O=C1c2cccc3c2C(CCC3)CN1C1CN2CCC1CC2	Weight	Low	-0.18386
O=C1c2cccc3c2C(CCC3)CN1C1CN2CCC1CC2	Weight	Average	-0.18411
O=C1c2cccc3c2C(CCC3)CN1C1CN2CCC1CC2	Weight	High	-0.19611
O=c1ccn(C2OC(CO)C(O)C2O)c(=O)[nH]1	Sex	Male	-0.09679
O=c1ccn(C2OC(CO)C(O)C2O)c(=O)[nH]1	Sex	Female	-0.00698
O=c1ccn(C2OC(CO)C(O)C2O)c(=O)[nH]1	Age	Children	-0.0298
O=c1ccn(C2OC(CO)C(O)C2O)c(=O)[nH]1	Age	Adolescent	-0.01507
O=c1ccn(C2OC(CO)C(O)C2O)c(=O)[nH]1	Age	Adult	-0.08092
O=c1ccn(C2OC(CO)C(O)C2O)c(=O)[nH]1	Age	Elderly	-0.19878
O=c1ccn(C2OC(CO)C(O)C2O)c(=O)[nH]1	Weight	Low	-0.19793
O=c1ccn(C2OC(CO)C(O)C2O)c(=O)[nH]1	Weight	Average	-0.1829
O=c1ccn(C2OC(CO)C(O)C2O)c(=O)[nH]1	Weight	High	-0.2509
OCC1OC(c2ccc(Cl)c(Cc3ccc(OC4CCOC4)cc3)c2)C(O)C(O)C1O	Sex	Male	-0.0735
OCC1OC(c2ccc(Cl)c(Cc3ccc(OC4CCOC4)cc3)c2)C(O)C(O)C1O	Sex	Female	-0.00563
OCC1OC(c2ccc(Cl)c(Cc3ccc(OC4CCOC4)cc3)c2)C(O)C(O)C1O	Age	Children	-0.03999
OCC1OC(c2ccc(Cl)c(Cc3ccc(OC4CCOC4)cc3)c2)C(O)C(O)C1O	Age	Adolescent	-0.00431
OCC1OC(c2ccc(Cl)c(Cc3ccc(OC4CCOC4)cc3)c2)C(O)C(O)C1O	Age	Adult	-0.06455
OCC1OC(c2ccc(Cl)c(Cc3ccc(OC4CCOC4)cc3)c2)C(O)C(O)C1O	Age	Elderly	-0.16269
OCC1OC(c2ccc(Cl)c(Cc3ccc(OC4CCOC4)cc3)c2)C(O)C(O)C1O	Weight	Low	-0.19946
OCC1OC(c2ccc(Cl)c(Cc3ccc(OC4CCOC4)cc3)c2)C(O)C(O)C1O	Weight	Average	-0.10849
OCC1OC(c2ccc(Cl)c(Cc3ccc(OC4CCOC4)cc3)c2)C(O)C(O)C1O	Weight	High	-0.25756
C=C(C)C1CCC(C)=CC1c1c(O)cc(CCCCC)cc1O	Sex	Male	-0.0703
C=C(C)C1CCC(C)=CC1c1c(O)cc(CCCCC)cc1O	Sex	Female	-0.00564
C=C(C)C1CCC(C)=CC1c1c(O)cc(CCCCC)cc1O	Age	Children	-0.02693
C=C(C)C1CCC(C)=CC1c1c(O)cc(CCCCC)cc1O	Age	Adolescent	0.0058
C=C(C)C1CCC(C)=CC1c1c(O)cc(CCCCC)cc1O	Age	Adult	-0.03767
C=C(C)C1CCC(C)=CC1c1c(O)cc(CCCCC)cc1O	Age	Elderly	-0.11808
C=C(C)C1CCC(C)=CC1c1c(O)cc(CCCCC)cc1O	Weight	Low	-0.21165
C=C(C)C1CCC(C)=CC1c1c(O)cc(CCCCC)cc1O	Weight	Average	-0.13158
C=C(C)C1CCC(C)=CC1c1c(O)cc(CCCCC)cc1O	Weight	High	-0.21678
CC1CC2C3CC(F)C4=CC(=O)C=CC4(C)C3C(O)CC2(C)C1C(=O)CO	Sex	Male	-0.07807
CC1CC2C3CC(F)C4=CC(=O)C=CC4(C)C3C(O)CC2(C)C1C(=O)CO	Sex	Female	-0.00606
CC1CC2C3CC(F)C4=CC(=O)C=CC4(C)C3C(O)CC2(C)C1C(=O)CO	Age	Children	-0.03155
CC1CC2C3CC(F)C4=CC(=O)C=CC4(C)C3C(O)CC2(C)C1C(=O)CO	Age	Adolescent	-0.0064
CC1CC2C3CC(F)C4=CC(=O)C=CC4(C)C3C(O)CC2(C)C1C(=O)CO	Age	Adult	-0.0725
CC1CC2C3CC(F)C4=CC(=O)C=CC4(C)C3C(O)CC2(C)C1C(=O)CO	Age	Elderly	-0.13585
CC1CC2C3CC(F)C4=CC(=O)C=CC4(C)C3C(O)CC2(C)C1C(=O)CO	Weight	Low	-0.22403
CC1CC2C3CC(F)C4=CC(=O)C=CC4(C)C3C(O)CC2(C)C1C(=O)CO	Weight	Average	-0.16908
CC1CC2C3CC(F)C4=CC(=O)C=CC4(C)C3C(O)CC2(C)C1C(=O)CO	Weight	High	-0.2748
COc1ccc(-c2noc(CC(=O)O)c2-c2ccc(OC)cc2)cc1	Sex	Male	-0.07752
COc1ccc(-c2noc(CC(=O)O)c2-c2ccc(OC)cc2)cc1	Sex	Female	-0.00237
COc1ccc(-c2noc(CC(=O)O)c2-c2ccc(OC)cc2)cc1	Age	Children	-0.03321
COc1ccc(-c2noc(CC(=O)O)c2-c2ccc(OC)cc2)cc1	Age	Adolescent	-0.00696
COc1ccc(-c2noc(CC(=O)O)c2-c2ccc(OC)cc2)cc1	Age	Adult	-0.05362
COc1ccc(-c2noc(CC(=O)O)c2-c2ccc(OC)cc2)cc1	Age	Elderly	-0.18386
COc1ccc(-c2noc(CC(=O)O)c2-c2ccc(OC)cc2)cc1	Weight	Low	-0.18387
COc1ccc(-c2noc(CC(=O)O)c2-c2ccc(OC)cc2)cc1	Weight	Average	-0.14237
COc1ccc(-c2noc(CC(=O)O)c2-c2ccc(OC)cc2)cc1	Weight	High	-0.16848
NCC(O)CCC(N)C(=O)O	Sex	Male	-0.10346
NCC(O)CCC(N)C(=O)O	Sex	Female	-0.00475
NCC(O)CCC(N)C(=O)O	Age	Children	-0.0357
NCC(O)CCC(N)C(=O)O	Age	Adolescent	-0.00955
NCC(O)CCC(N)C(=O)O	Age	Adult	-0.05114
NCC(O)CCC(N)C(=O)O	Age	Elderly	-0.13621
NCC(O)CCC(N)C(=O)O	Weight	Low	-0.14771
NCC(O)CCC(N)C(=O)O	Weight	Average	-0.15316
NCC(O)CCC(N)C(=O)O	Weight	High	-0.20943
Nc1nc2c(c(=O)[nH]1)N(C=O)C(CNc1ccc(C(=O)NC(CCC(=O)O)C(=O)O)cc1)CN2	Sex	Male	-0.13843
Nc1nc2c(c(=O)[nH]1)N(C=O)C(CNc1ccc(C(=O)NC(CCC(=O)O)C(=O)O)cc1)CN2	Sex	Female	-0.00383
Nc1nc2c(c(=O)[nH]1)N(C=O)C(CNc1ccc(C(=O)NC(CCC(=O)O)C(=O)O)cc1)CN2	Age	Children	-0.04536
Nc1nc2c(c(=O)[nH]1)N(C=O)C(CNc1ccc(C(=O)NC(CCC(=O)O)C(=O)O)cc1)CN2	Age	Adolescent	-0.0235
Nc1nc2c(c(=O)[nH]1)N(C=O)C(CNc1ccc(C(=O)NC(CCC(=O)O)C(=O)O)cc1)CN2	Age	Adult	-0.0754
Nc1nc2c(c(=O)[nH]1)N(C=O)C(CNc1ccc(C(=O)NC(CCC(=O)O)C(=O)O)cc1)CN2	Age	Elderly	-0.16384
Nc1nc2c(c(=O)[nH]1)N(C=O)C(CNc1ccc(C(=O)NC(CCC(=O)O)C(=O)O)cc1)CN2	Weight	Low	-0.23957
Nc1nc2c(c(=O)[nH]1)N(C=O)C(CNc1ccc(C(=O)NC(CCC(=O)O)C(=O)O)cc1)CN2	Weight	Average	-0.1612
Nc1nc2c(c(=O)[nH]1)N(C=O)C(CNc1ccc(C(=O)NC(CCC(=O)O)C(=O)O)cc1)CN2	Weight	High	-0.19769
CC1(C)SC2C(NC(=O)C(C(=O)O)c3ccsc3)C(=O)N2C1C(=O)O	Sex	Male	-0.10144
CC1(C)SC2C(NC(=O)C(C(=O)O)c3ccsc3)C(=O)N2C1C(=O)O	Sex	Female	-0.00648
CC1(C)SC2C(NC(=O)C(C(=O)O)c3ccsc3)C(=O)N2C1C(=O)O	Age	Children	-0.04515
CC1(C)SC2C(NC(=O)C(C(=O)O)c3ccsc3)C(=O)N2C1C(=O)O	Age	Adolescent	-0.01493
CC1(C)SC2C(NC(=O)C(C(=O)O)c3ccsc3)C(=O)N2C1C(=O)O	Age	Adult	-0.04725
CC1(C)SC2C(NC(=O)C(C(=O)O)c3ccsc3)C(=O)N2C1C(=O)O	Age	Elderly	-0.15506
CC1(C)SC2C(NC(=O)C(C(=O)O)c3ccsc3)C(=O)N2C1C(=O)O	Weight	Low	-0.16992
CC1(C)SC2C(NC(=O)C(C(=O)O)c3ccsc3)C(=O)N2C1C(=O)O	Weight	Average	-0.16059
CC1(C)SC2C(NC(=O)C(C(=O)O)c3ccsc3)C(=O)N2C1C(=O)O	Weight	High	-0.23281
Nc1ccc(C(=O)O)c(O)c1	Sex	Male	-0.11958
Nc1ccc(C(=O)O)c(O)c1	Sex	Female	-0.00646
Nc1ccc(C(=O)O)c(O)c1	Age	Children	-0.02447
Nc1ccc(C(=O)O)c(O)c1	Age	Adolescent	-0.00914
Nc1ccc(C(=O)O)c(O)c1	Age	Adult	-0.06805
Nc1ccc(C(=O)O)c(O)c1	Age	Elderly	-0.17724
Nc1ccc(C(=O)O)c(O)c1	Weight	Low	-0.21681
Nc1ccc(C(=O)O)c(O)c1	Weight	Average	-0.17103
Nc1ccc(C(=O)O)c(O)c1	Weight	High	-0.19343
O=C(O)C(O)C(O)C(=O)O	Sex	Male	-0.12222
O=C(O)C(O)C(O)C(=O)O	Sex	Female	-0.00984
O=C(O)C(O)C(O)C(=O)O	Age	Children	-0.03623
O=C(O)C(O)C(O)C(=O)O	Age	Adolescent	-0.01391
O=C(O)C(O)C(O)C(=O)O	Age	Adult	-0.07717
O=C(O)C(O)C(O)C(=O)O	Age	Elderly	-0.14949
O=C(O)C(O)C(O)C(=O)O	Weight	Low	-0.25774
O=C(O)C(O)C(O)C(=O)O	Weight	Average	-0.24143
O=C(O)C(O)C(O)C(=O)O	Weight	High	-0.25874
C#CC1(O)CCC2C3CCC4=CC(=O)CCC4C3CCC21C	Sex	Male	-0.08275
C#CC1(O)CCC2C3CCC4=CC(=O)CCC4C3CCC21C	Sex	Female	-0.00364
C#CC1(O)CCC2C3CCC4=CC(=O)CCC4C3CCC21C	Age	Children	-0.02177
C#CC1(O)CCC2C3CCC4=CC(=O)CCC4C3CCC21C	Age	Adolescent	-0.02509
C#CC1(O)CCC2C3CCC4=CC(=O)CCC4C3CCC21C	Age	Adult	-0.05927
C#CC1(O)CCC2C3CCC4=CC(=O)CCC4C3CCC21C	Age	Elderly	-0.15525
C#CC1(O)CCC2C3CCC4=CC(=O)CCC4C3CCC21C	Weight	Low	-0.19694
C#CC1(O)CCC2C3CCC4=CC(=O)CCC4C3CCC21C	Weight	Average	-0.17445
C#CC1(O)CCC2C3CCC4=CC(=O)CCC4C3CCC21C	Weight	High	-0.214
C=C1C(=CC=C2CCCC3(C)C2CCC3C(C)CCCC(C)(C)O)CC(O)CC1O	Sex	Male	-0.1323
C=C1C(=CC=C2CCCC3(C)C2CCC3C(C)CCCC(C)(C)O)CC(O)CC1O	Sex	Female	-0.00378
C=C1C(=CC=C2CCCC3(C)C2CCC3C(C)CCCC(C)(C)O)CC(O)CC1O	Age	Children	-0.04772
C=C1C(=CC=C2CCCC3(C)C2CCC3C(C)CCCC(C)(C)O)CC(O)CC1O	Age	Adolescent	-0.01834
C=C1C(=CC=C2CCCC3(C)C2CCC3C(C)CCCC(C)(C)O)CC(O)CC1O	Age	Adult	-0.06735
C=C1C(=CC=C2CCCC3(C)C2CCC3C(C)CCCC(C)(C)O)CC(O)CC1O	Age	Elderly	-0.15496
C=C1C(=CC=C2CCCC3(C)C2CCC3C(C)CCCC(C)(C)O)CC(O)CC1O	Weight	Low	-0.21705
C=C1C(=CC=C2CCCC3(C)C2CCC3C(C)CCCC(C)(C)O)CC(O)CC1O	Weight	Average	-0.16833
C=C1C(=CC=C2CCCC3(C)C2CCC3C(C)CCCC(C)(C)O)CC(O)CC1O	Weight	High	-0.28432
C=CCN1CCC23c4c5ccc(O)c4OC2C(=O)CCC3(O)C1C5	Sex	Male	-0.06852
C=CCN1CCC23c4c5ccc(O)c4OC2C(=O)CCC3(O)C1C5	Sex	Female	-0.00389
C=CCN1CCC23c4c5ccc(O)c4OC2C(=O)CCC3(O)C1C5	Age	Children	-0.01861
C=CCN1CCC23c4c5ccc(O)c4OC2C(=O)CCC3(O)C1C5	Age	Adolescent	-0.0011
C=CCN1CCC23c4c5ccc(O)c4OC2C(=O)CCC3(O)C1C5	Age	Adult	-0.0607
C=CCN1CCC23c4c5ccc(O)c4OC2C(=O)CCC3(O)C1C5	Age	Elderly	-0.21616
C=CCN1CCC23c4c5ccc(O)c4OC2C(=O)CCC3(O)C1C5	Weight	Low	-0.25147
C=CCN1CCC23c4c5ccc(O)c4OC2C(=O)CCC3(O)C1C5	Weight	Average	-0.17391
C=CCN1CCC23c4c5ccc(O)c4OC2C(=O)CCC3(O)C1C5	Weight	High	-0.23083
CC(C)(C)NCC(O)COc1cccc2c1CCCC2=O	Sex	Male	-0.10278
CC(C)(C)NCC(O)COc1cccc2c1CCCC2=O	Sex	Female	-0.00532
CC(C)(C)NCC(O)COc1cccc2c1CCCC2=O	Age	Children	-0.03919
CC(C)(C)NCC(O)COc1cccc2c1CCCC2=O	Age	Adolescent	0.00335
CC(C)(C)NCC(O)COc1cccc2c1CCCC2=O	Age	Adult	-0.04311
CC(C)(C)NCC(O)COc1cccc2c1CCCC2=O	Age	Elderly	-0.157
CC(C)(C)NCC(O)COc1cccc2c1CCCC2=O	Weight	Low	-0.20834
CC(C)(C)NCC(O)COc1cccc2c1CCCC2=O	Weight	Average	-0.14618
CC(C)(C)NCC(O)COc1cccc2c1CCCC2=O	Weight	High	-0.22406
CC(C)CC1C(=O)N2CCCC2C2(O)OC(NC(=O)C3C=C4c5cccc6[nH]c(Br)c(c56)CC4N(C)C3)(C(C)C)C(=O)N12	Sex	Male	-0.1552
CC(C)CC1C(=O)N2CCCC2C2(O)OC(NC(=O)C3C=C4c5cccc6[nH]c(Br)c(c56)CC4N(C)C3)(C(C)C)C(=O)N12	Sex	Female	-0.00542
CC(C)CC1C(=O)N2CCCC2C2(O)OC(NC(=O)C3C=C4c5cccc6[nH]c(Br)c(c56)CC4N(C)C3)(C(C)C)C(=O)N12	Age	Children	-0.03866
CC(C)CC1C(=O)N2CCCC2C2(O)OC(NC(=O)C3C=C4c5cccc6[nH]c(Br)c(c56)CC4N(C)C3)(C(C)C)C(=O)N12	Age	Adolescent	-0.00189
CC(C)CC1C(=O)N2CCCC2C2(O)OC(NC(=O)C3C=C4c5cccc6[nH]c(Br)c(c56)CC4N(C)C3)(C(C)C)C(=O)N12	Age	Adult	-0.063
CC(C)CC1C(=O)N2CCCC2C2(O)OC(NC(=O)C3C=C4c5cccc6[nH]c(Br)c(c56)CC4N(C)C3)(C(C)C)C(=O)N12	Age	Elderly	-0.20023
CC(C)CC1C(=O)N2CCCC2C2(O)OC(NC(=O)C3C=C4c5cccc6[nH]c(Br)c(c56)CC4N(C)C3)(C(C)C)C(=O)N12	Weight	Low	-0.26192
CC(C)CC1C(=O)N2CCCC2C2(O)OC(NC(=O)C3C=C4c5cccc6[nH]c(Br)c(c56)CC4N(C)C3)(C(C)C)C(=O)N12	Weight	Average	-0.17817
CC(C)CC1C(=O)N2CCCC2C2(O)OC(NC(=O)C3C=C4c5cccc6[nH]c(Br)c(c56)CC4N(C)C3)(C(C)C)C(=O)N12	Weight	High	-0.24091
CC(C)NCC(O)c1ccc(O)c(O)c1	Sex	Male	-0.06568
CC(C)NCC(O)c1ccc(O)c(O)c1	Sex	Female	-0.00242
CC(C)NCC(O)c1ccc(O)c(O)c1	Age	Children	-0.01564
CC(C)NCC(O)c1ccc(O)c(O)c1	Age	Adolescent	0.00028
CC(C)NCC(O)c1ccc(O)c(O)c1	Age	Adult	-0.02966
CC(C)NCC(O)c1ccc(O)c(O)c1	Age	Elderly	-0.09241
CC(C)NCC(O)c1ccc(O)c(O)c1	Weight	Low	-0.12382
CC(C)NCC(O)c1ccc(O)c(O)c1	Weight	Average	-0.09976
CC(C)NCC(O)c1ccc(O)c(O)c1	Weight	High	-0.12867
CC(CN(C)C)C(C)(O)Cc1ccc(Cl)cc1	Sex	Male	-0.14511
CC(CN(C)C)C(C)(O)Cc1ccc(Cl)cc1	Sex	Female	-0.00672
CC(CN(C)C)C(C)(O)Cc1ccc(Cl)cc1	Age	Children	-0.04716
CC(CN(C)C)C(C)(O)Cc1ccc(Cl)cc1	Age	Adolescent	-0.01117
CC(CN(C)C)C(C)(O)Cc1ccc(Cl)cc1	Age	Adult	-0.06042
CC(CN(C)C)C(C)(O)Cc1ccc(Cl)cc1	Age	Elderly	-0.21283
CC(CN(C)C)C(C)(O)Cc1ccc(Cl)cc1	Weight	Low	-0.22486
CC(CN(C)C)C(C)(O)Cc1ccc(Cl)cc1	Weight	Average	-0.19199
CC(CN(C)C)C(C)(O)Cc1ccc(Cl)cc1	Weight	High	-0.27678
CC(O)C1C(=O)N2C(C(=O)O)=C(SCCN=CN)CC12	Sex	Male	-0.07447
CC(O)C1C(=O)N2C(C(=O)O)=C(SCCN=CN)CC12	Sex	Female	-0.00285
CC(O)C1C(=O)N2C(C(=O)O)=C(SCCN=CN)CC12	Age	Children	-0.02318
CC(O)C1C(=O)N2C(C(=O)O)=C(SCCN=CN)CC12	Age	Adolescent	0.00181
CC(O)C1C(=O)N2C(C(=O)O)=C(SCCN=CN)CC12	Age	Adult	-0.02717
CC(O)C1C(=O)N2C(C(=O)O)=C(SCCN=CN)CC12	Age	Elderly	-0.09673
CC(O)C1C(=O)N2C(C(=O)O)=C(SCCN=CN)CC12	Weight	Low	-0.08202
CC(O)C1C(=O)N2C(C(=O)O)=C(SCCN=CN)CC12	Weight	Average	-0.08306
CC(O)C1C(=O)N2C(C(=O)O)=C(SCCN=CN)CC12	Weight	High	-0.13162
CC1CC2C3CCC4=CC(=O)C=CC4(C)C3(F)C(O)CC2(C)C1(O)C(=O)CO	Sex	Male	-0.09715
CC1CC2C3CCC4=CC(=O)C=CC4(C)C3(F)C(O)CC2(C)C1(O)C(=O)CO	Sex	Female	-0.00779
CC1CC2C3CCC4=CC(=O)C=CC4(C)C3(F)C(O)CC2(C)C1(O)C(=O)CO	Age	Children	-0.02635
CC1CC2C3CCC4=CC(=O)C=CC4(C)C3(F)C(O)CC2(C)C1(O)C(=O)CO	Age	Adolescent	-0.01859
CC1CC2C3CCC4=CC(=O)C=CC4(C)C3(F)C(O)CC2(C)C1(O)C(=O)CO	Age	Adult	-0.07484
CC1CC2C3CCC4=CC(=O)C=CC4(C)C3(F)C(O)CC2(C)C1(O)C(=O)CO	Age	Elderly	-0.15326
CC1CC2C3CCC4=CC(=O)C=CC4(C)C3(F)C(O)CC2(C)C1(O)C(=O)CO	Weight	Low	-0.20715
CC1CC2C3CCC4=CC(=O)C=CC4(C)C3(F)C(O)CC2(C)C1(O)C(=O)CO	Weight	Average	-0.20166
CC1CC2C3CCC4=CC(=O)C=CC4(C)C3(F)C(O)CC2(C)C1(O)C(=O)CO	Weight	High	-0.30502
CC1CCc2c(N3CCC(O)CC3)c(F)cc3c(=O)c(C(=O)O)cn1c23	Sex	Male	-0.09094
CC1CCc2c(N3CCC(O)CC3)c(F)cc3c(=O)c(C(=O)O)cn1c23	Sex	Female	-0.00418
CC1CCc2c(N3CCC(O)CC3)c(F)cc3c(=O)c(C(=O)O)cn1c23	Age	Children	-0.01186
CC1CCc2c(N3CCC(O)CC3)c(F)cc3c(=O)c(C(=O)O)cn1c23	Age	Adolescent	0.00866
CC1CCc2c(N3CCC(O)CC3)c(F)cc3c(=O)c(C(=O)O)cn1c23	Age	Adult	-0.04133
CC1CCc2c(N3CCC(O)CC3)c(F)cc3c(=O)c(C(=O)O)cn1c23	Age	Elderly	-0.13039
CC1CCc2c(N3CCC(O)CC3)c(F)cc3c(=O)c(C(=O)O)cn1c23	Weight	Low	-0.11365
CC1CCc2c(N3CCC(O)CC3)c(F)cc3c(=O)c(C(=O)O)cn1c23	Weight	Average	-0.12591
CC1CCc2c(N3CCC(O)CC3)c(F)cc3c(=O)c(C(=O)O)cn1c23	Weight	High	-0.19713
CCCC1OC2CC3C4CCC5=CC(=O)C=CC5(C)C4C(O)CC3(C)C2(C(=O)CO)O1	Sex	Male	-0.08026
CCCC1OC2CC3C4CCC5=CC(=O)C=CC5(C)C4C(O)CC3(C)C2(C(=O)CO)O1	Sex	Female	-0.00868
CCCC1OC2CC3C4CCC5=CC(=O)C=CC5(C)C4C(O)CC3(C)C2(C(=O)CO)O1	Age	Children	-0.03525
CCCC1OC2CC3C4CCC5=CC(=O)C=CC5(C)C4C(O)CC3(C)C2(C(=O)CO)O1	Age	Adolescent	-0.01665
CCCC1OC2CC3C4CCC5=CC(=O)C=CC5(C)C4C(O)CC3(C)C2(C(=O)CO)O1	Age	Adult	-0.07223
CCCC1OC2CC3C4CCC5=CC(=O)C=CC5(C)C4C(O)CC3(C)C2(C(=O)CO)O1	Age	Elderly	-0.15895
CCCC1OC2CC3C4CCC5=CC(=O)C=CC5(C)C4C(O)CC3(C)C2(C(=O)CO)O1	Weight	Low	-0.21196
CCCC1OC2CC3C4CCC5=CC(=O)C=CC5(C)C4C(O)CC3(C)C2(C(=O)CO)O1	Weight	Average	-0.13714
CCCC1OC2CC3C4CCC5=CC(=O)C=CC5(C)C4C(O)CC3(C)C2(C(=O)CO)O1	Weight	High	-0.25671
CCCCC(C)(C)C(O)C=CC1C(O)CC(=O)C1CCCCC=CC(=O)OC	Sex	Male	-0.11279
CCCCC(C)(C)C(O)C=CC1C(O)CC(=O)C1CCCCC=CC(=O)OC	Sex	Female	-0.00778
CCCCC(C)(C)C(O)C=CC1C(O)CC(=O)C1CCCCC=CC(=O)OC	Age	Children	-0.02922
CCCCC(C)(C)C(O)C=CC1C(O)CC(=O)C1CCCCC=CC(=O)OC	Age	Adolescent	-0.01015
CCCCC(C)(C)C(O)C=CC1C(O)CC(=O)C1CCCCC=CC(=O)OC	Age	Adult	-0.07755
CCCCC(C)(C)C(O)C=CC1C(O)CC(=O)C1CCCCC=CC(=O)OC	Age	Elderly	-0.19245
CCCCC(C)(C)C(O)C=CC1C(O)CC(=O)C1CCCCC=CC(=O)OC	Weight	Low	-0.22608
CCCCC(C)(C)C(O)C=CC1C(O)CC(=O)C1CCCCC=CC(=O)OC	Weight	Average	-0.18133
CCCCC(C)(C)C(O)C=CC1C(O)CC(=O)C1CCCCC=CC(=O)OC	Weight	High	-0.27416
CCN1C(=CC=CC=Cc2sc3ccccc3[n+]2CC)Sc2ccccc21	Sex	Male	-0.16189
CCN1C(=CC=CC=Cc2sc3ccccc3[n+]2CC)Sc2ccccc21	Sex	Female	-0.00491
CCN1C(=CC=CC=Cc2sc3ccccc3[n+]2CC)Sc2ccccc21	Age	Children	-0.04459
CCN1C(=CC=CC=Cc2sc3ccccc3[n+]2CC)Sc2ccccc21	Age	Adolescent	-0.0001
CCN1C(=CC=CC=Cc2sc3ccccc3[n+]2CC)Sc2ccccc21	Age	Adult	-0.06242
CCN1C(=CC=CC=Cc2sc3ccccc3[n+]2CC)Sc2ccccc21	Age	Elderly	-0.203
CCN1C(=CC=CC=Cc2sc3ccccc3[n+]2CC)Sc2ccccc21	Weight	Low	-0.1214
CCN1C(=CC=CC=Cc2sc3ccccc3[n+]2CC)Sc2ccccc21	Weight	Average	-0.14528
CCN1C(=CC=CC=Cc2sc3ccccc3[n+]2CC)Sc2ccccc21	Weight	High	-0.22091
COC(=O)CCc1ccc(OCC(O)CNC(C)C)cc1	Sex	Male	-0.03738
COC(=O)CCc1ccc(OCC(O)CNC(C)C)cc1	Sex	Female	-0.00291
COC(=O)CCc1ccc(OCC(O)CNC(C)C)cc1	Age	Children	-0.01588
COC(=O)CCc1ccc(OCC(O)CNC(C)C)cc1	Age	Adolescent	0.0024
COC(=O)CCc1ccc(OCC(O)CNC(C)C)cc1	Age	Adult	-0.02085
COC(=O)CCc1ccc(OCC(O)CNC(C)C)cc1	Age	Elderly	-0.08516
COC(=O)CCc1ccc(OCC(O)CNC(C)C)cc1	Weight	Low	-0.1101
COC(=O)CCc1ccc(OCC(O)CNC(C)C)cc1	Weight	Average	-0.08792
COC(=O)CCc1ccc(OCC(O)CNC(C)C)cc1	Weight	High	-0.10393
COc1c(C)c2c(c(O)c1CC=C(C)CCC(=O)O)C(=O)OC2	Sex	Male	-0.14183
COc1c(C)c2c(c(O)c1CC=C(C)CCC(=O)O)C(=O)OC2	Sex	Female	-0.00699
COc1c(C)c2c(c(O)c1CC=C(C)CCC(=O)O)C(=O)OC2	Age	Children	-0.03091
COc1c(C)c2c(c(O)c1CC=C(C)CCC(=O)O)C(=O)OC2	Age	Adolescent	-0.00232
COc1c(C)c2c(c(O)c1CC=C(C)CCC(=O)O)C(=O)OC2	Age	Adult	-0.05455
COc1c(C)c2c(c(O)c1CC=C(C)CCC(=O)O)C(=O)OC2	Age	Elderly	-0.21956
COc1c(C)c2c(c(O)c1CC=C(C)CCC(=O)O)C(=O)OC2	Weight	Low	-0.23373
COc1c(C)c2c(c(O)c1CC=C(C)CCC(=O)O)C(=O)OC2	Weight	Average	-0.16697
COc1c(C)c2c(c(O)c1CC=C(C)CCC(=O)O)C(=O)OC2	Weight	High	-0.21883
COc1ccc(Oc2cc(N(C)CCOc3ccc(CC4SC(=O)NC4=O)cc3)ncn2)cc1	Sex	Male	-0.04992
COc1ccc(Oc2cc(N(C)CCOc3ccc(CC4SC(=O)NC4=O)cc3)ncn2)cc1	Sex	Female	-0.00399
COc1ccc(Oc2cc(N(C)CCOc3ccc(CC4SC(=O)NC4=O)cc3)ncn2)cc1	Age	Children	-0.02191
COc1ccc(Oc2cc(N(C)CCOc3ccc(CC4SC(=O)NC4=O)cc3)ncn2)cc1	Age	Adolescent	0.00107
COc1ccc(Oc2cc(N(C)CCOc3ccc(CC4SC(=O)NC4=O)cc3)ncn2)cc1	Age	Adult	-0.03335
COc1ccc(Oc2cc(N(C)CCOc3ccc(CC4SC(=O)NC4=O)cc3)ncn2)cc1	Age	Elderly	-0.13594
COc1ccc(Oc2cc(N(C)CCOc3ccc(CC4SC(=O)NC4=O)cc3)ncn2)cc1	Weight	Low	-0.10921
COc1ccc(Oc2cc(N(C)CCOc3ccc(CC4SC(=O)NC4=O)cc3)ncn2)cc1	Weight	Average	-0.08545
COc1ccc(Oc2cc(N(C)CCOc3ccc(CC4SC(=O)NC4=O)cc3)ncn2)cc1	Weight	High	-0.13118
Cc1nc2ccc(CN(C)c3ccc(C(=O)NC(CCC(=O)O)C(=O)O)s3)cc2c(=O)[nH]1	Sex	Male	-0.11669
Cc1nc2ccc(CN(C)c3ccc(C(=O)NC(CCC(=O)O)C(=O)O)s3)cc2c(=O)[nH]1	Sex	Female	-0.00265
Cc1nc2ccc(CN(C)c3ccc(C(=O)NC(CCC(=O)O)C(=O)O)s3)cc2c(=O)[nH]1	Age	Children	-0.03396
Cc1nc2ccc(CN(C)c3ccc(C(=O)NC(CCC(=O)O)C(=O)O)s3)cc2c(=O)[nH]1	Age	Adolescent	-0.00451
Cc1nc2ccc(CN(C)c3ccc(C(=O)NC(CCC(=O)O)C(=O)O)s3)cc2c(=O)[nH]1	Age	Adult	-0.06313
Cc1nc2ccc(CN(C)c3ccc(C(=O)NC(CCC(=O)O)C(=O)O)s3)cc2c(=O)[nH]1	Age	Elderly	-0.1549
Cc1nc2ccc(CN(C)c3ccc(C(=O)NC(CCC(=O)O)C(=O)O)s3)cc2c(=O)[nH]1	Weight	Low	-0.1942
Cc1nc2ccc(CN(C)c3ccc(C(=O)NC(CCC(=O)O)C(=O)O)s3)cc2c(=O)[nH]1	Weight	Average	-0.13567
Cc1nc2ccc(CN(C)c3ccc(C(=O)NC(CCC(=O)O)C(=O)O)s3)cc2c(=O)[nH]1	Weight	High	-0.17211
Nc1ccn(C2CCC(CO)O2)c(=O)n1	Sex	Male	-0.0963
Nc1ccn(C2CCC(CO)O2)c(=O)n1	Sex	Female	-0.00768
Nc1ccn(C2CCC(CO)O2)c(=O)n1	Age	Children	-0.0223
Nc1ccn(C2CCC(CO)O2)c(=O)n1	Age	Adolescent	-0.01236
Nc1ccn(C2CCC(CO)O2)c(=O)n1	Age	Adult	-0.04705
Nc1ccn(C2CCC(CO)O2)c(=O)n1	Age	Elderly	-0.23464
Nc1ccn(C2CCC(CO)O2)c(=O)n1	Weight	Low	-0.18608
Nc1ccn(C2CCC(CO)O2)c(=O)n1	Weight	Average	-0.15634
Nc1ccn(C2CCC(CO)O2)c(=O)n1	Weight	High	-0.20342
O=C(O)CSCC(=O)NC1CCSC1=O	Sex	Male	-0.09752
O=C(O)CSCC(=O)NC1CCSC1=O	Sex	Female	-0.00556
O=C(O)CSCC(=O)NC1CCSC1=O	Age	Children	-0.04596
O=C(O)CSCC(=O)NC1CCSC1=O	Age	Adolescent	-0.00594
O=C(O)CSCC(=O)NC1CCSC1=O	Age	Adult	-0.05286
O=C(O)CSCC(=O)NC1CCSC1=O	Age	Elderly	-0.18959
O=C(O)CSCC(=O)NC1CCSC1=O	Weight	Low	-0.1379
O=C(O)CSCC(=O)NC1CCSC1=O	Weight	Average	-0.14036
O=C(O)CSCC(=O)NC1CCSC1=O	Weight	High	-0.18376
O=C(O)c1nc(=O)[nH]c(=O)[nH]1	Sex	Male	-0.10601
O=C(O)c1nc(=O)[nH]c(=O)[nH]1	Sex	Female	-0.00415
O=C(O)c1nc(=O)[nH]c(=O)[nH]1	Age	Children	-0.04582
O=C(O)c1nc(=O)[nH]c(=O)[nH]1	Age	Adolescent	0.01006
O=C(O)c1nc(=O)[nH]c(=O)[nH]1	Age	Adult	-0.07618
O=C(O)c1nc(=O)[nH]c(=O)[nH]1	Age	Elderly	-0.16646
O=C(O)c1nc(=O)[nH]c(=O)[nH]1	Weight	Low	-0.1525
O=C(O)c1nc(=O)[nH]c(=O)[nH]1	Weight	Average	-0.14639
O=C(O)c1nc(=O)[nH]c(=O)[nH]1	Weight	High	-0.18401
Sc1c(Cl)c(Cl)c(Cl)c(Cl)c1Cl	Sex	Male	-0.12035
Sc1c(Cl)c(Cl)c(Cl)c(Cl)c1Cl	Sex	Female	-0.00606
Sc1c(Cl)c(Cl)c(Cl)c(Cl)c1Cl	Age	Children	-0.02499
Sc1c(Cl)c(Cl)c(Cl)c(Cl)c1Cl	Age	Adolescent	-0.00184
Sc1c(Cl)c(Cl)c(Cl)c(Cl)c1Cl	Age	Adult	-0.0765
Sc1c(Cl)c(Cl)c(Cl)c(Cl)c1Cl	Age	Elderly	-0.1652
Sc1c(Cl)c(Cl)c(Cl)c(Cl)c1Cl	Weight	Low	-0.16489
Sc1c(Cl)c(Cl)c(Cl)c(Cl)c1Cl	Weight	Average	-0.15061
Sc1c(Cl)c(Cl)c(Cl)c(Cl)c1Cl	Weight	High	-0.17753
O=C(O)Cc1cc(I)c(Oc2ccc(O)c(I)c2)c(I)c1	Sex	Male	-0.08979
O=C(O)Cc1cc(I)c(Oc2ccc(O)c(I)c2)c(I)c1	Sex	Female	-0.00744
O=C(O)Cc1cc(I)c(Oc2ccc(O)c(I)c2)c(I)c1	Age	Children	-0.03623
O=C(O)Cc1cc(I)c(Oc2ccc(O)c(I)c2)c(I)c1	Age	Adolescent	-0.00222
O=C(O)Cc1cc(I)c(Oc2ccc(O)c(I)c2)c(I)c1	Age	Adult	-0.04978
O=C(O)Cc1cc(I)c(Oc2ccc(O)c(I)c2)c(I)c1	Age	Elderly	-0.16978
O=C(O)Cc1cc(I)c(Oc2ccc(O)c(I)c2)c(I)c1	Weight	Low	-0.20348
O=C(O)Cc1cc(I)c(Oc2ccc(O)c(I)c2)c(I)c1	Weight	Average	-0.14688
O=C(O)Cc1cc(I)c(Oc2ccc(O)c(I)c2)c(I)c1	Weight	High	-0.17399
CCCCC(=O)N(Cc1ccc(-c2ccccc2-c2nn[nH]n2)cc1)C(C(=O)O)C(C)C	Sex	Male	-0.11561
CCCCC(=O)N(Cc1ccc(-c2ccccc2-c2nn[nH]n2)cc1)C(C(=O)O)C(C)C	Sex	Female	0.00018
CCCCC(=O)N(Cc1ccc(-c2ccccc2-c2nn[nH]n2)cc1)C(C(=O)O)C(C)C	Age	Children	-0.0465
CCCCC(=O)N(Cc1ccc(-c2ccccc2-c2nn[nH]n2)cc1)C(C(=O)O)C(C)C	Age	Adolescent	-0.00693
CCCCC(=O)N(Cc1ccc(-c2ccccc2-c2nn[nH]n2)cc1)C(C(=O)O)C(C)C	Age	Adult	-0.08219
CCCCC(=O)N(Cc1ccc(-c2ccccc2-c2nn[nH]n2)cc1)C(C(=O)O)C(C)C	Age	Elderly	-0.15922
CCCCC(=O)N(Cc1ccc(-c2ccccc2-c2nn[nH]n2)cc1)C(C(=O)O)C(C)C	Weight	Low	-0.22041
CCCCC(=O)N(Cc1ccc(-c2ccccc2-c2nn[nH]n2)cc1)C(C(=O)O)C(C)C	Weight	Average	-0.14693
CCCCC(=O)N(Cc1ccc(-c2ccccc2-c2nn[nH]n2)cc1)C(C(=O)O)C(C)C	Weight	High	-0.22146
NC(=O)CN1CC(O)CC1=O	Sex	Male	-0.1199
NC(=O)CN1CC(O)CC1=O	Sex	Female	-0.00298
NC(=O)CN1CC(O)CC1=O	Age	Children	-0.02777
NC(=O)CN1CC(O)CC1=O	Age	Adolescent	-0.01086
NC(=O)CN1CC(O)CC1=O	Age	Adult	-0.07706
NC(=O)CN1CC(O)CC1=O	Age	Elderly	-0.21975
NC(=O)CN1CC(O)CC1=O	Weight	Low	-0.1887
NC(=O)CN1CC(O)CC1=O	Weight	Average	-0.19293
NC(=O)CN1CC(O)CC1=O	Weight	High	-0.23018
CC(=O)C1(O)CCC2C3CCC4=CC(=O)C=CC4(C)C3C(O)CC21C	Sex	Male	-0.0942
CC(=O)C1(O)CCC2C3CCC4=CC(=O)C=CC4(C)C3C(O)CC21C	Sex	Female	-0.00927
CC(=O)C1(O)CCC2C3CCC4=CC(=O)C=CC4(C)C3C(O)CC21C	Age	Children	-0.04819
CC(=O)C1(O)CCC2C3CCC4=CC(=O)C=CC4(C)C3C(O)CC21C	Age	Adolescent	-0.02231
CC(=O)C1(O)CCC2C3CCC4=CC(=O)C=CC4(C)C3C(O)CC21C	Age	Adult	-0.06774
CC(=O)C1(O)CCC2C3CCC4=CC(=O)C=CC4(C)C3C(O)CC21C	Age	Elderly	-0.14049
CC(=O)C1(O)CCC2C3CCC4=CC(=O)C=CC4(C)C3C(O)CC21C	Weight	Low	-0.2746
CC(=O)C1(O)CCC2C3CCC4=CC(=O)C=CC4(C)C3C(O)CC21C	Weight	Average	-0.20865
CC(=O)C1(O)CCC2C3CCC4=CC(=O)C=CC4(C)C3C(O)CC21C	Weight	High	-0.2628
CC(=O)NC(CS)C(=O)O	Sex	Male	-0.1293
CC(=O)NC(CS)C(=O)O	Sex	Female	-0.00699
CC(=O)NC(CS)C(=O)O	Age	Children	-0.03223
CC(=O)NC(CS)C(=O)O	Age	Adolescent	-0.00265
CC(=O)NC(CS)C(=O)O	Age	Adult	-0.06307
CC(=O)NC(CS)C(=O)O	Age	Elderly	-0.16148
CC(=O)NC(CS)C(=O)O	Weight	Low	-0.21445
CC(=O)NC(CS)C(=O)O	Weight	Average	-0.18385
CC(=O)NC(CS)C(=O)O	Weight	High	-0.21553
CC(CCC(=O)O)C1CCC2C3C(=O)CC4CC(=O)CCC4(C)C3CC(=O)C12C	Sex	Male	-0.09443
CC(CCC(=O)O)C1CCC2C3C(=O)CC4CC(=O)CCC4(C)C3CC(=O)C12C	Sex	Female	-0.00647
CC(CCC(=O)O)C1CCC2C3C(=O)CC4CC(=O)CCC4(C)C3CC(=O)C12C	Age	Children	-0.0579
CC(CCC(=O)O)C1CCC2C3C(=O)CC4CC(=O)CCC4(C)C3CC(=O)C12C	Age	Adolescent	-0.02221
CC(CCC(=O)O)C1CCC2C3C(=O)CC4CC(=O)CCC4(C)C3CC(=O)C12C	Age	Adult	-0.05203
CC(CCC(=O)O)C1CCC2C3C(=O)CC4CC(=O)CCC4(C)C3CC(=O)C12C	Age	Elderly	-0.151
CC(CCC(=O)O)C1CCC2C3C(=O)CC4CC(=O)CCC4(C)C3CC(=O)C12C	Weight	Low	-0.25526
CC(CCC(=O)O)C1CCC2C3C(=O)CC4CC(=O)CCC4(C)C3CC(=O)C12C	Weight	Average	-0.20679
CC(CCC(=O)O)C1CCC2C3C(=O)CC4CC(=O)CCC4(C)C3CC(=O)C12C	Weight	High	-0.24029
CC(CS)C(=O)N1CCCC1C(=O)O	Sex	Male	-0.13613
CC(CS)C(=O)N1CCCC1C(=O)O	Sex	Female	-0.00844
CC(CS)C(=O)N1CCCC1C(=O)O	Age	Children	-0.04664
CC(CS)C(=O)N1CCCC1C(=O)O	Age	Adolescent	-0.00435
CC(CS)C(=O)N1CCCC1C(=O)O	Age	Adult	-0.05312
CC(CS)C(=O)N1CCCC1C(=O)O	Age	Elderly	-0.15196
CC(CS)C(=O)N1CCCC1C(=O)O	Weight	Low	-0.21826
CC(CS)C(=O)N1CCCC1C(=O)O	Weight	Average	-0.17358
CC(CS)C(=O)N1CCCC1C(=O)O	Weight	High	-0.21032
CC(O)C(=O)[O-]	Sex	Male	-0.15436
CC(O)C(=O)[O-]	Sex	Female	-0.00707
CC(O)C(=O)[O-]	Age	Children	-0.03126
CC(O)C(=O)[O-]	Age	Adolescent	-0.00197
CC(O)C(=O)[O-]	Age	Adult	-0.06829
CC(O)C(=O)[O-]	Age	Elderly	-0.17464
CC(O)C(=O)[O-]	Weight	Low	-0.15453
CC(O)C(=O)[O-]	Weight	Average	-0.19226
CC(O)C(=O)[O-]	Weight	High	-0.24453
CCCC(=O)OC1(C(=O)CO)CCC2C3CCC4=CC(=O)CCC4(C)C3C(O)CC21C	Sex	Male	-0.08804
CCCC(=O)OC1(C(=O)CO)CCC2C3CCC4=CC(=O)CCC4(C)C3C(O)CC21C	Sex	Female	-0.00456
CCCC(=O)OC1(C(=O)CO)CCC2C3CCC4=CC(=O)CCC4(C)C3C(O)CC21C	Age	Children	-0.04362
CCCC(=O)OC1(C(=O)CO)CCC2C3CCC4=CC(=O)CCC4(C)C3C(O)CC21C	Age	Adolescent	-0.02111
CCCC(=O)OC1(C(=O)CO)CCC2C3CCC4=CC(=O)CCC4(C)C3C(O)CC21C	Age	Adult	-0.07263
CCCC(=O)OC1(C(=O)CO)CCC2C3CCC4=CC(=O)CCC4(C)C3C(O)CC21C	Age	Elderly	-0.15635
CCCC(=O)OC1(C(=O)CO)CCC2C3CCC4=CC(=O)CCC4(C)C3C(O)CC21C	Weight	Low	-0.25162
CCCC(=O)OC1(C(=O)CO)CCC2C3CCC4=CC(=O)CCC4(C)C3C(O)CC21C	Weight	Average	-0.16314
CCCC(=O)OC1(C(=O)CO)CCC2C3CCC4=CC(=O)CCC4(C)C3C(O)CC21C	Weight	High	-0.22619
CNC(C)C(O)c1ccccc1	Sex	Male	-0.1276
CNC(C)C(O)c1ccccc1	Sex	Female	-0.00208
CNC(C)C(O)c1ccccc1	Age	Children	-0.03132
CNC(C)C(O)c1ccccc1	Age	Adolescent	-0.00605
CNC(C)C(O)c1ccccc1	Age	Adult	-0.04133
CNC(C)C(O)c1ccccc1	Age	Elderly	-0.17797
CNC(C)C(O)c1ccccc1	Weight	Low	-0.11237
CNC(C)C(O)c1ccccc1	Weight	Average	-0.15554
CNC(C)C(O)c1ccccc1	Weight	High	-0.21904
COc1cc2c(c(OC)c1OC)-c1ccc(OC)c(=O)cc1C(NC(C)=O)CC2	Sex	Male	-0.05949
COc1cc2c(c(OC)c1OC)-c1ccc(OC)c(=O)cc1C(NC(C)=O)CC2	Sex	Female	-0.00197
COc1cc2c(c(OC)c1OC)-c1ccc(OC)c(=O)cc1C(NC(C)=O)CC2	Age	Children	-0.0154
COc1cc2c(c(OC)c1OC)-c1ccc(OC)c(=O)cc1C(NC(C)=O)CC2	Age	Adolescent	-0.00035
COc1cc2c(c(OC)c1OC)-c1ccc(OC)c(=O)cc1C(NC(C)=O)CC2	Age	Adult	-0.035
COc1cc2c(c(OC)c1OC)-c1ccc(OC)c(=O)cc1C(NC(C)=O)CC2	Age	Elderly	-0.14174
COc1cc2c(c(OC)c1OC)-c1ccc(OC)c(=O)cc1C(NC(C)=O)CC2	Weight	Low	-0.13818
COc1cc2c(c(OC)c1OC)-c1ccc(OC)c(=O)cc1C(NC(C)=O)CC2	Weight	Average	-0.10899
COc1cc2c(c(OC)c1OC)-c1ccc(OC)c(=O)cc1C(NC(C)=O)CC2	Weight	High	-0.13034
NCCCC(N)C(=O)O	Sex	Male	-0.15143
NCCCC(N)C(=O)O	Sex	Female	-0.00401
NCCCC(N)C(=O)O	Age	Children	-0.03305
NCCCC(N)C(=O)O	Age	Adolescent	0.00114
NCCCC(N)C(=O)O	Age	Adult	-0.06731
NCCCC(N)C(=O)O	Age	Elderly	-0.19447
NCCCC(N)C(=O)O	Weight	Low	-0.22626
NCCCC(N)C(=O)O	Weight	Average	-0.19506
NCCCC(N)C(=O)O	Weight	High	-0.26723
NCc1ccc(C(=O)O)cc1	Sex	Male	-0.12155
NCc1ccc(C(=O)O)cc1	Sex	Female	-0.00723
NCc1ccc(C(=O)O)cc1	Age	Children	-0.03049
NCc1ccc(C(=O)O)cc1	Age	Adolescent	-0.00306
NCc1ccc(C(=O)O)cc1	Age	Adult	-0.06142
NCc1ccc(C(=O)O)cc1	Age	Elderly	-0.16246
NCc1ccc(C(=O)O)cc1	Weight	Low	-0.19031
NCc1ccc(C(=O)O)cc1	Weight	Average	-0.164
NCc1ccc(C(=O)O)cc1	Weight	High	-0.19625
CC(C)(C)NCC(O)COc1ccccc1OCC1CCCO1	Sex	Male	-0.06704
CC(C)(C)NCC(O)COc1ccccc1OCC1CCCO1	Sex	Female	-0.0003
CC(C)(C)NCC(O)COc1ccccc1OCC1CCCO1	Age	Children	-0.01492
CC(C)(C)NCC(O)COc1ccccc1OCC1CCCO1	Age	Adolescent	-0.00114
CC(C)(C)NCC(O)COc1ccccc1OCC1CCCO1	Age	Adult	-0.01614
CC(C)(C)NCC(O)COc1ccccc1OCC1CCCO1	Age	Elderly	-0.12207
CC(C)(C)NCC(O)COc1ccccc1OCC1CCCO1	Weight	Low	-0.11462
CC(C)(C)NCC(O)COc1ccccc1OCC1CCCO1	Weight	Average	-0.08801
CC(C)(C)NCC(O)COc1ccccc1OCC1CCCO1	Weight	High	-0.12691
CC(C)(C)NCC(O)c1ccc(O)c(NC(N)=O)c1	Sex	Male	-0.09391
CC(C)(C)NCC(O)c1ccc(O)c(NC(N)=O)c1	Sex	Female	-0.00187
CC(C)(C)NCC(O)c1ccc(O)c(NC(N)=O)c1	Age	Children	-0.01387
CC(C)(C)NCC(O)c1ccc(O)c(NC(N)=O)c1	Age	Adolescent	0.00424
CC(C)(C)NCC(O)c1ccc(O)c(NC(N)=O)c1	Age	Adult	-0.05572
CC(C)(C)NCC(O)c1ccc(O)c(NC(N)=O)c1	Age	Elderly	-0.13265
CC(C)(C)NCC(O)c1ccc(O)c(NC(N)=O)c1	Weight	Low	-0.17818
CC(C)(C)NCC(O)c1ccc(O)c(NC(N)=O)c1	Weight	Average	-0.14678
CC(C)(C)NCC(O)c1ccc(O)c(NC(N)=O)c1	Weight	High	-0.16168
CC(C)CN(CC(O)C(Cc1ccccc1)NC(=O)OC1COC2OCCC12)S(=O)(=O)c1ccc(N)cc1	Sex	Male	-0.07384
CC(C)CN(CC(O)C(Cc1ccccc1)NC(=O)OC1COC2OCCC12)S(=O)(=O)c1ccc(N)cc1	Sex	Female	-0.00384
CC(C)CN(CC(O)C(Cc1ccccc1)NC(=O)OC1COC2OCCC12)S(=O)(=O)c1ccc(N)cc1	Age	Children	-0.02961
CC(C)CN(CC(O)C(Cc1ccccc1)NC(=O)OC1COC2OCCC12)S(=O)(=O)c1ccc(N)cc1	Age	Adolescent	-0.01635
CC(C)CN(CC(O)C(Cc1ccccc1)NC(=O)OC1COC2OCCC12)S(=O)(=O)c1ccc(N)cc1	Age	Adult	-0.04545
CC(C)CN(CC(O)C(Cc1ccccc1)NC(=O)OC1COC2OCCC12)S(=O)(=O)c1ccc(N)cc1	Age	Elderly	-0.18471
CC(C)CN(CC(O)C(Cc1ccccc1)NC(=O)OC1COC2OCCC12)S(=O)(=O)c1ccc(N)cc1	Weight	Low	-0.12598
CC(C)CN(CC(O)C(Cc1ccccc1)NC(=O)OC1COC2OCCC12)S(=O)(=O)c1ccc(N)cc1	Weight	Average	-0.15939
CC(C)CN(CC(O)C(Cc1ccccc1)NC(=O)OC1COC2OCCC12)S(=O)(=O)c1ccc(N)cc1	Weight	High	-0.20892
CC(Cc1ccccc1)NCCC(c1ccccc1)c1ccccc1	Sex	Male	-0.11639
CC(Cc1ccccc1)NCCC(c1ccccc1)c1ccccc1	Sex	Female	-0.00139
CC(Cc1ccccc1)NCCC(c1ccccc1)c1ccccc1	Age	Children	-0.03449
CC(Cc1ccccc1)NCCC(c1ccccc1)c1ccccc1	Age	Adolescent	-0.00361
CC(Cc1ccccc1)NCCC(c1ccccc1)c1ccccc1	Age	Adult	-0.02881
CC(Cc1ccccc1)NCCC(c1ccccc1)c1ccccc1	Age	Elderly	-0.1291
CC(Cc1ccccc1)NCCC(c1ccccc1)c1ccccc1	Weight	Low	-0.11372
CC(Cc1ccccc1)NCCC(c1ccccc1)c1ccccc1	Weight	Average	-0.15359
CC(Cc1ccccc1)NCCC(c1ccccc1)c1ccccc1	Weight	High	-0.24185
CC(O)C(O)C1CNc2nc(N)[nH]c(=O)c2N1	Sex	Male	-0.05235
CC(O)C(O)C1CNc2nc(N)[nH]c(=O)c2N1	Sex	Female	-0.00288
CC(O)C(O)C1CNc2nc(N)[nH]c(=O)c2N1	Age	Children	-0.01612
CC(O)C(O)C1CNc2nc(N)[nH]c(=O)c2N1	Age	Adolescent	-0.01026
CC(O)C(O)C1CNc2nc(N)[nH]c(=O)c2N1	Age	Adult	-0.02879
CC(O)C(O)C1CNc2nc(N)[nH]c(=O)c2N1	Age	Elderly	-0.06707
CC(O)C(O)C1CNc2nc(N)[nH]c(=O)c2N1	Weight	Low	-0.06314
CC(O)C(O)C1CNc2nc(N)[nH]c(=O)c2N1	Weight	Average	-0.0823
CC(O)C(O)C1CNc2nc(N)[nH]c(=O)c2N1	Weight	High	-0.11955
CC(OC(=O)NCC1(CC(=O)O)CCCCC1)OC(=O)C(C)C	Sex	Male	-0.05905
CC(OC(=O)NCC1(CC(=O)O)CCCCC1)OC(=O)C(C)C	Sex	Female	-0.00378
CC(OC(=O)NCC1(CC(=O)O)CCCCC1)OC(=O)C(C)C	Age	Children	-0.03917
CC(OC(=O)NCC1(CC(=O)O)CCCCC1)OC(=O)C(C)C	Age	Adolescent	-0.0106
CC(OC(=O)NCC1(CC(=O)O)CCCCC1)OC(=O)C(C)C	Age	Adult	-0.04352
CC(OC(=O)NCC1(CC(=O)O)CCCCC1)OC(=O)C(C)C	Age	Elderly	-0.14114
CC(OC(=O)NCC1(CC(=O)O)CCCCC1)OC(=O)C(C)C	Weight	Low	-0.17785
CC(OC(=O)NCC1(CC(=O)O)CCCCC1)OC(=O)C(C)C	Weight	Average	-0.13219
CC(OC(=O)NCC1(CC(=O)O)CCCCC1)OC(=O)C(C)C	Weight	High	-0.17673
CC(S)C(=O)NCC(=O)O	Sex	Male	-0.11357
CC(S)C(=O)NCC(=O)O	Sex	Female	-0.00563
CC(S)C(=O)NCC(=O)O	Age	Children	-0.0306
CC(S)C(=O)NCC(=O)O	Age	Adolescent	-0.00662
CC(S)C(=O)NCC(=O)O	Age	Adult	-0.04375
CC(S)C(=O)NCC(=O)O	Age	Elderly	-0.1161
CC(S)C(=O)NCC(=O)O	Weight	Low	-0.15943
CC(S)C(=O)NCC(=O)O	Weight	Average	-0.12747
CC(S)C(=O)NCC(=O)O	Weight	High	-0.20908
CC1(C)C(C(=O)O)CCC1(CS(=O)(=O)O)C(=O)O	Sex	Male	-0.11818
CC1(C)C(C(=O)O)CCC1(CS(=O)(=O)O)C(=O)O	Sex	Female	-0.00805
CC1(C)C(C(=O)O)CCC1(CS(=O)(=O)O)C(=O)O	Age	Children	-0.03302
CC1(C)C(C(=O)O)CCC1(CS(=O)(=O)O)C(=O)O	Age	Adolescent	-0.00371
CC1(C)C(C(=O)O)CCC1(CS(=O)(=O)O)C(=O)O	Age	Adult	-0.06989
CC1(C)C(C(=O)O)CCC1(CS(=O)(=O)O)C(=O)O	Age	Elderly	-0.16055
CC1(C)C(C(=O)O)CCC1(CS(=O)(=O)O)C(=O)O	Weight	Low	-0.13653
CC1(C)C(C(=O)O)CCC1(CS(=O)(=O)O)C(=O)O	Weight	Average	-0.15844
CC1(C)C(C(=O)O)CCC1(CS(=O)(=O)O)C(=O)O	Weight	High	-0.15649
CC12CCC(=O)C=C1C=CC1C2CCC2(C)C1CCC2(O)CCC(=O)O	Sex	Male	-0.11604
CC12CCC(=O)C=C1C=CC1C2CCC2(C)C1CCC2(O)CCC(=O)O	Sex	Female	-0.00629
CC12CCC(=O)C=C1C=CC1C2CCC2(C)C1CCC2(O)CCC(=O)O	Age	Children	-0.03365
CC12CCC(=O)C=C1C=CC1C2CCC2(C)C1CCC2(O)CCC(=O)O	Age	Adolescent	-0.00864
CC12CCC(=O)C=C1C=CC1C2CCC2(C)C1CCC2(O)CCC(=O)O	Age	Adult	-0.0716
CC12CCC(=O)C=C1C=CC1C2CCC2(C)C1CCC2(O)CCC(=O)O	Age	Elderly	-0.15336
CC12CCC(=O)C=C1C=CC1C2CCC2(C)C1CCC2(O)CCC(=O)O	Weight	Low	-0.25238
CC12CCC(=O)C=C1C=CC1C2CCC2(C)C1CCC2(O)CCC(=O)O	Weight	Average	-0.22717
CC12CCC(=O)C=C1C=CC1C2CCC2(C)C1CCC2(O)CCC(=O)O	Weight	High	-0.25385
CC12CCC(=O)C=C1CCC1C2C(=O)CC2(C)C1CCC2(O)C(=O)CO	Sex	Male	-0.08581
CC12CCC(=O)C=C1CCC1C2C(=O)CC2(C)C1CCC2(O)C(=O)CO	Sex	Female	-0.00828
CC12CCC(=O)C=C1CCC1C2C(=O)CC2(C)C1CCC2(O)C(=O)CO	Age	Children	-0.02336
CC12CCC(=O)C=C1CCC1C2C(=O)CC2(C)C1CCC2(O)C(=O)CO	Age	Adolescent	-0.01236
CC12CCC(=O)C=C1CCC1C2C(=O)CC2(C)C1CCC2(O)C(=O)CO	Age	Adult	-0.05594
CC12CCC(=O)C=C1CCC1C2C(=O)CC2(C)C1CCC2(O)C(=O)CO	Age	Elderly	-0.15394
CC12CCC(=O)C=C1CCC1C2C(=O)CC2(C)C1CCC2(O)C(=O)CO	Weight	Low	-0.17647
CC12CCC(=O)C=C1CCC1C2C(=O)CC2(C)C1CCC2(O)C(=O)CO	Weight	Average	-0.19968
CC12CCC(=O)C=C1CCC1C2C(=O)CC2(C)C1CCC2(O)C(=O)CO	Weight	High	-0.22021
CC12CCC3C(CCC4CC(=O)CCC43C)C1CCC2O	Sex	Male	-0.09072
CC12CCC3C(CCC4CC(=O)CCC43C)C1CCC2O	Sex	Female	-0.01058
CC12CCC3C(CCC4CC(=O)CCC43C)C1CCC2O	Age	Children	-0.04066
CC12CCC3C(CCC4CC(=O)CCC43C)C1CCC2O	Age	Adolescent	-0.02748
CC12CCC3C(CCC4CC(=O)CCC43C)C1CCC2O	Age	Adult	-0.06216
CC12CCC3C(CCC4CC(=O)CCC43C)C1CCC2O	Age	Elderly	-0.15327
CC12CCC3C(CCC4CC(=O)CCC43C)C1CCC2O	Weight	Low	-0.23572
CC12CCC3C(CCC4CC(=O)CCC43C)C1CCC2O	Weight	Average	-0.20611
CC12CCC3C(CCC4CC(=O)CCC43C)C1CCC2O	Weight	High	-0.26556
CCC1C(O)C2C3CCC(C(C)CCC(=O)O)C3(C)CCC2C2(C)CCC(O)CC12	Sex	Male	-0.10979
CCC1C(O)C2C3CCC(C(C)CCC(=O)O)C3(C)CCC2C2(C)CCC(O)CC12	Sex	Female	-0.00607
CCC1C(O)C2C3CCC(C(C)CCC(=O)O)C3(C)CCC2C2(C)CCC(O)CC12	Age	Children	-0.03892
CCC1C(O)C2C3CCC(C(C)CCC(=O)O)C3(C)CCC2C2(C)CCC(O)CC12	Age	Adolescent	-0.00118
CCC1C(O)C2C3CCC(C(C)CCC(=O)O)C3(C)CCC2C2(C)CCC(O)CC12	Age	Adult	-0.06881
CCC1C(O)C2C3CCC(C(C)CCC(=O)O)C3(C)CCC2C2(C)CCC(O)CC12	Age	Elderly	-0.15641
CCC1C(O)C2C3CCC(C(C)CCC(=O)O)C3(C)CCC2C2(C)CCC(O)CC12	Weight	Low	-0.23384
CCC1C(O)C2C3CCC(C(C)CCC(=O)O)C3(C)CCC2C2(C)CCC(O)CC12	Weight	Average	-0.20356
CCC1C(O)C2C3CCC(C(C)CCC(=O)O)C3(C)CCC2C2(C)CCC(O)CC12	Weight	High	-0.29846
CCc1cc(C(C)=NOCc2ccc(C3CCCCC3)c(C(F)(F)F)c2)ccc1CN1CC(C(=O)O)C1	Sex	Male	-0.10349
CCc1cc(C(C)=NOCc2ccc(C3CCCCC3)c(C(F)(F)F)c2)ccc1CN1CC(C(=O)O)C1	Sex	Female	-0.00462
CCc1cc(C(C)=NOCc2ccc(C3CCCCC3)c(C(F)(F)F)c2)ccc1CN1CC(C(=O)O)C1	Age	Children	-0.0358
CCc1cc(C(C)=NOCc2ccc(C3CCCCC3)c(C(F)(F)F)c2)ccc1CN1CC(C(=O)O)C1	Age	Adolescent	-0.00691
CCc1cc(C(C)=NOCc2ccc(C3CCCCC3)c(C(F)(F)F)c2)ccc1CN1CC(C(=O)O)C1	Age	Adult	-0.04767
CCc1cc(C(C)=NOCc2ccc(C3CCCCC3)c(C(F)(F)F)c2)ccc1CN1CC(C(=O)O)C1	Age	Elderly	-0.16462
CCc1cc(C(C)=NOCc2ccc(C3CCCCC3)c(C(F)(F)F)c2)ccc1CN1CC(C(=O)O)C1	Weight	Low	-0.17822
CCc1cc(C(C)=NOCc2ccc(C3CCCCC3)c(C(F)(F)F)c2)ccc1CN1CC(C(=O)O)C1	Weight	Average	-0.10642
CCc1cc(C(C)=NOCc2ccc(C3CCCCC3)c(C(F)(F)F)c2)ccc1CN1CC(C(=O)O)C1	Weight	High	-0.21286
CCc1cc2c(cc1CC)CC(NCC(O)c1ccc(O)c3[nH]c(=O)ccc13)C2	Sex	Male	-0.1158
CCc1cc2c(cc1CC)CC(NCC(O)c1ccc(O)c3[nH]c(=O)ccc13)C2	Sex	Female	-0.0125
CCc1cc2c(cc1CC)CC(NCC(O)c1ccc(O)c3[nH]c(=O)ccc13)C2	Age	Children	-0.0325
CCc1cc2c(cc1CC)CC(NCC(O)c1ccc(O)c3[nH]c(=O)ccc13)C2	Age	Adolescent	-0.00975
CCc1cc2c(cc1CC)CC(NCC(O)c1ccc(O)c3[nH]c(=O)ccc13)C2	Age	Adult	-0.06713
CCc1cc2c(cc1CC)CC(NCC(O)c1ccc(O)c3[nH]c(=O)ccc13)C2	Age	Elderly	-0.13706
CCc1cc2c(cc1CC)CC(NCC(O)c1ccc(O)c3[nH]c(=O)ccc13)C2	Weight	Low	-0.19824
CCc1cc2c(cc1CC)CC(NCC(O)c1ccc(O)c3[nH]c(=O)ccc13)C2	Weight	Average	-0.13381
CCc1cc2c(cc1CC)CC(NCC(O)c1ccc(O)c3[nH]c(=O)ccc13)C2	Weight	High	-0.27687
CCc1ccc(CCOc2ccc(CC3SC(=O)NC3=O)cc2)nc1	Sex	Male	-0.05643
CCc1ccc(CCOc2ccc(CC3SC(=O)NC3=O)cc2)nc1	Sex	Female	-0.0068
CCc1ccc(CCOc2ccc(CC3SC(=O)NC3=O)cc2)nc1	Age	Children	-0.02051
CCc1ccc(CCOc2ccc(CC3SC(=O)NC3=O)cc2)nc1	Age	Adolescent	-0.00911
CCc1ccc(CCOc2ccc(CC3SC(=O)NC3=O)cc2)nc1	Age	Adult	-0.03395
CCc1ccc(CCOc2ccc(CC3SC(=O)NC3=O)cc2)nc1	Age	Elderly	-0.14776
CCc1ccc(CCOc2ccc(CC3SC(=O)NC3=O)cc2)nc1	Weight	Low	-0.11071
CCc1ccc(CCOc2ccc(CC3SC(=O)NC3=O)cc2)nc1	Weight	Average	-0.06527
CCc1ccc(CCOc2ccc(CC3SC(=O)NC3=O)cc2)nc1	Weight	High	-0.17486
CN(Cc1cc(Br)cc(Br)c1N)C1CCCCC1	Sex	Male	-0.12953
CN(Cc1cc(Br)cc(Br)c1N)C1CCCCC1	Sex	Female	-0.00678
CN(Cc1cc(Br)cc(Br)c1N)C1CCCCC1	Age	Children	-0.06057
CN(Cc1cc(Br)cc(Br)c1N)C1CCCCC1	Age	Adolescent	-0.00704
CN(Cc1cc(Br)cc(Br)c1N)C1CCCCC1	Age	Adult	-0.06522
CN(Cc1cc(Br)cc(Br)c1N)C1CCCCC1	Age	Elderly	-0.1711
CN(Cc1cc(Br)cc(Br)c1N)C1CCCCC1	Weight	Low	-0.19418
CN(Cc1cc(Br)cc(Br)c1N)C1CCCCC1	Weight	Average	-0.17843
CN(Cc1cc(Br)cc(Br)c1N)C1CCCCC1	Weight	High	-0.21629
CN1C2CCC1C(C(=O)O)C(O)C2	Sex	Male	-0.11781
CN1C2CCC1C(C(=O)O)C(O)C2	Sex	Female	-0.00342
CN1C2CCC1C(C(=O)O)C(O)C2	Age	Children	-0.03297
CN1C2CCC1C(C(=O)O)C(O)C2	Age	Adolescent	-0.01016
CN1C2CCC1C(C(=O)O)C(O)C2	Age	Adult	-0.05552
CN1C2CCC1C(C(=O)O)C(O)C2	Age	Elderly	-0.17119
CN1C2CCC1C(C(=O)O)C(O)C2	Weight	Low	-0.25221
CN1C2CCC1C(C(=O)O)C(O)C2	Weight	Average	-0.21516
CN1C2CCC1C(C(=O)O)C(O)C2	Weight	High	-0.23691
COC1=C(OC)C(=O)C(CCCCCCCCCCO)=C(C)C1=O	Sex	Male	-0.06913
COC1=C(OC)C(=O)C(CCCCCCCCCCO)=C(C)C1=O	Sex	Female	-0.00766
COC1=C(OC)C(=O)C(CCCCCCCCCCO)=C(C)C1=O	Age	Children	-0.03625
COC1=C(OC)C(=O)C(CCCCCCCCCCO)=C(C)C1=O	Age	Adolescent	-0.00986
COC1=C(OC)C(=O)C(CCCCCCCCCCO)=C(C)C1=O	Age	Adult	-0.04482
COC1=C(OC)C(=O)C(CCCCCCCCCCO)=C(C)C1=O	Age	Elderly	-0.14234
COC1=C(OC)C(=O)C(CCCCCCCCCCO)=C(C)C1=O	Weight	Low	-0.1621
COC1=C(OC)C(=O)C(CCCCCCCCCCO)=C(C)C1=O	Weight	Average	-0.13944
COC1=C(OC)C(=O)C(CCCCCCCCCCO)=C(C)C1=O	Weight	High	-0.17166
COc1c(OC2OC(CO)C(O)C(O)C2O)cc2c(c1OC)-c1ccc(SC)c(=O)cc1C(NC(C)=O)CC2	Sex	Male	-0.08138
COc1c(OC2OC(CO)C(O)C(O)C2O)cc2c(c1OC)-c1ccc(SC)c(=O)cc1C(NC(C)=O)CC2	Sex	Female	-0.00228
COc1c(OC2OC(CO)C(O)C(O)C2O)cc2c(c1OC)-c1ccc(SC)c(=O)cc1C(NC(C)=O)CC2	Age	Children	-0.02138
COc1c(OC2OC(CO)C(O)C(O)C2O)cc2c(c1OC)-c1ccc(SC)c(=O)cc1C(NC(C)=O)CC2	Age	Adolescent	-0.0128
COc1c(OC2OC(CO)C(O)C(O)C2O)cc2c(c1OC)-c1ccc(SC)c(=O)cc1C(NC(C)=O)CC2	Age	Adult	-0.0424
COc1c(OC2OC(CO)C(O)C(O)C2O)cc2c(c1OC)-c1ccc(SC)c(=O)cc1C(NC(C)=O)CC2	Age	Elderly	-0.11615
COc1c(OC2OC(CO)C(O)C(O)C2O)cc2c(c1OC)-c1ccc(SC)c(=O)cc1C(NC(C)=O)CC2	Weight	Low	-0.15825
COc1c(OC2OC(CO)C(O)C(O)C2O)cc2c(c1OC)-c1ccc(SC)c(=O)cc1C(NC(C)=O)CC2	Weight	Average	-0.1124
COc1c(OC2OC(CO)C(O)C(O)C2O)cc2c(c1OC)-c1ccc(SC)c(=O)cc1C(NC(C)=O)CC2	Weight	High	-0.17915
COc1cc2c(cc1Cc1cccc(Cl)c1F)c(=O)c(C(=O)O)cn2C(CO)C(C)C	Sex	Male	-0.11224
COc1cc2c(cc1Cc1cccc(Cl)c1F)c(=O)c(C(=O)O)cn2C(CO)C(C)C	Sex	Female	-0.00272
COc1cc2c(cc1Cc1cccc(Cl)c1F)c(=O)c(C(=O)O)cn2C(CO)C(C)C	Age	Children	-0.03141
COc1cc2c(cc1Cc1cccc(Cl)c1F)c(=O)c(C(=O)O)cn2C(CO)C(C)C	Age	Adolescent	0.00174
COc1cc2c(cc1Cc1cccc(Cl)c1F)c(=O)c(C(=O)O)cn2C(CO)C(C)C	Age	Adult	-0.06396
COc1cc2c(cc1Cc1cccc(Cl)c1F)c(=O)c(C(=O)O)cn2C(CO)C(C)C	Age	Elderly	-0.22856
COc1cc2c(cc1Cc1cccc(Cl)c1F)c(=O)c(C(=O)O)cn2C(CO)C(C)C	Weight	Low	-0.14689
COc1cc2c(cc1Cc1cccc(Cl)c1F)c(=O)c(C(=O)O)cn2C(CO)C(C)C	Weight	Average	-0.14617
COc1cc2c(cc1Cc1cccc(Cl)c1F)c(=O)c(C(=O)O)cn2C(CO)C(C)C	Weight	High	-0.25323
Cc1ccc(C(C)C)cc2c(C)ccc1-2	Sex	Male	-0.1595
Cc1ccc(C(C)C)cc2c(C)ccc1-2	Sex	Female	-0.0063
Cc1ccc(C(C)C)cc2c(C)ccc1-2	Age	Children	-0.03815
Cc1ccc(C(C)C)cc2c(C)ccc1-2	Age	Adolescent	0.00277
Cc1ccc(C(C)C)cc2c(C)ccc1-2	Age	Adult	-0.0619
Cc1ccc(C(C)C)cc2c(C)ccc1-2	Age	Elderly	-0.1677
Cc1ccc(C(C)C)cc2c(C)ccc1-2	Weight	Low	-0.20092
Cc1ccc(C(C)C)cc2c(C)ccc1-2	Weight	Average	-0.2043
Cc1ccc(C(C)C)cc2c(C)ccc1-2	Weight	High	-0.22475
N#CC(OC1OC(COC2OC(CO)C(O)C(O)C2O)C(O)C(O)C1O)c1ccccc1	Sex	Male	-0.05657
N#CC(OC1OC(COC2OC(CO)C(O)C(O)C2O)C(O)C(O)C1O)c1ccccc1	Sex	Female	-0.00409
N#CC(OC1OC(COC2OC(CO)C(O)C(O)C2O)C(O)C(O)C1O)c1ccccc1	Age	Children	-0.03416
N#CC(OC1OC(COC2OC(CO)C(O)C(O)C2O)C(O)C(O)C1O)c1ccccc1	Age	Adolescent	-0.02029
N#CC(OC1OC(COC2OC(CO)C(O)C(O)C2O)C(O)C(O)C1O)c1ccccc1	Age	Adult	-0.0452
N#CC(OC1OC(COC2OC(CO)C(O)C(O)C2O)C(O)C(O)C1O)c1ccccc1	Age	Elderly	-0.1683
N#CC(OC1OC(COC2OC(CO)C(O)C(O)C2O)C(O)C(O)C1O)c1ccccc1	Weight	Low	-0.22826
N#CC(OC1OC(COC2OC(CO)C(O)C(O)C2O)C(O)C(O)C1O)c1ccccc1	Weight	Average	-0.11853
N#CC(OC1OC(COC2OC(CO)C(O)C(O)C2O)C(O)C(O)C1O)c1ccccc1	Weight	High	-0.22585
NC(C(=O)NC1C(=O)N2C(C(=O)O)=C(CSc3cn[nH]n3)CSC12)c1ccc(O)cc1	Sex	Male	-0.08176
NC(C(=O)NC1C(=O)N2C(C(=O)O)=C(CSc3cn[nH]n3)CSC12)c1ccc(O)cc1	Sex	Female	-0.00277
NC(C(=O)NC1C(=O)N2C(C(=O)O)=C(CSc3cn[nH]n3)CSC12)c1ccc(O)cc1	Age	Children	-0.03684
NC(C(=O)NC1C(=O)N2C(C(=O)O)=C(CSc3cn[nH]n3)CSC12)c1ccc(O)cc1	Age	Adolescent	-0.00667
NC(C(=O)NC1C(=O)N2C(C(=O)O)=C(CSc3cn[nH]n3)CSC12)c1ccc(O)cc1	Age	Adult	-0.03185
NC(C(=O)NC1C(=O)N2C(C(=O)O)=C(CSc3cn[nH]n3)CSC12)c1ccc(O)cc1	Age	Elderly	-0.13818
NC(C(=O)NC1C(=O)N2C(C(=O)O)=C(CSc3cn[nH]n3)CSC12)c1ccc(O)cc1	Weight	Low	-0.11952
NC(C(=O)NC1C(=O)N2C(C(=O)O)=C(CSc3cn[nH]n3)CSC12)c1ccc(O)cc1	Weight	Average	-0.11733
NC(C(=O)NC1C(=O)N2C(C(=O)O)=C(CSc3cn[nH]n3)CSC12)c1ccc(O)cc1	Weight	High	-0.15215
NC(CCS)C(=O)O	Sex	Male	-0.12812
NC(CCS)C(=O)O	Sex	Female	-0.00664
NC(CCS)C(=O)O	Age	Children	-0.04731
NC(CCS)C(=O)O	Age	Adolescent	-0.00932
NC(CCS)C(=O)O	Age	Adult	-0.06396
NC(CCS)C(=O)O	Age	Elderly	-0.14692
NC(CCS)C(=O)O	Weight	Low	-0.18479
NC(CCS)C(=O)O	Weight	Average	-0.18068
NC(CCS)C(=O)O	Weight	High	-0.19426
Nc1ccn(C2OC(CO)C(O)C2O)c(=O)n1	Sex	Male	-0.09531
Nc1ccn(C2OC(CO)C(O)C2O)c(=O)n1	Sex	Female	-0.00863
Nc1ccn(C2OC(CO)C(O)C2O)c(=O)n1	Age	Children	-0.02986
Nc1ccn(C2OC(CO)C(O)C2O)c(=O)n1	Age	Adolescent	-0.01632
Nc1ccn(C2OC(CO)C(O)C2O)c(=O)n1	Age	Adult	-0.07468
Nc1ccn(C2OC(CO)C(O)C2O)c(=O)n1	Age	Elderly	-0.18741
Nc1ccn(C2OC(CO)C(O)C2O)c(=O)n1	Weight	Low	-0.17009
Nc1ccn(C2OC(CO)C(O)C2O)c(=O)n1	Weight	Average	-0.18628
Nc1ccn(C2OC(CO)C(O)C2O)c(=O)n1	Weight	High	-0.24988
O=C(O)c1nc(Cl)ccc1Cl	Sex	Male	-0.12911
O=C(O)c1nc(Cl)ccc1Cl	Sex	Female	-0.00614
O=C(O)c1nc(Cl)ccc1Cl	Age	Children	-0.04523
O=C(O)c1nc(Cl)ccc1Cl	Age	Adolescent	0.01222
O=C(O)c1nc(Cl)ccc1Cl	Age	Adult	-0.06583
O=C(O)c1nc(Cl)ccc1Cl	Age	Elderly	-0.17294
O=C(O)c1nc(Cl)ccc1Cl	Weight	Low	-0.19181
O=C(O)c1nc(Cl)ccc1Cl	Weight	Average	-0.14829
O=C(O)c1nc(Cl)ccc1Cl	Weight	High	-0.18133
O=C1CCC(C(=O)O)N1	Sex	Male	-0.12487
O=C1CCC(C(=O)O)N1	Sex	Female	-0.00699
O=C1CCC(C(=O)O)N1	Age	Children	-0.03989
O=C1CCC(C(=O)O)N1	Age	Adolescent	0.00084
O=C1CCC(C(=O)O)N1	Age	Adult	-0.06266
O=C1CCC(C(=O)O)N1	Age	Elderly	-0.22194
O=C1CCC(C(=O)O)N1	Weight	Low	-0.16335
O=C1CCC(C(=O)O)N1	Weight	Average	-0.154
O=C1CCC(C(=O)O)N1	Weight	High	-0.23219
C#CCC(Cc1cnc2nc(N)nc(N)c2n1)c1ccc(C(=O)NC(CCC(=O)O)C(=O)O)cc1	Sex	Male	-0.09705
C#CCC(Cc1cnc2nc(N)nc(N)c2n1)c1ccc(C(=O)NC(CCC(=O)O)C(=O)O)cc1	Sex	Female	-0.0045
C#CCC(Cc1cnc2nc(N)nc(N)c2n1)c1ccc(C(=O)NC(CCC(=O)O)C(=O)O)cc1	Age	Children	-0.043
C#CCC(Cc1cnc2nc(N)nc(N)c2n1)c1ccc(C(=O)NC(CCC(=O)O)C(=O)O)cc1	Age	Adolescent	-0.01436
C#CCC(Cc1cnc2nc(N)nc(N)c2n1)c1ccc(C(=O)NC(CCC(=O)O)C(=O)O)cc1	Age	Adult	-0.08173
C#CCC(Cc1cnc2nc(N)nc(N)c2n1)c1ccc(C(=O)NC(CCC(=O)O)C(=O)O)cc1	Age	Elderly	-0.1837
C#CCC(Cc1cnc2nc(N)nc(N)c2n1)c1ccc(C(=O)NC(CCC(=O)O)C(=O)O)cc1	Weight	Low	-0.18521
C#CCC(Cc1cnc2nc(N)nc(N)c2n1)c1ccc(C(=O)NC(CCC(=O)O)C(=O)O)cc1	Weight	Average	-0.17217
C#CCC(Cc1cnc2nc(N)nc(N)c2n1)c1ccc(C(=O)NC(CCC(=O)O)C(=O)O)cc1	Weight	High	-0.20691
C=C1C(=CC=C2CCCC3(C)C2CCC3C(C)C=CC(C)C(C)C)CC(O)CC1O	Sex	Male	-0.11713
C=C1C(=CC=C2CCCC3(C)C2CCC3C(C)C=CC(C)C(C)C)CC(O)CC1O	Sex	Female	-0.00487
C=C1C(=CC=C2CCCC3(C)C2CCC3C(C)C=CC(C)C(C)C)CC(O)CC1O	Age	Children	-0.02967
C=C1C(=CC=C2CCCC3(C)C2CCC3C(C)C=CC(C)C(C)C)CC(O)CC1O	Age	Adolescent	-0.00717
C=C1C(=CC=C2CCCC3(C)C2CCC3C(C)C=CC(C)C(C)C)CC(O)CC1O	Age	Adult	-0.06607
C=C1C(=CC=C2CCCC3(C)C2CCC3C(C)C=CC(C)C(C)C)CC(O)CC1O	Age	Elderly	-0.14982
C=C1C(=CC=C2CCCC3(C)C2CCC3C(C)C=CC(C)C(C)C)CC(O)CC1O	Weight	Low	-0.17969
C=C1C(=CC=C2CCCC3(C)C2CCC3C(C)C=CC(C)C(C)C)CC(O)CC1O	Weight	Average	-0.15303
C=C1C(=CC=C2CCCC3(C)C2CCC3C(C)C=CC(C)C(C)C)CC(O)CC1O	Weight	High	-0.24507
CC(C)C(N)C(=O)O	Sex	Male	-0.16709
CC(C)C(N)C(=O)O	Sex	Female	-0.00299
CC(C)C(N)C(=O)O	Age	Children	-0.04716
CC(C)C(N)C(=O)O	Age	Adolescent	-0.00855
CC(C)C(N)C(=O)O	Age	Adult	-0.06599
CC(C)C(N)C(=O)O	Age	Elderly	-0.18186
CC(C)C(N)C(=O)O	Weight	Low	-0.23318
CC(C)C(N)C(=O)O	Weight	Average	-0.22879
CC(C)C(N)C(=O)O	Weight	High	-0.25271
CC12CCC(=O)C=C1CCC1C2CCC2(C)C(O)CCC12	Sex	Male	-0.12238
CC12CCC(=O)C=C1CCC1C2CCC2(C)C(O)CCC12	Sex	Female	-0.00617
CC12CCC(=O)C=C1CCC1C2CCC2(C)C(O)CCC12	Age	Children	-0.02745
CC12CCC(=O)C=C1CCC1C2CCC2(C)C(O)CCC12	Age	Adolescent	-0.00641
CC12CCC(=O)C=C1CCC1C2CCC2(C)C(O)CCC12	Age	Adult	-0.06565
CC12CCC(=O)C=C1CCC1C2CCC2(C)C(O)CCC12	Age	Elderly	-0.13654
CC12CCC(=O)C=C1CCC1C2CCC2(C)C(O)CCC12	Weight	Low	-0.20502
CC12CCC(=O)C=C1CCC1C2CCC2(C)C(O)CCC12	Weight	Average	-0.19944
CC12CCC(=O)C=C1CCC1C2CCC2(C)C(O)CCC12	Weight	High	-0.24407
CCCCCC(O)C=CC1C(O)CC(O)C1CC=CCCCC(=O)O	Sex	Male	-0.09112
CCCCCC(O)C=CC1C(O)CC(O)C1CC=CCCCC(=O)O	Sex	Female	-0.00524
CCCCCC(O)C=CC1C(O)CC(O)C1CC=CCCCC(=O)O	Age	Children	-0.02516
CCCCCC(O)C=CC1C(O)CC(O)C1CC=CCCCC(=O)O	Age	Adolescent	-0.01194
CCCCCC(O)C=CC1C(O)CC(O)C1CC=CCCCC(=O)O	Age	Adult	-0.07302
CCCCCC(O)C=CC1C(O)CC(O)C1CC=CCCCC(=O)O	Age	Elderly	-0.16151
CCCCCC(O)C=CC1C(O)CC(O)C1CC=CCCCC(=O)O	Weight	Low	-0.26162
CCCCCC(O)C=CC1C(O)CC(O)C1CC=CCCCC(=O)O	Weight	Average	-0.20899
CCCCCC(O)C=CC1C(O)CC(O)C1CC=CCCCC(=O)O	Weight	High	-0.28881
COc1cc2c(cc1OC)C1CC(=O)C(CC(C)C)CN1CC2	Sex	Male	-0.08746
COc1cc2c(cc1OC)C1CC(=O)C(CC(C)C)CN1CC2	Sex	Female	-0.00329
COc1cc2c(cc1OC)C1CC(=O)C(CC(C)C)CN1CC2	Age	Children	-0.02895
COc1cc2c(cc1OC)C1CC(=O)C(CC(C)C)CN1CC2	Age	Adolescent	-0.00341
COc1cc2c(cc1OC)C1CC(=O)C(CC(C)C)CN1CC2	Age	Adult	-0.0384
COc1cc2c(cc1OC)C1CC(=O)C(CC(C)C)CN1CC2	Age	Elderly	-0.18825
COc1cc2c(cc1OC)C1CC(=O)C(CC(C)C)CN1CC2	Weight	Low	-0.1921
COc1cc2c(cc1OC)C1CC(=O)C(CC(C)C)CN1CC2	Weight	Average	-0.16191
COc1cc2c(cc1OC)C1CC(=O)C(CC(C)C)CN1CC2	Weight	High	-0.17754
Cc1cc(=O)c(C(=O)NC(C(=O)NC2C(=O)N3C(C(=O)O)=C(CSc4nnnn4C)CSC23)c2ccc(O)cc2)c[nH]1	Sex	Male	-0.11738
Cc1cc(=O)c(C(=O)NC(C(=O)NC2C(=O)N3C(C(=O)O)=C(CSc4nnnn4C)CSC23)c2ccc(O)cc2)c[nH]1	Sex	Female	-0.00224
Cc1cc(=O)c(C(=O)NC(C(=O)NC2C(=O)N3C(C(=O)O)=C(CSc4nnnn4C)CSC23)c2ccc(O)cc2)c[nH]1	Age	Children	-0.05541
Cc1cc(=O)c(C(=O)NC(C(=O)NC2C(=O)N3C(C(=O)O)=C(CSc4nnnn4C)CSC23)c2ccc(O)cc2)c[nH]1	Age	Adolescent	0.00061
Cc1cc(=O)c(C(=O)NC(C(=O)NC2C(=O)N3C(C(=O)O)=C(CSc4nnnn4C)CSC23)c2ccc(O)cc2)c[nH]1	Age	Adult	-0.06759
Cc1cc(=O)c(C(=O)NC(C(=O)NC2C(=O)N3C(C(=O)O)=C(CSc4nnnn4C)CSC23)c2ccc(O)cc2)c[nH]1	Age	Elderly	-0.19385
Cc1cc(=O)c(C(=O)NC(C(=O)NC2C(=O)N3C(C(=O)O)=C(CSc4nnnn4C)CSC23)c2ccc(O)cc2)c[nH]1	Weight	Low	-0.23532
Cc1cc(=O)c(C(=O)NC(C(=O)NC2C(=O)N3C(C(=O)O)=C(CSc4nnnn4C)CSC23)c2ccc(O)cc2)c[nH]1	Weight	Average	-0.15034
Cc1cc(=O)c(C(=O)NC(C(=O)NC2C(=O)N3C(C(=O)O)=C(CSc4nnnn4C)CSC23)c2ccc(O)cc2)c[nH]1	Weight	High	-0.24385
NC(Cc1cc(I)c(Oc2cc(I)c(O)c(I)c2)c(I)c1)C(=O)O	Sex	Male	-0.08841
NC(Cc1cc(I)c(Oc2cc(I)c(O)c(I)c2)c(I)c1)C(=O)O	Sex	Female	-0.00755
NC(Cc1cc(I)c(Oc2cc(I)c(O)c(I)c2)c(I)c1)C(=O)O	Age	Children	-0.03724
NC(Cc1cc(I)c(Oc2cc(I)c(O)c(I)c2)c(I)c1)C(=O)O	Age	Adolescent	-0.00981
NC(Cc1cc(I)c(Oc2cc(I)c(O)c(I)c2)c(I)c1)C(=O)O	Age	Adult	-0.06066
NC(Cc1cc(I)c(Oc2cc(I)c(O)c(I)c2)c(I)c1)C(=O)O	Age	Elderly	-0.13296
NC(Cc1cc(I)c(Oc2cc(I)c(O)c(I)c2)c(I)c1)C(=O)O	Weight	Low	-0.15681
NC(Cc1cc(I)c(Oc2cc(I)c(O)c(I)c2)c(I)c1)C(=O)O	Weight	Average	-0.10745
NC(Cc1cc(I)c(Oc2cc(I)c(O)c(I)c2)c(I)c1)C(=O)O	Weight	High	-0.16681
O=C(O)C1CCCN1	Sex	Male	-0.14514
O=C(O)C1CCCN1	Sex	Female	-0.00623
O=C(O)C1CCCN1	Age	Children	-0.0618
O=C(O)C1CCCN1	Age	Adolescent	0.00658
O=C(O)C1CCCN1	Age	Adult	-0.06592
O=C(O)C1CCCN1	Age	Elderly	-0.21759
O=C(O)C1CCCN1	Weight	Low	-0.21327
O=C(O)C1CCCN1	Weight	Average	-0.19033
O=C(O)C1CCCN1	Weight	High	-0.25116
O=C(O)c1cc(=O)[nH]c(=O)[nH]1	Sex	Male	-0.10213
O=C(O)c1cc(=O)[nH]c(=O)[nH]1	Sex	Female	-0.00546
O=C(O)c1cc(=O)[nH]c(=O)[nH]1	Age	Children	-0.03096
O=C(O)c1cc(=O)[nH]c(=O)[nH]1	Age	Adolescent	0.00843
O=C(O)c1cc(=O)[nH]c(=O)[nH]1	Age	Adult	-0.07064
O=C(O)c1cc(=O)[nH]c(=O)[nH]1	Age	Elderly	-0.15713
O=C(O)c1cc(=O)[nH]c(=O)[nH]1	Weight	Low	-0.18973
O=C(O)c1cc(=O)[nH]c(=O)[nH]1	Weight	Average	-0.14786
O=C(O)c1cc(=O)[nH]c(=O)[nH]1	Weight	High	-0.19
O=C1C(=O)c2ccccc2C(O)=C1C1CCC(c2ccc(Cl)cc2)CC1	Sex	Male	-0.10534
O=C1C(=O)c2ccccc2C(O)=C1C1CCC(c2ccc(Cl)cc2)CC1	Sex	Female	-0.00512
O=C1C(=O)c2ccccc2C(O)=C1C1CCC(c2ccc(Cl)cc2)CC1	Age	Children	-0.03163
O=C1C(=O)c2ccccc2C(O)=C1C1CCC(c2ccc(Cl)cc2)CC1	Age	Adolescent	-0.00672
O=C1C(=O)c2ccccc2C(O)=C1C1CCC(c2ccc(Cl)cc2)CC1	Age	Adult	-0.03525
O=C1C(=O)c2ccccc2C(O)=C1C1CCC(c2ccc(Cl)cc2)CC1	Age	Elderly	-0.18351
O=C1C(=O)c2ccccc2C(O)=C1C1CCC(c2ccc(Cl)cc2)CC1	Weight	Low	-0.20605
O=C1C(=O)c2ccccc2C(O)=C1C1CCC(c2ccc(Cl)cc2)CC1	Weight	Average	-0.13611
O=C1C(=O)c2ccccc2C(O)=C1C1CCC(c2ccc(Cl)cc2)CC1	Weight	High	-0.19617
C=C1CCC(O)CC1=CC=C1CCCC2(C)C1CCC2C(C)CCCC(C)C	Sex	Male	-0.10736
C=C1CCC(O)CC1=CC=C1CCCC2(C)C1CCC2C(C)CCCC(C)C	Sex	Female	-0.00346
C=C1CCC(O)CC1=CC=C1CCCC2(C)C1CCC2C(C)CCCC(C)C	Age	Children	-0.02192
C=C1CCC(O)CC1=CC=C1CCCC2(C)C1CCC2C(C)CCCC(C)C	Age	Adolescent	0.00286
C=C1CCC(O)CC1=CC=C1CCCC2(C)C1CCC2C(C)CCCC(C)C	Age	Adult	-0.04535
C=C1CCC(O)CC1=CC=C1CCCC2(C)C1CCC2C(C)CCCC(C)C	Age	Elderly	-0.11573
C=C1CCC(O)CC1=CC=C1CCCC2(C)C1CCC2C(C)CCCC(C)C	Weight	Low	-0.19179
C=C1CCC(O)CC1=CC=C1CCCC2(C)C1CCC2C(C)CCCC(C)C	Weight	Average	-0.14697
C=C1CCC(O)CC1=CC=C1CCCC2(C)C1CCC2C(C)CCCC(C)C	Weight	High	-0.23672
CCCC(CCC)C(=O)O	Sex	Male	-0.14597
CCCC(CCC)C(=O)O	Sex	Female	-0.00407
CCCC(CCC)C(=O)O	Age	Children	-0.04889
CCCC(CCC)C(=O)O	Age	Adolescent	-0.00555
CCCC(CCC)C(=O)O	Age	Adult	-0.05357
CCCC(CCC)C(=O)O	Age	Elderly	-0.19569
CCCC(CCC)C(=O)O	Weight	Low	-0.19277
CCCC(CCC)C(=O)O	Weight	Average	-0.17425
CCCC(CCC)C(=O)O	Weight	High	-0.24037
C=C1C(=CC=C2CCCC3(C)C2CCC3C(C)C=CC(O)C2CC2)CC(O)CC1O	Sex	Male	-0.11205
C=C1C(=CC=C2CCCC3(C)C2CCC3C(C)C=CC(O)C2CC2)CC(O)CC1O	Sex	Female	-0.00432
C=C1C(=CC=C2CCCC3(C)C2CCC3C(C)C=CC(O)C2CC2)CC(O)CC1O	Age	Children	-0.02045
C=C1C(=CC=C2CCCC3(C)C2CCC3C(C)C=CC(O)C2CC2)CC(O)CC1O	Age	Adolescent	-0.02252
C=C1C(=CC=C2CCCC3(C)C2CCC3C(C)C=CC(O)C2CC2)CC(O)CC1O	Age	Adult	-0.061
C=C1C(=CC=C2CCCC3(C)C2CCC3C(C)C=CC(O)C2CC2)CC(O)CC1O	Age	Elderly	-0.1488
C=C1C(=CC=C2CCCC3(C)C2CCC3C(C)C=CC(O)C2CC2)CC(O)CC1O	Weight	Low	-0.20279
C=C1C(=CC=C2CCCC3(C)C2CCC3C(C)C=CC(O)C2CC2)CC(O)CC1O	Weight	Average	-0.1675
C=C1C(=CC=C2CCCC3(C)C2CCC3C(C)C=CC(O)C2CC2)CC(O)CC1O	Weight	High	-0.26056
C=CCN1CCC23c4c5ccc(O)c4OC2C(OCCOCCOCCOCCOCCOCCOCCOC)CCC3(O)C1C5	Sex	Male	-0.07839
C=CCN1CCC23c4c5ccc(O)c4OC2C(OCCOCCOCCOCCOCCOCCOCCOC)CCC3(O)C1C5	Sex	Female	-0.00572
C=CCN1CCC23c4c5ccc(O)c4OC2C(OCCOCCOCCOCCOCCOCCOCCOC)CCC3(O)C1C5	Age	Children	-0.02156
C=CCN1CCC23c4c5ccc(O)c4OC2C(OCCOCCOCCOCCOCCOCCOCCOC)CCC3(O)C1C5	Age	Adolescent	-0.00621
C=CCN1CCC23c4c5ccc(O)c4OC2C(OCCOCCOCCOCCOCCOCCOCCOC)CCC3(O)C1C5	Age	Adult	-0.03827
C=CCN1CCC23c4c5ccc(O)c4OC2C(OCCOCCOCCOCCOCCOCCOCCOC)CCC3(O)C1C5	Age	Elderly	-0.17979
C=CCN1CCC23c4c5ccc(O)c4OC2C(OCCOCCOCCOCCOCCOCCOCCOC)CCC3(O)C1C5	Weight	Low	-0.17029
C=CCN1CCC23c4c5ccc(O)c4OC2C(OCCOCCOCCOCCOCCOCCOCCOC)CCC3(O)C1C5	Weight	Average	-0.13437
C=CCN1CCC23c4c5ccc(O)c4OC2C(OCCOCCOCCOCCOCCOCCOCCOC)CCC3(O)C1C5	Weight	High	-0.19696
CC#CCC(C)C(O)C=CC1C(O)CC2CC(=CCCCC(=O)O)CC21	Sex	Male	-0.07394
CC#CCC(C)C(O)C=CC1C(O)CC2CC(=CCCCC(=O)O)CC21	Sex	Female	-0.00082
CC#CCC(C)C(O)C=CC1C(O)CC2CC(=CCCCC(=O)O)CC21	Age	Children	-0.02235
CC#CCC(C)C(O)C=CC1C(O)CC2CC(=CCCCC(=O)O)CC21	Age	Adolescent	-0.00885
CC#CCC(C)C(O)C=CC1C(O)CC2CC(=CCCCC(=O)O)CC21	Age	Adult	-0.04045
CC#CCC(C)C(O)C=CC1C(O)CC2CC(=CCCCC(=O)O)CC21	Age	Elderly	-0.10424
CC#CCC(C)C(O)C=CC1C(O)CC2CC(=CCCCC(=O)O)CC21	Weight	Low	-0.15536
CC#CCC(C)C(O)C=CC1C(O)CC2CC(=CCCCC(=O)O)CC21	Weight	Average	-0.12263
CC#CCC(C)C(O)C=CC1C(O)CC2CC(=CCCCC(=O)O)CC21	Weight	High	-0.20497
CC(=O)NC(CC(=O)O)C(=O)NC(CCC(=O)O)C(=O)O	Sex	Male	-0.10868
CC(=O)NC(CC(=O)O)C(=O)NC(CCC(=O)O)C(=O)O	Sex	Female	-0.00451
CC(=O)NC(CC(=O)O)C(=O)NC(CCC(=O)O)C(=O)O	Age	Children	-0.04345
CC(=O)NC(CC(=O)O)C(=O)NC(CCC(=O)O)C(=O)O	Age	Adolescent	-0.00341
CC(=O)NC(CC(=O)O)C(=O)NC(CCC(=O)O)C(=O)O	Age	Adult	-0.05229
CC(=O)NC(CC(=O)O)C(=O)NC(CCC(=O)O)C(=O)O	Age	Elderly	-0.16033
CC(=O)NC(CC(=O)O)C(=O)NC(CCC(=O)O)C(=O)O	Weight	Low	-0.20801
CC(=O)NC(CC(=O)O)C(=O)NC(CCC(=O)O)C(=O)O	Weight	Average	-0.1603
CC(=O)NC(CC(=O)O)C(=O)NC(CCC(=O)O)C(=O)O	Weight	High	-0.18545
CC(=O)NC(CCC(N)=O)C(=O)O	Sex	Male	-0.12956
CC(=O)NC(CCC(N)=O)C(=O)O	Sex	Female	-0.00628
CC(=O)NC(CCC(N)=O)C(=O)O	Age	Children	-0.05159
CC(=O)NC(CCC(N)=O)C(=O)O	Age	Adolescent	-0.00772
CC(=O)NC(CCC(N)=O)C(=O)O	Age	Adult	-0.05824
CC(=O)NC(CCC(N)=O)C(=O)O	Age	Elderly	-0.1881
CC(=O)NC(CCC(N)=O)C(=O)O	Weight	Low	-0.19904
CC(=O)NC(CCC(N)=O)C(=O)O	Weight	Average	-0.1693
CC(=O)NC(CCC(N)=O)C(=O)O	Weight	High	-0.19952
CC(=O)NC1CC(NC(C)(C)C)CCC1N1CCC(Nc2ncnc3cc(C(C)(C)C)nn23)C1=O	Sex	Male	-0.13768
CC(=O)NC1CC(NC(C)(C)C)CCC1N1CCC(Nc2ncnc3cc(C(C)(C)C)nn23)C1=O	Sex	Female	-0.00471
CC(=O)NC1CC(NC(C)(C)C)CCC1N1CCC(Nc2ncnc3cc(C(C)(C)C)nn23)C1=O	Age	Children	-0.05895
CC(=O)NC1CC(NC(C)(C)C)CCC1N1CCC(Nc2ncnc3cc(C(C)(C)C)nn23)C1=O	Age	Adolescent	-0.00281
CC(=O)NC1CC(NC(C)(C)C)CCC1N1CCC(Nc2ncnc3cc(C(C)(C)C)nn23)C1=O	Age	Adult	-0.05955
CC(=O)NC1CC(NC(C)(C)C)CCC1N1CCC(Nc2ncnc3cc(C(C)(C)C)nn23)C1=O	Age	Elderly	-0.16485
CC(=O)NC1CC(NC(C)(C)C)CCC1N1CCC(Nc2ncnc3cc(C(C)(C)C)nn23)C1=O	Weight	Low	-0.20964
CC(=O)NC1CC(NC(C)(C)C)CCC1N1CCC(Nc2ncnc3cc(C(C)(C)C)nn23)C1=O	Weight	Average	-0.1659
CC(=O)NC1CC(NC(C)(C)C)CCC1N1CCC(Nc2ncnc3cc(C(C)(C)C)nn23)C1=O	Weight	High	-0.18164
CC(=O)Nc1ccc(C(=O)O)cc1	Sex	Male	-0.13272
CC(=O)Nc1ccc(C(=O)O)cc1	Sex	Female	-0.00677
CC(=O)Nc1ccc(C(=O)O)cc1	Age	Children	-0.05197
CC(=O)Nc1ccc(C(=O)O)cc1	Age	Adolescent	-0.00477
CC(=O)Nc1ccc(C(=O)O)cc1	Age	Adult	-0.06229
CC(=O)Nc1ccc(C(=O)O)cc1	Age	Elderly	-0.15714
CC(=O)Nc1ccc(C(=O)O)cc1	Weight	Low	-0.22039
CC(=O)Nc1ccc(C(=O)O)cc1	Weight	Average	-0.18142
CC(=O)Nc1ccc(C(=O)O)cc1	Weight	High	-0.22476
CC(=O)OC1CC2(C)C(CC(O)C3C4(C)CCC(O)C(C)C4CCC32C)C1=C(CCC=C(C)C)C(=O)O	Sex	Male	-0.11185
CC(=O)OC1CC2(C)C(CC(O)C3C4(C)CCC(O)C(C)C4CCC32C)C1=C(CCC=C(C)C)C(=O)O	Sex	Female	-0.00405
CC(=O)OC1CC2(C)C(CC(O)C3C4(C)CCC(O)C(C)C4CCC32C)C1=C(CCC=C(C)C)C(=O)O	Age	Children	-0.04206
CC(=O)OC1CC2(C)C(CC(O)C3C4(C)CCC(O)C(C)C4CCC32C)C1=C(CCC=C(C)C)C(=O)O	Age	Adolescent	-0.00968
CC(=O)OC1CC2(C)C(CC(O)C3C4(C)CCC(O)C(C)C4CCC32C)C1=C(CCC=C(C)C)C(=O)O	Age	Adult	-0.06662
CC(=O)OC1CC2(C)C(CC(O)C3C4(C)CCC(O)C(C)C4CCC32C)C1=C(CCC=C(C)C)C(=O)O	Age	Elderly	-0.18698
CC(=O)OC1CC2(C)C(CC(O)C3C4(C)CCC(O)C(C)C4CCC32C)C1=C(CCC=C(C)C)C(=O)O	Weight	Low	-0.25548
CC(=O)OC1CC2(C)C(CC(O)C3C4(C)CCC(O)C(C)C4CCC32C)C1=C(CCC=C(C)C)C(=O)O	Weight	Average	-0.20019
CC(=O)OC1CC2(C)C(CC(O)C3C4(C)CCC(O)C(C)C4CCC32C)C1=C(CCC=C(C)C)C(=O)O	Weight	High	-0.28746
CC(=O)OCC1=C(C(=O)O)N2C(=O)C(NC(=O)CSc3ccncc3)C2SC1	Sex	Male	-0.05607
CC(=O)OCC1=C(C(=O)O)N2C(=O)C(NC(=O)CSc3ccncc3)C2SC1	Sex	Female	-0.00294
CC(=O)OCC1=C(C(=O)O)N2C(=O)C(NC(=O)CSc3ccncc3)C2SC1	Age	Children	-0.03253
CC(=O)OCC1=C(C(=O)O)N2C(=O)C(NC(=O)CSc3ccncc3)C2SC1	Age	Adolescent	-0.00948
CC(=O)OCC1=C(C(=O)O)N2C(=O)C(NC(=O)CSc3ccncc3)C2SC1	Age	Adult	-0.02705
CC(=O)OCC1=C(C(=O)O)N2C(=O)C(NC(=O)CSc3ccncc3)C2SC1	Age	Elderly	-0.13733
CC(=O)OCC1=C(C(=O)O)N2C(=O)C(NC(=O)CSc3ccncc3)C2SC1	Weight	Low	-0.10738
CC(=O)OCC1=C(C(=O)O)N2C(=O)C(NC(=O)CSc3ccncc3)C2SC1	Weight	Average	-0.1036
CC(=O)OCC1=C(C(=O)O)N2C(=O)C(NC(=O)CSc3ccncc3)C2SC1	Weight	High	-0.13409
CC(C)(C)NCC(O)COc1ccccc1C1CCCC1	Sex	Male	-0.11079
CC(C)(C)NCC(O)COc1ccccc1C1CCCC1	Sex	Female	-0.0022
CC(C)(C)NCC(O)COc1ccccc1C1CCCC1	Age	Children	-0.03141
CC(C)(C)NCC(O)COc1ccccc1C1CCCC1	Age	Adolescent	0.00628
CC(C)(C)NCC(O)COc1ccccc1C1CCCC1	Age	Adult	-0.0381
CC(C)(C)NCC(O)COc1ccccc1C1CCCC1	Age	Elderly	-0.18556
CC(C)(C)NCC(O)COc1ccccc1C1CCCC1	Weight	Low	-0.1989
CC(C)(C)NCC(O)COc1ccccc1C1CCCC1	Weight	Average	-0.15197
CC(C)(C)NCC(O)COc1ccccc1C1CCCC1	Weight	High	-0.2194
CC(C)(F)CC(NC(c1ccc(-c2ccc(S(C)(=O)=O)cc2)cc1)C(F)(F)F)C(=O)NC1(C#N)CC1	Sex	Male	-0.07564
CC(C)(F)CC(NC(c1ccc(-c2ccc(S(C)(=O)=O)cc2)cc1)C(F)(F)F)C(=O)NC1(C#N)CC1	Sex	Female	-0.00347
CC(C)(F)CC(NC(c1ccc(-c2ccc(S(C)(=O)=O)cc2)cc1)C(F)(F)F)C(=O)NC1(C#N)CC1	Age	Children	-0.0217
CC(C)(F)CC(NC(c1ccc(-c2ccc(S(C)(=O)=O)cc2)cc1)C(F)(F)F)C(=O)NC1(C#N)CC1	Age	Adolescent	-0.00321
CC(C)(F)CC(NC(c1ccc(-c2ccc(S(C)(=O)=O)cc2)cc1)C(F)(F)F)C(=O)NC1(C#N)CC1	Age	Adult	-0.04406
CC(C)(F)CC(NC(c1ccc(-c2ccc(S(C)(=O)=O)cc2)cc1)C(F)(F)F)C(=O)NC1(C#N)CC1	Age	Elderly	-0.11819
CC(C)(F)CC(NC(c1ccc(-c2ccc(S(C)(=O)=O)cc2)cc1)C(F)(F)F)C(=O)NC1(C#N)CC1	Weight	Low	-0.15895
CC(C)(F)CC(NC(c1ccc(-c2ccc(S(C)(=O)=O)cc2)cc1)C(F)(F)F)C(=O)NC1(C#N)CC1	Weight	Average	-0.11737
CC(C)(F)CC(NC(c1ccc(-c2ccc(S(C)(=O)=O)cc2)cc1)C(F)(F)F)C(=O)NC1(C#N)CC1	Weight	High	-0.17257
CC(C)(Oc1ccc(CCNC(=O)c2ccc(Cl)cc2)cc1)C(=O)O	Sex	Male	-0.09951
CC(C)(Oc1ccc(CCNC(=O)c2ccc(Cl)cc2)cc1)C(=O)O	Sex	Female	-0.00351
CC(C)(Oc1ccc(CCNC(=O)c2ccc(Cl)cc2)cc1)C(=O)O	Age	Children	-0.04683
CC(C)(Oc1ccc(CCNC(=O)c2ccc(Cl)cc2)cc1)C(=O)O	Age	Adolescent	0.00256
CC(C)(Oc1ccc(CCNC(=O)c2ccc(Cl)cc2)cc1)C(=O)O	Age	Adult	-0.04132
CC(C)(Oc1ccc(CCNC(=O)c2ccc(Cl)cc2)cc1)C(=O)O	Age	Elderly	-0.11295
CC(C)(Oc1ccc(CCNC(=O)c2ccc(Cl)cc2)cc1)C(=O)O	Weight	Low	-0.17123
CC(C)(Oc1ccc(CCNC(=O)c2ccc(Cl)cc2)cc1)C(=O)O	Weight	Average	-0.15222
CC(C)(Oc1ccc(CCNC(=O)c2ccc(Cl)cc2)cc1)C(=O)O	Weight	High	-0.23687
CC(C)(S)C(=O)NC(CS)C(=O)O	Sex	Male	-0.14089
CC(C)(S)C(=O)NC(CS)C(=O)O	Sex	Female	-0.0123
CC(C)(S)C(=O)NC(CS)C(=O)O	Age	Children	-0.05518
CC(C)(S)C(=O)NC(CS)C(=O)O	Age	Adolescent	-0.00432
CC(C)(S)C(=O)NC(CS)C(=O)O	Age	Adult	-0.06306
CC(C)(S)C(=O)NC(CS)C(=O)O	Age	Elderly	-0.17795
CC(C)(S)C(=O)NC(CS)C(=O)O	Weight	Low	-0.18016
CC(C)(S)C(=O)NC(CS)C(=O)O	Weight	Average	-0.16125
CC(C)(S)C(=O)NC(CS)C(=O)O	Weight	High	-0.23034
CC(C)CN(CC(OP(=O)(O)O)C(Cc1ccccc1)NC(=O)OC1CCOC1)S(=O)(=O)c1ccc(N)cc1	Sex	Male	-0.08731
CC(C)CN(CC(OP(=O)(O)O)C(Cc1ccccc1)NC(=O)OC1CCOC1)S(=O)(=O)c1ccc(N)cc1	Sex	Female	-0.00471
CC(C)CN(CC(OP(=O)(O)O)C(Cc1ccccc1)NC(=O)OC1CCOC1)S(=O)(=O)c1ccc(N)cc1	Age	Children	-0.04117
CC(C)CN(CC(OP(=O)(O)O)C(Cc1ccccc1)NC(=O)OC1CCOC1)S(=O)(=O)c1ccc(N)cc1	Age	Adolescent	-0.00819
CC(C)CN(CC(OP(=O)(O)O)C(Cc1ccccc1)NC(=O)OC1CCOC1)S(=O)(=O)c1ccc(N)cc1	Age	Adult	-0.0553
CC(C)CN(CC(OP(=O)(O)O)C(Cc1ccccc1)NC(=O)OC1CCOC1)S(=O)(=O)c1ccc(N)cc1	Age	Elderly	-0.17849
CC(C)CN(CC(OP(=O)(O)O)C(Cc1ccccc1)NC(=O)OC1CCOC1)S(=O)(=O)c1ccc(N)cc1	Weight	Low	-0.14011
CC(C)CN(CC(OP(=O)(O)O)C(Cc1ccccc1)NC(=O)OC1CCOC1)S(=O)(=O)c1ccc(N)cc1	Weight	Average	-0.13892
CC(C)CN(CC(OP(=O)(O)O)C(Cc1ccccc1)NC(=O)OC1CCOC1)S(=O)(=O)c1ccc(N)cc1	Weight	High	-0.19988
CC(C)NCC(O)c1ccc(NS(C)(=O)=O)cc1	Sex	Male	-0.12906
CC(C)NCC(O)c1ccc(NS(C)(=O)=O)cc1	Sex	Female	-0.00207
CC(C)NCC(O)c1ccc(NS(C)(=O)=O)cc1	Age	Children	-0.04135
CC(C)NCC(O)c1ccc(NS(C)(=O)=O)cc1	Age	Adolescent	-0.01092
CC(C)NCC(O)c1ccc(NS(C)(=O)=O)cc1	Age	Adult	-0.05858
CC(C)NCC(O)c1ccc(NS(C)(=O)=O)cc1	Age	Elderly	-0.18185
CC(C)NCC(O)c1ccc(NS(C)(=O)=O)cc1	Weight	Low	-0.1808
CC(C)NCC(O)c1ccc(NS(C)(=O)=O)cc1	Weight	Average	-0.17707
CC(C)NCC(O)c1ccc(NS(C)(=O)=O)cc1	Weight	High	-0.21546
CC(C)OC(=O)CCCC=CCC1C(O)CC(O)C1C=CC(O)COc1cccc(C(F)(F)F)c1	Sex	Male	-0.1055
CC(C)OC(=O)CCCC=CCC1C(O)CC(O)C1C=CC(O)COc1cccc(C(F)(F)F)c1	Sex	Female	-0.00439
CC(C)OC(=O)CCCC=CCC1C(O)CC(O)C1C=CC(O)COc1cccc(C(F)(F)F)c1	Age	Children	-0.03807
CC(C)OC(=O)CCCC=CCC1C(O)CC(O)C1C=CC(O)COc1cccc(C(F)(F)F)c1	Age	Adolescent	-0.00143
CC(C)OC(=O)CCCC=CCC1C(O)CC(O)C1C=CC(O)COc1cccc(C(F)(F)F)c1	Age	Adult	-0.05787
CC(C)OC(=O)CCCC=CCC1C(O)CC(O)C1C=CC(O)COc1cccc(C(F)(F)F)c1	Age	Elderly	-0.15196
CC(C)OC(=O)CCCC=CCC1C(O)CC(O)C1C=CC(O)COc1cccc(C(F)(F)F)c1	Weight	Low	-0.23696
CC(C)OC(=O)CCCC=CCC1C(O)CC(O)C1C=CC(O)COc1cccc(C(F)(F)F)c1	Weight	Average	-0.17567
CC(C)OC(=O)CCCC=CCC1C(O)CC(O)C1C=CC(O)COc1cccc(C(F)(F)F)c1	Weight	High	-0.21961
CC(N)C(=O)NC(C)C(=O)NC1C2CN(c3nc4c(cc3F)c(=O)c(C(=O)O)cn4-c3ccc(F)cc3F)CC21	Sex	Male	-0.12064
CC(N)C(=O)NC(C)C(=O)NC1C2CN(c3nc4c(cc3F)c(=O)c(C(=O)O)cn4-c3ccc(F)cc3F)CC21	Sex	Female	-0.00434
CC(N)C(=O)NC(C)C(=O)NC1C2CN(c3nc4c(cc3F)c(=O)c(C(=O)O)cn4-c3ccc(F)cc3F)CC21	Age	Children	-0.04943
CC(N)C(=O)NC(C)C(=O)NC1C2CN(c3nc4c(cc3F)c(=O)c(C(=O)O)cn4-c3ccc(F)cc3F)CC21	Age	Adolescent	0.00414
CC(N)C(=O)NC(C)C(=O)NC1C2CN(c3nc4c(cc3F)c(=O)c(C(=O)O)cn4-c3ccc(F)cc3F)CC21	Age	Adult	-0.07417
CC(N)C(=O)NC(C)C(=O)NC1C2CN(c3nc4c(cc3F)c(=O)c(C(=O)O)cn4-c3ccc(F)cc3F)CC21	Age	Elderly	-0.16799
CC(N)C(=O)NC(C)C(=O)NC1C2CN(c3nc4c(cc3F)c(=O)c(C(=O)O)cn4-c3ccc(F)cc3F)CC21	Weight	Low	-0.15993
CC(N)C(=O)NC(C)C(=O)NC1C2CN(c3nc4c(cc3F)c(=O)c(C(=O)O)cn4-c3ccc(F)cc3F)CC21	Weight	Average	-0.1836
CC(N)C(=O)NC(C)C(=O)NC1C2CN(c3nc4c(cc3F)c(=O)c(C(=O)O)cn4-c3ccc(F)cc3F)CC21	Weight	High	-0.21869
CC(O)C(=O)O	Sex	Male	-0.1465
CC(O)C(=O)O	Sex	Female	-0.00788
CC(O)C(=O)O	Age	Children	-0.03942
CC(O)C(=O)O	Age	Adolescent	0.00094
CC(O)C(=O)O	Age	Adult	-0.06653
CC(O)C(=O)O	Age	Elderly	-0.1423
CC(O)C(=O)O	Weight	Low	-0.16351
CC(O)C(=O)O	Weight	Average	-0.19265
CC(O)C(=O)O	Weight	High	-0.26254
CC12CCC3C(=CCc4cc(O)ccc43)C1CCC2=O	Sex	Male	-0.13221
CC12CCC3C(=CCc4cc(O)ccc43)C1CCC2=O	Sex	Female	-0.00694
CC12CCC3C(=CCc4cc(O)ccc43)C1CCC2=O	Age	Children	-0.02631
CC12CCC3C(=CCc4cc(O)ccc43)C1CCC2=O	Age	Adolescent	-0.00683
CC12CCC3C(=CCc4cc(O)ccc43)C1CCC2=O	Age	Adult	-0.05415
CC12CCC3C(=CCc4cc(O)ccc43)C1CCC2=O	Age	Elderly	-0.17289
CC12CCC3C(=CCc4cc(O)ccc43)C1CCC2=O	Weight	Low	-0.24224
CC12CCC3C(=CCc4cc(O)ccc43)C1CCC2=O	Weight	Average	-0.19482
CC12CCC3C(=CCc4cc(O)ccc43)C1CCC2=O	Weight	High	-0.27841
CC12CCC3C(CC=C4CC(O)CCC43C)C1CCC2=O	Sex	Male	-0.12572
CC12CCC3C(CC=C4CC(O)CCC43C)C1CCC2=O	Sex	Female	-0.00847
CC12CCC3C(CC=C4CC(O)CCC43C)C1CCC2=O	Age	Children	-0.02486
CC12CCC3C(CC=C4CC(O)CCC43C)C1CCC2=O	Age	Adolescent	-0.00755
CC12CCC3C(CC=C4CC(O)CCC43C)C1CCC2=O	Age	Adult	-0.06471
CC12CCC3C(CC=C4CC(O)CCC43C)C1CCC2=O	Age	Elderly	-0.16965
CC12CCC3C(CC=C4CC(O)CCC43C)C1CCC2=O	Weight	Low	-0.25061
CC12CCC3C(CC=C4CC(O)CCC43C)C1CCC2=O	Weight	Average	-0.21872
CC12CCC3C(CC=C4CC(O)CCC43C)C1CCC2=O	Weight	High	-0.29183
CC1=CC(=O)CC2CCC3C4CCC(O)C4(C)CCC3C12C	Sex	Male	-0.09185
CC1=CC(=O)CC2CCC3C4CCC(O)C4(C)CCC3C12C	Sex	Female	-0.00588
CC1=CC(=O)CC2CCC3C4CCC(O)C4(C)CCC3C12C	Age	Children	-0.01893
CC1=CC(=O)CC2CCC3C4CCC(O)C4(C)CCC3C12C	Age	Adolescent	-0.02887
CC1=CC(=O)CC2CCC3C4CCC(O)C4(C)CCC3C12C	Age	Adult	-0.05635
CC1=CC(=O)CC2CCC3C4CCC(O)C4(C)CCC3C12C	Age	Elderly	-0.13529
CC1=CC(=O)CC2CCC3C4CCC(O)C4(C)CCC3C12C	Weight	Low	-0.22192
CC1=CC(=O)CC2CCC3C4CCC(O)C4(C)CCC3C12C	Weight	Average	-0.1978
CC1=CC(=O)CC2CCC3C4CCC(O)C4(C)CCC3C12C	Weight	High	-0.23515
CC1CC2C3CC(F)C4=CC(=O)C(Cl)=CC4(C)C3(F)C(O)CC2(C)C1(O)C(=O)CO	Sex	Male	-0.07868
CC1CC2C3CC(F)C4=CC(=O)C(Cl)=CC4(C)C3(F)C(O)CC2(C)C1(O)C(=O)CO	Sex	Female	-0.00768
CC1CC2C3CC(F)C4=CC(=O)C(Cl)=CC4(C)C3(F)C(O)CC2(C)C1(O)C(=O)CO	Age	Children	-0.02829
CC1CC2C3CC(F)C4=CC(=O)C(Cl)=CC4(C)C3(F)C(O)CC2(C)C1(O)C(=O)CO	Age	Adolescent	-0.01224
CC1CC2C3CC(F)C4=CC(=O)C(Cl)=CC4(C)C3(F)C(O)CC2(C)C1(O)C(=O)CO	Age	Adult	-0.07903
CC1CC2C3CC(F)C4=CC(=O)C(Cl)=CC4(C)C3(F)C(O)CC2(C)C1(O)C(=O)CO	Age	Elderly	-0.14486
CC1CC2C3CC(F)C4=CC(=O)C(Cl)=CC4(C)C3(F)C(O)CC2(C)C1(O)C(=O)CO	Weight	Low	-0.17459
CC1CC2C3CC(F)C4=CC(=O)C(Cl)=CC4(C)C3(F)C(O)CC2(C)C1(O)C(=O)CO	Weight	Average	-0.19346
CC1CC2C3CC(F)C4=CC(=O)C(Cl)=CC4(C)C3(F)C(O)CC2(C)C1(O)C(=O)CO	Weight	High	-0.28873
CC1CC2C3CCC4=CC(=O)C=CC4(C)C3(Cl)C(O)CC2(C)C1(O)C(=O)CCl	Sex	Male	-0.08119
CC1CC2C3CCC4=CC(=O)C=CC4(C)C3(Cl)C(O)CC2(C)C1(O)C(=O)CCl	Sex	Female	-0.00927
CC1CC2C3CCC4=CC(=O)C=CC4(C)C3(Cl)C(O)CC2(C)C1(O)C(=O)CCl	Age	Children	-0.025
CC1CC2C3CCC4=CC(=O)C=CC4(C)C3(Cl)C(O)CC2(C)C1(O)C(=O)CCl	Age	Adolescent	-0.02941
CC1CC2C3CCC4=CC(=O)C=CC4(C)C3(Cl)C(O)CC2(C)C1(O)C(=O)CCl	Age	Adult	-0.0732
CC1CC2C3CCC4=CC(=O)C=CC4(C)C3(Cl)C(O)CC2(C)C1(O)C(=O)CCl	Age	Elderly	-0.15646
CC1CC2C3CCC4=CC(=O)C=CC4(C)C3(Cl)C(O)CC2(C)C1(O)C(=O)CCl	Weight	Low	-0.19918
CC1CC2C3CCC4=CC(=O)C=CC4(C)C3(Cl)C(O)CC2(C)C1(O)C(=O)CCl	Weight	Average	-0.19768
CC1CC2C3CCC4=CC(=O)C=CC4(C)C3(Cl)C(O)CC2(C)C1(O)C(=O)CCl	Weight	High	-0.28834
CC1CC2C3CCC4=CC(=O)C=CC4(C)C3(F)C(=O)CC2(C)C1(O)C(=O)CCl	Sex	Male	-0.09207
CC1CC2C3CCC4=CC(=O)C=CC4(C)C3(F)C(=O)CC2(C)C1(O)C(=O)CCl	Sex	Female	-0.00857
CC1CC2C3CCC4=CC(=O)C=CC4(C)C3(F)C(=O)CC2(C)C1(O)C(=O)CCl	Age	Children	-0.02184
CC1CC2C3CCC4=CC(=O)C=CC4(C)C3(F)C(=O)CC2(C)C1(O)C(=O)CCl	Age	Adolescent	-0.01674
CC1CC2C3CCC4=CC(=O)C=CC4(C)C3(F)C(=O)CC2(C)C1(O)C(=O)CCl	Age	Adult	-0.06729
CC1CC2C3CCC4=CC(=O)C=CC4(C)C3(F)C(=O)CC2(C)C1(O)C(=O)CCl	Age	Elderly	-0.16064
CC1CC2C3CCC4=CC(=O)C=CC4(C)C3(F)C(=O)CC2(C)C1(O)C(=O)CCl	Weight	Low	-0.19419
CC1CC2C3CCC4=CC(=O)C=CC4(C)C3(F)C(=O)CC2(C)C1(O)C(=O)CCl	Weight	Average	-0.19165
CC1CC2C3CCC4=CC(=O)C=CC4(C)C3(F)C(=O)CC2(C)C1(O)C(=O)CCl	Weight	High	-0.26275
CC1CCC2(C(=O)O)CCC3(C)C(=CCC4C5(C)CCC(O)C(C)(C)C5CCC43C)C2C1C	Sex	Male	-0.1235
CC1CCC2(C(=O)O)CCC3(C)C(=CCC4C5(C)CCC(O)C(C)(C)C5CCC43C)C2C1C	Sex	Female	-0.00294
CC1CCC2(C(=O)O)CCC3(C)C(=CCC4C5(C)CCC(O)C(C)(C)C5CCC43C)C2C1C	Age	Children	-0.02783
CC1CCC2(C(=O)O)CCC3(C)C(=CCC4C5(C)CCC(O)C(C)(C)C5CCC43C)C2C1C	Age	Adolescent	-0.01165
CC1CCC2(C(=O)O)CCC3(C)C(=CCC4C5(C)CCC(O)C(C)(C)C5CCC43C)C2C1C	Age	Adult	-0.08022
CC1CCC2(C(=O)O)CCC3(C)C(=CCC4C5(C)CCC(O)C(C)(C)C5CCC43C)C2C1C	Age	Elderly	-0.09023
CC1CCC2(C(=O)O)CCC3(C)C(=CCC4C5(C)CCC(O)C(C)(C)C5CCC43C)C2C1C	Weight	Low	-0.22562
CC1CCC2(C(=O)O)CCC3(C)C(=CCC4C5(C)CCC(O)C(C)(C)C5CCC43C)C2C1C	Weight	Average	-0.20492
CC1CCC2(C(=O)O)CCC3(C)C(=CCC4C5(C)CCC(O)C(C)(C)C5CCC43C)C2C1C	Weight	High	-0.23672
CC1CCN(C(=O)CC#N)CC1N(C)c1ncnc2[nH]ccc12	Sex	Male	-0.12912
CC1CCN(C(=O)CC#N)CC1N(C)c1ncnc2[nH]ccc12	Sex	Female	-0.00414
CC1CCN(C(=O)CC#N)CC1N(C)c1ncnc2[nH]ccc12	Age	Children	-0.02858
CC1CCN(C(=O)CC#N)CC1N(C)c1ncnc2[nH]ccc12	Age	Adolescent	-0.00729
CC1CCN(C(=O)CC#N)CC1N(C)c1ncnc2[nH]ccc12	Age	Adult	-0.0564
CC1CCN(C(=O)CC#N)CC1N(C)c1ncnc2[nH]ccc12	Age	Elderly	-0.14871
CC1CCN(C(=O)CC#N)CC1N(C)c1ncnc2[nH]ccc12	Weight	Low	-0.22036
CC1CCN(C(=O)CC#N)CC1N(C)c1ncnc2[nH]ccc12	Weight	Average	-0.15662
CC1CCN(C(=O)CC#N)CC1N(C)c1ncnc2[nH]ccc12	Weight	High	-0.18549
CCC(=O)OC1(C(=O)CCl)C(C)CC2C3CCC4=CC(=O)C=CC4(C)C3(F)C(O)CC21C	Sex	Male	-0.11611
CCC(=O)OC1(C(=O)CCl)C(C)CC2C3CCC4=CC(=O)C=CC4(C)C3(F)C(O)CC21C	Sex	Female	-0.0036
CCC(=O)OC1(C(=O)CCl)C(C)CC2C3CCC4=CC(=O)C=CC4(C)C3(F)C(O)CC21C	Age	Children	-0.03131
CCC(=O)OC1(C(=O)CCl)C(C)CC2C3CCC4=CC(=O)C=CC4(C)C3(F)C(O)CC21C	Age	Adolescent	-0.02198
CCC(=O)OC1(C(=O)CCl)C(C)CC2C3CCC4=CC(=O)C=CC4(C)C3(F)C(O)CC21C	Age	Adult	-0.08807
CCC(=O)OC1(C(=O)CCl)C(C)CC2C3CCC4=CC(=O)C=CC4(C)C3(F)C(O)CC21C	Age	Elderly	-0.11738
CCC(=O)OC1(C(=O)CCl)C(C)CC2C3CCC4=CC(=O)C=CC4(C)C3(F)C(O)CC21C	Weight	Low	-0.21287
CCC(=O)OC1(C(=O)CCl)C(C)CC2C3CCC4=CC(=O)C=CC4(C)C3(F)C(O)CC21C	Weight	Average	-0.16277
CCC(=O)OC1(C(=O)CCl)C(C)CC2C3CCC4=CC(=O)C=CC4(C)C3(F)C(O)CC21C	Weight	High	-0.2048
CCC(C)C(N)C(=O)O	Sex	Male	-0.13216
CCC(C)C(N)C(=O)O	Sex	Female	-0.00578
CCC(C)C(N)C(=O)O	Age	Children	-0.04071
CCC(C)C(N)C(=O)O	Age	Adolescent	-0.00275
CCC(C)C(N)C(=O)O	Age	Adult	-0.05331
CCC(C)C(N)C(=O)O	Age	Elderly	-0.16073
CCC(C)C(N)C(=O)O	Weight	Low	-0.20422
CCC(C)C(N)C(=O)O	Weight	Average	-0.16917
CCC(C)C(N)C(=O)O	Weight	High	-0.23643
CNNCc1ccc(C(=O)NC(C)C)cc1	Sex	Male	-0.13568
CNNCc1ccc(C(=O)NC(C)C)cc1	Sex	Female	-0.00207
CNNCc1ccc(C(=O)NC(C)C)cc1	Age	Children	-0.04097
CNNCc1ccc(C(=O)NC(C)C)cc1	Age	Adolescent	-0.00473
CNNCc1ccc(C(=O)NC(C)C)cc1	Age	Adult	-0.05092
CNNCc1ccc(C(=O)NC(C)C)cc1	Age	Elderly	-0.20047
CNNCc1ccc(C(=O)NC(C)C)cc1	Weight	Low	-0.22144
CNNCc1ccc(C(=O)NC(C)C)cc1	Weight	Average	-0.19662
CNNCc1ccc(C(=O)NC(C)C)cc1	Weight	High	-0.22962
COc1ccc(CCOC2CCCCC2N2CCC(O)C2)cc1OC	Sex	Male	-0.09809
COc1ccc(CCOC2CCCCC2N2CCC(O)C2)cc1OC	Sex	Female	-0.00184
COc1ccc(CCOC2CCCCC2N2CCC(O)C2)cc1OC	Age	Children	-0.02903
COc1ccc(CCOC2CCCCC2N2CCC(O)C2)cc1OC	Age	Adolescent	0.00321
COc1ccc(CCOC2CCCCC2N2CCC(O)C2)cc1OC	Age	Adult	-0.0355
COc1ccc(CCOC2CCCCC2N2CCC(O)C2)cc1OC	Age	Elderly	-0.18575
COc1ccc(CCOC2CCCCC2N2CCC(O)C2)cc1OC	Weight	Low	-0.13136
COc1ccc(CCOC2CCCCC2N2CCC(O)C2)cc1OC	Weight	Average	-0.11956
COc1ccc(CCOC2CCCCC2N2CCC(O)C2)cc1OC	Weight	High	-0.19865
CS(=O)(=O)c1cc(F)cc2c3c(n(Cc4ccc(Cl)cc4)c12)C(CC(=O)O)CC3	Sex	Male	-0.10526
CS(=O)(=O)c1cc(F)cc2c3c(n(Cc4ccc(Cl)cc4)c12)C(CC(=O)O)CC3	Sex	Female	-0.00945
CS(=O)(=O)c1cc(F)cc2c3c(n(Cc4ccc(Cl)cc4)c12)C(CC(=O)O)CC3	Age	Children	-0.04407
CS(=O)(=O)c1cc(F)cc2c3c(n(Cc4ccc(Cl)cc4)c12)C(CC(=O)O)CC3	Age	Adolescent	0.00045
CS(=O)(=O)c1cc(F)cc2c3c(n(Cc4ccc(Cl)cc4)c12)C(CC(=O)O)CC3	Age	Adult	-0.06284
CS(=O)(=O)c1cc(F)cc2c3c(n(Cc4ccc(Cl)cc4)c12)C(CC(=O)O)CC3	Age	Elderly	-0.19657
CS(=O)(=O)c1cc(F)cc2c3c(n(Cc4ccc(Cl)cc4)c12)C(CC(=O)O)CC3	Weight	Low	-0.21653
CS(=O)(=O)c1cc(F)cc2c3c(n(Cc4ccc(Cl)cc4)c12)C(CC(=O)O)CC3	Weight	Average	-0.16969
CS(=O)(=O)c1cc(F)cc2c3c(n(Cc4ccc(Cl)cc4)c12)C(CC(=O)O)CC3	Weight	High	-0.19049
CSCCC(N)C(=O)O	Sex	Male	-0.13736
CSCCC(N)C(=O)O	Sex	Female	-0.00577
CSCCC(N)C(=O)O	Age	Children	-0.04001
CSCCC(N)C(=O)O	Age	Adolescent	0.00149
CSCCC(N)C(=O)O	Age	Adult	-0.05638
CSCCC(N)C(=O)O	Age	Elderly	-0.18269
CSCCC(N)C(=O)O	Weight	Low	-0.22936
CSCCC(N)C(=O)O	Weight	Average	-0.19837
CSCCC(N)C(=O)O	Weight	High	-0.25181
C[N+]12CCCCC1CCC(=C(c1cccs1)c1cccs1)C2	Sex	Male	-0.11257
C[N+]12CCCCC1CCC(=C(c1cccs1)c1cccs1)C2	Sex	Female	-0.00174
C[N+]12CCCCC1CCC(=C(c1cccs1)c1cccs1)C2	Age	Children	-0.04168
C[N+]12CCCCC1CCC(=C(c1cccs1)c1cccs1)C2	Age	Adolescent	-0.0042
C[N+]12CCCCC1CCC(=C(c1cccs1)c1cccs1)C2	Age	Adult	-0.03591
C[N+]12CCCCC1CCC(=C(c1cccs1)c1cccs1)C2	Age	Elderly	-0.16268
C[N+]12CCCCC1CCC(=C(c1cccs1)c1cccs1)C2	Weight	Low	-0.19901
C[N+]12CCCCC1CCC(=C(c1cccs1)c1cccs1)C2	Weight	Average	-0.14283
C[N+]12CCCCC1CCC(=C(c1cccs1)c1cccs1)C2	Weight	High	-0.23316
Cc1c(F)c(N2CCNC(C)C2)cc2c1c(=O)c(C(=O)O)cn2C1CC1	Sex	Male	-0.12473
Cc1c(F)c(N2CCNC(C)C2)cc2c1c(=O)c(C(=O)O)cn2C1CC1	Sex	Female	-0.00256
Cc1c(F)c(N2CCNC(C)C2)cc2c1c(=O)c(C(=O)O)cn2C1CC1	Age	Children	-0.03566
Cc1c(F)c(N2CCNC(C)C2)cc2c1c(=O)c(C(=O)O)cn2C1CC1	Age	Adolescent	0.00462
Cc1c(F)c(N2CCNC(C)C2)cc2c1c(=O)c(C(=O)O)cn2C1CC1	Age	Adult	-0.0827
Cc1c(F)c(N2CCNC(C)C2)cc2c1c(=O)c(C(=O)O)cn2C1CC1	Age	Elderly	-0.18103
Cc1c(F)c(N2CCNC(C)C2)cc2c1c(=O)c(C(=O)O)cn2C1CC1	Weight	Low	-0.21341
Cc1c(F)c(N2CCNC(C)C2)cc2c1c(=O)c(C(=O)O)cn2C1CC1	Weight	Average	-0.15868
Cc1c(F)c(N2CCNC(C)C2)cc2c1c(=O)c(C(=O)O)cn2C1CC1	Weight	High	-0.23484
Cc1cnc(C(=O)NCCc2ccc(S(=O)(=O)NC(=O)NC3CCCCC3)cc2)cn1	Sex	Male	-0.06523
Cc1cnc(C(=O)NCCc2ccc(S(=O)(=O)NC(=O)NC3CCCCC3)cc2)cn1	Sex	Female	-0.00523
Cc1cnc(C(=O)NCCc2ccc(S(=O)(=O)NC(=O)NC3CCCCC3)cc2)cn1	Age	Children	-0.03788
Cc1cnc(C(=O)NCCc2ccc(S(=O)(=O)NC(=O)NC3CCCCC3)cc2)cn1	Age	Adolescent	0.00261
Cc1cnc(C(=O)NCCc2ccc(S(=O)(=O)NC(=O)NC3CCCCC3)cc2)cn1	Age	Adult	-0.04747
Cc1cnc(C(=O)NCCc2ccc(S(=O)(=O)NC(=O)NC3CCCCC3)cc2)cn1	Age	Elderly	-0.16104
Cc1cnc(C(=O)NCCc2ccc(S(=O)(=O)NC(=O)NC3CCCCC3)cc2)cn1	Weight	Low	-0.14464
Cc1cnc(C(=O)NCCc2ccc(S(=O)(=O)NC(=O)NC3CCCCC3)cc2)cn1	Weight	Average	-0.12251
Cc1cnc(C(=O)NCCc2ccc(S(=O)(=O)NC(=O)NC3CCCCC3)cc2)cn1	Weight	High	-0.18298
NC(=O)NC(CCC(=O)O)C(=O)O	Sex	Male	-0.12807
NC(=O)NC(CCC(=O)O)C(=O)O	Sex	Female	-0.00498
NC(=O)NC(CCC(=O)O)C(=O)O	Age	Children	-0.05307
NC(=O)NC(CCC(=O)O)C(=O)O	Age	Adolescent	-0.00887
NC(=O)NC(CCC(=O)O)C(=O)O	Age	Adult	-0.0567
NC(=O)NC(CCC(=O)O)C(=O)O	Age	Elderly	-0.16006
NC(=O)NC(CCC(=O)O)C(=O)O	Weight	Low	-0.21536
NC(=O)NC(CCC(=O)O)C(=O)O	Weight	Average	-0.16632
NC(=O)NC(CCC(=O)O)C(=O)O	Weight	High	-0.18325
NC(=O)c1ncn(C2OC(CO)C(O)C2O)n1	Sex	Male	-0.05749
NC(=O)c1ncn(C2OC(CO)C(O)C2O)n1	Sex	Female	-0.00123
NC(=O)c1ncn(C2OC(CO)C(O)C2O)n1	Age	Children	-0.03646
NC(=O)c1ncn(C2OC(CO)C(O)C2O)n1	Age	Adolescent	-0.00997
NC(=O)c1ncn(C2OC(CO)C(O)C2O)n1	Age	Adult	-0.06585
NC(=O)c1ncn(C2OC(CO)C(O)C2O)n1	Age	Elderly	-0.15484
NC(=O)c1ncn(C2OC(CO)C(O)C2O)n1	Weight	Low	-0.21586
NC(=O)c1ncn(C2OC(CO)C(O)C2O)n1	Weight	Average	-0.15078
NC(=O)c1ncn(C2OC(CO)C(O)C2O)n1	Weight	High	-0.17701
NC(C(=O)O)C(O)c1ccc(O)c(O)c1	Sex	Male	-0.10326
NC(C(=O)O)C(O)c1ccc(O)c(O)c1	Sex	Female	-0.00684
NC(C(=O)O)C(O)c1ccc(O)c(O)c1	Age	Children	-0.04021
NC(C(=O)O)C(O)c1ccc(O)c(O)c1	Age	Adolescent	-0.01367
NC(C(=O)O)C(O)c1ccc(O)c(O)c1	Age	Adult	-0.05646
NC(C(=O)O)C(O)c1ccc(O)c(O)c1	Age	Elderly	-0.1253
NC(C(=O)O)C(O)c1ccc(O)c(O)c1	Weight	Low	-0.21287
NC(C(=O)O)C(O)c1ccc(O)c(O)c1	Weight	Average	-0.16934
NC(C(=O)O)C(O)c1ccc(O)c(O)c1	Weight	High	-0.21235
Nc1nc2[nH]cc(CCc3ccc(C(=O)NC(CCC(=O)O)C(=O)O)cc3)c2c(=O)[nH]1	Sex	Male	-0.11103
Nc1nc2[nH]cc(CCc3ccc(C(=O)NC(CCC(=O)O)C(=O)O)cc3)c2c(=O)[nH]1	Sex	Female	-0.00734
Nc1nc2[nH]cc(CCc3ccc(C(=O)NC(CCC(=O)O)C(=O)O)cc3)c2c(=O)[nH]1	Age	Children	-0.05416
Nc1nc2[nH]cc(CCc3ccc(C(=O)NC(CCC(=O)O)C(=O)O)cc3)c2c(=O)[nH]1	Age	Adolescent	-0.01079
Nc1nc2[nH]cc(CCc3ccc(C(=O)NC(CCC(=O)O)C(=O)O)cc3)c2c(=O)[nH]1	Age	Adult	-0.0667
Nc1nc2[nH]cc(CCc3ccc(C(=O)NC(CCC(=O)O)C(=O)O)cc3)c2c(=O)[nH]1	Age	Elderly	-0.13231
Nc1nc2[nH]cc(CCc3ccc(C(=O)NC(CCC(=O)O)C(=O)O)cc3)c2c(=O)[nH]1	Weight	Low	-0.21209
Nc1nc2[nH]cc(CCc3ccc(C(=O)NC(CCC(=O)O)C(=O)O)cc3)c2c(=O)[nH]1	Weight	Average	-0.15987
Nc1nc2[nH]cc(CCc3ccc(C(=O)NC(CCC(=O)O)C(=O)O)cc3)c2c(=O)[nH]1	Weight	High	-0.19498
O=C(Nc1ccc(CC2CCC(C(O)c3ccccc3)N2)cc1)C1CCc2nccc(=O)n21	Sex	Male	-0.0915
O=C(Nc1ccc(CC2CCC(C(O)c3ccccc3)N2)cc1)C1CCc2nccc(=O)n21	Sex	Female	-0.00261
O=C(Nc1ccc(CC2CCC(C(O)c3ccccc3)N2)cc1)C1CCc2nccc(=O)n21	Age	Children	-0.04147
O=C(Nc1ccc(CC2CCC(C(O)c3ccccc3)N2)cc1)C1CCc2nccc(=O)n21	Age	Adolescent	0.00205
O=C(Nc1ccc(CC2CCC(C(O)c3ccccc3)N2)cc1)C1CCc2nccc(=O)n21	Age	Adult	-0.0507
O=C(Nc1ccc(CC2CCC(C(O)c3ccccc3)N2)cc1)C1CCc2nccc(=O)n21	Age	Elderly	-0.14757
O=C(Nc1ccc(CC2CCC(C(O)c3ccccc3)N2)cc1)C1CCc2nccc(=O)n21	Weight	Low	-0.17148
O=C(Nc1ccc(CC2CCC(C(O)c3ccccc3)N2)cc1)C1CCc2nccc(=O)n21	Weight	Average	-0.11142
O=C(Nc1ccc(CC2CCC(C(O)c3ccccc3)N2)cc1)C1CCc2nccc(=O)n21	Weight	High	-0.23499
O=C(O)C1C(=CCO)OC2CC(=O)N21	Sex	Male	-0.06233
O=C(O)C1C(=CCO)OC2CC(=O)N21	Sex	Female	-0.001
O=C(O)C1C(=CCO)OC2CC(=O)N21	Age	Children	-0.02059
O=C(O)C1C(=CCO)OC2CC(=O)N21	Age	Adolescent	-0.00203
O=C(O)C1C(=CCO)OC2CC(=O)N21	Age	Adult	-0.03115
O=C(O)C1C(=CCO)OC2CC(=O)N21	Age	Elderly	-0.13467
O=C(O)C1C(=CCO)OC2CC(=O)N21	Weight	Low	-0.12295
O=C(O)C1C(=CCO)OC2CC(=O)N21	Weight	Average	-0.11693
O=C(O)C1C(=CCO)OC2CC(=O)N21	Weight	High	-0.13224
O=C(O)CCCCC1CCSS1	Sex	Male	-0.09891
O=C(O)CCCCC1CCSS1	Sex	Female	-0.00664
O=C(O)CCCCC1CCSS1	Age	Children	-0.04594
O=C(O)CCCCC1CCSS1	Age	Adolescent	0.00227
O=C(O)CCCCC1CCSS1	Age	Adult	-0.05304
O=C(O)CCCCC1CCSS1	Age	Elderly	-0.18063
O=C(O)CCCCC1CCSS1	Weight	Low	-0.22147
O=C(O)CCCCC1CCSS1	Weight	Average	-0.16884
O=C(O)CCCCC1CCSS1	Weight	High	-0.2182
O=C1OC(CO)C(O)C(O)C1O	Sex	Male	-0.11145
O=C1OC(CO)C(O)C(O)C1O	Sex	Female	-0.00693
O=C1OC(CO)C(O)C(O)C1O	Age	Children	-0.04826
O=C1OC(CO)C(O)C(O)C1O	Age	Adolescent	-0.01376
O=C1OC(CO)C(O)C(O)C1O	Age	Adult	-0.08299
O=C1OC(CO)C(O)C(O)C1O	Age	Elderly	-0.18773
O=C1OC(CO)C(O)C(O)C1O	Weight	Low	-0.24262
O=C1OC(CO)C(O)C(O)C1O	Weight	Average	-0.19782
O=C1OC(CO)C(O)C(O)C1O	Weight	High	-0.26796
CC12OC(=O)C1(C(O)C1C=CCCC1)NC(=O)C2CCCl	Sex	Male	-0.12112
CC12OC(=O)C1(C(O)C1C=CCCC1)NC(=O)C2CCCl	Sex	Female	-0.0046
CC12OC(=O)C1(C(O)C1C=CCCC1)NC(=O)C2CCCl	Age	Children	-0.02857
CC12OC(=O)C1(C(O)C1C=CCCC1)NC(=O)C2CCCl	Age	Adolescent	-0.02166
CC12OC(=O)C1(C(O)C1C=CCCC1)NC(=O)C2CCCl	Age	Adult	-0.07354
CC12OC(=O)C1(C(O)C1C=CCCC1)NC(=O)C2CCCl	Age	Elderly	-0.19311
CC12OC(=O)C1(C(O)C1C=CCCC1)NC(=O)C2CCCl	Weight	Low	-0.22726
CC12OC(=O)C1(C(O)C1C=CCCC1)NC(=O)C2CCCl	Weight	Average	-0.18808
CC12OC(=O)C1(C(O)C1C=CCCC1)NC(=O)C2CCCl	Weight	High	-0.25978
COc1cc(C(=O)NC2CCCNC2)cc(OC)c1OC	Sex	Male	-0.13309
COc1cc(C(=O)NC2CCCNC2)cc(OC)c1OC	Sex	Female	-0.0019
COc1cc(C(=O)NC2CCCNC2)cc(OC)c1OC	Age	Children	-0.03662
COc1cc(C(=O)NC2CCCNC2)cc(OC)c1OC	Age	Adolescent	-0.01199
COc1cc(C(=O)NC2CCCNC2)cc(OC)c1OC	Age	Adult	-0.04753
COc1cc(C(=O)NC2CCCNC2)cc(OC)c1OC	Age	Elderly	-0.22063
COc1cc(C(=O)NC2CCCNC2)cc(OC)c1OC	Weight	Low	-0.19867
COc1cc(C(=O)NC2CCCNC2)cc(OC)c1OC	Weight	Average	-0.1309
COc1cc(C(=O)NC2CCCNC2)cc(OC)c1OC	Weight	High	-0.21678
COc1cc(OC)c(C=CS(=O)(=O)Cc2ccc(OC)c(NCC(=O)O)c2)c(OC)c1	Sex	Male	-0.11442
COc1cc(OC)c(C=CS(=O)(=O)Cc2ccc(OC)c(NCC(=O)O)c2)c(OC)c1	Sex	Female	-0.00528
COc1cc(OC)c(C=CS(=O)(=O)Cc2ccc(OC)c(NCC(=O)O)c2)c(OC)c1	Age	Children	-0.0332
COc1cc(OC)c(C=CS(=O)(=O)Cc2ccc(OC)c(NCC(=O)O)c2)c(OC)c1	Age	Adolescent	0.0038
COc1cc(OC)c(C=CS(=O)(=O)Cc2ccc(OC)c(NCC(=O)O)c2)c(OC)c1	Age	Adult	-0.06233
COc1cc(OC)c(C=CS(=O)(=O)Cc2ccc(OC)c(NCC(=O)O)c2)c(OC)c1	Age	Elderly	-0.23204
COc1cc(OC)c(C=CS(=O)(=O)Cc2ccc(OC)c(NCC(=O)O)c2)c(OC)c1	Weight	Low	-0.21857
COc1cc(OC)c(C=CS(=O)(=O)Cc2ccc(OC)c(NCC(=O)O)c2)c(OC)c1	Weight	Average	-0.14405
COc1cc(OC)c(C=CS(=O)(=O)Cc2ccc(OC)c(NCC(=O)O)c2)c(OC)c1	Weight	High	-0.21953
C=C1CCC(O)CC1=CC=C1CCCC2(C)C1CCC2C(C)CCCC(C)(C)O	Sex	Male	-0.12309
C=C1CCC(O)CC1=CC=C1CCCC2(C)C1CCC2C(C)CCCC(C)(C)O	Sex	Female	-0.00546
C=C1CCC(O)CC1=CC=C1CCCC2(C)C1CCC2C(C)CCCC(C)(C)O	Age	Children	-0.03044
C=C1CCC(O)CC1=CC=C1CCCC2(C)C1CCC2C(C)CCCC(C)(C)O	Age	Adolescent	0.00105
C=C1CCC(O)CC1=CC=C1CCCC2(C)C1CCC2C(C)CCCC(C)(C)O	Age	Adult	-0.05931
C=C1CCC(O)CC1=CC=C1CCCC2(C)C1CCC2C(C)CCCC(C)(C)O	Age	Elderly	-0.13855
C=C1CCC(O)CC1=CC=C1CCCC2(C)C1CCC2C(C)CCCC(C)(C)O	Weight	Low	-0.20371
C=C1CCC(O)CC1=CC=C1CCCC2(C)C1CCC2C(C)CCCC(C)(C)O	Weight	Average	-0.18307
C=C1CCC(O)CC1=CC=C1CCCC2(C)C1CCC2C(C)CCCC(C)(C)O	Weight	High	-0.23894
C=C1CCC(O)CC1=CC=C1CCCC2(C)C1CCC2C(C)C=CC(C)C(C)C	Sex	Male	-0.12174
C=C1CCC(O)CC1=CC=C1CCCC2(C)C1CCC2C(C)C=CC(C)C(C)C	Sex	Female	-0.00128
C=C1CCC(O)CC1=CC=C1CCCC2(C)C1CCC2C(C)C=CC(C)C(C)C	Age	Children	-0.02113
C=C1CCC(O)CC1=CC=C1CCCC2(C)C1CCC2C(C)C=CC(C)C(C)C	Age	Adolescent	0.00365
C=C1CCC(O)CC1=CC=C1CCCC2(C)C1CCC2C(C)C=CC(C)C(C)C	Age	Adult	-0.05434
C=C1CCC(O)CC1=CC=C1CCCC2(C)C1CCC2C(C)C=CC(C)C(C)C	Age	Elderly	-0.1304
C=C1CCC(O)CC1=CC=C1CCCC2(C)C1CCC2C(C)C=CC(C)C(C)C	Weight	Low	-0.19887
C=C1CCC(O)CC1=CC=C1CCCC2(C)C1CCC2C(C)C=CC(C)C(C)C	Weight	Average	-0.17128
C=C1CCC(O)CC1=CC=C1CCCC2(C)C1CCC2C(C)C=CC(C)C(C)C	Weight	High	-0.23332
CC(N)C(O)c1ccc(O)c(O)c1	Sex	Male	-0.1041
CC(N)C(O)c1ccc(O)c(O)c1	Sex	Female	-0.00811
CC(N)C(O)c1ccc(O)c(O)c1	Age	Children	-0.03196
CC(N)C(O)c1ccc(O)c(O)c1	Age	Adolescent	-0.01119
CC(N)C(O)c1ccc(O)c(O)c1	Age	Adult	-0.05853
CC(N)C(O)c1ccc(O)c(O)c1	Age	Elderly	-0.174
CC(N)C(O)c1ccc(O)c(O)c1	Weight	Low	-0.22275
CC(N)C(O)c1ccc(O)c(O)c1	Weight	Average	-0.17266
CC(N)C(O)c1ccc(O)c(O)c1	Weight	High	-0.21333
CC(c1ccc2nccn2c1)n1nnc2ncc(-c3cnn(C)c3)nc21	Sex	Male	-0.13749
CC(c1ccc2nccn2c1)n1nnc2ncc(-c3cnn(C)c3)nc21	Sex	Female	-0.00961
CC(c1ccc2nccn2c1)n1nnc2ncc(-c3cnn(C)c3)nc21	Age	Children	-0.05996
CC(c1ccc2nccn2c1)n1nnc2ncc(-c3cnn(C)c3)nc21	Age	Adolescent	-0.00118
CC(c1ccc2nccn2c1)n1nnc2ncc(-c3cnn(C)c3)nc21	Age	Adult	-0.07748
CC(c1ccc2nccn2c1)n1nnc2ncc(-c3cnn(C)c3)nc21	Age	Elderly	-0.19198
CC(c1ccc2nccn2c1)n1nnc2ncc(-c3cnn(C)c3)nc21	Weight	Low	-0.21497
CC(c1ccc2nccn2c1)n1nnc2ncc(-c3cnn(C)c3)nc21	Weight	Average	-0.1807
CC(c1ccc2nccn2c1)n1nnc2ncc(-c3cnn(C)c3)nc21	Weight	High	-0.20532
CC1CC2C(C(O)CC3(C)C2CCC3(O)C(=O)CO)C2(C)C=CC(=O)C=C12	Sex	Male	-0.11142
CC1CC2C(C(O)CC3(C)C2CCC3(O)C(=O)CO)C2(C)C=CC(=O)C=C12	Sex	Female	-0.00729
CC1CC2C(C(O)CC3(C)C2CCC3(O)C(=O)CO)C2(C)C=CC(=O)C=C12	Age	Children	-0.0156
CC1CC2C(C(O)CC3(C)C2CCC3(O)C(=O)CO)C2(C)C=CC(=O)C=C12	Age	Adolescent	-0.01214
CC1CC2C(C(O)CC3(C)C2CCC3(O)C(=O)CO)C2(C)C=CC(=O)C=C12	Age	Adult	-0.07907
CC1CC2C(C(O)CC3(C)C2CCC3(O)C(=O)CO)C2(C)C=CC(=O)C=C12	Age	Elderly	-0.17338
CC1CC2C(C(O)CC3(C)C2CCC3(O)C(=O)CO)C2(C)C=CC(=O)C=C12	Weight	Low	-0.22386
CC1CC2C(C(O)CC3(C)C2CCC3(O)C(=O)CO)C2(C)C=CC(=O)C=C12	Weight	Average	-0.19921
CC1CC2C(C(O)CC3(C)C2CCC3(O)C(=O)CO)C2(C)C=CC(=O)C=C12	Weight	High	-0.25251
O=C(O)c1cn(C2CC2)c2cc(N3CCNCC3)c(F)cc2c1=O	Sex	Male	-0.12464
O=C(O)c1cn(C2CC2)c2cc(N3CCNCC3)c(F)cc2c1=O	Sex	Female	-0.00711
O=C(O)c1cn(C2CC2)c2cc(N3CCNCC3)c(F)cc2c1=O	Age	Children	-0.02644
O=C(O)c1cn(C2CC2)c2cc(N3CCNCC3)c(F)cc2c1=O	Age	Adolescent	0.00864
O=C(O)c1cn(C2CC2)c2cc(N3CCNCC3)c(F)cc2c1=O	Age	Adult	-0.05957
O=C(O)c1cn(C2CC2)c2cc(N3CCNCC3)c(F)cc2c1=O	Age	Elderly	-0.19908
O=C(O)c1cn(C2CC2)c2cc(N3CCNCC3)c(F)cc2c1=O	Weight	Low	-0.12761
O=C(O)c1cn(C2CC2)c2cc(N3CCNCC3)c(F)cc2c1=O	Weight	Average	-0.18724
O=C(O)c1cn(C2CC2)c2cc(N3CCNCC3)c(F)cc2c1=O	Weight	High	-0.23721
CC(C)(S)C(N)C(=O)O	Sex	Male	-0.13077
CC(C)(S)C(N)C(=O)O	Sex	Female	-0.01056
CC(C)(S)C(N)C(=O)O	Age	Children	-0.04015
CC(C)(S)C(N)C(=O)O	Age	Adolescent	-0.01103
CC(C)(S)C(N)C(=O)O	Age	Adult	-0.06334
CC(C)(S)C(N)C(=O)O	Age	Elderly	-0.12447
CC(C)(S)C(N)C(=O)O	Weight	Low	-0.2374
CC(C)(S)C(N)C(=O)O	Weight	Average	-0.20058
CC(C)(S)C(N)C(=O)O	Weight	High	-0.23063
CC(C)CC(NC(=O)C(Cc1ccccc1)NC(=O)c1cnccn1)B(O)O	Sex	Male	-0.12664
CC(C)CC(NC(=O)C(Cc1ccccc1)NC(=O)c1cnccn1)B(O)O	Sex	Female	-0.00778
CC(C)CC(NC(=O)C(Cc1ccccc1)NC(=O)c1cnccn1)B(O)O	Age	Children	-0.03661
CC(C)CC(NC(=O)C(Cc1ccccc1)NC(=O)c1cnccn1)B(O)O	Age	Adolescent	0.01444
CC(C)CC(NC(=O)C(Cc1ccccc1)NC(=O)c1cnccn1)B(O)O	Age	Adult	-0.05897
CC(C)CC(NC(=O)C(Cc1ccccc1)NC(=O)c1cnccn1)B(O)O	Age	Elderly	-0.18473
CC(C)CC(NC(=O)C(Cc1ccccc1)NC(=O)c1cnccn1)B(O)O	Weight	Low	-0.1681
CC(C)CC(NC(=O)C(Cc1ccccc1)NC(=O)c1cnccn1)B(O)O	Weight	Average	-0.1515
CC(C)CC(NC(=O)C(Cc1ccccc1)NC(=O)c1cnccn1)B(O)O	Weight	High	-0.26218
CC(O)C1C(=O)N2C(C(=O)O)=C(SC3CNC(C(=O)N(C)C)C3)C(C)C12	Sex	Male	-0.07429
CC(O)C1C(=O)N2C(C(=O)O)=C(SC3CNC(C(=O)N(C)C)C3)C(C)C12	Sex	Female	-0.0027
CC(O)C1C(=O)N2C(C(=O)O)=C(SC3CNC(C(=O)N(C)C)C3)C(C)C12	Age	Children	-0.02794
CC(O)C1C(=O)N2C(C(=O)O)=C(SC3CNC(C(=O)N(C)C)C3)C(C)C12	Age	Adolescent	-0.0026
CC(O)C1C(=O)N2C(C(=O)O)=C(SC3CNC(C(=O)N(C)C)C3)C(C)C12	Age	Adult	-0.03266
CC(O)C1C(=O)N2C(C(=O)O)=C(SC3CNC(C(=O)N(C)C)C3)C(C)C12	Age	Elderly	-0.1219
CC(O)C1C(=O)N2C(C(=O)O)=C(SC3CNC(C(=O)N(C)C)C3)C(C)C12	Weight	Low	-0.12396
CC(O)C1C(=O)N2C(C(=O)O)=C(SC3CNC(C(=O)N(C)C)C3)C(C)C12	Weight	Average	-0.10462
CC(O)C1C(=O)N2C(C(=O)O)=C(SC3CNC(C(=O)N(C)C)C3)C(C)C12	Weight	High	-0.14937
CCCCC(F)(F)C1(O)CCC2C(CC(=O)C2CCCCCCC(=O)O)O1	Sex	Male	-0.08554
CCCCC(F)(F)C1(O)CCC2C(CC(=O)C2CCCCCCC(=O)O)O1	Sex	Female	-0.00734
CCCCC(F)(F)C1(O)CCC2C(CC(=O)C2CCCCCCC(=O)O)O1	Age	Children	-0.03484
CCCCC(F)(F)C1(O)CCC2C(CC(=O)C2CCCCCCC(=O)O)O1	Age	Adolescent	-0.00425
CCCCC(F)(F)C1(O)CCC2C(CC(=O)C2CCCCCCC(=O)O)O1	Age	Adult	-0.04347
CCCCC(F)(F)C1(O)CCC2C(CC(=O)C2CCCCCCC(=O)O)O1	Age	Elderly	-0.13863
CCCCC(F)(F)C1(O)CCC2C(CC(=O)C2CCCCCCC(=O)O)O1	Weight	Low	-0.20395
CCCCC(F)(F)C1(O)CCC2C(CC(=O)C2CCCCCCC(=O)O)O1	Weight	Average	-0.1385
CCCCC(F)(F)C1(O)CCC2C(CC(=O)C2CCCCCCC(=O)O)O1	Weight	High	-0.20674
CN(C)C1CCCCC1N(C)C(=O)c1ccc(Cl)c(Cl)c1	Sex	Male	-0.15783
CN(C)C1CCCCC1N(C)C(=O)c1ccc(Cl)c(Cl)c1	Sex	Female	-0.00519
CN(C)C1CCCCC1N(C)C(=O)c1ccc(Cl)c(Cl)c1	Age	Children	-0.04574
CN(C)C1CCCCC1N(C)C(=O)c1ccc(Cl)c(Cl)c1	Age	Adolescent	0.01008
CN(C)C1CCCCC1N(C)C(=O)c1ccc(Cl)c(Cl)c1	Age	Adult	-0.0765
CN(C)C1CCCCC1N(C)C(=O)c1ccc(Cl)c(Cl)c1	Age	Elderly	-0.18305
CN(C)C1CCCCC1N(C)C(=O)c1ccc(Cl)c(Cl)c1	Weight	Low	-0.15064
CN(C)C1CCCCC1N(C)C(=O)c1ccc(Cl)c(Cl)c1	Weight	Average	-0.19479
CN(C)C1CCCCC1N(C)C(=O)c1ccc(Cl)c(Cl)c1	Weight	High	-0.18451
CN(CCOc1ccc(CC2SC(=O)NC2=O)cc1)c1ccccn1	Sex	Male	-0.0729
CN(CCOc1ccc(CC2SC(=O)NC2=O)cc1)c1ccccn1	Sex	Female	-0.00565
CN(CCOc1ccc(CC2SC(=O)NC2=O)cc1)c1ccccn1	Age	Children	-0.03789
CN(CCOc1ccc(CC2SC(=O)NC2=O)cc1)c1ccccn1	Age	Adolescent	-0.00134
CN(CCOc1ccc(CC2SC(=O)NC2=O)cc1)c1ccccn1	Age	Adult	-0.03897
CN(CCOc1ccc(CC2SC(=O)NC2=O)cc1)c1ccccn1	Age	Elderly	-0.18738
CN(CCOc1ccc(CC2SC(=O)NC2=O)cc1)c1ccccn1	Weight	Low	-0.15447
CN(CCOc1ccc(CC2SC(=O)NC2=O)cc1)c1ccccn1	Weight	Average	-0.10992
CN(CCOc1ccc(CC2SC(=O)NC2=O)cc1)c1ccccn1	Weight	High	-0.18651
COc1ccc2cc(C(C)C(=O)O)ccc2c1	Sex	Male	-0.14443
COc1ccc2cc(C(C)C(=O)O)ccc2c1	Sex	Female	-0.00534
COc1ccc2cc(C(C)C(=O)O)ccc2c1	Age	Children	-0.03516
COc1ccc2cc(C(C)C(=O)O)ccc2c1	Age	Adolescent	0.00426
COc1ccc2cc(C(C)C(=O)O)ccc2c1	Age	Adult	-0.06077
COc1ccc2cc(C(C)C(=O)O)ccc2c1	Age	Elderly	-0.19396
COc1ccc2cc(C(C)C(=O)O)ccc2c1	Weight	Low	-0.22397
COc1ccc2cc(C(C)C(=O)O)ccc2c1	Weight	Average	-0.22066
COc1ccc2cc(C(C)C(=O)O)ccc2c1	Weight	High	-0.23416
NC(=O)c1ncn(C2OC(CO)C(O)C2O)c1O	Sex	Male	-0.07373
NC(=O)c1ncn(C2OC(CO)C(O)C2O)c1O	Sex	Female	-0.00292
NC(=O)c1ncn(C2OC(CO)C(O)C2O)c1O	Age	Children	-0.03473
NC(=O)c1ncn(C2OC(CO)C(O)C2O)c1O	Age	Adolescent	-0.01755
NC(=O)c1ncn(C2OC(CO)C(O)C2O)c1O	Age	Adult	-0.06477
NC(=O)c1ncn(C2OC(CO)C(O)C2O)c1O	Age	Elderly	-0.13944
NC(=O)c1ncn(C2OC(CO)C(O)C2O)c1O	Weight	Low	-0.21827
NC(=O)c1ncn(C2OC(CO)C(O)C2O)c1O	Weight	Average	-0.16453
NC(=O)c1ncn(C2OC(CO)C(O)C2O)c1O	Weight	High	-0.19846
NC(CCC(=O)O)C(=O)[O-]	Sex	Male	-0.15183
NC(CCC(=O)O)C(=O)[O-]	Sex	Female	-0.00685
NC(CCC(=O)O)C(=O)[O-]	Age	Children	-0.041
NC(CCC(=O)O)C(=O)[O-]	Age	Adolescent	-0.01248
NC(CCC(=O)O)C(=O)[O-]	Age	Adult	-0.06476
NC(CCC(=O)O)C(=O)[O-]	Age	Elderly	-0.20405
NC(CCC(=O)O)C(=O)[O-]	Weight	Low	-0.13886
NC(CCC(=O)O)C(=O)[O-]	Weight	Average	-0.1844
NC(CCC(=O)O)C(=O)[O-]	Weight	High	-0.21798
CC12CCC(=O)C=C1CCC1C2C(O)CC2(C)C1CCC2(O)C(=O)COC(=O)CCC(=O)O	Sex	Male	-0.0997
CC12CCC(=O)C=C1CCC1C2C(O)CC2(C)C1CCC2(O)C(=O)COC(=O)CCC(=O)O	Sex	Female	-0.01568
CC12CCC(=O)C=C1CCC1C2C(O)CC2(C)C1CCC2(O)C(=O)COC(=O)CCC(=O)O	Age	Children	-0.02207
CC12CCC(=O)C=C1CCC1C2C(O)CC2(C)C1CCC2(O)C(=O)COC(=O)CCC(=O)O	Age	Adolescent	-0.01274
CC12CCC(=O)C=C1CCC1C2C(O)CC2(C)C1CCC2(O)C(=O)COC(=O)CCC(=O)O	Age	Adult	-0.0734
CC12CCC(=O)C=C1CCC1C2C(O)CC2(C)C1CCC2(O)C(=O)COC(=O)CCC(=O)O	Age	Elderly	-0.17719
CC12CCC(=O)C=C1CCC1C2C(O)CC2(C)C1CCC2(O)C(=O)COC(=O)CCC(=O)O	Weight	Low	-0.26396
CC12CCC(=O)C=C1CCC1C2C(O)CC2(C)C1CCC2(O)C(=O)COC(=O)CCC(=O)O	Weight	Average	-0.21405
CC12CCC(=O)C=C1CCC1C2C(O)CC2(C)C1CCC2(O)C(=O)COC(=O)CCC(=O)O	Weight	High	-0.23771
C#CC1(O)C=CC2C3CCC4=CC(=O)CCC4C3CCC21CC	Sex	Male	-0.07876
C#CC1(O)C=CC2C3CCC4=CC(=O)CCC4C3CCC21CC	Sex	Female	-0.00339
C#CC1(O)C=CC2C3CCC4=CC(=O)CCC4C3CCC21CC	Age	Children	-0.02213
C#CC1(O)C=CC2C3CCC4=CC(=O)CCC4C3CCC21CC	Age	Adolescent	-0.02336
C#CC1(O)C=CC2C3CCC4=CC(=O)CCC4C3CCC21CC	Age	Adult	-0.05689
C#CC1(O)C=CC2C3CCC4=CC(=O)CCC4C3CCC21CC	Age	Elderly	-0.1382
C#CC1(O)C=CC2C3CCC4=CC(=O)CCC4C3CCC21CC	Weight	Low	-0.17421
C#CC1(O)C=CC2C3CCC4=CC(=O)CCC4C3CCC21CC	Weight	Average	-0.12601
C#CC1(O)C=CC2C3CCC4=CC(=O)CCC4C3CCC21CC	Weight	High	-0.19113
CN1c2c(nc(N)[nH]c2=O)NCC1CNc1ccc(C(=O)NC(CCC(=O)O)C(=O)O)cc1	Sex	Male	-0.14519
CN1c2c(nc(N)[nH]c2=O)NCC1CNc1ccc(C(=O)NC(CCC(=O)O)C(=O)O)cc1	Sex	Female	-0.00708
CN1c2c(nc(N)[nH]c2=O)NCC1CNc1ccc(C(=O)NC(CCC(=O)O)C(=O)O)cc1	Age	Children	-0.03455
CN1c2c(nc(N)[nH]c2=O)NCC1CNc1ccc(C(=O)NC(CCC(=O)O)C(=O)O)cc1	Age	Adolescent	-0.01855
CN1c2c(nc(N)[nH]c2=O)NCC1CNc1ccc(C(=O)NC(CCC(=O)O)C(=O)O)cc1	Age	Adult	-0.06591
CN1c2c(nc(N)[nH]c2=O)NCC1CNc1ccc(C(=O)NC(CCC(=O)O)C(=O)O)cc1	Age	Elderly	-0.16141
CN1c2c(nc(N)[nH]c2=O)NCC1CNc1ccc(C(=O)NC(CCC(=O)O)C(=O)O)cc1	Weight	Low	-0.20373
CN1c2c(nc(N)[nH]c2=O)NCC1CNc1ccc(C(=O)NC(CCC(=O)O)C(=O)O)cc1	Weight	Average	-0.15134
CN1c2c(nc(N)[nH]c2=O)NCC1CNc1ccc(C(=O)NC(CCC(=O)O)C(=O)O)cc1	Weight	High	-0.18198
O=C(O)c1ccncc1	Sex	Male	-0.13603
O=C(O)c1ccncc1	Sex	Female	-0.00645
O=C(O)c1ccncc1	Age	Children	-0.05056
O=C(O)c1ccncc1	Age	Adolescent	0.00768
O=C(O)c1ccncc1	Age	Adult	-0.06712
O=C(O)c1ccncc1	Age	Elderly	-0.20166
O=C(O)c1ccncc1	Weight	Low	-0.16534
O=C(O)c1ccncc1	Weight	Average	-0.21448
O=C(O)c1ccncc1	Weight	High	-0.22828
C#CC1(O)CCC2C3CCC4=CC(=O)CCC4C3CCC21CC	Sex	Male	-0.08292
C#CC1(O)CCC2C3CCC4=CC(=O)CCC4C3CCC21CC	Sex	Female	-0.00535
C#CC1(O)CCC2C3CCC4=CC(=O)CCC4C3CCC21CC	Age	Children	-0.01814
C#CC1(O)CCC2C3CCC4=CC(=O)CCC4C3CCC21CC	Age	Adolescent	-0.03141
C#CC1(O)CCC2C3CCC4=CC(=O)CCC4C3CCC21CC	Age	Adult	-0.06087
C#CC1(O)CCC2C3CCC4=CC(=O)CCC4C3CCC21CC	Age	Elderly	-0.17572
C#CC1(O)CCC2C3CCC4=CC(=O)CCC4C3CCC21CC	Weight	Low	-0.21621
C#CC1(O)CCC2C3CCC4=CC(=O)CCC4C3CCC21CC	Weight	Average	-0.18315
C#CC1(O)CCC2C3CCC4=CC(=O)CCC4C3CCC21CC	Weight	High	-0.24691
CC12CCC(=O)C=C1CCC1C2C(O)CC2(C)C1CCC2(O)C(=O)CO	Sex	Male	-0.08111
CC12CCC(=O)C=C1CCC1C2C(O)CC2(C)C1CCC2(O)C(=O)CO	Sex	Female	-0.0088
CC12CCC(=O)C=C1CCC1C2C(O)CC2(C)C1CCC2(O)C(=O)CO	Age	Children	-0.02726
CC12CCC(=O)C=C1CCC1C2C(O)CC2(C)C1CCC2(O)C(=O)CO	Age	Adolescent	-0.02191
CC12CCC(=O)C=C1CCC1C2C(O)CC2(C)C1CCC2(O)C(=O)CO	Age	Adult	-0.06349
CC12CCC(=O)C=C1CCC1C2C(O)CC2(C)C1CCC2(O)C(=O)CO	Age	Elderly	-0.15631
CC12CCC(=O)C=C1CCC1C2C(O)CC2(C)C1CCC2(O)C(=O)CO	Weight	Low	-0.23937
CC12CCC(=O)C=C1CCC1C2C(O)CC2(C)C1CCC2(O)C(=O)CO	Weight	Average	-0.2058
CC12CCC(=O)C=C1CCC1C2C(O)CC2(C)C1CCC2(O)C(=O)CO	Weight	High	-0.25083
CNC1CCc2[nH]c3ccc(C(N)=O)cc3c2C1	Sex	Male	-0.14181
CNC1CCc2[nH]c3ccc(C(N)=O)cc3c2C1	Sex	Female	-0.00677
CNC1CCc2[nH]c3ccc(C(N)=O)cc3c2C1	Age	Children	-0.04295
CNC1CCc2[nH]c3ccc(C(N)=O)cc3c2C1	Age	Adolescent	0.0038
CNC1CCc2[nH]c3ccc(C(N)=O)cc3c2C1	Age	Adult	-0.07101
CNC1CCc2[nH]c3ccc(C(N)=O)cc3c2C1	Age	Elderly	-0.17933
CNC1CCc2[nH]c3ccc(C(N)=O)cc3c2C1	Weight	Low	-0.24776
CNC1CCc2[nH]c3ccc(C(N)=O)cc3c2C1	Weight	Average	-0.17395
CNC1CCc2[nH]c3ccc(C(N)=O)cc3c2C1	Weight	High	-0.20986
O=C([O-])c1cc(=O)[nH]c(=O)[nH]1	Sex	Male	-0.11325
O=C([O-])c1cc(=O)[nH]c(=O)[nH]1	Sex	Female	-0.00678
O=C([O-])c1cc(=O)[nH]c(=O)[nH]1	Age	Children	-0.04086
O=C([O-])c1cc(=O)[nH]c(=O)[nH]1	Age	Adolescent	0.00581
O=C([O-])c1cc(=O)[nH]c(=O)[nH]1	Age	Adult	-0.08784
O=C([O-])c1cc(=O)[nH]c(=O)[nH]1	Age	Elderly	-0.22518
O=C([O-])c1cc(=O)[nH]c(=O)[nH]1	Weight	Low	-0.24127
O=C([O-])c1cc(=O)[nH]c(=O)[nH]1	Weight	Average	-0.19184
O=C([O-])c1cc(=O)[nH]c(=O)[nH]1	Weight	High	-0.22086
CC(=O)C1CCC2C3C=CC4=CC(=O)CCC4(C)C3CCC12C	Sex	Male	-0.09617
CC(=O)C1CCC2C3C=CC4=CC(=O)CCC4(C)C3CCC12C	Sex	Female	-0.00711
CC(=O)C1CCC2C3C=CC4=CC(=O)CCC4(C)C3CCC12C	Age	Children	-0.04552
CC(=O)C1CCC2C3C=CC4=CC(=O)CCC4(C)C3CCC12C	Age	Adolescent	-0.00872
CC(=O)C1CCC2C3C=CC4=CC(=O)CCC4(C)C3CCC12C	Age	Adult	-0.06784
CC(=O)C1CCC2C3C=CC4=CC(=O)CCC4(C)C3CCC12C	Age	Elderly	-0.13688
CC(=O)C1CCC2C3C=CC4=CC(=O)CCC4(C)C3CCC12C	Weight	Low	-0.22789
CC(=O)C1CCC2C3C=CC4=CC(=O)CCC4(C)C3CCC12C	Weight	Average	-0.19244
CC(=O)C1CCC2C3C=CC4=CC(=O)CCC4(C)C3CCC12C	Weight	High	-0.23227
CC12CCC3c4ccc(OS(=O)(=O)O)cc4CCC3C1CCC2=O	Sex	Male	-0.09488
CC12CCC3c4ccc(OS(=O)(=O)O)cc4CCC3C1CCC2=O	Sex	Female	-0.00892
CC12CCC3c4ccc(OS(=O)(=O)O)cc4CCC3C1CCC2=O	Age	Children	-0.03871
CC12CCC3c4ccc(OS(=O)(=O)O)cc4CCC3C1CCC2=O	Age	Adolescent	-0.01512
CC12CCC3c4ccc(OS(=O)(=O)O)cc4CCC3C1CCC2=O	Age	Adult	-0.0611
CC12CCC3c4ccc(OS(=O)(=O)O)cc4CCC3C1CCC2=O	Age	Elderly	-0.1965
CC12CCC3c4ccc(OS(=O)(=O)O)cc4CCC3C1CCC2=O	Weight	Low	-0.24701
CC12CCC3c4ccc(OS(=O)(=O)O)cc4CCC3C1CCC2=O	Weight	Average	-0.18206
CC12CCC3c4ccc(OS(=O)(=O)O)cc4CCC3C1CCC2=O	Weight	High	-0.23391
CCN(CCCCOC(=O)c1ccc(OC)c(OC)c1)C(C)Cc1ccc(OC)cc1	Sex	Male	-0.10099
CCN(CCCCOC(=O)c1ccc(OC)c(OC)c1)C(C)Cc1ccc(OC)cc1	Sex	Female	-0.00248
CCN(CCCCOC(=O)c1ccc(OC)c(OC)c1)C(C)Cc1ccc(OC)cc1	Age	Children	-0.058
CCN(CCCCOC(=O)c1ccc(OC)c(OC)c1)C(C)Cc1ccc(OC)cc1	Age	Adolescent	0.00237
CCN(CCCCOC(=O)c1ccc(OC)c(OC)c1)C(C)Cc1ccc(OC)cc1	Age	Adult	-0.03642
CCN(CCCCOC(=O)c1ccc(OC)c(OC)c1)C(C)Cc1ccc(OC)cc1	Age	Elderly	-0.17875
CCN(CCCCOC(=O)c1ccc(OC)c(OC)c1)C(C)Cc1ccc(OC)cc1	Weight	Low	-0.16532
CCN(CCCCOC(=O)c1ccc(OC)c(OC)c1)C(C)Cc1ccc(OC)cc1	Weight	Average	-0.1346
CCN(CCCCOC(=O)c1ccc(OC)c(OC)c1)C(C)Cc1ccc(OC)cc1	Weight	High	-0.19603
CN(C)CCc1c[nH]c2ccc(CC3COC(=O)N3)cc12	Sex	Male	-0.08976
CN(C)CCc1c[nH]c2ccc(CC3COC(=O)N3)cc12	Sex	Female	-0.00227
CN(C)CCc1c[nH]c2ccc(CC3COC(=O)N3)cc12	Age	Children	-0.03177
CN(C)CCc1c[nH]c2ccc(CC3COC(=O)N3)cc12	Age	Adolescent	0.00237
CN(C)CCc1c[nH]c2ccc(CC3COC(=O)N3)cc12	Age	Adult	-0.03602
CN(C)CCc1c[nH]c2ccc(CC3COC(=O)N3)cc12	Age	Elderly	-0.16753
CN(C)CCc1c[nH]c2ccc(CC3COC(=O)N3)cc12	Weight	Low	-0.16048
CN(C)CCc1c[nH]c2ccc(CC3COC(=O)N3)cc12	Weight	Average	-0.12206
CN(C)CCc1c[nH]c2ccc(CC3COC(=O)N3)cc12	Weight	High	-0.17127
Nc1ccc(C(=O)NCC(=O)O)cc1	Sex	Male	-0.12422
Nc1ccc(C(=O)NCC(=O)O)cc1	Sex	Female	-0.00645
Nc1ccc(C(=O)NCC(=O)O)cc1	Age	Children	-0.03125
Nc1ccc(C(=O)NCC(=O)O)cc1	Age	Adolescent	-0.00809
Nc1ccc(C(=O)NCC(=O)O)cc1	Age	Adult	-0.06189
Nc1ccc(C(=O)NCC(=O)O)cc1	Age	Elderly	-0.1551
Nc1ccc(C(=O)NCC(=O)O)cc1	Weight	Low	-0.14916
Nc1ccc(C(=O)NCC(=O)O)cc1	Weight	Average	-0.13728
Nc1ccc(C(=O)NCC(=O)O)cc1	Weight	High	-0.19793
O=C(O)C1=C(CSc2nnnn2CS(=O)(=O)O)CSC2C(NC(=O)C(O)c3ccccc3)C(=O)N12	Sex	Male	-0.08775
O=C(O)C1=C(CSc2nnnn2CS(=O)(=O)O)CSC2C(NC(=O)C(O)c3ccccc3)C(=O)N12	Sex	Female	-0.00275
O=C(O)C1=C(CSc2nnnn2CS(=O)(=O)O)CSC2C(NC(=O)C(O)c3ccccc3)C(=O)N12	Age	Children	-0.04208
O=C(O)C1=C(CSc2nnnn2CS(=O)(=O)O)CSC2C(NC(=O)C(O)c3ccccc3)C(=O)N12	Age	Adolescent	0.00247
O=C(O)C1=C(CSc2nnnn2CS(=O)(=O)O)CSC2C(NC(=O)C(O)c3ccccc3)C(=O)N12	Age	Adult	-0.05123
O=C(O)C1=C(CSc2nnnn2CS(=O)(=O)O)CSC2C(NC(=O)C(O)c3ccccc3)C(=O)N12	Age	Elderly	-0.21675
O=C(O)C1=C(CSc2nnnn2CS(=O)(=O)O)CSC2C(NC(=O)C(O)c3ccccc3)C(=O)N12	Weight	Low	-0.12686
O=C(O)C1=C(CSc2nnnn2CS(=O)(=O)O)CSC2C(NC(=O)C(O)c3ccccc3)C(=O)N12	Weight	Average	-0.15293
O=C(O)C1=C(CSc2nnnn2CS(=O)(=O)O)CSC2C(NC(=O)C(O)c3ccccc3)C(=O)N12	Weight	High	-0.19717
CC(C)NNC(=O)c1ccncc1	Sex	Male	-0.12376
CC(C)NNC(=O)c1ccncc1	Sex	Female	-0.00507
CC(C)NNC(=O)c1ccncc1	Age	Children	-0.02617
CC(C)NNC(=O)c1ccncc1	Age	Adolescent	-0.00016
CC(C)NNC(=O)c1ccncc1	Age	Adult	-0.04699
CC(C)NNC(=O)c1ccncc1	Age	Elderly	-0.16648
CC(C)NNC(=O)c1ccncc1	Weight	Low	-0.12884
CC(C)NNC(=O)c1ccncc1	Weight	Average	-0.14834
CC(C)NNC(=O)c1ccncc1	Weight	High	-0.2017
CC(=O)C1CCC2C3CCC4CC(O)CCC4(C)C3C(=O)CC12C	Sex	Male	-0.0815
CC(=O)C1CCC2C3CCC4CC(O)CCC4(C)C3C(=O)CC12C	Sex	Female	-0.00689
CC(=O)C1CCC2C3CCC4CC(O)CCC4(C)C3C(=O)CC12C	Age	Children	-0.04462
CC(=O)C1CCC2C3CCC4CC(O)CCC4(C)C3C(=O)CC12C	Age	Adolescent	-0.01626
CC(=O)C1CCC2C3CCC4CC(O)CCC4(C)C3C(=O)CC12C	Age	Adult	-0.06287
CC(=O)C1CCC2C3CCC4CC(O)CCC4(C)C3C(=O)CC12C	Age	Elderly	-0.18285
CC(=O)C1CCC2C3CCC4CC(O)CCC4(C)C3C(=O)CC12C	Weight	Low	-0.25064
CC(=O)C1CCC2C3CCC4CC(O)CCC4(C)C3C(=O)CC12C	Weight	Average	-0.20931
CC(=O)C1CCC2C3CCC4CC(O)CCC4(C)C3C(=O)CC12C	Weight	High	-0.24176
CC(O)C1C(=O)N2C(C(=O)O)=C(C3CCCO3)SC12	Sex	Male	-0.0784
CC(O)C1C(=O)N2C(C(=O)O)=C(C3CCCO3)SC12	Sex	Female	-0.0054
CC(O)C1C(=O)N2C(C(=O)O)=C(C3CCCO3)SC12	Age	Children	-0.02983
CC(O)C1C(=O)N2C(C(=O)O)=C(C3CCCO3)SC12	Age	Adolescent	-0.00472
CC(O)C1C(=O)N2C(C(=O)O)=C(C3CCCO3)SC12	Age	Adult	-0.03305
CC(O)C1C(=O)N2C(C(=O)O)=C(C3CCCO3)SC12	Age	Elderly	-0.13824
CC(O)C1C(=O)N2C(C(=O)O)=C(C3CCCO3)SC12	Weight	Low	-0.1792
CC(O)C1C(=O)N2C(C(=O)O)=C(C3CCCO3)SC12	Weight	Average	-0.12992
CC(O)C1C(=O)N2C(C(=O)O)=C(C3CCCO3)SC12	Weight	High	-0.16143
CC12C=CC(=O)C=C1CCC1C2C(O)CC2(C)C1CCC2(O)C(=O)COP(=O)(O)O	Sex	Male	-0.07622
CC12C=CC(=O)C=C1CCC1C2C(O)CC2(C)C1CCC2(O)C(=O)COP(=O)(O)O	Sex	Female	-0.00906
CC12C=CC(=O)C=C1CCC1C2C(O)CC2(C)C1CCC2(O)C(=O)COP(=O)(O)O	Age	Children	-0.02084
CC12C=CC(=O)C=C1CCC1C2C(O)CC2(C)C1CCC2(O)C(=O)COP(=O)(O)O	Age	Adolescent	-0.02982
CC12C=CC(=O)C=C1CCC1C2C(O)CC2(C)C1CCC2(O)C(=O)COP(=O)(O)O	Age	Adult	-0.06932
CC12C=CC(=O)C=C1CCC1C2C(O)CC2(C)C1CCC2(O)C(=O)COP(=O)(O)O	Age	Elderly	-0.14395
CC12C=CC(=O)C=C1CCC1C2C(O)CC2(C)C1CCC2(O)C(=O)COP(=O)(O)O	Weight	Low	-0.22429
CC12C=CC(=O)C=C1CCC1C2C(O)CC2(C)C1CCC2(O)C(=O)COP(=O)(O)O	Weight	Average	-0.14502
CC12C=CC(=O)C=C1CCC1C2C(O)CC2(C)C1CCC2(O)C(=O)COP(=O)(O)O	Weight	High	-0.2223
CC1CCC(C(C)C)C(O)C1	Sex	Male	-0.13782
CC1CCC(C(C)C)C(O)C1	Sex	Female	-0.00073
CC1CCC(C(C)C)C(O)C1	Age	Children	-0.02961
CC1CCC(C(C)C)C(O)C1	Age	Adolescent	-0.00217
CC1CCC(C(C)C)C(O)C1	Age	Adult	-0.05492
CC1CCC(C(C)C)C(O)C1	Age	Elderly	-0.17318
CC1CCC(C(C)C)C(O)C1	Weight	Low	-0.22048
CC1CCC(C(C)C)C(O)C1	Weight	Average	-0.16408
CC1CCC(C(C)C)C(O)C1	Weight	High	-0.25843
CCC1(C2=CCCCC2)C(=O)NC(=O)NC1=O	Sex	Male	-0.11235
CCC1(C2=CCCCC2)C(=O)NC(=O)NC1=O	Sex	Female	-0.00904
CCC1(C2=CCCCC2)C(=O)NC(=O)NC1=O	Age	Children	-0.03633
CCC1(C2=CCCCC2)C(=O)NC(=O)NC1=O	Age	Adolescent	-0.00343
CCC1(C2=CCCCC2)C(=O)NC(=O)NC1=O	Age	Adult	-0.07151
CCC1(C2=CCCCC2)C(=O)NC(=O)NC1=O	Age	Elderly	-0.26116
CCC1(C2=CCCCC2)C(=O)NC(=O)NC1=O	Weight	Low	-0.21274
CCC1(C2=CCCCC2)C(=O)NC(=O)NC1=O	Weight	Average	-0.18156
CCC1(C2=CCCCC2)C(=O)NC(=O)NC1=O	Weight	High	-0.28354
CCN1CCN(C(=O)NC(C(=O)NC2C(=O)N3C(C(=O)O)=C(CSc4nnnn4C)CSC23)c2ccc(O)cc2)C(=O)C1=O	Sex	Male	-0.10432
CCN1CCN(C(=O)NC(C(=O)NC2C(=O)N3C(C(=O)O)=C(CSc4nnnn4C)CSC23)c2ccc(O)cc2)C(=O)C1=O	Sex	Female	-0.00559
CCN1CCN(C(=O)NC(C(=O)NC2C(=O)N3C(C(=O)O)=C(CSc4nnnn4C)CSC23)c2ccc(O)cc2)C(=O)C1=O	Age	Children	-0.04885
CCN1CCN(C(=O)NC(C(=O)NC2C(=O)N3C(C(=O)O)=C(CSc4nnnn4C)CSC23)c2ccc(O)cc2)C(=O)C1=O	Age	Adolescent	-0.00759
CCN1CCN(C(=O)NC(C(=O)NC2C(=O)N3C(C(=O)O)=C(CSc4nnnn4C)CSC23)c2ccc(O)cc2)C(=O)C1=O	Age	Adult	-0.04758
CCN1CCN(C(=O)NC(C(=O)NC2C(=O)N3C(C(=O)O)=C(CSc4nnnn4C)CSC23)c2ccc(O)cc2)C(=O)C1=O	Age	Elderly	-0.21937
CCN1CCN(C(=O)NC(C(=O)NC2C(=O)N3C(C(=O)O)=C(CSc4nnnn4C)CSC23)c2ccc(O)cc2)C(=O)C1=O	Weight	Low	-0.12899
CCN1CCN(C(=O)NC(C(=O)NC2C(=O)N3C(C(=O)O)=C(CSc4nnnn4C)CSC23)c2ccc(O)cc2)C(=O)C1=O	Weight	Average	-0.14385
CCN1CCN(C(=O)NC(C(=O)NC2C(=O)N3C(C(=O)O)=C(CSc4nnnn4C)CSC23)c2ccc(O)cc2)C(=O)C1=O	Weight	High	-0.22452
O=C(O)CCCC=CCC1C(O)CC(O)C1SCC(O)COc1cccc(Cl)c1	Sex	Male	-0.06281
O=C(O)CCCC=CCC1C(O)CC(O)C1SCC(O)COc1cccc(Cl)c1	Sex	Female	-0.00209
O=C(O)CCCC=CCC1C(O)CC(O)C1SCC(O)COc1cccc(Cl)c1	Age	Children	-0.0242
O=C(O)CCCC=CCC1C(O)CC(O)C1SCC(O)COc1cccc(Cl)c1	Age	Adolescent	-0.00734
O=C(O)CCCC=CCC1C(O)CC(O)C1SCC(O)COc1cccc(Cl)c1	Age	Adult	-0.03397
O=C(O)CCCC=CCC1C(O)CC(O)C1SCC(O)COc1cccc(Cl)c1	Age	Elderly	-0.0978
O=C(O)CCCC=CCC1C(O)CC(O)C1SCC(O)COc1cccc(Cl)c1	Weight	Low	-0.1352
O=C(O)CCCC=CCC1C(O)CC(O)C1SCC(O)COc1cccc(Cl)c1	Weight	Average	-0.12761
O=C(O)CCCC=CCC1C(O)CC(O)C1SCC(O)COc1cccc(Cl)c1	Weight	High	-0.17993
O=C(O)CCCCC1SCC2NC(=O)NC21	Sex	Male	-0.08116
O=C(O)CCCCC1SCC2NC(=O)NC21	Sex	Female	-0.00011
O=C(O)CCCCC1SCC2NC(=O)NC21	Age	Children	-0.03318
O=C(O)CCCCC1SCC2NC(=O)NC21	Age	Adolescent	-0.00293
O=C(O)CCCCC1SCC2NC(=O)NC21	Age	Adult	-0.04035
O=C(O)CCCCC1SCC2NC(=O)NC21	Age	Elderly	-0.11979
O=C(O)CCCCC1SCC2NC(=O)NC21	Weight	Low	-0.11687
O=C(O)CCCCC1SCC2NC(=O)NC21	Weight	Average	-0.11868
O=C(O)CCCCC1SCC2NC(=O)NC21	Weight	High	-0.17311
O=C(O)CSC(SCC(=O)O)SCC(=O)O	Sex	Male	-0.07853
O=C(O)CSC(SCC(=O)O)SCC(=O)O	Sex	Female	-0.00477
O=C(O)CSC(SCC(=O)O)SCC(=O)O	Age	Children	-0.02455
O=C(O)CSC(SCC(=O)O)SCC(=O)O	Age	Adolescent	-0.00312
O=C(O)CSC(SCC(=O)O)SCC(=O)O	Age	Adult	-0.04782
O=C(O)CSC(SCC(=O)O)SCC(=O)O	Age	Elderly	-0.12543
O=C(O)CSC(SCC(=O)O)SCC(=O)O	Weight	Low	-0.18838
O=C(O)CSC(SCC(=O)O)SCC(=O)O	Weight	Average	-0.12587
O=C(O)CSC(SCC(=O)O)SCC(=O)O	Weight	High	-0.16256
C=C1CC2C3CCC4=CC(=O)CCC4C3CCC2(C)C1(OC(C)=O)C(C)=O	Sex	Male	-0.07929
C=C1CC2C3CCC4=CC(=O)CCC4C3CCC2(C)C1(OC(C)=O)C(C)=O	Sex	Female	-0.00787
C=C1CC2C3CCC4=CC(=O)CCC4C3CCC2(C)C1(OC(C)=O)C(C)=O	Age	Children	-0.03192
C=C1CC2C3CCC4=CC(=O)CCC4C3CCC2(C)C1(OC(C)=O)C(C)=O	Age	Adolescent	-0.01417
C=C1CC2C3CCC4=CC(=O)CCC4C3CCC2(C)C1(OC(C)=O)C(C)=O	Age	Adult	-0.06348
C=C1CC2C3CCC4=CC(=O)CCC4C3CCC2(C)C1(OC(C)=O)C(C)=O	Age	Elderly	-0.14773
C=C1CC2C3CCC4=CC(=O)CCC4C3CCC2(C)C1(OC(C)=O)C(C)=O	Weight	Low	-0.172
C=C1CC2C3CCC4=CC(=O)CCC4C3CCC2(C)C1(OC(C)=O)C(C)=O	Weight	Average	-0.13585
C=C1CC2C3CCC4=CC(=O)CCC4C3CCC2(C)C1(OC(C)=O)C(C)=O	Weight	High	-0.16806
CC(N)C(O)c1ccccc1	Sex	Male	-0.13345
CC(N)C(O)c1ccccc1	Sex	Female	-0.00272
CC(N)C(O)c1ccccc1	Age	Children	-0.03683
CC(N)C(O)c1ccccc1	Age	Adolescent	-0.00598
CC(N)C(O)c1ccccc1	Age	Adult	-0.04833
CC(N)C(O)c1ccccc1	Age	Elderly	-0.18175
CC(N)C(O)c1ccccc1	Weight	Low	-0.12422
CC(N)C(O)c1ccccc1	Weight	Average	-0.17634
CC(N)C(O)c1ccccc1	Weight	High	-0.22881
CC(O)C(N)C(=O)N1CCCC1C(=O)N1CCCC1C(=O)NC(C(N)=O)C(C)O	Sex	Male	-0.10289
CC(O)C(N)C(=O)N1CCCC1C(=O)N1CCCC1C(=O)NC(C(N)=O)C(C)O	Sex	Female	-0.00357
CC(O)C(N)C(=O)N1CCCC1C(=O)N1CCCC1C(=O)NC(C(N)=O)C(C)O	Age	Children	-0.03409
CC(O)C(N)C(=O)N1CCCC1C(=O)N1CCCC1C(=O)NC(C(N)=O)C(C)O	Age	Adolescent	0.00668
CC(O)C(N)C(=O)N1CCCC1C(=O)N1CCCC1C(=O)NC(C(N)=O)C(C)O	Age	Adult	-0.04552
CC(O)C(N)C(=O)N1CCCC1C(=O)N1CCCC1C(=O)NC(C(N)=O)C(C)O	Age	Elderly	-0.12966
CC(O)C(N)C(=O)N1CCCC1C(=O)N1CCCC1C(=O)NC(C(N)=O)C(C)O	Weight	Low	-0.13631
CC(O)C(N)C(=O)N1CCCC1C(=O)N1CCCC1C(=O)NC(C(N)=O)C(C)O	Weight	Average	-0.13567
CC(O)C(N)C(=O)N1CCCC1C(=O)N1CCCC1C(=O)NC(C(N)=O)C(C)O	Weight	High	-0.15146
CC1(C(=O)O)CCC2(C)CCC3(C)C(=CC(=O)C4C5(C)CCC(O)C(C)(C)C5CCC43C)C2C1	Sex	Male	-0.10563
CC1(C(=O)O)CCC2(C)CCC3(C)C(=CC(=O)C4C5(C)CCC(O)C(C)(C)C5CCC43C)C2C1	Sex	Female	-0.007
CC1(C(=O)O)CCC2(C)CCC3(C)C(=CC(=O)C4C5(C)CCC(O)C(C)(C)C5CCC43C)C2C1	Age	Children	-0.04675
CC1(C(=O)O)CCC2(C)CCC3(C)C(=CC(=O)C4C5(C)CCC(O)C(C)(C)C5CCC43C)C2C1	Age	Adolescent	-0.0114
CC1(C(=O)O)CCC2(C)CCC3(C)C(=CC(=O)C4C5(C)CCC(O)C(C)(C)C5CCC43C)C2C1	Age	Adult	-0.0821
CC1(C(=O)O)CCC2(C)CCC3(C)C(=CC(=O)C4C5(C)CCC(O)C(C)(C)C5CCC43C)C2C1	Age	Elderly	-0.08041
CC1(C(=O)O)CCC2(C)CCC3(C)C(=CC(=O)C4C5(C)CCC(O)C(C)(C)C5CCC43C)C2C1	Weight	Low	-0.21575
CC1(C(=O)O)CCC2(C)CCC3(C)C(=CC(=O)C4C5(C)CCC(O)C(C)(C)C5CCC43C)C2C1	Weight	Average	-0.1874
CC1(C(=O)O)CCC2(C)CCC3(C)C(=CC(=O)C4C5(C)CCC(O)C(C)(C)C5CCC43C)C2C1	Weight	High	-0.17938
CCCCc1nc(C)c(CC(=S)N(C)C)c(=O)n1Cc1ccc(-c2ccccc2-c2nn[nH]n2)cc1	Sex	Male	-0.11433
CCCCc1nc(C)c(CC(=S)N(C)C)c(=O)n1Cc1ccc(-c2ccccc2-c2nn[nH]n2)cc1	Sex	Female	-0.00491
CCCCc1nc(C)c(CC(=S)N(C)C)c(=O)n1Cc1ccc(-c2ccccc2-c2nn[nH]n2)cc1	Age	Children	-0.03254
CCCCc1nc(C)c(CC(=S)N(C)C)c(=O)n1Cc1ccc(-c2ccccc2-c2nn[nH]n2)cc1	Age	Adolescent	-0.00668
CCCCc1nc(C)c(CC(=S)N(C)C)c(=O)n1Cc1ccc(-c2ccccc2-c2nn[nH]n2)cc1	Age	Adult	-0.06204
CCCCc1nc(C)c(CC(=S)N(C)C)c(=O)n1Cc1ccc(-c2ccccc2-c2nn[nH]n2)cc1	Age	Elderly	-0.14196
CCCCc1nc(C)c(CC(=S)N(C)C)c(=O)n1Cc1ccc(-c2ccccc2-c2nn[nH]n2)cc1	Weight	Low	-0.20769
CCCCc1nc(C)c(CC(=S)N(C)C)c(=O)n1Cc1ccc(-c2ccccc2-c2nn[nH]n2)cc1	Weight	Average	-0.13684
CCCCc1nc(C)c(CC(=S)N(C)C)c(=O)n1Cc1ccc(-c2ccccc2-c2nn[nH]n2)cc1	Weight	High	-0.20713
Cc1ccn(-c2cc(Cl)ccc2C(Oc2cc(-c3ccc(CC(N)C(=O)O)cc3)nc(N)n2)C(F)(F)F)n1	Sex	Male	-0.08168
Cc1ccn(-c2cc(Cl)ccc2C(Oc2cc(-c3ccc(CC(N)C(=O)O)cc3)nc(N)n2)C(F)(F)F)n1	Sex	Female	-0.00496
Cc1ccn(-c2cc(Cl)ccc2C(Oc2cc(-c3ccc(CC(N)C(=O)O)cc3)nc(N)n2)C(F)(F)F)n1	Age	Children	-0.01899
Cc1ccn(-c2cc(Cl)ccc2C(Oc2cc(-c3ccc(CC(N)C(=O)O)cc3)nc(N)n2)C(F)(F)F)n1	Age	Adolescent	-0.00283
Cc1ccn(-c2cc(Cl)ccc2C(Oc2cc(-c3ccc(CC(N)C(=O)O)cc3)nc(N)n2)C(F)(F)F)n1	Age	Adult	-0.05387
Cc1ccn(-c2cc(Cl)ccc2C(Oc2cc(-c3ccc(CC(N)C(=O)O)cc3)nc(N)n2)C(F)(F)F)n1	Age	Elderly	-0.16714
Cc1ccn(-c2cc(Cl)ccc2C(Oc2cc(-c3ccc(CC(N)C(=O)O)cc3)nc(N)n2)C(F)(F)F)n1	Weight	Low	-0.1645
Cc1ccn(-c2cc(Cl)ccc2C(Oc2cc(-c3ccc(CC(N)C(=O)O)cc3)nc(N)n2)C(F)(F)F)n1	Weight	Average	-0.12048
Cc1ccn(-c2cc(Cl)ccc2C(Oc2cc(-c3ccc(CC(N)C(=O)O)cc3)nc(N)n2)C(F)(F)F)n1	Weight	High	-0.15665
CC(C)(Oc1ccccc1)C(=O)O	Sex	Male	-0.21424
CC(C)(Oc1ccccc1)C(=O)O	Sex	Female	-0.05704
CC(C)(Oc1ccccc1)C(=O)O	Age	Children	-0.25835
CC(C)(Oc1ccccc1)C(=O)O	Age	Adolescent	-0.12131
CC(C)(Oc1ccccc1)C(=O)O	Age	Adult	-0.11368
CC(C)(Oc1ccccc1)C(=O)O	Age	Elderly	-0.3757
CC(C)(Oc1ccccc1)C(=O)O	Weight	Low	-0.21096
CC(C)(Oc1ccccc1)C(=O)O	Weight	Average	-0.30547
CC(C)(Oc1ccccc1)C(=O)O	Weight	High	-0.1996
CC(C)[N+](C)(CCC(C(N)=O)(c1ccccc1)c1ccccc1)C(C)C	Sex	Male	-0.05859
CC(C)[N+](C)(CCC(C(N)=O)(c1ccccc1)c1ccccc1)C(C)C	Sex	Female	-0.01479
CC(C)[N+](C)(CCC(C(N)=O)(c1ccccc1)c1ccccc1)C(C)C	Age	Children	-0.12797
CC(C)[N+](C)(CCC(C(N)=O)(c1ccccc1)c1ccccc1)C(C)C	Age	Adolescent	-0.02349
CC(C)[N+](C)(CCC(C(N)=O)(c1ccccc1)c1ccccc1)C(C)C	Age	Adult	-0.0723
CC(C)[N+](C)(CCC(C(N)=O)(c1ccccc1)c1ccccc1)C(C)C	Age	Elderly	-0.19188
CC(C)[N+](C)(CCC(C(N)=O)(c1ccccc1)c1ccccc1)C(C)C	Weight	Low	-0.20462
CC(C)[N+](C)(CCC(C(N)=O)(c1ccccc1)c1ccccc1)C(C)C	Weight	Average	-0.23508
CC(C)[N+](C)(CCC(C(N)=O)(c1ccccc1)c1ccccc1)C(C)C	Weight	High	-0.25649
CC(C)c1ccccc1OCC1=NCCN1	Sex	Male	-0.14904
CC(C)c1ccccc1OCC1=NCCN1	Sex	Female	-0.05924
CC(C)c1ccccc1OCC1=NCCN1	Age	Children	-0.1931
CC(C)c1ccccc1OCC1=NCCN1	Age	Adolescent	-0.05925
CC(C)c1ccccc1OCC1=NCCN1	Age	Adult	-0.18759
CC(C)c1ccccc1OCC1=NCCN1	Age	Elderly	-0.22315
CC(C)c1ccccc1OCC1=NCCN1	Weight	Low	-0.25599
CC(C)c1ccccc1OCC1=NCCN1	Weight	Average	-0.22442
CC(C)c1ccccc1OCC1=NCCN1	Weight	High	-0.31784
CC(NCCn1cnc2c1c(=O)n(C)c(=O)n2C)C(O)c1ccccc1	Sex	Male	-0.11036
CC(NCCn1cnc2c1c(=O)n(C)c(=O)n2C)C(O)c1ccccc1	Sex	Female	-0.04901
CC(NCCn1cnc2c1c(=O)n(C)c(=O)n2C)C(O)c1ccccc1	Age	Children	-0.15522
CC(NCCn1cnc2c1c(=O)n(C)c(=O)n2C)C(O)c1ccccc1	Age	Adolescent	-0.16648
CC(NCCn1cnc2c1c(=O)n(C)c(=O)n2C)C(O)c1ccccc1	Age	Adult	-0.08561
CC(NCCn1cnc2c1c(=O)n(C)c(=O)n2C)C(O)c1ccccc1	Age	Elderly	-0.18898
CC(NCCn1cnc2c1c(=O)n(C)c(=O)n2C)C(O)c1ccccc1	Weight	Low	-0.25291
CC(NCCn1cnc2c1c(=O)n(C)c(=O)n2C)C(O)c1ccccc1	Weight	Average	-0.24612
CC(NCCn1cnc2c1c(=O)n(C)c(=O)n2C)C(O)c1ccccc1	Weight	High	-0.40707
CC1(C)SC2C(NC(=O)COc3ccccc3)C(=O)N2C1C(=O)O	Sex	Male	-0.12481
CC1(C)SC2C(NC(=O)COc3ccccc3)C(=O)N2C1C(=O)O	Sex	Female	-0.03769
CC1(C)SC2C(NC(=O)COc3ccccc3)C(=O)N2C1C(=O)O	Age	Children	-0.24953
CC1(C)SC2C(NC(=O)COc3ccccc3)C(=O)N2C1C(=O)O	Age	Adolescent	-0.22002
CC1(C)SC2C(NC(=O)COc3ccccc3)C(=O)N2C1C(=O)O	Age	Adult	-0.06683
CC1(C)SC2C(NC(=O)COc3ccccc3)C(=O)N2C1C(=O)O	Age	Elderly	-0.33516
CC1(C)SC2C(NC(=O)COc3ccccc3)C(=O)N2C1C(=O)O	Weight	Low	-0.42524
CC1(C)SC2C(NC(=O)COc3ccccc3)C(=O)N2C1C(=O)O	Weight	Average	-0.40557
CC1(C)SC2C(NC(=O)COc3ccccc3)C(=O)N2C1C(=O)O	Weight	High	-0.46891
CCC(=O)NCC1CC1c1cccc2c1CCO2	Sex	Male	-0.17586
CCC(=O)NCC1CC1c1cccc2c1CCO2	Sex	Female	-0.05629
CCC(=O)NCC1CC1c1cccc2c1CCO2	Age	Children	-0.14425
CCC(=O)NCC1CC1c1cccc2c1CCO2	Age	Adolescent	-0.2019
CCC(=O)NCC1CC1c1cccc2c1CCO2	Age	Adult	-0.11362
CCC(=O)NCC1CC1c1cccc2c1CCO2	Age	Elderly	-0.34263
CCC(=O)NCC1CC1c1cccc2c1CCO2	Weight	Low	-0.41668
CCC(=O)NCC1CC1c1cccc2c1CCO2	Weight	Average	-0.41961
CCC(=O)NCC1CC1c1cccc2c1CCO2	Weight	High	-0.5534
CCCCCC(O)CCC1C(O)CC2Cc3c(cccc3OCC(=O)O)CC21	Sex	Male	-0.07902
CCCCCC(O)CCC1C(O)CC2Cc3c(cccc3OCC(=O)O)CC21	Sex	Female	-0.0123
CCCCCC(O)CCC1C(O)CC2Cc3c(cccc3OCC(=O)O)CC21	Age	Children	-0.13998
CCCCCC(O)CCC1C(O)CC2Cc3c(cccc3OCC(=O)O)CC21	Age	Adolescent	-0.14321
CCCCCC(O)CCC1C(O)CC2Cc3c(cccc3OCC(=O)O)CC21	Age	Adult	-0.06067
CCCCCC(O)CCC1C(O)CC2Cc3c(cccc3OCC(=O)O)CC21	Age	Elderly	-0.12558
CCCCCC(O)CCC1C(O)CC2Cc3c(cccc3OCC(=O)O)CC21	Weight	Low	-0.24116
CCCCCC(O)CCC1C(O)CC2Cc3c(cccc3OCC(=O)O)CC21	Weight	Average	-0.24383
CCCCCC(O)CCC1C(O)CC2Cc3c(cccc3OCC(=O)O)CC21	Weight	High	-0.46316
CCCCN1CCCCC1C(=O)Nc1c(C)cccc1C	Sex	Male	-0.16316
CCCCN1CCCCC1C(=O)Nc1c(C)cccc1C	Sex	Female	-0.0626
CCCCN1CCCCC1C(=O)Nc1c(C)cccc1C	Age	Children	-0.25991
CCCCN1CCCCC1C(=O)Nc1c(C)cccc1C	Age	Adolescent	-0.11205
CCCCN1CCCCC1C(=O)Nc1c(C)cccc1C	Age	Adult	-0.04789
CCCCN1CCCCC1C(=O)Nc1c(C)cccc1C	Age	Elderly	-0.22674
CCCCN1CCCCC1C(=O)Nc1c(C)cccc1C	Weight	Low	-0.20464
CCCCN1CCCCC1C(=O)Nc1c(C)cccc1C	Weight	Average	-0.25343
CCCCN1CCCCC1C(=O)Nc1c(C)cccc1C	Weight	High	-0.33059
CCCN(CCC)C(=O)C(Cc1ccc(OCCN(CC)CC)cc1)NC(=O)c1ccccc1	Sex	Male	-0.19111
CCCN(CCC)C(=O)C(Cc1ccc(OCCN(CC)CC)cc1)NC(=O)c1ccccc1	Sex	Female	-0.06472
CCCN(CCC)C(=O)C(Cc1ccc(OCCN(CC)CC)cc1)NC(=O)c1ccccc1	Age	Children	-0.19399
CCCN(CCC)C(=O)C(Cc1ccc(OCCN(CC)CC)cc1)NC(=O)c1ccccc1	Age	Adolescent	-0.12122
CCCN(CCC)C(=O)C(Cc1ccc(OCCN(CC)CC)cc1)NC(=O)c1ccccc1	Age	Adult	-0.0516
CCCN(CCC)C(=O)C(Cc1ccc(OCCN(CC)CC)cc1)NC(=O)c1ccccc1	Age	Elderly	-0.25671
CCCN(CCC)C(=O)C(Cc1ccc(OCCN(CC)CC)cc1)NC(=O)c1ccccc1	Weight	Low	-0.1612
CCCN(CCC)C(=O)C(Cc1ccc(OCCN(CC)CC)cc1)NC(=O)c1ccccc1	Weight	Average	-0.14637
CCCN(CCC)C(=O)C(Cc1ccc(OCCN(CC)CC)cc1)NC(=O)c1ccccc1	Weight	High	-0.32005
CCOC(=O)C(CCc1ccccc1)NC1CSC(c2cccs2)CN(CC(=O)O)C1=O	Sex	Male	-0.12371
CCOC(=O)C(CCc1ccccc1)NC1CSC(c2cccs2)CN(CC(=O)O)C1=O	Sex	Female	-0.01077
CCOC(=O)C(CCc1ccccc1)NC1CSC(c2cccs2)CN(CC(=O)O)C1=O	Age	Children	-0.14866
CCOC(=O)C(CCc1ccccc1)NC1CSC(c2cccs2)CN(CC(=O)O)C1=O	Age	Adolescent	-0.10832
CCOC(=O)C(CCc1ccccc1)NC1CSC(c2cccs2)CN(CC(=O)O)C1=O	Age	Adult	-0.14111
CCOC(=O)C(CCc1ccccc1)NC1CSC(c2cccs2)CN(CC(=O)O)C1=O	Age	Elderly	-0.28404
CCOC(=O)C(CCc1ccccc1)NC1CSC(c2cccs2)CN(CC(=O)O)C1=O	Weight	Low	-0.25075
CCOC(=O)C(CCc1ccccc1)NC1CSC(c2cccs2)CN(CC(=O)O)C1=O	Weight	Average	-0.23367
CCOC(=O)C(CCc1ccccc1)NC1CSC(c2cccs2)CN(CC(=O)O)C1=O	Weight	High	-0.25524
CCOC(=O)C1=CC(OC(CC)CC)C(NC(C)=O)C(N)C1	Sex	Male	-0.14587
CCOC(=O)C1=CC(OC(CC)CC)C(NC(C)=O)C(N)C1	Sex	Female	-0.02345
CCOC(=O)C1=CC(OC(CC)CC)C(NC(C)=O)C(N)C1	Age	Children	-0.2319
CCOC(=O)C1=CC(OC(CC)CC)C(NC(C)=O)C(N)C1	Age	Adolescent	-0.23669
CCOC(=O)C1=CC(OC(CC)CC)C(NC(C)=O)C(N)C1	Age	Adult	-0.04667
CCOC(=O)C1=CC(OC(CC)CC)C(NC(C)=O)C(N)C1	Age	Elderly	-0.2957
CCOC(=O)C1=CC(OC(CC)CC)C(NC(C)=O)C(N)C1	Weight	Low	-0.26791
CCOC(=O)C1=CC(OC(CC)CC)C(NC(C)=O)C(N)C1	Weight	Average	-0.23733
CCOC(=O)C1=CC(OC(CC)CC)C(NC(C)=O)C(N)C1	Weight	High	-0.28226
CCOC(=O)C1=CC2(CC)CCCN3CCc4c(n1c1ccccc41)C32	Sex	Male	-0.19445
CCOC(=O)C1=CC2(CC)CCCN3CCc4c(n1c1ccccc41)C32	Sex	Female	-0.04256
CCOC(=O)C1=CC2(CC)CCCN3CCc4c(n1c1ccccc41)C32	Age	Children	-0.28103
CCOC(=O)C1=CC2(CC)CCCN3CCc4c(n1c1ccccc41)C32	Age	Adolescent	-0.17359
CCOC(=O)C1=CC2(CC)CCCN3CCc4c(n1c1ccccc41)C32	Age	Adult	-0.0903
CCOC(=O)C1=CC2(CC)CCCN3CCc4c(n1c1ccccc41)C32	Age	Elderly	-0.36134
CCOC(=O)C1=CC2(CC)CCCN3CCc4c(n1c1ccccc41)C32	Weight	Low	-0.29404
CCOC(=O)C1=CC2(CC)CCCN3CCc4c(n1c1ccccc41)C32	Weight	Average	-0.20666
CCOC(=O)C1=CC2(CC)CCCN3CCc4c(n1c1ccccc41)C32	Weight	High	-0.36064
CN(C)C(=O)C(CCN1CCC(O)(c2ccc(Cl)cc2)CC1)(c1ccccc1)c1ccccc1	Sex	Male	-0.23097
CN(C)C(=O)C(CCN1CCC(O)(c2ccc(Cl)cc2)CC1)(c1ccccc1)c1ccccc1	Sex	Female	-0.00765
CN(C)C(=O)C(CCN1CCC(O)(c2ccc(Cl)cc2)CC1)(c1ccccc1)c1ccccc1	Age	Children	-0.14793
CN(C)C(=O)C(CCN1CCC(O)(c2ccc(Cl)cc2)CC1)(c1ccccc1)c1ccccc1	Age	Adolescent	-0.07167
CN(C)C(=O)C(CCN1CCC(O)(c2ccc(Cl)cc2)CC1)(c1ccccc1)c1ccccc1	Age	Adult	-0.08436
CN(C)C(=O)C(CCN1CCC(O)(c2ccc(Cl)cc2)CC1)(c1ccccc1)c1ccccc1	Age	Elderly	-0.20216
CN(C)C(=O)C(CCN1CCC(O)(c2ccc(Cl)cc2)CC1)(c1ccccc1)c1ccccc1	Weight	Low	-0.36088
CN(C)C(=O)C(CCN1CCC(O)(c2ccc(Cl)cc2)CC1)(c1ccccc1)c1ccccc1	Weight	Average	-0.25276
CN(C)C(=O)C(CCN1CCC(O)(c2ccc(Cl)cc2)CC1)(c1ccccc1)c1ccccc1	Weight	High	-0.26307
CN(C)CCC=C1c2ccccc2COc2ccc(CC(=O)O)cc21	Sex	Male	-0.16218
CN(C)CCC=C1c2ccccc2COc2ccc(CC(=O)O)cc21	Sex	Female	-0.01632
CN(C)CCC=C1c2ccccc2COc2ccc(CC(=O)O)cc21	Age	Children	-0.14812
CN(C)CCC=C1c2ccccc2COc2ccc(CC(=O)O)cc21	Age	Adolescent	-0.05329
CN(C)CCC=C1c2ccccc2COc2ccc(CC(=O)O)cc21	Age	Adult	-0.08966
CN(C)CCC=C1c2ccccc2COc2ccc(CC(=O)O)cc21	Age	Elderly	-0.29622
CN(C)CCC=C1c2ccccc2COc2ccc(CC(=O)O)cc21	Weight	Low	-0.45104
CN(C)CCC=C1c2ccccc2COc2ccc(CC(=O)O)cc21	Weight	Average	-0.2799
CN(C)CCC=C1c2ccccc2COc2ccc(CC(=O)O)cc21	Weight	High	-0.21318
CN(C)CCCN1c2ccccc2CCc2ccc(Cl)cc21	Sex	Male	-0.06846
CN(C)CCCN1c2ccccc2CCc2ccc(Cl)cc21	Sex	Female	-0.00131
CN(C)CCCN1c2ccccc2CCc2ccc(Cl)cc21	Age	Children	-0.07
CN(C)CCCN1c2ccccc2CCc2ccc(Cl)cc21	Age	Adolescent	-0.0269
CN(C)CCCN1c2ccccc2CCc2ccc(Cl)cc21	Age	Adult	-0.05091
CN(C)CCCN1c2ccccc2CCc2ccc(Cl)cc21	Age	Elderly	-0.17576
CN(C)CCCN1c2ccccc2CCc2ccc(Cl)cc21	Weight	Low	-0.33794
CN(C)CCCN1c2ccccc2CCc2ccc(Cl)cc21	Weight	Average	-0.2168
CN(C)CCCN1c2ccccc2CCc2ccc(Cl)cc21	Weight	High	-0.34972
CN1C(=O)CN=C(c2ccccc2)c2cc([N+](=O)[O-])ccc21	Sex	Male	-0.08803
CN1C(=O)CN=C(c2ccccc2)c2cc([N+](=O)[O-])ccc21	Sex	Female	-0.02485
CN1C(=O)CN=C(c2ccccc2)c2cc([N+](=O)[O-])ccc21	Age	Children	-0.1707
CN1C(=O)CN=C(c2ccccc2)c2cc([N+](=O)[O-])ccc21	Age	Adolescent	-0.11238
CN1C(=O)CN=C(c2ccccc2)c2cc([N+](=O)[O-])ccc21	Age	Adult	-0.10087
CN1C(=O)CN=C(c2ccccc2)c2cc([N+](=O)[O-])ccc21	Age	Elderly	-0.27776
CN1C(=O)CN=C(c2ccccc2)c2cc([N+](=O)[O-])ccc21	Weight	Low	-0.32076
CN1C(=O)CN=C(c2ccccc2)c2cc([N+](=O)[O-])ccc21	Weight	Average	-0.33425
CN1C(=O)CN=C(c2ccccc2)c2cc([N+](=O)[O-])ccc21	Weight	High	-0.22799
CN1C2CCC1CC(OC(=O)C(O)c1ccccc1)C2	Sex	Male	-0.21599
CN1C2CCC1CC(OC(=O)C(O)c1ccccc1)C2	Sex	Female	-0.04198
CN1C2CCC1CC(OC(=O)C(O)c1ccccc1)C2	Age	Children	-0.18527
CN1C2CCC1CC(OC(=O)C(O)c1ccccc1)C2	Age	Adolescent	-0.19897
CN1C2CCC1CC(OC(=O)C(O)c1ccccc1)C2	Age	Adult	-0.03688
CN1C2CCC1CC(OC(=O)C(O)c1ccccc1)C2	Age	Elderly	-0.26398
CN1C2CCC1CC(OC(=O)C(O)c1ccccc1)C2	Weight	Low	-0.37493
CN1C2CCC1CC(OC(=O)C(O)c1ccccc1)C2	Weight	Average	-0.26205
CN1C2CCC1CC(OC(=O)C(O)c1ccccc1)C2	Weight	High	-0.29453
CN1CCC(=C2c3ccccc3C=Cc3ccccc32)CC1	Sex	Male	-0.07099
CN1CCC(=C2c3ccccc3C=Cc3ccccc32)CC1	Sex	Female	-0.02588
CN1CCC(=C2c3ccccc3C=Cc3ccccc32)CC1	Age	Children	-0.11747
CN1CCC(=C2c3ccccc3C=Cc3ccccc32)CC1	Age	Adolescent	-0.0186
CN1CCC(=C2c3ccccc3C=Cc3ccccc32)CC1	Age	Adult	-0.08266
CN1CCC(=C2c3ccccc3C=Cc3ccccc32)CC1	Age	Elderly	-0.28935
CN1CCC(=C2c3ccccc3C=Cc3ccccc32)CC1	Weight	Low	-0.31583
CN1CCC(=C2c3ccccc3C=Cc3ccccc32)CC1	Weight	Average	-0.21609
CN1CCC(=C2c3ccccc3C=Cc3ccccc32)CC1	Weight	High	-0.25235
CN1CCC23c4c5ccc(O)c4OC2C(=O)CCC3C1C5	Sex	Male	-0.08042
CN1CCC23c4c5ccc(O)c4OC2C(=O)CCC3C1C5	Sex	Female	-0.03695
CN1CCC23c4c5ccc(O)c4OC2C(=O)CCC3C1C5	Age	Children	-0.23625
CN1CCC23c4c5ccc(O)c4OC2C(=O)CCC3C1C5	Age	Adolescent	-0.26146
CN1CCC23c4c5ccc(O)c4OC2C(=O)CCC3C1C5	Age	Adult	-0.09524
CN1CCC23c4c5ccc(O)c4OC2C(=O)CCC3C1C5	Age	Elderly	-0.25534
CN1CCC23c4c5ccc(O)c4OC2C(=O)CCC3C1C5	Weight	Low	-0.47857
CN1CCC23c4c5ccc(O)c4OC2C(=O)CCC3C1C5	Weight	Average	-0.44536
CN1CCC23c4c5ccc(O)c4OC2C(=O)CCC3C1C5	Weight	High	-0.40179
CN1CCC23c4c5ccc(O)c4OC2C(O)C=CC3C1C5	Sex	Male	-0.0632
CN1CCC23c4c5ccc(O)c4OC2C(O)C=CC3C1C5	Sex	Female	-0.03624
CN1CCC23c4c5ccc(O)c4OC2C(O)C=CC3C1C5	Age	Children	-0.28552
CN1CCC23c4c5ccc(O)c4OC2C(O)C=CC3C1C5	Age	Adolescent	-0.18521
CN1CCC23c4c5ccc(O)c4OC2C(O)C=CC3C1C5	Age	Adult	-0.07472
CN1CCC23c4c5ccc(O)c4OC2C(O)C=CC3C1C5	Age	Elderly	-0.19946
CN1CCC23c4c5ccc(O)c4OC2C(O)C=CC3C1C5	Weight	Low	-0.43184
CN1CCC23c4c5ccc(O)c4OC2C(O)C=CC3C1C5	Weight	Average	-0.37284
CN1CCC23c4c5ccc(O)c4OC2C(O)C=CC3C1C5	Weight	High	-0.47203
CN1CCN2c3ncccc3Cc3ccccc3C2C1	Sex	Male	-0.12095
CN1CCN2c3ncccc3Cc3ccccc3C2C1	Sex	Female	-0.04116
CN1CCN2c3ncccc3Cc3ccccc3C2C1	Age	Children	-0.17986
CN1CCN2c3ncccc3Cc3ccccc3C2C1	Age	Adolescent	-0.08917
CN1CCN2c3ncccc3Cc3ccccc3C2C1	Age	Adult	-0.15004
CN1CCN2c3ncccc3Cc3ccccc3C2C1	Age	Elderly	-0.32927
CN1CCN2c3ncccc3Cc3ccccc3C2C1	Weight	Low	-0.46823
CN1CCN2c3ncccc3Cc3ccccc3C2C1	Weight	Average	-0.37513
CN1CCN2c3ncccc3Cc3ccccc3C2C1	Weight	High	-0.4266
COC(=O)C1=C(C)NC(C)=C(C(=O)OC)C1c1ccccc1[N+](=O)[O-]	Sex	Male	-0.10614
COC(=O)C1=C(C)NC(C)=C(C(=O)OC)C1c1ccccc1[N+](=O)[O-]	Sex	Female	-0.0199
COC(=O)C1=C(C)NC(C)=C(C(=O)OC)C1c1ccccc1[N+](=O)[O-]	Age	Children	-0.0965
COC(=O)C1=C(C)NC(C)=C(C(=O)OC)C1c1ccccc1[N+](=O)[O-]	Age	Adolescent	-0.0993
COC(=O)C1=C(C)NC(C)=C(C(=O)OC)C1c1ccccc1[N+](=O)[O-]	Age	Adult	-0.07162
COC(=O)C1=C(C)NC(C)=C(C(=O)OC)C1c1ccccc1[N+](=O)[O-]	Age	Elderly	-0.23842
COC(=O)C1=C(C)NC(C)=C(C(=O)OC)C1c1ccccc1[N+](=O)[O-]	Weight	Low	-0.19942
COC(=O)C1=C(C)NC(C)=C(C(=O)OC)C1c1ccccc1[N+](=O)[O-]	Weight	Average	-0.25896
COC(=O)C1=C(C)NC(C)=C(C(=O)OC)C1c1ccccc1[N+](=O)[O-]	Weight	High	-0.1683
COC(c1ccccc1)(c1ccccc1)C(Oc1nc(C)cc(C)n1)C(=O)O	Sex	Male	-0.20593
COC(c1ccccc1)(c1ccccc1)C(Oc1nc(C)cc(C)n1)C(=O)O	Sex	Female	-0.09488
COC(c1ccccc1)(c1ccccc1)C(Oc1nc(C)cc(C)n1)C(=O)O	Age	Children	-0.23708
COC(c1ccccc1)(c1ccccc1)C(Oc1nc(C)cc(C)n1)C(=O)O	Age	Adolescent	-0.14207
COC(c1ccccc1)(c1ccccc1)C(Oc1nc(C)cc(C)n1)C(=O)O	Age	Adult	-0.21615
COC(c1ccccc1)(c1ccccc1)C(Oc1nc(C)cc(C)n1)C(=O)O	Age	Elderly	-0.37566
COC(c1ccccc1)(c1ccccc1)C(Oc1nc(C)cc(C)n1)C(=O)O	Weight	Low	-0.21522
COC(c1ccccc1)(c1ccccc1)C(Oc1nc(C)cc(C)n1)C(=O)O	Weight	Average	-0.18994
COC(c1ccccc1)(c1ccccc1)C(Oc1nc(C)cc(C)n1)C(=O)O	Weight	High	-0.16691
COc1cc2c(cc1OC)C1CC(OC(=O)C(N)C(C)C)C(CC(C)C)CN1CC2	Sex	Male	-0.15435
COc1cc2c(cc1OC)C1CC(OC(=O)C(N)C(C)C)C(CC(C)C)CN1CC2	Sex	Female	-0.01953
COc1cc2c(cc1OC)C1CC(OC(=O)C(N)C(C)C)C(CC(C)C)CN1CC2	Age	Children	-0.29659
COc1cc2c(cc1OC)C1CC(OC(=O)C(N)C(C)C)C(CC(C)C)CN1CC2	Age	Adolescent	-0.08272
COc1cc2c(cc1OC)C1CC(OC(=O)C(N)C(C)C)C(CC(C)C)CN1CC2	Age	Adult	-0.17783
COc1cc2c(cc1OC)C1CC(OC(=O)C(N)C(C)C)C(CC(C)C)CN1CC2	Age	Elderly	-0.35578
COc1cc2c(cc1OC)C1CC(OC(=O)C(N)C(C)C)C(CC(C)C)CN1CC2	Weight	Low	-0.22644
COc1cc2c(cc1OC)C1CC(OC(=O)C(N)C(C)C)C(CC(C)C)CN1CC2	Weight	Average	-0.18785
COc1cc2c(cc1OC)C1CC(OC(=O)C(N)C(C)C)C(CC(C)C)CN1CC2	Weight	High	-0.40799
COc1ccc2c(c1OC)C13CCN(C)C(C2)C1(O)CCC(O)C3	Sex	Male	-0.09324
COc1ccc2c(c1OC)C13CCN(C)C(C2)C1(O)CCC(O)C3	Sex	Female	-0.03062
COc1ccc2c(c1OC)C13CCN(C)C(C2)C1(O)CCC(O)C3	Age	Children	-0.17963
COc1ccc2c(c1OC)C13CCN(C)C(C2)C1(O)CCC(O)C3	Age	Adolescent	-0.19453
COc1ccc2c(c1OC)C13CCN(C)C(C2)C1(O)CCC(O)C3	Age	Adult	-0.05783
COc1ccc2c(c1OC)C13CCN(C)C(C2)C1(O)CCC(O)C3	Age	Elderly	-0.38369
COc1ccc2c(c1OC)C13CCN(C)C(C2)C1(O)CCC(O)C3	Weight	Low	-0.49364
COc1ccc2c(c1OC)C13CCN(C)C(C2)C1(O)CCC(O)C3	Weight	Average	-0.31358
COc1ccc2c(c1OC)C13CCN(C)C(C2)C1(O)CCC(O)C3	Weight	High	-0.42206
C[N+]1(C)C2CCC1CC(OC(=O)C(CO)c1ccccc1)C2	Sex	Male	-0.19313
C[N+]1(C)C2CCC1CC(OC(=O)C(CO)c1ccccc1)C2	Sex	Female	-0.06351
C[N+]1(C)C2CCC1CC(OC(=O)C(CO)c1ccccc1)C2	Age	Children	-0.19772
C[N+]1(C)C2CCC1CC(OC(=O)C(CO)c1ccccc1)C2	Age	Adolescent	-0.22707
C[N+]1(C)C2CCC1CC(OC(=O)C(CO)c1ccccc1)C2	Age	Adult	-0.11492
C[N+]1(C)C2CCC1CC(OC(=O)C(CO)c1ccccc1)C2	Age	Elderly	-0.16423
C[N+]1(C)C2CCC1CC(OC(=O)C(CO)c1ccccc1)C2	Weight	Low	-0.30219
C[N+]1(C)C2CCC1CC(OC(=O)C(CO)c1ccccc1)C2	Weight	Average	-0.25052
C[N+]1(C)C2CCC1CC(OC(=O)C(CO)c1ccccc1)C2	Weight	High	-0.30618
Cc1cc2c(OCC(CNC(C)(C)C)OC(=O)c3ccccc3)cccc2[nH]1	Sex	Male	-0.09626
Cc1cc2c(OCC(CNC(C)(C)C)OC(=O)c3ccccc3)cccc2[nH]1	Sex	Female	-0.04183
Cc1cc2c(OCC(CNC(C)(C)C)OC(=O)c3ccccc3)cccc2[nH]1	Age	Children	-0.10034
Cc1cc2c(OCC(CNC(C)(C)C)OC(=O)c3ccccc3)cccc2[nH]1	Age	Adolescent	-0.02519
Cc1cc2c(OCC(CNC(C)(C)C)OC(=O)c3ccccc3)cccc2[nH]1	Age	Adult	-0.09105
Cc1cc2c(OCC(CNC(C)(C)C)OC(=O)c3ccccc3)cccc2[nH]1	Age	Elderly	-0.20262
Cc1cc2c(OCC(CNC(C)(C)C)OC(=O)c3ccccc3)cccc2[nH]1	Weight	Low	-0.20711
Cc1cc2c(OCC(CNC(C)(C)C)OC(=O)c3ccccc3)cccc2[nH]1	Weight	Average	-0.1028
Cc1cc2c(OCC(CNC(C)(C)C)OC(=O)c3ccccc3)cccc2[nH]1	Weight	High	-0.28284
Cc1ccsc1C(=CCCN1CCCC(C(=O)O)C1)c1sccc1C	Sex	Male	-0.16553
Cc1ccsc1C(=CCCN1CCCC(C(=O)O)C1)c1sccc1C	Sex	Female	-0.03259
Cc1ccsc1C(=CCCN1CCCC(C(=O)O)C1)c1sccc1C	Age	Children	-0.16882
Cc1ccsc1C(=CCCN1CCCC(C(=O)O)C1)c1sccc1C	Age	Adolescent	-0.03703
Cc1ccsc1C(=CCCN1CCCC(C(=O)O)C1)c1sccc1C	Age	Adult	-0.07045
Cc1ccsc1C(=CCCN1CCCC(C(=O)O)C1)c1sccc1C	Age	Elderly	-0.19938
Cc1ccsc1C(=CCCN1CCCC(C(=O)O)C1)c1sccc1C	Weight	Low	-0.18687
Cc1ccsc1C(=CCCN1CCCC(C(=O)O)C1)c1sccc1C	Weight	Average	-0.07665
Cc1ccsc1C(=CCCN1CCCC(C(=O)O)C1)c1sccc1C	Weight	High	-0.24829
Cc1nc2c([nH]1)CCN(C(=O)c1ccc(NC(=O)c3ccccc3-c3ccccc3)cc1)c1ccccc1-2	Sex	Male	-0.14997
Cc1nc2c([nH]1)CCN(C(=O)c1ccc(NC(=O)c3ccccc3-c3ccccc3)cc1)c1ccccc1-2	Sex	Female	-0.08257
Cc1nc2c([nH]1)CCN(C(=O)c1ccc(NC(=O)c3ccccc3-c3ccccc3)cc1)c1ccccc1-2	Age	Children	-0.14828
Cc1nc2c([nH]1)CCN(C(=O)c1ccc(NC(=O)c3ccccc3-c3ccccc3)cc1)c1ccccc1-2	Age	Adolescent	-0.1937
Cc1nc2c([nH]1)CCN(C(=O)c1ccc(NC(=O)c3ccccc3-c3ccccc3)cc1)c1ccccc1-2	Age	Adult	-0.0965
Cc1nc2c([nH]1)CCN(C(=O)c1ccc(NC(=O)c3ccccc3-c3ccccc3)cc1)c1ccccc1-2	Age	Elderly	-0.30716
Cc1nc2c([nH]1)CCN(C(=O)c1ccc(NC(=O)c3ccccc3-c3ccccc3)cc1)c1ccccc1-2	Weight	Low	-0.25713
Cc1nc2c([nH]1)CCN(C(=O)c1ccc(NC(=O)c3ccccc3-c3ccccc3)cc1)c1ccccc1-2	Weight	Average	-0.24552
Cc1nc2c([nH]1)CCN(C(=O)c1ccc(NC(=O)c3ccccc3-c3ccccc3)cc1)c1ccccc1-2	Weight	High	-0.29799
Cn1cc(C2=C(c3cn(C4CCN(Cc5ccccn5)CC4)c4ccccc34)C(=O)NC2=O)c2ccccc21	Sex	Male	-0.10525
Cn1cc(C2=C(c3cn(C4CCN(Cc5ccccn5)CC4)c4ccccc34)C(=O)NC2=O)c2ccccc21	Sex	Female	-0.04045
Cn1cc(C2=C(c3cn(C4CCN(Cc5ccccn5)CC4)c4ccccc34)C(=O)NC2=O)c2ccccc21	Age	Children	-0.24346
Cn1cc(C2=C(c3cn(C4CCN(Cc5ccccn5)CC4)c4ccccc34)C(=O)NC2=O)c2ccccc21	Age	Adolescent	-0.12087
Cn1cc(C2=C(c3cn(C4CCN(Cc5ccccn5)CC4)c4ccccc34)C(=O)NC2=O)c2ccccc21	Age	Adult	-0.18314
Cn1cc(C2=C(c3cn(C4CCN(Cc5ccccn5)CC4)c4ccccc34)C(=O)NC2=O)c2ccccc21	Age	Elderly	-0.35353
Cn1cc(C2=C(c3cn(C4CCN(Cc5ccccn5)CC4)c4ccccc34)C(=O)NC2=O)c2ccccc21	Weight	Low	-0.2264
Cn1cc(C2=C(c3cn(C4CCN(Cc5ccccn5)CC4)c4ccccc34)C(=O)NC2=O)c2ccccc21	Weight	Average	-0.20443
Cn1cc(C2=C(c3cn(C4CCN(Cc5ccccn5)CC4)c4ccccc34)C(=O)NC2=O)c2ccccc21	Weight	High	-0.40709
NC(=O)OCC(N)Cc1ccccc1	Sex	Male	-0.1514
NC(=O)OCC(N)Cc1ccccc1	Sex	Female	-0.08454
NC(=O)OCC(N)Cc1ccccc1	Age	Children	-0.10749
NC(=O)OCC(N)Cc1ccccc1	Age	Adolescent	-0.18687
NC(=O)OCC(N)Cc1ccccc1	Age	Adult	-0.2332
NC(=O)OCC(N)Cc1ccccc1	Age	Elderly	-0.30342
NC(=O)OCC(N)Cc1ccccc1	Weight	Low	-0.37226
NC(=O)OCC(N)Cc1ccccc1	Weight	Average	-0.45595
NC(=O)OCC(N)Cc1ccccc1	Weight	High	-0.46174
NC(=O)c1ccccc1O	Sex	Male	-0.31194
NC(=O)c1ccccc1O	Sex	Female	-0.10022
NC(=O)c1ccccc1O	Age	Children	-0.17191
NC(=O)c1ccccc1O	Age	Adolescent	-0.15729
NC(=O)c1ccccc1O	Age	Adult	-0.26727
NC(=O)c1ccccc1O	Age	Elderly	-0.46191
NC(=O)c1ccccc1O	Weight	Low	-0.29314
NC(=O)c1ccccc1O	Weight	Average	-0.42982
NC(=O)c1ccccc1O	Weight	High	-0.43197
O=C(CCCCCCC(=O)Nc1ccccc1)NO	Sex	Male	-0.09278
O=C(CCCCCCC(=O)Nc1ccccc1)NO	Sex	Female	-0.0455
O=C(CCCCCCC(=O)Nc1ccccc1)NO	Age	Children	-0.16208
O=C(CCCCCCC(=O)Nc1ccccc1)NO	Age	Adolescent	-0.17689
O=C(CCCCCCC(=O)Nc1ccccc1)NO	Age	Adult	-0.06965
O=C(CCCCCCC(=O)Nc1ccccc1)NO	Age	Elderly	-0.28286
O=C(CCCCCCC(=O)Nc1ccccc1)NO	Weight	Low	-0.30303
O=C(CCCCCCC(=O)Nc1ccccc1)NO	Weight	Average	-0.25025
O=C(CCCCCCC(=O)Nc1ccccc1)NO	Weight	High	-0.22218
O=C(NC1CCN(CCCCC2(C(=O)NCC(F)(F)F)c3ccccc3-c3ccccc32)CC1)c1ccccc1-c1ccc(C(F)(F)F)cc1	Sex	Male	-0.06276
O=C(NC1CCN(CCCCC2(C(=O)NCC(F)(F)F)c3ccccc3-c3ccccc32)CC1)c1ccccc1-c1ccc(C(F)(F)F)cc1	Sex	Female	-0.06413
O=C(NC1CCN(CCCCC2(C(=O)NCC(F)(F)F)c3ccccc3-c3ccccc32)CC1)c1ccccc1-c1ccc(C(F)(F)F)cc1	Age	Children	-0.17389
O=C(NC1CCN(CCCCC2(C(=O)NCC(F)(F)F)c3ccccc3-c3ccccc32)CC1)c1ccccc1-c1ccc(C(F)(F)F)cc1	Age	Adolescent	-0.11944
O=C(NC1CCN(CCCCC2(C(=O)NCC(F)(F)F)c3ccccc3-c3ccccc32)CC1)c1ccccc1-c1ccc(C(F)(F)F)cc1	Age	Adult	-0.10808
O=C(NC1CCN(CCCCC2(C(=O)NCC(F)(F)F)c3ccccc3-c3ccccc32)CC1)c1ccccc1-c1ccc(C(F)(F)F)cc1	Age	Elderly	-0.25835
O=C(NC1CCN(CCCCC2(C(=O)NCC(F)(F)F)c3ccccc3-c3ccccc32)CC1)c1ccccc1-c1ccc(C(F)(F)F)cc1	Weight	Low	-0.26639
O=C(NC1CCN(CCCCC2(C(=O)NCC(F)(F)F)c3ccccc3-c3ccccc32)CC1)c1ccccc1-c1ccc(C(F)(F)F)cc1	Weight	Average	-0.17383
O=C(NC1CCN(CCCCC2(C(=O)NCC(F)(F)F)c3ccccc3-c3ccccc32)CC1)c1ccccc1-c1ccc(C(F)(F)F)cc1	Weight	High	-0.28345
O=C1CN2CCOC2(c2ccccc2F)c2cc(Cl)ccc2N1CCO	Sex	Male	-0.13226
O=C1CN2CCOC2(c2ccccc2F)c2cc(Cl)ccc2N1CCO	Sex	Female	-0.00852
O=C1CN2CCOC2(c2ccccc2F)c2cc(Cl)ccc2N1CCO	Age	Children	-0.34584
O=C1CN2CCOC2(c2ccccc2F)c2cc(Cl)ccc2N1CCO	Age	Adolescent	-0.12198
O=C1CN2CCOC2(c2ccccc2F)c2cc(Cl)ccc2N1CCO	Age	Adult	-0.10192
O=C1CN2CCOC2(c2ccccc2F)c2cc(Cl)ccc2N1CCO	Age	Elderly	-0.38433
O=C1CN2CCOC2(c2ccccc2F)c2cc(Cl)ccc2N1CCO	Weight	Low	-0.35924
O=C1CN2CCOC2(c2ccccc2F)c2cc(Cl)ccc2N1CCO	Weight	Average	-0.43231
O=C1CN2CCOC2(c2ccccc2F)c2cc(Cl)ccc2N1CCO	Weight	High	-0.39477
CC(=O)N(c1ccccc1)C1CCN(CCc2ccccc2)CC1	Sex	Male	-0.10534
CC(=O)N(c1ccccc1)C1CCN(CCc2ccccc2)CC1	Sex	Female	-0.0401
CC(=O)N(c1ccccc1)C1CCN(CCc2ccccc2)CC1	Age	Children	-0.12655
CC(=O)N(c1ccccc1)C1CCN(CCc2ccccc2)CC1	Age	Adolescent	-0.07746
CC(=O)N(c1ccccc1)C1CCN(CCc2ccccc2)CC1	Age	Adult	-0.17243
CC(=O)N(c1ccccc1)C1CCN(CCc2ccccc2)CC1	Age	Elderly	-0.18295
CC(=O)N(c1ccccc1)C1CCN(CCc2ccccc2)CC1	Weight	Low	-0.23206
CC(=O)N(c1ccccc1)C1CCN(CCc2ccccc2)CC1	Weight	Average	-0.26392
CC(=O)N(c1ccccc1)C1CCN(CCc2ccccc2)CC1	Weight	High	-0.27617
CC1(C)C(C(=O)O)N2C(=O)CC2S1(=O)=O	Sex	Male	-0.28295
CC1(C)C(C(=O)O)N2C(=O)CC2S1(=O)=O	Sex	Female	-0.01427
CC1(C)C(C(=O)O)N2C(=O)CC2S1(=O)=O	Age	Children	-0.25489
CC1(C)C(C(=O)O)N2C(=O)CC2S1(=O)=O	Age	Adolescent	-0.24156
CC1(C)C(C(=O)O)N2C(=O)CC2S1(=O)=O	Age	Adult	-0.11938
CC1(C)C(C(=O)O)N2C(=O)CC2S1(=O)=O	Age	Elderly	-0.44854
CC1(C)C(C(=O)O)N2C(=O)CC2S1(=O)=O	Weight	Low	-0.29704
CC1(C)C(C(=O)O)N2C(=O)CC2S1(=O)=O	Weight	Average	-0.37834
CC1(C)C(C(=O)O)N2C(=O)CC2S1(=O)=O	Weight	High	-0.31055
CC12C=CC(=O)C=C1CCC1C2C(O)CC2(C)C1CCC2(O)C(=O)OCCl	Sex	Male	-0.15102
CC12C=CC(=O)C=C1CCC1C2C(O)CC2(C)C1CCC2(O)C(=O)OCCl	Sex	Female	-0.06333
CC12C=CC(=O)C=C1CCC1C2C(O)CC2(C)C1CCC2(O)C(=O)OCCl	Age	Children	-0.21172
CC12C=CC(=O)C=C1CCC1C2C(O)CC2(C)C1CCC2(O)C(=O)OCCl	Age	Adolescent	-0.37995
CC12C=CC(=O)C=C1CCC1C2C(O)CC2(C)C1CCC2(O)C(=O)OCCl	Age	Adult	-0.2177
CC12C=CC(=O)C=C1CCC1C2C(O)CC2(C)C1CCC2(O)C(=O)OCCl	Age	Elderly	-0.16025
CC12C=CC(=O)C=C1CCC1C2C(O)CC2(C)C1CCC2(O)C(=O)OCCl	Weight	Low	-0.51938
CC12C=CC(=O)C=C1CCC1C2C(O)CC2(C)C1CCC2(O)C(=O)OCCl	Weight	Average	-0.32428
CC12C=CC(=O)C=C1CCC1C2C(O)CC2(C)C1CCC2(O)C(=O)OCCl	Weight	High	-0.37734
CCC1(O)CC2CN(CCc3c([nH]c4ccccc34)C(C(=O)OC)(c3cc4c(cc3OC)N(C)C3C(O)(C(N)=O)C(O)C5(CC)C=CCN6CCC43C65)C2)C1	Sex	Male	-0.03532
CCC1(O)CC2CN(CCc3c([nH]c4ccccc34)C(C(=O)OC)(c3cc4c(cc3OC)N(C)C3C(O)(C(N)=O)C(O)C5(CC)C=CCN6CCC43C65)C2)C1	Sex	Female	-0.0763
CCC1(O)CC2CN(CCc3c([nH]c4ccccc34)C(C(=O)OC)(c3cc4c(cc3OC)N(C)C3C(O)(C(N)=O)C(O)C5(CC)C=CCN6CCC43C65)C2)C1	Age	Children	-0.20978
CCC1(O)CC2CN(CCc3c([nH]c4ccccc34)C(C(=O)OC)(c3cc4c(cc3OC)N(C)C3C(O)(C(N)=O)C(O)C5(CC)C=CCN6CCC43C65)C2)C1	Age	Adolescent	-0.18892
CCC1(O)CC2CN(CCc3c([nH]c4ccccc34)C(C(=O)OC)(c3cc4c(cc3OC)N(C)C3C(O)(C(N)=O)C(O)C5(CC)C=CCN6CCC43C65)C2)C1	Age	Adult	-0.09623
CCC1(O)CC2CN(CCc3c([nH]c4ccccc34)C(C(=O)OC)(c3cc4c(cc3OC)N(C)C3C(O)(C(N)=O)C(O)C5(CC)C=CCN6CCC43C65)C2)C1	Age	Elderly	-0.18211
CCC1(O)CC2CN(CCc3c([nH]c4ccccc34)C(C(=O)OC)(c3cc4c(cc3OC)N(C)C3C(O)(C(N)=O)C(O)C5(CC)C=CCN6CCC43C65)C2)C1	Weight	Low	-0.27572
CCC1(O)CC2CN(CCc3c([nH]c4ccccc34)C(C(=O)OC)(c3cc4c(cc3OC)N(C)C3C(O)(C(N)=O)C(O)C5(CC)C=CCN6CCC43C65)C2)C1	Weight	Average	-0.18901
CCC1(O)CC2CN(CCc3c([nH]c4ccccc34)C(C(=O)OC)(c3cc4c(cc3OC)N(C)C3C(O)(C(N)=O)C(O)C5(CC)C=CCN6CCC43C65)C2)C1	Weight	High	-0.307
CCCCC(=O)OC1CCC2C3CCc4cc(O)ccc4C3CCC12C	Sex	Male	-0.05088
CCCCC(=O)OC1CCC2C3CCc4cc(O)ccc4C3CCC12C	Sex	Female	-0.03789
CCCCC(=O)OC1CCC2C3CCc4cc(O)ccc4C3CCC12C	Age	Children	-0.13477
CCCCC(=O)OC1CCC2C3CCc4cc(O)ccc4C3CCC12C	Age	Adolescent	-0.23796
CCCCC(=O)OC1CCC2C3CCc4cc(O)ccc4C3CCC12C	Age	Adult	-0.12806
CCCCC(=O)OC1CCC2C3CCc4cc(O)ccc4C3CCC12C	Age	Elderly	-0.16157
CCCCC(=O)OC1CCC2C3CCc4cc(O)ccc4C3CCC12C	Weight	Low	-0.41016
CCCCC(=O)OC1CCC2C3CCc4cc(O)ccc4C3CCC12C	Weight	Average	-0.43175
CCCCC(=O)OC1CCC2C3CCc4cc(O)ccc4C3CCC12C	Weight	High	-0.35998
CCCNC(C)C(=O)Nc1c(C)csc1C(=O)OC	Sex	Male	-0.17437
CCCNC(C)C(=O)Nc1c(C)csc1C(=O)OC	Sex	Female	-0.00892
CCCNC(C)C(=O)Nc1c(C)csc1C(=O)OC	Age	Children	-0.27536
CCCNC(C)C(=O)Nc1c(C)csc1C(=O)OC	Age	Adolescent	-0.14175
CCCNC(C)C(=O)Nc1c(C)csc1C(=O)OC	Age	Adult	-0.03855
CCCNC(C)C(=O)Nc1c(C)csc1C(=O)OC	Age	Elderly	-0.20149
CCCNC(C)C(=O)Nc1c(C)csc1C(=O)OC	Weight	Low	-0.2377
CCCNC(C)C(=O)Nc1c(C)csc1C(=O)OC	Weight	Average	-0.23801
CCCNC(C)C(=O)Nc1c(C)csc1C(=O)OC	Weight	High	-0.22076
CCCOC(C(=O)OC1CCN(C)CC1)(c1ccccc1)c1ccccc1	Sex	Male	-0.156
CCCOC(C(=O)OC1CCN(C)CC1)(c1ccccc1)c1ccccc1	Sex	Female	-0.02361
CCCOC(C(=O)OC1CCN(C)CC1)(c1ccccc1)c1ccccc1	Age	Children	-0.22108
CCCOC(C(=O)OC1CCN(C)CC1)(c1ccccc1)c1ccccc1	Age	Adolescent	-0.03951
CCCOC(C(=O)OC1CCN(C)CC1)(c1ccccc1)c1ccccc1	Age	Adult	-0.08818
CCCOC(C(=O)OC1CCN(C)CC1)(c1ccccc1)c1ccccc1	Age	Elderly	-0.18409
CCCOC(C(=O)OC1CCN(C)CC1)(c1ccccc1)c1ccccc1	Weight	Low	-0.31001
CCCOC(C(=O)OC1CCN(C)CC1)(c1ccccc1)c1ccccc1	Weight	Average	-0.21608
CCCOC(C(=O)OC1CCN(C)CC1)(c1ccccc1)c1ccccc1	Weight	High	-0.29046
CCN(CC)CC(C)OC(=O)C1CCCCC1(O)C1CCCCC1	Sex	Male	-0.06719
CCN(CC)CC(C)OC(=O)C1CCCCC1(O)C1CCCCC1	Sex	Female	-0.0137
CCN(CC)CC(C)OC(=O)C1CCCCC1(O)C1CCCCC1	Age	Children	-0.15834
CCN(CC)CC(C)OC(=O)C1CCCCC1(O)C1CCCCC1	Age	Adolescent	-0.16211
CCN(CC)CC(C)OC(=O)C1CCCCC1(O)C1CCCCC1	Age	Adult	-0.0249
CCN(CC)CC(C)OC(=O)C1CCCCC1(O)C1CCCCC1	Age	Elderly	-0.13701
CCN(CC)CC(C)OC(=O)C1CCCCC1(O)C1CCCCC1	Weight	Low	-0.25977
CCN(CC)CC(C)OC(=O)C1CCCCC1(O)C1CCCCC1	Weight	Average	-0.18409
CCN(CC)CC(C)OC(=O)C1CCCCC1(O)C1CCCCC1	Weight	High	-0.33845
CCNC1(c2cccc(OC)c2)CCCCC1=O	Sex	Male	-0.25794
CCNC1(c2cccc(OC)c2)CCCCC1=O	Sex	Female	-0.03623
CCNC1(c2cccc(OC)c2)CCCCC1=O	Age	Children	-0.21369
CCNC1(c2cccc(OC)c2)CCCCC1=O	Age	Adolescent	-0.07996
CCNC1(c2cccc(OC)c2)CCCCC1=O	Age	Adult	-0.13422
CCNC1(c2cccc(OC)c2)CCCCC1=O	Age	Elderly	-0.42564
CCNC1(c2cccc(OC)c2)CCCCC1=O	Weight	Low	-0.42628
CCNC1(c2cccc(OC)c2)CCCCC1=O	Weight	Average	-0.41279
CCNC1(c2cccc(OC)c2)CCCCC1=O	Weight	High	-0.41169
CCOC(=O)NC1CCC2C(C1)CC1C(=O)OC(C)C1C2C=Cc1ccc(-c2cccc(F)c2)cn1	Sex	Male	-0.07791
CCOC(=O)NC1CCC2C(C1)CC1C(=O)OC(C)C1C2C=Cc1ccc(-c2cccc(F)c2)cn1	Sex	Female	-0.05236
CCOC(=O)NC1CCC2C(C1)CC1C(=O)OC(C)C1C2C=Cc1ccc(-c2cccc(F)c2)cn1	Age	Children	-0.21147
CCOC(=O)NC1CCC2C(C1)CC1C(=O)OC(C)C1C2C=Cc1ccc(-c2cccc(F)c2)cn1	Age	Adolescent	-0.16349
CCOC(=O)NC1CCC2C(C1)CC1C(=O)OC(C)C1C2C=Cc1ccc(-c2cccc(F)c2)cn1	Age	Adult	-0.10272
CCOC(=O)NC1CCC2C(C1)CC1C(=O)OC(C)C1C2C=Cc1ccc(-c2cccc(F)c2)cn1	Age	Elderly	-0.19532
CCOC(=O)NC1CCC2C(C1)CC1C(=O)OC(C)C1C2C=Cc1ccc(-c2cccc(F)c2)cn1	Weight	Low	-0.32733
CCOC(=O)NC1CCC2C(C1)CC1C(=O)OC(C)C1C2C=Cc1ccc(-c2cccc(F)c2)cn1	Weight	Average	-0.40158
CCOC(=O)NC1CCC2C(C1)CC1C(=O)OC(C)C1C2C=Cc1ccc(-c2cccc(F)c2)cn1	Weight	High	-0.41431
CN1C(=O)CC(C)(c2ccccc2)C1=O	Sex	Male	-0.11114
CN1C(=O)CC(C)(c2ccccc2)C1=O	Sex	Female	-0.04578
CN1C(=O)CC(C)(c2ccccc2)C1=O	Age	Children	-0.15891
CN1C(=O)CC(C)(c2ccccc2)C1=O	Age	Adolescent	-0.17097
CN1C(=O)CC(C)(c2ccccc2)C1=O	Age	Adult	-0.12407
CN1C(=O)CC(C)(c2ccccc2)C1=O	Age	Elderly	-0.37184
CN1C(=O)CC(C)(c2ccccc2)C1=O	Weight	Low	-0.5555
CN1C(=O)CC(C)(c2ccccc2)C1=O	Weight	Average	-0.4406
CN1C(=O)CC(C)(c2ccccc2)C1=O	Weight	High	-0.42481
CNC1(c2ccccc2Cl)CCCCC1=O	Sex	Male	-0.27368
CNC1(c2ccccc2Cl)CCCCC1=O	Sex	Female	-0.05592
CNC1(c2ccccc2Cl)CCCCC1=O	Age	Children	-0.19422
CNC1(c2ccccc2Cl)CCCCC1=O	Age	Adolescent	-0.09729
CNC1(c2ccccc2Cl)CCCCC1=O	Age	Adult	-0.16685
CNC1(c2ccccc2Cl)CCCCC1=O	Age	Elderly	-0.35541
CNC1(c2ccccc2Cl)CCCCC1=O	Weight	Low	-0.32853
CNC1(c2ccccc2Cl)CCCCC1=O	Weight	Average	-0.38119
CNC1(c2ccccc2Cl)CCCCC1=O	Weight	High	-0.26615
CNCCC(Oc1ccccc1C)c1ccccc1	Sex	Male	-0.20242
CNCCC(Oc1ccccc1C)c1ccccc1	Sex	Female	-0.0735
CNCCC(Oc1ccccc1C)c1ccccc1	Age	Children	-0.18987
CNCCC(Oc1ccccc1C)c1ccccc1	Age	Adolescent	0.00968
CNCCC(Oc1ccccc1C)c1ccccc1	Age	Adult	-0.03
CNCCC(Oc1ccccc1C)c1ccccc1	Age	Elderly	-0.24472
CNCCC(Oc1ccccc1C)c1ccccc1	Weight	Low	-0.28128
CNCCC(Oc1ccccc1C)c1ccccc1	Weight	Average	-0.38246
CNCCC(Oc1ccccc1C)c1ccccc1	Weight	High	-0.38909
COC(=O)C(c1ccccc1)C1CCCCN1	Sex	Male	-0.20588
COC(=O)C(c1ccccc1)C1CCCCN1	Sex	Female	-0.05603
COC(=O)C(c1ccccc1)C1CCCCN1	Age	Children	-0.14387
COC(=O)C(c1ccccc1)C1CCCCN1	Age	Adolescent	-0.08867
COC(=O)C(c1ccccc1)C1CCCCN1	Age	Adult	-0.1657
COC(=O)C(c1ccccc1)C1CCCCN1	Age	Elderly	-0.41826
COC(=O)C(c1ccccc1)C1CCCCN1	Weight	Low	-0.2218
COC(=O)C(c1ccccc1)C1CCCCN1	Weight	Average	-0.27672
COC(=O)C(c1ccccc1)C1CCCCN1	Weight	High	-0.43154
NC(N)=NCC1CCC(C(=O)Oc2ccccc2C(=O)OCc2ccccc2)CC1	Sex	Male	-0.14164
NC(N)=NCC1CCC(C(=O)Oc2ccccc2C(=O)OCc2ccccc2)CC1	Sex	Female	-0.07138
NC(N)=NCC1CCC(C(=O)Oc2ccccc2C(=O)OCc2ccccc2)CC1	Age	Children	-0.17345
NC(N)=NCC1CCC(C(=O)Oc2ccccc2C(=O)OCc2ccccc2)CC1	Age	Adolescent	-0.12534
NC(N)=NCC1CCC(C(=O)Oc2ccccc2C(=O)OCc2ccccc2)CC1	Age	Adult	-0.13412
NC(N)=NCC1CCC(C(=O)Oc2ccccc2C(=O)OCc2ccccc2)CC1	Age	Elderly	-0.20782
NC(N)=NCC1CCC(C(=O)Oc2ccccc2C(=O)OCc2ccccc2)CC1	Weight	Low	-0.2648
NC(N)=NCC1CCC(C(=O)Oc2ccccc2C(=O)OCc2ccccc2)CC1	Weight	Average	-0.24622
NC(N)=NCC1CCC(C(=O)Oc2ccccc2C(=O)OCc2ccccc2)CC1	Weight	High	-0.17966
O=C(c1ccc(OCCN2CCCCC2)cc1)c1c(-c2ccc(O)cc2)sc2cc(O)ccc12	Sex	Male	-0.07074
O=C(c1ccc(OCCN2CCCCC2)cc1)c1c(-c2ccc(O)cc2)sc2cc(O)ccc12	Sex	Female	-0.07924
O=C(c1ccc(OCCN2CCCCC2)cc1)c1c(-c2ccc(O)cc2)sc2cc(O)ccc12	Age	Children	-0.16406
O=C(c1ccc(OCCN2CCCCC2)cc1)c1c(-c2ccc(O)cc2)sc2cc(O)ccc12	Age	Adolescent	-0.05333
O=C(c1ccc(OCCN2CCCCC2)cc1)c1c(-c2ccc(O)cc2)sc2cc(O)ccc12	Age	Adult	-0.07703
O=C(c1ccc(OCCN2CCCCC2)cc1)c1c(-c2ccc(O)cc2)sc2cc(O)ccc12	Age	Elderly	-0.23227
O=C(c1ccc(OCCN2CCCCC2)cc1)c1c(-c2ccc(O)cc2)sc2cc(O)ccc12	Weight	Low	-0.31036
O=C(c1ccc(OCCN2CCCCC2)cc1)c1c(-c2ccc(O)cc2)sc2cc(O)ccc12	Weight	Average	-0.15924
O=C(c1ccc(OCCN2CCCCC2)cc1)c1c(-c2ccc(O)cc2)sc2cc(O)ccc12	Weight	High	-0.25261
CC(=O)OCC(COC(C)=O)OC(C)=O	Sex	Male	-0.11997
CC(=O)OCC(COC(C)=O)OC(C)=O	Sex	Female	-0.05907
CC(=O)OCC(COC(C)=O)OC(C)=O	Age	Children	-0.07666
CC(=O)OCC(COC(C)=O)OC(C)=O	Age	Adolescent	-0.14996
CC(=O)OCC(COC(C)=O)OC(C)=O	Age	Adult	-0.04498
CC(=O)OCC(COC(C)=O)OC(C)=O	Age	Elderly	-0.33289
CC(=O)OCC(COC(C)=O)OC(C)=O	Weight	Low	-0.40912
CC(=O)OCC(COC(C)=O)OC(C)=O	Weight	Average	-0.26453
CC(=O)OCC(COC(C)=O)OC(C)=O	Weight	High	-0.23591
CC(C)CC(C(=O)NC(C(=O)OC1CCCC1)c1ccccc1)C(O)C(=O)NO	Sex	Male	-0.1633
CC(C)CC(C(=O)NC(C(=O)OC1CCCC1)c1ccccc1)C(O)C(=O)NO	Sex	Female	-0.0205
CC(C)CC(C(=O)NC(C(=O)OC1CCCC1)c1ccccc1)C(O)C(=O)NO	Age	Children	-0.24437
CC(C)CC(C(=O)NC(C(=O)OC1CCCC1)c1ccccc1)C(O)C(=O)NO	Age	Adolescent	-0.14121
CC(C)CC(C(=O)NC(C(=O)OC1CCCC1)c1ccccc1)C(O)C(=O)NO	Age	Adult	-0.08752
CC(C)CC(C(=O)NC(C(=O)OC1CCCC1)c1ccccc1)C(O)C(=O)NO	Age	Elderly	-0.17647
CC(C)CC(C(=O)NC(C(=O)OC1CCCC1)c1ccccc1)C(O)C(=O)NO	Weight	Low	-0.27594
CC(C)CC(C(=O)NC(C(=O)OC1CCCC1)c1ccccc1)C(O)C(=O)NO	Weight	Average	-0.28004
CC(C)CC(C(=O)NC(C(=O)OC1CCCC1)c1ccccc1)C(O)C(=O)NO	Weight	High	-0.28428
COc1ccccc1OC(=O)c1ccccc1OC(C)=O	Sex	Male	-0.14194
COc1ccccc1OC(=O)c1ccccc1OC(C)=O	Sex	Female	-0.08105
COc1ccccc1OC(=O)c1ccccc1OC(C)=O	Age	Children	-0.2378
COc1ccccc1OC(=O)c1ccccc1OC(C)=O	Age	Adolescent	-0.19947
COc1ccccc1OC(=O)c1ccccc1OC(C)=O	Age	Adult	-0.1936
COc1ccccc1OC(=O)c1ccccc1OC(C)=O	Age	Elderly	-0.32424
COc1ccccc1OC(=O)c1ccccc1OC(C)=O	Weight	Low	-0.29957
COc1ccccc1OC(=O)c1ccccc1OC(C)=O	Weight	Average	-0.15953
COc1ccccc1OC(=O)c1ccccc1OC(C)=O	Weight	High	-0.17762
CSc1ccc2c(c1)N(CCC1CCCCN1C)c1ccccc1S2	Sex	Male	-0.09224
CSc1ccc2c(c1)N(CCC1CCCCN1C)c1ccccc1S2	Sex	Female	-0.03565
CSc1ccc2c(c1)N(CCC1CCCCN1C)c1ccccc1S2	Age	Children	-0.1465
CSc1ccc2c(c1)N(CCC1CCCCN1C)c1ccccc1S2	Age	Adolescent	-0.04521
CSc1ccc2c(c1)N(CCC1CCCCN1C)c1ccccc1S2	Age	Adult	-0.04316
CSc1ccc2c(c1)N(CCC1CCCCN1C)c1ccccc1S2	Age	Elderly	-0.27949
CSc1ccc2c(c1)N(CCC1CCCCN1C)c1ccccc1S2	Weight	Low	-0.28377
CSc1ccc2c(c1)N(CCC1CCCCN1C)c1ccccc1S2	Weight	Average	-0.12829
CSc1ccc2c(c1)N(CCC1CCCCN1C)c1ccccc1S2	Weight	High	-0.23839
Cc1ccc(Cl)c(Nc2ccccc2C(=O)O)c1Cl	Sex	Male	-0.21324
Cc1ccc(Cl)c(Nc2ccccc2C(=O)O)c1Cl	Sex	Female	-0.06735
Cc1ccc(Cl)c(Nc2ccccc2C(=O)O)c1Cl	Age	Children	-0.20977
Cc1ccc(Cl)c(Nc2ccccc2C(=O)O)c1Cl	Age	Adolescent	-0.14038
Cc1ccc(Cl)c(Nc2ccccc2C(=O)O)c1Cl	Age	Adult	-0.14064
Cc1ccc(Cl)c(Nc2ccccc2C(=O)O)c1Cl	Age	Elderly	-0.30322
Cc1ccc(Cl)c(Nc2ccccc2C(=O)O)c1Cl	Weight	Low	-0.14947
Cc1ccc(Cl)c(Nc2ccccc2C(=O)O)c1Cl	Weight	Average	-0.2992
Cc1ccc(Cl)c(Nc2ccccc2C(=O)O)c1Cl	Weight	High	-0.23157
CC(=O)Nc1ccc(C(=O)Nc2ccccc2N)cc1	Sex	Male	-0.13858
CC(=O)Nc1ccc(C(=O)Nc2ccccc2N)cc1	Sex	Female	-0.06756
CC(=O)Nc1ccc(C(=O)Nc2ccccc2N)cc1	Age	Children	-0.20989
CC(=O)Nc1ccc(C(=O)Nc2ccccc2N)cc1	Age	Adolescent	-0.15782
CC(=O)Nc1ccc(C(=O)Nc2ccccc2N)cc1	Age	Adult	-0.17044
CC(=O)Nc1ccc(C(=O)Nc2ccccc2N)cc1	Age	Elderly	-0.35866
CC(=O)Nc1ccc(C(=O)Nc2ccccc2N)cc1	Weight	Low	-0.3252
CC(=O)Nc1ccc(C(=O)Nc2ccccc2N)cc1	Weight	Average	-0.36076
CC(=O)Nc1ccc(C(=O)Nc2ccccc2N)cc1	Weight	High	-0.19973
CC(C)(CO)c1cc2cc(NC(=O)C3(c4ccc5c(c4)OC(F)(F)O5)CC3)c(F)cc2n1CC(O)CO	Sex	Male	-0.0688
CC(C)(CO)c1cc2cc(NC(=O)C3(c4ccc5c(c4)OC(F)(F)O5)CC3)c(F)cc2n1CC(O)CO	Sex	Female	-0.02404
CC(C)(CO)c1cc2cc(NC(=O)C3(c4ccc5c(c4)OC(F)(F)O5)CC3)c(F)cc2n1CC(O)CO	Age	Children	-0.21037
CC(C)(CO)c1cc2cc(NC(=O)C3(c4ccc5c(c4)OC(F)(F)O5)CC3)c(F)cc2n1CC(O)CO	Age	Adolescent	-0.10592
CC(C)(CO)c1cc2cc(NC(=O)C3(c4ccc5c(c4)OC(F)(F)O5)CC3)c(F)cc2n1CC(O)CO	Age	Adult	-0.05569
CC(C)(CO)c1cc2cc(NC(=O)C3(c4ccc5c(c4)OC(F)(F)O5)CC3)c(F)cc2n1CC(O)CO	Age	Elderly	-0.12748
CC(C)(CO)c1cc2cc(NC(=O)C3(c4ccc5c(c4)OC(F)(F)O5)CC3)c(F)cc2n1CC(O)CO	Weight	Low	-0.19201
CC(C)(CO)c1cc2cc(NC(=O)C3(c4ccc5c(c4)OC(F)(F)O5)CC3)c(F)cc2n1CC(O)CO	Weight	Average	-0.11065
CC(C)(CO)c1cc2cc(NC(=O)C3(c4ccc5c(c4)OC(F)(F)O5)CC3)c(F)cc2n1CC(O)CO	Weight	High	-0.27938
CC(C)(N)Cc1ccccc1	Sex	Male	-0.23235
CC(C)(N)Cc1ccccc1	Sex	Female	-0.04487
CC(C)(N)Cc1ccccc1	Age	Children	-0.13043
CC(C)(N)Cc1ccccc1	Age	Adolescent	-0.15158
CC(C)(N)Cc1ccccc1	Age	Adult	-0.27405
CC(C)(N)Cc1ccccc1	Age	Elderly	-0.33186
CC(C)(N)Cc1ccccc1	Weight	Low	-0.43207
CC(C)(N)Cc1ccccc1	Weight	Average	-0.50139
CC(C)(N)Cc1ccccc1	Weight	High	-0.44189
CC(C)Cc1ccc(C(C)C(=O)O)cc1	Sex	Male	-0.16974
CC(C)Cc1ccc(C(C)C(=O)O)cc1	Sex	Female	-0.04029
CC(C)Cc1ccc(C(C)C(=O)O)cc1	Age	Children	-0.30255
CC(C)Cc1ccc(C(C)C(=O)O)cc1	Age	Adolescent	-0.14247
CC(C)Cc1ccc(C(C)C(=O)O)cc1	Age	Adult	-0.11089
CC(C)Cc1ccc(C(C)C(=O)O)cc1	Age	Elderly	-0.30838
CC(C)Cc1ccc(C(C)C(=O)O)cc1	Weight	Low	-0.20238
CC(C)Cc1ccc(C(C)C(=O)O)cc1	Weight	Average	-0.30008
CC(C)Cc1ccc(C(C)C(=O)O)cc1	Weight	High	-0.15515
CC1(C)SC2C(NC(=O)Cc3ccccc3)C(=O)N2C1C(=O)O	Sex	Male	-0.14764
CC1(C)SC2C(NC(=O)Cc3ccccc3)C(=O)N2C1C(=O)O	Sex	Female	-0.01627
CC1(C)SC2C(NC(=O)Cc3ccccc3)C(=O)N2C1C(=O)O	Age	Children	-0.23139
CC1(C)SC2C(NC(=O)Cc3ccccc3)C(=O)N2C1C(=O)O	Age	Adolescent	-0.25588
CC1(C)SC2C(NC(=O)Cc3ccccc3)C(=O)N2C1C(=O)O	Age	Adult	-0.12795
CC1(C)SC2C(NC(=O)Cc3ccccc3)C(=O)N2C1C(=O)O	Age	Elderly	-0.374
CC1(C)SC2C(NC(=O)Cc3ccccc3)C(=O)N2C1C(=O)O	Weight	Low	-0.45111
CC1(C)SC2C(NC(=O)Cc3ccccc3)C(=O)N2C1C(=O)O	Weight	Average	-0.40874
CC1(C)SC2C(NC(=O)Cc3ccccc3)C(=O)N2C1C(=O)O	Weight	High	-0.49136
CC1=C(C(=O)OCCN(Cc2ccccc2)c2ccccc2)C(c2cccc([N+](=O)[O-])c2)C(P2(=O)OCC(C)(C)CO2)=C(C)N1	Sex	Male	-0.18993
CC1=C(C(=O)OCCN(Cc2ccccc2)c2ccccc2)C(c2cccc([N+](=O)[O-])c2)C(P2(=O)OCC(C)(C)CO2)=C(C)N1	Sex	Female	-0.04479
CC1=C(C(=O)OCCN(Cc2ccccc2)c2ccccc2)C(c2cccc([N+](=O)[O-])c2)C(P2(=O)OCC(C)(C)CO2)=C(C)N1	Age	Children	-0.20351
CC1=C(C(=O)OCCN(Cc2ccccc2)c2ccccc2)C(c2cccc([N+](=O)[O-])c2)C(P2(=O)OCC(C)(C)CO2)=C(C)N1	Age	Adolescent	-0.16741
CC1=C(C(=O)OCCN(Cc2ccccc2)c2ccccc2)C(c2cccc([N+](=O)[O-])c2)C(P2(=O)OCC(C)(C)CO2)=C(C)N1	Age	Adult	-0.15007
CC1=C(C(=O)OCCN(Cc2ccccc2)c2ccccc2)C(c2cccc([N+](=O)[O-])c2)C(P2(=O)OCC(C)(C)CO2)=C(C)N1	Age	Elderly	-0.27711
CC1=C(C(=O)OCCN(Cc2ccccc2)c2ccccc2)C(c2cccc([N+](=O)[O-])c2)C(P2(=O)OCC(C)(C)CO2)=C(C)N1	Weight	Low	-0.37452
CC1=C(C(=O)OCCN(Cc2ccccc2)c2ccccc2)C(c2cccc([N+](=O)[O-])c2)C(P2(=O)OCC(C)(C)CO2)=C(C)N1	Weight	Average	-0.23963
CC1=C(C(=O)OCCN(Cc2ccccc2)c2ccccc2)C(c2cccc([N+](=O)[O-])c2)C(P2(=O)OCC(C)(C)CO2)=C(C)N1	Weight	High	-0.36551
CCC(=O)N(c1ccccc1)C1(COC)CCN(CCc2cccs2)CC1	Sex	Male	-0.06637
CCC(=O)N(c1ccccc1)C1(COC)CCN(CCc2cccs2)CC1	Sex	Female	-0.02346
CCC(=O)N(c1ccccc1)C1(COC)CCN(CCc2cccs2)CC1	Age	Children	-0.09634
CCC(=O)N(c1ccccc1)C1(COC)CCN(CCc2cccs2)CC1	Age	Adolescent	-0.02248
CCC(=O)N(c1ccccc1)C1(COC)CCN(CCc2cccs2)CC1	Age	Adult	-0.1213
CCC(=O)N(c1ccccc1)C1(COC)CCN(CCc2cccs2)CC1	Age	Elderly	-0.18851
CCC(=O)N(c1ccccc1)C1(COC)CCN(CCc2cccs2)CC1	Weight	Low	-0.20112
CCC(=O)N(c1ccccc1)C1(COC)CCN(CCc2cccs2)CC1	Weight	Average	-0.18645
CCC(=O)N(c1ccccc1)C1(COC)CCN(CCc2cccs2)CC1	Weight	High	-0.23995
CCC(=O)c1ccc2c(c1)N(CC(C)N(C)C)c1ccccc1S2	Sex	Male	-0.09381
CCC(=O)c1ccc2c(c1)N(CC(C)N(C)C)c1ccccc1S2	Sex	Female	-0.0159
CCC(=O)c1ccc2c(c1)N(CC(C)N(C)C)c1ccccc1S2	Age	Children	-0.08565
CCC(=O)c1ccc2c(c1)N(CC(C)N(C)C)c1ccccc1S2	Age	Adolescent	-0.05066
CCC(=O)c1ccc2c(c1)N(CC(C)N(C)C)c1ccccc1S2	Age	Adult	-0.07368
CCC(=O)c1ccc2c(c1)N(CC(C)N(C)C)c1ccccc1S2	Age	Elderly	-0.2718
CCC(=O)c1ccc2c(c1)N(CC(C)N(C)C)c1ccccc1S2	Weight	Low	-0.26853
CCC(=O)c1ccc2c(c1)N(CC(C)N(C)C)c1ccccc1S2	Weight	Average	-0.14519
CCC(=O)c1ccc2c(c1)N(CC(C)N(C)C)c1ccccc1S2	Weight	High	-0.14812
CCC(CC)CC1(C(=O)Nc2ccccc2SC(=O)C(C)C)CCCCC1	Sex	Male	-0.09951
CCC(CC)CC1(C(=O)Nc2ccccc2SC(=O)C(C)C)CCCCC1	Sex	Female	-0.04238
CCC(CC)CC1(C(=O)Nc2ccccc2SC(=O)C(C)C)CCCCC1	Age	Children	-0.17727
CCC(CC)CC1(C(=O)Nc2ccccc2SC(=O)C(C)C)CCCCC1	Age	Adolescent	-0.04477
CCC(CC)CC1(C(=O)Nc2ccccc2SC(=O)C(C)C)CCCCC1	Age	Adult	-0.02483
CCC(CC)CC1(C(=O)Nc2ccccc2SC(=O)C(C)C)CCCCC1	Age	Elderly	-0.15964
CCC(CC)CC1(C(=O)Nc2ccccc2SC(=O)C(C)C)CCCCC1	Weight	Low	-0.26425
CCC(CC)CC1(C(=O)Nc2ccccc2SC(=O)C(C)C)CCCCC1	Weight	Average	-0.09759
CCC(CC)CC1(C(=O)Nc2ccccc2SC(=O)C(C)C)CCCCC1	Weight	High	-0.15106
CCC1(c2ccccc2)NC(=O)N(C)C1=O	Sex	Male	-0.21936
CCC1(c2ccccc2)NC(=O)N(C)C1=O	Sex	Female	-0.04695
CCC1(c2ccccc2)NC(=O)N(C)C1=O	Age	Children	-0.20468
CCC1(c2ccccc2)NC(=O)N(C)C1=O	Age	Adolescent	-0.11343
CCC1(c2ccccc2)NC(=O)N(C)C1=O	Age	Adult	-0.14621
CCC1(c2ccccc2)NC(=O)N(C)C1=O	Age	Elderly	-0.42529
CCC1(c2ccccc2)NC(=O)N(C)C1=O	Weight	Low	-0.28535
CCC1(c2ccccc2)NC(=O)N(C)C1=O	Weight	Average	-0.38602
CCC1(c2ccccc2)NC(=O)N(C)C1=O	Weight	High	-0.43599
CCCCC(CC)COC(=O)C(C#N)=C(c1ccccc1)c1ccccc1	Sex	Male	-0.07861
CCCCC(CC)COC(=O)C(C#N)=C(c1ccccc1)c1ccccc1	Sex	Female	-0.04398
CCCCC(CC)COC(=O)C(C#N)=C(c1ccccc1)c1ccccc1	Age	Children	-0.17765
CCCCC(CC)COC(=O)C(C#N)=C(c1ccccc1)c1ccccc1	Age	Adolescent	-0.02101
CCCCC(CC)COC(=O)C(C#N)=C(c1ccccc1)c1ccccc1	Age	Adult	-0.06154
CCCCC(CC)COC(=O)C(C#N)=C(c1ccccc1)c1ccccc1	Age	Elderly	-0.13408
CCCCC(CC)COC(=O)C(C#N)=C(c1ccccc1)c1ccccc1	Weight	Low	-0.24846
CCCCC(CC)COC(=O)C(C#N)=C(c1ccccc1)c1ccccc1	Weight	Average	-0.23565
CCCCC(CC)COC(=O)C(C#N)=C(c1ccccc1)c1ccccc1	Weight	High	-0.25444
CCCN1CC(NS(=O)(=O)N(CC)CC)CC2Cc3c(O)cccc3CC21	Sex	Male	-0.13911
CCCN1CC(NS(=O)(=O)N(CC)CC)CC2Cc3c(O)cccc3CC21	Sex	Female	-0.02305
CCCN1CC(NS(=O)(=O)N(CC)CC)CC2Cc3c(O)cccc3CC21	Age	Children	-0.27257
CCCN1CC(NS(=O)(=O)N(CC)CC)CC2Cc3c(O)cccc3CC21	Age	Adolescent	-0.08584
CCCN1CC(NS(=O)(=O)N(CC)CC)CC2Cc3c(O)cccc3CC21	Age	Adult	-0.07127
CCCN1CC(NS(=O)(=O)N(CC)CC)CC2Cc3c(O)cccc3CC21	Age	Elderly	-0.22097
CCCN1CC(NS(=O)(=O)N(CC)CC)CC2Cc3c(O)cccc3CC21	Weight	Low	-0.36706
CCCN1CC(NS(=O)(=O)N(CC)CC)CC2Cc3c(O)cccc3CC21	Weight	Average	-0.23274
CCCN1CC(NS(=O)(=O)N(CC)CC)CC2Cc3c(O)cccc3CC21	Weight	High	-0.37111
CCCNCC(O)COc1ccccc1C(=O)CCc1ccccc1	Sex	Male	-0.11451
CCCNCC(O)COc1ccccc1C(=O)CCc1ccccc1	Sex	Female	-0.04902
CCCNCC(O)COc1ccccc1C(=O)CCc1ccccc1	Age	Children	-0.18037
CCCNCC(O)COc1ccccc1C(=O)CCc1ccccc1	Age	Adolescent	-0.08778
CCCNCC(O)COc1ccccc1C(=O)CCc1ccccc1	Age	Adult	-0.09815
CCCNCC(O)COc1ccccc1C(=O)CCc1ccccc1	Age	Elderly	-0.18312
CCCNCC(O)COc1ccccc1C(=O)CCc1ccccc1	Weight	Low	-0.17564
CCCNCC(O)COc1ccccc1C(=O)CCc1ccccc1	Weight	Average	-0.20991
CCCNCC(O)COc1ccccc1C(=O)CCc1ccccc1	Weight	High	-0.32466
CCCOC(=O)c1ccc(O)cc1	Sex	Male	-0.16617
CCCOC(=O)c1ccc(O)cc1	Sex	Female	-0.02937
CCCOC(=O)c1ccc(O)cc1	Age	Children	-0.18489
CCCOC(=O)c1ccc(O)cc1	Age	Adolescent	-0.11097
CCCOC(=O)c1ccc(O)cc1	Age	Adult	-0.0954
CCCOC(=O)c1ccc(O)cc1	Age	Elderly	-0.31707
CCCOC(=O)c1ccc(O)cc1	Weight	Low	-0.1408
CCCOC(=O)c1ccc(O)cc1	Weight	Average	-0.17543
CCCOC(=O)c1ccc(O)cc1	Weight	High	-0.15868
CCN(CC)CCN1C(=O)CN=C(c2ccccc2F)c2cc(Cl)ccc21	Sex	Male	-0.11293
CCN(CC)CCN1C(=O)CN=C(c2ccccc2F)c2cc(Cl)ccc21	Sex	Female	-0.0222
CCN(CC)CCN1C(=O)CN=C(c2ccccc2F)c2cc(Cl)ccc21	Age	Children	-0.19978
CCN(CC)CCN1C(=O)CN=C(c2ccccc2F)c2cc(Cl)ccc21	Age	Adolescent	-0.03018
CCN(CC)CCN1C(=O)CN=C(c2ccccc2F)c2cc(Cl)ccc21	Age	Adult	-0.071
CCN(CC)CCN1C(=O)CN=C(c2ccccc2F)c2cc(Cl)ccc21	Age	Elderly	-0.26631
CCN(CC)CCN1C(=O)CN=C(c2ccccc2F)c2cc(Cl)ccc21	Weight	Low	-0.25498
CCN(CC)CCN1C(=O)CN=C(c2ccccc2F)c2cc(Cl)ccc21	Weight	Average	-0.26379
CCN(CC)CCN1C(=O)CN=C(c2ccccc2F)c2cc(Cl)ccc21	Weight	High	-0.26364
CCN(CC)CCNC(=O)c1ccc(N)cc1	Sex	Male	-0.19714
CCN(CC)CCNC(=O)c1ccc(N)cc1	Sex	Female	-0.00987
CCN(CC)CCNC(=O)c1ccc(N)cc1	Age	Children	-0.25682
CCN(CC)CCNC(=O)c1ccc(N)cc1	Age	Adolescent	-0.1581
CCN(CC)CCNC(=O)c1ccc(N)cc1	Age	Adult	-0.03464
CCN(CC)CCNC(=O)c1ccc(N)cc1	Age	Elderly	-0.27326
CCN(CC)CCNC(=O)c1ccc(N)cc1	Weight	Low	-0.09339
CCN(CC)CCNC(=O)c1ccc(N)cc1	Weight	Average	-0.30198
CCN(CC)CCNC(=O)c1ccc(N)cc1	Weight	High	-0.31578
CCN(Cc1ccncc1)C(=O)C(CO)c1ccccc1	Sex	Male	-0.19841
CCN(Cc1ccncc1)C(=O)C(CO)c1ccccc1	Sex	Female	-0.02556
CCN(Cc1ccncc1)C(=O)C(CO)c1ccccc1	Age	Children	-0.17692
CCN(Cc1ccncc1)C(=O)C(CO)c1ccccc1	Age	Adolescent	-0.06584
CCN(Cc1ccncc1)C(=O)C(CO)c1ccccc1	Age	Adult	-0.06931
CCN(Cc1ccncc1)C(=O)C(CO)c1ccccc1	Age	Elderly	-0.18822
CCN(Cc1ccncc1)C(=O)C(CO)c1ccccc1	Weight	Low	-0.19062
CCN(Cc1ccncc1)C(=O)C(CO)c1ccccc1	Weight	Average	-0.1786
CCN(Cc1ccncc1)C(=O)C(CO)c1ccccc1	Weight	High	-0.28418
CCOC(=O)C(CCc1ccccc1)NC(C)C(=O)N(CC(=O)O)C1Cc2ccccc2C1	Sex	Male	-0.23102
CCOC(=O)C(CCc1ccccc1)NC(C)C(=O)N(CC(=O)O)C1Cc2ccccc2C1	Sex	Female	-0.02223
CCOC(=O)C(CCc1ccccc1)NC(C)C(=O)N(CC(=O)O)C1Cc2ccccc2C1	Age	Children	-0.19173
CCOC(=O)C(CCc1ccccc1)NC(C)C(=O)N(CC(=O)O)C1Cc2ccccc2C1	Age	Adolescent	-0.24255
CCOC(=O)C(CCc1ccccc1)NC(C)C(=O)N(CC(=O)O)C1Cc2ccccc2C1	Age	Adult	-0.21596
CCOC(=O)C(CCc1ccccc1)NC(C)C(=O)N(CC(=O)O)C1Cc2ccccc2C1	Age	Elderly	-0.36948
CCOC(=O)C(CCc1ccccc1)NC(C)C(=O)N(CC(=O)O)C1Cc2ccccc2C1	Weight	Low	-0.35747
CCOC(=O)C(CCc1ccccc1)NC(C)C(=O)N(CC(=O)O)C1Cc2ccccc2C1	Weight	Average	-0.34507
CCOC(=O)C(CCc1ccccc1)NC(C)C(=O)N(CC(=O)O)C1Cc2ccccc2C1	Weight	High	-0.44875
CCOC(=O)C(CCc1ccccc1)NC(C)C(=O)N1Cc2cc(OC)c(OC)cc2CC1C(=O)O	Sex	Male	-0.17429
CCOC(=O)C(CCc1ccccc1)NC(C)C(=O)N1Cc2cc(OC)c(OC)cc2CC1C(=O)O	Sex	Female	-0.038
CCOC(=O)C(CCc1ccccc1)NC(C)C(=O)N1Cc2cc(OC)c(OC)cc2CC1C(=O)O	Age	Children	-0.21267
CCOC(=O)C(CCc1ccccc1)NC(C)C(=O)N1Cc2cc(OC)c(OC)cc2CC1C(=O)O	Age	Adolescent	-0.22942
CCOC(=O)C(CCc1ccccc1)NC(C)C(=O)N1Cc2cc(OC)c(OC)cc2CC1C(=O)O	Age	Adult	-0.14892
CCOC(=O)C(CCc1ccccc1)NC(C)C(=O)N1Cc2cc(OC)c(OC)cc2CC1C(=O)O	Age	Elderly	-0.44704
CCOC(=O)C(CCc1ccccc1)NC(C)C(=O)N1Cc2cc(OC)c(OC)cc2CC1C(=O)O	Weight	Low	-0.41388
CCOC(=O)C(CCc1ccccc1)NC(C)C(=O)N1Cc2cc(OC)c(OC)cc2CC1C(=O)O	Weight	Average	-0.38198
CCOC(=O)C(CCc1ccccc1)NC(C)C(=O)N1Cc2cc(OC)c(OC)cc2CC1C(=O)O	Weight	High	-0.35668
CCOC(=O)C1(c2ccccc2)CCN(CCC(C#N)(c2ccccc2)c2ccccc2)CC1	Sex	Male	-0.09228
CCOC(=O)C1(c2ccccc2)CCN(CCC(C#N)(c2ccccc2)c2ccccc2)CC1	Sex	Female	-0.03962
CCOC(=O)C1(c2ccccc2)CCN(CCC(C#N)(c2ccccc2)c2ccccc2)CC1	Age	Children	-0.1634
CCOC(=O)C1(c2ccccc2)CCN(CCC(C#N)(c2ccccc2)c2ccccc2)CC1	Age	Adolescent	-0.05749
CCOC(=O)C1(c2ccccc2)CCN(CCC(C#N)(c2ccccc2)c2ccccc2)CC1	Age	Adult	-0.12128
CCOC(=O)C1(c2ccccc2)CCN(CCC(C#N)(c2ccccc2)c2ccccc2)CC1	Age	Elderly	-0.23613
CCOC(=O)C1(c2ccccc2)CCN(CCC(C#N)(c2ccccc2)c2ccccc2)CC1	Weight	Low	-0.25612
CCOC(=O)C1(c2ccccc2)CCN(CCC(C#N)(c2ccccc2)c2ccccc2)CC1	Weight	Average	-0.23867
CCOC(=O)C1(c2ccccc2)CCN(CCC(C#N)(c2ccccc2)c2ccccc2)CC1	Weight	High	-0.20359
CCOC(=O)c1ccc(OC(=O)CCCCCN=C(N)N)cc1	Sex	Male	-0.09464
CCOC(=O)c1ccc(OC(=O)CCCCCN=C(N)N)cc1	Sex	Female	-0.03439
CCOC(=O)c1ccc(OC(=O)CCCCCN=C(N)N)cc1	Age	Children	-0.18726
CCOC(=O)c1ccc(OC(=O)CCCCCN=C(N)N)cc1	Age	Adolescent	-0.20174
CCOC(=O)c1ccc(OC(=O)CCCCCN=C(N)N)cc1	Age	Adult	-0.04357
CCOC(=O)c1ccc(OC(=O)CCCCCN=C(N)N)cc1	Age	Elderly	-0.20972
CCOC(=O)c1ccc(OC(=O)CCCCCN=C(N)N)cc1	Weight	Low	-0.18525
CCOC(=O)c1ccc(OC(=O)CCCCCN=C(N)N)cc1	Weight	Average	-0.25846
CCOC(=O)c1ccc(OC(=O)CCCCCN=C(N)N)cc1	Weight	High	-0.20776
CCOc1nc2cccc(C(=O)OC(C)OC(=O)OC3CCCCC3)c2n1Cc1ccc(-c2ccccc2-c2nn[nH]n2)cc1	Sex	Male	-0.13219
CCOc1nc2cccc(C(=O)OC(C)OC(=O)OC3CCCCC3)c2n1Cc1ccc(-c2ccccc2-c2nn[nH]n2)cc1	Sex	Female	-0.07552
CCOc1nc2cccc(C(=O)OC(C)OC(=O)OC3CCCCC3)c2n1Cc1ccc(-c2ccccc2-c2nn[nH]n2)cc1	Age	Children	-0.2463
CCOc1nc2cccc(C(=O)OC(C)OC(=O)OC3CCCCC3)c2n1Cc1ccc(-c2ccccc2-c2nn[nH]n2)cc1	Age	Adolescent	-0.14558
CCOc1nc2cccc(C(=O)OC(C)OC(=O)OC3CCCCC3)c2n1Cc1ccc(-c2ccccc2-c2nn[nH]n2)cc1	Age	Adult	-0.09613
CCOc1nc2cccc(C(=O)OC(C)OC(=O)OC3CCCCC3)c2n1Cc1ccc(-c2ccccc2-c2nn[nH]n2)cc1	Age	Elderly	-0.17145
CCOc1nc2cccc(C(=O)OC(C)OC(=O)OC3CCCCC3)c2n1Cc1ccc(-c2ccccc2-c2nn[nH]n2)cc1	Weight	Low	-0.24479
CCOc1nc2cccc(C(=O)OC(C)OC(=O)OC3CCCCC3)c2n1Cc1ccc(-c2ccccc2-c2nn[nH]n2)cc1	Weight	Average	-0.13513
CCOc1nc2cccc(C(=O)OC(C)OC(=O)OC3CCCCC3)c2n1Cc1ccc(-c2ccccc2-c2nn[nH]n2)cc1	Weight	High	-0.14868
CCc1nc(C(N)=O)c(Nc2ccc(N3CCC(N4CCN(C)CC4)CC3)c(OC)c2)nc1NC1CCOCC1	Sex	Male	-0.1058
CCc1nc(C(N)=O)c(Nc2ccc(N3CCC(N4CCN(C)CC4)CC3)c(OC)c2)nc1NC1CCOCC1	Sex	Female	-0.02578
CCc1nc(C(N)=O)c(Nc2ccc(N3CCC(N4CCN(C)CC4)CC3)c(OC)c2)nc1NC1CCOCC1	Age	Children	-0.08734
CCc1nc(C(N)=O)c(Nc2ccc(N3CCC(N4CCN(C)CC4)CC3)c(OC)c2)nc1NC1CCOCC1	Age	Adolescent	-0.09834
CCc1nc(C(N)=O)c(Nc2ccc(N3CCC(N4CCN(C)CC4)CC3)c(OC)c2)nc1NC1CCOCC1	Age	Adult	-0.07565
CCc1nc(C(N)=O)c(Nc2ccc(N3CCC(N4CCN(C)CC4)CC3)c(OC)c2)nc1NC1CCOCC1	Age	Elderly	-0.20673
CCc1nc(C(N)=O)c(Nc2ccc(N3CCC(N4CCN(C)CC4)CC3)c(OC)c2)nc1NC1CCOCC1	Weight	Low	-0.08757
CCc1nc(C(N)=O)c(Nc2ccc(N3CCC(N4CCN(C)CC4)CC3)c(OC)c2)nc1NC1CCOCC1	Weight	Average	-0.11826
CCc1nc(C(N)=O)c(Nc2ccc(N3CCC(N4CCN(C)CC4)CC3)c(OC)c2)nc1NC1CCOCC1	Weight	High	-0.27078
CN(C)C(=O)Oc1cccc([N+](C)(C)C)c1	Sex	Male	-0.18048
CN(C)C(=O)Oc1cccc([N+](C)(C)C)c1	Sex	Female	-0.04046
CN(C)C(=O)Oc1cccc([N+](C)(C)C)c1	Age	Children	-0.21904
CN(C)C(=O)Oc1cccc([N+](C)(C)C)c1	Age	Adolescent	-0.07252
CN(C)C(=O)Oc1cccc([N+](C)(C)C)c1	Age	Adult	-0.02223
CN(C)C(=O)Oc1cccc([N+](C)(C)C)c1	Age	Elderly	-0.2972
CN(C)C(=O)Oc1cccc([N+](C)(C)C)c1	Weight	Low	-0.44231
CN(C)C(=O)Oc1cccc([N+](C)(C)C)c1	Weight	Average	-0.3138
CN(C)C(=O)Oc1cccc([N+](C)(C)C)c1	Weight	High	-0.27672
CN(C)CCC=C1c2ccccc2CCc2ccccc21	Sex	Male	-0.0724
CN(C)CCC=C1c2ccccc2CCc2ccccc21	Sex	Female	-0.00347
CN(C)CCC=C1c2ccccc2CCc2ccccc21	Age	Children	-0.0761
CN(C)CCC=C1c2ccccc2CCc2ccccc21	Age	Adolescent	-0.02219
CN(C)CCC=C1c2ccccc2CCc2ccccc21	Age	Adult	-0.06634
CN(C)CCC=C1c2ccccc2CCc2ccccc21	Age	Elderly	-0.195
CN(C)CCC=C1c2ccccc2CCc2ccccc21	Weight	Low	-0.42483
CN(C)CCC=C1c2ccccc2CCc2ccccc21	Weight	Average	-0.20774
CN(C)CCC=C1c2ccccc2CCc2ccccc21	Weight	High	-0.24188
CN(C)CCOC(=O)COc1ccc(Cl)cc1	Sex	Male	-0.1583
CN(C)CCOC(=O)COc1ccc(Cl)cc1	Sex	Female	-0.03009
CN(C)CCOC(=O)COc1ccc(Cl)cc1	Age	Children	-0.17021
CN(C)CCOC(=O)COc1ccc(Cl)cc1	Age	Adolescent	-0.08282
CN(C)CCOC(=O)COc1ccc(Cl)cc1	Age	Adult	-0.07246
CN(C)CCOC(=O)COc1ccc(Cl)cc1	Age	Elderly	-0.27705
CN(C)CCOC(=O)COc1ccc(Cl)cc1	Weight	Low	-0.28975
CN(C)CCOC(=O)COc1ccc(Cl)cc1	Weight	Average	-0.30426
CN(C)CCOC(=O)COc1ccc(Cl)cc1	Weight	High	-0.25223
CN1C2CCCC1CC(NC(=O)c1nn(C)c3ccccc13)C2	Sex	Male	-0.12911
CN1C2CCCC1CC(NC(=O)c1nn(C)c3ccccc13)C2	Sex	Female	-0.0354
CN1C2CCCC1CC(NC(=O)c1nn(C)c3ccccc13)C2	Age	Children	-0.25479
CN1C2CCCC1CC(NC(=O)c1nn(C)c3ccccc13)C2	Age	Adolescent	-0.20195
CN1C2CCCC1CC(NC(=O)c1nn(C)c3ccccc13)C2	Age	Adult	-0.15069
CN1C2CCCC1CC(NC(=O)c1nn(C)c3ccccc13)C2	Age	Elderly	-0.3362
CN1C2CCCC1CC(NC(=O)c1nn(C)c3ccccc13)C2	Weight	Low	-0.37591
CN1C2CCCC1CC(NC(=O)c1nn(C)c3ccccc13)C2	Weight	Average	-0.37847
CN1C2CCCC1CC(NC(=O)c1nn(C)c3ccccc13)C2	Weight	High	-0.39731
CN1CCCC1c1cccnc1	Sex	Male	-0.20188
CN1CCCC1c1cccnc1	Sex	Female	-0.02973
CN1CCCC1c1cccnc1	Age	Children	-0.13614
CN1CCCC1c1cccnc1	Age	Adolescent	-0.16713
CN1CCCC1c1cccnc1	Age	Adult	-0.0872
CN1CCCC1c1cccnc1	Age	Elderly	-0.3139
CN1CCCC1c1cccnc1	Weight	Low	-0.45629
CN1CCCC1c1cccnc1	Weight	Average	-0.42637
CN1CCCC1c1cccnc1	Weight	High	-0.47067
CN1CCN(C2=Nc3cc(Cl)ccc3Nc3ccccc32)CC1	Sex	Male	-0.06646
CN1CCN(C2=Nc3cc(Cl)ccc3Nc3ccccc32)CC1	Sex	Female	-0.00811
CN1CCN(C2=Nc3cc(Cl)ccc3Nc3ccccc32)CC1	Age	Children	-0.05618
CN1CCN(C2=Nc3cc(Cl)ccc3Nc3ccccc32)CC1	Age	Adolescent	0.00104
CN1CCN(C2=Nc3cc(Cl)ccc3Nc3ccccc32)CC1	Age	Adult	-0.07173
CN1CCN(C2=Nc3cc(Cl)ccc3Nc3ccccc32)CC1	Age	Elderly	-0.25196
CN1CCN(C2=Nc3cc(Cl)ccc3Nc3ccccc32)CC1	Weight	Low	-0.16461
CN1CCN(C2=Nc3cc(Cl)ccc3Nc3ccccc32)CC1	Weight	Average	-0.11696
CN1CCN(C2=Nc3cc(Cl)ccc3Nc3ccccc32)CC1	Weight	High	-0.23918
CN1CCN(c2ccc(C(=O)Nc3n[nH]c4ccc(Cc5cc(F)cc(F)c5)cc34)c(NC3CCOCC3)c2)CC1	Sex	Male	-0.08483
CN1CCN(c2ccc(C(=O)Nc3n[nH]c4ccc(Cc5cc(F)cc(F)c5)cc34)c(NC3CCOCC3)c2)CC1	Sex	Female	-0.03253
CN1CCN(c2ccc(C(=O)Nc3n[nH]c4ccc(Cc5cc(F)cc(F)c5)cc34)c(NC3CCOCC3)c2)CC1	Age	Children	-0.11128
CN1CCN(c2ccc(C(=O)Nc3n[nH]c4ccc(Cc5cc(F)cc(F)c5)cc34)c(NC3CCOCC3)c2)CC1	Age	Adolescent	-0.08407
CN1CCN(c2ccc(C(=O)Nc3n[nH]c4ccc(Cc5cc(F)cc(F)c5)cc34)c(NC3CCOCC3)c2)CC1	Age	Adult	-0.07974
CN1CCN(c2ccc(C(=O)Nc3n[nH]c4ccc(Cc5cc(F)cc(F)c5)cc34)c(NC3CCOCC3)c2)CC1	Age	Elderly	-0.16653
CN1CCN(c2ccc(C(=O)Nc3n[nH]c4ccc(Cc5cc(F)cc(F)c5)cc34)c(NC3CCOCC3)c2)CC1	Weight	Low	-0.28866
CN1CCN(c2ccc(C(=O)Nc3n[nH]c4ccc(Cc5cc(F)cc(F)c5)cc34)c(NC3CCOCC3)c2)CC1	Weight	Average	-0.17736
CN1CCN(c2ccc(C(=O)Nc3n[nH]c4ccc(Cc5cc(F)cc(F)c5)cc34)c(NC3CCOCC3)c2)CC1	Weight	High	-0.25077
CNCCC=C1c2ccccc2CCc2ccccc21	Sex	Male	-0.0879
CNCCC=C1c2ccccc2CCc2ccccc21	Sex	Female	-0.01063
CNCCC=C1c2ccccc2CCc2ccccc21	Age	Children	-0.12782
CNCCC=C1c2ccccc2CCc2ccccc21	Age	Adolescent	-0.03287
CNCCC=C1c2ccccc2CCc2ccccc21	Age	Adult	-0.04807
CNCCC=C1c2ccccc2CCc2ccccc21	Age	Elderly	-0.23791
CNCCC=C1c2ccccc2CCc2ccccc21	Weight	Low	-0.44889
CNCCC=C1c2ccccc2CCc2ccccc21	Weight	Average	-0.30893
CNCCC=C1c2ccccc2CCc2ccccc21	Weight	High	-0.41885
COC(=O)C(c1ccccc1Cl)N1CCc2sccc2C1	Sex	Male	-0.21602
COC(=O)C(c1ccccc1Cl)N1CCc2sccc2C1	Sex	Female	-0.0391
COC(=O)C(c1ccccc1Cl)N1CCc2sccc2C1	Age	Children	-0.16482
COC(=O)C(c1ccccc1Cl)N1CCc2sccc2C1	Age	Adolescent	-0.09715
COC(=O)C(c1ccccc1Cl)N1CCc2sccc2C1	Age	Adult	-0.16667
COC(=O)C(c1ccccc1Cl)N1CCc2sccc2C1	Age	Elderly	-0.2952
COC(=O)C(c1ccccc1Cl)N1CCc2sccc2C1	Weight	Low	-0.20896
COC(=O)C(c1ccccc1Cl)N1CCc2sccc2C1	Weight	Average	-0.20705
COC(=O)C(c1ccccc1Cl)N1CCc2sccc2C1	Weight	High	-0.27494
COc1cc2c(cc1OC)-c1cc(=Nc3c(C)cc(C)cc3C)n(CCNC(N)=O)c(=O)n1CC2	Sex	Male	-0.1884
COc1cc2c(cc1OC)-c1cc(=Nc3c(C)cc(C)cc3C)n(CCNC(N)=O)c(=O)n1CC2	Sex	Female	-0.04254
COc1cc2c(cc1OC)-c1cc(=Nc3c(C)cc(C)cc3C)n(CCNC(N)=O)c(=O)n1CC2	Age	Children	-0.27918
COc1cc2c(cc1OC)-c1cc(=Nc3c(C)cc(C)cc3C)n(CCNC(N)=O)c(=O)n1CC2	Age	Adolescent	-0.09967
COc1cc2c(cc1OC)-c1cc(=Nc3c(C)cc(C)cc3C)n(CCNC(N)=O)c(=O)n1CC2	Age	Adult	-0.16808
COc1cc2c(cc1OC)-c1cc(=Nc3c(C)cc(C)cc3C)n(CCNC(N)=O)c(=O)n1CC2	Age	Elderly	-0.27277
COc1cc2c(cc1OC)-c1cc(=Nc3c(C)cc(C)cc3C)n(CCNC(N)=O)c(=O)n1CC2	Weight	Low	-0.2089
COc1cc2c(cc1OC)-c1cc(=Nc3c(C)cc(C)cc3C)n(CCNC(N)=O)c(=O)n1CC2	Weight	Average	-0.20299
COc1cc2c(cc1OC)-c1cc(=Nc3c(C)cc(C)cc3C)n(CCNC(N)=O)c(=O)n1CC2	Weight	High	-0.36381
COc1ccc2c(c1)C(=O)N(CCc1ccc(S(=O)(=O)NC(=O)NC3CCCCC3)cc1)C(=O)C2(C)C	Sex	Male	-0.11304
COc1ccc2c(c1)C(=O)N(CCc1ccc(S(=O)(=O)NC(=O)NC3CCCCC3)cc1)C(=O)C2(C)C	Sex	Female	-0.05868
COc1ccc2c(c1)C(=O)N(CCc1ccc(S(=O)(=O)NC(=O)NC3CCCCC3)cc1)C(=O)C2(C)C	Age	Children	-0.21564
COc1ccc2c(c1)C(=O)N(CCc1ccc(S(=O)(=O)NC(=O)NC3CCCCC3)cc1)C(=O)C2(C)C	Age	Adolescent	-0.23845
COc1ccc2c(c1)C(=O)N(CCc1ccc(S(=O)(=O)NC(=O)NC3CCCCC3)cc1)C(=O)C2(C)C	Age	Adult	-0.04456
COc1ccc2c(c1)C(=O)N(CCc1ccc(S(=O)(=O)NC(=O)NC3CCCCC3)cc1)C(=O)C2(C)C	Age	Elderly	-0.35515
COc1ccc2c(c1)C(=O)N(CCc1ccc(S(=O)(=O)NC(=O)NC3CCCCC3)cc1)C(=O)C2(C)C	Weight	Low	-0.39706
COc1ccc2c(c1)C(=O)N(CCc1ccc(S(=O)(=O)NC(=O)NC3CCCCC3)cc1)C(=O)C2(C)C	Weight	Average	-0.29107
COc1ccc2c(c1)C(=O)N(CCc1ccc(S(=O)(=O)NC(=O)NC3CCCCC3)cc1)C(=O)C2(C)C	Weight	High	-0.27779
COc1ccc2c(c1)c(CC(=O)O)c(C)n2C(=O)C=Cc1ccccc1	Sex	Male	-0.17923
COc1ccc2c(c1)c(CC(=O)O)c(C)n2C(=O)C=Cc1ccccc1	Sex	Female	-0.0647
COc1ccc2c(c1)c(CC(=O)O)c(C)n2C(=O)C=Cc1ccccc1	Age	Children	-0.16224
COc1ccc2c(c1)c(CC(=O)O)c(C)n2C(=O)C=Cc1ccccc1	Age	Adolescent	-0.08921
COc1ccc2c(c1)c(CC(=O)O)c(C)n2C(=O)C=Cc1ccccc1	Age	Adult	-0.15809
COc1ccc2c(c1)c(CC(=O)O)c(C)n2C(=O)C=Cc1ccccc1	Age	Elderly	-0.40806
COc1ccc2c(c1)c(CC(=O)O)c(C)n2C(=O)C=Cc1ccccc1	Weight	Low	-0.24842
COc1ccc2c(c1)c(CC(=O)O)c(C)n2C(=O)C=Cc1ccccc1	Weight	Average	-0.23581
COc1ccc2c(c1)c(CC(=O)O)c(C)n2C(=O)C=Cc1ccccc1	Weight	High	-0.2233
COc1ccc2c3c1OC1C(=O)CCC4C(C2)N(C)CCC314	Sex	Male	-0.08118
COc1ccc2c3c1OC1C(=O)CCC4C(C2)N(C)CCC314	Sex	Female	-0.02602
COc1ccc2c3c1OC1C(=O)CCC4C(C2)N(C)CCC314	Age	Children	-0.18389
COc1ccc2c3c1OC1C(=O)CCC4C(C2)N(C)CCC314	Age	Adolescent	-0.13801
COc1ccc2c3c1OC1C(=O)CCC4C(C2)N(C)CCC314	Age	Adult	-0.0354
COc1ccc2c3c1OC1C(=O)CCC4C(C2)N(C)CCC314	Age	Elderly	-0.22286
COc1ccc2c3c1OC1C(=O)CCC4C(C2)N(C)CCC314	Weight	Low	-0.44011
COc1ccc2c3c1OC1C(=O)CCC4C(C2)N(C)CCC314	Weight	Average	-0.30932
COc1ccc2c3c1OC1C(=O)CCC4C(C2)N(C)CCC314	Weight	High	-0.39299
COc1ccccc1OCC(O)COC(N)=O	Sex	Male	-0.12322
COc1ccccc1OCC(O)COC(N)=O	Sex	Female	-0.05146
COc1ccccc1OCC(O)COC(N)=O	Age	Children	-0.17054
COc1ccccc1OCC(O)COC(N)=O	Age	Adolescent	-0.21434
COc1ccccc1OCC(O)COC(N)=O	Age	Adult	-0.06209
COc1ccccc1OCC(O)COC(N)=O	Age	Elderly	-0.18957
COc1ccccc1OCC(O)COC(N)=O	Weight	Low	-0.26608
COc1ccccc1OCC(O)COC(N)=O	Weight	Average	-0.23835
COc1ccccc1OCC(O)COC(N)=O	Weight	High	-0.33413
Cc1c(O)c(=O)ccn1C	Sex	Male	-0.26128
Cc1c(O)c(=O)ccn1C	Sex	Female	-0.0467
Cc1c(O)c(=O)ccn1C	Age	Children	-0.18146
Cc1c(O)c(=O)ccn1C	Age	Adolescent	-0.14504
Cc1c(O)c(=O)ccn1C	Age	Adult	-0.18726
Cc1c(O)c(=O)ccn1C	Age	Elderly	-0.41088
Cc1c(O)c(=O)ccn1C	Weight	Low	-0.40097
Cc1c(O)c(=O)ccn1C	Weight	Average	-0.29459
Cc1c(O)c(=O)ccn1C	Weight	High	-0.39321
Cc1ccc(NC(=O)C2(c3ccc4c(c3)OC(F)(F)O4)CC2)nc1-c1cccc(C(=O)O)c1	Sex	Male	-0.17224
Cc1ccc(NC(=O)C2(c3ccc4c(c3)OC(F)(F)O4)CC2)nc1-c1cccc(C(=O)O)c1	Sex	Female	-0.04316
Cc1ccc(NC(=O)C2(c3ccc4c(c3)OC(F)(F)O4)CC2)nc1-c1cccc(C(=O)O)c1	Age	Children	-0.16845
Cc1ccc(NC(=O)C2(c3ccc4c(c3)OC(F)(F)O4)CC2)nc1-c1cccc(C(=O)O)c1	Age	Adolescent	-0.18893
Cc1ccc(NC(=O)C2(c3ccc4c(c3)OC(F)(F)O4)CC2)nc1-c1cccc(C(=O)O)c1	Age	Adult	-0.12021
Cc1ccc(NC(=O)C2(c3ccc4c(c3)OC(F)(F)O4)CC2)nc1-c1cccc(C(=O)O)c1	Age	Elderly	-0.30514
Cc1ccc(NC(=O)C2(c3ccc4c(c3)OC(F)(F)O4)CC2)nc1-c1cccc(C(=O)O)c1	Weight	Low	-0.27356
Cc1ccc(NC(=O)C2(c3ccc4c(c3)OC(F)(F)O4)CC2)nc1-c1cccc(C(=O)O)c1	Weight	Average	-0.14071
Cc1ccc(NC(=O)C2(c3ccc4c(c3)OC(F)(F)O4)CC2)nc1-c1cccc(C(=O)O)c1	Weight	High	-0.21245
Cc1ccc(NC(=O)c2ccc(CN3CCN(C)CC3)cc2)cc1Nc1nccc(-c2cccnc2)n1	Sex	Male	-0.15973
Cc1ccc(NC(=O)c2ccc(CN3CCN(C)CC3)cc2)cc1Nc1nccc(-c2cccnc2)n1	Sex	Female	-0.06262
Cc1ccc(NC(=O)c2ccc(CN3CCN(C)CC3)cc2)cc1Nc1nccc(-c2cccnc2)n1	Age	Children	-0.15589
Cc1ccc(NC(=O)c2ccc(CN3CCN(C)CC3)cc2)cc1Nc1nccc(-c2cccnc2)n1	Age	Adolescent	-0.27359
Cc1ccc(NC(=O)c2ccc(CN3CCN(C)CC3)cc2)cc1Nc1nccc(-c2cccnc2)n1	Age	Adult	-0.17764
Cc1ccc(NC(=O)c2ccc(CN3CCN(C)CC3)cc2)cc1Nc1nccc(-c2cccnc2)n1	Age	Elderly	-0.324
Cc1ccc(NC(=O)c2ccc(CN3CCN(C)CC3)cc2)cc1Nc1nccc(-c2cccnc2)n1	Weight	Low	-0.35429
Cc1ccc(NC(=O)c2ccc(CN3CCN(C)CC3)cc2)cc1Nc1nccc(-c2cccnc2)n1	Weight	Average	-0.27803
Cc1ccc(NC(=O)c2ccc(CN3CCN(C)CC3)cc2)cc1Nc1nccc(-c2cccnc2)n1	Weight	High	-0.26603
Cc1cccc(C)c1NC(=O)CC12CCCN1CCC2	Sex	Male	-0.08856
Cc1cccc(C)c1NC(=O)CC12CCCN1CCC2	Sex	Female	-0.02867
Cc1cccc(C)c1NC(=O)CC12CCCN1CCC2	Age	Children	-0.17818
Cc1cccc(C)c1NC(=O)CC12CCCN1CCC2	Age	Adolescent	-0.11922
Cc1cccc(C)c1NC(=O)CC12CCCN1CCC2	Age	Adult	-0.08377
Cc1cccc(C)c1NC(=O)CC12CCCN1CCC2	Age	Elderly	-0.20709
Cc1cccc(C)c1NC(=O)CC12CCCN1CCC2	Weight	Low	-0.36082
Cc1cccc(C)c1NC(=O)CC12CCCN1CCC2	Weight	Average	-0.26188
Cc1cccc(C)c1NC(=O)CC12CCCN1CCC2	Weight	High	-0.25471
Cc1ccccc1-c1cc(N2CCN(C)CC2)ncc1N(C)C(=O)C(C)(C)c1cc(C(F)(F)F)cc(C(F)(F)F)c1	Sex	Male	-0.1682
Cc1ccccc1-c1cc(N2CCN(C)CC2)ncc1N(C)C(=O)C(C)(C)c1cc(C(F)(F)F)cc(C(F)(F)F)c1	Sex	Female	-0.07872
Cc1ccccc1-c1cc(N2CCN(C)CC2)ncc1N(C)C(=O)C(C)(C)c1cc(C(F)(F)F)cc(C(F)(F)F)c1	Age	Children	-0.24964
Cc1ccccc1-c1cc(N2CCN(C)CC2)ncc1N(C)C(=O)C(C)(C)c1cc(C(F)(F)F)cc(C(F)(F)F)c1	Age	Adolescent	-0.07149
Cc1ccccc1-c1cc(N2CCN(C)CC2)ncc1N(C)C(=O)C(C)(C)c1cc(C(F)(F)F)cc(C(F)(F)F)c1	Age	Adult	-0.07203
Cc1ccccc1-c1cc(N2CCN(C)CC2)ncc1N(C)C(=O)C(C)(C)c1cc(C(F)(F)F)cc(C(F)(F)F)c1	Age	Elderly	-0.10222
Cc1ccccc1-c1cc(N2CCN(C)CC2)ncc1N(C)C(=O)C(C)(C)c1cc(C(F)(F)F)cc(C(F)(F)F)c1	Weight	Low	-0.22173
Cc1ccccc1-c1cc(N2CCN(C)CC2)ncc1N(C)C(=O)C(C)(C)c1cc(C(F)(F)F)cc(C(F)(F)F)c1	Weight	Average	-0.01454
Cc1ccccc1-c1cc(N2CCN(C)CC2)ncc1N(C)C(=O)C(C)(C)c1cc(C(F)(F)F)cc(C(F)(F)F)c1	Weight	High	-0.166
Cc1ncc(OCC2(c3cccc(F)c3)CC2C(=O)Nc2ccc(F)cn2)c(C)n1	Sex	Male	-0.11215
Cc1ncc(OCC2(c3cccc(F)c3)CC2C(=O)Nc2ccc(F)cn2)c(C)n1	Sex	Female	-0.05018
Cc1ncc(OCC2(c3cccc(F)c3)CC2C(=O)Nc2ccc(F)cn2)c(C)n1	Age	Children	-0.15776
Cc1ncc(OCC2(c3cccc(F)c3)CC2C(=O)Nc2ccc(F)cn2)c(C)n1	Age	Adolescent	-0.24307
Cc1ncc(OCC2(c3cccc(F)c3)CC2C(=O)Nc2ccc(F)cn2)c(C)n1	Age	Adult	-0.08438
Cc1ncc(OCC2(c3cccc(F)c3)CC2C(=O)Nc2ccc(F)cn2)c(C)n1	Age	Elderly	-0.29947
Cc1ncc(OCC2(c3cccc(F)c3)CC2C(=O)Nc2ccc(F)cn2)c(C)n1	Weight	Low	-0.25046
Cc1ncc(OCC2(c3cccc(F)c3)CC2C(=O)Nc2ccc(F)cn2)c(C)n1	Weight	Average	-0.22474
Cc1ncc(OCC2(c3cccc(F)c3)CC2C(=O)Nc2ccc(F)cn2)c(C)n1	Weight	High	-0.2422
Cc1nccn1CCC(C(N)=O)(c1ccccc1)c1ccccc1	Sex	Male	-0.15056
Cc1nccn1CCC(C(N)=O)(c1ccccc1)c1ccccc1	Sex	Female	-0.04662
Cc1nccn1CCC(C(N)=O)(c1ccccc1)c1ccccc1	Age	Children	-0.12918
Cc1nccn1CCC(C(N)=O)(c1ccccc1)c1ccccc1	Age	Adolescent	-0.03479
Cc1nccn1CCC(C(N)=O)(c1ccccc1)c1ccccc1	Age	Adult	-0.11784
Cc1nccn1CCC(C(N)=O)(c1ccccc1)c1ccccc1	Age	Elderly	-0.22033
Cc1nccn1CCC(C(N)=O)(c1ccccc1)c1ccccc1	Weight	Low	-0.15721
Cc1nccn1CCC(C(N)=O)(c1ccccc1)c1ccccc1	Weight	Average	-0.2658
Cc1nccn1CCC(C(N)=O)(c1ccccc1)c1ccccc1	Weight	High	-0.27581
Cc1onc(-c2ccccc2)c1-c1ccc(S(N)(=O)=O)cc1	Sex	Male	-0.17012
Cc1onc(-c2ccccc2)c1-c1ccc(S(N)(=O)=O)cc1	Sex	Female	-0.05409
Cc1onc(-c2ccccc2)c1-c1ccc(S(N)(=O)=O)cc1	Age	Children	-0.13528
Cc1onc(-c2ccccc2)c1-c1ccc(S(N)(=O)=O)cc1	Age	Adolescent	-0.15146
Cc1onc(-c2ccccc2)c1-c1ccc(S(N)(=O)=O)cc1	Age	Adult	-0.09712
Cc1onc(-c2ccccc2)c1-c1ccc(S(N)(=O)=O)cc1	Age	Elderly	-0.18861
Cc1onc(-c2ccccc2)c1-c1ccc(S(N)(=O)=O)cc1	Weight	Low	-0.14406
Cc1onc(-c2ccccc2)c1-c1ccc(S(N)(=O)=O)cc1	Weight	Average	-0.20097
Cc1onc(-c2ccccc2)c1-c1ccc(S(N)(=O)=O)cc1	Weight	High	-0.17253
NC(=O)OCC(O)COc1ccc(Cl)cc1	Sex	Male	-0.07142
NC(=O)OCC(O)COc1ccc(Cl)cc1	Sex	Female	-0.03846
NC(=O)OCC(O)COc1ccc(Cl)cc1	Age	Children	-0.0677
NC(=O)OCC(O)COc1ccc(Cl)cc1	Age	Adolescent	-0.14159
NC(=O)OCC(O)COc1ccc(Cl)cc1	Age	Adult	-0.07304
NC(=O)OCC(O)COc1ccc(Cl)cc1	Age	Elderly	-0.16265
NC(=O)OCC(O)COc1ccc(Cl)cc1	Weight	Low	-0.2192
NC(=O)OCC(O)COc1ccc(Cl)cc1	Weight	Average	-0.39023
NC(=O)OCC(O)COc1ccc(Cl)cc1	Weight	High	-0.34083
NCC(CC(=O)O)c1ccccc1	Sex	Male	-0.24303
NCC(CC(=O)O)c1ccccc1	Sex	Female	-0.04161
NCC(CC(=O)O)c1ccccc1	Age	Children	-0.10521
NCC(CC(=O)O)c1ccccc1	Age	Adolescent	-0.15003
NCC(CC(=O)O)c1ccccc1	Age	Adult	-0.18752
NCC(CC(=O)O)c1ccccc1	Age	Elderly	-0.41498
NCC(CC(=O)O)c1ccccc1	Weight	Low	-0.30819
NCC(CC(=O)O)c1ccccc1	Weight	Average	-0.42995
NCC(CC(=O)O)c1ccccc1	Weight	High	-0.48788
O=C(NC1CCN(CCc2c[nH]c3ccccc23)CC1)c1ccccc1	Sex	Male	-0.11705
O=C(NC1CCN(CCc2c[nH]c3ccccc23)CC1)c1ccccc1	Sex	Female	-0.02255
O=C(NC1CCN(CCc2c[nH]c3ccccc23)CC1)c1ccccc1	Age	Children	-0.167
O=C(NC1CCN(CCc2c[nH]c3ccccc23)CC1)c1ccccc1	Age	Adolescent	-0.17504
O=C(NC1CCN(CCc2c[nH]c3ccccc23)CC1)c1ccccc1	Age	Adult	-0.11028
O=C(NC1CCN(CCc2c[nH]c3ccccc23)CC1)c1ccccc1	Age	Elderly	-0.27239
O=C(NC1CCN(CCc2c[nH]c3ccccc23)CC1)c1ccccc1	Weight	Low	-0.2948
O=C(NC1CCN(CCc2c[nH]c3ccccc23)CC1)c1ccccc1	Weight	Average	-0.35744
O=C(NC1CCN(CCc2c[nH]c3ccccc23)CC1)c1ccccc1	Weight	High	-0.36899
O=C(O)c1ccccn1	Sex	Male	-0.2868
O=C(O)c1ccccn1	Sex	Female	-0.03685
O=C(O)c1ccccn1	Age	Children	-0.15411
O=C(O)c1ccccn1	Age	Adolescent	-0.10828
O=C(O)c1ccccn1	Age	Adult	-0.17775
O=C(O)c1ccccn1	Age	Elderly	-0.41689
O=C(O)c1ccccn1	Weight	Low	-0.33767
O=C(O)c1ccccn1	Weight	Average	-0.3529
O=C(O)c1ccccn1	Weight	High	-0.27551
O=C(c1ccccc1)c1ccccc1	Sex	Male	-0.23015
O=C(c1ccccc1)c1ccccc1	Sex	Female	-0.0408
O=C(c1ccccc1)c1ccccc1	Age	Children	-0.18215
O=C(c1ccccc1)c1ccccc1	Age	Adolescent	-0.08558
O=C(c1ccccc1)c1ccccc1	Age	Adult	-0.24738
O=C(c1ccccc1)c1ccccc1	Age	Elderly	-0.41792
O=C(c1ccccc1)c1ccccc1	Weight	Low	-0.24524
O=C(c1ccccc1)c1ccccc1	Weight	Average	-0.2829
O=C(c1ccccc1)c1ccccc1	Weight	High	-0.2392
Oc1ccccc1	Sex	Male	-0.29651
Oc1ccccc1	Sex	Female	-0.07696
Oc1ccccc1	Age	Children	-0.16049
Oc1ccccc1	Age	Adolescent	-0.10367
Oc1ccccc1	Age	Adult	-0.17213
Oc1ccccc1	Age	Elderly	-0.40198
Oc1ccccc1	Weight	Low	-0.19889
Oc1ccccc1	Weight	Average	-0.30184
Oc1ccccc1	Weight	High	-0.26286
COC(=O)N(C)c1c(N)nc(-c2nn(Cc3ccccc3F)c3ncccc23)nc1N	Sex	Male	-0.08439
COC(=O)N(C)c1c(N)nc(-c2nn(Cc3ccccc3F)c3ncccc23)nc1N	Sex	Female	-0.03752
COC(=O)N(C)c1c(N)nc(-c2nn(Cc3ccccc3F)c3ncccc23)nc1N	Age	Children	-0.14307
COC(=O)N(C)c1c(N)nc(-c2nn(Cc3ccccc3F)c3ncccc23)nc1N	Age	Adolescent	-0.10476
COC(=O)N(C)c1c(N)nc(-c2nn(Cc3ccccc3F)c3ncccc23)nc1N	Age	Adult	-0.15206
COC(=O)N(C)c1c(N)nc(-c2nn(Cc3ccccc3F)c3ncccc23)nc1N	Age	Elderly	-0.17381
COC(=O)N(C)c1c(N)nc(-c2nn(Cc3ccccc3F)c3ncccc23)nc1N	Weight	Low	-0.22319
COC(=O)N(C)c1c(N)nc(-c2nn(Cc3ccccc3F)c3ncccc23)nc1N	Weight	Average	-0.13887
COC(=O)N(C)c1c(N)nc(-c2nn(Cc3ccccc3F)c3ncccc23)nc1N	Weight	High	-0.1272
Cc1ccc(C(=CCN2CCCC2)c2cccc(C=CC(=O)O)n2)cc1	Sex	Male	-0.24551
Cc1ccc(C(=CCN2CCCC2)c2cccc(C=CC(=O)O)n2)cc1	Sex	Female	-0.04284
Cc1ccc(C(=CCN2CCCC2)c2cccc(C=CC(=O)O)n2)cc1	Age	Children	-0.14684
Cc1ccc(C(=CCN2CCCC2)c2cccc(C=CC(=O)O)n2)cc1	Age	Adolescent	-0.03805
Cc1ccc(C(=CCN2CCCC2)c2cccc(C=CC(=O)O)n2)cc1	Age	Adult	-0.15147
Cc1ccc(C(=CCN2CCCC2)c2cccc(C=CC(=O)O)n2)cc1	Age	Elderly	-0.36392
Cc1ccc(C(=CCN2CCCC2)c2cccc(C=CC(=O)O)n2)cc1	Weight	Low	-0.29249
Cc1ccc(C(=CCN2CCCC2)c2cccc(C=CC(=O)O)n2)cc1	Weight	Average	-0.24571
Cc1ccc(C(=CCN2CCCC2)c2cccc(C=CC(=O)O)n2)cc1	Weight	High	-0.18378
COc1ccc2c3c1OC1CC(O)C=CC31CCN(C)C2	Sex	Male	-0.12888
COc1ccc2c3c1OC1CC(O)C=CC31CCN(C)C2	Sex	Female	-0.02525
COc1ccc2c3c1OC1CC(O)C=CC31CCN(C)C2	Age	Children	-0.16862
COc1ccc2c3c1OC1CC(O)C=CC31CCN(C)C2	Age	Adolescent	-0.093
COc1ccc2c3c1OC1CC(O)C=CC31CCN(C)C2	Age	Adult	-0.0278
COc1ccc2c3c1OC1CC(O)C=CC31CCN(C)C2	Age	Elderly	-0.18774
COc1ccc2c3c1OC1CC(O)C=CC31CCN(C)C2	Weight	Low	-0.40799
COc1ccc2c3c1OC1CC(O)C=CC31CCN(C)C2	Weight	Average	-0.23028
COc1ccc2c3c1OC1CC(O)C=CC31CCN(C)C2	Weight	High	-0.33225
CC(=O)c1ccc2c(c1)N(CCCN(C)C)c1ccccc1S2	Sex	Male	-0.12564
CC(=O)c1ccc2c(c1)N(CCCN(C)C)c1ccccc1S2	Sex	Female	-0.02653
CC(=O)c1ccc2c(c1)N(CCCN(C)C)c1ccccc1S2	Age	Children	-0.17599
CC(=O)c1ccc2c(c1)N(CCCN(C)C)c1ccccc1S2	Age	Adolescent	-0.01703
CC(=O)c1ccc2c(c1)N(CCCN(C)C)c1ccccc1S2	Age	Adult	-0.05569
CC(=O)c1ccc2c(c1)N(CCCN(C)C)c1ccccc1S2	Age	Elderly	-0.31235
CC(=O)c1ccc2c(c1)N(CCCN(C)C)c1ccccc1S2	Weight	Low	-0.33057
CC(=O)c1ccc2c(c1)N(CCCN(C)C)c1ccccc1S2	Weight	Average	-0.18021
CC(=O)c1ccc2c(c1)N(CCCN(C)C)c1ccccc1S2	Weight	High	-0.24294
CC(C)(C(=O)O)c1ccc(C(O)CCCN2CCC(C(O)(c3ccccc3)c3ccccc3)CC2)cc1	Sex	Male	-0.14798
CC(C)(C(=O)O)c1ccc(C(O)CCCN2CCC(C(O)(c3ccccc3)c3ccccc3)CC2)cc1	Sex	Female	-0.04851
CC(C)(C(=O)O)c1ccc(C(O)CCCN2CCC(C(O)(c3ccccc3)c3ccccc3)CC2)cc1	Age	Children	-0.30277
CC(C)(C(=O)O)c1ccc(C(O)CCCN2CCC(C(O)(c3ccccc3)c3ccccc3)CC2)cc1	Age	Adolescent	-0.1988
CC(C)(C(=O)O)c1ccc(C(O)CCCN2CCC(C(O)(c3ccccc3)c3ccccc3)CC2)cc1	Age	Adult	-0.12178
CC(C)(C(=O)O)c1ccc(C(O)CCCN2CCC(C(O)(c3ccccc3)c3ccccc3)CC2)cc1	Age	Elderly	-0.20552
CC(C)(C(=O)O)c1ccc(C(O)CCCN2CCC(C(O)(c3ccccc3)c3ccccc3)CC2)cc1	Weight	Low	-0.25062
CC(C)(C(=O)O)c1ccc(C(O)CCCN2CCC(C(O)(c3ccccc3)c3ccccc3)CC2)cc1	Weight	Average	-0.19166
CC(C)(C(=O)O)c1ccc(C(O)CCCN2CCC(C(O)(c3ccccc3)c3ccccc3)CC2)cc1	Weight	High	-0.32874
CC(CC(Cc1ccc(-c2ccccc2)cc1)NC(=O)CCC(=O)O)C(=O)O	Sex	Male	-0.15642
CC(CC(Cc1ccc(-c2ccccc2)cc1)NC(=O)CCC(=O)O)C(=O)O	Sex	Female	-0.06991
CC(CC(Cc1ccc(-c2ccccc2)cc1)NC(=O)CCC(=O)O)C(=O)O	Age	Children	-0.22589
CC(CC(Cc1ccc(-c2ccccc2)cc1)NC(=O)CCC(=O)O)C(=O)O	Age	Adolescent	-0.13613
CC(CC(Cc1ccc(-c2ccccc2)cc1)NC(=O)CCC(=O)O)C(=O)O	Age	Adult	-0.07078
CC(CC(Cc1ccc(-c2ccccc2)cc1)NC(=O)CCC(=O)O)C(=O)O	Age	Elderly	-0.23879
CC(CC(Cc1ccc(-c2ccccc2)cc1)NC(=O)CCC(=O)O)C(=O)O	Weight	Low	-0.33768
CC(CC(Cc1ccc(-c2ccccc2)cc1)NC(=O)CCC(=O)O)C(=O)O	Weight	Average	-0.33768
CC(CC(Cc1ccc(-c2ccccc2)cc1)NC(=O)CCC(=O)O)C(=O)O	Weight	High	-0.40235
CCN(CC)CCOC(=O)C(Cc1cccc2ccccc12)CC1CCCO1	Sex	Male	-0.11842
CCN(CC)CCOC(=O)C(Cc1cccc2ccccc12)CC1CCCO1	Sex	Female	-0.05497
CCN(CC)CCOC(=O)C(Cc1cccc2ccccc12)CC1CCCO1	Age	Children	-0.13293
CCN(CC)CCOC(=O)C(Cc1cccc2ccccc12)CC1CCCO1	Age	Adolescent	-0.04688
CCN(CC)CCOC(=O)C(Cc1cccc2ccccc12)CC1CCCO1	Age	Adult	-0.09504
CCN(CC)CCOC(=O)C(Cc1cccc2ccccc12)CC1CCCO1	Age	Elderly	-0.21183
CCN(CC)CCOC(=O)C(Cc1cccc2ccccc12)CC1CCCO1	Weight	Low	-0.32657
CCN(CC)CCOC(=O)C(Cc1cccc2ccccc12)CC1CCCO1	Weight	Average	-0.32003
CCN(CC)CCOC(=O)C(Cc1cccc2ccccc12)CC1CCCO1	Weight	High	-0.32617
CCOC(=O)C(CCc1ccccc1)NC(C)C(=O)N1C(C(=O)O)CC2CCCCC21	Sex	Male	-0.15301
CCOC(=O)C(CCc1ccccc1)NC(C)C(=O)N1C(C(=O)O)CC2CCCCC21	Sex	Female	-0.02983
CCOC(=O)C(CCc1ccccc1)NC(C)C(=O)N1C(C(=O)O)CC2CCCCC21	Age	Children	-0.20507
CCOC(=O)C(CCc1ccccc1)NC(C)C(=O)N1C(C(=O)O)CC2CCCCC21	Age	Adolescent	-0.1673
CCOC(=O)C(CCc1ccccc1)NC(C)C(=O)N1C(C(=O)O)CC2CCCCC21	Age	Adult	-0.13691
CCOC(=O)C(CCc1ccccc1)NC(C)C(=O)N1C(C(=O)O)CC2CCCCC21	Age	Elderly	-0.2964
CCOC(=O)C(CCc1ccccc1)NC(C)C(=O)N1C(C(=O)O)CC2CCCCC21	Weight	Low	-0.23328
CCOC(=O)C(CCc1ccccc1)NC(C)C(=O)N1C(C(=O)O)CC2CCCCC21	Weight	Average	-0.32749
CCOC(=O)C(CCc1ccccc1)NC(C)C(=O)N1C(C(=O)O)CC2CCCCC21	Weight	High	-0.39955
CCOC(=O)C(CCc1ccccc1)NC(C)C(=O)N1CC2(CC1C(=O)O)SCCS2	Sex	Male	-0.1352
CCOC(=O)C(CCc1ccccc1)NC(C)C(=O)N1CC2(CC1C(=O)O)SCCS2	Sex	Female	-0.01745
CCOC(=O)C(CCc1ccccc1)NC(C)C(=O)N1CC2(CC1C(=O)O)SCCS2	Age	Children	-0.23022
CCOC(=O)C(CCc1ccccc1)NC(C)C(=O)N1CC2(CC1C(=O)O)SCCS2	Age	Adolescent	-0.19526
CCOC(=O)C(CCc1ccccc1)NC(C)C(=O)N1CC2(CC1C(=O)O)SCCS2	Age	Adult	-0.07578
CCOC(=O)C(CCc1ccccc1)NC(C)C(=O)N1CC2(CC1C(=O)O)SCCS2	Age	Elderly	-0.37689
CCOC(=O)C(CCc1ccccc1)NC(C)C(=O)N1CC2(CC1C(=O)O)SCCS2	Weight	Low	-0.31448
CCOC(=O)C(CCc1ccccc1)NC(C)C(=O)N1CC2(CC1C(=O)O)SCCS2	Weight	Average	-0.23435
CCOC(=O)C(CCc1ccccc1)NC(C)C(=O)N1CC2(CC1C(=O)O)SCCS2	Weight	High	-0.40356
CCOc1ccccc1OCCNC(C)Cc1ccc(OC)c(S(N)(=O)=O)c1	Sex	Male	-0.07604
CCOc1ccccc1OCCNC(C)Cc1ccc(OC)c(S(N)(=O)=O)c1	Sex	Female	-0.01556
CCOc1ccccc1OCCNC(C)Cc1ccc(OC)c(S(N)(=O)=O)c1	Age	Children	-0.16588
CCOc1ccccc1OCCNC(C)Cc1ccc(OC)c(S(N)(=O)=O)c1	Age	Adolescent	-0.11909
CCOc1ccccc1OCCNC(C)Cc1ccc(OC)c(S(N)(=O)=O)c1	Age	Adult	-0.0537
CCOc1ccccc1OCCNC(C)Cc1ccc(OC)c(S(N)(=O)=O)c1	Age	Elderly	-0.15422
CCOc1ccccc1OCCNC(C)Cc1ccc(OC)c(S(N)(=O)=O)c1	Weight	Low	-0.17314
CCOc1ccccc1OCCNC(C)Cc1ccc(OC)c(S(N)(=O)=O)c1	Weight	Average	-0.1688
CCOc1ccccc1OCCNC(C)Cc1ccc(OC)c(S(N)(=O)=O)c1	Weight	High	-0.16576
CN(C)CC1CCCCC1(O)c1cccc(O)c1	Sex	Male	-0.17609
CN(C)CC1CCCCC1(O)c1cccc(O)c1	Sex	Female	-0.05768
CN(C)CC1CCCCC1(O)c1cccc(O)c1	Age	Children	-0.21342
CN(C)CC1CCCCC1(O)c1cccc(O)c1	Age	Adolescent	-0.17135
CN(C)CC1CCCCC1(O)c1cccc(O)c1	Age	Adult	-0.083
CN(C)CC1CCCCC1(O)c1cccc(O)c1	Age	Elderly	-0.24627
CN(C)CC1CCCCC1(O)c1cccc(O)c1	Weight	Low	-0.40812
CN(C)CC1CCCCC1(O)c1cccc(O)c1	Weight	Average	-0.2499
CN(C)CC1CCCCC1(O)c1cccc(O)c1	Weight	High	-0.46746
CN(C)S(=O)(=O)c1ccc2c(c1)N(CCCN1CCC(CCO)CC1)c1ccccc1S2	Sex	Male	-0.05614
CN(C)S(=O)(=O)c1ccc2c(c1)N(CCCN1CCC(CCO)CC1)c1ccccc1S2	Sex	Female	-0.00841
CN(C)S(=O)(=O)c1ccc2c(c1)N(CCCN1CCC(CCO)CC1)c1ccccc1S2	Age	Children	-0.11528
CN(C)S(=O)(=O)c1ccc2c(c1)N(CCCN1CCC(CCO)CC1)c1ccccc1S2	Age	Adolescent	-0.0692
CN(C)S(=O)(=O)c1ccc2c(c1)N(CCCN1CCC(CCO)CC1)c1ccccc1S2	Age	Adult	-0.02954
CN(C)S(=O)(=O)c1ccc2c(c1)N(CCCN1CCC(CCO)CC1)c1ccccc1S2	Age	Elderly	-0.13115
CN(C)S(=O)(=O)c1ccc2c(c1)N(CCCN1CCC(CCO)CC1)c1ccccc1S2	Weight	Low	-0.1237
CN(C)S(=O)(=O)c1ccc2c(c1)N(CCCN1CCC(CCO)CC1)c1ccccc1S2	Weight	Average	-0.10406
CN(C)S(=O)(=O)c1ccc2c(c1)N(CCCN1CCC(CCO)CC1)c1ccccc1S2	Weight	High	-0.15575
CN1CCC23c4c5ccc(O)c4OC2C(=O)CCC3(O)C1C5	Sex	Male	-0.07595
CN1CCC23c4c5ccc(O)c4OC2C(=O)CCC3(O)C1C5	Sex	Female	-0.02758
CN1CCC23c4c5ccc(O)c4OC2C(=O)CCC3(O)C1C5	Age	Children	-0.23213
CN1CCC23c4c5ccc(O)c4OC2C(=O)CCC3(O)C1C5	Age	Adolescent	-0.30267
CN1CCC23c4c5ccc(O)c4OC2C(=O)CCC3(O)C1C5	Age	Adult	-0.14011
CN1CCC23c4c5ccc(O)c4OC2C(=O)CCC3(O)C1C5	Age	Elderly	-0.26868
CN1CCC23c4c5ccc(O)c4OC2C(=O)CCC3(O)C1C5	Weight	Low	-0.5983
CN1CCC23c4c5ccc(O)c4OC2C(=O)CCC3(O)C1C5	Weight	Average	-0.54681
CN1CCC23c4c5ccc(O)c4OC2C(=O)CCC3(O)C1C5	Weight	High	-0.53212
CNC(C)Cc1ccccc1	Sex	Male	-0.29288
CNC(C)Cc1ccccc1	Sex	Female	-0.05411
CNC(C)Cc1ccccc1	Age	Children	-0.18912
CNC(C)Cc1ccccc1	Age	Adolescent	-0.13808
CNC(C)Cc1ccccc1	Age	Adult	-0.1575
CNC(C)Cc1ccccc1	Age	Elderly	-0.43603
CNC(C)Cc1ccccc1	Weight	Low	-0.38257
CNC(C)Cc1ccccc1	Weight	Average	-0.56859
CNC(C)Cc1ccccc1	Weight	High	-0.62138
COC(=O)C(c1ccccc1)C1CCCCN1C(=O)OC[n+]1cccc(C(=O)NC(CO)C(=O)[O-])c1	Sex	Male	-0.23506
COC(=O)C(c1ccccc1)C1CCCCN1C(=O)OC[n+]1cccc(C(=O)NC(CO)C(=O)[O-])c1	Sex	Female	-0.10893
COC(=O)C(c1ccccc1)C1CCCCN1C(=O)OC[n+]1cccc(C(=O)NC(CO)C(=O)[O-])c1	Age	Children	-0.20544
COC(=O)C(c1ccccc1)C1CCCCN1C(=O)OC[n+]1cccc(C(=O)NC(CO)C(=O)[O-])c1	Age	Adolescent	-0.2603
COC(=O)C(c1ccccc1)C1CCCCN1C(=O)OC[n+]1cccc(C(=O)NC(CO)C(=O)[O-])c1	Age	Adult	-0.1167
COC(=O)C(c1ccccc1)C1CCCCN1C(=O)OC[n+]1cccc(C(=O)NC(CO)C(=O)[O-])c1	Age	Elderly	-0.3689
COC(=O)C(c1ccccc1)C1CCCCN1C(=O)OC[n+]1cccc(C(=O)NC(CO)C(=O)[O-])c1	Weight	Low	-0.34771
COC(=O)C(c1ccccc1)C1CCCCN1C(=O)OC[n+]1cccc(C(=O)NC(CO)C(=O)[O-])c1	Weight	Average	-0.26252
COC(=O)C(c1ccccc1)C1CCCCN1C(=O)OC[n+]1cccc(C(=O)NC(CO)C(=O)[O-])c1	Weight	High	-0.38233
COC(=O)OCOc1c2n(ccc1=O)N(C1c3ccccc3SCc3c1ccc(F)c3F)C1COCCN1C2=O	Sex	Male	-0.11613
COC(=O)OCOc1c2n(ccc1=O)N(C1c3ccccc3SCc3c1ccc(F)c3F)C1COCCN1C2=O	Sex	Female	-0.03609
COC(=O)OCOc1c2n(ccc1=O)N(C1c3ccccc3SCc3c1ccc(F)c3F)C1COCCN1C2=O	Age	Children	-0.24263
COC(=O)OCOc1c2n(ccc1=O)N(C1c3ccccc3SCc3c1ccc(F)c3F)C1COCCN1C2=O	Age	Adolescent	-0.10313
COC(=O)OCOc1c2n(ccc1=O)N(C1c3ccccc3SCc3c1ccc(F)c3F)C1COCCN1C2=O	Age	Adult	-0.13313
COC(=O)OCOc1c2n(ccc1=O)N(C1c3ccccc3SCc3c1ccc(F)c3F)C1COCCN1C2=O	Age	Elderly	-0.37549
COC(=O)OCOc1c2n(ccc1=O)N(C1c3ccccc3SCc3c1ccc(F)c3F)C1COCCN1C2=O	Weight	Low	-0.38213
COC(=O)OCOc1c2n(ccc1=O)N(C1c3ccccc3SCc3c1ccc(F)c3F)C1COCCN1C2=O	Weight	Average	-0.20594
COC(=O)OCOc1c2n(ccc1=O)N(C1c3ccccc3SCc3c1ccc(F)c3F)C1COCCN1C2=O	Weight	High	-0.31099
COCC(NC(C)=O)C(=O)NCc1ccccc1	Sex	Male	-0.16362
COCC(NC(C)=O)C(=O)NCc1ccccc1	Sex	Female	-0.02913
COCC(NC(C)=O)C(=O)NCc1ccccc1	Age	Children	-0.09722
COCC(NC(C)=O)C(=O)NCc1ccccc1	Age	Adolescent	-0.19622
COCC(NC(C)=O)C(=O)NCc1ccccc1	Age	Adult	-0.12337
COCC(NC(C)=O)C(=O)NCc1ccccc1	Age	Elderly	-0.33725
COCC(NC(C)=O)C(=O)NCc1ccccc1	Weight	Low	-0.24092
COCC(NC(C)=O)C(=O)NCc1ccccc1	Weight	Average	-0.53254
COCC(NC(C)=O)C(=O)NCc1ccccc1	Weight	High	-0.44764
COc1cc(C(=O)c2ccc(Cl)cc2)cc(OC)c1OCCN1CCOCC1	Sex	Male	-0.22558
COc1cc(C(=O)c2ccc(Cl)cc2)cc(OC)c1OCCN1CCOCC1	Sex	Female	-0.02079
COc1cc(C(=O)c2ccc(Cl)cc2)cc(OC)c1OCCN1CCOCC1	Age	Children	-0.16059
COc1cc(C(=O)c2ccc(Cl)cc2)cc(OC)c1OCCN1CCOCC1	Age	Adolescent	-0.05808
COc1cc(C(=O)c2ccc(Cl)cc2)cc(OC)c1OCCN1CCOCC1	Age	Adult	-0.13331
COc1cc(C(=O)c2ccc(Cl)cc2)cc(OC)c1OCCN1CCOCC1	Age	Elderly	-0.30651
COc1cc(C(=O)c2ccc(Cl)cc2)cc(OC)c1OCCN1CCOCC1	Weight	Low	-0.21474
COc1cc(C(=O)c2ccc(Cl)cc2)cc(OC)c1OCCN1CCOCC1	Weight	Average	-0.10789
COc1cc(C(=O)c2ccc(Cl)cc2)cc(OC)c1OCCN1CCOCC1	Weight	High	-0.25143
COc1cc2c(cc1OC)C(=O)C(CC1CCN(Cc3ccccc3)CC1)C2	Sex	Male	-0.1007
COc1cc2c(cc1OC)C(=O)C(CC1CCN(Cc3ccccc3)CC1)C2	Sex	Female	-0.03556
COc1cc2c(cc1OC)C(=O)C(CC1CCN(Cc3ccccc3)CC1)C2	Age	Children	-0.18673
COc1cc2c(cc1OC)C(=O)C(CC1CCN(Cc3ccccc3)CC1)C2	Age	Adolescent	-0.09993
COc1cc2c(cc1OC)C(=O)C(CC1CCN(Cc3ccccc3)CC1)C2	Age	Adult	-0.04902
COc1cc2c(cc1OC)C(=O)C(CC1CCN(Cc3ccccc3)CC1)C2	Age	Elderly	-0.26637
COc1cc2c(cc1OC)C(=O)C(CC1CCN(Cc3ccccc3)CC1)C2	Weight	Low	-0.35641
COc1cc2c(cc1OC)C(=O)C(CC1CCN(Cc3ccccc3)CC1)C2	Weight	Average	-0.15828
COc1cc2c(cc1OC)C(=O)C(CC1CCN(Cc3ccccc3)CC1)C2	Weight	High	-0.30576
COc1cc2nc(N3CCN(C(=O)c4ccco4)CC3)nc(N)c2cc1OC	Sex	Male	-0.10666
COc1cc2nc(N3CCN(C(=O)c4ccco4)CC3)nc(N)c2cc1OC	Sex	Female	-0.0221
COc1cc2nc(N3CCN(C(=O)c4ccco4)CC3)nc(N)c2cc1OC	Age	Children	-0.1394
COc1cc2nc(N3CCN(C(=O)c4ccco4)CC3)nc(N)c2cc1OC	Age	Adolescent	-0.17009
COc1cc2nc(N3CCN(C(=O)c4ccco4)CC3)nc(N)c2cc1OC	Age	Adult	-0.06722
COc1cc2nc(N3CCN(C(=O)c4ccco4)CC3)nc(N)c2cc1OC	Age	Elderly	-0.18183
COc1cc2nc(N3CCN(C(=O)c4ccco4)CC3)nc(N)c2cc1OC	Weight	Low	-0.38057
COc1cc2nc(N3CCN(C(=O)c4ccco4)CC3)nc(N)c2cc1OC	Weight	Average	-0.06486
COc1cc2nc(N3CCN(C(=O)c4ccco4)CC3)nc(N)c2cc1OC	Weight	High	-0.091
Cc1cc(N2CCN(C3CNC(C(=O)N4CCSC4)C3)CC2)n(-c2ccccc2)n1	Sex	Male	-0.1149
Cc1cc(N2CCN(C3CNC(C(=O)N4CCSC4)C3)CC2)n(-c2ccccc2)n1	Sex	Female	-0.01107
Cc1cc(N2CCN(C3CNC(C(=O)N4CCSC4)C3)CC2)n(-c2ccccc2)n1	Age	Children	-0.17565
Cc1cc(N2CCN(C3CNC(C(=O)N4CCSC4)C3)CC2)n(-c2ccccc2)n1	Age	Adolescent	-0.12953
Cc1cc(N2CCN(C3CNC(C(=O)N4CCSC4)C3)CC2)n(-c2ccccc2)n1	Age	Adult	-0.06363
Cc1cc(N2CCN(C3CNC(C(=O)N4CCSC4)C3)CC2)n(-c2ccccc2)n1	Age	Elderly	-0.23875
Cc1cc(N2CCN(C3CNC(C(=O)N4CCSC4)C3)CC2)n(-c2ccccc2)n1	Weight	Low	-0.22644
Cc1cc(N2CCN(C3CNC(C(=O)N4CCSC4)C3)CC2)n(-c2ccccc2)n1	Weight	Average	-0.21974
Cc1cc(N2CCN(C3CNC(C(=O)N4CCSC4)C3)CC2)n(-c2ccccc2)n1	Weight	High	-0.27046
Clc1ccccc1CN1CCc2sccc2C1	Sex	Male	-0.2221
Clc1ccccc1CN1CCc2sccc2C1	Sex	Female	-0.04902
Clc1ccccc1CN1CCc2sccc2C1	Age	Children	-0.17632
Clc1ccccc1CN1CCc2sccc2C1	Age	Adolescent	-0.06886
Clc1ccccc1CN1CCc2sccc2C1	Age	Adult	-0.24299
Clc1ccccc1CN1CCc2sccc2C1	Age	Elderly	-0.29069
Clc1ccccc1CN1CCc2sccc2C1	Weight	Low	-0.28922
Clc1ccccc1CN1CCc2sccc2C1	Weight	Average	-0.20674
Clc1ccccc1CN1CCc2sccc2C1	Weight	High	-0.31183
N#CC1(c2ccc(NC(=O)c3cccnc3NCc3ccncc3)cc2)CCCC1	Sex	Male	-0.08006
N#CC1(c2ccc(NC(=O)c3cccnc3NCc3ccncc3)cc2)CCCC1	Sex	Female	-0.08822
N#CC1(c2ccc(NC(=O)c3cccnc3NCc3ccncc3)cc2)CCCC1	Age	Children	-0.21792
N#CC1(c2ccc(NC(=O)c3cccnc3NCc3ccncc3)cc2)CCCC1	Age	Adolescent	-0.1979
N#CC1(c2ccc(NC(=O)c3cccnc3NCc3ccncc3)cc2)CCCC1	Age	Adult	-0.13169
N#CC1(c2ccc(NC(=O)c3cccnc3NCc3ccncc3)cc2)CCCC1	Age	Elderly	-0.31447
N#CC1(c2ccc(NC(=O)c3cccnc3NCc3ccncc3)cc2)CCCC1	Weight	Low	-0.22443
N#CC1(c2ccc(NC(=O)c3cccnc3NCc3ccncc3)cc2)CCCC1	Weight	Average	-0.1881
N#CC1(c2ccc(NC(=O)c3cccnc3NCc3ccncc3)cc2)CCCC1	Weight	High	-0.22871
NC(=O)OCC(COC(N)=O)c1ccccc1	Sex	Male	-0.1225
NC(=O)OCC(COC(N)=O)c1ccccc1	Sex	Female	-0.03938
NC(=O)OCC(COC(N)=O)c1ccccc1	Age	Children	-0.06564
NC(=O)OCC(COC(N)=O)c1ccccc1	Age	Adolescent	-0.07905
NC(=O)OCC(COC(N)=O)c1ccccc1	Age	Adult	-0.14978
NC(=O)OCC(COC(N)=O)c1ccccc1	Age	Elderly	-0.343
NC(=O)OCC(COC(N)=O)c1ccccc1	Weight	Low	-0.32746
NC(=O)OCC(COC(N)=O)c1ccccc1	Weight	Average	-0.26856
NC(=O)OCC(COC(N)=O)c1ccccc1	Weight	High	-0.36557
OC(COC1CN2CCC1CC2)(c1ccccc1)C1CCCC1	Sex	Male	-0.10434
OC(COC1CN2CCC1CC2)(c1ccccc1)C1CCCC1	Sex	Female	-0.05012
OC(COC1CN2CCC1CC2)(c1ccccc1)C1CCCC1	Age	Children	-0.19459
OC(COC1CN2CCC1CC2)(c1ccccc1)C1CCCC1	Age	Adolescent	-0.10256
OC(COC1CN2CCC1CC2)(c1ccccc1)C1CCCC1	Age	Adult	-0.14356
OC(COC1CN2CCC1CC2)(c1ccccc1)C1CCCC1	Age	Elderly	-0.19631
OC(COC1CN2CCC1CC2)(c1ccccc1)C1CCCC1	Weight	Low	-0.28802
OC(COC1CN2CCC1CC2)(c1ccccc1)C1CCCC1	Weight	Average	-0.28891
OC(COC1CN2CCC1CC2)(c1ccccc1)C1CCCC1	Weight	High	-0.31496
C=CC(=O)N1CCCC(n2nc(-c3ccc(Oc4ccccc4)cc3)c3c(N)ncnc32)C1	Sex	Male	-0.06092
C=CC(=O)N1CCCC(n2nc(-c3ccc(Oc4ccccc4)cc3)c3c(N)ncnc32)C1	Sex	Female	-0.08171
C=CC(=O)N1CCCC(n2nc(-c3ccc(Oc4ccccc4)cc3)c3c(N)ncnc32)C1	Age	Children	-0.23743
C=CC(=O)N1CCCC(n2nc(-c3ccc(Oc4ccccc4)cc3)c3c(N)ncnc32)C1	Age	Adolescent	-0.18114
C=CC(=O)N1CCCC(n2nc(-c3ccc(Oc4ccccc4)cc3)c3c(N)ncnc32)C1	Age	Adult	-0.1114
C=CC(=O)N1CCCC(n2nc(-c3ccc(Oc4ccccc4)cc3)c3c(N)ncnc32)C1	Age	Elderly	-0.17967
C=CC(=O)N1CCCC(n2nc(-c3ccc(Oc4ccccc4)cc3)c3c(N)ncnc32)C1	Weight	Low	-0.37487
C=CC(=O)N1CCCC(n2nc(-c3ccc(Oc4ccccc4)cc3)c3c(N)ncnc32)C1	Weight	Average	-0.32103
C=CC(=O)N1CCCC(n2nc(-c3ccc(Oc4ccccc4)cc3)c3c(N)ncnc32)C1	Weight	High	-0.37203
CC(=C(CCOC(=O)c1ccccc1)SC(=O)c1ccccc1)N(C=O)Cc1cnc(C)nc1N	Sex	Male	-0.0818
CC(=C(CCOC(=O)c1ccccc1)SC(=O)c1ccccc1)N(C=O)Cc1cnc(C)nc1N	Sex	Female	-0.04585
CC(=C(CCOC(=O)c1ccccc1)SC(=O)c1ccccc1)N(C=O)Cc1cnc(C)nc1N	Age	Children	-0.09052
CC(=C(CCOC(=O)c1ccccc1)SC(=O)c1ccccc1)N(C=O)Cc1cnc(C)nc1N	Age	Adolescent	-0.02303
CC(=C(CCOC(=O)c1ccccc1)SC(=O)c1ccccc1)N(C=O)Cc1cnc(C)nc1N	Age	Adult	-0.12454
CC(=C(CCOC(=O)c1ccccc1)SC(=O)c1ccccc1)N(C=O)Cc1cnc(C)nc1N	Age	Elderly	-0.29443
CC(=C(CCOC(=O)c1ccccc1)SC(=O)c1ccccc1)N(C=O)Cc1cnc(C)nc1N	Weight	Low	-0.19318
CC(=C(CCOC(=O)c1ccccc1)SC(=O)c1ccccc1)N(C=O)Cc1cnc(C)nc1N	Weight	Average	-0.15593
CC(=C(CCOC(=O)c1ccccc1)SC(=O)c1ccccc1)N(C=O)Cc1cnc(C)nc1N	Weight	High	-0.214
CC(=O)C12OC(C)(c3ccccc3)OC1CC1C3CCC4=CC(=O)CCC4(C)C3CCC12C	Sex	Male	-0.03699
CC(=O)C12OC(C)(c3ccccc3)OC1CC1C3CCC4=CC(=O)CCC4(C)C3CCC12C	Sex	Female	-0.04085
CC(=O)C12OC(C)(c3ccccc3)OC1CC1C3CCC4=CC(=O)CCC4(C)C3CCC12C	Age	Children	-0.14734
CC(=O)C12OC(C)(c3ccccc3)OC1CC1C3CCC4=CC(=O)CCC4(C)C3CCC12C	Age	Adolescent	-0.1739
CC(=O)C12OC(C)(c3ccccc3)OC1CC1C3CCC4=CC(=O)CCC4(C)C3CCC12C	Age	Adult	-0.12445
CC(=O)C12OC(C)(c3ccccc3)OC1CC1C3CCC4=CC(=O)CCC4(C)C3CCC12C	Age	Elderly	-0.20997
CC(=O)C12OC(C)(c3ccccc3)OC1CC1C3CCC4=CC(=O)CCC4(C)C3CCC12C	Weight	Low	-0.50657
CC(=O)C12OC(C)(c3ccccc3)OC1CC1C3CCC4=CC(=O)CCC4(C)C3CCC12C	Weight	Average	-0.50131
CC(=O)C12OC(C)(c3ccccc3)OC1CC1C3CCC4=CC(=O)CCC4(C)C3CCC12C	Weight	High	-0.27302
CC(=O)OCC(=O)C1(O)CCC2C3CCC4=CC(=O)CCC4(C)C3C(=O)CC21C	Sex	Male	-0.1097
CC(=O)OCC(=O)C1(O)CCC2C3CCC4=CC(=O)CCC4(C)C3C(=O)CC21C	Sex	Female	-0.014
CC(=O)OCC(=O)C1(O)CCC2C3CCC4=CC(=O)CCC4(C)C3C(=O)CC21C	Age	Children	-0.11545
CC(=O)OCC(=O)C1(O)CCC2C3CCC4=CC(=O)CCC4(C)C3C(=O)CC21C	Age	Adolescent	-0.32483
CC(=O)OCC(=O)C1(O)CCC2C3CCC4=CC(=O)CCC4(C)C3C(=O)CC21C	Age	Adult	-0.11789
CC(=O)OCC(=O)C1(O)CCC2C3CCC4=CC(=O)CCC4(C)C3C(=O)CC21C	Age	Elderly	-0.34086
CC(=O)OCC(=O)C1(O)CCC2C3CCC4=CC(=O)CCC4(C)C3C(=O)CC21C	Weight	Low	-0.48354
CC(=O)OCC(=O)C1(O)CCC2C3CCC4=CC(=O)CCC4(C)C3C(=O)CC21C	Weight	Average	-0.5077
CC(=O)OCC(=O)C1(O)CCC2C3CCC4=CC(=O)CCC4(C)C3C(=O)CC21C	Weight	High	-0.37156
CC(=O)Oc1ccccc1Nc1c(Cl)cccc1Cl	Sex	Male	-0.16915
CC(=O)Oc1ccccc1Nc1c(Cl)cccc1Cl	Sex	Female	-0.06896
CC(=O)Oc1ccccc1Nc1c(Cl)cccc1Cl	Age	Children	-0.17799
CC(=O)Oc1ccccc1Nc1c(Cl)cccc1Cl	Age	Adolescent	-0.05142
CC(=O)Oc1ccccc1Nc1c(Cl)cccc1Cl	Age	Adult	-0.15109
CC(=O)Oc1ccccc1Nc1c(Cl)cccc1Cl	Age	Elderly	-0.21554
CC(=O)Oc1ccccc1Nc1c(Cl)cccc1Cl	Weight	Low	-0.09874
CC(=O)Oc1ccccc1Nc1c(Cl)cccc1Cl	Weight	Average	-0.09697
CC(=O)Oc1ccccc1Nc1c(Cl)cccc1Cl	Weight	High	-0.08627
CC(=O)c1cc2c(o1)C(=O)c1ccccc1C2=O	Sex	Male	-0.16909
CC(=O)c1cc2c(o1)C(=O)c1ccccc1C2=O	Sex	Female	-0.04775
CC(=O)c1cc2c(o1)C(=O)c1ccccc1C2=O	Age	Children	-0.24058
CC(=O)c1cc2c(o1)C(=O)c1ccccc1C2=O	Age	Adolescent	-0.11528
CC(=O)c1cc2c(o1)C(=O)c1ccccc1C2=O	Age	Adult	-0.10769
CC(=O)c1cc2c(o1)C(=O)c1ccccc1C2=O	Age	Elderly	-0.38522
CC(=O)c1cc2c(o1)C(=O)c1ccccc1C2=O	Weight	Low	-0.201
CC(=O)c1cc2c(o1)C(=O)c1ccccc1C2=O	Weight	Average	-0.30962
CC(=O)c1cc2c(o1)C(=O)c1ccccc1C2=O	Weight	High	-0.2071
CC(=O)c1ccc2c(c1)N(CCCN1CCN(CCO)CC1)c1ccccc1S2	Sex	Male	-0.11274
CC(=O)c1ccc2c(c1)N(CCCN1CCN(CCO)CC1)c1ccccc1S2	Sex	Female	-0.01739
CC(=O)c1ccc2c(c1)N(CCCN1CCN(CCO)CC1)c1ccccc1S2	Age	Children	-0.13131
CC(=O)c1ccc2c(c1)N(CCCN1CCN(CCO)CC1)c1ccccc1S2	Age	Adolescent	-0.0548
CC(=O)c1ccc2c(c1)N(CCCN1CCN(CCO)CC1)c1ccccc1S2	Age	Adult	-0.0748
CC(=O)c1ccc2c(c1)N(CCCN1CCN(CCO)CC1)c1ccccc1S2	Age	Elderly	-0.22122
CC(=O)c1ccc2c(c1)N(CCCN1CCN(CCO)CC1)c1ccccc1S2	Weight	Low	-0.24363
CC(=O)c1ccc2c(c1)N(CCCN1CCN(CCO)CC1)c1ccccc1S2	Weight	Average	-0.18772
CC(=O)c1ccc2c(c1)N(CCCN1CCN(CCO)CC1)c1ccccc1S2	Weight	High	-0.2245
CC(C)C(=O)c1c(C(C)C)nn2ccccc12	Sex	Male	-0.20412
CC(C)C(=O)c1c(C(C)C)nn2ccccc12	Sex	Female	-0.03824
CC(C)C(=O)c1c(C(C)C)nn2ccccc12	Age	Children	-0.16977
CC(C)C(=O)c1c(C(C)C)nn2ccccc12	Age	Adolescent	-0.0431
CC(C)C(=O)c1c(C(C)C)nn2ccccc12	Age	Adult	-0.15474
CC(C)C(=O)c1c(C(C)C)nn2ccccc12	Age	Elderly	-0.39594
CC(C)C(=O)c1c(C(C)C)nn2ccccc12	Weight	Low	-0.28534
CC(C)C(=O)c1c(C(C)C)nn2ccccc12	Weight	Average	-0.31599
CC(C)C(=O)c1c(C(C)C)nn2ccccc12	Weight	High	-0.29545
CC(C)Oc1ccc2c(=O)c(-c3ccccc3)coc2c1	Sex	Male	-0.15227
CC(C)Oc1ccc2c(=O)c(-c3ccccc3)coc2c1	Sex	Female	-0.0402
CC(C)Oc1ccc2c(=O)c(-c3ccccc3)coc2c1	Age	Children	-0.27158
CC(C)Oc1ccc2c(=O)c(-c3ccccc3)coc2c1	Age	Adolescent	-0.08457
CC(C)Oc1ccc2c(=O)c(-c3ccccc3)coc2c1	Age	Adult	-0.12164
CC(C)Oc1ccc2c(=O)c(-c3ccccc3)coc2c1	Age	Elderly	-0.27877
CC(C)Oc1ccc2c(=O)c(-c3ccccc3)coc2c1	Weight	Low	-0.28482
CC(C)Oc1ccc2c(=O)c(-c3ccccc3)coc2c1	Weight	Average	-0.23014
CC(C)Oc1ccc2c(=O)c(-c3ccccc3)coc2c1	Weight	High	-0.2841
CC(C)Oc1cccc(NC(=O)c2ccccc2C(F)(F)F)c1	Sex	Male	-0.19404
CC(C)Oc1cccc(NC(=O)c2ccccc2C(F)(F)F)c1	Sex	Female	-0.04671
CC(C)Oc1cccc(NC(=O)c2ccccc2C(F)(F)F)c1	Age	Children	-0.36503
CC(C)Oc1cccc(NC(=O)c2ccccc2C(F)(F)F)c1	Age	Adolescent	-0.05213
CC(C)Oc1cccc(NC(=O)c2ccccc2C(F)(F)F)c1	Age	Adult	-0.06694
CC(C)Oc1cccc(NC(=O)c2ccccc2C(F)(F)F)c1	Age	Elderly	-0.22324
CC(C)Oc1cccc(NC(=O)c2ccccc2C(F)(F)F)c1	Weight	Low	-0.29209
CC(C)Oc1cccc(NC(=O)c2ccccc2C(F)(F)F)c1	Weight	Average	-0.26778
CC(C)Oc1cccc(NC(=O)c2ccccc2C(F)(F)F)c1	Weight	High	-0.2678
CC(Oc1ccccc1)C(=O)NC1C(=O)N2C1SC(C)(C)C2C(=O)O	Sex	Male	-0.14731
CC(Oc1ccccc1)C(=O)NC1C(=O)N2C1SC(C)(C)C2C(=O)O	Sex	Female	-0.03269
CC(Oc1ccccc1)C(=O)NC1C(=O)N2C1SC(C)(C)C2C(=O)O	Age	Children	-0.33683
CC(Oc1ccccc1)C(=O)NC1C(=O)N2C1SC(C)(C)C2C(=O)O	Age	Adolescent	-0.26956
CC(Oc1ccccc1)C(=O)NC1C(=O)N2C1SC(C)(C)C2C(=O)O	Age	Adult	-0.09274
CC(Oc1ccccc1)C(=O)NC1C(=O)N2C1SC(C)(C)C2C(=O)O	Age	Elderly	-0.30877
CC(Oc1ccccc1)C(=O)NC1C(=O)N2C1SC(C)(C)C2C(=O)O	Weight	Low	-0.37678
CC(Oc1ccccc1)C(=O)NC1C(=O)N2C1SC(C)(C)C2C(=O)O	Weight	Average	-0.42305
CC(Oc1ccccc1)C(=O)NC1C(=O)N2C1SC(C)(C)C2C(=O)O	Weight	High	-0.45149
CC1NCCOC1c1ccccc1	Sex	Male	-0.30233
CC1NCCOC1c1ccccc1	Sex	Female	-0.04465
CC1NCCOC1c1ccccc1	Age	Children	-0.30462
CC1NCCOC1c1ccccc1	Age	Adolescent	-0.19249
CC1NCCOC1c1ccccc1	Age	Adult	-0.14053
CC1NCCOC1c1ccccc1	Age	Elderly	-0.2484
CC1NCCOC1c1ccccc1	Weight	Low	-0.33635
CC1NCCOC1c1ccccc1	Weight	Average	-0.4289
CC1NCCOC1c1ccccc1	Weight	High	-0.5586
CCC(=O)OC1CCC2C3CCC4=CC(=O)CCC4(C)C3CCC12C	Sex	Male	-0.07035
CCC(=O)OC1CCC2C3CCC4=CC(=O)CCC4(C)C3CCC12C	Sex	Female	-0.0469
CCC(=O)OC1CCC2C3CCC4=CC(=O)CCC4(C)C3CCC12C	Age	Children	-0.20391
CCC(=O)OC1CCC2C3CCC4=CC(=O)CCC4(C)C3CCC12C	Age	Adolescent	-0.3024
CCC(=O)OC1CCC2C3CCC4=CC(=O)CCC4(C)C3CCC12C	Age	Adult	-0.19399
CCC(=O)OC1CCC2C3CCC4=CC(=O)CCC4(C)C3CCC12C	Age	Elderly	-0.21927
CCC(=O)OC1CCC2C3CCC4=CC(=O)CCC4(C)C3CCC12C	Weight	Low	-0.36799
CCC(=O)OC1CCC2C3CCC4=CC(=O)CCC4(C)C3CCC12C	Weight	Average	-0.51615
CCC(=O)OC1CCC2C3CCC4=CC(=O)CCC4(C)C3CCC12C	Weight	High	-0.38486
CCC(C)(CN(C)C)OC(=O)c1ccccc1	Sex	Male	-0.14778
CCC(C)(CN(C)C)OC(=O)c1ccccc1	Sex	Female	-0.0281
CCC(C)(CN(C)C)OC(=O)c1ccccc1	Age	Children	-0.19822
CCC(C)(CN(C)C)OC(=O)c1ccccc1	Age	Adolescent	-0.10421
CCC(C)(CN(C)C)OC(=O)c1ccccc1	Age	Adult	-0.14007
CCC(C)(CN(C)C)OC(=O)c1ccccc1	Age	Elderly	-0.29855
CCC(C)(CN(C)C)OC(=O)c1ccccc1	Weight	Low	-0.31613
CCC(C)(CN(C)C)OC(=O)c1ccccc1	Weight	Average	-0.34078
CCC(C)(CN(C)C)OC(=O)c1ccccc1	Weight	High	-0.27657
CCC1=CC2CN(C1)Cc1c([nH]c3ccccc13)C(C(=O)OC)(c1cc3c(cc1OC)N(C)C1C(O)(C(=O)OC)C(OC(C)=O)C4(CC)C=CCN5CCC31C54)C2	Sex	Male	-0.02857
CCC1=CC2CN(C1)Cc1c([nH]c3ccccc13)C(C(=O)OC)(c1cc3c(cc1OC)N(C)C1C(O)(C(=O)OC)C(OC(C)=O)C4(CC)C=CCN5CCC31C54)C2	Sex	Female	-0.07511
CCC1=CC2CN(C1)Cc1c([nH]c3ccccc13)C(C(=O)OC)(c1cc3c(cc1OC)N(C)C1C(O)(C(=O)OC)C(OC(C)=O)C4(CC)C=CCN5CCC31C54)C2	Age	Children	-0.1531
CCC1=CC2CN(C1)Cc1c([nH]c3ccccc13)C(C(=O)OC)(c1cc3c(cc1OC)N(C)C1C(O)(C(=O)OC)C(OC(C)=O)C4(CC)C=CCN5CCC31C54)C2	Age	Adolescent	-0.18221
CCC1=CC2CN(C1)Cc1c([nH]c3ccccc13)C(C(=O)OC)(c1cc3c(cc1OC)N(C)C1C(O)(C(=O)OC)C(OC(C)=O)C4(CC)C=CCN5CCC31C54)C2	Age	Adult	-0.12766
CCC1=CC2CN(C1)Cc1c([nH]c3ccccc13)C(C(=O)OC)(c1cc3c(cc1OC)N(C)C1C(O)(C(=O)OC)C(OC(C)=O)C4(CC)C=CCN5CCC31C54)C2	Age	Elderly	-0.11815
CCC1=CC2CN(C1)Cc1c([nH]c3ccccc13)C(C(=O)OC)(c1cc3c(cc1OC)N(C)C1C(O)(C(=O)OC)C(OC(C)=O)C4(CC)C=CCN5CCC31C54)C2	Weight	Low	-0.19643
CCC1=CC2CN(C1)Cc1c([nH]c3ccccc13)C(C(=O)OC)(c1cc3c(cc1OC)N(C)C1C(O)(C(=O)OC)C(OC(C)=O)C4(CC)C=CCN5CCC31C54)C2	Weight	Average	-0.16503
CCC1=CC2CN(C1)Cc1c([nH]c3ccccc13)C(C(=O)OC)(c1cc3c(cc1OC)N(C)C1C(O)(C(=O)OC)C(OC(C)=O)C4(CC)C=CCN5CCC31C54)C2	Weight	High	-0.22229
CCCC(NCC)C(=O)c1ccc(C)cc1	Sex	Male	-0.18915
CCCC(NCC)C(=O)c1ccc(C)cc1	Sex	Female	-0.00709
CCCC(NCC)C(=O)c1ccc(C)cc1	Age	Children	-0.23
CCCC(NCC)C(=O)c1ccc(C)cc1	Age	Adolescent	-0.15701
CCCC(NCC)C(=O)c1ccc(C)cc1	Age	Adult	-0.08033
CCCC(NCC)C(=O)c1ccc(C)cc1	Age	Elderly	-0.38609
CCCC(NCC)C(=O)c1ccc(C)cc1	Weight	Low	-0.07944
CCCC(NCC)C(=O)c1ccc(C)cc1	Weight	Average	-0.3093
CCCC(NCC)C(=O)c1ccc(C)cc1	Weight	High	-0.34095
CCCCC1C(=O)NN(c2ccccc2)C1=O	Sex	Male	-0.16285
CCCCC1C(=O)NN(c2ccccc2)C1=O	Sex	Female	-0.00884
CCCCC1C(=O)NN(c2ccccc2)C1=O	Age	Children	-0.2269
CCCCC1C(=O)NN(c2ccccc2)C1=O	Age	Adolescent	-0.09775
CCCCC1C(=O)NN(c2ccccc2)C1=O	Age	Adult	-0.07292
CCCCC1C(=O)NN(c2ccccc2)C1=O	Age	Elderly	-0.30579
CCCCC1C(=O)NN(c2ccccc2)C1=O	Weight	Low	-0.30429
CCCCC1C(=O)NN(c2ccccc2)C1=O	Weight	Average	-0.34495
CCCCC1C(=O)NN(c2ccccc2)C1=O	Weight	High	-0.45417
CCCCCCC(=O)OCC(COC(=O)CCCCCC)OC(=O)CCCCCC	Sex	Male	-0.1019
CCCCCCC(=O)OCC(COC(=O)CCCCCC)OC(=O)CCCCCC	Sex	Female	-0.02437
CCCCCCC(=O)OCC(COC(=O)CCCCCC)OC(=O)CCCCCC	Age	Children	-0.09353
CCCCCCC(=O)OCC(COC(=O)CCCCCC)OC(=O)CCCCCC	Age	Adolescent	-0.05972
CCCCCCC(=O)OCC(COC(=O)CCCCCC)OC(=O)CCCCCC	Age	Adult	-0.09087
CCCCCCC(=O)OCC(COC(=O)CCCCCC)OC(=O)CCCCCC	Age	Elderly	-0.19447
CCCCCCC(=O)OCC(COC(=O)CCCCCC)OC(=O)CCCCCC	Weight	Low	-0.20649
CCCCCCC(=O)OCC(COC(=O)CCCCCC)OC(=O)CCCCCC	Weight	Average	-0.1074
CCCCCCC(=O)OCC(COC(=O)CCCCCC)OC(=O)CCCCCC	Weight	High	-0.07399
CCCN(CCC)C(=O)C(CCC(=O)O)NC(=O)c1ccccc1	Sex	Male	-0.22464
CCCN(CCC)C(=O)C(CCC(=O)O)NC(=O)c1ccccc1	Sex	Female	-0.03154
CCCN(CCC)C(=O)C(CCC(=O)O)NC(=O)c1ccccc1	Age	Children	-0.27771
CCCN(CCC)C(=O)C(CCC(=O)O)NC(=O)c1ccccc1	Age	Adolescent	-0.21815
CCCN(CCC)C(=O)C(CCC(=O)O)NC(=O)c1ccccc1	Age	Adult	-0.09004
CCCN(CCC)C(=O)C(CCC(=O)O)NC(=O)c1ccccc1	Age	Elderly	-0.37308
CCCN(CCC)C(=O)C(CCC(=O)O)NC(=O)c1ccccc1	Weight	Low	-0.18673
CCCN(CCC)C(=O)C(CCC(=O)O)NC(=O)c1ccccc1	Weight	Average	-0.3113
CCCN(CCC)C(=O)C(CCC(=O)O)NC(=O)c1ccccc1	Weight	High	-0.34471
CCCN1CC(CSC)CC2c3cccc4[nH]cc(c34)CC21	Sex	Male	-0.09752
CCCN1CC(CSC)CC2c3cccc4[nH]cc(c34)CC21	Sex	Female	-0.01297
CCCN1CC(CSC)CC2c3cccc4[nH]cc(c34)CC21	Age	Children	-0.10143
CCCN1CC(CSC)CC2c3cccc4[nH]cc(c34)CC21	Age	Adolescent	-0.04953
CCCN1CC(CSC)CC2c3cccc4[nH]cc(c34)CC21	Age	Adult	-0.05344
CCCN1CC(CSC)CC2c3cccc4[nH]cc(c34)CC21	Age	Elderly	-0.15857
CCCN1CC(CSC)CC2c3cccc4[nH]cc(c34)CC21	Weight	Low	-0.26631
CCCN1CC(CSC)CC2c3cccc4[nH]cc(c34)CC21	Weight	Average	-0.21849
CCCN1CC(CSC)CC2c3cccc4[nH]cc(c34)CC21	Weight	High	-0.38907
CCCc1nn(C)c2c(=O)[nH]c(-c3cc(S(=O)(=O)N4CCNCC4)ccc3OCC)nc12	Sex	Male	-0.22342
CCCc1nn(C)c2c(=O)[nH]c(-c3cc(S(=O)(=O)N4CCNCC4)ccc3OCC)nc12	Sex	Female	-0.01212
CCCc1nn(C)c2c(=O)[nH]c(-c3cc(S(=O)(=O)N4CCNCC4)ccc3OCC)nc12	Age	Children	-0.2112
CCCc1nn(C)c2c(=O)[nH]c(-c3cc(S(=O)(=O)N4CCNCC4)ccc3OCC)nc12	Age	Adolescent	-0.13709
CCCc1nn(C)c2c(=O)[nH]c(-c3cc(S(=O)(=O)N4CCNCC4)ccc3OCC)nc12	Age	Adult	-0.12065
CCCc1nn(C)c2c(=O)[nH]c(-c3cc(S(=O)(=O)N4CCNCC4)ccc3OCC)nc12	Age	Elderly	-0.36954
CCCc1nn(C)c2c(=O)[nH]c(-c3cc(S(=O)(=O)N4CCNCC4)ccc3OCC)nc12	Weight	Low	-0.26727
CCCc1nn(C)c2c(=O)[nH]c(-c3cc(S(=O)(=O)N4CCNCC4)ccc3OCC)nc12	Weight	Average	-0.13666
CCCc1nn(C)c2c(=O)[nH]c(-c3cc(S(=O)(=O)N4CCNCC4)ccc3OCC)nc12	Weight	High	-0.3083
CCOC(=O)C1=C(C)NC(C)=C(C(=O)OC)C1c1cccc([N+](=O)[O-])c1	Sex	Male	-0.12652
CCOC(=O)C1=C(C)NC(C)=C(C(=O)OC)C1c1cccc([N+](=O)[O-])c1	Sex	Female	-0.02531
CCOC(=O)C1=C(C)NC(C)=C(C(=O)OC)C1c1cccc([N+](=O)[O-])c1	Age	Children	-0.15159
CCOC(=O)C1=C(C)NC(C)=C(C(=O)OC)C1c1cccc([N+](=O)[O-])c1	Age	Adolescent	-0.11642
CCOC(=O)C1=C(C)NC(C)=C(C(=O)OC)C1c1cccc([N+](=O)[O-])c1	Age	Adult	-0.1016
CCOC(=O)C1=C(C)NC(C)=C(C(=O)OC)C1c1cccc([N+](=O)[O-])c1	Age	Elderly	-0.30295
CCOC(=O)C1=C(C)NC(C)=C(C(=O)OC)C1c1cccc([N+](=O)[O-])c1	Weight	Low	-0.27122
CCOC(=O)C1=C(C)NC(C)=C(C(=O)OC)C1c1cccc([N+](=O)[O-])c1	Weight	Average	-0.28986
CCOC(=O)C1=C(C)NC(C)=C(C(=O)OC)C1c1cccc([N+](=O)[O-])c1	Weight	High	-0.27149
CCOC(=O)Nc1ccc(NCc2ccc(F)cc2)nc1N	Sex	Male	-0.11121
CCOC(=O)Nc1ccc(NCc2ccc(F)cc2)nc1N	Sex	Female	-0.07148
CCOC(=O)Nc1ccc(NCc2ccc(F)cc2)nc1N	Age	Children	-0.22521
CCOC(=O)Nc1ccc(NCc2ccc(F)cc2)nc1N	Age	Adolescent	-0.22451
CCOC(=O)Nc1ccc(NCc2ccc(F)cc2)nc1N	Age	Adult	-0.10524
CCOC(=O)Nc1ccc(NCc2ccc(F)cc2)nc1N	Age	Elderly	-0.11637
CCOC(=O)Nc1ccc(NCc2ccc(F)cc2)nc1N	Weight	Low	-0.26649
CCOC(=O)Nc1ccc(NCc2ccc(F)cc2)nc1N	Weight	Average	-0.27776
CCOC(=O)Nc1ccc(NCc2ccc(F)cc2)nc1N	Weight	High	-0.16567
CCOc1cc(CC(=O)NC(CC(C)C)c2ccccc2N2CCCCC2)ccc1C(=O)O	Sex	Male	-0.11152
CCOc1cc(CC(=O)NC(CC(C)C)c2ccccc2N2CCCCC2)ccc1C(=O)O	Sex	Female	-0.04699
CCOc1cc(CC(=O)NC(CC(C)C)c2ccccc2N2CCCCC2)ccc1C(=O)O	Age	Children	-0.24111
CCOc1cc(CC(=O)NC(CC(C)C)c2ccccc2N2CCCCC2)ccc1C(=O)O	Age	Adolescent	-0.06387
CCOc1cc(CC(=O)NC(CC(C)C)c2ccccc2N2CCCCC2)ccc1C(=O)O	Age	Adult	-0.16222
CCOc1cc(CC(=O)NC(CC(C)C)c2ccccc2N2CCCCC2)ccc1C(=O)O	Age	Elderly	-0.31124
CCOc1cc(CC(=O)NC(CC(C)C)c2ccccc2N2CCCCC2)ccc1C(=O)O	Weight	Low	-0.29256
CCOc1cc(CC(=O)NC(CC(C)C)c2ccccc2N2CCCCC2)ccc1C(=O)O	Weight	Average	-0.36569
CCOc1cc(CC(=O)NC(CC(C)C)c2ccccc2N2CCCCC2)ccc1C(=O)O	Weight	High	-0.39042
CCOc1cc(N)c(Cl)cc1C(=O)NCC1CN(Cc2ccc(F)cc2)CCO1	Sex	Male	-0.2015
CCOc1cc(N)c(Cl)cc1C(=O)NCC1CN(Cc2ccc(F)cc2)CCO1	Sex	Female	-0.06711
CCOc1cc(N)c(Cl)cc1C(=O)NCC1CN(Cc2ccc(F)cc2)CCO1	Age	Children	-0.15189
CCOc1cc(N)c(Cl)cc1C(=O)NCC1CN(Cc2ccc(F)cc2)CCO1	Age	Adolescent	-0.12803
CCOc1cc(N)c(Cl)cc1C(=O)NCC1CN(Cc2ccc(F)cc2)CCO1	Age	Adult	-0.15017
CCOc1cc(N)c(Cl)cc1C(=O)NCC1CN(Cc2ccc(F)cc2)CCO1	Age	Elderly	-0.27522
CCOc1cc(N)c(Cl)cc1C(=O)NCC1CN(Cc2ccc(F)cc2)CCO1	Weight	Low	-0.14377
CCOc1cc(N)c(Cl)cc1C(=O)NCC1CN(Cc2ccc(F)cc2)CCO1	Weight	Average	-0.20676
CCOc1cc(N)c(Cl)cc1C(=O)NCC1CN(Cc2ccc(F)cc2)CCO1	Weight	High	-0.22893
CCOc1nc2cccc(C(=O)O)c2n1Cc1ccc(-c2ccccc2-c2nn[nH]n2)cc1	Sex	Male	-0.15558
CCOc1nc2cccc(C(=O)O)c2n1Cc1ccc(-c2ccccc2-c2nn[nH]n2)cc1	Sex	Female	-0.02054
CCOc1nc2cccc(C(=O)O)c2n1Cc1ccc(-c2ccccc2-c2nn[nH]n2)cc1	Age	Children	-0.22849
CCOc1nc2cccc(C(=O)O)c2n1Cc1ccc(-c2ccccc2-c2nn[nH]n2)cc1	Age	Adolescent	-0.22588
CCOc1nc2cccc(C(=O)O)c2n1Cc1ccc(-c2ccccc2-c2nn[nH]n2)cc1	Age	Adult	-0.13756
CCOc1nc2cccc(C(=O)O)c2n1Cc1ccc(-c2ccccc2-c2nn[nH]n2)cc1	Age	Elderly	-0.24277
CCOc1nc2cccc(C(=O)O)c2n1Cc1ccc(-c2ccccc2-c2nn[nH]n2)cc1	Weight	Low	-0.14255
CCOc1nc2cccc(C(=O)O)c2n1Cc1ccc(-c2ccccc2-c2nn[nH]n2)cc1	Weight	Average	-0.1753
CCOc1nc2cccc(C(=O)O)c2n1Cc1ccc(-c2ccccc2-c2nn[nH]n2)cc1	Weight	High	-0.22787
CCOc1nc2cccc(C(=O)OCc3oc(=O)oc3C)c2n1Cc1ccc(-c2ccccc2-c2noc(=O)[nH]2)cc1	Sex	Male	-0.13709
CCOc1nc2cccc(C(=O)OCc3oc(=O)oc3C)c2n1Cc1ccc(-c2ccccc2-c2noc(=O)[nH]2)cc1	Sex	Female	-0.07343
CCOc1nc2cccc(C(=O)OCc3oc(=O)oc3C)c2n1Cc1ccc(-c2ccccc2-c2noc(=O)[nH]2)cc1	Age	Children	-0.19167
CCOc1nc2cccc(C(=O)OCc3oc(=O)oc3C)c2n1Cc1ccc(-c2ccccc2-c2noc(=O)[nH]2)cc1	Age	Adolescent	-0.15921
CCOc1nc2cccc(C(=O)OCc3oc(=O)oc3C)c2n1Cc1ccc(-c2ccccc2-c2noc(=O)[nH]2)cc1	Age	Adult	-0.15297
CCOc1nc2cccc(C(=O)OCc3oc(=O)oc3C)c2n1Cc1ccc(-c2ccccc2-c2noc(=O)[nH]2)cc1	Age	Elderly	-0.27028
CCOc1nc2cccc(C(=O)OCc3oc(=O)oc3C)c2n1Cc1ccc(-c2ccccc2-c2noc(=O)[nH]2)cc1	Weight	Low	-0.22303
CCOc1nc2cccc(C(=O)OCc3oc(=O)oc3C)c2n1Cc1ccc(-c2ccccc2-c2noc(=O)[nH]2)cc1	Weight	Average	-0.12098
CCOc1nc2cccc(C(=O)OCc3oc(=O)oc3C)c2n1Cc1ccc(-c2ccccc2-c2noc(=O)[nH]2)cc1	Weight	High	-0.23615
CCS(=O)(=O)N1CCN(c2ccc(Nc3ncc(C(N)=O)c(NC4CC4)n3)cc2)CC1	Sex	Male	-0.08365
CCS(=O)(=O)N1CCN(c2ccc(Nc3ncc(C(N)=O)c(NC4CC4)n3)cc2)CC1	Sex	Female	-0.0137
CCS(=O)(=O)N1CCN(c2ccc(Nc3ncc(C(N)=O)c(NC4CC4)n3)cc2)CC1	Age	Children	-0.15953
CCS(=O)(=O)N1CCN(c2ccc(Nc3ncc(C(N)=O)c(NC4CC4)n3)cc2)CC1	Age	Adolescent	-0.15184
CCS(=O)(=O)N1CCN(c2ccc(Nc3ncc(C(N)=O)c(NC4CC4)n3)cc2)CC1	Age	Adult	-0.08427
CCS(=O)(=O)N1CCN(c2ccc(Nc3ncc(C(N)=O)c(NC4CC4)n3)cc2)CC1	Age	Elderly	-0.21812
CCS(=O)(=O)N1CCN(c2ccc(Nc3ncc(C(N)=O)c(NC4CC4)n3)cc2)CC1	Weight	Low	-0.19324
CCS(=O)(=O)N1CCN(c2ccc(Nc3ncc(C(N)=O)c(NC4CC4)n3)cc2)CC1	Weight	Average	-0.16963
CCS(=O)(=O)N1CCN(c2ccc(Nc3ncc(C(N)=O)c(NC4CC4)n3)cc2)CC1	Weight	High	-0.20612
CCn1c(=O)c(-c2cc(NC(=O)Nc3ccccc3)c(F)cc2Br)cc2cnc(NC)cc21	Sex	Male	-0.18992
CCn1c(=O)c(-c2cc(NC(=O)Nc3ccccc3)c(F)cc2Br)cc2cnc(NC)cc21	Sex	Female	-0.04299
CCn1c(=O)c(-c2cc(NC(=O)Nc3ccccc3)c(F)cc2Br)cc2cnc(NC)cc21	Age	Children	-0.16475
CCn1c(=O)c(-c2cc(NC(=O)Nc3ccccc3)c(F)cc2Br)cc2cnc(NC)cc21	Age	Adolescent	-0.07285
CCn1c(=O)c(-c2cc(NC(=O)Nc3ccccc3)c(F)cc2Br)cc2cnc(NC)cc21	Age	Adult	-0.15389
CCn1c(=O)c(-c2cc(NC(=O)Nc3ccccc3)c(F)cc2Br)cc2cnc(NC)cc21	Age	Elderly	-0.2582
CCn1c(=O)c(-c2cc(NC(=O)Nc3ccccc3)c(F)cc2Br)cc2cnc(NC)cc21	Weight	Low	-0.11268
CCn1c(=O)c(-c2cc(NC(=O)Nc3ccccc3)c(F)cc2Br)cc2cnc(NC)cc21	Weight	Average	-0.23531
CCn1c(=O)c(-c2cc(NC(=O)Nc3ccccc3)c(F)cc2Br)cc2cnc(NC)cc21	Weight	High	-0.28301
CN(C)C(=O)NC1CCC(CCN2CCN(c3cccc(Cl)c3Cl)CC2)CC1	Sex	Male	-0.15167
CN(C)C(=O)NC1CCC(CCN2CCN(c3cccc(Cl)c3Cl)CC2)CC1	Sex	Female	-0.05797
CN(C)C(=O)NC1CCC(CCN2CCN(c3cccc(Cl)c3Cl)CC2)CC1	Age	Children	-0.26677
CN(C)C(=O)NC1CCC(CCN2CCN(c3cccc(Cl)c3Cl)CC2)CC1	Age	Adolescent	-0.12266
CN(C)C(=O)NC1CCC(CCN2CCN(c3cccc(Cl)c3Cl)CC2)CC1	Age	Adult	-0.09774
CN(C)C(=O)NC1CCC(CCN2CCN(c3cccc(Cl)c3Cl)CC2)CC1	Age	Elderly	-0.23737
CN(C)C(=O)NC1CCC(CCN2CCN(c3cccc(Cl)c3Cl)CC2)CC1	Weight	Low	-0.28801
CN(C)C(=O)NC1CCC(CCN2CCN(c3cccc(Cl)c3Cl)CC2)CC1	Weight	Average	-0.33276
CN(C)C(=O)NC1CCC(CCN2CCN(c3cccc(Cl)c3Cl)CC2)CC1	Weight	High	-0.41741
CN1CC2c3ccccc3Oc3ccc(Cl)cc3C2C1	Sex	Male	-0.20027
CN1CC2c3ccccc3Oc3ccc(Cl)cc3C2C1	Sex	Female	-0.04355
CN1CC2c3ccccc3Oc3ccc(Cl)cc3C2C1	Age	Children	-0.26543
CN1CC2c3ccccc3Oc3ccc(Cl)cc3C2C1	Age	Adolescent	-0.10943
CN1CC2c3ccccc3Oc3ccc(Cl)cc3C2C1	Age	Adult	-0.09756
CN1CC2c3ccccc3Oc3ccc(Cl)cc3C2C1	Age	Elderly	-0.32915
CN1CC2c3ccccc3Oc3ccc(Cl)cc3C2C1	Weight	Low	-0.36813
CN1CC2c3ccccc3Oc3ccc(Cl)cc3C2C1	Weight	Average	-0.39719
CN1CC2c3ccccc3Oc3ccc(Cl)cc3C2C1	Weight	High	-0.43822
CN1CCc2cccc3c2C1Cc1ccc(O)c(O)c1-3	Sex	Male	-0.1396
CN1CCc2cccc3c2C1Cc1ccc(O)c(O)c1-3	Sex	Female	-0.0155
CN1CCc2cccc3c2C1Cc1ccc(O)c(O)c1-3	Age	Children	-0.17005
CN1CCc2cccc3c2C1Cc1ccc(O)c(O)c1-3	Age	Adolescent	-0.13133
CN1CCc2cccc3c2C1Cc1ccc(O)c(O)c1-3	Age	Adult	-0.04613
CN1CCc2cccc3c2C1Cc1ccc(O)c(O)c1-3	Age	Elderly	-0.24516
CN1CCc2cccc3c2C1Cc1ccc(O)c(O)c1-3	Weight	Low	-0.40125
CN1CCc2cccc3c2C1Cc1ccc(O)c(O)c1-3	Weight	Average	-0.3332
CN1CCc2cccc3c2C1Cc1ccc(O)c(O)c1-3	Weight	High	-0.45697
COC(=O)NC(C(=O)N1CCCC1c1ncc(-c2ccc(-c3ccc(-c4cnc(C5CCCN5C(=O)C(NC(=O)OC)C(C)C)[nH]4)cc3)cc2)[nH]1)C(C)C	Sex	Male	-0.02906
COC(=O)NC(C(=O)N1CCCC1c1ncc(-c2ccc(-c3ccc(-c4cnc(C5CCCN5C(=O)C(NC(=O)OC)C(C)C)[nH]4)cc3)cc2)[nH]1)C(C)C	Sex	Female	-0.08058
COC(=O)NC(C(=O)N1CCCC1c1ncc(-c2ccc(-c3ccc(-c4cnc(C5CCCN5C(=O)C(NC(=O)OC)C(C)C)[nH]4)cc3)cc2)[nH]1)C(C)C	Age	Children	-0.18051
COC(=O)NC(C(=O)N1CCCC1c1ncc(-c2ccc(-c3ccc(-c4cnc(C5CCCN5C(=O)C(NC(=O)OC)C(C)C)[nH]4)cc3)cc2)[nH]1)C(C)C	Age	Adolescent	-0.20511
COC(=O)NC(C(=O)N1CCCC1c1ncc(-c2ccc(-c3ccc(-c4cnc(C5CCCN5C(=O)C(NC(=O)OC)C(C)C)[nH]4)cc3)cc2)[nH]1)C(C)C	Age	Adult	-0.14895
COC(=O)NC(C(=O)N1CCCC1c1ncc(-c2ccc(-c3ccc(-c4cnc(C5CCCN5C(=O)C(NC(=O)OC)C(C)C)[nH]4)cc3)cc2)[nH]1)C(C)C	Age	Elderly	-0.1703
COC(=O)NC(C(=O)N1CCCC1c1ncc(-c2ccc(-c3ccc(-c4cnc(C5CCCN5C(=O)C(NC(=O)OC)C(C)C)[nH]4)cc3)cc2)[nH]1)C(C)C	Weight	Low	-0.2572
COC(=O)NC(C(=O)N1CCCC1c1ncc(-c2ccc(-c3ccc(-c4cnc(C5CCCN5C(=O)C(NC(=O)OC)C(C)C)[nH]4)cc3)cc2)[nH]1)C(C)C	Weight	Average	-0.20985
COC(=O)NC(C(=O)N1CCCC1c1ncc(-c2ccc(-c3ccc(-c4cnc(C5CCCN5C(=O)C(NC(=O)OC)C(C)C)[nH]4)cc3)cc2)[nH]1)C(C)C	Weight	High	-0.24119
COC(=O)c1ccc2c(C(=Nc3ccc(N(C)C(=O)CN4CCN(C)CC4)cc3)c3ccccc3)c(O)[nH]c2c1	Sex	Male	-0.10864
COC(=O)c1ccc2c(C(=Nc3ccc(N(C)C(=O)CN4CCN(C)CC4)cc3)c3ccccc3)c(O)[nH]c2c1	Sex	Female	-0.05121
COC(=O)c1ccc2c(C(=Nc3ccc(N(C)C(=O)CN4CCN(C)CC4)cc3)c3ccccc3)c(O)[nH]c2c1	Age	Children	-0.14581
COC(=O)c1ccc2c(C(=Nc3ccc(N(C)C(=O)CN4CCN(C)CC4)cc3)c3ccccc3)c(O)[nH]c2c1	Age	Adolescent	-0.064
COC(=O)c1ccc2c(C(=Nc3ccc(N(C)C(=O)CN4CCN(C)CC4)cc3)c3ccccc3)c(O)[nH]c2c1	Age	Adult	-0.08153
COC(=O)c1ccc2c(C(=Nc3ccc(N(C)C(=O)CN4CCN(C)CC4)cc3)c3ccccc3)c(O)[nH]c2c1	Age	Elderly	-0.27525
COC(=O)c1ccc2c(C(=Nc3ccc(N(C)C(=O)CN4CCN(C)CC4)cc3)c3ccccc3)c(O)[nH]c2c1	Weight	Low	-0.33125
COC(=O)c1ccc2c(C(=Nc3ccc(N(C)C(=O)CN4CCN(C)CC4)cc3)c3ccccc3)c(O)[nH]c2c1	Weight	Average	-0.19299
COC(=O)c1ccc2c(C(=Nc3ccc(N(C)C(=O)CN4CCN(C)CC4)cc3)c3ccccc3)c(O)[nH]c2c1	Weight	High	-0.24023
COc1cc2nc(N3CCN(C(=O)C4COc5ccccc5O4)CC3)nc(N)c2cc1OC	Sex	Male	-0.07989
COc1cc2nc(N3CCN(C(=O)C4COc5ccccc5O4)CC3)nc(N)c2cc1OC	Sex	Female	-0.0122
COc1cc2nc(N3CCN(C(=O)C4COc5ccccc5O4)CC3)nc(N)c2cc1OC	Age	Children	-0.1413
COc1cc2nc(N3CCN(C(=O)C4COc5ccccc5O4)CC3)nc(N)c2cc1OC	Age	Adolescent	-0.1716
COc1cc2nc(N3CCN(C(=O)C4COc5ccccc5O4)CC3)nc(N)c2cc1OC	Age	Adult	-0.06215
COc1cc2nc(N3CCN(C(=O)C4COc5ccccc5O4)CC3)nc(N)c2cc1OC	Age	Elderly	-0.20603
COc1cc2nc(N3CCN(C(=O)C4COc5ccccc5O4)CC3)nc(N)c2cc1OC	Weight	Low	-0.3502
COc1cc2nc(N3CCN(C(=O)C4COc5ccccc5O4)CC3)nc(N)c2cc1OC	Weight	Average	-0.05128
COc1cc2nc(N3CCN(C(=O)C4COc5ccccc5O4)CC3)nc(N)c2cc1OC	Weight	High	-0.07885
COc1ccccc1N1CCN(CCCNc2cc(=O)n(C)c(=O)n2C)CC1	Sex	Male	-0.14846
COc1ccccc1N1CCN(CCCNc2cc(=O)n(C)c(=O)n2C)CC1	Sex	Female	-0.05875
COc1ccccc1N1CCN(CCCNc2cc(=O)n(C)c(=O)n2C)CC1	Age	Children	-0.1824
COc1ccccc1N1CCN(CCCNc2cc(=O)n(C)c(=O)n2C)CC1	Age	Adolescent	-0.18486
COc1ccccc1N1CCN(CCCNc2cc(=O)n(C)c(=O)n2C)CC1	Age	Adult	-0.09536
COc1ccccc1N1CCN(CCCNc2cc(=O)n(C)c(=O)n2C)CC1	Age	Elderly	-0.1694
COc1ccccc1N1CCN(CCCNc2cc(=O)n(C)c(=O)n2C)CC1	Weight	Low	-0.24913
COc1ccccc1N1CCN(CCCNc2cc(=O)n(C)c(=O)n2C)CC1	Weight	Average	-0.22415
COc1ccccc1N1CCN(CCCNc2cc(=O)n(C)c(=O)n2C)CC1	Weight	High	-0.38918
Cc1[nH]c2ccccc2c1CCNCc1ccc(C=CC(=O)NO)cc1	Sex	Male	-0.1252
Cc1[nH]c2ccccc2c1CCNCc1ccc(C=CC(=O)NO)cc1	Sex	Female	-0.05877
Cc1[nH]c2ccccc2c1CCNCc1ccc(C=CC(=O)NO)cc1	Age	Children	-0.12248
Cc1[nH]c2ccccc2c1CCNCc1ccc(C=CC(=O)NO)cc1	Age	Adolescent	-0.13071
Cc1[nH]c2ccccc2c1CCNCc1ccc(C=CC(=O)NO)cc1	Age	Adult	-0.11725
Cc1[nH]c2ccccc2c1CCNCc1ccc(C=CC(=O)NO)cc1	Age	Elderly	-0.11229
Cc1[nH]c2ccccc2c1CCNCc1ccc(C=CC(=O)NO)cc1	Weight	Low	-0.35928
Cc1[nH]c2ccccc2c1CCNCc1ccc(C=CC(=O)NO)cc1	Weight	Average	-0.25986
Cc1[nH]c2ccccc2c1CCNCc1ccc(C=CC(=O)NO)cc1	Weight	High	-0.33762
Cc1ccc(NC(=O)c2ccc(CN3CCN(C)CC3)cc2)cc1Nc1nc(-c2cccnc2)cs1	Sex	Male	-0.12329
Cc1ccc(NC(=O)c2ccc(CN3CCN(C)CC3)cc2)cc1Nc1nc(-c2cccnc2)cs1	Sex	Female	-0.0607
Cc1ccc(NC(=O)c2ccc(CN3CCN(C)CC3)cc2)cc1Nc1nc(-c2cccnc2)cs1	Age	Children	-0.20559
Cc1ccc(NC(=O)c2ccc(CN3CCN(C)CC3)cc2)cc1Nc1nc(-c2cccnc2)cs1	Age	Adolescent	-0.2414
Cc1ccc(NC(=O)c2ccc(CN3CCN(C)CC3)cc2)cc1Nc1nc(-c2cccnc2)cs1	Age	Adult	-0.13854
Cc1ccc(NC(=O)c2ccc(CN3CCN(C)CC3)cc2)cc1Nc1nc(-c2cccnc2)cs1	Age	Elderly	-0.22151
Cc1ccc(NC(=O)c2ccc(CN3CCN(C)CC3)cc2)cc1Nc1nc(-c2cccnc2)cs1	Weight	Low	-0.26339
Cc1ccc(NC(=O)c2ccc(CN3CCN(C)CC3)cc2)cc1Nc1nc(-c2cccnc2)cs1	Weight	Average	-0.27638
Cc1ccc(NC(=O)c2ccc(CN3CCN(C)CC3)cc2)cc1Nc1nc(-c2cccnc2)cs1	Weight	High	-0.18742
Cc1ccc(S(=O)(=O)NC(=O)NN2CCCCCC2)cc1	Sex	Male	-0.16549
Cc1ccc(S(=O)(=O)NC(=O)NN2CCCCCC2)cc1	Sex	Female	-0.06716
Cc1ccc(S(=O)(=O)NC(=O)NN2CCCCCC2)cc1	Age	Children	-0.2004
Cc1ccc(S(=O)(=O)NC(=O)NN2CCCCCC2)cc1	Age	Adolescent	-0.10992
Cc1ccc(S(=O)(=O)NC(=O)NN2CCCCCC2)cc1	Age	Adult	-0.12043
Cc1ccc(S(=O)(=O)NC(=O)NN2CCCCCC2)cc1	Age	Elderly	-0.37476
Cc1ccc(S(=O)(=O)NC(=O)NN2CCCCCC2)cc1	Weight	Low	-0.36237
Cc1ccc(S(=O)(=O)NC(=O)NN2CCCCCC2)cc1	Weight	Average	-0.31127
Cc1ccc(S(=O)(=O)NC(=O)NN2CCCCCC2)cc1	Weight	High	-0.28851
Cc1cccc(Nc2ccccc2C(=O)O)c1C	Sex	Male	-0.18951
Cc1cccc(Nc2ccccc2C(=O)O)c1C	Sex	Female	-0.02224
Cc1cccc(Nc2ccccc2C(=O)O)c1C	Age	Children	-0.23858
Cc1cccc(Nc2ccccc2C(=O)O)c1C	Age	Adolescent	-0.15474
Cc1cccc(Nc2ccccc2C(=O)O)c1C	Age	Adult	-0.15155
Cc1cccc(Nc2ccccc2C(=O)O)c1C	Age	Elderly	-0.41389
Cc1cccc(Nc2ccccc2C(=O)O)c1C	Weight	Low	-0.35879
Cc1cccc(Nc2ccccc2C(=O)O)c1C	Weight	Average	-0.32526
Cc1cccc(Nc2ccccc2C(=O)O)c1C	Weight	High	-0.41252
Cc1nn(C)c(Oc2ccccc2)c1C=NOCc1ccc(C(=O)OC(C)(C)C)cc1	Sex	Male	-0.11715
Cc1nn(C)c(Oc2ccccc2)c1C=NOCc1ccc(C(=O)OC(C)(C)C)cc1	Sex	Female	-0.07737
Cc1nn(C)c(Oc2ccccc2)c1C=NOCc1ccc(C(=O)OC(C)(C)C)cc1	Age	Children	-0.20163
Cc1nn(C)c(Oc2ccccc2)c1C=NOCc1ccc(C(=O)OC(C)(C)C)cc1	Age	Adolescent	-0.06031
Cc1nn(C)c(Oc2ccccc2)c1C=NOCc1ccc(C(=O)OC(C)(C)C)cc1	Age	Adult	-0.12737
Cc1nn(C)c(Oc2ccccc2)c1C=NOCc1ccc(C(=O)OC(C)(C)C)cc1	Age	Elderly	-0.18983
Cc1nn(C)c(Oc2ccccc2)c1C=NOCc1ccc(C(=O)OC(C)(C)C)cc1	Weight	Low	-0.21683
Cc1nn(C)c(Oc2ccccc2)c1C=NOCc1ccc(C(=O)OC(C)(C)C)cc1	Weight	Average	-0.18119
Cc1nn(C)c(Oc2ccccc2)c1C=NOCc1ccc(C(=O)OC(C)(C)C)cc1	Weight	High	-0.15802
Cc1nnc(C(C)C)n1C1CC2CCC(C1)N2CCC(NC(=O)C1CCC(F)(F)CC1)c1ccccc1	Sex	Male	-0.20313
Cc1nnc(C(C)C)n1C1CC2CCC(C1)N2CCC(NC(=O)C1CCC(F)(F)CC1)c1ccccc1	Sex	Female	-0.06841
Cc1nnc(C(C)C)n1C1CC2CCC(C1)N2CCC(NC(=O)C1CCC(F)(F)CC1)c1ccccc1	Age	Children	-0.22213
Cc1nnc(C(C)C)n1C1CC2CCC(C1)N2CCC(NC(=O)C1CCC(F)(F)CC1)c1ccccc1	Age	Adolescent	-0.1299
Cc1nnc(C(C)C)n1C1CC2CCC(C1)N2CCC(NC(=O)C1CCC(F)(F)CC1)c1ccccc1	Age	Adult	-0.04151
Cc1nnc(C(C)C)n1C1CC2CCC(C1)N2CCC(NC(=O)C1CCC(F)(F)CC1)c1ccccc1	Age	Elderly	-0.2276
Cc1nnc(C(C)C)n1C1CC2CCC(C1)N2CCC(NC(=O)C1CCC(F)(F)CC1)c1ccccc1	Weight	Low	-0.31257
Cc1nnc(C(C)C)n1C1CC2CCC(C1)N2CCC(NC(=O)C1CCC(F)(F)CC1)c1ccccc1	Weight	Average	-0.19341
Cc1nnc(C(C)C)n1C1CC2CCC(C1)N2CCC(NC(=O)C1CCC(F)(F)CC1)c1ccccc1	Weight	High	-0.2753
Cn1c(=O)cc(N2CCCC(N)C2)n(Cc2ccccc2C#N)c1=O	Sex	Male	-0.18797
Cn1c(=O)cc(N2CCCC(N)C2)n(Cc2ccccc2C#N)c1=O	Sex	Female	-0.0643
Cn1c(=O)cc(N2CCCC(N)C2)n(Cc2ccccc2C#N)c1=O	Age	Children	-0.04855
Cn1c(=O)cc(N2CCCC(N)C2)n(Cc2ccccc2C#N)c1=O	Age	Adolescent	-0.18144
Cn1c(=O)cc(N2CCCC(N)C2)n(Cc2ccccc2C#N)c1=O	Age	Adult	-0.20379
Cn1c(=O)cc(N2CCCC(N)C2)n(Cc2ccccc2C#N)c1=O	Age	Elderly	-0.33182
Cn1c(=O)cc(N2CCCC(N)C2)n(Cc2ccccc2C#N)c1=O	Weight	Low	-0.32877
Cn1c(=O)cc(N2CCCC(N)C2)n(Cc2ccccc2C#N)c1=O	Weight	Average	-0.25816
Cn1c(=O)cc(N2CCCC(N)C2)n(Cc2ccccc2C#N)c1=O	Weight	High	-0.35936
Cn1cc(CNCC2CCN(c3ncc(C(=O)NO)cn3)CC2)c2ccccc21	Sex	Male	-0.10811
Cn1cc(CNCC2CCN(c3ncc(C(=O)NO)cn3)CC2)c2ccccc21	Sex	Female	-0.02258
Cn1cc(CNCC2CCN(c3ncc(C(=O)NO)cn3)CC2)c2ccccc21	Age	Children	-0.10599
Cn1cc(CNCC2CCN(c3ncc(C(=O)NO)cn3)CC2)c2ccccc21	Age	Adolescent	-0.16474
Cn1cc(CNCC2CCN(c3ncc(C(=O)NO)cn3)CC2)c2ccccc21	Age	Adult	-0.08564
Cn1cc(CNCC2CCN(c3ncc(C(=O)NO)cn3)CC2)c2ccccc21	Age	Elderly	-0.29252
Cn1cc(CNCC2CCN(c3ncc(C(=O)NO)cn3)CC2)c2ccccc21	Weight	Low	-0.20332
Cn1cc(CNCC2CCN(c3ncc(C(=O)NO)cn3)CC2)c2ccccc21	Weight	Average	-0.2458
Cn1cc(CNCC2CCN(c3ncc(C(=O)NO)cn3)CC2)c2ccccc21	Weight	High	-0.24397
Cn1sccc1=O	Sex	Male	-0.22419
Cn1sccc1=O	Sex	Female	-0.0968
Cn1sccc1=O	Age	Children	-0.10926
Cn1sccc1=O	Age	Adolescent	-0.18681
Cn1sccc1=O	Age	Adult	-0.21137
Cn1sccc1=O	Age	Elderly	-0.23758
Cn1sccc1=O	Weight	Low	-0.29804
Cn1sccc1=O	Weight	Average	-0.22779
Cn1sccc1=O	Weight	High	-0.30378
O=C(C1CCCCC1)N1CC(=O)N2CCc3ccccc3C2C1	Sex	Male	-0.14498
O=C(C1CCCCC1)N1CC(=O)N2CCc3ccccc3C2C1	Sex	Female	-0.04133
O=C(C1CCCCC1)N1CC(=O)N2CCc3ccccc3C2C1	Age	Children	-0.30801
O=C(C1CCCCC1)N1CC(=O)N2CCc3ccccc3C2C1	Age	Adolescent	-0.09615
O=C(C1CCCCC1)N1CC(=O)N2CCc3ccccc3C2C1	Age	Adult	-0.15287
O=C(C1CCCCC1)N1CC(=O)N2CCc3ccccc3C2C1	Age	Elderly	-0.34051
O=C(C1CCCCC1)N1CC(=O)N2CCc3ccccc3C2C1	Weight	Low	-0.30744
O=C(C1CCCCC1)N1CC(=O)N2CCc3ccccc3C2C1	Weight	Average	-0.31004
O=C(C1CCCCC1)N1CC(=O)N2CCc3ccccc3C2C1	Weight	High	-0.43538
O=C(Cn1c(=O)sc2ccc(Cl)cc21)N1CCN(CCO)CC1	Sex	Male	-0.17513
O=C(Cn1c(=O)sc2ccc(Cl)cc21)N1CCN(CCO)CC1	Sex	Female	-0.00714
O=C(Cn1c(=O)sc2ccc(Cl)cc21)N1CCN(CCO)CC1	Age	Children	-0.10369
O=C(Cn1c(=O)sc2ccc(Cl)cc21)N1CCN(CCO)CC1	Age	Adolescent	-0.1087
O=C(Cn1c(=O)sc2ccc(Cl)cc21)N1CCN(CCO)CC1	Age	Adult	-0.1088
O=C(Cn1c(=O)sc2ccc(Cl)cc21)N1CCN(CCO)CC1	Age	Elderly	-0.23864
O=C(Cn1c(=O)sc2ccc(Cl)cc21)N1CCN(CCO)CC1	Weight	Low	-0.27582
O=C(Cn1c(=O)sc2ccc(Cl)cc21)N1CCN(CCO)CC1	Weight	Average	-0.18469
O=C(Cn1c(=O)sc2ccc(Cl)cc21)N1CCN(CCO)CC1	Weight	High	-0.346
O=C1NC(c2ccccc2)(c2ccccc2)C(=O)N1COP(=O)(O)O	Sex	Male	-0.14199
O=C1NC(c2ccccc2)(c2ccccc2)C(=O)N1COP(=O)(O)O	Sex	Female	-0.02871
O=C1NC(c2ccccc2)(c2ccccc2)C(=O)N1COP(=O)(O)O	Age	Children	-0.22282
O=C1NC(c2ccccc2)(c2ccccc2)C(=O)N1COP(=O)(O)O	Age	Adolescent	-0.11144
O=C1NC(c2ccccc2)(c2ccccc2)C(=O)N1COP(=O)(O)O	Age	Adult	-0.114
O=C1NC(c2ccccc2)(c2ccccc2)C(=O)N1COP(=O)(O)O	Age	Elderly	-0.33929
O=C1NC(c2ccccc2)(c2ccccc2)C(=O)N1COP(=O)(O)O	Weight	Low	-0.45376
O=C1NC(c2ccccc2)(c2ccccc2)C(=O)N1COP(=O)(O)O	Weight	Average	-0.2564
O=C1NC(c2ccccc2)(c2ccccc2)C(=O)N1COP(=O)(O)O	Weight	High	-0.38322
CC(C)(C)C(=O)Oc1ccc(S(=O)(=O)Nc2ccccc2C(=O)NCC(=O)O)cc1	Sex	Male	-0.25547
CC(C)(C)C(=O)Oc1ccc(S(=O)(=O)Nc2ccccc2C(=O)NCC(=O)O)cc1	Sex	Female	-0.08434
CC(C)(C)C(=O)Oc1ccc(S(=O)(=O)Nc2ccccc2C(=O)NCC(=O)O)cc1	Age	Children	-0.2585
CC(C)(C)C(=O)Oc1ccc(S(=O)(=O)Nc2ccccc2C(=O)NCC(=O)O)cc1	Age	Adolescent	-0.17996
CC(C)(C)C(=O)Oc1ccc(S(=O)(=O)Nc2ccccc2C(=O)NCC(=O)O)cc1	Age	Adult	-0.13836
CC(C)(C)C(=O)Oc1ccc(S(=O)(=O)Nc2ccccc2C(=O)NCC(=O)O)cc1	Age	Elderly	-0.37221
CC(C)(C)C(=O)Oc1ccc(S(=O)(=O)Nc2ccccc2C(=O)NCC(=O)O)cc1	Weight	Low	-0.12406
CC(C)(C)C(=O)Oc1ccc(S(=O)(=O)Nc2ccccc2C(=O)NCC(=O)O)cc1	Weight	Average	-0.12371
CC(C)(C)C(=O)Oc1ccc(S(=O)(=O)Nc2ccccc2C(=O)NCC(=O)O)cc1	Weight	High	-0.25211
CC(C)N(CCCCOCC(=O)NS(C)(=O)=O)c1cnc(-c2ccccc2)c(-c2ccccc2)n1	Sex	Male	-0.11182
CC(C)N(CCCCOCC(=O)NS(C)(=O)=O)c1cnc(-c2ccccc2)c(-c2ccccc2)n1	Sex	Female	-0.02125
CC(C)N(CCCCOCC(=O)NS(C)(=O)=O)c1cnc(-c2ccccc2)c(-c2ccccc2)n1	Age	Children	-0.12851
CC(C)N(CCCCOCC(=O)NS(C)(=O)=O)c1cnc(-c2ccccc2)c(-c2ccccc2)n1	Age	Adolescent	-0.07194
CC(C)N(CCCCOCC(=O)NS(C)(=O)=O)c1cnc(-c2ccccc2)c(-c2ccccc2)n1	Age	Adult	-0.08946
CC(C)N(CCCCOCC(=O)NS(C)(=O)=O)c1cnc(-c2ccccc2)c(-c2ccccc2)n1	Age	Elderly	-0.26585
CC(C)N(CCCCOCC(=O)NS(C)(=O)=O)c1cnc(-c2ccccc2)c(-c2ccccc2)n1	Weight	Low	-0.27009
CC(C)N(CCCCOCC(=O)NS(C)(=O)=O)c1cnc(-c2ccccc2)c(-c2ccccc2)n1	Weight	Average	-0.17486
CC(C)N(CCCCOCC(=O)NS(C)(=O)=O)c1cnc(-c2ccccc2)c(-c2ccccc2)n1	Weight	High	-0.20096
CC(C)c1c(C(=O)Nc2ccccc2)c(-c2ccccc2)c(-c2ccc(F)cc2)n1CCC(O)CC(O)CC(=O)O	Sex	Male	-0.10214
CC(C)c1c(C(=O)Nc2ccccc2)c(-c2ccccc2)c(-c2ccc(F)cc2)n1CCC(O)CC(O)CC(=O)O	Sex	Female	-0.02769
CC(C)c1c(C(=O)Nc2ccccc2)c(-c2ccccc2)c(-c2ccc(F)cc2)n1CCC(O)CC(O)CC(=O)O	Age	Children	-0.16217
CC(C)c1c(C(=O)Nc2ccccc2)c(-c2ccccc2)c(-c2ccc(F)cc2)n1CCC(O)CC(O)CC(=O)O	Age	Adolescent	-0.06472
CC(C)c1c(C(=O)Nc2ccccc2)c(-c2ccccc2)c(-c2ccc(F)cc2)n1CCC(O)CC(O)CC(=O)O	Age	Adult	-0.10284
CC(C)c1c(C(=O)Nc2ccccc2)c(-c2ccccc2)c(-c2ccc(F)cc2)n1CCC(O)CC(O)CC(=O)O	Age	Elderly	-0.1686
CC(C)c1c(C(=O)Nc2ccccc2)c(-c2ccccc2)c(-c2ccc(F)cc2)n1CCC(O)CC(O)CC(=O)O	Weight	Low	-0.28366
CC(C)c1c(C(=O)Nc2ccccc2)c(-c2ccccc2)c(-c2ccc(F)cc2)n1CCC(O)CC(O)CC(=O)O	Weight	Average	-0.16743
CC(C)c1c(C(=O)Nc2ccccc2)c(-c2ccccc2)c(-c2ccc(F)cc2)n1CCC(O)CC(O)CC(=O)O	Weight	High	-0.32289
CC1(C)C(C=C(Cl)Cl)C1C(=O)OCc1cccc(Oc2ccccc2)c1	Sex	Male	-0.17903
CC1(C)C(C=C(Cl)Cl)C1C(=O)OCc1cccc(Oc2ccccc2)c1	Sex	Female	-0.00912
CC1(C)C(C=C(Cl)Cl)C1C(=O)OCc1cccc(Oc2ccccc2)c1	Age	Children	-0.15218
CC1(C)C(C=C(Cl)Cl)C1C(=O)OCc1cccc(Oc2ccccc2)c1	Age	Adolescent	-0.07657
CC1(C)C(C=C(Cl)Cl)C1C(=O)OCc1cccc(Oc2ccccc2)c1	Age	Adult	-0.11474
CC1(C)C(C=C(Cl)Cl)C1C(=O)OCc1cccc(Oc2ccccc2)c1	Age	Elderly	-0.2015
CC1(C)C(C=C(Cl)Cl)C1C(=O)OCc1cccc(Oc2ccccc2)c1	Weight	Low	-0.20518
CC1(C)C(C=C(Cl)Cl)C1C(=O)OCc1cccc(Oc2ccccc2)c1	Weight	Average	-0.12299
CC1(C)C(C=C(Cl)Cl)C1C(=O)OCc1cccc(Oc2ccccc2)c1	Weight	High	-0.22694
CC1Cc2ccccc2N1NC(=O)c1ccc(Cl)c(S(N)(=O)=O)c1	Sex	Male	-0.21035
CC1Cc2ccccc2N1NC(=O)c1ccc(Cl)c(S(N)(=O)=O)c1	Sex	Female	-0.0474
CC1Cc2ccccc2N1NC(=O)c1ccc(Cl)c(S(N)(=O)=O)c1	Age	Children	-0.2303
CC1Cc2ccccc2N1NC(=O)c1ccc(Cl)c(S(N)(=O)=O)c1	Age	Adolescent	-0.19645
CC1Cc2ccccc2N1NC(=O)c1ccc(Cl)c(S(N)(=O)=O)c1	Age	Adult	-0.11189
CC1Cc2ccccc2N1NC(=O)c1ccc(Cl)c(S(N)(=O)=O)c1	Age	Elderly	-0.31077
CC1Cc2ccccc2N1NC(=O)c1ccc(Cl)c(S(N)(=O)=O)c1	Weight	Low	-0.17069
CC1Cc2ccccc2N1NC(=O)c1ccc(Cl)c(S(N)(=O)=O)c1	Weight	Average	-0.30642
CC1Cc2ccccc2N1NC(=O)c1ccc(Cl)c(S(N)(=O)=O)c1	Weight	High	-0.27015
CC=CC(=O)N(CC)c1ccccc1C	Sex	Male	-0.23186
CC=CC(=O)N(CC)c1ccccc1C	Sex	Female	-0.04101
CC=CC(=O)N(CC)c1ccccc1C	Age	Children	-0.17378
CC=CC(=O)N(CC)c1ccccc1C	Age	Adolescent	-0.03628
CC=CC(=O)N(CC)c1ccccc1C	Age	Adult	-0.12016
CC=CC(=O)N(CC)c1ccccc1C	Age	Elderly	-0.33344
CC=CC(=O)N(CC)c1ccccc1C	Weight	Low	-0.35325
CC=CC(=O)N(CC)c1ccccc1C	Weight	Average	-0.33548
CC=CC(=O)N(CC)c1ccccc1C	Weight	High	-0.33124
CCC(=O)NS(=O)(=O)c1ccc(-c2c(-c3ccccc3)noc2C)cc1	Sex	Male	-0.1007
CCC(=O)NS(=O)(=O)c1ccc(-c2c(-c3ccccc3)noc2C)cc1	Sex	Female	-0.04556
CCC(=O)NS(=O)(=O)c1ccc(-c2c(-c3ccccc3)noc2C)cc1	Age	Children	-0.11474
CCC(=O)NS(=O)(=O)c1ccc(-c2c(-c3ccccc3)noc2C)cc1	Age	Adolescent	-0.13971
CCC(=O)NS(=O)(=O)c1ccc(-c2c(-c3ccccc3)noc2C)cc1	Age	Adult	-0.11816
CCC(=O)NS(=O)(=O)c1ccc(-c2c(-c3ccccc3)noc2C)cc1	Age	Elderly	-0.32619
CCC(=O)NS(=O)(=O)c1ccc(-c2c(-c3ccccc3)noc2C)cc1	Weight	Low	-0.17583
CCC(=O)NS(=O)(=O)c1ccc(-c2c(-c3ccccc3)noc2C)cc1	Weight	Average	-0.25132
CCC(=O)NS(=O)(=O)c1ccc(-c2c(-c3ccccc3)noc2C)cc1	Weight	High	-0.24232
CCC(=O)O	Sex	Male	-0.22122
CCC(=O)O	Sex	Female	-0.0524
CCC(=O)O	Age	Children	-0.05877
CCC(=O)O	Age	Adolescent	-0.18184
CCC(=O)O	Age	Adult	-0.11445
CCC(=O)O	Age	Elderly	-0.3262
CCC(=O)O	Weight	Low	-0.22295
CCC(=O)O	Weight	Average	-0.29467
CCC(=O)O	Weight	High	-0.24377
CCCC(=O)N(c1ccccc1)C1CCN(CCc2ccccc2)CC1	Sex	Male	-0.13452
CCCC(=O)N(c1ccccc1)C1CCN(CCc2ccccc2)CC1	Sex	Female	-0.04644
CCCC(=O)N(c1ccccc1)C1CCN(CCc2ccccc2)CC1	Age	Children	-0.16344
CCCC(=O)N(c1ccccc1)C1CCN(CCc2ccccc2)CC1	Age	Adolescent	-0.10944
CCCC(=O)N(c1ccccc1)C1CCN(CCc2ccccc2)CC1	Age	Adult	-0.1619
CCCC(=O)N(c1ccccc1)C1CCN(CCc2ccccc2)CC1	Age	Elderly	-0.20278
CCCC(=O)N(c1ccccc1)C1CCN(CCc2ccccc2)CC1	Weight	Low	-0.23554
CCCC(=O)N(c1ccccc1)C1CCN(CCc2ccccc2)CC1	Weight	Average	-0.26724
CCCC(=O)N(c1ccccc1)C1CCN(CCc2ccccc2)CC1	Weight	High	-0.24604
CCCC(C(=O)c1ccc(C)cc1)N1CCCC1	Sex	Male	-0.17334
CCCC(C(=O)c1ccc(C)cc1)N1CCCC1	Sex	Female	-0.03349
CCCC(C(=O)c1ccc(C)cc1)N1CCCC1	Age	Children	-0.10849
CCCC(C(=O)c1ccc(C)cc1)N1CCCC1	Age	Adolescent	-0.03797
CCCC(C(=O)c1ccc(C)cc1)N1CCCC1	Age	Adult	-0.09647
CCCC(C(=O)c1ccc(C)cc1)N1CCCC1	Age	Elderly	-0.29056
CCCC(C(=O)c1ccc(C)cc1)N1CCCC1	Weight	Low	-0.19747
CCCC(C(=O)c1ccc(C)cc1)N1CCCC1	Weight	Average	-0.19325
CCCC(C(=O)c1ccc(C)cc1)N1CCCC1	Weight	High	-0.21597
CCCCCCCCCCCCCC(=O)NCCC[N+](C)(C)Cc1ccccc1	Sex	Male	-0.08739
CCCCCCCCCCCCCC(=O)NCCC[N+](C)(C)Cc1ccccc1	Sex	Female	-0.03445
CCCCCCCCCCCCCC(=O)NCCC[N+](C)(C)Cc1ccccc1	Age	Children	-0.22676
CCCCCCCCCCCCCC(=O)NCCC[N+](C)(C)Cc1ccccc1	Age	Adolescent	-0.12443
CCCCCCCCCCCCCC(=O)NCCC[N+](C)(C)Cc1ccccc1	Age	Adult	-0.06751
CCCCCCCCCCCCCC(=O)NCCC[N+](C)(C)Cc1ccccc1	Age	Elderly	-0.00917
CCCCCCCCCCCCCC(=O)NCCC[N+](C)(C)Cc1ccccc1	Weight	Low	-0.18891
CCCCCCCCCCCCCC(=O)NCCC[N+](C)(C)Cc1ccccc1	Weight	Average	-0.14112
CCCCCCCCCCCCCC(=O)NCCC[N+](C)(C)Cc1ccccc1	Weight	High	-0.37211
CCCCc1oc2ccccc2c1C(=O)c1cc(I)c(OCCN(CC)CC)c(I)c1	Sex	Male	-0.14011
CCCCc1oc2ccccc2c1C(=O)c1cc(I)c(OCCN(CC)CC)c(I)c1	Sex	Female	-0.00578
CCCCc1oc2ccccc2c1C(=O)c1cc(I)c(OCCN(CC)CC)c(I)c1	Age	Children	-0.17224
CCCCc1oc2ccccc2c1C(=O)c1cc(I)c(OCCN(CC)CC)c(I)c1	Age	Adolescent	-0.02152
CCCCc1oc2ccccc2c1C(=O)c1cc(I)c(OCCN(CC)CC)c(I)c1	Age	Adult	-0.04875
CCCCc1oc2ccccc2c1C(=O)c1cc(I)c(OCCN(CC)CC)c(I)c1	Age	Elderly	-0.17003
CCCCc1oc2ccccc2c1C(=O)c1cc(I)c(OCCN(CC)CC)c(I)c1	Weight	Low	-0.10222
CCCCc1oc2ccccc2c1C(=O)c1cc(I)c(OCCN(CC)CC)c(I)c1	Weight	Average	-0.05799
CCCCc1oc2ccccc2c1C(=O)c1cc(I)c(OCCN(CC)CC)c(I)c1	Weight	High	-0.23658
CCCN1CC(c2ccc(S(C)(=O)=O)cc2)=C(c2ccc(C)cc2)C1=O	Sex	Male	-0.18723
CCCN1CC(c2ccc(S(C)(=O)=O)cc2)=C(c2ccc(C)cc2)C1=O	Sex	Female	-0.0167
CCCN1CC(c2ccc(S(C)(=O)=O)cc2)=C(c2ccc(C)cc2)C1=O	Age	Children	-0.14072
CCCN1CC(c2ccc(S(C)(=O)=O)cc2)=C(c2ccc(C)cc2)C1=O	Age	Adolescent	-0.07831
CCCN1CC(c2ccc(S(C)(=O)=O)cc2)=C(c2ccc(C)cc2)C1=O	Age	Adult	-0.10597
CCCN1CC(c2ccc(S(C)(=O)=O)cc2)=C(c2ccc(C)cc2)C1=O	Age	Elderly	-0.31532
CCCN1CC(c2ccc(S(C)(=O)=O)cc2)=C(c2ccc(C)cc2)C1=O	Weight	Low	-0.41267
CCCN1CC(c2ccc(S(C)(=O)=O)cc2)=C(c2ccc(C)cc2)C1=O	Weight	Average	-0.33905
CCCN1CC(c2ccc(S(C)(=O)=O)cc2)=C(c2ccc(C)cc2)C1=O	Weight	High	-0.32924
CCN(CC)C(=O)N1CCN(C)CC1	Sex	Male	-0.16794
CCN(CC)C(=O)N1CCN(C)CC1	Sex	Female	-0.00273
CCN(CC)C(=O)N1CCN(C)CC1	Age	Children	-0.20495
CCN(CC)C(=O)N1CCN(C)CC1	Age	Adolescent	-0.08845
CCN(CC)C(=O)N1CCN(C)CC1	Age	Adult	-0.03388
CCN(CC)C(=O)N1CCN(C)CC1	Age	Elderly	-0.27257
CCN(CC)C(=O)N1CCN(C)CC1	Weight	Low	-0.21912
CCN(CC)C(=O)N1CCN(C)CC1	Weight	Average	-0.18828
CCN(CC)C(=O)N1CCN(C)CC1	Weight	High	-0.32753
CCN(CC)C(=O)NC1C=C2c3cccc4[nH]cc(c34)CC2N(C)C1	Sex	Male	-0.12289
CCN(CC)C(=O)NC1C=C2c3cccc4[nH]cc(c34)CC2N(C)C1	Sex	Female	-0.01862
CCN(CC)C(=O)NC1C=C2c3cccc4[nH]cc(c34)CC2N(C)C1	Age	Children	-0.19104
CCN(CC)C(=O)NC1C=C2c3cccc4[nH]cc(c34)CC2N(C)C1	Age	Adolescent	-0.11295
CCN(CC)C(=O)NC1C=C2c3cccc4[nH]cc(c34)CC2N(C)C1	Age	Adult	-0.09602
CCN(CC)C(=O)NC1C=C2c3cccc4[nH]cc(c34)CC2N(C)C1	Age	Elderly	-0.26074
CCN(CC)C(=O)NC1C=C2c3cccc4[nH]cc(c34)CC2N(C)C1	Weight	Low	-0.35617
CCN(CC)C(=O)NC1C=C2c3cccc4[nH]cc(c34)CC2N(C)C1	Weight	Average	-0.28238
CCN(CC)C(=O)NC1C=C2c3cccc4[nH]cc(c34)CC2N(C)C1	Weight	High	-0.48273
CCNCC(=O)Nc1c(C)cccc1C	Sex	Male	-0.20978
CCNCC(=O)Nc1c(C)cccc1C	Sex	Female	-0.05479
CCNCC(=O)Nc1c(C)cccc1C	Age	Children	-0.25937
CCNCC(=O)Nc1c(C)cccc1C	Age	Adolescent	-0.1418
CCNCC(=O)Nc1c(C)cccc1C	Age	Adult	-0.07563
CCNCC(=O)Nc1c(C)cccc1C	Age	Elderly	-0.32188
CCNCC(=O)Nc1c(C)cccc1C	Weight	Low	-0.25464
CCNCC(=O)Nc1c(C)cccc1C	Weight	Average	-0.38569
CCNCC(=O)Nc1c(C)cccc1C	Weight	High	-0.4345
CCOC(=O)C(CCc1ccccc1)NC1CCCN2CCCC(C(=O)O)N2C1=O	Sex	Male	-0.16747
CCOC(=O)C(CCc1ccccc1)NC1CCCN2CCCC(C(=O)O)N2C1=O	Sex	Female	-0.05064
CCOC(=O)C(CCc1ccccc1)NC1CCCN2CCCC(C(=O)O)N2C1=O	Age	Children	-0.28568
CCOC(=O)C(CCc1ccccc1)NC1CCCN2CCCC(C(=O)O)N2C1=O	Age	Adolescent	-0.24862
CCOC(=O)C(CCc1ccccc1)NC1CCCN2CCCC(C(=O)O)N2C1=O	Age	Adult	-0.06325
CCOC(=O)C(CCc1ccccc1)NC1CCCN2CCCC(C(=O)O)N2C1=O	Age	Elderly	-0.34238
CCOC(=O)C(CCc1ccccc1)NC1CCCN2CCCC(C(=O)O)N2C1=O	Weight	Low	-0.33907
CCOC(=O)C(CCc1ccccc1)NC1CCCN2CCCC(C(=O)O)N2C1=O	Weight	Average	-0.3376
CCOC(=O)C(CCc1ccccc1)NC1CCCN2CCCC(C(=O)O)N2C1=O	Weight	High	-0.52275
CCOC(=O)C1(c2ccccc2)CCN(CCOCCO)CC1	Sex	Male	-0.18268
CCOC(=O)C1(c2ccccc2)CCN(CCOCCO)CC1	Sex	Female	-0.00687
CCOC(=O)C1(c2ccccc2)CCN(CCOCCO)CC1	Age	Children	-0.16394
CCOC(=O)C1(c2ccccc2)CCN(CCOCCO)CC1	Age	Adolescent	-0.16826
CCOC(=O)C1(c2ccccc2)CCN(CCOCCO)CC1	Age	Adult	-0.10005
CCOC(=O)C1(c2ccccc2)CCN(CCOCCO)CC1	Age	Elderly	-0.23835
CCOC(=O)C1(c2ccccc2)CCN(CCOCCO)CC1	Weight	Low	-0.1683
CCOC(=O)C1(c2ccccc2)CCN(CCOCCO)CC1	Weight	Average	-0.15276
CCOC(=O)C1(c2ccccc2)CCN(CCOCCO)CC1	Weight	High	-0.29664
CN(C)CCCN1c2ccccc2CCc2ccccc21	Sex	Male	-0.06577
CN(C)CCCN1c2ccccc2CCc2ccccc21	Sex	Female	-0.00642
CN(C)CCCN1c2ccccc2CCc2ccccc21	Age	Children	-0.06769
CN(C)CCCN1c2ccccc2CCc2ccccc21	Age	Adolescent	-0.01973
CN(C)CCCN1c2ccccc2CCc2ccccc21	Age	Adult	-0.05876
CN(C)CCCN1c2ccccc2CCc2ccccc21	Age	Elderly	-0.1621
CN(C)CCCN1c2ccccc2CCc2ccccc21	Weight	Low	-0.25858
CN(C)CCCN1c2ccccc2CCc2ccccc21	Weight	Average	-0.17988
CN(C)CCCN1c2ccccc2CCc2ccccc21	Weight	High	-0.228
CN1CCC(NC(=O)Nc2ccc(C#N)cc2)CC1c1nc2ccccc2[nH]1	Sex	Male	-0.09578
CN1CCC(NC(=O)Nc2ccc(C#N)cc2)CC1c1nc2ccccc2[nH]1	Sex	Female	-0.0616
CN1CCC(NC(=O)Nc2ccc(C#N)cc2)CC1c1nc2ccccc2[nH]1	Age	Children	-0.18739
CN1CCC(NC(=O)Nc2ccc(C#N)cc2)CC1c1nc2ccccc2[nH]1	Age	Adolescent	-0.10565
CN1CCC(NC(=O)Nc2ccc(C#N)cc2)CC1c1nc2ccccc2[nH]1	Age	Adult	-0.16619
CN1CCC(NC(=O)Nc2ccc(C#N)cc2)CC1c1nc2ccccc2[nH]1	Age	Elderly	-0.33465
CN1CCC(NC(=O)Nc2ccc(C#N)cc2)CC1c1nc2ccccc2[nH]1	Weight	Low	-0.36672
CN1CCC(NC(=O)Nc2ccc(C#N)cc2)CC1c1nc2ccccc2[nH]1	Weight	Average	-0.3609
CN1CCC(NC(=O)Nc2ccc(C#N)cc2)CC1c1nc2ccccc2[nH]1	Weight	High	-0.34215
CN1CCCC(n2nc(Cc3ccc(Cl)cc3)c3ccccc3c2=O)CC1	Sex	Male	-0.06522
CN1CCCC(n2nc(Cc3ccc(Cl)cc3)c3ccccc3c2=O)CC1	Sex	Female	-0.02738
CN1CCCC(n2nc(Cc3ccc(Cl)cc3)c3ccccc3c2=O)CC1	Age	Children	-0.08319
CN1CCCC(n2nc(Cc3ccc(Cl)cc3)c3ccccc3c2=O)CC1	Age	Adolescent	-0.05622
CN1CCCC(n2nc(Cc3ccc(Cl)cc3)c3ccccc3c2=O)CC1	Age	Adult	-0.13628
CN1CCCC(n2nc(Cc3ccc(Cl)cc3)c3ccccc3c2=O)CC1	Age	Elderly	-0.21733
CN1CCCC(n2nc(Cc3ccc(Cl)cc3)c3ccccc3c2=O)CC1	Weight	Low	-0.37193
CN1CCCC(n2nc(Cc3ccc(Cl)cc3)c3ccccc3c2=O)CC1	Weight	Average	-0.17904
CN1CCCC(n2nc(Cc3ccc(Cl)cc3)c3ccccc3c2=O)CC1	Weight	High	-0.36907
CN1CCN(c2nc(C3=C(c4c[nH]c5ccccc45)C(=O)NC3=O)c3ccccc3n2)CC1	Sex	Male	-0.07633
CN1CCN(c2nc(C3=C(c4c[nH]c5ccccc45)C(=O)NC3=O)c3ccccc3n2)CC1	Sex	Female	-0.02186
CN1CCN(c2nc(C3=C(c4c[nH]c5ccccc45)C(=O)NC3=O)c3ccccc3n2)CC1	Age	Children	-0.0863
CN1CCN(c2nc(C3=C(c4c[nH]c5ccccc45)C(=O)NC3=O)c3ccccc3n2)CC1	Age	Adolescent	-0.08248
CN1CCN(c2nc(C3=C(c4c[nH]c5ccccc45)C(=O)NC3=O)c3ccccc3n2)CC1	Age	Adult	-0.08045
CN1CCN(c2nc(C3=C(c4c[nH]c5ccccc45)C(=O)NC3=O)c3ccccc3n2)CC1	Age	Elderly	-0.28697
CN1CCN(c2nc(C3=C(c4c[nH]c5ccccc45)C(=O)NC3=O)c3ccccc3n2)CC1	Weight	Low	-0.17568
CN1CCN(c2nc(C3=C(c4c[nH]c5ccccc45)C(=O)NC3=O)c3ccccc3n2)CC1	Weight	Average	-0.1704
CN1CCN(c2nc(C3=C(c4c[nH]c5ccccc45)C(=O)NC3=O)c3ccccc3n2)CC1	Weight	High	-0.18388
COC(=O)C1C(OC(=O)c2ccccc2)CC2CCC1N2C	Sex	Male	-0.07846
COC(=O)C1C(OC(=O)c2ccccc2)CC2CCC1N2C	Sex	Female	-0.02304
COC(=O)C1C(OC(=O)c2ccccc2)CC2CCC1N2C	Age	Children	-0.14306
COC(=O)C1C(OC(=O)c2ccccc2)CC2CCC1N2C	Age	Adolescent	-0.19678
COC(=O)C1C(OC(=O)c2ccccc2)CC2CCC1N2C	Age	Adult	-0.11706
COC(=O)C1C(OC(=O)c2ccccc2)CC2CCC1N2C	Age	Elderly	-0.37802
COC(=O)C1C(OC(=O)c2ccccc2)CC2CCC1N2C	Weight	Low	-0.23973
COC(=O)C1C(OC(=O)c2ccccc2)CC2CCC1N2C	Weight	Average	-0.43029
COC(=O)C1C(OC(=O)c2ccccc2)CC2CCC1N2C	Weight	High	-0.35706
COc1cc2[nH]c(C)c(CCN3CCN(c4ccccc4)CC3)c2cc1OC	Sex	Male	-0.09487
COc1cc2[nH]c(C)c(CCN3CCN(c4ccccc4)CC3)c2cc1OC	Sex	Female	-0.01321
COc1cc2[nH]c(C)c(CCN3CCN(c4ccccc4)CC3)c2cc1OC	Age	Children	-0.08412
COc1cc2[nH]c(C)c(CCN3CCN(c4ccccc4)CC3)c2cc1OC	Age	Adolescent	-0.06755
COc1cc2[nH]c(C)c(CCN3CCN(c4ccccc4)CC3)c2cc1OC	Age	Adult	-0.07261
COc1cc2[nH]c(C)c(CCN3CCN(c4ccccc4)CC3)c2cc1OC	Age	Elderly	-0.29019
COc1cc2[nH]c(C)c(CCN3CCN(c4ccccc4)CC3)c2cc1OC	Weight	Low	-0.279
COc1cc2[nH]c(C)c(CCN3CCN(c4ccccc4)CC3)c2cc1OC	Weight	Average	-0.11153
COc1cc2[nH]c(C)c(CCN3CCN(c4ccccc4)CC3)c2cc1OC	Weight	High	-0.26216
Cc1cccc(C)c1N(CC(=O)Nc1ccc(-c2ncon2)cc1)C(=O)C1CCS(=O)(=O)CC1	Sex	Male	-0.15138
Cc1cccc(C)c1N(CC(=O)Nc1ccc(-c2ncon2)cc1)C(=O)C1CCS(=O)(=O)CC1	Sex	Female	-0.04206
Cc1cccc(C)c1N(CC(=O)Nc1ccc(-c2ncon2)cc1)C(=O)C1CCS(=O)(=O)CC1	Age	Children	-0.1711
Cc1cccc(C)c1N(CC(=O)Nc1ccc(-c2ncon2)cc1)C(=O)C1CCS(=O)(=O)CC1	Age	Adolescent	-0.17576
Cc1cccc(C)c1N(CC(=O)Nc1ccc(-c2ncon2)cc1)C(=O)C1CCS(=O)(=O)CC1	Age	Adult	-0.11014
Cc1cccc(C)c1N(CC(=O)Nc1ccc(-c2ncon2)cc1)C(=O)C1CCS(=O)(=O)CC1	Age	Elderly	-0.28314
Cc1cccc(C)c1N(CC(=O)Nc1ccc(-c2ncon2)cc1)C(=O)C1CCS(=O)(=O)CC1	Weight	Low	-0.3482
Cc1cccc(C)c1N(CC(=O)Nc1ccc(-c2ncon2)cc1)C(=O)C1CCS(=O)(=O)CC1	Weight	Average	-0.14074
Cc1cccc(C)c1N(CC(=O)Nc1ccc(-c2ncon2)cc1)C(=O)C1CCS(=O)(=O)CC1	Weight	High	-0.18428
O=C(c1cc(Cc2n[nH]c(=O)c3ccccc23)ccc1F)N1CCN(C(=O)C2CC2)CC1	Sex	Male	-0.21567
O=C(c1cc(Cc2n[nH]c(=O)c3ccccc23)ccc1F)N1CCN(C(=O)C2CC2)CC1	Sex	Female	-0.04841
O=C(c1cc(Cc2n[nH]c(=O)c3ccccc23)ccc1F)N1CCN(C(=O)C2CC2)CC1	Age	Children	-0.23314
O=C(c1cc(Cc2n[nH]c(=O)c3ccccc23)ccc1F)N1CCN(C(=O)C2CC2)CC1	Age	Adolescent	-0.12127
O=C(c1cc(Cc2n[nH]c(=O)c3ccccc23)ccc1F)N1CCN(C(=O)C2CC2)CC1	Age	Adult	-0.21501
O=C(c1cc(Cc2n[nH]c(=O)c3ccccc23)ccc1F)N1CCN(C(=O)C2CC2)CC1	Age	Elderly	-0.40746
O=C(c1cc(Cc2n[nH]c(=O)c3ccccc23)ccc1F)N1CCN(C(=O)C2CC2)CC1	Weight	Low	-0.37921
O=C(c1cc(Cc2n[nH]c(=O)c3ccccc23)ccc1F)N1CCN(C(=O)C2CC2)CC1	Weight	Average	-0.24507
O=C(c1cc(Cc2n[nH]c(=O)c3ccccc23)ccc1F)N1CCN(C(=O)C2CC2)CC1	Weight	High	-0.40688
O=c1n(CCCN2CCN(c3cccc(Cl)c3)CC2)nc2ccccn12	Sex	Male	-0.15644
O=c1n(CCCN2CCN(c3cccc(Cl)c3)CC2)nc2ccccn12	Sex	Female	-0.03621
O=c1n(CCCN2CCN(c3cccc(Cl)c3)CC2)nc2ccccn12	Age	Children	-0.08947
O=c1n(CCCN2CCN(c3cccc(Cl)c3)CC2)nc2ccccn12	Age	Adolescent	-0.08082
O=c1n(CCCN2CCN(c3cccc(Cl)c3)CC2)nc2ccccn12	Age	Adult	-0.0629
O=c1n(CCCN2CCN(c3cccc(Cl)c3)CC2)nc2ccccn12	Age	Elderly	-0.30232
O=c1n(CCCN2CCN(c3cccc(Cl)c3)CC2)nc2ccccn12	Weight	Low	-0.37672
O=c1n(CCCN2CCN(c3cccc(Cl)c3)CC2)nc2ccccn12	Weight	Average	-0.19216
O=c1n(CCCN2CCN(c3cccc(Cl)c3)CC2)nc2ccccn12	Weight	High	-0.29991
C#CCNC1CCc2ccccc21	Sex	Male	-0.19014
C#CCNC1CCc2ccccc21	Sex	Female	-0.0334
C#CCNC1CCc2ccccc21	Age	Children	-0.20324
C#CCNC1CCc2ccccc21	Age	Adolescent	-0.20862
C#CCNC1CCc2ccccc21	Age	Adult	-0.14436
C#CCNC1CCc2ccccc21	Age	Elderly	-0.40456
C#CCNC1CCc2ccccc21	Weight	Low	-0.39055
C#CCNC1CCc2ccccc21	Weight	Average	-0.48737
C#CCNC1CCc2ccccc21	Weight	High	-0.54632
CC(C)OC(=O)CCCC=CCC1C(O)CC(O)C1C=CC(F)(F)COc1ccccc1	Sex	Male	-0.07429
CC(C)OC(=O)CCCC=CCC1C(O)CC(O)C1C=CC(F)(F)COc1ccccc1	Sex	Female	-0.08692
CC(C)OC(=O)CCCC=CCC1C(O)CC(O)C1C=CC(F)(F)COc1ccccc1	Age	Children	-0.10205
CC(C)OC(=O)CCCC=CCC1C(O)CC(O)C1C=CC(F)(F)COc1ccccc1	Age	Adolescent	-0.23017
CC(C)OC(=O)CCCC=CCC1C(O)CC(O)C1C=CC(F)(F)COc1ccccc1	Age	Adult	-0.16421
CC(C)OC(=O)CCCC=CCC1C(O)CC(O)C1C=CC(F)(F)COc1ccccc1	Age	Elderly	-0.05096
CC(C)OC(=O)CCCC=CCC1C(O)CC(O)C1C=CC(F)(F)COc1ccccc1	Weight	Low	-0.32567
CC(C)OC(=O)CCCC=CCC1C(O)CC(O)C1C=CC(F)(F)COc1ccccc1	Weight	Average	-0.14653
CC(C)OC(=O)CCCC=CCC1C(O)CC(O)C1C=CC(F)(F)COc1ccccc1	Weight	High	-0.38604
CC(C)OC(=O)CCCC=CCC1C(O)CC(O)C1CCC(O)CCc1ccccc1	Sex	Male	-0.10038
CC(C)OC(=O)CCCC=CCC1C(O)CC(O)C1CCC(O)CCc1ccccc1	Sex	Female	-0.05137
CC(C)OC(=O)CCCC=CCC1C(O)CC(O)C1CCC(O)CCc1ccccc1	Age	Children	-0.16514
CC(C)OC(=O)CCCC=CCC1C(O)CC(O)C1CCC(O)CCc1ccccc1	Age	Adolescent	-0.2176
CC(C)OC(=O)CCCC=CCC1C(O)CC(O)C1CCC(O)CCc1ccccc1	Age	Adult	-0.22962
CC(C)OC(=O)CCCC=CCC1C(O)CC(O)C1CCC(O)CCc1ccccc1	Age	Elderly	-0.09156
CC(C)OC(=O)CCCC=CCC1C(O)CC(O)C1CCC(O)CCc1ccccc1	Weight	Low	-0.32475
CC(C)OC(=O)CCCC=CCC1C(O)CC(O)C1CCC(O)CCc1ccccc1	Weight	Average	-0.2178
CC(C)OC(=O)CCCC=CCC1C(O)CC(O)C1CCC(O)CCc1ccccc1	Weight	High	-0.42992
CCCCNc1ccc(C(=O)OCCN(C)C)cc1	Sex	Male	-0.18921
CCCCNc1ccc(C(=O)OCCN(C)C)cc1	Sex	Female	-0.02392
CCCCNc1ccc(C(=O)OCCN(C)C)cc1	Age	Children	-0.19018
CCCCNc1ccc(C(=O)OCCN(C)C)cc1	Age	Adolescent	-0.10494
CCCCNc1ccc(C(=O)OCCN(C)C)cc1	Age	Adult	-0.06893
CCCCNc1ccc(C(=O)OCCN(C)C)cc1	Age	Elderly	-0.14904
CCCCNc1ccc(C(=O)OCCN(C)C)cc1	Weight	Low	-0.21689
CCCCNc1ccc(C(=O)OCCN(C)C)cc1	Weight	Average	-0.2389
CCCCNc1ccc(C(=O)OCCN(C)C)cc1	Weight	High	-0.157
CCN1CCCC1CNC(=O)c1cc(S(=O)(=O)CC)ccc1OC	Sex	Male	-0.20914
CCN1CCCC1CNC(=O)c1cc(S(=O)(=O)CC)ccc1OC	Sex	Female	-0.01955
CCN1CCCC1CNC(=O)c1cc(S(=O)(=O)CC)ccc1OC	Age	Children	-0.19982
CCN1CCCC1CNC(=O)c1cc(S(=O)(=O)CC)ccc1OC	Age	Adolescent	-0.23522
CCN1CCCC1CNC(=O)c1cc(S(=O)(=O)CC)ccc1OC	Age	Adult	-0.07453
CCN1CCCC1CNC(=O)c1cc(S(=O)(=O)CC)ccc1OC	Age	Elderly	-0.28578
CCN1CCCC1CNC(=O)c1cc(S(=O)(=O)CC)ccc1OC	Weight	Low	-0.22613
CCN1CCCC1CNC(=O)c1cc(S(=O)(=O)CC)ccc1OC	Weight	Average	-0.11369
CCN1CCCC1CNC(=O)c1cc(S(=O)(=O)CC)ccc1OC	Weight	High	-0.33347
CCOc1ncc(C)c2c1C(c1ccc(C#N)cc1OC)C(C(N)=O)=C(C)N2	Sex	Male	-0.2365
CCOc1ncc(C)c2c1C(c1ccc(C#N)cc1OC)C(C(N)=O)=C(C)N2	Sex	Female	-0.04503
CCOc1ncc(C)c2c1C(c1ccc(C#N)cc1OC)C(C(N)=O)=C(C)N2	Age	Children	-0.14226
CCOc1ncc(C)c2c1C(c1ccc(C#N)cc1OC)C(C(N)=O)=C(C)N2	Age	Adolescent	-0.16902
CCOc1ncc(C)c2c1C(c1ccc(C#N)cc1OC)C(C(N)=O)=C(C)N2	Age	Adult	-0.04092
CCOc1ncc(C)c2c1C(c1ccc(C#N)cc1OC)C(C(N)=O)=C(C)N2	Age	Elderly	-0.34552
CCOc1ncc(C)c2c1C(c1ccc(C#N)cc1OC)C(C(N)=O)=C(C)N2	Weight	Low	-0.23143
CCOc1ncc(C)c2c1C(c1ccc(C#N)cc1OC)C(C(N)=O)=C(C)N2	Weight	Average	-0.19819
CCOc1ncc(C)c2c1C(c1ccc(C#N)cc1OC)C(C(N)=O)=C(C)N2	Weight	High	-0.3842
CN1c2ccccc2C(NCCCCCCC(=O)O)c2ccc(Cl)cc2S1(=O)=O	Sex	Male	-0.1128
CN1c2ccccc2C(NCCCCCCC(=O)O)c2ccc(Cl)cc2S1(=O)=O	Sex	Female	-0.03654
CN1c2ccccc2C(NCCCCCCC(=O)O)c2ccc(Cl)cc2S1(=O)=O	Age	Children	-0.21012
CN1c2ccccc2C(NCCCCCCC(=O)O)c2ccc(Cl)cc2S1(=O)=O	Age	Adolescent	-0.06534
CN1c2ccccc2C(NCCCCCCC(=O)O)c2ccc(Cl)cc2S1(=O)=O	Age	Adult	-0.03019
CN1c2ccccc2C(NCCCCCCC(=O)O)c2ccc(Cl)cc2S1(=O)=O	Age	Elderly	-0.26403
CN1c2ccccc2C(NCCCCCCC(=O)O)c2ccc(Cl)cc2S1(=O)=O	Weight	Low	-0.18072
CN1c2ccccc2C(NCCCCCCC(=O)O)c2ccc(Cl)cc2S1(=O)=O	Weight	Average	-0.10639
CN1c2ccccc2C(NCCCCCCC(=O)O)c2ccc(Cl)cc2S1(=O)=O	Weight	High	-0.16811
COC(=O)CC(O)(CCCC(C)(C)O)C(=O)OC1C(OC)=CC23CCCN2CCc2cc4c(cc2C13)OCO4	Sex	Male	-0.10709
COC(=O)CC(O)(CCCC(C)(C)O)C(=O)OC1C(OC)=CC23CCCN2CCc2cc4c(cc2C13)OCO4	Sex	Female	-0.02495
COC(=O)CC(O)(CCCC(C)(C)O)C(=O)OC1C(OC)=CC23CCCN2CCc2cc4c(cc2C13)OCO4	Age	Children	-0.28989
COC(=O)CC(O)(CCCC(C)(C)O)C(=O)OC1C(OC)=CC23CCCN2CCc2cc4c(cc2C13)OCO4	Age	Adolescent	-0.21737
COC(=O)CC(O)(CCCC(C)(C)O)C(=O)OC1C(OC)=CC23CCCN2CCc2cc4c(cc2C13)OCO4	Age	Adult	-0.09721
COC(=O)CC(O)(CCCC(C)(C)O)C(=O)OC1C(OC)=CC23CCCN2CCc2cc4c(cc2C13)OCO4	Age	Elderly	-0.31467
COC(=O)CC(O)(CCCC(C)(C)O)C(=O)OC1C(OC)=CC23CCCN2CCc2cc4c(cc2C13)OCO4	Weight	Low	-0.3662
COC(=O)CC(O)(CCCC(C)(C)O)C(=O)OC1C(OC)=CC23CCCN2CCc2cc4c(cc2C13)OCO4	Weight	Average	-0.37996
COC(=O)CC(O)(CCCC(C)(C)O)C(=O)OC1C(OC)=CC23CCCN2CCc2cc4c(cc2C13)OCO4	Weight	High	-0.47327
Cc1ccccc1C(O)(c1ccccc1C)C1CN2CCC1CC2	Sex	Male	-0.17191
Cc1ccccc1C(O)(c1ccccc1C)C1CN2CCC1CC2	Sex	Female	-0.0517
Cc1ccccc1C(O)(c1ccccc1C)C1CN2CCC1CC2	Age	Children	-0.24499
Cc1ccccc1C(O)(c1ccccc1C)C1CN2CCC1CC2	Age	Adolescent	-0.02548
Cc1ccccc1C(O)(c1ccccc1C)C1CN2CCC1CC2	Age	Adult	-0.11413
Cc1ccccc1C(O)(c1ccccc1C)C1CN2CCC1CC2	Age	Elderly	-0.31889
Cc1ccccc1C(O)(c1ccccc1C)C1CN2CCC1CC2	Weight	Low	-0.31504
Cc1ccccc1C(O)(c1ccccc1C)C1CN2CCC1CC2	Weight	Average	-0.14233
Cc1ccccc1C(O)(c1ccccc1C)C1CN2CCC1CC2	Weight	High	-0.31171
Cc1cn2nc(-c3cc(=O)n4cc(N5CCNC6(CC6)C5)ccc4n3)cc(C)c2n1	Sex	Male	-0.09663
Cc1cn2nc(-c3cc(=O)n4cc(N5CCNC6(CC6)C5)ccc4n3)cc(C)c2n1	Sex	Female	-0.01808
Cc1cn2nc(-c3cc(=O)n4cc(N5CCNC6(CC6)C5)ccc4n3)cc(C)c2n1	Age	Children	-0.19906
Cc1cn2nc(-c3cc(=O)n4cc(N5CCNC6(CC6)C5)ccc4n3)cc(C)c2n1	Age	Adolescent	-0.11229
Cc1cn2nc(-c3cc(=O)n4cc(N5CCNC6(CC6)C5)ccc4n3)cc(C)c2n1	Age	Adult	-0.10339
Cc1cn2nc(-c3cc(=O)n4cc(N5CCNC6(CC6)C5)ccc4n3)cc(C)c2n1	Age	Elderly	-0.32018
Cc1cn2nc(-c3cc(=O)n4cc(N5CCNC6(CC6)C5)ccc4n3)cc(C)c2n1	Weight	Low	-0.3466
Cc1cn2nc(-c3cc(=O)n4cc(N5CCNC6(CC6)C5)ccc4n3)cc(C)c2n1	Weight	Average	-0.28049
Cc1cn2nc(-c3cc(=O)n4cc(N5CCNC6(CC6)C5)ccc4n3)cc(C)c2n1	Weight	High	-0.33908
NNC(=O)CN1C(=O)CN=C(c2ccccc2)c2cc(Br)ccc21	Sex	Male	-0.11188
NNC(=O)CN1C(=O)CN=C(c2ccccc2)c2cc(Br)ccc21	Sex	Female	0.00046
NNC(=O)CN1C(=O)CN=C(c2ccccc2)c2cc(Br)ccc21	Age	Children	-0.13488
NNC(=O)CN1C(=O)CN=C(c2ccccc2)c2cc(Br)ccc21	Age	Adolescent	-0.1668
NNC(=O)CN1C(=O)CN=C(c2ccccc2)c2cc(Br)ccc21	Age	Adult	-0.15779
NNC(=O)CN1C(=O)CN=C(c2ccccc2)c2cc(Br)ccc21	Age	Elderly	-0.36611
NNC(=O)CN1C(=O)CN=C(c2ccccc2)c2cc(Br)ccc21	Weight	Low	-0.41432
NNC(=O)CN1C(=O)CN=C(c2ccccc2)c2cc(Br)ccc21	Weight	Average	-0.30099
NNC(=O)CN1C(=O)CN=C(c2ccccc2)c2cc(Br)ccc21	Weight	High	-0.30905
C=C(c1ccc(C(=O)O)cc1)c1cc2c(cc1C)C(C)(C)CCC2(C)C	Sex	Male	-0.18599
C=C(c1ccc(C(=O)O)cc1)c1cc2c(cc1C)C(C)(C)CCC2(C)C	Sex	Female	-0.04283
C=C(c1ccc(C(=O)O)cc1)c1cc2c(cc1C)C(C)(C)CCC2(C)C	Age	Children	-0.20315
C=C(c1ccc(C(=O)O)cc1)c1cc2c(cc1C)C(C)(C)CCC2(C)C	Age	Adolescent	-0.10343
C=C(c1ccc(C(=O)O)cc1)c1cc2c(cc1C)C(C)(C)CCC2(C)C	Age	Adult	-0.10428
C=C(c1ccc(C(=O)O)cc1)c1cc2c(cc1C)C(C)(C)CCC2(C)C	Age	Elderly	-0.25003
C=C(c1ccc(C(=O)O)cc1)c1cc2c(cc1C)C(C)(C)CCC2(C)C	Weight	Low	-0.18901
C=C(c1ccc(C(=O)O)cc1)c1cc2c(cc1C)C(C)(C)CCC2(C)C	Weight	Average	-0.16222
C=C(c1ccc(C(=O)O)cc1)c1cc2c(cc1C)C(C)(C)CCC2(C)C	Weight	High	-0.2131
CC(=O)OCC(=O)C1(O)CCC2C3CCC4=CC(=O)C=CC4(C)C3C(=O)CC21C	Sex	Male	-0.10396
CC(=O)OCC(=O)C1(O)CCC2C3CCC4=CC(=O)C=CC4(C)C3C(=O)CC21C	Sex	Female	-0.01001
CC(=O)OCC(=O)C1(O)CCC2C3CCC4=CC(=O)C=CC4(C)C3C(=O)CC21C	Age	Children	-0.13186
CC(=O)OCC(=O)C1(O)CCC2C3CCC4=CC(=O)C=CC4(C)C3C(=O)CC21C	Age	Adolescent	-0.27949
CC(=O)OCC(=O)C1(O)CCC2C3CCC4=CC(=O)C=CC4(C)C3C(=O)CC21C	Age	Adult	-0.11019
CC(=O)OCC(=O)C1(O)CCC2C3CCC4=CC(=O)C=CC4(C)C3C(=O)CC21C	Age	Elderly	-0.35544
CC(=O)OCC(=O)C1(O)CCC2C3CCC4=CC(=O)C=CC4(C)C3C(=O)CC21C	Weight	Low	-0.51413
CC(=O)OCC(=O)C1(O)CCC2C3CCC4=CC(=O)C=CC4(C)C3C(=O)CC21C	Weight	Average	-0.51418
CC(=O)OCC(=O)C1(O)CCC2C3CCC4=CC(=O)C=CC4(C)C3C(=O)CC21C	Weight	High	-0.43129
CC(=O)OCC(=O)C1(O)CCC2C3CCC4=CC(=O)CCC4(C)C3C(O)CC21C	Sex	Male	-0.08284
CC(=O)OCC(=O)C1(O)CCC2C3CCC4=CC(=O)CCC4(C)C3C(O)CC21C	Sex	Female	-0.00782
CC(=O)OCC(=O)C1(O)CCC2C3CCC4=CC(=O)CCC4(C)C3C(O)CC21C	Age	Children	-0.0967
CC(=O)OCC(=O)C1(O)CCC2C3CCC4=CC(=O)CCC4(C)C3C(O)CC21C	Age	Adolescent	-0.30717
CC(=O)OCC(=O)C1(O)CCC2C3CCC4=CC(=O)CCC4(C)C3C(O)CC21C	Age	Adult	-0.04093
CC(=O)OCC(=O)C1(O)CCC2C3CCC4=CC(=O)CCC4(C)C3C(O)CC21C	Age	Elderly	-0.21821
CC(=O)OCC(=O)C1(O)CCC2C3CCC4=CC(=O)CCC4(C)C3C(O)CC21C	Weight	Low	-0.3818
CC(=O)OCC(=O)C1(O)CCC2C3CCC4=CC(=O)CCC4(C)C3C(O)CC21C	Weight	Average	-0.39414
CC(=O)OCC(=O)C1(O)CCC2C3CCC4=CC(=O)CCC4(C)C3C(O)CC21C	Weight	High	-0.42137
CC(=O)SCC(C)C(=O)N1CCCC1C(=O)NC(Cc1ccccc1)C(=O)O	Sex	Male	-0.13983
CC(=O)SCC(C)C(=O)N1CCCC1C(=O)NC(Cc1ccccc1)C(=O)O	Sex	Female	-0.02735
CC(=O)SCC(C)C(=O)N1CCCC1C(=O)NC(Cc1ccccc1)C(=O)O	Age	Children	-0.10391
CC(=O)SCC(C)C(=O)N1CCCC1C(=O)NC(Cc1ccccc1)C(=O)O	Age	Adolescent	-0.18512
CC(=O)SCC(C)C(=O)N1CCCC1C(=O)NC(Cc1ccccc1)C(=O)O	Age	Adult	-0.07613
CC(=O)SCC(C)C(=O)N1CCCC1C(=O)NC(Cc1ccccc1)C(=O)O	Age	Elderly	-0.28245
CC(=O)SCC(C)C(=O)N1CCCC1C(=O)NC(Cc1ccccc1)C(=O)O	Weight	Low	-0.27734
CC(=O)SCC(C)C(=O)N1CCCC1C(=O)NC(Cc1ccccc1)C(=O)O	Weight	Average	-0.30556
CC(=O)SCC(C)C(=O)N1CCCC1C(=O)NC(Cc1ccccc1)C(=O)O	Weight	High	-0.30038
CC(C(=O)O)c1ccc(Nc2ccccc2C(=O)O)cc1	Sex	Male	-0.19387
CC(C(=O)O)c1ccc(Nc2ccccc2C(=O)O)cc1	Sex	Female	-0.07632
CC(C(=O)O)c1ccc(Nc2ccccc2C(=O)O)cc1	Age	Children	-0.28904
CC(C(=O)O)c1ccc(Nc2ccccc2C(=O)O)cc1	Age	Adolescent	-0.24277
CC(C(=O)O)c1ccc(Nc2ccccc2C(=O)O)cc1	Age	Adult	-0.13246
CC(C(=O)O)c1ccc(Nc2ccccc2C(=O)O)cc1	Age	Elderly	-0.28275
CC(C(=O)O)c1ccc(Nc2ccccc2C(=O)O)cc1	Weight	Low	-0.15232
CC(C(=O)O)c1ccc(Nc2ccccc2C(=O)O)cc1	Weight	Average	-0.34469
CC(C(=O)O)c1ccc(Nc2ccccc2C(=O)O)cc1	Weight	High	-0.31757
CC(C)C(NC(=O)c1nn(CC2CCCCC2)c2ccccc12)C(N)=O	Sex	Male	-0.13576
CC(C)C(NC(=O)c1nn(CC2CCCCC2)c2ccccc12)C(N)=O	Sex	Female	-0.04637
CC(C)C(NC(=O)c1nn(CC2CCCCC2)c2ccccc12)C(N)=O	Age	Children	-0.22219
CC(C)C(NC(=O)c1nn(CC2CCCCC2)c2ccccc12)C(N)=O	Age	Adolescent	-0.10424
CC(C)C(NC(=O)c1nn(CC2CCCCC2)c2ccccc12)C(N)=O	Age	Adult	-0.18401
CC(C)C(NC(=O)c1nn(CC2CCCCC2)c2ccccc12)C(N)=O	Age	Elderly	-0.35565
CC(C)C(NC(=O)c1nn(CC2CCCCC2)c2ccccc12)C(N)=O	Weight	Low	-0.24637
CC(C)C(NC(=O)c1nn(CC2CCCCC2)c2ccccc12)C(N)=O	Weight	Average	-0.30519
CC(C)C(NC(=O)c1nn(CC2CCCCC2)c2ccccc12)C(N)=O	Weight	High	-0.27922
CC(C)Cc1ccc(C(C)C(=O)OCc2ccccn2)cc1	Sex	Male	-0.10465
CC(C)Cc1ccc(C(C)C(=O)OCc2ccccn2)cc1	Sex	Female	-0.04763
CC(C)Cc1ccc(C(C)C(=O)OCc2ccccn2)cc1	Age	Children	-0.25485
CC(C)Cc1ccc(C(C)C(=O)OCc2ccccn2)cc1	Age	Adolescent	-0.09341
CC(C)Cc1ccc(C(C)C(=O)OCc2ccccn2)cc1	Age	Adult	-0.11614
CC(C)Cc1ccc(C(C)C(=O)OCc2ccccn2)cc1	Age	Elderly	-0.15197
CC(C)Cc1ccc(C(C)C(=O)OCc2ccccn2)cc1	Weight	Low	-0.39126
CC(C)Cc1ccc(C(C)C(=O)OCc2ccccn2)cc1	Weight	Average	-0.22661
CC(C)Cc1ccc(C(C)C(=O)OCc2ccccn2)cc1	Weight	High	-0.23471
CC(C)OC(=O)C(C)NP(=O)(OCC1OC(n2ccc(=O)[nH]c2=O)C(C)(Cl)C1O)Oc1ccccc1	Sex	Male	-0.15371
CC(C)OC(=O)C(C)NP(=O)(OCC1OC(n2ccc(=O)[nH]c2=O)C(C)(Cl)C1O)Oc1ccccc1	Sex	Female	-0.05849
CC(C)OC(=O)C(C)NP(=O)(OCC1OC(n2ccc(=O)[nH]c2=O)C(C)(Cl)C1O)Oc1ccccc1	Age	Children	-0.23725
CC(C)OC(=O)C(C)NP(=O)(OCC1OC(n2ccc(=O)[nH]c2=O)C(C)(Cl)C1O)Oc1ccccc1	Age	Adolescent	-0.2565
CC(C)OC(=O)C(C)NP(=O)(OCC1OC(n2ccc(=O)[nH]c2=O)C(C)(Cl)C1O)Oc1ccccc1	Age	Adult	-0.10357
CC(C)OC(=O)C(C)NP(=O)(OCC1OC(n2ccc(=O)[nH]c2=O)C(C)(Cl)C1O)Oc1ccccc1	Age	Elderly	-0.21809
CC(C)OC(=O)C(C)NP(=O)(OCC1OC(n2ccc(=O)[nH]c2=O)C(C)(Cl)C1O)Oc1ccccc1	Weight	Low	-0.32113
CC(C)OC(=O)C(C)NP(=O)(OCC1OC(n2ccc(=O)[nH]c2=O)C(C)(Cl)C1O)Oc1ccccc1	Weight	Average	-0.31101
CC(C)OC(=O)C(C)NP(=O)(OCC1OC(n2ccc(=O)[nH]c2=O)C(C)(Cl)C1O)Oc1ccccc1	Weight	High	-0.35196
CC(Cc1cccc(C(F)(F)F)c1)NCCOC(=O)c1ccccc1	Sex	Male	-0.16419
CC(Cc1cccc(C(F)(F)F)c1)NCCOC(=O)c1ccccc1	Sex	Female	-0.04949
CC(Cc1cccc(C(F)(F)F)c1)NCCOC(=O)c1ccccc1	Age	Children	-0.29211
CC(Cc1cccc(C(F)(F)F)c1)NCCOC(=O)c1ccccc1	Age	Adolescent	-0.02175
CC(Cc1cccc(C(F)(F)F)c1)NCCOC(=O)c1ccccc1	Age	Adult	-0.09564
CC(Cc1cccc(C(F)(F)F)c1)NCCOC(=O)c1ccccc1	Age	Elderly	-0.19262
CC(Cc1cccc(C(F)(F)F)c1)NCCOC(=O)c1ccccc1	Weight	Low	-0.3868
CC(Cc1cccc(C(F)(F)F)c1)NCCOC(=O)c1ccccc1	Weight	Average	-0.2832
CC(Cc1cccc(C(F)(F)F)c1)NCCOC(=O)c1ccccc1	Weight	High	-0.43938
CC(c1cc2ccccc2s1)N(O)C(N)=O	Sex	Male	-0.183
CC(c1cc2ccccc2s1)N(O)C(N)=O	Sex	Female	-0.05012
CC(c1cc2ccccc2s1)N(O)C(N)=O	Age	Children	-0.27714
CC(c1cc2ccccc2s1)N(O)C(N)=O	Age	Adolescent	-0.18644
CC(c1cc2ccccc2s1)N(O)C(N)=O	Age	Adult	-0.14092
CC(c1cc2ccccc2s1)N(O)C(N)=O	Age	Elderly	-0.28005
CC(c1cc2ccccc2s1)N(O)C(N)=O	Weight	Low	-0.24851
CC(c1cc2ccccc2s1)N(O)C(N)=O	Weight	Average	-0.20412
CC(c1cc2ccccc2s1)N(O)C(N)=O	Weight	High	-0.35121
CC1(N)CCN(c2cccnc2NC(=O)c2nc(-c3ncccc3C(F)(F)F)cnc2N)CC1	Sex	Male	-0.17671
CC1(N)CCN(c2cccnc2NC(=O)c2nc(-c3ncccc3C(F)(F)F)cnc2N)CC1	Sex	Female	-0.0533
CC1(N)CCN(c2cccnc2NC(=O)c2nc(-c3ncccc3C(F)(F)F)cnc2N)CC1	Age	Children	-0.24147
CC1(N)CCN(c2cccnc2NC(=O)c2nc(-c3ncccc3C(F)(F)F)cnc2N)CC1	Age	Adolescent	-0.21832
CC1(N)CCN(c2cccnc2NC(=O)c2nc(-c3ncccc3C(F)(F)F)cnc2N)CC1	Age	Adult	-0.11384
CC1(N)CCN(c2cccnc2NC(=O)c2nc(-c3ncccc3C(F)(F)F)cnc2N)CC1	Age	Elderly	-0.26616
CC1(N)CCN(c2cccnc2NC(=O)c2nc(-c3ncccc3C(F)(F)F)cnc2N)CC1	Weight	Low	-0.22512
CC1(N)CCN(c2cccnc2NC(=O)c2nc(-c3ncccc3C(F)(F)F)cnc2N)CC1	Weight	Average	-0.21769
CC1(N)CCN(c2cccnc2NC(=O)c2nc(-c3ncccc3C(F)(F)F)cnc2N)CC1	Weight	High	-0.24812
CC1CC(OC(=O)c2ccccc2O)CC(C)(C)C1	Sex	Male	-0.13128
CC1CC(OC(=O)c2ccccc2O)CC(C)(C)C1	Sex	Female	-0.04738
CC1CC(OC(=O)c2ccccc2O)CC(C)(C)C1	Age	Children	-0.21175
CC1CC(OC(=O)c2ccccc2O)CC(C)(C)C1	Age	Adolescent	-0.06362
CC1CC(OC(=O)c2ccccc2O)CC(C)(C)C1	Age	Adult	-0.07993
CC1CC(OC(=O)c2ccccc2O)CC(C)(C)C1	Age	Elderly	-0.33674
CC1CC(OC(=O)c2ccccc2O)CC(C)(C)C1	Weight	Low	-0.42788
CC1CC(OC(=O)c2ccccc2O)CC(C)(C)C1	Weight	Average	-0.26192
CC1CC(OC(=O)c2ccccc2O)CC(C)(C)C1	Weight	High	-0.29519
CCC(=O)C(CCN(C)C)(c1ccccc1)c1ccccc1	Sex	Male	-0.17684
CCC(=O)C(CCN(C)C)(c1ccccc1)c1ccccc1	Sex	Female	0.01914
CCC(=O)C(CCN(C)C)(c1ccccc1)c1ccccc1	Age	Children	-0.114
CCC(=O)C(CCN(C)C)(c1ccccc1)c1ccccc1	Age	Adolescent	-0.00509
CCC(=O)C(CCN(C)C)(c1ccccc1)c1ccccc1	Age	Adult	-0.09922
CCC(=O)C(CCN(C)C)(c1ccccc1)c1ccccc1	Age	Elderly	-0.28914
CCC(=O)C(CCN(C)C)(c1ccccc1)c1ccccc1	Weight	Low	-0.2339
CCC(=O)C(CCN(C)C)(c1ccccc1)c1ccccc1	Weight	Average	-0.20438
CCC(=O)C(CCN(C)C)(c1ccccc1)c1ccccc1	Weight	High	-0.20029
CCC(=O)Nc1ccc(Cl)c(Cl)c1	Sex	Male	-0.23181
CCC(=O)Nc1ccc(Cl)c(Cl)c1	Sex	Female	-0.04088
CCC(=O)Nc1ccc(Cl)c(Cl)c1	Age	Children	-0.13909
CCC(=O)Nc1ccc(Cl)c(Cl)c1	Age	Adolescent	-0.08266
CCC(=O)Nc1ccc(Cl)c(Cl)c1	Age	Adult	-0.11288
CCC(=O)Nc1ccc(Cl)c(Cl)c1	Age	Elderly	-0.22172
CCC(=O)Nc1ccc(Cl)c(Cl)c1	Weight	Low	-0.08019
CCC(=O)Nc1ccc(Cl)c(Cl)c1	Weight	Average	-0.29507
CCC(=O)Nc1ccc(Cl)c(Cl)c1	Weight	High	-0.15221
CCC(CC)COC(=O)C(C)NP(=O)(OCC1OC(C#N)(c2ccc3c(N)ncnn23)C(O)C1O)Oc1ccccc1	Sex	Male	-0.15751
CCC(CC)COC(=O)C(C)NP(=O)(OCC1OC(C#N)(c2ccc3c(N)ncnn23)C(O)C1O)Oc1ccccc1	Sex	Female	-0.03198
CCC(CC)COC(=O)C(C)NP(=O)(OCC1OC(C#N)(c2ccc3c(N)ncnn23)C(O)C1O)Oc1ccccc1	Age	Children	-0.25233
CCC(CC)COC(=O)C(C)NP(=O)(OCC1OC(C#N)(c2ccc3c(N)ncnn23)C(O)C1O)Oc1ccccc1	Age	Adolescent	-0.20834
CCC(CC)COC(=O)C(C)NP(=O)(OCC1OC(C#N)(c2ccc3c(N)ncnn23)C(O)C1O)Oc1ccccc1	Age	Adult	-0.08137
CCC(CC)COC(=O)C(C)NP(=O)(OCC1OC(C#N)(c2ccc3c(N)ncnn23)C(O)C1O)Oc1ccccc1	Age	Elderly	-0.28935
CCC(CC)COC(=O)C(C)NP(=O)(OCC1OC(C#N)(c2ccc3c(N)ncnn23)C(O)C1O)Oc1ccccc1	Weight	Low	-0.19825
CCC(CC)COC(=O)C(C)NP(=O)(OCC1OC(C#N)(c2ccc3c(N)ncnn23)C(O)C1O)Oc1ccccc1	Weight	Average	-0.30971
CCC(CC)COC(=O)C(C)NP(=O)(OCC1OC(C#N)(c2ccc3c(N)ncnn23)C(O)C1O)Oc1ccccc1	Weight	High	-0.37877
CCCCC(CC)COC(=O)c1ccc(N(C)C)cc1	Sex	Male	-0.14893
CCCCC(CC)COC(=O)c1ccc(N(C)C)cc1	Sex	Female	-0.00108
CCCCC(CC)COC(=O)c1ccc(N(C)C)cc1	Age	Children	-0.20914
CCCCC(CC)COC(=O)c1ccc(N(C)C)cc1	Age	Adolescent	-0.06864
CCCCC(CC)COC(=O)c1ccc(N(C)C)cc1	Age	Adult	-0.05218
CCCCC(CC)COC(=O)c1ccc(N(C)C)cc1	Age	Elderly	-0.18375
CCCCC(CC)COC(=O)c1ccc(N(C)C)cc1	Weight	Low	-0.20421
CCCCC(CC)COC(=O)c1ccc(N(C)C)cc1	Weight	Average	-0.20801
CCCCC(CC)COC(=O)c1ccc(N(C)C)cc1	Weight	High	-0.14543
CCCCC1(CCCC)CN(c2ccccc2)c2cc(SC)c(OCC(=O)NC(C(=O)NCC(=O)O)c3ccccc3)cc2S(=O)(=O)C1	Sex	Male	-0.19026
CCCCC1(CCCC)CN(c2ccccc2)c2cc(SC)c(OCC(=O)NC(C(=O)NCC(=O)O)c3ccccc3)cc2S(=O)(=O)C1	Sex	Female	-0.03498
CCCCC1(CCCC)CN(c2ccccc2)c2cc(SC)c(OCC(=O)NC(C(=O)NCC(=O)O)c3ccccc3)cc2S(=O)(=O)C1	Age	Children	-0.22431
CCCCC1(CCCC)CN(c2ccccc2)c2cc(SC)c(OCC(=O)NC(C(=O)NCC(=O)O)c3ccccc3)cc2S(=O)(=O)C1	Age	Adolescent	-0.15551
CCCCC1(CCCC)CN(c2ccccc2)c2cc(SC)c(OCC(=O)NC(C(=O)NCC(=O)O)c3ccccc3)cc2S(=O)(=O)C1	Age	Adult	-0.10376
CCCCC1(CCCC)CN(c2ccccc2)c2cc(SC)c(OCC(=O)NC(C(=O)NCC(=O)O)c3ccccc3)cc2S(=O)(=O)C1	Age	Elderly	-0.36597
CCCCC1(CCCC)CN(c2ccccc2)c2cc(SC)c(OCC(=O)NC(C(=O)NCC(=O)O)c3ccccc3)cc2S(=O)(=O)C1	Weight	Low	-0.31815
CCCCC1(CCCC)CN(c2ccccc2)c2cc(SC)c(OCC(=O)NC(C(=O)NCC(=O)O)c3ccccc3)cc2S(=O)(=O)C1	Weight	Average	-0.25184
CCCCC1(CCCC)CN(c2ccccc2)c2cc(SC)c(OCC(=O)NC(C(=O)NCC(=O)O)c3ccccc3)cc2S(=O)(=O)C1	Weight	High	-0.47626
CCCCC1=NC2(CCCC2)C(=O)N1Cc1ccc(-c2ccccc2-c2nn[nH]n2)cc1	Sex	Male	-0.10169
CCCCC1=NC2(CCCC2)C(=O)N1Cc1ccc(-c2ccccc2-c2nn[nH]n2)cc1	Sex	Female	-0.02606
CCCCC1=NC2(CCCC2)C(=O)N1Cc1ccc(-c2ccccc2-c2nn[nH]n2)cc1	Age	Children	-0.28065
CCCCC1=NC2(CCCC2)C(=O)N1Cc1ccc(-c2ccccc2-c2nn[nH]n2)cc1	Age	Adolescent	-0.1385
CCCCC1=NC2(CCCC2)C(=O)N1Cc1ccc(-c2ccccc2-c2nn[nH]n2)cc1	Age	Adult	-0.0715
CCCCC1=NC2(CCCC2)C(=O)N1Cc1ccc(-c2ccccc2-c2nn[nH]n2)cc1	Age	Elderly	-0.23512
CCCCC1=NC2(CCCC2)C(=O)N1Cc1ccc(-c2ccccc2-c2nn[nH]n2)cc1	Weight	Low	-0.36429
CCCCC1=NC2(CCCC2)C(=O)N1Cc1ccc(-c2ccccc2-c2nn[nH]n2)cc1	Weight	Average	-0.28223
CCCCC1=NC2(CCCC2)C(=O)N1Cc1ccc(-c2ccccc2-c2nn[nH]n2)cc1	Weight	High	-0.23668
CCCCCOc1ccccc1C(=CSC)n1ccnc1	Sex	Male	-0.151
CCCCCOc1ccccc1C(=CSC)n1ccnc1	Sex	Female	-0.03623
CCCCCOc1ccccc1C(=CSC)n1ccnc1	Age	Children	-0.14471
CCCCCOc1ccccc1C(=CSC)n1ccnc1	Age	Adolescent	-0.01409
CCCCCOc1ccccc1C(=CSC)n1ccnc1	Age	Adult	-0.05812
CCCCCOc1ccccc1C(=CSC)n1ccnc1	Age	Elderly	-0.25563
CCCCCOc1ccccc1C(=CSC)n1ccnc1	Weight	Low	-0.10985
CCCCCOc1ccccc1C(=CSC)n1ccnc1	Weight	Average	-0.0013
CCCCCOc1ccccc1C(=CSC)n1ccnc1	Weight	High	-0.08119
CCCCNc1ccc(C(=O)OCCOCCOCCOCCOCCOCCOCCOCCOCCOC)cc1	Sex	Male	-0.13424
CCCCNc1ccc(C(=O)OCCOCCOCCOCCOCCOCCOCCOCCOCCOC)cc1	Sex	Female	-0.05735
CCCCNc1ccc(C(=O)OCCOCCOCCOCCOCCOCCOCCOCCOCCOC)cc1	Age	Children	-0.1607
CCCCNc1ccc(C(=O)OCCOCCOCCOCCOCCOCCOCCOCCOCCOC)cc1	Age	Adolescent	-0.2062
CCCCNc1ccc(C(=O)OCCOCCOCCOCCOCCOCCOCCOCCOCCOC)cc1	Age	Adult	-0.11753
CCCCNc1ccc(C(=O)OCCOCCOCCOCCOCCOCCOCCOCCOCCOC)cc1	Age	Elderly	-0.0714
CCCCNc1ccc(C(=O)OCCOCCOCCOCCOCCOCCOCCOCCOCCOC)cc1	Weight	Low	-0.04635
CCCCNc1ccc(C(=O)OCCOCCOCCOCCOCCOCCOCCOCCOCCOC)cc1	Weight	Average	-0.08407
CCCCNc1ccc(C(=O)OCCOCCOCCOCCOCCOCCOCCOCCOCCOC)cc1	Weight	High	-0.11311
CCCCOC(=O)c1ccc(N)cc1	Sex	Male	-0.15862
CCCCOC(=O)c1ccc(N)cc1	Sex	Female	-0.02141
CCCCOC(=O)c1ccc(N)cc1	Age	Children	-0.1679
CCCCOC(=O)c1ccc(N)cc1	Age	Adolescent	-0.09659
CCCCOC(=O)c1ccc(N)cc1	Age	Adult	-0.01457
CCCCOC(=O)c1ccc(N)cc1	Age	Elderly	-0.31161
CCCCOC(=O)c1ccc(N)cc1	Weight	Low	-0.08327
CCCCOC(=O)c1ccc(N)cc1	Weight	Average	-0.18274
CCCCOC(=O)c1ccc(N)cc1	Weight	High	-0.13751
CCCc1nc(C)c2c(=O)[nH]c(-c3cc(S(=O)(=O)N4CCN(CC)CC4)ccc3OCC)nn12	Sex	Male	-0.20698
CCCc1nc(C)c2c(=O)[nH]c(-c3cc(S(=O)(=O)N4CCN(CC)CC4)ccc3OCC)nn12	Sex	Female	-0.00797
CCCc1nc(C)c2c(=O)[nH]c(-c3cc(S(=O)(=O)N4CCN(CC)CC4)ccc3OCC)nn12	Age	Children	-0.19918
CCCc1nc(C)c2c(=O)[nH]c(-c3cc(S(=O)(=O)N4CCN(CC)CC4)ccc3OCC)nn12	Age	Adolescent	-0.18705
CCCc1nc(C)c2c(=O)[nH]c(-c3cc(S(=O)(=O)N4CCN(CC)CC4)ccc3OCC)nn12	Age	Adult	-0.12754
CCCc1nc(C)c2c(=O)[nH]c(-c3cc(S(=O)(=O)N4CCN(CC)CC4)ccc3OCC)nn12	Age	Elderly	-0.29768
CCCc1nc(C)c2c(=O)[nH]c(-c3cc(S(=O)(=O)N4CCN(CC)CC4)ccc3OCC)nn12	Weight	Low	-0.27151
CCCc1nc(C)c2c(=O)[nH]c(-c3cc(S(=O)(=O)N4CCN(CC)CC4)ccc3OCC)nn12	Weight	Average	-0.14734
CCCc1nc(C)c2c(=O)[nH]c(-c3cc(S(=O)(=O)N4CCN(CC)CC4)ccc3OCC)nn12	Weight	High	-0.30602
CCN(CC)C(=O)C1(c2ccccc2)CC1CN	Sex	Male	-0.18665
CCN(CC)C(=O)C1(c2ccccc2)CC1CN	Sex	Female	-0.02262
CCN(CC)C(=O)C1(c2ccccc2)CC1CN	Age	Children	-0.08398
CCN(CC)C(=O)C1(c2ccccc2)CC1CN	Age	Adolescent	-0.07061
CCN(CC)C(=O)C1(c2ccccc2)CC1CN	Age	Adult	-0.17158
CCN(CC)C(=O)C1(c2ccccc2)CC1CN	Age	Elderly	-0.33147
CCN(CC)C(=O)C1(c2ccccc2)CC1CN	Weight	Low	-0.23673
CCN(CC)C(=O)C1(c2ccccc2)CC1CN	Weight	Average	-0.29164
CCN(CC)C(=O)C1(c2ccccc2)CC1CN	Weight	High	-0.30407
CCN(CC)CC(=O)Nc1c(C)cc(C)cc1C	Sex	Male	-0.13199
CCN(CC)CC(=O)Nc1c(C)cc(C)cc1C	Sex	Female	-0.04918
CCN(CC)CC(=O)Nc1c(C)cc(C)cc1C	Age	Children	-0.19553
CCN(CC)CC(=O)Nc1c(C)cc(C)cc1C	Age	Adolescent	-0.09337
CCN(CC)CC(=O)Nc1c(C)cc(C)cc1C	Age	Adult	-0.0583
CCN(CC)CC(=O)Nc1c(C)cc(C)cc1C	Age	Elderly	-0.20079
CCN(CC)CC(=O)Nc1c(C)cc(C)cc1C	Weight	Low	-0.17713
CCN(CC)CC(=O)Nc1c(C)cc(C)cc1C	Weight	Average	-0.27446
CCN(CC)CC(=O)Nc1c(C)cc(C)cc1C	Weight	High	-0.2899
CCN(CC)CCOC(=O)c1ccc(N)cc1Cl	Sex	Male	-0.155
CCN(CC)CCOC(=O)c1ccc(N)cc1Cl	Sex	Female	-0.03733
CCN(CC)CCOC(=O)c1ccc(N)cc1Cl	Age	Children	-0.17554
CCN(CC)CCOC(=O)c1ccc(N)cc1Cl	Age	Adolescent	-0.17733
CCN(CC)CCOC(=O)c1ccc(N)cc1Cl	Age	Adult	-0.06991
CCN(CC)CCOC(=O)c1ccc(N)cc1Cl	Age	Elderly	-0.27775
CCN(CC)CCOC(=O)c1ccc(N)cc1Cl	Weight	Low	-0.1383
CCN(CC)CCOC(=O)c1ccc(N)cc1Cl	Weight	Average	-0.1927
CCN(CC)CCOC(=O)c1ccc(N)cc1Cl	Weight	High	-0.29784
CCN(CC)CCOC(=O)c1cccnc1	Sex	Male	-0.12579
CCN(CC)CCOC(=O)c1cccnc1	Sex	Female	-0.00739
CCN(CC)CCOC(=O)c1cccnc1	Age	Children	-0.12967
CCN(CC)CCOC(=O)c1cccnc1	Age	Adolescent	-0.07516
CCN(CC)CCOC(=O)c1cccnc1	Age	Adult	-0.05527
CCN(CC)CCOC(=O)c1cccnc1	Age	Elderly	-0.23999
CCN(CC)CCOC(=O)c1cccnc1	Weight	Low	-0.19271
CCN(CC)CCOC(=O)c1cccnc1	Weight	Average	-0.29331
CCN(CC)CCOC(=O)c1cccnc1	Weight	High	-0.26176
CCN(CC)CCOc1cccc(OCCN(CC)CC)c1OCCN(CC)CC	Sex	Male	-0.12963
CCN(CC)CCOc1cccc(OCCN(CC)CC)c1OCCN(CC)CC	Sex	Female	-0.01277
CCN(CC)CCOc1cccc(OCCN(CC)CC)c1OCCN(CC)CC	Age	Children	-0.13688
CCN(CC)CCOc1cccc(OCCN(CC)CC)c1OCCN(CC)CC	Age	Adolescent	-0.06967
CCN(CC)CCOc1cccc(OCCN(CC)CC)c1OCCN(CC)CC	Age	Adult	-0.0619
CCN(CC)CCOc1cccc(OCCN(CC)CC)c1OCCN(CC)CC	Age	Elderly	-0.1484
CCN(CC)CCOc1cccc(OCCN(CC)CC)c1OCCN(CC)CC	Weight	Low	-0.18383
CCN(CC)CCOc1cccc(OCCN(CC)CC)c1OCCN(CC)CC	Weight	Average	-0.07761
CCN(CC)CCOc1cccc(OCCN(CC)CC)c1OCCN(CC)CC	Weight	High	-0.15729
CCOC(=O)C(C)(C)Oc1ccc(Cl)cc1	Sex	Male	-0.23401
CCOC(=O)C(C)(C)Oc1ccc(Cl)cc1	Sex	Female	-0.03278
CCOC(=O)C(C)(C)Oc1ccc(Cl)cc1	Age	Children	-0.25611
CCOC(=O)C(C)(C)Oc1ccc(Cl)cc1	Age	Adolescent	-0.15606
CCOC(=O)C(C)(C)Oc1ccc(Cl)cc1	Age	Adult	-0.15861
CCOC(=O)C(C)(C)Oc1ccc(Cl)cc1	Age	Elderly	-0.33722
CCOC(=O)C(C)(C)Oc1ccc(Cl)cc1	Weight	Low	-0.25444
CCOC(=O)C(C)(C)Oc1ccc(Cl)cc1	Weight	Average	-0.34715
CCOC(=O)C(C)(C)Oc1ccc(Cl)cc1	Weight	High	-0.20484
CCOC(=O)C1(c2ccccc2)CCC=CC1N(C)C	Sex	Male	-0.19113
CCOC(=O)C1(c2ccccc2)CCC=CC1N(C)C	Sex	Female	-0.03071
CCOC(=O)C1(c2ccccc2)CCC=CC1N(C)C	Age	Children	-0.12228
CCOC(=O)C1(c2ccccc2)CCC=CC1N(C)C	Age	Adolescent	-0.12507
CCOC(=O)C1(c2ccccc2)CCC=CC1N(C)C	Age	Adult	-0.09629
CCOC(=O)C1(c2ccccc2)CCC=CC1N(C)C	Age	Elderly	-0.31513
CCOC(=O)C1(c2ccccc2)CCC=CC1N(C)C	Weight	Low	-0.34634
CCOC(=O)C1(c2ccccc2)CCC=CC1N(C)C	Weight	Average	-0.31501
CCOC(=O)C1(c2ccccc2)CCC=CC1N(C)C	Weight	High	-0.19436
CCOC(=O)c1ncn2c1CN(C)C(=O)c1cc(F)ccc1-2	Sex	Male	-0.13668
CCOC(=O)c1ncn2c1CN(C)C(=O)c1cc(F)ccc1-2	Sex	Female	-0.03457
CCOC(=O)c1ncn2c1CN(C)C(=O)c1cc(F)ccc1-2	Age	Children	-0.23444
CCOC(=O)c1ncn2c1CN(C)C(=O)c1cc(F)ccc1-2	Age	Adolescent	-0.12155
CCOC(=O)c1ncn2c1CN(C)C(=O)c1cc(F)ccc1-2	Age	Adult	-0.12324
CCOC(=O)c1ncn2c1CN(C)C(=O)c1cc(F)ccc1-2	Age	Elderly	-0.338
CCOC(=O)c1ncn2c1CN(C)C(=O)c1cc(F)ccc1-2	Weight	Low	-0.27049
CCOC(=O)c1ncn2c1CN(C)C(=O)c1cc(F)ccc1-2	Weight	Average	-0.23241
CCOC(=O)c1ncn2c1CN(C)C(=O)c1cc(F)ccc1-2	Weight	High	-0.27245
CCOC(=O)n1ccn(C)c1=S	Sex	Male	-0.2258
CCOC(=O)n1ccn(C)c1=S	Sex	Female	-0.04254
CCOC(=O)n1ccn(C)c1=S	Age	Children	-0.15799
CCOC(=O)n1ccn(C)c1=S	Age	Adolescent	-0.10985
CCOC(=O)n1ccn(C)c1=S	Age	Adult	-0.09582
CCOC(=O)n1ccn(C)c1=S	Age	Elderly	-0.27728
CCOC(=O)n1ccn(C)c1=S	Weight	Low	-0.32118
CCOC(=O)n1ccn(C)c1=S	Weight	Average	-0.13962
CCOC(=O)n1ccn(C)c1=S	Weight	High	-0.23776
CCc1cccc2c3c([nH]c12)C(CC)(CC(=O)O)OCC3	Sex	Male	-0.21582
CCc1cccc2c3c([nH]c12)C(CC)(CC(=O)O)OCC3	Sex	Female	-0.0036
CCc1cccc2c3c([nH]c12)C(CC)(CC(=O)O)OCC3	Age	Children	-0.16978
CCc1cccc2c3c([nH]c12)C(CC)(CC(=O)O)OCC3	Age	Adolescent	-0.16399
CCc1cccc2c3c([nH]c12)C(CC)(CC(=O)O)OCC3	Age	Adult	-0.15546
CCc1cccc2c3c([nH]c12)C(CC)(CC(=O)O)OCC3	Age	Elderly	-0.36189
CCc1cccc2c3c([nH]c12)C(CC)(CC(=O)O)OCC3	Weight	Low	-0.27592
CCc1cccc2c3c([nH]c12)C(CC)(CC(=O)O)OCC3	Weight	Average	-0.20267
CCc1cccc2c3c([nH]c12)C(CC)(CC(=O)O)OCC3	Weight	High	-0.27968
CN(C)C(=O)Oc1ccc[n+](C)c1	Sex	Male	-0.1734
CN(C)C(=O)Oc1ccc[n+](C)c1	Sex	Female	-0.06664
CN(C)C(=O)Oc1ccc[n+](C)c1	Age	Children	-0.24162
CN(C)C(=O)Oc1ccc[n+](C)c1	Age	Adolescent	-0.07548
CN(C)C(=O)Oc1ccc[n+](C)c1	Age	Adult	-0.08709
CN(C)C(=O)Oc1ccc[n+](C)c1	Age	Elderly	-0.30961
CN(C)C(=O)Oc1ccc[n+](C)c1	Weight	Low	-0.41844
CN(C)C(=O)Oc1ccc[n+](C)c1	Weight	Average	-0.31294
CN(C)C(=O)Oc1ccc[n+](C)c1	Weight	High	-0.24196
CN(C)CCCN1c2ccccc2Sc2ccccc21	Sex	Male	-0.05029
CN(C)CCCN1c2ccccc2Sc2ccccc21	Sex	Female	-0.01079
CN(C)CCCN1c2ccccc2Sc2ccccc21	Age	Children	-0.07106
CN(C)CCCN1c2ccccc2Sc2ccccc21	Age	Adolescent	0.00427
CN(C)CCCN1c2ccccc2Sc2ccccc21	Age	Adult	-0.02944
CN(C)CCCN1c2ccccc2Sc2ccccc21	Age	Elderly	-0.16284
CN(C)CCCN1c2ccccc2Sc2ccccc21	Weight	Low	-0.19077
CN(C)CCCN1c2ccccc2Sc2ccccc21	Weight	Average	-0.12068
CN(C)CCCN1c2ccccc2Sc2ccccc21	Weight	High	-0.16741
CN1C(=O)CCS(=O)(=O)C1c1ccc(Cl)cc1	Sex	Male	-0.24966
CN1C(=O)CCS(=O)(=O)C1c1ccc(Cl)cc1	Sex	Female	-0.06861
CN1C(=O)CCS(=O)(=O)C1c1ccc(Cl)cc1	Age	Children	-0.12587
CN1C(=O)CCS(=O)(=O)C1c1ccc(Cl)cc1	Age	Adolescent	-0.23514
CN1C(=O)CCS(=O)(=O)C1c1ccc(Cl)cc1	Age	Adult	-0.13986
CN1C(=O)CCS(=O)(=O)C1c1ccc(Cl)cc1	Age	Elderly	-0.32939
CN1C(=O)CCS(=O)(=O)C1c1ccc(Cl)cc1	Weight	Low	-0.35575
CN1C(=O)CCS(=O)(=O)C1c1ccc(Cl)cc1	Weight	Average	-0.32872
CN1C(=O)CCS(=O)(=O)C1c1ccc(Cl)cc1	Weight	High	-0.31382
CN1C(C(=O)Nc2ccccn2)=C(O)c2sc(Cl)cc2S1(=O)=O	Sex	Male	-0.1529
CN1C(C(=O)Nc2ccccn2)=C(O)c2sc(Cl)cc2S1(=O)=O	Sex	Female	-0.01153
CN1C(C(=O)Nc2ccccn2)=C(O)c2sc(Cl)cc2S1(=O)=O	Age	Children	-0.20054
CN1C(C(=O)Nc2ccccn2)=C(O)c2sc(Cl)cc2S1(=O)=O	Age	Adolescent	-0.17485
CN1C(C(=O)Nc2ccccn2)=C(O)c2sc(Cl)cc2S1(=O)=O	Age	Adult	-0.11827
CN1C(C(=O)Nc2ccccn2)=C(O)c2sc(Cl)cc2S1(=O)=O	Age	Elderly	-0.37136
CN1C(C(=O)Nc2ccccn2)=C(O)c2sc(Cl)cc2S1(=O)=O	Weight	Low	-0.27786
CN1C(C(=O)Nc2ccccn2)=C(O)c2sc(Cl)cc2S1(=O)=O	Weight	Average	-0.1346
CN1C(C(=O)Nc2ccccn2)=C(O)c2sc(Cl)cc2S1(=O)=O	Weight	High	-0.22991
CN1CCC23CCCCC2C1Cc1ccc(O)cc13	Sex	Male	-0.10195
CN1CCC23CCCCC2C1Cc1ccc(O)cc13	Sex	Female	-0.05293
CN1CCC23CCCCC2C1Cc1ccc(O)cc13	Age	Children	-0.18609
CN1CCC23CCCCC2C1Cc1ccc(O)cc13	Age	Adolescent	-0.12462
CN1CCC23CCCCC2C1Cc1ccc(O)cc13	Age	Adult	-0.08154
CN1CCC23CCCCC2C1Cc1ccc(O)cc13	Age	Elderly	-0.20679
CN1CCC23CCCCC2C1Cc1ccc(O)cc13	Weight	Low	-0.38278
CN1CCC23CCCCC2C1Cc1ccc(O)cc13	Weight	Average	-0.36375
CN1CCC23CCCCC2C1Cc1ccc(O)cc13	Weight	High	-0.31952
CN1CCCC1CCOC(C)(c1ccccc1)c1ccc(Cl)cc1	Sex	Male	-0.142
CN1CCCC1CCOC(C)(c1ccccc1)c1ccc(Cl)cc1	Sex	Female	-0.0332
CN1CCCC1CCOC(C)(c1ccccc1)c1ccc(Cl)cc1	Age	Children	-0.16043
CN1CCCC1CCOC(C)(c1ccccc1)c1ccc(Cl)cc1	Age	Adolescent	-0.05941
CN1CCCC1CCOC(C)(c1ccccc1)c1ccc(Cl)cc1	Age	Adult	-0.10063
CN1CCCC1CCOC(C)(c1ccccc1)c1ccc(Cl)cc1	Age	Elderly	-0.17405
CN1CCCC1CCOC(C)(c1ccccc1)c1ccc(Cl)cc1	Weight	Low	-0.20255
CN1CCCC1CCOC(C)(c1ccccc1)c1ccc(Cl)cc1	Weight	Average	-0.35385
CN1CCCC1CCOC(C)(c1ccccc1)c1ccc(Cl)cc1	Weight	High	-0.32507
CN1CCCC1Cc1c[nH]c2ccc(CCS(=O)(=O)c3ccccc3)cc12	Sex	Male	-0.10329
CN1CCCC1Cc1c[nH]c2ccc(CCS(=O)(=O)c3ccccc3)cc12	Sex	Female	-0.02226
CN1CCCC1Cc1c[nH]c2ccc(CCS(=O)(=O)c3ccccc3)cc12	Age	Children	-0.19421
CN1CCCC1Cc1c[nH]c2ccc(CCS(=O)(=O)c3ccccc3)cc12	Age	Adolescent	-0.1104
CN1CCCC1Cc1c[nH]c2ccc(CCS(=O)(=O)c3ccccc3)cc12	Age	Adult	-0.02149
CN1CCCC1Cc1c[nH]c2ccc(CCS(=O)(=O)c3ccccc3)cc12	Age	Elderly	-0.20754
CN1CCCC1Cc1c[nH]c2ccc(CCS(=O)(=O)c3ccccc3)cc12	Weight	Low	-0.34642
CN1CCCC1Cc1c[nH]c2ccc(CCS(=O)(=O)c3ccccc3)cc12	Weight	Average	-0.18569
CN1CCCC1Cc1c[nH]c2ccc(CCS(=O)(=O)c3ccccc3)cc12	Weight	High	-0.30759
CN1CCN(C(=O)OC2c3nccnc3C(=O)N2c2ccc(Cl)cn2)CC1	Sex	Male	-0.08257
CN1CCN(C(=O)OC2c3nccnc3C(=O)N2c2ccc(Cl)cn2)CC1	Sex	Female	-0.0336
CN1CCN(C(=O)OC2c3nccnc3C(=O)N2c2ccc(Cl)cn2)CC1	Age	Children	-0.16308
CN1CCN(C(=O)OC2c3nccnc3C(=O)N2c2ccc(Cl)cn2)CC1	Age	Adolescent	-0.06496
CN1CCN(C(=O)OC2c3nccnc3C(=O)N2c2ccc(Cl)cn2)CC1	Age	Adult	-0.08366
CN1CCN(C(=O)OC2c3nccnc3C(=O)N2c2ccc(Cl)cn2)CC1	Age	Elderly	-0.33833
CN1CCN(C(=O)OC2c3nccnc3C(=O)N2c2ccc(Cl)cn2)CC1	Weight	Low	-0.36015
CN1CCN(C(=O)OC2c3nccnc3C(=O)N2c2ccc(Cl)cn2)CC1	Weight	Average	-0.27163
CN1CCN(C(=O)OC2c3nccnc3C(=O)N2c2ccc(Cl)cn2)CC1	Weight	High	-0.27215
CN1CCN(CCCN2c3ccccc3Sc3ccc(Cl)cc32)CC1	Sex	Male	-0.04239
CN1CCN(CCCN2c3ccccc3Sc3ccc(Cl)cc32)CC1	Sex	Female	-0.02576
CN1CCN(CCCN2c3ccccc3Sc3ccc(Cl)cc32)CC1	Age	Children	-0.07467
CN1CCN(CCCN2c3ccccc3Sc3ccc(Cl)cc32)CC1	Age	Adolescent	-0.0042
CN1CCN(CCCN2c3ccccc3Sc3ccc(Cl)cc32)CC1	Age	Adult	-0.04936
CN1CCN(CCCN2c3ccccc3Sc3ccc(Cl)cc32)CC1	Age	Elderly	-0.17294
CN1CCN(CCCN2c3ccccc3Sc3ccc(Cl)cc32)CC1	Weight	Low	-0.12733
CN1CCN(CCCN2c3ccccc3Sc3ccc(Cl)cc32)CC1	Weight	Average	-0.09056
CN1CCN(CCCN2c3ccccc3Sc3ccc(Cl)cc32)CC1	Weight	High	-0.12137
CN1CCN2c3c(cccc31)C1CN(CCCC(=O)c3ccc(F)cc3)CCC12	Sex	Male	-0.09458
CN1CCN2c3c(cccc31)C1CN(CCCC(=O)c3ccc(F)cc3)CCC12	Sex	Female	-0.04224
CN1CCN2c3c(cccc31)C1CN(CCCC(=O)c3ccc(F)cc3)CCC12	Age	Children	-0.22929
CN1CCN2c3c(cccc31)C1CN(CCCC(=O)c3ccc(F)cc3)CCC12	Age	Adolescent	-0.06987
CN1CCN2c3c(cccc31)C1CN(CCCC(=O)c3ccc(F)cc3)CCC12	Age	Adult	-0.09426
CN1CCN2c3c(cccc31)C1CN(CCCC(=O)c3ccc(F)cc3)CCC12	Age	Elderly	-0.23495
CN1CCN2c3c(cccc31)C1CN(CCCC(=O)c3ccc(F)cc3)CCC12	Weight	Low	-0.34501
CN1CCN2c3c(cccc31)C1CN(CCCC(=O)c3ccc(F)cc3)CCC12	Weight	Average	-0.23732
CN1CCN2c3c(cccc31)C1CN(CCCC(=O)c3ccc(F)cc3)CCC12	Weight	High	-0.27818
COC(=O)C=CC(=O)OCCN1C(=O)CCC1=O	Sex	Male	-0.14984
COC(=O)C=CC(=O)OCCN1C(=O)CCC1=O	Sex	Female	-0.03454
COC(=O)C=CC(=O)OCCN1C(=O)CCC1=O	Age	Children	-0.22224
COC(=O)C=CC(=O)OCCN1C(=O)CCC1=O	Age	Adolescent	-0.26361
COC(=O)C=CC(=O)OCCN1C(=O)CCC1=O	Age	Adult	-0.0418
COC(=O)C=CC(=O)OCCN1C(=O)CCC1=O	Age	Elderly	-0.38979
COC(=O)C=CC(=O)OCCN1C(=O)CCC1=O	Weight	Low	-0.47803
COC(=O)C=CC(=O)OCCN1C(=O)CCC1=O	Weight	Average	-0.491
COC(=O)C=CC(=O)OCCN1C(=O)CCC1=O	Weight	High	-0.32901
COC(=O)CCC1N=C(c2ccccn2)c2cc(Br)ccc2-n2c(C)cnc21	Sex	Male	-0.09053
COC(=O)CCC1N=C(c2ccccn2)c2cc(Br)ccc2-n2c(C)cnc21	Sex	Female	-0.03424
COC(=O)CCC1N=C(c2ccccn2)c2cc(Br)ccc2-n2c(C)cnc21	Age	Children	-0.23301
COC(=O)CCC1N=C(c2ccccn2)c2cc(Br)ccc2-n2c(C)cnc21	Age	Adolescent	-0.20322
COC(=O)CCC1N=C(c2ccccn2)c2cc(Br)ccc2-n2c(C)cnc21	Age	Adult	-0.14557
COC(=O)CCC1N=C(c2ccccn2)c2cc(Br)ccc2-n2c(C)cnc21	Age	Elderly	-0.35327
COC(=O)CCC1N=C(c2ccccn2)c2cc(Br)ccc2-n2c(C)cnc21	Weight	Low	-0.33125
COC(=O)CCC1N=C(c2ccccn2)c2cc(Br)ccc2-n2c(C)cnc21	Weight	Average	-0.30098
COC(=O)CCC1N=C(c2ccccn2)c2cc(Br)ccc2-n2c(C)cnc21	Weight	High	-0.2708
COc1cc(N2CCC(N3CCN(C)CC3)CC2)ccc1Nc1ncc(Cl)c(Nc2ccccc2P(C)(C)=O)n1	Sex	Male	-0.12442
COc1cc(N2CCC(N3CCN(C)CC3)CC2)ccc1Nc1ncc(Cl)c(Nc2ccccc2P(C)(C)=O)n1	Sex	Female	-0.07186
COc1cc(N2CCC(N3CCN(C)CC3)CC2)ccc1Nc1ncc(Cl)c(Nc2ccccc2P(C)(C)=O)n1	Age	Children	-0.15139
COc1cc(N2CCC(N3CCN(C)CC3)CC2)ccc1Nc1ncc(Cl)c(Nc2ccccc2P(C)(C)=O)n1	Age	Adolescent	-0.14527
COc1cc(N2CCC(N3CCN(C)CC3)CC2)ccc1Nc1ncc(Cl)c(Nc2ccccc2P(C)(C)=O)n1	Age	Adult	-0.10685
COc1cc(N2CCC(N3CCN(C)CC3)CC2)ccc1Nc1ncc(Cl)c(Nc2ccccc2P(C)(C)=O)n1	Age	Elderly	-0.22401
COc1cc(N2CCC(N3CCN(C)CC3)CC2)ccc1Nc1ncc(Cl)c(Nc2ccccc2P(C)(C)=O)n1	Weight	Low	-0.17913
COc1cc(N2CCC(N3CCN(C)CC3)CC2)ccc1Nc1ncc(Cl)c(Nc2ccccc2P(C)(C)=O)n1	Weight	Average	-0.27764
COc1cc(N2CCC(N3CCN(C)CC3)CC2)ccc1Nc1ncc(Cl)c(Nc2ccccc2P(C)(C)=O)n1	Weight	High	-0.29591
COc1ccc2c3c1OC1C(O)CCC4C(C2)N(C)CCC341	Sex	Male	-0.06882
COc1ccc2c3c1OC1C(O)CCC4C(C2)N(C)CCC341	Sex	Female	-0.0137
COc1ccc2c3c1OC1C(O)CCC4C(C2)N(C)CCC341	Age	Children	-0.19783
COc1ccc2c3c1OC1C(O)CCC4C(C2)N(C)CCC341	Age	Adolescent	-0.11547
COc1ccc2c3c1OC1C(O)CCC4C(C2)N(C)CCC341	Age	Adult	-0.00805
COc1ccc2c3c1OC1C(O)CCC4C(C2)N(C)CCC341	Age	Elderly	-0.13401
COc1ccc2c3c1OC1C(O)CCC4C(C2)N(C)CCC341	Weight	Low	-0.32187
COc1ccc2c3c1OC1C(O)CCC4C(C2)N(C)CCC341	Weight	Average	-0.18128
COc1ccc2c3c1OC1C(O)CCC4C(C2)N(C)CCC341	Weight	High	-0.30764
COc1ccccc1OCC(O)CN1CCN(CC(=O)Nc2c(C)cccc2C)CC1	Sex	Male	-0.13645
COc1ccccc1OCC(O)CN1CCN(CC(=O)Nc2c(C)cccc2C)CC1	Sex	Female	-0.06605
COc1ccccc1OCC(O)CN1CCN(CC(=O)Nc2c(C)cccc2C)CC1	Age	Children	-0.15488
COc1ccccc1OCC(O)CN1CCN(CC(=O)Nc2c(C)cccc2C)CC1	Age	Adolescent	-0.17268
COc1ccccc1OCC(O)CN1CCN(CC(=O)Nc2c(C)cccc2C)CC1	Age	Adult	-0.08548
COc1ccccc1OCC(O)CN1CCN(CC(=O)Nc2c(C)cccc2C)CC1	Age	Elderly	-0.1406
COc1ccccc1OCC(O)CN1CCN(CC(=O)Nc2c(C)cccc2C)CC1	Weight	Low	-0.22889
COc1ccccc1OCC(O)CN1CCN(CC(=O)Nc2c(C)cccc2C)CC1	Weight	Average	-0.22932
COc1ccccc1OCC(O)CN1CCN(CC(=O)Nc2c(C)cccc2C)CC1	Weight	High	-0.25538
C[N+]1(C)CCC(OC(=O)C(O)(c2ccccc2)C2CCCC2)C1	Sex	Male	-0.14426
C[N+]1(C)CCC(OC(=O)C(O)(c2ccccc2)C2CCCC2)C1	Sex	Female	-0.02928
C[N+]1(C)CCC(OC(=O)C(O)(c2ccccc2)C2CCCC2)C1	Age	Children	-0.19096
C[N+]1(C)CCC(OC(=O)C(O)(c2ccccc2)C2CCCC2)C1	Age	Adolescent	-0.11678
C[N+]1(C)CCC(OC(=O)C(O)(c2ccccc2)C2CCCC2)C1	Age	Adult	-0.11159
C[N+]1(C)CCC(OC(=O)C(O)(c2ccccc2)C2CCCC2)C1	Age	Elderly	-0.23403
C[N+]1(C)CCC(OC(=O)C(O)(c2ccccc2)C2CCCC2)C1	Weight	Low	-0.31672
C[N+]1(C)CCC(OC(=O)C(O)(c2ccccc2)C2CCCC2)C1	Weight	Average	-0.31248
C[N+]1(C)CCC(OC(=O)C(O)(c2ccccc2)C2CCCC2)C1	Weight	High	-0.24515
Cc1cccc(C)c1OCC(=O)NC(Cc1ccccc1)C(O)CC(Cc1ccccc1)NC(=O)C(C(C)C)N1CCCNC1=O	Sex	Male	-0.12992
Cc1cccc(C)c1OCC(=O)NC(Cc1ccccc1)C(O)CC(Cc1ccccc1)NC(=O)C(C(C)C)N1CCCNC1=O	Sex	Female	-0.06768
Cc1cccc(C)c1OCC(=O)NC(Cc1ccccc1)C(O)CC(Cc1ccccc1)NC(=O)C(C(C)C)N1CCCNC1=O	Age	Children	-0.16935
Cc1cccc(C)c1OCC(=O)NC(Cc1ccccc1)C(O)CC(Cc1ccccc1)NC(=O)C(C(C)C)N1CCCNC1=O	Age	Adolescent	-0.12686
Cc1cccc(C)c1OCC(=O)NC(Cc1ccccc1)C(O)CC(Cc1ccccc1)NC(=O)C(C(C)C)N1CCCNC1=O	Age	Adult	-0.12093
Cc1cccc(C)c1OCC(=O)NC(Cc1ccccc1)C(O)CC(Cc1ccccc1)NC(=O)C(C(C)C)N1CCCNC1=O	Age	Elderly	-0.20933
Cc1cccc(C)c1OCC(=O)NC(Cc1ccccc1)C(O)CC(Cc1ccccc1)NC(=O)C(C(C)C)N1CCCNC1=O	Weight	Low	-0.38563
Cc1cccc(C)c1OCC(=O)NC(Cc1ccccc1)C(O)CC(Cc1ccccc1)NC(=O)C(C(C)C)N1CCCNC1=O	Weight	Average	-0.36845
Cc1cccc(C)c1OCC(=O)NC(Cc1ccccc1)C(O)CC(Cc1ccccc1)NC(=O)C(C(C)C)N1CCCNC1=O	Weight	High	-0.45803
NC(=O)N1c2ccccc2CC(=O)c2ccccc21	Sex	Male	-0.25523
NC(=O)N1c2ccccc2CC(=O)c2ccccc21	Sex	Female	-0.03657
NC(=O)N1c2ccccc2CC(=O)c2ccccc21	Age	Children	-0.16053
NC(=O)N1c2ccccc2CC(=O)c2ccccc21	Age	Adolescent	-0.07995
NC(=O)N1c2ccccc2CC(=O)c2ccccc21	Age	Adult	-0.20951
NC(=O)N1c2ccccc2CC(=O)c2ccccc21	Age	Elderly	-0.45615
NC(=O)N1c2ccccc2CC(=O)c2ccccc21	Weight	Low	-0.4812
NC(=O)N1c2ccccc2CC(=O)c2ccccc21	Weight	Average	-0.46845
NC(=O)N1c2ccccc2CC(=O)c2ccccc21	Weight	High	-0.39059
NC(=O)N1c2ccccc2CC(O)c2ccccc21	Sex	Male	-0.24895
NC(=O)N1c2ccccc2CC(O)c2ccccc21	Sex	Female	-0.04717
NC(=O)N1c2ccccc2CC(O)c2ccccc21	Age	Children	-0.13056
NC(=O)N1c2ccccc2CC(O)c2ccccc21	Age	Adolescent	-0.06592
NC(=O)N1c2ccccc2CC(O)c2ccccc21	Age	Adult	-0.12116
NC(=O)N1c2ccccc2CC(O)c2ccccc21	Age	Elderly	-0.3912
NC(=O)N1c2ccccc2CC(O)c2ccccc21	Weight	Low	-0.45615
NC(=O)N1c2ccccc2CC(O)c2ccccc21	Weight	Average	-0.52325
NC(=O)N1c2ccccc2CC(O)c2ccccc21	Weight	High	-0.54212
NC1(c2ccc(-c3nc4ccn5c(=O)[nH]nc5c4cc3-c3ccccc3)cc2)CCC1	Sex	Male	-0.15683
NC1(c2ccc(-c3nc4ccn5c(=O)[nH]nc5c4cc3-c3ccccc3)cc2)CCC1	Sex	Female	-0.04006
NC1(c2ccc(-c3nc4ccn5c(=O)[nH]nc5c4cc3-c3ccccc3)cc2)CCC1	Age	Children	-0.14052
NC1(c2ccc(-c3nc4ccn5c(=O)[nH]nc5c4cc3-c3ccccc3)cc2)CCC1	Age	Adolescent	-0.1131
NC1(c2ccc(-c3nc4ccn5c(=O)[nH]nc5c4cc3-c3ccccc3)cc2)CCC1	Age	Adult	-0.21291
NC1(c2ccc(-c3nc4ccn5c(=O)[nH]nc5c4cc3-c3ccccc3)cc2)CCC1	Age	Elderly	-0.28971
NC1(c2ccc(-c3nc4ccn5c(=O)[nH]nc5c4cc3-c3ccccc3)cc2)CCC1	Weight	Low	-0.20393
NC1(c2ccc(-c3nc4ccn5c(=O)[nH]nc5c4cc3-c3ccccc3)cc2)CCC1	Weight	Average	-0.1871
NC1(c2ccc(-c3nc4ccn5c(=O)[nH]nc5c4cc3-c3ccccc3)cc2)CCC1	Weight	High	-0.26805
O=C(CCBr)N1CCN(C(=O)CCBr)CC1	Sex	Male	-0.19102
O=C(CCBr)N1CCN(C(=O)CCBr)CC1	Sex	Female	-0.02739
O=C(CCBr)N1CCN(C(=O)CCBr)CC1	Age	Children	-0.16483
O=C(CCBr)N1CCN(C(=O)CCBr)CC1	Age	Adolescent	-0.09311
O=C(CCBr)N1CCN(C(=O)CCBr)CC1	Age	Adult	-0.13604
O=C(CCBr)N1CCN(C(=O)CCBr)CC1	Age	Elderly	-0.25679
O=C(CCBr)N1CCN(C(=O)CCBr)CC1	Weight	Low	-0.26496
O=C(CCBr)N1CCN(C(=O)CCBr)CC1	Weight	Average	-0.21158
O=C(CCBr)N1CCN(C(=O)CCBr)CC1	Weight	High	-0.2328
O=C(CCCN1CCC(O)(c2ccc(Br)cc2)CC1)c1ccc(F)cc1	Sex	Male	-0.10223
O=C(CCCN1CCC(O)(c2ccc(Br)cc2)CC1)c1ccc(F)cc1	Sex	Female	-0.01205
O=C(CCCN1CCC(O)(c2ccc(Br)cc2)CC1)c1ccc(F)cc1	Age	Children	-0.13624
O=C(CCCN1CCC(O)(c2ccc(Br)cc2)CC1)c1ccc(F)cc1	Age	Adolescent	-0.09456
O=C(CCCN1CCC(O)(c2ccc(Br)cc2)CC1)c1ccc(F)cc1	Age	Adult	-0.05879
O=C(CCCN1CCC(O)(c2ccc(Br)cc2)CC1)c1ccc(F)cc1	Age	Elderly	-0.22145
O=C(CCCN1CCC(O)(c2ccc(Br)cc2)CC1)c1ccc(F)cc1	Weight	Low	-0.30246
O=C(CCCN1CCC(O)(c2ccc(Br)cc2)CC1)c1ccc(F)cc1	Weight	Average	-0.32272
O=C(CCCN1CCC(O)(c2ccc(Br)cc2)CC1)c1ccc(F)cc1	Weight	High	-0.2973
O=C(O)COCC1CCC(COC(=O)N(c2ccccc2)c2ccc(Cl)cc2)CC1	Sex	Male	-0.10956
O=C(O)COCC1CCC(COC(=O)N(c2ccccc2)c2ccc(Cl)cc2)CC1	Sex	Female	-0.03872
O=C(O)COCC1CCC(COC(=O)N(c2ccccc2)c2ccc(Cl)cc2)CC1	Age	Children	-0.18754
O=C(O)COCC1CCC(COC(=O)N(c2ccccc2)c2ccc(Cl)cc2)CC1	Age	Adolescent	-0.09145
O=C(O)COCC1CCC(COC(=O)N(c2ccccc2)c2ccc(Cl)cc2)CC1	Age	Adult	-0.06829
O=C(O)COCC1CCC(COC(=O)N(c2ccccc2)c2ccc(Cl)cc2)CC1	Age	Elderly	-0.27289
O=C(O)COCC1CCC(COC(=O)N(c2ccccc2)c2ccc(Cl)cc2)CC1	Weight	Low	-0.14468
O=C(O)COCC1CCC(COC(=O)N(c2ccccc2)c2ccc(Cl)cc2)CC1	Weight	Average	-0.16052
O=C(O)COCC1CCC(COC(=O)N(c2ccccc2)c2ccc(Cl)cc2)CC1	Weight	High	-0.20024
O=C(OOC(=O)c1ccccc1)c1ccccc1	Sex	Male	-0.12049
O=C(OOC(=O)c1ccccc1)c1ccccc1	Sex	Female	-0.05635
O=C(OOC(=O)c1ccccc1)c1ccccc1	Age	Children	-0.16986
O=C(OOC(=O)c1ccccc1)c1ccccc1	Age	Adolescent	-0.07228
O=C(OOC(=O)c1ccccc1)c1ccccc1	Age	Adult	-0.10734
O=C(OOC(=O)c1ccccc1)c1ccccc1	Age	Elderly	-0.39188
O=C(OOC(=O)c1ccccc1)c1ccccc1	Weight	Low	-0.24588
O=C(OOC(=O)c1ccccc1)c1ccccc1	Weight	Average	-0.27924
O=C(OOC(=O)c1ccccc1)c1ccccc1	Weight	High	-0.26041
O=C1c2ccccc2C(=O)C1c1ccccc1	Sex	Male	-0.19369
O=C1c2ccccc2C(=O)C1c1ccccc1	Sex	Female	-0.04299
O=C1c2ccccc2C(=O)C1c1ccccc1	Age	Children	-0.24591
O=C1c2ccccc2C(=O)C1c1ccccc1	Age	Adolescent	-0.1785
O=C1c2ccccc2C(=O)C1c1ccccc1	Age	Adult	-0.16755
O=C1c2ccccc2C(=O)C1c1ccccc1	Age	Elderly	-0.37377
O=C1c2ccccc2C(=O)C1c1ccccc1	Weight	Low	-0.34646
O=C1c2ccccc2C(=O)C1c1ccccc1	Weight	Average	-0.09442
O=C1c2ccccc2C(=O)C1c1ccccc1	Weight	High	-0.25327
OCC(O)CN1CCN(c2ccccc2)CC1	Sex	Male	-0.09435
OCC(O)CN1CCN(c2ccccc2)CC1	Sex	Female	-0.00984
OCC(O)CN1CCN(c2ccccc2)CC1	Age	Children	-0.06698
OCC(O)CN1CCN(c2ccccc2)CC1	Age	Adolescent	-0.08244
OCC(O)CN1CCN(c2ccccc2)CC1	Age	Adult	-0.04047
OCC(O)CN1CCN(c2ccccc2)CC1	Age	Elderly	-0.18584
OCC(O)CN1CCN(c2ccccc2)CC1	Weight	Low	-0.13566
OCC(O)CN1CCN(c2ccccc2)CC1	Weight	Average	-0.16024
OCC(O)CN1CCN(c2ccccc2)CC1	Weight	High	-0.2922
OCCOCCN1CCN(C(c2ccccc2)c2ccc(Cl)cc2)CC1	Sex	Male	-0.06953
OCCOCCN1CCN(C(c2ccccc2)c2ccc(Cl)cc2)CC1	Sex	Female	-0.01595
OCCOCCN1CCN(C(c2ccccc2)c2ccc(Cl)cc2)CC1	Age	Children	-0.10041
OCCOCCN1CCN(C(c2ccccc2)c2ccc(Cl)cc2)CC1	Age	Adolescent	-0.04148
OCCOCCN1CCN(C(c2ccccc2)c2ccc(Cl)cc2)CC1	Age	Adult	-0.06241
OCCOCCN1CCN(C(c2ccccc2)c2ccc(Cl)cc2)CC1	Age	Elderly	-0.16649
OCCOCCN1CCN(C(c2ccccc2)c2ccc(Cl)cc2)CC1	Weight	Low	-0.20035
OCCOCCN1CCN(C(c2ccccc2)c2ccc(Cl)cc2)CC1	Weight	Average	-0.22288
OCCOCCN1CCN(C(c2ccccc2)c2ccc(Cl)cc2)CC1	Weight	High	-0.2778
CC1CCN(CCCC(=O)c2ccc(F)cc2)CC1	Sex	Male	-0.13236
CC1CCN(CCCC(=O)c2ccc(F)cc2)CC1	Sex	Female	-0.01983
CC1CCN(CCCC(=O)c2ccc(F)cc2)CC1	Age	Children	-0.21838
CC1CCN(CCCC(=O)c2ccc(F)cc2)CC1	Age	Adolescent	-0.12571
CC1CCN(CCCC(=O)c2ccc(F)cc2)CC1	Age	Adult	-0.0709
CC1CCN(CCCC(=O)c2ccc(F)cc2)CC1	Age	Elderly	-0.17368
CC1CCN(CCCC(=O)c2ccc(F)cc2)CC1	Weight	Low	-0.28829
CC1CCN(CCCC(=O)c2ccc(F)cc2)CC1	Weight	Average	-0.28953
CC1CCN(CCCC(=O)c2ccc(F)cc2)CC1	Weight	High	-0.22593
CCN1CCN(C(=O)NC(C(=O)NC2C(=O)N3C2SC(C)(C)C3C(=O)O)c2ccccc2)C(=O)C1=O	Sex	Male	-0.17404
CCN1CCN(C(=O)NC(C(=O)NC2C(=O)N3C2SC(C)(C)C3C(=O)O)c2ccccc2)C(=O)C1=O	Sex	Female	-0.03571
CCN1CCN(C(=O)NC(C(=O)NC2C(=O)N3C2SC(C)(C)C3C(=O)O)c2ccccc2)C(=O)C1=O	Age	Children	-0.32989
CCN1CCN(C(=O)NC(C(=O)NC2C(=O)N3C2SC(C)(C)C3C(=O)O)c2ccccc2)C(=O)C1=O	Age	Adolescent	-0.2642
CCN1CCN(C(=O)NC(C(=O)NC2C(=O)N3C2SC(C)(C)C3C(=O)O)c2ccccc2)C(=O)C1=O	Age	Adult	-0.08301
CCN1CCN(C(=O)NC(C(=O)NC2C(=O)N3C2SC(C)(C)C3C(=O)O)c2ccccc2)C(=O)C1=O	Age	Elderly	-0.46486
CCN1CCN(C(=O)NC(C(=O)NC2C(=O)N3C2SC(C)(C)C3C(=O)O)c2ccccc2)C(=O)C1=O	Weight	Low	-0.35763
CCN1CCN(C(=O)NC(C(=O)NC2C(=O)N3C2SC(C)(C)C3C(=O)O)c2ccccc2)C(=O)C1=O	Weight	Average	-0.37568
CCN1CCN(C(=O)NC(C(=O)NC2C(=O)N3C2SC(C)(C)C3C(=O)O)c2ccccc2)C(=O)C1=O	Weight	High	-0.45982
O=C(O)CCc1nc(-c2ccccc2)c(-c2ccccc2)o1	Sex	Male	-0.17809
O=C(O)CCc1nc(-c2ccccc2)c(-c2ccccc2)o1	Sex	Female	-0.00837
O=C(O)CCc1nc(-c2ccccc2)c(-c2ccccc2)o1	Age	Children	-0.19076
O=C(O)CCc1nc(-c2ccccc2)c(-c2ccccc2)o1	Age	Adolescent	-0.11035
O=C(O)CCc1nc(-c2ccccc2)c(-c2ccccc2)o1	Age	Adult	-0.10631
O=C(O)CCc1nc(-c2ccccc2)c(-c2ccccc2)o1	Age	Elderly	-0.32772
O=C(O)CCc1nc(-c2ccccc2)c(-c2ccccc2)o1	Weight	Low	-0.25013
O=C(O)CCc1nc(-c2ccccc2)c(-c2ccccc2)o1	Weight	Average	-0.35651
O=C(O)CCc1nc(-c2ccccc2)c(-c2ccccc2)o1	Weight	High	-0.25813
CCCCCCCCCCCCN1CCCCCC1=O	Sex	Male	-0.02911
CCCCCCCCCCCCN1CCCCCC1=O	Sex	Female	-0.03311
CCCCCCCCCCCCN1CCCCCC1=O	Age	Children	-0.19989
CCCCCCCCCCCCN1CCCCCC1=O	Age	Adolescent	-0.08896
CCCCCCCCCCCCN1CCCCCC1=O	Age	Adult	-0.09344
CCCCCCCCCCCCN1CCCCCC1=O	Age	Elderly	-0.11605
CCCCCCCCCCCCN1CCCCCC1=O	Weight	Low	-0.17929
CCCCCCCCCCCCN1CCCCCC1=O	Weight	Average	-0.17772
CCCCCCCCCCCCN1CCCCCC1=O	Weight	High	-0.23238
CCCCCCOC(=O)NC(=N)c1ccc(NCc2nc3cc(C(=O)N(CCC(=O)OCC)c4ccccn4)ccc3n2C)cc1	Sex	Male	-0.13018
CCCCCCOC(=O)NC(=N)c1ccc(NCc2nc3cc(C(=O)N(CCC(=O)OCC)c4ccccn4)ccc3n2C)cc1	Sex	Female	-0.06232
CCCCCCOC(=O)NC(=N)c1ccc(NCc2nc3cc(C(=O)N(CCC(=O)OCC)c4ccccn4)ccc3n2C)cc1	Age	Children	-0.23548
CCCCCCOC(=O)NC(=N)c1ccc(NCc2nc3cc(C(=O)N(CCC(=O)OCC)c4ccccn4)ccc3n2C)cc1	Age	Adolescent	-0.18381
CCCCCCOC(=O)NC(=N)c1ccc(NCc2nc3cc(C(=O)N(CCC(=O)OCC)c4ccccn4)ccc3n2C)cc1	Age	Adult	-0.07567
CCCCCCOC(=O)NC(=N)c1ccc(NCc2nc3cc(C(=O)N(CCC(=O)OCC)c4ccccn4)ccc3n2C)cc1	Age	Elderly	-0.22202
CCCCCCOC(=O)NC(=N)c1ccc(NCc2nc3cc(C(=O)N(CCC(=O)OCC)c4ccccn4)ccc3n2C)cc1	Weight	Low	-0.28447
CCCCCCOC(=O)NC(=N)c1ccc(NCc2nc3cc(C(=O)N(CCC(=O)OCC)c4ccccn4)ccc3n2C)cc1	Weight	Average	-0.20399
CCCCCCOC(=O)NC(=N)c1ccc(NCc2nc3cc(C(=O)N(CCC(=O)OCC)c4ccccn4)ccc3n2C)cc1	Weight	High	-0.17303
CN1CC(C(=O)NC2(C)OC3(O)C4CCCN4C(=O)C(Cc4ccccc4)N3C2=O)CC2c3cccc4[nH]cc(c34)CC21	Sex	Male	-0.03979
CN1CC(C(=O)NC2(C)OC3(O)C4CCCN4C(=O)C(Cc4ccccc4)N3C2=O)CC2c3cccc4[nH]cc(c34)CC21	Sex	Female	-0.06842
CN1CC(C(=O)NC2(C)OC3(O)C4CCCN4C(=O)C(Cc4ccccc4)N3C2=O)CC2c3cccc4[nH]cc(c34)CC21	Age	Children	-0.32774
CN1CC(C(=O)NC2(C)OC3(O)C4CCCN4C(=O)C(Cc4ccccc4)N3C2=O)CC2c3cccc4[nH]cc(c34)CC21	Age	Adolescent	-0.13056
CN1CC(C(=O)NC2(C)OC3(O)C4CCCN4C(=O)C(Cc4ccccc4)N3C2=O)CC2c3cccc4[nH]cc(c34)CC21	Age	Adult	-0.03549
CN1CC(C(=O)NC2(C)OC3(O)C4CCCN4C(=O)C(Cc4ccccc4)N3C2=O)CC2c3cccc4[nH]cc(c34)CC21	Age	Elderly	-0.28081
CN1CC(C(=O)NC2(C)OC3(O)C4CCCN4C(=O)C(Cc4ccccc4)N3C2=O)CC2c3cccc4[nH]cc(c34)CC21	Weight	Low	-0.47227
CN1CC(C(=O)NC2(C)OC3(O)C4CCCN4C(=O)C(Cc4ccccc4)N3C2=O)CC2c3cccc4[nH]cc(c34)CC21	Weight	Average	-0.43044
CN1CC(C(=O)NC2(C)OC3(O)C4CCCN4C(=O)C(Cc4ccccc4)N3C2=O)CC2c3cccc4[nH]cc(c34)CC21	Weight	High	-0.60363
OC(CCN1CCCCC1)(c1ccccc1)c1ccccc1	Sex	Male	-0.12167
OC(CCN1CCCCC1)(c1ccccc1)c1ccccc1	Sex	Female	-0.04543
OC(CCN1CCCCC1)(c1ccccc1)c1ccccc1	Age	Children	-0.16563
OC(CCN1CCCCC1)(c1ccccc1)c1ccccc1	Age	Adolescent	-0.07438
OC(CCN1CCCCC1)(c1ccccc1)c1ccccc1	Age	Adult	-0.11575
OC(CCN1CCCCC1)(c1ccccc1)c1ccccc1	Age	Elderly	-0.24872
OC(CCN1CCCCC1)(c1ccccc1)c1ccccc1	Weight	Low	-0.40109
OC(CCN1CCCCC1)(c1ccccc1)c1ccccc1	Weight	Average	-0.35517
OC(CCN1CCCCC1)(c1ccccc1)c1ccccc1	Weight	High	-0.32024
CN(CCN1CCC(OC(=O)Nc2ccccc2-c2ccccc2)CC1)C(=O)c1ccc(CN2CCC(C(N)=O)CC2)cc1	Sex	Male	-0.16885
CN(CCN1CCC(OC(=O)Nc2ccccc2-c2ccccc2)CC1)C(=O)c1ccc(CN2CCC(C(N)=O)CC2)cc1	Sex	Female	-0.06282
CN(CCN1CCC(OC(=O)Nc2ccccc2-c2ccccc2)CC1)C(=O)c1ccc(CN2CCC(C(N)=O)CC2)cc1	Age	Children	-0.19142
CN(CCN1CCC(OC(=O)Nc2ccccc2-c2ccccc2)CC1)C(=O)c1ccc(CN2CCC(C(N)=O)CC2)cc1	Age	Adolescent	-0.11266
CN(CCN1CCC(OC(=O)Nc2ccccc2-c2ccccc2)CC1)C(=O)c1ccc(CN2CCC(C(N)=O)CC2)cc1	Age	Adult	-0.07477
CN(CCN1CCC(OC(=O)Nc2ccccc2-c2ccccc2)CC1)C(=O)c1ccc(CN2CCC(C(N)=O)CC2)cc1	Age	Elderly	-0.24646
CN(CCN1CCC(OC(=O)Nc2ccccc2-c2ccccc2)CC1)C(=O)c1ccc(CN2CCC(C(N)=O)CC2)cc1	Weight	Low	-0.33782
CN(CCN1CCC(OC(=O)Nc2ccccc2-c2ccccc2)CC1)C(=O)c1ccc(CN2CCC(C(N)=O)CC2)cc1	Weight	Average	-0.40791
CN(CCN1CCC(OC(=O)Nc2ccccc2-c2ccccc2)CC1)C(=O)c1ccc(CN2CCC(C(N)=O)CC2)cc1	Weight	High	-0.35857
C=CC(=O)N1CCC(C2CCNc3c(C(N)=O)c(-c4ccc(Oc5ccccc5)cc4)nn32)CC1	Sex	Male	-0.04924
C=CC(=O)N1CCC(C2CCNc3c(C(N)=O)c(-c4ccc(Oc5ccccc5)cc4)nn32)CC1	Sex	Female	-0.03311
C=CC(=O)N1CCC(C2CCNc3c(C(N)=O)c(-c4ccc(Oc5ccccc5)cc4)nn32)CC1	Age	Children	-0.19437
C=CC(=O)N1CCC(C2CCNc3c(C(N)=O)c(-c4ccc(Oc5ccccc5)cc4)nn32)CC1	Age	Adolescent	-0.10155
C=CC(=O)N1CCC(C2CCNc3c(C(N)=O)c(-c4ccc(Oc5ccccc5)cc4)nn32)CC1	Age	Adult	-0.06242
C=CC(=O)N1CCC(C2CCNc3c(C(N)=O)c(-c4ccc(Oc5ccccc5)cc4)nn32)CC1	Age	Elderly	-0.21073
C=CC(=O)N1CCC(C2CCNc3c(C(N)=O)c(-c4ccc(Oc5ccccc5)cc4)nn32)CC1	Weight	Low	-0.18341
C=CC(=O)N1CCC(C2CCNc3c(C(N)=O)c(-c4ccc(Oc5ccccc5)cc4)nn32)CC1	Weight	Average	-0.20864
C=CC(=O)N1CCC(C2CCNc3c(C(N)=O)c(-c4ccc(Oc5ccccc5)cc4)nn32)CC1	Weight	High	-0.27691
CC(COc1ccccc1)N(CCCl)Cc1ccccc1	Sex	Male	-0.14174
CC(COc1ccccc1)N(CCCl)Cc1ccccc1	Sex	Female	-0.07524
CC(COc1ccccc1)N(CCCl)Cc1ccccc1	Age	Children	-0.15474
CC(COc1ccccc1)N(CCCl)Cc1ccccc1	Age	Adolescent	-0.04554
CC(COc1ccccc1)N(CCCl)Cc1ccccc1	Age	Adult	-0.19709
CC(COc1ccccc1)N(CCCl)Cc1ccccc1	Age	Elderly	-0.22697
CC(COc1ccccc1)N(CCCl)Cc1ccccc1	Weight	Low	-0.09083
CC(COc1ccccc1)N(CCCl)Cc1ccccc1	Weight	Average	-0.30415
CC(COc1ccccc1)N(CCCl)Cc1ccccc1	Weight	High	-0.2263
CC(Cc1ccccc1)NC(=O)C(N)CCCCN	Sex	Male	-0.14072
CC(Cc1ccccc1)NC(=O)C(N)CCCCN	Sex	Female	-0.09007
CC(Cc1ccccc1)NC(=O)C(N)CCCCN	Age	Children	-0.19105
CC(Cc1ccccc1)NC(=O)C(N)CCCCN	Age	Adolescent	-0.16249
CC(Cc1ccccc1)NC(=O)C(N)CCCCN	Age	Adult	-0.2153
CC(Cc1ccccc1)NC(=O)C(N)CCCCN	Age	Elderly	-0.22983
CC(Cc1ccccc1)NC(=O)C(N)CCCCN	Weight	Low	-0.17902
CC(Cc1ccccc1)NC(=O)C(N)CCCCN	Weight	Average	-0.27279
CC(Cc1ccccc1)NC(=O)C(N)CCCCN	Weight	High	-0.32116
CC12CCC(=O)C=C1CCC1C2CCC2(C)C(OC(=O)CCc3ccccc3)CCC12	Sex	Male	-0.00703
CC12CCC(=O)C=C1CCC1C2CCC2(C)C(OC(=O)CCc3ccccc3)CCC12	Sex	Female	-0.08657
CC12CCC(=O)C=C1CCC1C2CCC2(C)C(OC(=O)CCc3ccccc3)CCC12	Age	Children	-0.06287
CC12CCC(=O)C=C1CCC1C2CCC2(C)C(OC(=O)CCc3ccccc3)CCC12	Age	Adolescent	-0.2979
CC12CCC(=O)C=C1CCC1C2CCC2(C)C(OC(=O)CCc3ccccc3)CCC12	Age	Adult	-0.28734
CC12CCC(=O)C=C1CCC1C2CCC2(C)C(OC(=O)CCc3ccccc3)CCC12	Age	Elderly	-0.32514
CC12CCC(=O)C=C1CCC1C2CCC2(C)C(OC(=O)CCc3ccccc3)CCC12	Weight	Low	-0.45467
CC12CCC(=O)C=C1CCC1C2CCC2(C)C(OC(=O)CCc3ccccc3)CCC12	Weight	Average	-0.387
CC12CCC(=O)C=C1CCC1C2CCC2(C)C(OC(=O)CCc3ccccc3)CCC12	Weight	High	-0.39591
CC12CCC3c4ccc(O)cc4CCC3C1CCC2OC(=O)CCC1CCCC1	Sex	Male	-0.04714
CC12CCC3c4ccc(O)cc4CCC3C1CCC2OC(=O)CCC1CCCC1	Sex	Female	-0.02222
CC12CCC3c4ccc(O)cc4CCC3C1CCC2OC(=O)CCC1CCCC1	Age	Children	-0.14088
CC12CCC3c4ccc(O)cc4CCC3C1CCC2OC(=O)CCC1CCCC1	Age	Adolescent	-0.14345
CC12CCC3c4ccc(O)cc4CCC3C1CCC2OC(=O)CCC1CCCC1	Age	Adult	-0.12823
CC12CCC3c4ccc(O)cc4CCC3C1CCC2OC(=O)CCC1CCCC1	Age	Elderly	-0.1135
CC12CCC3c4ccc(O)cc4CCC3C1CCC2OC(=O)CCC1CCCC1	Weight	Low	-0.29574
CC12CCC3c4ccc(O)cc4CCC3C1CCC2OC(=O)CCC1CCCC1	Weight	Average	-0.15102
CC12CCC3c4ccc(O)cc4CCC3C1CCC2OC(=O)CCC1CCCC1	Weight	High	-0.20956
CCC12CCCN3CCc4c(n(c5ccccc45)C(O)(C(=O)OC)C1)C32	Sex	Male	-0.05748
CCC12CCCN3CCc4c(n(c5ccccc45)C(O)(C(=O)OC)C1)C32	Sex	Female	-0.03024
CCC12CCCN3CCc4c(n(c5ccccc45)C(O)(C(=O)OC)C1)C32	Age	Children	-0.22886
CCC12CCCN3CCc4c(n(c5ccccc45)C(O)(C(=O)OC)C1)C32	Age	Adolescent	-0.15925
CCC12CCCN3CCc4c(n(c5ccccc45)C(O)(C(=O)OC)C1)C32	Age	Adult	-0.10942
CCC12CCCN3CCc4c(n(c5ccccc45)C(O)(C(=O)OC)C1)C32	Age	Elderly	-0.32282
CCC12CCCN3CCc4c(n(c5ccccc45)C(O)(C(=O)OC)C1)C32	Weight	Low	-0.34967
CCC12CCCN3CCc4c(n(c5ccccc45)C(O)(C(=O)OC)C1)C32	Weight	Average	-0.19817
CCC12CCCN3CCc4c(n(c5ccccc45)C(O)(C(=O)OC)C1)C32	Weight	High	-0.38303
CCOC(=O)C(N)CS	Sex	Male	-0.23947
CCOC(=O)C(N)CS	Sex	Female	-0.01885
CCOC(=O)C(N)CS	Age	Children	-0.15138
CCOC(=O)C(N)CS	Age	Adolescent	-0.24007
CCOC(=O)C(N)CS	Age	Adult	-0.0904
CCOC(=O)C(N)CS	Age	Elderly	-0.3285
CCOC(=O)C(N)CS	Weight	Low	-0.24771
CCOC(=O)C(N)CS	Weight	Average	-0.29537
CCOC(=O)C(N)CS	Weight	High	-0.2979
CCOC(=O)Nc1ccc(NCc2ccc(F)cc2)cc1N	Sex	Male	-0.12684
CCOC(=O)Nc1ccc(NCc2ccc(F)cc2)cc1N	Sex	Female	-0.09897
CCOC(=O)Nc1ccc(NCc2ccc(F)cc2)cc1N	Age	Children	-0.24101
CCOC(=O)Nc1ccc(NCc2ccc(F)cc2)cc1N	Age	Adolescent	-0.16105
CCOC(=O)Nc1ccc(NCc2ccc(F)cc2)cc1N	Age	Adult	-0.1539
CCOC(=O)Nc1ccc(NCc2ccc(F)cc2)cc1N	Age	Elderly	-0.15114
CCOC(=O)Nc1ccc(NCc2ccc(F)cc2)cc1N	Weight	Low	-0.22013
CCOC(=O)Nc1ccc(NCc2ccc(F)cc2)cc1N	Weight	Average	-0.30507
CCOC(=O)Nc1ccc(NCc2ccc(F)cc2)cc1N	Weight	High	-0.23532
CCOC(=O)c1ccc(C#Cc2ccc3c(c2)C(C)(C)CCS3)nc1	Sex	Male	-0.17946
CCOC(=O)c1ccc(C#Cc2ccc3c(c2)C(C)(C)CCS3)nc1	Sex	Female	-0.06349
CCOC(=O)c1ccc(C#Cc2ccc3c(c2)C(C)(C)CCS3)nc1	Age	Children	-0.21343
CCOC(=O)c1ccc(C#Cc2ccc3c(c2)C(C)(C)CCS3)nc1	Age	Adolescent	-0.18385
CCOC(=O)c1ccc(C#Cc2ccc3c(c2)C(C)(C)CCS3)nc1	Age	Adult	-0.17059
CCOC(=O)c1ccc(C#Cc2ccc3c(c2)C(C)(C)CCS3)nc1	Age	Elderly	-0.30093
CCOC(=O)c1ccc(C#Cc2ccc3c(c2)C(C)(C)CCS3)nc1	Weight	Low	-0.3472
CCOC(=O)c1ccc(C#Cc2ccc3c(c2)C(C)(C)CCS3)nc1	Weight	Average	-0.23427
CCOC(=O)c1ccc(C#Cc2ccc3c(c2)C(C)(C)CCS3)nc1	Weight	High	-0.35422
CCOCCn1c(C2CCN(CCc3ccc(C(C)(C)C(=O)O)cc3)CC2)nc2ccccc21	Sex	Male	-0.15999
CCOCCn1c(C2CCN(CCc3ccc(C(C)(C)C(=O)O)cc3)CC2)nc2ccccc21	Sex	Female	-0.02583
CCOCCn1c(C2CCN(CCc3ccc(C(C)(C)C(=O)O)cc3)CC2)nc2ccccc21	Age	Children	-0.29708
CCOCCn1c(C2CCN(CCc3ccc(C(C)(C)C(=O)O)cc3)CC2)nc2ccccc21	Age	Adolescent	-0.14548
CCOCCn1c(C2CCN(CCc3ccc(C(C)(C)C(=O)O)cc3)CC2)nc2ccccc21	Age	Adult	-0.04617
CCOCCn1c(C2CCN(CCc3ccc(C(C)(C)C(=O)O)cc3)CC2)nc2ccccc21	Age	Elderly	-0.1704
CCOCCn1c(C2CCN(CCc3ccc(C(C)(C)C(=O)O)cc3)CC2)nc2ccccc21	Weight	Low	-0.26801
CCOCCn1c(C2CCN(CCc3ccc(C(C)(C)C(=O)O)cc3)CC2)nc2ccccc21	Weight	Average	-0.24874
CCOCCn1c(C2CCN(CCc3ccc(C(C)(C)C(=O)O)cc3)CC2)nc2ccccc21	Weight	High	-0.20421
CN1CCC(COc2cnc(-c3cccc(Cn4nc(-c5cccc(C#N)c5)ccc4=O)c3)nc2)CC1	Sex	Male	-0.13407
CN1CCC(COc2cnc(-c3cccc(Cn4nc(-c5cccc(C#N)c5)ccc4=O)c3)nc2)CC1	Sex	Female	-0.08953
CN1CCC(COc2cnc(-c3cccc(Cn4nc(-c5cccc(C#N)c5)ccc4=O)c3)nc2)CC1	Age	Children	-0.20227
CN1CCC(COc2cnc(-c3cccc(Cn4nc(-c5cccc(C#N)c5)ccc4=O)c3)nc2)CC1	Age	Adolescent	-0.1312
CN1CCC(COc2cnc(-c3cccc(Cn4nc(-c5cccc(C#N)c5)ccc4=O)c3)nc2)CC1	Age	Adult	-0.18349
CN1CCC(COc2cnc(-c3cccc(Cn4nc(-c5cccc(C#N)c5)ccc4=O)c3)nc2)CC1	Age	Elderly	-0.32163
CN1CCC(COc2cnc(-c3cccc(Cn4nc(-c5cccc(C#N)c5)ccc4=O)c3)nc2)CC1	Weight	Low	-0.34385
CN1CCC(COc2cnc(-c3cccc(Cn4nc(-c5cccc(C#N)c5)ccc4=O)c3)nc2)CC1	Weight	Average	-0.28303
CN1CCC(COc2cnc(-c3cccc(Cn4nc(-c5cccc(C#N)c5)ccc4=O)c3)nc2)CC1	Weight	High	-0.27023
COC(=O)C1=C(C)NC(C)=C(C(=O)OCCN(C)Cc2ccccc2)C1c1cccc([N+](=O)[O-])c1	Sex	Male	-0.1071
COC(=O)C1=C(C)NC(C)=C(C(=O)OCCN(C)Cc2ccccc2)C1c1cccc([N+](=O)[O-])c1	Sex	Female	-0.03284
COC(=O)C1=C(C)NC(C)=C(C(=O)OCCN(C)Cc2ccccc2)C1c1cccc([N+](=O)[O-])c1	Age	Children	-0.08734
COC(=O)C1=C(C)NC(C)=C(C(=O)OCCN(C)Cc2ccccc2)C1c1cccc([N+](=O)[O-])c1	Age	Adolescent	-0.07754
COC(=O)C1=C(C)NC(C)=C(C(=O)OCCN(C)Cc2ccccc2)C1c1cccc([N+](=O)[O-])c1	Age	Adult	-0.11426
COC(=O)C1=C(C)NC(C)=C(C(=O)OCCN(C)Cc2ccccc2)C1c1cccc([N+](=O)[O-])c1	Age	Elderly	-0.22937
COC(=O)C1=C(C)NC(C)=C(C(=O)OCCN(C)Cc2ccccc2)C1c1cccc([N+](=O)[O-])c1	Weight	Low	-0.21267
COC(=O)C1=C(C)NC(C)=C(C(=O)OCCN(C)Cc2ccccc2)C1c1cccc([N+](=O)[O-])c1	Weight	Average	-0.22918
COC(=O)C1=C(C)NC(C)=C(C(=O)OCCN(C)Cc2ccccc2)C1c1cccc([N+](=O)[O-])c1	Weight	High	-0.20882
COCC(c1ccc(C(F)(F)F)cc1)N1CCN(C2(C)CCN(C(=O)c3c(C)ncnc3C)CC2)CC1C	Sex	Male	-0.1014
COCC(c1ccc(C(F)(F)F)cc1)N1CCN(C2(C)CCN(C(=O)c3c(C)ncnc3C)CC2)CC1C	Sex	Female	-0.05614
COCC(c1ccc(C(F)(F)F)cc1)N1CCN(C2(C)CCN(C(=O)c3c(C)ncnc3C)CC2)CC1C	Age	Children	-0.19216
COCC(c1ccc(C(F)(F)F)cc1)N1CCN(C2(C)CCN(C(=O)c3c(C)ncnc3C)CC2)CC1C	Age	Adolescent	-0.12075
COCC(c1ccc(C(F)(F)F)cc1)N1CCN(C2(C)CCN(C(=O)c3c(C)ncnc3C)CC2)CC1C	Age	Adult	-0.10706
COCC(c1ccc(C(F)(F)F)cc1)N1CCN(C2(C)CCN(C(=O)c3c(C)ncnc3C)CC2)CC1C	Age	Elderly	-0.19755
COCC(c1ccc(C(F)(F)F)cc1)N1CCN(C2(C)CCN(C(=O)c3c(C)ncnc3C)CC2)CC1C	Weight	Low	-0.29683
COCC(c1ccc(C(F)(F)F)cc1)N1CCN(C2(C)CCN(C(=O)c3c(C)ncnc3C)CC2)CC1C	Weight	Average	-0.16115
COCC(c1ccc(C(F)(F)F)cc1)N1CCN(C2(C)CCN(C(=O)c3c(C)ncnc3C)CC2)CC1C	Weight	High	-0.25104
COc1ccc(CN2CCNCC2)c(OC)c1OC	Sex	Male	-0.12457
COc1ccc(CN2CCNCC2)c(OC)c1OC	Sex	Female	-0.02951
COc1ccc(CN2CCNCC2)c(OC)c1OC	Age	Children	-0.10845
COc1ccc(CN2CCNCC2)c(OC)c1OC	Age	Adolescent	-0.09161
COc1ccc(CN2CCNCC2)c(OC)c1OC	Age	Adult	-0.08298
COc1ccc(CN2CCNCC2)c(OC)c1OC	Age	Elderly	-0.26232
COc1ccc(CN2CCNCC2)c(OC)c1OC	Weight	Low	-0.2104
COc1ccc(CN2CCNCC2)c(OC)c1OC	Weight	Average	-0.19932
COc1ccc(CN2CCNCC2)c(OC)c1OC	Weight	High	-0.21653
CS(=O)(=O)c1ccc(C2=C(c3ccccc3)C(=O)OC2)cc1	Sex	Male	-0.15046
CS(=O)(=O)c1ccc(C2=C(c3ccccc3)C(=O)OC2)cc1	Sex	Female	-0.06184
CS(=O)(=O)c1ccc(C2=C(c3ccccc3)C(=O)OC2)cc1	Age	Children	-0.14793
CS(=O)(=O)c1ccc(C2=C(c3ccccc3)C(=O)OC2)cc1	Age	Adolescent	-0.08187
CS(=O)(=O)c1ccc(C2=C(c3ccccc3)C(=O)OC2)cc1	Age	Adult	-0.12824
CS(=O)(=O)c1ccc(C2=C(c3ccccc3)C(=O)OC2)cc1	Age	Elderly	-0.33668
CS(=O)(=O)c1ccc(C2=C(c3ccccc3)C(=O)OC2)cc1	Weight	Low	-0.2595
CS(=O)(=O)c1ccc(C2=C(c3ccccc3)C(=O)OC2)cc1	Weight	Average	-0.09169
CS(=O)(=O)c1ccc(C2=C(c3ccccc3)C(=O)OC2)cc1	Weight	High	-0.18101
Cc1c(C)c2c(c(C)c1OC(=O)CCC(=O)OCCO)CCC(C)(CCCC(C)CCCC(C)CCCC(C)C)O2	Sex	Male	-0.10512
Cc1c(C)c2c(c(C)c1OC(=O)CCC(=O)OCCO)CCC(C)(CCCC(C)CCCC(C)CCCC(C)C)O2	Sex	Female	-0.04186
Cc1c(C)c2c(c(C)c1OC(=O)CCC(=O)OCCO)CCC(C)(CCCC(C)CCCC(C)CCCC(C)C)O2	Age	Children	-0.23961
Cc1c(C)c2c(c(C)c1OC(=O)CCC(=O)OCCO)CCC(C)(CCCC(C)CCCC(C)CCCC(C)C)O2	Age	Adolescent	-0.11238
Cc1c(C)c2c(c(C)c1OC(=O)CCC(=O)OCCO)CCC(C)(CCCC(C)CCCC(C)CCCC(C)C)O2	Age	Adult	-0.11481
Cc1c(C)c2c(c(C)c1OC(=O)CCC(=O)OCCO)CCC(C)(CCCC(C)CCCC(C)CCCC(C)C)O2	Age	Elderly	-0.13685
Cc1c(C)c2c(c(C)c1OC(=O)CCC(=O)OCCO)CCC(C)(CCCC(C)CCCC(C)CCCC(C)C)O2	Weight	Low	-0.26026
Cc1c(C)c2c(c(C)c1OC(=O)CCC(=O)OCCO)CCC(C)(CCCC(C)CCCC(C)CCCC(C)C)O2	Weight	Average	-0.09178
Cc1c(C)c2c(c(C)c1OC(=O)CCC(=O)OCCO)CCC(C)(CCCC(C)CCCC(C)CCCC(C)C)O2	Weight	High	-0.17557
Clc1ccccc1	Sex	Male	-0.28663
Clc1ccccc1	Sex	Female	-0.06642
Clc1ccccc1	Age	Children	-0.18401
Clc1ccccc1	Age	Adolescent	-0.1093
Clc1ccccc1	Age	Adult	-0.23909
Clc1ccccc1	Age	Elderly	-0.36514
Clc1ccccc1	Weight	Low	-0.16768
Clc1ccccc1	Weight	Average	-0.30281
Clc1ccccc1	Weight	High	-0.40127
NC(=O)CS(=O)C(c1ccccc1)c1ccccc1	Sex	Male	-0.18437
NC(=O)CS(=O)C(c1ccccc1)c1ccccc1	Sex	Female	-0.05071
NC(=O)CS(=O)C(c1ccccc1)c1ccccc1	Age	Children	-0.1403
NC(=O)CS(=O)C(c1ccccc1)c1ccccc1	Age	Adolescent	-0.12744
NC(=O)CS(=O)C(c1ccccc1)c1ccccc1	Age	Adult	-0.12242
NC(=O)CS(=O)C(c1ccccc1)c1ccccc1	Age	Elderly	-0.30834
NC(=O)CS(=O)C(c1ccccc1)c1ccccc1	Weight	Low	-0.26765
NC(=O)CS(=O)C(c1ccccc1)c1ccccc1	Weight	Average	-0.43627
NC(=O)CS(=O)C(c1ccccc1)c1ccccc1	Weight	High	-0.3587
O=C(O)CSc1nnc(Br)n1-c1ccc(C2CC2)c2ccccc12	Sex	Male	-0.17295
O=C(O)CSc1nnc(Br)n1-c1ccc(C2CC2)c2ccccc12	Sex	Female	-0.02043
O=C(O)CSc1nnc(Br)n1-c1ccc(C2CC2)c2ccccc12	Age	Children	-0.24801
O=C(O)CSc1nnc(Br)n1-c1ccc(C2CC2)c2ccccc12	Age	Adolescent	-0.11074
O=C(O)CSc1nnc(Br)n1-c1ccc(C2CC2)c2ccccc12	Age	Adult	-0.14311
O=C(O)CSc1nnc(Br)n1-c1ccc(C2CC2)c2ccccc12	Age	Elderly	-0.33731
O=C(O)CSc1nnc(Br)n1-c1ccc(C2CC2)c2ccccc12	Weight	Low	-0.31207
O=C(O)CSc1nnc(Br)n1-c1ccc(C2CC2)c2ccccc12	Weight	Average	-0.23212
O=C(O)CSc1nnc(Br)n1-c1ccc(C2CC2)c2ccccc12	Weight	High	-0.1852
CC(CCc1ccccc1)NCC(O)c1ccc(O)c(C(N)=O)c1	Sex	Male	-0.09389
CC(CCc1ccccc1)NCC(O)c1ccc(O)c(C(N)=O)c1	Sex	Female	-0.02795
CC(CCc1ccccc1)NCC(O)c1ccc(O)c(C(N)=O)c1	Age	Children	-0.26536
CC(CCc1ccccc1)NCC(O)c1ccc(O)c(C(N)=O)c1	Age	Adolescent	-0.19504
CC(CCc1ccccc1)NCC(O)c1ccc(O)c(C(N)=O)c1	Age	Adult	-0.05627
CC(CCc1ccccc1)NCC(O)c1ccc(O)c(C(N)=O)c1	Age	Elderly	-0.16765
CC(CCc1ccccc1)NCC(O)c1ccc(O)c(C(N)=O)c1	Weight	Low	-0.28991
CC(CCc1ccccc1)NCC(O)c1ccc(O)c(C(N)=O)c1	Weight	Average	-0.47991
CC(CCc1ccccc1)NCC(O)c1ccc(O)c(C(N)=O)c1	Weight	High	-0.41672
CC(CN1CCOCC1)C(C(=O)N1CCCC1)(c1ccccc1)c1ccccc1	Sex	Male	-0.20609
CC(CN1CCOCC1)C(C(=O)N1CCCC1)(c1ccccc1)c1ccccc1	Sex	Female	-0.03882
CC(CN1CCOCC1)C(C(=O)N1CCCC1)(c1ccccc1)c1ccccc1	Age	Children	-0.21388
CC(CN1CCOCC1)C(C(=O)N1CCCC1)(c1ccccc1)c1ccccc1	Age	Adolescent	-0.03631
CC(CN1CCOCC1)C(C(=O)N1CCCC1)(c1ccccc1)c1ccccc1	Age	Adult	-0.08045
CC(CN1CCOCC1)C(C(=O)N1CCCC1)(c1ccccc1)c1ccccc1	Age	Elderly	-0.27598
CC(CN1CCOCC1)C(C(=O)N1CCCC1)(c1ccccc1)c1ccccc1	Weight	Low	-0.37403
CC(CN1CCOCC1)C(C(=O)N1CCCC1)(c1ccccc1)c1ccccc1	Weight	Average	-0.27001
CC(CN1CCOCC1)C(C(=O)N1CCCC1)(c1ccccc1)c1ccccc1	Weight	High	-0.24145
CC(N)C(=O)c1ccccc1	Sex	Male	-0.31077
CC(N)C(=O)c1ccccc1	Sex	Female	-0.06353
CC(N)C(=O)c1ccccc1	Age	Children	-0.2014
CC(N)C(=O)c1ccccc1	Age	Adolescent	-0.09083
CC(N)C(=O)c1ccccc1	Age	Adult	-0.14728
CC(N)C(=O)c1ccccc1	Age	Elderly	-0.34667
CC(N)C(=O)c1ccccc1	Weight	Low	-0.11223
CC(N)C(=O)c1ccccc1	Weight	Average	-0.29818
CC(N)C(=O)c1ccccc1	Weight	High	-0.19528
CC1CC(OC(=O)C(O)c2ccccc2)CC(C)(C)C1	Sex	Male	-0.14938
CC1CC(OC(=O)C(O)c2ccccc2)CC(C)(C)C1	Sex	Female	-0.01778
CC1CC(OC(=O)C(O)c2ccccc2)CC(C)(C)C1	Age	Children	-0.23279
CC1CC(OC(=O)C(O)c2ccccc2)CC(C)(C)C1	Age	Adolescent	-0.07503
CC1CC(OC(=O)C(O)c2ccccc2)CC(C)(C)C1	Age	Adult	-0.06643
CC1CC(OC(=O)C(O)c2ccccc2)CC(C)(C)C1	Age	Elderly	-0.33391
CC1CC(OC(=O)C(O)c2ccccc2)CC(C)(C)C1	Weight	Low	-0.38391
CC1CC(OC(=O)C(O)c2ccccc2)CC(C)(C)C1	Weight	Average	-0.20349
CC1CC(OC(=O)C(O)c2ccccc2)CC(C)(C)C1	Weight	High	-0.30721
CCC(=O)N(c1ccccc1)C1CCN(CCc2ccccc2)CC1	Sex	Male	-0.10773
CCC(=O)N(c1ccccc1)C1CCN(CCc2ccccc2)CC1	Sex	Female	-0.04533
CCC(=O)N(c1ccccc1)C1CCN(CCc2ccccc2)CC1	Age	Children	-0.12491
CCC(=O)N(c1ccccc1)C1CCN(CCc2ccccc2)CC1	Age	Adolescent	-0.05145
CCC(=O)N(c1ccccc1)C1CCN(CCc2ccccc2)CC1	Age	Adult	-0.12102
CCC(=O)N(c1ccccc1)C1CCN(CCc2ccccc2)CC1	Age	Elderly	-0.19099
CCC(=O)N(c1ccccc1)C1CCN(CCc2ccccc2)CC1	Weight	Low	-0.18156
CCC(=O)N(c1ccccc1)C1CCN(CCc2ccccc2)CC1	Weight	Average	-0.20709
CCC(=O)N(c1ccccc1)C1CCN(CCc2ccccc2)CC1	Weight	High	-0.23352
CCCCCCC(COC(=O)c1cccnc1)(COC(=O)c1cccnc1)COC(=O)c1cccnc1	Sex	Male	-0.13895
CCCCCCC(COC(=O)c1cccnc1)(COC(=O)c1cccnc1)COC(=O)c1cccnc1	Sex	Female	-0.01096
CCCCCCC(COC(=O)c1cccnc1)(COC(=O)c1cccnc1)COC(=O)c1cccnc1	Age	Children	-0.12274
CCCCCCC(COC(=O)c1cccnc1)(COC(=O)c1cccnc1)COC(=O)c1cccnc1	Age	Adolescent	-0.04642
CCCCCCC(COC(=O)c1cccnc1)(COC(=O)c1cccnc1)COC(=O)c1cccnc1	Age	Adult	-0.10127
CCCCCCC(COC(=O)c1cccnc1)(COC(=O)c1cccnc1)COC(=O)c1cccnc1	Age	Elderly	-0.24801
CCCCCCC(COC(=O)c1cccnc1)(COC(=O)c1cccnc1)COC(=O)c1cccnc1	Weight	Low	-0.2571
CCCCCCC(COC(=O)c1cccnc1)(COC(=O)c1cccnc1)COC(=O)c1cccnc1	Weight	Average	-0.10817
CCCCCCC(COC(=O)c1cccnc1)(COC(=O)c1cccnc1)COC(=O)c1cccnc1	Weight	High	-0.07512
CCCNC(C)C(=O)Nc1ccccc1C	Sex	Male	-0.26179
CCCNC(C)C(=O)Nc1ccccc1C	Sex	Female	-0.03581
CCCNC(C)C(=O)Nc1ccccc1C	Age	Children	-0.29068
CCCNC(C)C(=O)Nc1ccccc1C	Age	Adolescent	-0.15869
CCCNC(C)C(=O)Nc1ccccc1C	Age	Adult	-0.0833
CCCNC(C)C(=O)Nc1ccccc1C	Age	Elderly	-0.38815
CCCNC(C)C(=O)Nc1ccccc1C	Weight	Low	-0.21652
CCCNC(C)C(=O)Nc1ccccc1C	Weight	Average	-0.40561
CCCNC(C)C(=O)Nc1ccccc1C	Weight	High	-0.41701
CN(C)CCC=C1c2ccccc2COc2ccccc21	Sex	Male	-0.05604
CN(C)CCC=C1c2ccccc2COc2ccccc21	Sex	Female	-0.00811
CN(C)CCC=C1c2ccccc2COc2ccccc21	Age	Children	-0.10095
CN(C)CCC=C1c2ccccc2COc2ccccc21	Age	Adolescent	-0.00953
CN(C)CCC=C1c2ccccc2COc2ccccc21	Age	Adult	-0.03882
CN(C)CCC=C1c2ccccc2COc2ccccc21	Age	Elderly	-0.30242
CN(C)CCC=C1c2ccccc2COc2ccccc21	Weight	Low	-0.40508
CN(C)CCC=C1c2ccccc2COc2ccccc21	Weight	Average	-0.13844
CN(C)CCC=C1c2ccccc2COc2ccccc21	Weight	High	-0.20663
CN1CCC(=C2c3ccccc3CC(=O)c3sccc32)CC1	Sex	Male	-0.07561
CN1CCC(=C2c3ccccc3CC(=O)c3sccc32)CC1	Sex	Female	-0.01546
CN1CCC(=C2c3ccccc3CC(=O)c3sccc32)CC1	Age	Children	-0.08861
CN1CCC(=C2c3ccccc3CC(=O)c3sccc32)CC1	Age	Adolescent	-0.03143
CN1CCC(=C2c3ccccc3CC(=O)c3sccc32)CC1	Age	Adult	-0.05136
CN1CCC(=C2c3ccccc3CC(=O)c3sccc32)CC1	Age	Elderly	-0.2453
CN1CCC(=C2c3ccccc3CC(=O)c3sccc32)CC1	Weight	Low	-0.25011
CN1CCC(=C2c3ccccc3CC(=O)c3sccc32)CC1	Weight	Average	-0.20317
CN1CCC(=C2c3ccccc3CC(=O)c3sccc32)CC1	Weight	High	-0.20471
CN1CCC(C(=O)c2cccc(NC(=O)c3c(F)cc(F)cc3F)n2)CC1	Sex	Male	-0.17095
CN1CCC(C(=O)c2cccc(NC(=O)c3c(F)cc(F)cc3F)n2)CC1	Sex	Female	-0.06435
CN1CCC(C(=O)c2cccc(NC(=O)c3c(F)cc(F)cc3F)n2)CC1	Age	Children	-0.24049
CN1CCC(C(=O)c2cccc(NC(=O)c3c(F)cc(F)cc3F)n2)CC1	Age	Adolescent	-0.2795
CN1CCC(C(=O)c2cccc(NC(=O)c3c(F)cc(F)cc3F)n2)CC1	Age	Adult	-0.07481
CN1CCC(C(=O)c2cccc(NC(=O)c3c(F)cc(F)cc3F)n2)CC1	Age	Elderly	-0.20213
CN1CCC(C(=O)c2cccc(NC(=O)c3c(F)cc(F)cc3F)n2)CC1	Weight	Low	-0.19711
CN1CCC(C(=O)c2cccc(NC(=O)c3c(F)cc(F)cc3F)n2)CC1	Weight	Average	-0.16494
CN1CCC(C(=O)c2cccc(NC(=O)c3c(F)cc(F)cc3F)n2)CC1	Weight	High	-0.2006
Cc1cccc(CC(N)C(=O)O)c1	Sex	Male	-0.17613
Cc1cccc(CC(N)C(=O)O)c1	Sex	Female	-0.06482
Cc1cccc(CC(N)C(=O)O)c1	Age	Children	-0.26217
Cc1cccc(CC(N)C(=O)O)c1	Age	Adolescent	-0.18596
Cc1cccc(CC(N)C(=O)O)c1	Age	Adult	-0.12906
Cc1cccc(CC(N)C(=O)O)c1	Age	Elderly	-0.34921
Cc1cccc(CC(N)C(=O)O)c1	Weight	Low	-0.30932
Cc1cccc(CC(N)C(=O)O)c1	Weight	Average	-0.29007
Cc1cccc(CC(N)C(=O)O)c1	Weight	High	-0.41212
NC(=O)CN1CCCC1=O	Sex	Male	-0.21008
NC(=O)CN1CCCC1=O	Sex	Female	-0.0789
NC(=O)CN1CCCC1=O	Age	Children	-0.08651
NC(=O)CN1CCCC1=O	Age	Adolescent	-0.19791
NC(=O)CN1CCCC1=O	Age	Adult	-0.22143
NC(=O)CN1CCCC1=O	Age	Elderly	-0.44022
NC(=O)CN1CCCC1=O	Weight	Low	-0.42649
NC(=O)CN1CCCC1=O	Weight	Average	-0.58928
NC(=O)CN1CCCC1=O	Weight	High	-0.47907
NC(=O)OC(Cn1ncnn1)c1ccccc1Cl	Sex	Male	-0.24674
NC(=O)OC(Cn1ncnn1)c1ccccc1Cl	Sex	Female	-0.07773
NC(=O)OC(Cn1ncnn1)c1ccccc1Cl	Age	Children	-0.06423
NC(=O)OC(Cn1ncnn1)c1ccccc1Cl	Age	Adolescent	-0.10811
NC(=O)OC(Cn1ncnn1)c1ccccc1Cl	Age	Adult	-0.20675
NC(=O)OC(Cn1ncnn1)c1ccccc1Cl	Age	Elderly	-0.33933
NC(=O)OC(Cn1ncnn1)c1ccccc1Cl	Weight	Low	-0.21831
NC(=O)OC(Cn1ncnn1)c1ccccc1Cl	Weight	Average	-0.1939
NC(=O)OC(Cn1ncnn1)c1ccccc1Cl	Weight	High	-0.23894
O=C1C2CCCCC2C(=O)N1CCCCN1CCN(c2nsc3ccccc23)CC1	Sex	Male	-0.14916
O=C1C2CCCCC2C(=O)N1CCCCN1CCN(c2nsc3ccccc23)CC1	Sex	Female	-0.05462
O=C1C2CCCCC2C(=O)N1CCCCN1CCN(c2nsc3ccccc23)CC1	Age	Children	-0.23573
O=C1C2CCCCC2C(=O)N1CCCCN1CCN(c2nsc3ccccc23)CC1	Age	Adolescent	-0.14278
O=C1C2CCCCC2C(=O)N1CCCCN1CCN(c2nsc3ccccc23)CC1	Age	Adult	-0.09153
O=C1C2CCCCC2C(=O)N1CCCCN1CCN(c2nsc3ccccc23)CC1	Age	Elderly	-0.20383
O=C1C2CCCCC2C(=O)N1CCCCN1CCN(c2nsc3ccccc23)CC1	Weight	Low	-0.44088
O=C1C2CCCCC2C(=O)N1CCCCN1CCN(c2nsc3ccccc23)CC1	Weight	Average	-0.2492
O=C1C2CCCCC2C(=O)N1CCCCN1CCN(c2nsc3ccccc23)CC1	Weight	High	-0.35039
C#CC1(OC(C)=O)CCC2C3CCC4=CC(=NO)CCC4C3CCC21CC	Sex	Male	-0.13833
C#CC1(OC(C)=O)CCC2C3CCC4=CC(=NO)CCC4C3CCC21CC	Sex	Female	-0.02917
C#CC1(OC(C)=O)CCC2C3CCC4=CC(=NO)CCC4C3CCC21CC	Age	Children	-0.14234
C#CC1(OC(C)=O)CCC2C3CCC4=CC(=NO)CCC4C3CCC21CC	Age	Adolescent	-0.34006
C#CC1(OC(C)=O)CCC2C3CCC4=CC(=NO)CCC4C3CCC21CC	Age	Adult	-0.12845
C#CC1(OC(C)=O)CCC2C3CCC4=CC(=NO)CCC4C3CCC21CC	Age	Elderly	-0.2818
C#CC1(OC(C)=O)CCC2C3CCC4=CC(=NO)CCC4C3CCC21CC	Weight	Low	-0.41797
C#CC1(OC(C)=O)CCC2C3CCC4=CC(=NO)CCC4C3CCC21CC	Weight	Average	-0.46557
C#CC1(OC(C)=O)CCC2C3CCC4=CC(=NO)CCC4C3CCC21CC	Weight	High	-0.3524
O=C(O)Cc1ccccc1Nc1c(Cl)cccc1Cl	Sex	Male	-0.21103
O=C(O)Cc1ccccc1Nc1c(Cl)cccc1Cl	Sex	Female	-0.04279
O=C(O)Cc1ccccc1Nc1c(Cl)cccc1Cl	Age	Children	-0.22941
O=C(O)Cc1ccccc1Nc1c(Cl)cccc1Cl	Age	Adolescent	-0.06076
O=C(O)Cc1ccccc1Nc1c(Cl)cccc1Cl	Age	Adult	-0.15747
O=C(O)Cc1ccccc1Nc1c(Cl)cccc1Cl	Age	Elderly	-0.3202
O=C(O)Cc1ccccc1Nc1c(Cl)cccc1Cl	Weight	Low	-0.06069
O=C(O)Cc1ccccc1Nc1c(Cl)cccc1Cl	Weight	Average	-0.20133
O=C(O)Cc1ccccc1Nc1c(Cl)cccc1Cl	Weight	High	-0.16059
CC(=O)C1(N)Cc2c(O)c3c(c(O)c2C(OC2CC(O)C(O)CO2)C1)C(=O)c1ccccc1C3=O	Sex	Male	-0.04026
CC(=O)C1(N)Cc2c(O)c3c(c(O)c2C(OC2CC(O)C(O)CO2)C1)C(=O)c1ccccc1C3=O	Sex	Female	-0.01989
CC(=O)C1(N)Cc2c(O)c3c(c(O)c2C(OC2CC(O)C(O)CO2)C1)C(=O)c1ccccc1C3=O	Age	Children	-0.08489
CC(=O)C1(N)Cc2c(O)c3c(c(O)c2C(OC2CC(O)C(O)CO2)C1)C(=O)c1ccccc1C3=O	Age	Adolescent	-0.09432
CC(=O)C1(N)Cc2c(O)c3c(c(O)c2C(OC2CC(O)C(O)CO2)C1)C(=O)c1ccccc1C3=O	Age	Adult	-0.03274
CC(=O)C1(N)Cc2c(O)c3c(c(O)c2C(OC2CC(O)C(O)CO2)C1)C(=O)c1ccccc1C3=O	Age	Elderly	-0.10746
CC(=O)C1(N)Cc2c(O)c3c(c(O)c2C(OC2CC(O)C(O)CO2)C1)C(=O)c1ccccc1C3=O	Weight	Low	-0.18433
CC(=O)C1(N)Cc2c(O)c3c(c(O)c2C(OC2CC(O)C(O)CO2)C1)C(=O)c1ccccc1C3=O	Weight	Average	-0.09896
CC(=O)C1(N)Cc2c(O)c3c(c(O)c2C(OC2CC(O)C(O)CO2)C1)C(=O)c1ccccc1C3=O	Weight	High	-0.14905
Cc1onc(-c2ccccc2)c1C(=O)NC1C(=O)N2C1SC(C)(C)C2C(=O)O	Sex	Male	-0.16303
Cc1onc(-c2ccccc2)c1C(=O)NC1C(=O)N2C1SC(C)(C)C2C(=O)O	Sex	Female	-0.02221
Cc1onc(-c2ccccc2)c1C(=O)NC1C(=O)N2C1SC(C)(C)C2C(=O)O	Age	Children	-0.33357
Cc1onc(-c2ccccc2)c1C(=O)NC1C(=O)N2C1SC(C)(C)C2C(=O)O	Age	Adolescent	-0.21893
Cc1onc(-c2ccccc2)c1C(=O)NC1C(=O)N2C1SC(C)(C)C2C(=O)O	Age	Adult	-0.1296
Cc1onc(-c2ccccc2)c1C(=O)NC1C(=O)N2C1SC(C)(C)C2C(=O)O	Age	Elderly	-0.19133
Cc1onc(-c2ccccc2)c1C(=O)NC1C(=O)N2C1SC(C)(C)C2C(=O)O	Weight	Low	-0.35331
Cc1onc(-c2ccccc2)c1C(=O)NC1C(=O)N2C1SC(C)(C)C2C(=O)O	Weight	Average	-0.28212
Cc1onc(-c2ccccc2)c1C(=O)NC1C(=O)N2C1SC(C)(C)C2C(=O)O	Weight	High	-0.24751
CC(CN(C)C)CN1c2ccccc2CCc2ccccc21	Sex	Male	-0.05957
CC(CN(C)C)CN1c2ccccc2CCc2ccccc21	Sex	Female	-0.01995
CC(CN(C)C)CN1c2ccccc2CCc2ccccc21	Age	Children	-0.08716
CC(CN(C)C)CN1c2ccccc2CCc2ccccc21	Age	Adolescent	-0.02728
CC(CN(C)C)CN1c2ccccc2CCc2ccccc21	Age	Adult	-0.06055
CC(CN(C)C)CN1c2ccccc2CCc2ccccc21	Age	Elderly	-0.17179
CC(CN(C)C)CN1c2ccccc2CCc2ccccc21	Weight	Low	-0.16002
CC(CN(C)C)CN1c2ccccc2CCc2ccccc21	Weight	Average	-0.24457
CC(CN(C)C)CN1c2ccccc2CCc2ccccc21	Weight	High	-0.19474
CC12CCC3c4ccc(OC(=O)N(CCCl)CCCl)cc4CCC3C1CCC2O	Sex	Male	-0.0899
CC12CCC3c4ccc(OC(=O)N(CCCl)CCCl)cc4CCC3C1CCC2O	Sex	Female	-0.03459
CC12CCC3c4ccc(OC(=O)N(CCCl)CCCl)cc4CCC3C1CCC2O	Age	Children	-0.22354
CC12CCC3c4ccc(OC(=O)N(CCCl)CCCl)cc4CCC3C1CCC2O	Age	Adolescent	-0.12542
CC12CCC3c4ccc(OC(=O)N(CCCl)CCCl)cc4CCC3C1CCC2O	Age	Adult	-0.11164
CC12CCC3c4ccc(OC(=O)N(CCCl)CCCl)cc4CCC3C1CCC2O	Age	Elderly	-0.13252
CC12CCC3c4ccc(OC(=O)N(CCCl)CCCl)cc4CCC3C1CCC2O	Weight	Low	-0.20096
CC12CCC3c4ccc(OC(=O)N(CCCl)CCCl)cc4CCC3C1CCC2O	Weight	Average	-0.17219
CC12CCC3c4ccc(OC(=O)N(CCCl)CCCl)cc4CCC3C1CCC2O	Weight	High	-0.16711
CCC(COC(=O)c1cc(OC)c(OC)c(OC)c1)(c1ccccc1)N(C)C	Sex	Male	-0.1737
CCC(COC(=O)c1cc(OC)c(OC)c(OC)c1)(c1ccccc1)N(C)C	Sex	Female	-0.02299
CCC(COC(=O)c1cc(OC)c(OC)c(OC)c1)(c1ccccc1)N(C)C	Age	Children	-0.12941
CCC(COC(=O)c1cc(OC)c(OC)c(OC)c1)(c1ccccc1)N(C)C	Age	Adolescent	-0.05492
CCC(COC(=O)c1cc(OC)c(OC)c(OC)c1)(c1ccccc1)N(C)C	Age	Adult	-0.08683
CCC(COC(=O)c1cc(OC)c(OC)c(OC)c1)(c1ccccc1)N(C)C	Age	Elderly	-0.25666
CCC(COC(=O)c1cc(OC)c(OC)c(OC)c1)(c1ccccc1)N(C)C	Weight	Low	-0.34509
CCC(COC(=O)c1cc(OC)c(OC)c(OC)c1)(c1ccccc1)N(C)C	Weight	Average	-0.23722
CCC(COC(=O)c1cc(OC)c(OC)c(OC)c1)(c1ccccc1)N(C)C	Weight	High	-0.19889
CCCC(Cc1ccccc1)N1CCCC1	Sex	Male	-0.19933
CCCC(Cc1ccccc1)N1CCCC1	Sex	Female	-0.05007
CCCC(Cc1ccccc1)N1CCCC1	Age	Children	-0.12613
CCCC(Cc1ccccc1)N1CCCC1	Age	Adolescent	-0.06525
CCCC(Cc1ccccc1)N1CCCC1	Age	Adult	-0.19264
CCCC(Cc1ccccc1)N1CCCC1	Age	Elderly	-0.36728
CCCC(Cc1ccccc1)N1CCCC1	Weight	Low	-0.30066
CCCC(Cc1ccccc1)N1CCCC1	Weight	Average	-0.39049
CCCC(Cc1ccccc1)N1CCCC1	Weight	High	-0.36819
CCCN1CCCCC1C(=O)Nc1c(C)cccc1C	Sex	Male	-0.1891
CCCN1CCCCC1C(=O)Nc1c(C)cccc1C	Sex	Female	-0.07374
CCCN1CCCCC1C(=O)Nc1c(C)cccc1C	Age	Children	-0.3105
CCCN1CCCCC1C(=O)Nc1c(C)cccc1C	Age	Adolescent	-0.10951
CCCN1CCCCC1C(=O)Nc1c(C)cccc1C	Age	Adult	-0.07462
CCCN1CCCCC1C(=O)Nc1c(C)cccc1C	Age	Elderly	-0.20693
CCCN1CCCCC1C(=O)Nc1c(C)cccc1C	Weight	Low	-0.24545
CCCN1CCCCC1C(=O)Nc1c(C)cccc1C	Weight	Average	-0.27327
CCCN1CCCCC1C(=O)Nc1c(C)cccc1C	Weight	High	-0.41336
CN1CC(C(=O)NC2(C)OC3(O)C4CCCN4C(=O)C(Cc4ccccc4)N3C2=O)C=C2c3cccc4[nH]cc(c34)CC21	Sex	Male	-0.02533
CN1CC(C(=O)NC2(C)OC3(O)C4CCCN4C(=O)C(Cc4ccccc4)N3C2=O)C=C2c3cccc4[nH]cc(c34)CC21	Sex	Female	-0.05542
CN1CC(C(=O)NC2(C)OC3(O)C4CCCN4C(=O)C(Cc4ccccc4)N3C2=O)C=C2c3cccc4[nH]cc(c34)CC21	Age	Children	-0.32124
CN1CC(C(=O)NC2(C)OC3(O)C4CCCN4C(=O)C(Cc4ccccc4)N3C2=O)C=C2c3cccc4[nH]cc(c34)CC21	Age	Adolescent	-0.16734
CN1CC(C(=O)NC2(C)OC3(O)C4CCCN4C(=O)C(Cc4ccccc4)N3C2=O)C=C2c3cccc4[nH]cc(c34)CC21	Age	Adult	-0.03564
CN1CC(C(=O)NC2(C)OC3(O)C4CCCN4C(=O)C(Cc4ccccc4)N3C2=O)C=C2c3cccc4[nH]cc(c34)CC21	Age	Elderly	-0.26082
CN1CC(C(=O)NC2(C)OC3(O)C4CCCN4C(=O)C(Cc4ccccc4)N3C2=O)C=C2c3cccc4[nH]cc(c34)CC21	Weight	Low	-0.42628
CN1CC(C(=O)NC2(C)OC3(O)C4CCCN4C(=O)C(Cc4ccccc4)N3C2=O)C=C2c3cccc4[nH]cc(c34)CC21	Weight	Average	-0.37204
CN1CC(C(=O)NC2(C)OC3(O)C4CCCN4C(=O)C(Cc4ccccc4)N3C2=O)C=C2c3cccc4[nH]cc(c34)CC21	Weight	High	-0.54976
CN1CCN(C(c2ccccc2)c2ccccc2)CC1	Sex	Male	-0.09626
CN1CCN(C(c2ccccc2)c2ccccc2)CC1	Sex	Female	-0.02784
CN1CCN(C(c2ccccc2)c2ccccc2)CC1	Age	Children	-0.1395
CN1CCN(C(c2ccccc2)c2ccccc2)CC1	Age	Adolescent	-0.01998
CN1CCN(C(c2ccccc2)c2ccccc2)CC1	Age	Adult	-0.05068
CN1CCN(C(c2ccccc2)c2ccccc2)CC1	Age	Elderly	-0.19841
CN1CCN(C(c2ccccc2)c2ccccc2)CC1	Weight	Low	-0.26462
CN1CCN(C(c2ccccc2)c2ccccc2)CC1	Weight	Average	-0.30837
CN1CCN(C(c2ccccc2)c2ccccc2)CC1	Weight	High	-0.27044
CNCCCC12CCC(c3ccccc31)c1ccccc12	Sex	Male	-0.09292
CNCCCC12CCC(c3ccccc31)c1ccccc12	Sex	Female	-0.03307
CNCCCC12CCC(c3ccccc31)c1ccccc12	Age	Children	-0.14759
CNCCCC12CCC(c3ccccc31)c1ccccc12	Age	Adolescent	-0.05741
CNCCCC12CCC(c3ccccc31)c1ccccc12	Age	Adult	-0.03585
CNCCCC12CCC(c3ccccc31)c1ccccc12	Age	Elderly	-0.24426
CNCCCC12CCC(c3ccccc31)c1ccccc12	Weight	Low	-0.30219
CNCCCC12CCC(c3ccccc31)c1ccccc12	Weight	Average	-0.37179
CNCCCC12CCC(c3ccccc31)c1ccccc12	Weight	High	-0.53458
CNCCCN1c2ccccc2CCc2ccccc21	Sex	Male	-0.12763
CNCCCN1c2ccccc2CCc2ccccc21	Sex	Female	-0.0158
CNCCCN1c2ccccc2CCc2ccccc21	Age	Children	-0.14965
CNCCCN1c2ccccc2CCc2ccccc21	Age	Adolescent	-0.04326
CNCCCN1c2ccccc2CCc2ccccc21	Age	Adult	-0.08958
CNCCCN1c2ccccc2CCc2ccccc21	Age	Elderly	-0.24851
CNCCCN1c2ccccc2CCc2ccccc21	Weight	Low	-0.342
CNCCCN1c2ccccc2CCc2ccccc21	Weight	Average	-0.45241
CNCCCN1c2ccccc2CCc2ccccc21	Weight	High	-0.54279
CNS(=O)(=O)CCc1ccc2[nH]cc(C3CCN(C)CC3)c2c1	Sex	Male	-0.19203
CNS(=O)(=O)CCc1ccc2[nH]cc(C3CCN(C)CC3)c2c1	Sex	Female	-0.01508
CNS(=O)(=O)CCc1ccc2[nH]cc(C3CCN(C)CC3)c2c1	Age	Children	-0.15943
CNS(=O)(=O)CCc1ccc2[nH]cc(C3CCN(C)CC3)c2c1	Age	Adolescent	-0.21989
CNS(=O)(=O)CCc1ccc2[nH]cc(C3CCN(C)CC3)c2c1	Age	Adult	-0.03043
CNS(=O)(=O)CCc1ccc2[nH]cc(C3CCN(C)CC3)c2c1	Age	Elderly	-0.30221
CNS(=O)(=O)CCc1ccc2[nH]cc(C3CCN(C)CC3)c2c1	Weight	Low	-0.31701
CNS(=O)(=O)CCc1ccc2[nH]cc(C3CCN(C)CC3)c2c1	Weight	Average	-0.23075
CNS(=O)(=O)CCc1ccc2[nH]cc(C3CCN(C)CC3)c2c1	Weight	High	-0.26043
COCC(NC(=O)c1cnc(C)s1)C(=O)NC(COC)C(=O)NC(Cc1ccccc1)C(=O)C1(C)CO1	Sex	Male	-0.12495
COCC(NC(=O)c1cnc(C)s1)C(=O)NC(COC)C(=O)NC(Cc1ccccc1)C(=O)C1(C)CO1	Sex	Female	-0.03168
COCC(NC(=O)c1cnc(C)s1)C(=O)NC(COC)C(=O)NC(Cc1ccccc1)C(=O)C1(C)CO1	Age	Children	-0.29357
COCC(NC(=O)c1cnc(C)s1)C(=O)NC(COC)C(=O)NC(Cc1ccccc1)C(=O)C1(C)CO1	Age	Adolescent	-0.27842
COCC(NC(=O)c1cnc(C)s1)C(=O)NC(COC)C(=O)NC(Cc1ccccc1)C(=O)C1(C)CO1	Age	Adult	-0.13424
COCC(NC(=O)c1cnc(C)s1)C(=O)NC(COC)C(=O)NC(Cc1ccccc1)C(=O)C1(C)CO1	Age	Elderly	-0.31044
COCC(NC(=O)c1cnc(C)s1)C(=O)NC(COC)C(=O)NC(Cc1ccccc1)C(=O)C1(C)CO1	Weight	Low	-0.28938
COCC(NC(=O)c1cnc(C)s1)C(=O)NC(COC)C(=O)NC(Cc1ccccc1)C(=O)C1(C)CO1	Weight	Average	-0.34906
COCC(NC(=O)c1cnc(C)s1)C(=O)NC(COC)C(=O)NC(Cc1ccccc1)C(=O)C1(C)CO1	Weight	High	-0.33987
Cc1cc(=O)n(-c2ccccc2)n1C	Sex	Male	-0.23137
Cc1cc(=O)n(-c2ccccc2)n1C	Sex	Female	-0.03335
Cc1cc(=O)n(-c2ccccc2)n1C	Age	Children	-0.12265
Cc1cc(=O)n(-c2ccccc2)n1C	Age	Adolescent	-0.06712
Cc1cc(=O)n(-c2ccccc2)n1C	Age	Adult	-0.17471
Cc1cc(=O)n(-c2ccccc2)n1C	Age	Elderly	-0.40212
Cc1cc(=O)n(-c2ccccc2)n1C	Weight	Low	-0.34207
Cc1cc(=O)n(-c2ccccc2)n1C	Weight	Average	-0.34208
Cc1cc(=O)n(-c2ccccc2)n1C	Weight	High	-0.36728
Cc1cccc(CN2CCN(C(c3ccccc3)c3ccc(Cl)cc3)CC2)c1	Sex	Male	-0.10254
Cc1cccc(CN2CCN(C(c3ccccc3)c3ccc(Cl)cc3)CC2)c1	Sex	Female	-0.03547
Cc1cccc(CN2CCN(C(c3ccccc3)c3ccc(Cl)cc3)CC2)c1	Age	Children	-0.18528
Cc1cccc(CN2CCN(C(c3ccccc3)c3ccc(Cl)cc3)CC2)c1	Age	Adolescent	-0.02123
Cc1cccc(CN2CCN(C(c3ccccc3)c3ccc(Cl)cc3)CC2)c1	Age	Adult	-0.07639
Cc1cccc(CN2CCN(C(c3ccccc3)c3ccc(Cl)cc3)CC2)c1	Age	Elderly	-0.20019
Cc1cccc(CN2CCN(C(c3ccccc3)c3ccc(Cl)cc3)CC2)c1	Weight	Low	-0.22017
Cc1cccc(CN2CCN(C(c3ccccc3)c3ccc(Cl)cc3)CC2)c1	Weight	Average	-0.23937
Cc1cccc(CN2CCN(C(c3ccccc3)c3ccc(Cl)cc3)CC2)c1	Weight	High	-0.2616
O=C(OCCO)c1ccccc1O	Sex	Male	-0.21417
O=C(OCCO)c1ccccc1O	Sex	Female	-0.03438
O=C(OCCO)c1ccccc1O	Age	Children	-0.13785
O=C(OCCO)c1ccccc1O	Age	Adolescent	-0.16738
O=C(OCCO)c1ccccc1O	Age	Adult	-0.12816
O=C(OCCO)c1ccccc1O	Age	Elderly	-0.45911
O=C(OCCO)c1ccccc1O	Weight	Low	-0.25974
O=C(OCCO)c1ccccc1O	Weight	Average	-0.30449
O=C(OCCO)c1ccccc1O	Weight	High	-0.3305
OC(c1ccccc1)(c1ccccc1)C12CC[N+](CCOCc3ccccc3)(CC1)CC2	Sex	Male	-0.03818
OC(c1ccccc1)(c1ccccc1)C12CC[N+](CCOCc3ccccc3)(CC1)CC2	Sex	Female	-0.0171
OC(c1ccccc1)(c1ccccc1)C12CC[N+](CCOCc3ccccc3)(CC1)CC2	Age	Children	-0.09333
OC(c1ccccc1)(c1ccccc1)C12CC[N+](CCOCc3ccccc3)(CC1)CC2	Age	Adolescent	-0.08926
OC(c1ccccc1)(c1ccccc1)C12CC[N+](CCOCc3ccccc3)(CC1)CC2	Age	Adult	-0.10578
OC(c1ccccc1)(c1ccccc1)C12CC[N+](CCOCc3ccccc3)(CC1)CC2	Age	Elderly	-0.1084
OC(c1ccccc1)(c1ccccc1)C12CC[N+](CCOCc3ccccc3)(CC1)CC2	Weight	Low	-0.24484
OC(c1ccccc1)(c1ccccc1)C12CC[N+](CCOCc3ccccc3)(CC1)CC2	Weight	Average	-0.09999
OC(c1ccccc1)(c1ccccc1)C12CC[N+](CCOCc3ccccc3)(CC1)CC2	Weight	High	-0.25434
Oc1ccc(OCc2ccccc2)cc1	Sex	Male	-0.12606
Oc1ccc(OCc2ccccc2)cc1	Sex	Female	-0.07176
Oc1ccc(OCc2ccccc2)cc1	Age	Children	-0.18031
Oc1ccc(OCc2ccccc2)cc1	Age	Adolescent	-0.12259
Oc1ccc(OCc2ccccc2)cc1	Age	Adult	-0.1953
Oc1ccc(OCc2ccccc2)cc1	Age	Elderly	-0.30808
Oc1ccc(OCc2ccccc2)cc1	Weight	Low	-0.312
Oc1ccc(OCc2ccccc2)cc1	Weight	Average	-0.44875
Oc1ccc(OCc2ccccc2)cc1	Weight	High	-0.2394
CC(C)(NC(=O)C1=C(O)C2Oc3c(O)ccc4c3C23CCN(CC2CC2)C(C4)C3(O)C1)c1nc(-c2ccccc2)no1	Sex	Male	-0.1121
CC(C)(NC(=O)C1=C(O)C2Oc3c(O)ccc4c3C23CCN(CC2CC2)C(C4)C3(O)C1)c1nc(-c2ccccc2)no1	Sex	Female	-0.02539
CC(C)(NC(=O)C1=C(O)C2Oc3c(O)ccc4c3C23CCN(CC2CC2)C(C4)C3(O)C1)c1nc(-c2ccccc2)no1	Age	Children	-0.24493
CC(C)(NC(=O)C1=C(O)C2Oc3c(O)ccc4c3C23CCN(CC2CC2)C(C4)C3(O)C1)c1nc(-c2ccccc2)no1	Age	Adolescent	-0.19738
CC(C)(NC(=O)C1=C(O)C2Oc3c(O)ccc4c3C23CCN(CC2CC2)C(C4)C3(O)C1)c1nc(-c2ccccc2)no1	Age	Adult	-0.0984
CC(C)(NC(=O)C1=C(O)C2Oc3c(O)ccc4c3C23CCN(CC2CC2)C(C4)C3(O)C1)c1nc(-c2ccccc2)no1	Age	Elderly	-0.25374
CC(C)(NC(=O)C1=C(O)C2Oc3c(O)ccc4c3C23CCN(CC2CC2)C(C4)C3(O)C1)c1nc(-c2ccccc2)no1	Weight	Low	-0.28897
CC(C)(NC(=O)C1=C(O)C2Oc3c(O)ccc4c3C23CCN(CC2CC2)C(C4)C3(O)C1)c1nc(-c2ccccc2)no1	Weight	Average	-0.29121
CC(C)(NC(=O)C1=C(O)C2Oc3c(O)ccc4c3C23CCN(CC2CC2)C(C4)C3(O)C1)c1nc(-c2ccccc2)no1	Weight	High	-0.38279
O=C(O)CCC(=O)c1ccc(-c2ccccc2)cc1	Sex	Male	-0.21414
O=C(O)CCC(=O)c1ccc(-c2ccccc2)cc1	Sex	Female	-0.05031
O=C(O)CCC(=O)c1ccc(-c2ccccc2)cc1	Age	Children	-0.27233
O=C(O)CCC(=O)c1ccc(-c2ccccc2)cc1	Age	Adolescent	-0.17987
O=C(O)CCC(=O)c1ccc(-c2ccccc2)cc1	Age	Adult	-0.10624
O=C(O)CCC(=O)c1ccc(-c2ccccc2)cc1	Age	Elderly	-0.37189
O=C(O)CCC(=O)c1ccc(-c2ccccc2)cc1	Weight	Low	-0.34808
O=C(O)CCC(=O)c1ccc(-c2ccccc2)cc1	Weight	Average	-0.37251
O=C(O)CCC(=O)c1ccc(-c2ccccc2)cc1	Weight	High	-0.32067
Cc1ccc(C(=CCN2CCCC2)c2ccccn2)cc1	Sex	Male	-0.13956
Cc1ccc(C(=CCN2CCCC2)c2ccccn2)cc1	Sex	Female	-0.05088
Cc1ccc(C(=CCN2CCCC2)c2ccccn2)cc1	Age	Children	-0.08161
Cc1ccc(C(=CCN2CCCC2)c2ccccn2)cc1	Age	Adolescent	-0.02558
Cc1ccc(C(=CCN2CCCC2)c2ccccn2)cc1	Age	Adult	-0.09627
Cc1ccc(C(=CCN2CCCC2)c2ccccn2)cc1	Age	Elderly	-0.30635
Cc1ccc(C(=CCN2CCCC2)c2ccccn2)cc1	Weight	Low	-0.30235
Cc1ccc(C(=CCN2CCCC2)c2ccccn2)cc1	Weight	Average	-0.23387
Cc1ccc(C(=CCN2CCCC2)c2ccccn2)cc1	Weight	High	-0.17909
CN1CCN(CCC=C2c3ccccc3Sc3ccc(S(=O)(=O)N(C)C)cc32)CC1	Sex	Male	-0.10691
CN1CCN(CCC=C2c3ccccc3Sc3ccc(S(=O)(=O)N(C)C)cc32)CC1	Sex	Female	-0.03731
CN1CCN(CCC=C2c3ccccc3Sc3ccc(S(=O)(=O)N(C)C)cc32)CC1	Age	Children	-0.19107
CN1CCN(CCC=C2c3ccccc3Sc3ccc(S(=O)(=O)N(C)C)cc32)CC1	Age	Adolescent	-0.03538
CN1CCN(CCC=C2c3ccccc3Sc3ccc(S(=O)(=O)N(C)C)cc32)CC1	Age	Adult	-0.13785
CN1CCN(CCC=C2c3ccccc3Sc3ccc(S(=O)(=O)N(C)C)cc32)CC1	Age	Elderly	-0.37172
CN1CCN(CCC=C2c3ccccc3Sc3ccc(S(=O)(=O)N(C)C)cc32)CC1	Weight	Low	-0.33604
CN1CCN(CCC=C2c3ccccc3Sc3ccc(S(=O)(=O)N(C)C)cc32)CC1	Weight	Average	-0.19037
CN1CCN(CCC=C2c3ccccc3Sc3ccc(S(=O)(=O)N(C)C)cc32)CC1	Weight	High	-0.27365
C[N+]1(CCC(C(N)=O)(c2ccccc2)c2ccccc2)CCCCC1	Sex	Male	-0.06777
C[N+]1(CCC(C(N)=O)(c2ccccc2)c2ccccc2)CCCCC1	Sex	Female	-0.00698
C[N+]1(CCC(C(N)=O)(c2ccccc2)c2ccccc2)CCCCC1	Age	Children	-0.15259
C[N+]1(CCC(C(N)=O)(c2ccccc2)c2ccccc2)CCCCC1	Age	Adolescent	-0.0364
C[N+]1(CCC(C(N)=O)(c2ccccc2)c2ccccc2)CCCCC1	Age	Adult	-0.12334
C[N+]1(CCC(C(N)=O)(c2ccccc2)c2ccccc2)CCCCC1	Age	Elderly	-0.2598
C[N+]1(CCC(C(N)=O)(c2ccccc2)c2ccccc2)CCCCC1	Weight	Low	-0.31292
C[N+]1(CCC(C(N)=O)(c2ccccc2)c2ccccc2)CCCCC1	Weight	Average	-0.22669
C[N+]1(CCC(C(N)=O)(c2ccccc2)c2ccccc2)CCCCC1	Weight	High	-0.27186
CCOC(=O)OCCC(SC(=O)OCC)=C(C)N(C=O)Cc1cnc(C)nc1N	Sex	Male	-0.04058
CCOC(=O)OCCC(SC(=O)OCC)=C(C)N(C=O)Cc1cnc(C)nc1N	Sex	Female	-0.05602
CCOC(=O)OCCC(SC(=O)OCC)=C(C)N(C=O)Cc1cnc(C)nc1N	Age	Children	-0.11672
CCOC(=O)OCCC(SC(=O)OCC)=C(C)N(C=O)Cc1cnc(C)nc1N	Age	Adolescent	-0.0846
CCOC(=O)OCCC(SC(=O)OCC)=C(C)N(C=O)Cc1cnc(C)nc1N	Age	Adult	-0.0959
CCOC(=O)OCCC(SC(=O)OCC)=C(C)N(C=O)Cc1cnc(C)nc1N	Age	Elderly	-0.17713
CCOC(=O)OCCC(SC(=O)OCC)=C(C)N(C=O)Cc1cnc(C)nc1N	Weight	Low	-0.1416
CCOC(=O)OCCC(SC(=O)OCC)=C(C)N(C=O)Cc1cnc(C)nc1N	Weight	Average	-0.12804
CCOC(=O)OCCC(SC(=O)OCC)=C(C)N(C=O)Cc1cnc(C)nc1N	Weight	High	-0.09819
CCOc1ccccc1OCC1CNCCO1	Sex	Male	-0.23156
CCOc1ccccc1OCC1CNCCO1	Sex	Female	-0.05577
CCOc1ccccc1OCC1CNCCO1	Age	Children	-0.25432
CCOc1ccccc1OCC1CNCCO1	Age	Adolescent	-0.09225
CCOc1ccccc1OCC1CNCCO1	Age	Adult	-0.1305
CCOc1ccccc1OCC1CNCCO1	Age	Elderly	-0.25934
CCOc1ccccc1OCC1CNCCO1	Weight	Low	-0.1216
CCOc1ccccc1OCC1CNCCO1	Weight	Average	-0.16995
CCOc1ccccc1OCC1CNCCO1	Weight	High	-0.37966
COCCOC(=O)C1=C(C)NC(C)=C(C(=O)OC(C)C)C1c1cccc([N+](=O)[O-])c1	Sex	Male	-0.10173
COCCOC(=O)C1=C(C)NC(C)=C(C(=O)OC(C)C)C1c1cccc([N+](=O)[O-])c1	Sex	Female	-0.01667
COCCOC(=O)C1=C(C)NC(C)=C(C(=O)OC(C)C)C1c1cccc([N+](=O)[O-])c1	Age	Children	-0.0918
COCCOC(=O)C1=C(C)NC(C)=C(C(=O)OC(C)C)C1c1cccc([N+](=O)[O-])c1	Age	Adolescent	-0.09332
COCCOC(=O)C1=C(C)NC(C)=C(C(=O)OC(C)C)C1c1cccc([N+](=O)[O-])c1	Age	Adult	-0.04286
COCCOC(=O)C1=C(C)NC(C)=C(C(=O)OC(C)C)C1c1cccc([N+](=O)[O-])c1	Age	Elderly	-0.22866
COCCOC(=O)C1=C(C)NC(C)=C(C(=O)OC(C)C)C1c1cccc([N+](=O)[O-])c1	Weight	Low	-0.23228
COCCOC(=O)C1=C(C)NC(C)=C(C(=O)OC(C)C)C1c1cccc([N+](=O)[O-])c1	Weight	Average	-0.20533
COCCOC(=O)C1=C(C)NC(C)=C(C(=O)OC(C)C)C1c1cccc([N+](=O)[O-])c1	Weight	High	-0.09735
COc1ccccc1CNC(=O)c1cc(-c2ccccc2)on1	Sex	Male	-0.14928
COc1ccccc1CNC(=O)c1cc(-c2ccccc2)on1	Sex	Female	-0.04059
COc1ccccc1CNC(=O)c1cc(-c2ccccc2)on1	Age	Children	-0.29689
COc1ccccc1CNC(=O)c1cc(-c2ccccc2)on1	Age	Adolescent	-0.1325
COc1ccccc1CNC(=O)c1cc(-c2ccccc2)on1	Age	Adult	-0.13144
COc1ccccc1CNC(=O)c1cc(-c2ccccc2)on1	Age	Elderly	-0.24375
COc1ccccc1CNC(=O)c1cc(-c2ccccc2)on1	Weight	Low	-0.29644
COc1ccccc1CNC(=O)c1cc(-c2ccccc2)on1	Weight	Average	-0.1845
COc1ccccc1CNC(=O)c1cc(-c2ccccc2)on1	Weight	High	-0.29194
O=C1NCC2(CCN(CCc3ccccc3)CC2)O1	Sex	Male	-0.12722
O=C1NCC2(CCN(CCc3ccccc3)CC2)O1	Sex	Female	-0.02872
O=C1NCC2(CCN(CCc3ccccc3)CC2)O1	Age	Children	-0.17632
O=C1NCC2(CCN(CCc3ccccc3)CC2)O1	Age	Adolescent	-0.1792
O=C1NCC2(CCN(CCc3ccccc3)CC2)O1	Age	Adult	-0.07027
O=C1NCC2(CCN(CCc3ccccc3)CC2)O1	Age	Elderly	-0.26536
O=C1NCC2(CCN(CCc3ccccc3)CC2)O1	Weight	Low	-0.39704
O=C1NCC2(CCN(CCc3ccccc3)CC2)O1	Weight	Average	-0.36926
O=C1NCC2(CCN(CCc3ccccc3)CC2)O1	Weight	High	-0.43522
CC(C)(C)NC(=O)C1CN(Cc2cccnc2)CCN1CC(O)CC(Cc1ccccc1)C(=O)NC1c2ccccc2CC1O	Sex	Male	-0.12614
CC(C)(C)NC(=O)C1CN(Cc2cccnc2)CCN1CC(O)CC(Cc1ccccc1)C(=O)NC1c2ccccc2CC1O	Sex	Female	-0.07121
CC(C)(C)NC(=O)C1CN(Cc2cccnc2)CCN1CC(O)CC(Cc1ccccc1)C(=O)NC1c2ccccc2CC1O	Age	Children	-0.21675
CC(C)(C)NC(=O)C1CN(Cc2cccnc2)CCN1CC(O)CC(Cc1ccccc1)C(=O)NC1c2ccccc2CC1O	Age	Adolescent	-0.19897
CC(C)(C)NC(=O)C1CN(Cc2cccnc2)CCN1CC(O)CC(Cc1ccccc1)C(=O)NC1c2ccccc2CC1O	Age	Adult	-0.19163
CC(C)(C)NC(=O)C1CN(Cc2cccnc2)CCN1CC(O)CC(Cc1ccccc1)C(=O)NC1c2ccccc2CC1O	Age	Elderly	-0.25134
CC(C)(C)NC(=O)C1CN(Cc2cccnc2)CCN1CC(O)CC(Cc1ccccc1)C(=O)NC1c2ccccc2CC1O	Weight	Low	-0.50372
CC(C)(C)NC(=O)C1CN(Cc2cccnc2)CCN1CC(O)CC(Cc1ccccc1)C(=O)NC1c2ccccc2CC1O	Weight	Average	-0.46913
CC(C)(C)NC(=O)C1CN(Cc2cccnc2)CCN1CC(O)CC(Cc1ccccc1)C(=O)NC1c2ccccc2CC1O	Weight	High	-0.60669
C=C(CC)C(=O)c1ccc(OCC(=O)O)c(Cl)c1Cl	Sex	Male	-0.23891
C=C(CC)C(=O)c1ccc(OCC(=O)O)c(Cl)c1Cl	Sex	Female	-0.04078
C=C(CC)C(=O)c1ccc(OCC(=O)O)c(Cl)c1Cl	Age	Children	-0.26506
C=C(CC)C(=O)c1ccc(OCC(=O)O)c(Cl)c1Cl	Age	Adolescent	-0.18646
C=C(CC)C(=O)c1ccc(OCC(=O)O)c(Cl)c1Cl	Age	Adult	-0.07662
C=C(CC)C(=O)c1ccc(OCC(=O)O)c(Cl)c1Cl	Age	Elderly	-0.29631
C=C(CC)C(=O)c1ccc(OCC(=O)O)c(Cl)c1Cl	Weight	Low	-0.14719
C=C(CC)C(=O)c1ccc(OCC(=O)O)c(Cl)c1Cl	Weight	Average	-0.17846
C=C(CC)C(=O)c1ccc(OCC(=O)O)c(Cl)c1Cl	Weight	High	-0.18947
CC(=O)Nc1ccc(CC(=O)O)cc1	Sex	Male	-0.25941
CC(=O)Nc1ccc(CC(=O)O)cc1	Sex	Female	-0.04266
CC(=O)Nc1ccc(CC(=O)O)cc1	Age	Children	-0.16484
CC(=O)Nc1ccc(CC(=O)O)cc1	Age	Adolescent	-0.20937
CC(=O)Nc1ccc(CC(=O)O)cc1	Age	Adult	-0.14033
CC(=O)Nc1ccc(CC(=O)O)cc1	Age	Elderly	-0.27752
CC(=O)Nc1ccc(CC(=O)O)cc1	Weight	Low	-0.27851
CC(=O)Nc1ccc(CC(=O)O)cc1	Weight	Average	-0.45029
CC(=O)Nc1ccc(CC(=O)O)cc1	Weight	High	-0.25276
CC(=O)OCC(=O)C1CCC2C3CCC4=CC(=O)CCC4(C)C3CCC12C	Sex	Male	-0.08717
CC(=O)OCC(=O)C1CCC2C3CCC4=CC(=O)CCC4(C)C3CCC12C	Sex	Female	-0.03848
CC(=O)OCC(=O)C1CCC2C3CCC4=CC(=O)CCC4(C)C3CCC12C	Age	Children	-0.12535
CC(=O)OCC(=O)C1CCC2C3CCC4=CC(=O)CCC4(C)C3CCC12C	Age	Adolescent	-0.29214
CC(=O)OCC(=O)C1CCC2C3CCC4=CC(=O)CCC4(C)C3CCC12C	Age	Adult	-0.15062
CC(=O)OCC(=O)C1CCC2C3CCC4=CC(=O)CCC4(C)C3CCC12C	Age	Elderly	-0.21797
CC(=O)OCC(=O)C1CCC2C3CCC4=CC(=O)CCC4(C)C3CCC12C	Weight	Low	-0.37028
CC(=O)OCC(=O)C1CCC2C3CCC4=CC(=O)CCC4(C)C3CCC12C	Weight	Average	-0.48137
CC(=O)OCC(=O)C1CCC2C3CCC4=CC(=O)CCC4(C)C3CCC12C	Weight	High	-0.31045
CC(=O)Oc1cc(C)c(OC(C)=O)c2ccccc12	Sex	Male	-0.13185
CC(=O)Oc1cc(C)c(OC(C)=O)c2ccccc12	Sex	Female	-0.05047
CC(=O)Oc1cc(C)c(OC(C)=O)c2ccccc12	Age	Children	-0.11218
CC(=O)Oc1cc(C)c(OC(C)=O)c2ccccc12	Age	Adolescent	-0.12695
CC(=O)Oc1cc(C)c(OC(C)=O)c2ccccc12	Age	Adult	-0.20664
CC(=O)Oc1cc(C)c(OC(C)=O)c2ccccc12	Age	Elderly	-0.40329
CC(=O)Oc1cc(C)c(OC(C)=O)c2ccccc12	Weight	Low	-0.28454
CC(=O)Oc1cc(C)c(OC(C)=O)c2ccccc12	Weight	Average	-0.31475
CC(=O)Oc1cc(C)c(OC(C)=O)c2ccccc12	Weight	High	-0.16999
CC1=CC(=O)N2CC(=O)N(C)c3ccc(Cl)cc3C2(c2ccccc2)O1	Sex	Male	-0.15471
CC1=CC(=O)N2CC(=O)N(C)c3ccc(Cl)cc3C2(c2ccccc2)O1	Sex	Female	-0.03218
CC1=CC(=O)N2CC(=O)N(C)c3ccc(Cl)cc3C2(c2ccccc2)O1	Age	Children	-0.16222
CC1=CC(=O)N2CC(=O)N(C)c3ccc(Cl)cc3C2(c2ccccc2)O1	Age	Adolescent	-0.04393
CC1=CC(=O)N2CC(=O)N(C)c3ccc(Cl)cc3C2(c2ccccc2)O1	Age	Adult	-0.16956
CC1=CC(=O)N2CC(=O)N(C)c3ccc(Cl)cc3C2(c2ccccc2)O1	Age	Elderly	-0.33011
CC1=CC(=O)N2CC(=O)N(C)c3ccc(Cl)cc3C2(c2ccccc2)O1	Weight	Low	-0.35976
CC1=CC(=O)N2CC(=O)N(C)c3ccc(Cl)cc3C2(c2ccccc2)O1	Weight	Average	-0.30689
CC1=CC(=O)N2CC(=O)N(C)c3ccc(Cl)cc3C2(c2ccccc2)O1	Weight	High	-0.37581
CCCC(=O)c1ccccc1OCCN(C(C)C)C(C)C	Sex	Male	-0.19348
CCCC(=O)c1ccccc1OCCN(C(C)C)C(C)C	Sex	Female	-0.05119
CCCC(=O)c1ccccc1OCCN(C(C)C)C(C)C	Age	Children	-0.26199
CCCC(=O)c1ccccc1OCCN(C(C)C)C(C)C	Age	Adolescent	-0.09543
CCCC(=O)c1ccccc1OCCN(C(C)C)C(C)C	Age	Adult	-0.07518
CCCC(=O)c1ccccc1OCCN(C(C)C)C(C)C	Age	Elderly	-0.18416
CCCC(=O)c1ccccc1OCCN(C(C)C)C(C)C	Weight	Low	-0.23215
CCCC(=O)c1ccccc1OCCN(C(C)C)C(C)C	Weight	Average	-0.11136
CCCC(=O)c1ccccc1OCCN(C(C)C)C(C)C	Weight	High	-0.13209
CN1C(C(=O)Nc2ccccn2)=C(O)c2ccccc2S1(=O)=O	Sex	Male	-0.11193
CN1C(C(=O)Nc2ccccn2)=C(O)c2ccccc2S1(=O)=O	Sex	Female	-0.03287
CN1C(C(=O)Nc2ccccn2)=C(O)c2ccccc2S1(=O)=O	Age	Children	-0.3073
CN1C(C(=O)Nc2ccccn2)=C(O)c2ccccc2S1(=O)=O	Age	Adolescent	-0.13506
CN1C(C(=O)Nc2ccccn2)=C(O)c2ccccc2S1(=O)=O	Age	Adult	-0.09075
CN1C(C(=O)Nc2ccccn2)=C(O)c2ccccc2S1(=O)=O	Age	Elderly	-0.36836
CN1C(C(=O)Nc2ccccn2)=C(O)c2ccccc2S1(=O)=O	Weight	Low	-0.41829
CN1C(C(=O)Nc2ccccn2)=C(O)c2ccccc2S1(=O)=O	Weight	Average	-0.18037
CN1C(C(=O)Nc2ccccn2)=C(O)c2ccccc2S1(=O)=O	Weight	High	-0.23379
CN1CCN(CCCN2c3ccccc3Sc3ccc(C(F)(F)F)cc32)CC1	Sex	Male	-0.04775
CN1CCN(CCCN2c3ccccc3Sc3ccc(C(F)(F)F)cc32)CC1	Sex	Female	-0.02651
CN1CCN(CCCN2c3ccccc3Sc3ccc(C(F)(F)F)cc32)CC1	Age	Children	-0.07951
CN1CCN(CCCN2c3ccccc3Sc3ccc(C(F)(F)F)cc32)CC1	Age	Adolescent	-0.01147
CN1CCN(CCCN2c3ccccc3Sc3ccc(C(F)(F)F)cc32)CC1	Age	Adult	-0.04833
CN1CCN(CCCN2c3ccccc3Sc3ccc(C(F)(F)F)cc32)CC1	Age	Elderly	-0.15738
CN1CCN(CCCN2c3ccccc3Sc3ccc(C(F)(F)F)cc32)CC1	Weight	Low	-0.1545
CN1CCN(CCCN2c3ccccc3Sc3ccc(C(F)(F)F)cc32)CC1	Weight	Average	-0.07745
CN1CCN(CCCN2c3ccccc3Sc3ccc(C(F)(F)F)cc32)CC1	Weight	High	-0.16474
COC(=O)C1=C(C)NC(C)=C(C(=O)OCC(C)C)C1c1ccccc1[N+](=O)[O-]	Sex	Male	-0.12355
COC(=O)C1=C(C)NC(C)=C(C(=O)OCC(C)C)C1c1ccccc1[N+](=O)[O-]	Sex	Female	-0.01281
COC(=O)C1=C(C)NC(C)=C(C(=O)OCC(C)C)C1c1ccccc1[N+](=O)[O-]	Age	Children	-0.09887
COC(=O)C1=C(C)NC(C)=C(C(=O)OCC(C)C)C1c1ccccc1[N+](=O)[O-]	Age	Adolescent	-0.06344
COC(=O)C1=C(C)NC(C)=C(C(=O)OCC(C)C)C1c1ccccc1[N+](=O)[O-]	Age	Adult	-0.05584
COC(=O)C1=C(C)NC(C)=C(C(=O)OCC(C)C)C1c1ccccc1[N+](=O)[O-]	Age	Elderly	-0.24428
COC(=O)C1=C(C)NC(C)=C(C(=O)OCC(C)C)C1c1ccccc1[N+](=O)[O-]	Weight	Low	-0.1764
COC(=O)C1=C(C)NC(C)=C(C(=O)OCC(C)C)C1c1ccccc1[N+](=O)[O-]	Weight	Average	-0.1465
COC(=O)C1=C(C)NC(C)=C(C(=O)OCC(C)C)C1c1ccccc1[N+](=O)[O-]	Weight	High	-0.12573
COC(=O)c1ccccc1O	Sex	Male	-0.28651
COC(=O)c1ccccc1O	Sex	Female	-0.05063
COC(=O)c1ccccc1O	Age	Children	-0.16957
COC(=O)c1ccccc1O	Age	Adolescent	-0.18701
COC(=O)c1ccccc1O	Age	Adult	-0.19761
COC(=O)c1ccccc1O	Age	Elderly	-0.46587
COC(=O)c1ccccc1O	Weight	Low	-0.24754
COC(=O)c1ccccc1O	Weight	Average	-0.28832
COC(=O)c1ccccc1O	Weight	High	-0.26695
COC1(NC(=O)Cc2cccs2)C(=O)N2C(C(=O)O)=C(COC(N)=O)CSC21	Sex	Male	-0.16953
COC1(NC(=O)Cc2cccs2)C(=O)N2C(C(=O)O)=C(COC(N)=O)CSC21	Sex	Female	-0.00445
COC1(NC(=O)Cc2cccs2)C(=O)N2C(C(=O)O)=C(COC(N)=O)CSC21	Age	Children	-0.19351
COC1(NC(=O)Cc2cccs2)C(=O)N2C(C(=O)O)=C(COC(N)=O)CSC21	Age	Adolescent	-0.20874
COC1(NC(=O)Cc2cccs2)C(=O)N2C(C(=O)O)=C(COC(N)=O)CSC21	Age	Adult	-0.09224
COC1(NC(=O)Cc2cccs2)C(=O)N2C(C(=O)O)=C(COC(N)=O)CSC21	Age	Elderly	-0.35794
COC1(NC(=O)Cc2cccs2)C(=O)N2C(C(=O)O)=C(COC(N)=O)CSC21	Weight	Low	-0.2442
COC1(NC(=O)Cc2cccs2)C(=O)N2C(C(=O)O)=C(COC(N)=O)CSC21	Weight	Average	-0.39611
COC1(NC(=O)Cc2cccs2)C(=O)N2C(C(=O)O)=C(COC(N)=O)CSC21	Weight	High	-0.33267
COc1ccc2c3c1OC1C(O)C=CC4C(C2)N(C)CCC341	Sex	Male	-0.08069
COc1ccc2c3c1OC1C(O)C=CC4C(C2)N(C)CCC341	Sex	Female	-0.02395
COc1ccc2c3c1OC1C(O)C=CC4C(C2)N(C)CCC341	Age	Children	-0.22962
COc1ccc2c3c1OC1C(O)C=CC4C(C2)N(C)CCC341	Age	Adolescent	-0.07962
COc1ccc2c3c1OC1C(O)C=CC4C(C2)N(C)CCC341	Age	Adult	-0.0162
COc1ccc2c3c1OC1C(O)C=CC4C(C2)N(C)CCC341	Age	Elderly	-0.17268
COc1ccc2c3c1OC1C(O)C=CC4C(C2)N(C)CCC341	Weight	Low	-0.32711
COc1ccc2c3c1OC1C(O)C=CC4C(C2)N(C)CCC341	Weight	Average	-0.2074
COc1ccc2c3c1OC1C(O)C=CC4C(C2)N(C)CCC341	Weight	High	-0.33874
Cc1c(N(C)CS(=O)(=O)O)c(=O)n(-c2ccccc2)n1C	Sex	Male	-0.19069
Cc1c(N(C)CS(=O)(=O)O)c(=O)n(-c2ccccc2)n1C	Sex	Female	-0.01847
Cc1c(N(C)CS(=O)(=O)O)c(=O)n(-c2ccccc2)n1C	Age	Children	-0.16326
Cc1c(N(C)CS(=O)(=O)O)c(=O)n(-c2ccccc2)n1C	Age	Adolescent	-0.12786
Cc1c(N(C)CS(=O)(=O)O)c(=O)n(-c2ccccc2)n1C	Age	Adult	-0.07773
Cc1c(N(C)CS(=O)(=O)O)c(=O)n(-c2ccccc2)n1C	Age	Elderly	-0.35508
Cc1c(N(C)CS(=O)(=O)O)c(=O)n(-c2ccccc2)n1C	Weight	Low	-0.35811
Cc1c(N(C)CS(=O)(=O)O)c(=O)n(-c2ccccc2)n1C	Weight	Average	-0.1709
Cc1c(N(C)CS(=O)(=O)O)c(=O)n(-c2ccccc2)n1C	Weight	High	-0.26522
Clc1cccc(N2CCNCC2)c1	Sex	Male	-0.17866
Clc1cccc(N2CCNCC2)c1	Sex	Female	-0.01202
Clc1cccc(N2CCNCC2)c1	Age	Children	-0.18778
Clc1cccc(N2CCNCC2)c1	Age	Adolescent	-0.08412
Clc1cccc(N2CCNCC2)c1	Age	Adult	-0.08194
Clc1cccc(N2CCNCC2)c1	Age	Elderly	-0.33693
Clc1cccc(N2CCNCC2)c1	Weight	Low	-0.21283
Clc1cccc(N2CCNCC2)c1	Weight	Average	-0.32734
Clc1cccc(N2CCNCC2)c1	Weight	High	-0.4117
O=C(O)c1ccc(-n2nc(-c3ccccc3O)nc2-c2ccccc2O)cc1	Sex	Male	-0.1828
O=C(O)c1ccc(-n2nc(-c3ccccc3O)nc2-c2ccccc2O)cc1	Sex	Female	-0.06657
O=C(O)c1ccc(-n2nc(-c3ccccc3O)nc2-c2ccccc2O)cc1	Age	Children	-0.27811
O=C(O)c1ccc(-n2nc(-c3ccccc3O)nc2-c2ccccc2O)cc1	Age	Adolescent	-0.16028
O=C(O)c1ccc(-n2nc(-c3ccccc3O)nc2-c2ccccc2O)cc1	Age	Adult	-0.21905
O=C(O)c1ccc(-n2nc(-c3ccccc3O)nc2-c2ccccc2O)cc1	Age	Elderly	-0.33514
O=C(O)c1ccc(-n2nc(-c3ccccc3O)nc2-c2ccccc2O)cc1	Weight	Low	-0.33308
O=C(O)c1ccc(-n2nc(-c3ccccc3O)nc2-c2ccccc2O)cc1	Weight	Average	-0.26334
O=C(O)c1ccc(-n2nc(-c3ccccc3O)nc2-c2ccccc2O)cc1	Weight	High	-0.26413
CC(Cc1cc2c(c(C(N)=O)c1)N(CCCO)CC2)NCCOc1ccccc1OCC(F)(F)F	Sex	Male	-0.15514
CC(Cc1cc2c(c(C(N)=O)c1)N(CCCO)CC2)NCCOc1ccccc1OCC(F)(F)F	Sex	Female	-0.01619
CC(Cc1cc2c(c(C(N)=O)c1)N(CCCO)CC2)NCCOc1ccccc1OCC(F)(F)F	Age	Children	-0.20466
CC(Cc1cc2c(c(C(N)=O)c1)N(CCCO)CC2)NCCOc1ccccc1OCC(F)(F)F	Age	Adolescent	-0.14865
CC(Cc1cc2c(c(C(N)=O)c1)N(CCCO)CC2)NCCOc1ccccc1OCC(F)(F)F	Age	Adult	-0.07553
CC(Cc1cc2c(c(C(N)=O)c1)N(CCCO)CC2)NCCOc1ccccc1OCC(F)(F)F	Age	Elderly	-0.13946
CC(Cc1cc2c(c(C(N)=O)c1)N(CCCO)CC2)NCCOc1ccccc1OCC(F)(F)F	Weight	Low	-0.21236
CC(Cc1cc2c(c(C(N)=O)c1)N(CCCO)CC2)NCCOc1ccccc1OCC(F)(F)F	Weight	Average	-0.18774
CC(Cc1cc2c(c(C(N)=O)c1)N(CCCO)CC2)NCCOc1ccccc1OCC(F)(F)F	Weight	High	-0.32233
CC(=O)OCC(=O)C1(O)CCC2C3CCC4=CC(=O)C=CC4(C)C3C(O)CC21C	Sex	Male	-0.11501
CC(=O)OCC(=O)C1(O)CCC2C3CCC4=CC(=O)C=CC4(C)C3C(O)CC21C	Sex	Female	-0.01694
CC(=O)OCC(=O)C1(O)CCC2C3CCC4=CC(=O)C=CC4(C)C3C(O)CC21C	Age	Children	-0.14471
CC(=O)OCC(=O)C1(O)CCC2C3CCC4=CC(=O)C=CC4(C)C3C(O)CC21C	Age	Adolescent	-0.40644
CC(=O)OCC(=O)C1(O)CCC2C3CCC4=CC(=O)C=CC4(C)C3C(O)CC21C	Age	Adult	-0.07573
CC(=O)OCC(=O)C1(O)CCC2C3CCC4=CC(=O)C=CC4(C)C3C(O)CC21C	Age	Elderly	-0.31917
CC(=O)OCC(=O)C1(O)CCC2C3CCC4=CC(=O)C=CC4(C)C3C(O)CC21C	Weight	Low	-0.52464
CC(=O)OCC(=O)C1(O)CCC2C3CCC4=CC(=O)C=CC4(C)C3C(O)CC21C	Weight	Average	-0.53976
CC(=O)OCC(=O)C1(O)CCC2C3CCC4=CC(=O)C=CC4(C)C3C(O)CC21C	Weight	High	-0.56295
CCOC(=O)c1ccc(N)cc1	Sex	Male	-0.25639
CCOC(=O)c1ccc(N)cc1	Sex	Female	-0.06049
CCOC(=O)c1ccc(N)cc1	Age	Children	-0.21001
CCOC(=O)c1ccc(N)cc1	Age	Adolescent	-0.17156
CCOC(=O)c1ccc(N)cc1	Age	Adult	-0.11348
CCOC(=O)c1ccc(N)cc1	Age	Elderly	-0.41415
CCOC(=O)c1ccc(N)cc1	Weight	Low	-0.16313
CCOC(=O)c1ccc(N)cc1	Weight	Average	-0.26728
CCOC(=O)c1ccc(N)cc1	Weight	High	-0.12773
CN1CCN(C2=Nc3ccccc3Oc3ccc(Cl)cc32)CC1	Sex	Male	-0.10576
CN1CCN(C2=Nc3ccccc3Oc3ccc(Cl)cc32)CC1	Sex	Female	-0.02775
CN1CCN(C2=Nc3ccccc3Oc3ccc(Cl)cc32)CC1	Age	Children	-0.09511
CN1CCN(C2=Nc3ccccc3Oc3ccc(Cl)cc32)CC1	Age	Adolescent	-0.0124
CN1CCN(C2=Nc3ccccc3Oc3ccc(Cl)cc32)CC1	Age	Adult	-0.08566
CN1CCN(C2=Nc3ccccc3Oc3ccc(Cl)cc32)CC1	Age	Elderly	-0.26841
CN1CCN(C2=Nc3ccccc3Oc3ccc(Cl)cc32)CC1	Weight	Low	-0.14754
CN1CCN(C2=Nc3ccccc3Oc3ccc(Cl)cc32)CC1	Weight	Average	-0.11083
CN1CCN(C2=Nc3ccccc3Oc3ccc(Cl)cc32)CC1	Weight	High	-0.21674
NS(=O)(=O)c1cc(C(=O)O)cc(N2CCCC2)c1Oc1ccccc1	Sex	Male	-0.23878
NS(=O)(=O)c1cc(C(=O)O)cc(N2CCCC2)c1Oc1ccccc1	Sex	Female	-0.04096
NS(=O)(=O)c1cc(C(=O)O)cc(N2CCCC2)c1Oc1ccccc1	Age	Children	-0.12665
NS(=O)(=O)c1cc(C(=O)O)cc(N2CCCC2)c1Oc1ccccc1	Age	Adolescent	-0.16586
NS(=O)(=O)c1cc(C(=O)O)cc(N2CCCC2)c1Oc1ccccc1	Age	Adult	-0.13825
NS(=O)(=O)c1cc(C(=O)O)cc(N2CCCC2)c1Oc1ccccc1	Age	Elderly	-0.3658
NS(=O)(=O)c1cc(C(=O)O)cc(N2CCCC2)c1Oc1ccccc1	Weight	Low	-0.09906
NS(=O)(=O)c1cc(C(=O)O)cc(N2CCCC2)c1Oc1ccccc1	Weight	Average	-0.14662
NS(=O)(=O)c1cc(C(=O)O)cc(N2CCCC2)c1Oc1ccccc1	Weight	High	-0.2031
CC(=O)Nc1ccc(OC(=O)c2ccccc2O)cc1	Sex	Male	-0.10455
CC(=O)Nc1ccc(OC(=O)c2ccccc2O)cc1	Sex	Female	-0.09335
CC(=O)Nc1ccc(OC(=O)c2ccccc2O)cc1	Age	Children	-0.20536
CC(=O)Nc1ccc(OC(=O)c2ccccc2O)cc1	Age	Adolescent	-0.19649
CC(=O)Nc1ccc(OC(=O)c2ccccc2O)cc1	Age	Adult	-0.11104
CC(=O)Nc1ccc(OC(=O)c2ccccc2O)cc1	Age	Elderly	-0.24398
CC(=O)Nc1ccc(OC(=O)c2ccccc2O)cc1	Weight	Low	-0.24502
CC(=O)Nc1ccc(OC(=O)c2ccccc2O)cc1	Weight	Average	-0.27517
CC(=O)Nc1ccc(OC(=O)c2ccccc2O)cc1	Weight	High	-0.20817
CC(=O)OCC(CCn1cnc2cnc(N)nc21)COC(C)=O	Sex	Male	-0.11374
CC(=O)OCC(CCn1cnc2cnc(N)nc21)COC(C)=O	Sex	Female	-0.0358
CC(=O)OCC(CCn1cnc2cnc(N)nc21)COC(C)=O	Age	Children	-0.08018
CC(=O)OCC(CCn1cnc2cnc(N)nc21)COC(C)=O	Age	Adolescent	-0.19741
CC(=O)OCC(CCn1cnc2cnc(N)nc21)COC(C)=O	Age	Adult	-0.10289
CC(=O)OCC(CCn1cnc2cnc(N)nc21)COC(C)=O	Age	Elderly	-0.3047
CC(=O)OCC(CCn1cnc2cnc(N)nc21)COC(C)=O	Weight	Low	-0.23021
CC(=O)OCC(CCn1cnc2cnc(N)nc21)COC(C)=O	Weight	Average	-0.10034
CC(=O)OCC(CCn1cnc2cnc(N)nc21)COC(C)=O	Weight	High	-0.08518
CC(=O)OCC(COc1ccc(C(C)(C)c2ccc(OCC(CCl)OC(C)=O)cc2)cc1)OC(C)=O	Sex	Male	-0.10045
CC(=O)OCC(COc1ccc(C(C)(C)c2ccc(OCC(CCl)OC(C)=O)cc2)cc1)OC(C)=O	Sex	Female	-0.0694
CC(=O)OCC(COc1ccc(C(C)(C)c2ccc(OCC(CCl)OC(C)=O)cc2)cc1)OC(C)=O	Age	Children	-0.09767
CC(=O)OCC(COc1ccc(C(C)(C)c2ccc(OCC(CCl)OC(C)=O)cc2)cc1)OC(C)=O	Age	Adolescent	-0.14573
CC(=O)OCC(COc1ccc(C(C)(C)c2ccc(OCC(CCl)OC(C)=O)cc2)cc1)OC(C)=O	Age	Adult	-0.10907
CC(=O)OCC(COc1ccc(C(C)(C)c2ccc(OCC(CCl)OC(C)=O)cc2)cc1)OC(C)=O	Age	Elderly	-0.11975
CC(=O)OCC(COc1ccc(C(C)(C)c2ccc(OCC(CCl)OC(C)=O)cc2)cc1)OC(C)=O	Weight	Low	-0.14459
CC(=O)OCC(COc1ccc(C(C)(C)c2ccc(OCC(CCl)OC(C)=O)cc2)cc1)OC(C)=O	Weight	Average	-0.21725
CC(=O)OCC(COc1ccc(C(C)(C)c2ccc(OCC(CCl)OC(C)=O)cc2)cc1)OC(C)=O	Weight	High	-0.16782
CC1(C)C(C=C(Cl)Cl)C1C(=O)OC(C#N)c1ccc(F)c(Oc2ccccc2)c1	Sex	Male	-0.16299
CC1(C)C(C=C(Cl)Cl)C1C(=O)OC(C#N)c1ccc(F)c(Oc2ccccc2)c1	Sex	Female	-0.01737
CC1(C)C(C=C(Cl)Cl)C1C(=O)OC(C#N)c1ccc(F)c(Oc2ccccc2)c1	Age	Children	-0.27404
CC1(C)C(C=C(Cl)Cl)C1C(=O)OC(C#N)c1ccc(F)c(Oc2ccccc2)c1	Age	Adolescent	-0.04831
CC1(C)C(C=C(Cl)Cl)C1C(=O)OC(C#N)c1ccc(F)c(Oc2ccccc2)c1	Age	Adult	-0.06554
CC1(C)C(C=C(Cl)Cl)C1C(=O)OC(C#N)c1ccc(F)c(Oc2ccccc2)c1	Age	Elderly	-0.23793
CC1(C)C(C=C(Cl)Cl)C1C(=O)OC(C#N)c1ccc(F)c(Oc2ccccc2)c1	Weight	Low	-0.08398
CC1(C)C(C=C(Cl)Cl)C1C(=O)OC(C#N)c1ccc(F)c(Oc2ccccc2)c1	Weight	Average	-0.05454
CC1(C)C(C=C(Cl)Cl)C1C(=O)OC(C#N)c1ccc(F)c(Oc2ccccc2)c1	Weight	High	-0.11306
CC1(C)CCC(C)(C)c2cc(NC(=O)c3ccc(C(=O)O)cc3)ccc21	Sex	Male	-0.12334
CC1(C)CCC(C)(C)c2cc(NC(=O)c3ccc(C(=O)O)cc3)ccc21	Sex	Female	-0.00824
CC1(C)CCC(C)(C)c2cc(NC(=O)c3ccc(C(=O)O)cc3)ccc21	Age	Children	-0.2196
CC1(C)CCC(C)(C)c2cc(NC(=O)c3ccc(C(=O)O)cc3)ccc21	Age	Adolescent	-0.21201
CC1(C)CCC(C)(C)c2cc(NC(=O)c3ccc(C(=O)O)cc3)ccc21	Age	Adult	-0.08424
CC1(C)CCC(C)(C)c2cc(NC(=O)c3ccc(C(=O)O)cc3)ccc21	Age	Elderly	-0.25776
CC1(C)CCC(C)(C)c2cc(NC(=O)c3ccc(C(=O)O)cc3)ccc21	Weight	Low	-0.20727
CC1(C)CCC(C)(C)c2cc(NC(=O)c3ccc(C(=O)O)cc3)ccc21	Weight	Average	-0.34552
CC1(C)CCC(C)(C)c2cc(NC(=O)c3ccc(C(=O)O)cc3)ccc21	Weight	High	-0.32645
CC1(C)SC2C(NC(=O)C(NC(=O)N3CCNC3=O)c3ccccc3)C(=O)N2C1C(=O)O	Sex	Male	-0.15256
CC1(C)SC2C(NC(=O)C(NC(=O)N3CCNC3=O)c3ccccc3)C(=O)N2C1C(=O)O	Sex	Female	-0.03028
CC1(C)SC2C(NC(=O)C(NC(=O)N3CCNC3=O)c3ccccc3)C(=O)N2C1C(=O)O	Age	Children	-0.38304
CC1(C)SC2C(NC(=O)C(NC(=O)N3CCNC3=O)c3ccccc3)C(=O)N2C1C(=O)O	Age	Adolescent	-0.27213
CC1(C)SC2C(NC(=O)C(NC(=O)N3CCNC3=O)c3ccccc3)C(=O)N2C1C(=O)O	Age	Adult	-0.09956
CC1(C)SC2C(NC(=O)C(NC(=O)N3CCNC3=O)c3ccccc3)C(=O)N2C1C(=O)O	Age	Elderly	-0.46219
CC1(C)SC2C(NC(=O)C(NC(=O)N3CCNC3=O)c3ccccc3)C(=O)N2C1C(=O)O	Weight	Low	-0.51598
CC1(C)SC2C(NC(=O)C(NC(=O)N3CCNC3=O)c3ccccc3)C(=O)N2C1C(=O)O	Weight	Average	-0.50855
CC1(C)SC2C(NC(=O)C(NC(=O)N3CCNC3=O)c3ccccc3)C(=O)N2C1C(=O)O	Weight	High	-0.54049
CCC(=C(CC)c1ccc(O)cc1)c1ccc(O)cc1	Sex	Male	-0.05974
CCC(=C(CC)c1ccc(O)cc1)c1ccc(O)cc1	Sex	Female	-0.00906
CCC(=C(CC)c1ccc(O)cc1)c1ccc(O)cc1	Age	Children	-0.08068
CCC(=C(CC)c1ccc(O)cc1)c1ccc(O)cc1	Age	Adolescent	-0.00813
CCC(=C(CC)c1ccc(O)cc1)c1ccc(O)cc1	Age	Adult	-0.09352
CCC(=C(CC)c1ccc(O)cc1)c1ccc(O)cc1	Age	Elderly	-0.29698
CCC(=C(CC)c1ccc(O)cc1)c1ccc(O)cc1	Weight	Low	-0.17472
CCC(=C(CC)c1ccc(O)cc1)c1ccc(O)cc1	Weight	Average	-0.23446
CCC(=C(CC)c1ccc(O)cc1)c1ccc(O)cc1	Weight	High	-0.31505
CCCCCCCCCCC(=O)OC1CCC2C3CCC4=CC(=O)CCC4(C)C3CCC12C	Sex	Male	-0.01087
CCCCCCCCCCC(=O)OC1CCC2C3CCC4=CC(=O)CCC4(C)C3CCC12C	Sex	Female	-0.03408
CCCCCCCCCCC(=O)OC1CCC2C3CCC4=CC(=O)CCC4(C)C3CCC12C	Age	Children	-0.11785
CCCCCCCCCCC(=O)OC1CCC2C3CCC4=CC(=O)CCC4(C)C3CCC12C	Age	Adolescent	-0.147
CCCCCCCCCCC(=O)OC1CCC2C3CCC4=CC(=O)CCC4(C)C3CCC12C	Age	Adult	-0.09307
CCCCCCCCCCC(=O)OC1CCC2C3CCC4=CC(=O)CCC4(C)C3CCC12C	Age	Elderly	-0.105
CCCCCCCCCCC(=O)OC1CCC2C3CCC4=CC(=O)CCC4(C)C3CCC12C	Weight	Low	-0.18225
CCCCCCCCCCC(=O)OC1CCC2C3CCC4=CC(=O)CCC4(C)C3CCC12C	Weight	Average	-0.26438
CCCCCCCCCCC(=O)OC1CCC2C3CCC4=CC(=O)CCC4(C)C3CCC12C	Weight	High	-0.14788
CCN(CC)CCNC(C(=O)OCCC(C)C)c1ccccc1	Sex	Male	-0.10758
CCN(CC)CCNC(C(=O)OCCC(C)C)c1ccccc1	Sex	Female	-0.02241
CCN(CC)CCNC(C(=O)OCCC(C)C)c1ccccc1	Age	Children	-0.21636
CCN(CC)CCNC(C(=O)OCCC(C)C)c1ccccc1	Age	Adolescent	-0.12693
CCN(CC)CCNC(C(=O)OCCC(C)C)c1ccccc1	Age	Adult	-0.08173
CCN(CC)CCNC(C(=O)OCCC(C)C)c1ccccc1	Age	Elderly	-0.18897
CCN(CC)CCNC(C(=O)OCCC(C)C)c1ccccc1	Weight	Low	-0.14927
CCN(CC)CCNC(C(=O)OCCC(C)C)c1ccccc1	Weight	Average	-0.23632
CCN(CC)CCNC(C(=O)OCCC(C)C)c1ccccc1	Weight	High	-0.34515
CCN1CC(CCN2CCOCC2)C(c2ccccc2)(c2ccccc2)C1=O	Sex	Male	-0.13192
CCN1CC(CCN2CCOCC2)C(c2ccccc2)(c2ccccc2)C1=O	Sex	Female	-0.02528
CCN1CC(CCN2CCOCC2)C(c2ccccc2)(c2ccccc2)C1=O	Age	Children	-0.2828
CCN1CC(CCN2CCOCC2)C(c2ccccc2)(c2ccccc2)C1=O	Age	Adolescent	-0.05459
CCN1CC(CCN2CCOCC2)C(c2ccccc2)(c2ccccc2)C1=O	Age	Adult	-0.10519
CCN1CC(CCN2CCOCC2)C(c2ccccc2)(c2ccccc2)C1=O	Age	Elderly	-0.30999
CCN1CC(CCN2CCOCC2)C(c2ccccc2)(c2ccccc2)C1=O	Weight	Low	-0.38479
CCN1CC(CCN2CCOCC2)C(c2ccccc2)(c2ccccc2)C1=O	Weight	Average	-0.26347
CCN1CC(CCN2CCOCC2)C(c2ccccc2)(c2ccccc2)C1=O	Weight	High	-0.40083
CCOC(=O)C(CCc1ccccc1)NC(C)C(=O)N1Cc2ccccc2CC1C(=O)O	Sex	Male	-0.24118
CCOC(=O)C(CCc1ccccc1)NC(C)C(=O)N1Cc2ccccc2CC1C(=O)O	Sex	Female	-0.03744
CCOC(=O)C(CCc1ccccc1)NC(C)C(=O)N1Cc2ccccc2CC1C(=O)O	Age	Children	-0.28981
CCOC(=O)C(CCc1ccccc1)NC(C)C(=O)N1Cc2ccccc2CC1C(=O)O	Age	Adolescent	-0.23547
CCOC(=O)C(CCc1ccccc1)NC(C)C(=O)N1Cc2ccccc2CC1C(=O)O	Age	Adult	-0.21006
CCOC(=O)C(CCc1ccccc1)NC(C)C(=O)N1Cc2ccccc2CC1C(=O)O	Age	Elderly	-0.42113
CCOC(=O)C(CCc1ccccc1)NC(C)C(=O)N1Cc2ccccc2CC1C(=O)O	Weight	Low	-0.34743
CCOC(=O)C(CCc1ccccc1)NC(C)C(=O)N1Cc2ccccc2CC1C(=O)O	Weight	Average	-0.4093
CCOC(=O)C(CCc1ccccc1)NC(C)C(=O)N1Cc2ccccc2CC1C(=O)O	Weight	High	-0.50632
CCOCCn1c(N2CCCN(C)CC2)nc2ccccc21	Sex	Male	-0.16516
CCOCCn1c(N2CCCN(C)CC2)nc2ccccc21	Sex	Female	-0.02183
CCOCCn1c(N2CCCN(C)CC2)nc2ccccc21	Age	Children	-0.15524
CCOCCn1c(N2CCCN(C)CC2)nc2ccccc21	Age	Adolescent	-0.04977
CCOCCn1c(N2CCCN(C)CC2)nc2ccccc21	Age	Adult	-0.06965
CCOCCn1c(N2CCCN(C)CC2)nc2ccccc21	Age	Elderly	-0.1781
CCOCCn1c(N2CCCN(C)CC2)nc2ccccc21	Weight	Low	-0.3795
CCOCCn1c(N2CCCN(C)CC2)nc2ccccc21	Weight	Average	-0.11832
CCOCCn1c(N2CCCN(C)CC2)nc2ccccc21	Weight	High	-0.2868
CCOc1ccc(C=C2NCCc3cc(OCC)c(OCC)cc32)cc1OCC	Sex	Male	-0.13679
CCOc1ccc(C=C2NCCc3cc(OCC)c(OCC)cc32)cc1OCC	Sex	Female	-0.0003
CCOc1ccc(C=C2NCCc3cc(OCC)c(OCC)cc32)cc1OCC	Age	Children	-0.13468
CCOc1ccc(C=C2NCCc3cc(OCC)c(OCC)cc32)cc1OCC	Age	Adolescent	-0.06573
CCOc1ccc(C=C2NCCc3cc(OCC)c(OCC)cc32)cc1OCC	Age	Adult	-0.08781
CCOc1ccc(C=C2NCCc3cc(OCC)c(OCC)cc32)cc1OCC	Age	Elderly	-0.25094
CCOc1ccc(C=C2NCCc3cc(OCC)c(OCC)cc32)cc1OCC	Weight	Low	-0.14996
CCOc1ccc(C=C2NCCc3cc(OCC)c(OCC)cc32)cc1OCC	Weight	Average	-0.10767
CCOc1ccc(C=C2NCCc3cc(OCC)c(OCC)cc32)cc1OCC	Weight	High	-0.24365
CC[N+]1(C)C2CC(OC(=O)C(CO)c3ccccc3)CC1C1OC12	Sex	Male	-0.15843
CC[N+]1(C)C2CC(OC(=O)C(CO)c3ccccc3)CC1C1OC12	Sex	Female	-0.02023
CC[N+]1(C)C2CC(OC(=O)C(CO)c3ccccc3)CC1C1OC12	Age	Children	-0.22623
CC[N+]1(C)C2CC(OC(=O)C(CO)c3ccccc3)CC1C1OC12	Age	Adolescent	-0.14776
CC[N+]1(C)C2CC(OC(=O)C(CO)c3ccccc3)CC1C1OC12	Age	Adult	-0.12593
CC[N+]1(C)C2CC(OC(=O)C(CO)c3ccccc3)CC1C1OC12	Age	Elderly	-0.24328
CC[N+]1(C)C2CC(OC(=O)C(CO)c3ccccc3)CC1C1OC12	Weight	Low	-0.33197
CC[N+]1(C)C2CC(OC(=O)C(CO)c3ccccc3)CC1C1OC12	Weight	Average	-0.24695
CC[N+]1(C)C2CC(OC(=O)C(CO)c3ccccc3)CC1C1OC12	Weight	High	-0.39334
CCn1cc(C(=O)O)c(=O)c2cc(F)c(N3CCNCC3)nc21	Sex	Male	-0.26652
CCn1cc(C(=O)O)c(=O)c2cc(F)c(N3CCNCC3)nc21	Sex	Female	0.01336
CCn1cc(C(=O)O)c(=O)c2cc(F)c(N3CCNCC3)nc21	Age	Children	-0.229
CCn1cc(C(=O)O)c(=O)c2cc(F)c(N3CCNCC3)nc21	Age	Adolescent	-0.16508
CCn1cc(C(=O)O)c(=O)c2cc(F)c(N3CCNCC3)nc21	Age	Adult	-0.14825
CCn1cc(C(=O)O)c(=O)c2cc(F)c(N3CCNCC3)nc21	Age	Elderly	-0.31258
CCn1cc(C(=O)O)c(=O)c2cc(F)c(N3CCNCC3)nc21	Weight	Low	-0.23947
CCn1cc(C(=O)O)c(=O)c2cc(F)c(N3CCNCC3)nc21	Weight	Average	-0.19351
CCn1cc(C(=O)O)c(=O)c2cc(F)c(N3CCNCC3)nc21	Weight	High	-0.34243
CCn1cc(C(=O)O)c(=O)c2cnc(N3CCNCC3)nc21	Sex	Male	-0.23683
CCn1cc(C(=O)O)c(=O)c2cnc(N3CCNCC3)nc21	Sex	Female	0.00552
CCn1cc(C(=O)O)c(=O)c2cnc(N3CCNCC3)nc21	Age	Children	-0.26736
CCn1cc(C(=O)O)c(=O)c2cnc(N3CCNCC3)nc21	Age	Adolescent	-0.13842
CCn1cc(C(=O)O)c(=O)c2cnc(N3CCNCC3)nc21	Age	Adult	-0.20439
CCn1cc(C(=O)O)c(=O)c2cnc(N3CCNCC3)nc21	Age	Elderly	-0.38643
CCn1cc(C(=O)O)c(=O)c2cnc(N3CCNCC3)nc21	Weight	Low	-0.27938
CCn1cc(C(=O)O)c(=O)c2cnc(N3CCNCC3)nc21	Weight	Average	-0.24653
CCn1cc(C(=O)O)c(=O)c2cnc(N3CCNCC3)nc21	Weight	High	-0.30135
CN(C)CCOC(c1ccccc1)c1ccc(Br)cc1	Sex	Male	-0.11682
CN(C)CCOC(c1ccccc1)c1ccc(Br)cc1	Sex	Female	-0.02203
CN(C)CCOC(c1ccccc1)c1ccc(Br)cc1	Age	Children	-0.12986
CN(C)CCOC(c1ccccc1)c1ccc(Br)cc1	Age	Adolescent	0.00066
CN(C)CCOC(c1ccccc1)c1ccc(Br)cc1	Age	Adult	-0.04775
CN(C)CCOC(c1ccccc1)c1ccc(Br)cc1	Age	Elderly	-0.25671
CN(C)CCOC(c1ccccc1)c1ccc(Br)cc1	Weight	Low	-0.22964
CN(C)CCOC(c1ccccc1)c1ccc(Br)cc1	Weight	Average	-0.34
CN(C)CCOC(c1ccccc1)c1ccc(Br)cc1	Weight	High	-0.25976
CN(C)CCOc1ccccc1Cc1ccccc1	Sex	Male	-0.10824
CN(C)CCOc1ccccc1Cc1ccccc1	Sex	Female	-0.02681
CN(C)CCOc1ccccc1Cc1ccccc1	Age	Children	-0.12189
CN(C)CCOc1ccccc1Cc1ccccc1	Age	Adolescent	-0.04216
CN(C)CCOc1ccccc1Cc1ccccc1	Age	Adult	-0.07522
CN(C)CCOc1ccccc1Cc1ccccc1	Age	Elderly	-0.25644
CN(C)CCOc1ccccc1Cc1ccccc1	Weight	Low	-0.33393
CN(C)CCOc1ccccc1Cc1ccccc1	Weight	Average	-0.36298
CN(C)CCOc1ccccc1Cc1ccccc1	Weight	High	-0.25074
CN1CCC(=C2c3ccccc3CCn3c(C=O)cnc32)CC1	Sex	Male	-0.13054
CN1CCC(=C2c3ccccc3CCn3c(C=O)cnc32)CC1	Sex	Female	-0.01991
CN1CCC(=C2c3ccccc3CCn3c(C=O)cnc32)CC1	Age	Children	-0.18411
CN1CCC(=C2c3ccccc3CCn3c(C=O)cnc32)CC1	Age	Adolescent	-0.11427
CN1CCC(=C2c3ccccc3CCn3c(C=O)cnc32)CC1	Age	Adult	-0.0881
CN1CCC(=C2c3ccccc3CCn3c(C=O)cnc32)CC1	Age	Elderly	-0.27697
CN1CCC(=C2c3ccccc3CCn3c(C=O)cnc32)CC1	Weight	Low	-0.31792
CN1CCC(=C2c3ccccc3CCn3c(C=O)cnc32)CC1	Weight	Average	-0.18333
CN1CCC(=C2c3ccccc3CCn3c(C=O)cnc32)CC1	Weight	High	-0.26092
COC(=O)C1C(c2ccc([123I])cc2)CC2CCC1N2CCCF	Sex	Male	-0.12713
COC(=O)C1C(c2ccc([123I])cc2)CC2CCC1N2CCCF	Sex	Female	-0.04513
COC(=O)C1C(c2ccc([123I])cc2)CC2CCC1N2CCCF	Age	Children	-0.21478
COC(=O)C1C(c2ccc([123I])cc2)CC2CCC1N2CCCF	Age	Adolescent	-0.07283
COC(=O)C1C(c2ccc([123I])cc2)CC2CCC1N2CCCF	Age	Adult	-0.10928
COC(=O)C1C(c2ccc([123I])cc2)CC2CCC1N2CCCF	Age	Elderly	-0.21528
COC(=O)C1C(c2ccc([123I])cc2)CC2CCC1N2CCCF	Weight	Low	-0.22134
COC(=O)C1C(c2ccc([123I])cc2)CC2CCC1N2CCCF	Weight	Average	-0.11439
COC(=O)C1C(c2ccc([123I])cc2)CC2CCC1N2CCCF	Weight	High	-0.22035
Cc1ccccc1-n1c(CF)nc2ccc(N)cc2c1=O	Sex	Male	-0.18451
Cc1ccccc1-n1c(CF)nc2ccc(N)cc2c1=O	Sex	Female	-0.06653
Cc1ccccc1-n1c(CF)nc2ccc(N)cc2c1=O	Age	Children	-0.14673
Cc1ccccc1-n1c(CF)nc2ccc(N)cc2c1=O	Age	Adolescent	-0.08659
Cc1ccccc1-n1c(CF)nc2ccc(N)cc2c1=O	Age	Adult	-0.20037
Cc1ccccc1-n1c(CF)nc2ccc(N)cc2c1=O	Age	Elderly	-0.33848
Cc1ccccc1-n1c(CF)nc2ccc(N)cc2c1=O	Weight	Low	-0.29929
Cc1ccccc1-n1c(CF)nc2ccc(N)cc2c1=O	Weight	Average	-0.27794
Cc1ccccc1-n1c(CF)nc2ccc(N)cc2c1=O	Weight	High	-0.26916
CC(C)Nc1nc(Cl)nc(NC(C)C)n1	Sex	Male	-0.13189
CC(C)Nc1nc(Cl)nc(NC(C)C)n1	Sex	Female	-0.00912
CC(C)Nc1nc(Cl)nc(NC(C)C)n1	Age	Children	-0.09954
CC(C)Nc1nc(Cl)nc(NC(C)C)n1	Age	Adolescent	-0.05669
CC(C)Nc1nc(Cl)nc(NC(C)C)n1	Age	Adult	-0.05633
CC(C)Nc1nc(Cl)nc(NC(C)C)n1	Age	Elderly	-0.13095
CC(C)Nc1nc(Cl)nc(NC(C)C)n1	Weight	Low	-0.1297
CC(C)Nc1nc(Cl)nc(NC(C)C)n1	Weight	Average	-0.10115
CC(C)Nc1nc(Cl)nc(NC(C)C)n1	Weight	High	-0.17722
CC(NCCCc1cccc(C(F)(F)F)c1)c1cccc2ccccc12	Sex	Male	-0.09972
CC(NCCCc1cccc(C(F)(F)F)c1)c1cccc2ccccc12	Sex	Female	-0.00574
CC(NCCCc1cccc(C(F)(F)F)c1)c1cccc2ccccc12	Age	Children	-0.06757
CC(NCCCc1cccc(C(F)(F)F)c1)c1cccc2ccccc12	Age	Adolescent	-0.04406
CC(NCCCc1cccc(C(F)(F)F)c1)c1cccc2ccccc12	Age	Adult	-0.03515
CC(NCCCc1cccc(C(F)(F)F)c1)c1cccc2ccccc12	Age	Elderly	-0.0547
CC(NCCCc1cccc(C(F)(F)F)c1)c1cccc2ccccc12	Weight	Low	-0.08034
CC(NCCCc1cccc(C(F)(F)F)c1)c1cccc2ccccc12	Weight	Average	-0.07981
CC(NCCCc1cccc(C(F)(F)F)c1)c1cccc2ccccc12	Weight	High	-0.08424
CCN(CC)CCCC(C)Nc1ccnc2cc(Cl)ccc12	Sex	Male	-0.08165
CCN(CC)CCCC(C)Nc1ccnc2cc(Cl)ccc12	Sex	Female	-0.00322
CCN(CC)CCCC(C)Nc1ccnc2cc(Cl)ccc12	Age	Children	-0.08459
CCN(CC)CCCC(C)Nc1ccnc2cc(Cl)ccc12	Age	Adolescent	-0.0516
CCN(CC)CCCC(C)Nc1ccnc2cc(Cl)ccc12	Age	Adult	-0.02324
CCN(CC)CCCC(C)Nc1ccnc2cc(Cl)ccc12	Age	Elderly	-0.0754
CCN(CC)CCCC(C)Nc1ccnc2cc(Cl)ccc12	Weight	Low	-0.1145
CCN(CC)CCCC(C)Nc1ccnc2cc(Cl)ccc12	Weight	Average	-0.10743
CCN(CC)CCCC(C)Nc1ccnc2cc(Cl)ccc12	Weight	High	-0.0896
CNC1CCC(c2ccc(Cl)c(Cl)c2)c2ccccc21	Sex	Male	-0.0955
CNC1CCC(c2ccc(Cl)c(Cl)c2)c2ccccc21	Sex	Female	-0.00939
CNC1CCC(c2ccc(Cl)c(Cl)c2)c2ccccc21	Age	Children	-0.07145
CNC1CCC(c2ccc(Cl)c(Cl)c2)c2ccccc21	Age	Adolescent	-0.04764
CNC1CCC(c2ccc(Cl)c(Cl)c2)c2ccccc21	Age	Adult	-0.05944
CNC1CCC(c2ccc(Cl)c(Cl)c2)c2ccccc21	Age	Elderly	-0.13054
CNC1CCC(c2ccc(Cl)c(Cl)c2)c2ccccc21	Weight	Low	-0.05368
CNC1CCC(c2ccc(Cl)c(Cl)c2)c2ccccc21	Weight	Average	-0.05526
CNC1CCC(c2ccc(Cl)c(Cl)c2)c2ccccc21	Weight	High	-0.09404
CNCCC(Oc1ccc(C(F)(F)F)cc1)c1ccccc1	Sex	Male	-0.14264
CNCCC(Oc1ccc(C(F)(F)F)cc1)c1ccccc1	Sex	Female	-0.01066
CNCCC(Oc1ccc(C(F)(F)F)cc1)c1ccccc1	Age	Children	-0.10145
CNCCC(Oc1ccc(C(F)(F)F)cc1)c1ccccc1	Age	Adolescent	-0.07363
CNCCC(Oc1ccc(C(F)(F)F)cc1)c1ccccc1	Age	Adult	-0.0564
CNCCC(Oc1ccc(C(F)(F)F)cc1)c1ccccc1	Age	Elderly	-0.18312
CNCCC(Oc1ccc(C(F)(F)F)cc1)c1ccccc1	Weight	Low	-0.1731
CNCCC(Oc1ccc(C(F)(F)F)cc1)c1ccccc1	Weight	Average	-0.15387
CNCCC(Oc1ccc(C(F)(F)F)cc1)c1ccccc1	Weight	High	-0.18978
CON=C(C(=O)NC1C(=O)N2C(C(=O)O)=C(COC(C)=O)CSC12)c1csc(N)n1	Sex	Male	-0.09061
CON=C(C(=O)NC1C(=O)N2C(C(=O)O)=C(COC(C)=O)CSC12)c1csc(N)n1	Sex	Female	-0.00641
CON=C(C(=O)NC1C(=O)N2C(C(=O)O)=C(COC(C)=O)CSC12)c1csc(N)n1	Age	Children	-0.09206
CON=C(C(=O)NC1C(=O)N2C(C(=O)O)=C(COC(C)=O)CSC12)c1csc(N)n1	Age	Adolescent	-0.05543
CON=C(C(=O)NC1C(=O)N2C(C(=O)O)=C(COC(C)=O)CSC12)c1csc(N)n1	Age	Adult	-0.03185
CON=C(C(=O)NC1C(=O)N2C(C(=O)O)=C(COC(C)=O)CSC12)c1csc(N)n1	Age	Elderly	-0.21807
CON=C(C(=O)NC1C(=O)N2C(C(=O)O)=C(COC(C)=O)CSC12)c1csc(N)n1	Weight	Low	-0.15859
CON=C(C(=O)NC1C(=O)N2C(C(=O)O)=C(COC(C)=O)CSC12)c1csc(N)n1	Weight	Average	-0.16511
CON=C(C(=O)NC1C(=O)N2C(C(=O)O)=C(COC(C)=O)CSC12)c1csc(N)n1	Weight	High	-0.17469
Cc1ccc2c(Cl)cc(Cl)c(O)c2n1	Sex	Male	-0.08153
Cc1ccc2c(Cl)cc(Cl)c(O)c2n1	Sex	Female	-0.00488
Cc1ccc2c(Cl)cc(Cl)c(O)c2n1	Age	Children	-0.08099
Cc1ccc2c(Cl)cc(Cl)c(O)c2n1	Age	Adolescent	-0.06433
Cc1ccc2c(Cl)cc(Cl)c(O)c2n1	Age	Adult	-0.07234
Cc1ccc2c(Cl)cc(Cl)c(O)c2n1	Age	Elderly	-0.13039
Cc1ccc2c(Cl)cc(Cl)c(O)c2n1	Weight	Low	-0.1167
Cc1ccc2c(Cl)cc(Cl)c(O)c2n1	Weight	Average	-0.10222
Cc1ccc2c(Cl)cc(Cl)c(O)c2n1	Weight	High	-0.16437
FC(F)OC(F)(F)C(F)Cl	Sex	Male	-0.12838
FC(F)OC(F)(F)C(F)Cl	Sex	Female	-0.01046
FC(F)OC(F)(F)C(F)Cl	Age	Children	-0.1113
FC(F)OC(F)(F)C(F)Cl	Age	Adolescent	-0.06646
FC(F)OC(F)(F)C(F)Cl	Age	Adult	-0.06311
FC(F)OC(F)(F)C(F)Cl	Age	Elderly	-0.17777
FC(F)OC(F)(F)C(F)Cl	Weight	Low	-0.1982
FC(F)OC(F)(F)C(F)Cl	Weight	Average	-0.15948
FC(F)OC(F)(F)C(F)Cl	Weight	High	-0.24772
O=C(Cc1cccc(OC(F)(F)F)c1)Nc1ccc(CCCCc2nnc(NC(=O)Cc3ccccn3)s2)nn1	Sex	Male	-0.05743
O=C(Cc1cccc(OC(F)(F)F)c1)Nc1ccc(CCCCc2nnc(NC(=O)Cc3ccccn3)s2)nn1	Sex	Female	-0.00727
O=C(Cc1cccc(OC(F)(F)F)c1)Nc1ccc(CCCCc2nnc(NC(=O)Cc3ccccn3)s2)nn1	Age	Children	-0.05847
O=C(Cc1cccc(OC(F)(F)F)c1)Nc1ccc(CCCCc2nnc(NC(=O)Cc3ccccn3)s2)nn1	Age	Adolescent	-0.03564
O=C(Cc1cccc(OC(F)(F)F)c1)Nc1ccc(CCCCc2nnc(NC(=O)Cc3ccccn3)s2)nn1	Age	Adult	-0.03172
O=C(Cc1cccc(OC(F)(F)F)c1)Nc1ccc(CCCCc2nnc(NC(=O)Cc3ccccn3)s2)nn1	Age	Elderly	-0.08613
O=C(Cc1cccc(OC(F)(F)F)c1)Nc1ccc(CCCCc2nnc(NC(=O)Cc3ccccn3)s2)nn1	Weight	Low	-0.09255
O=C(Cc1cccc(OC(F)(F)F)c1)Nc1ccc(CCCCc2nnc(NC(=O)Cc3ccccn3)s2)nn1	Weight	Average	-0.05271
O=C(Cc1cccc(OC(F)(F)F)c1)Nc1ccc(CCCCc2nnc(NC(=O)Cc3ccccn3)s2)nn1	Weight	High	-0.09899
OC1CCC(C(O)CC2c3c(F)cccc3-c3cncn32)CC1	Sex	Male	-0.07329
OC1CCC(C(O)CC2c3c(F)cccc3-c3cncn32)CC1	Sex	Female	-0.00932
OC1CCC(C(O)CC2c3c(F)cccc3-c3cncn32)CC1	Age	Children	-0.09039
OC1CCC(C(O)CC2c3c(F)cccc3-c3cncn32)CC1	Age	Adolescent	-0.06769
OC1CCC(C(O)CC2c3c(F)cccc3-c3cncn32)CC1	Age	Adult	-0.05116
OC1CCC(C(O)CC2c3c(F)cccc3-c3cncn32)CC1	Age	Elderly	-0.19164
OC1CCC(C(O)CC2c3c(F)cccc3-c3cncn32)CC1	Weight	Low	-0.2333
OC1CCC(C(O)CC2c3c(F)cccc3-c3cncn32)CC1	Weight	Average	-0.15274
OC1CCC(C(O)CC2c3c(F)cccc3-c3cncn32)CC1	Weight	High	-0.18712
CC(Cn1cnc2c(N)ncnc21)OCP(=O)(O)O	Sex	Male	-0.1367
CC(Cn1cnc2c(N)ncnc21)OCP(=O)(O)O	Sex	Female	-0.00245
CC(Cn1cnc2c(N)ncnc21)OCP(=O)(O)O	Age	Children	-0.09397
CC(Cn1cnc2c(N)ncnc21)OCP(=O)(O)O	Age	Adolescent	-0.05364
CC(Cn1cnc2c(N)ncnc21)OCP(=O)(O)O	Age	Adult	-0.04416
CC(Cn1cnc2c(N)ncnc21)OCP(=O)(O)O	Age	Elderly	-0.16206
CC(Cn1cnc2c(N)ncnc21)OCP(=O)(O)O	Weight	Low	-0.16647
CC(Cn1cnc2c(N)ncnc21)OCP(=O)(O)O	Weight	Average	-0.1119
CC(Cn1cnc2c(N)ncnc21)OCP(=O)(O)O	Weight	High	-0.19205
CNCC(O)c1cccc(O)c1	Sex	Male	-0.14306
CNCC(O)c1cccc(O)c1	Sex	Female	-0.00463
CNCC(O)c1cccc(O)c1	Age	Children	-0.08508
CNCC(O)c1cccc(O)c1	Age	Adolescent	-0.049
CNCC(O)c1cccc(O)c1	Age	Adult	-0.02452
CNCC(O)c1cccc(O)c1	Age	Elderly	-0.18226
CNCC(O)c1cccc(O)c1	Weight	Low	-0.12393
CNCC(O)c1cccc(O)c1	Weight	Average	-0.14048
CNCC(O)c1cccc(O)c1	Weight	High	-0.18283
COc1cccc2c1C(=O)c1c(O)c3c(c(O)c1C2=O)CC(O)(C(=O)CO)CC3OC1CC(N)C(O)C(C)O1	Sex	Male	-0.06801
COc1cccc2c1C(=O)c1c(O)c3c(c(O)c1C2=O)CC(O)(C(=O)CO)CC3OC1CC(N)C(O)C(C)O1	Sex	Female	-0.00552
COc1cccc2c1C(=O)c1c(O)c3c(c(O)c1C2=O)CC(O)(C(=O)CO)CC3OC1CC(N)C(O)C(C)O1	Age	Children	-0.06682
COc1cccc2c1C(=O)c1c(O)c3c(c(O)c1C2=O)CC(O)(C(=O)CO)CC3OC1CC(N)C(O)C(C)O1	Age	Adolescent	-0.04742
COc1cccc2c1C(=O)c1c(O)c3c(c(O)c1C2=O)CC(O)(C(=O)CO)CC3OC1CC(N)C(O)C(C)O1	Age	Adult	-0.02503
COc1cccc2c1C(=O)c1c(O)c3c(c(O)c1C2=O)CC(O)(C(=O)CO)CC3OC1CC(N)C(O)C(C)O1	Age	Elderly	-0.09319
COc1cccc2c1C(=O)c1c(O)c3c(c(O)c1C2=O)CC(O)(C(=O)CO)CC3OC1CC(N)C(O)C(C)O1	Weight	Low	-0.1522
COc1cccc2c1C(=O)c1c(O)c3c(c(O)c1C2=O)CC(O)(C(=O)CO)CC3OC1CC(N)C(O)C(C)O1	Weight	Average	-0.07837
COc1cccc2c1C(=O)c1c(O)c3c(c(O)c1C2=O)CC(O)(C(=O)CO)CC3OC1CC(N)C(O)C(C)O1	Weight	High	-0.11748
Nc1nc(NC2CC2)c2ncn(C3C=CC(CO)C3)c2n1	Sex	Male	-0.15944
Nc1nc(NC2CC2)c2ncn(C3C=CC(CO)C3)c2n1	Sex	Female	-0.00633
Nc1nc(NC2CC2)c2ncn(C3C=CC(CO)C3)c2n1	Age	Children	-0.09315
Nc1nc(NC2CC2)c2ncn(C3C=CC(CO)C3)c2n1	Age	Adolescent	-0.06127
Nc1nc(NC2CC2)c2ncn(C3C=CC(CO)C3)c2n1	Age	Adult	-0.0508
Nc1nc(NC2CC2)c2ncn(C3C=CC(CO)C3)c2n1	Age	Elderly	-0.19697
Nc1nc(NC2CC2)c2ncn(C3C=CC(CO)C3)c2n1	Weight	Low	-0.17037
Nc1nc(NC2CC2)c2ncn(C3C=CC(CO)C3)c2n1	Weight	Average	-0.11835
Nc1nc(NC2CC2)c2ncn(C3C=CC(CO)C3)c2n1	Weight	High	-0.20523
O=C(O)c1cc(=O)c2c3nc4ccccc4oc-3cc(=O)c2[nH]1	Sex	Male	-0.09479
O=C(O)c1cc(=O)c2c3nc4ccccc4oc-3cc(=O)c2[nH]1	Sex	Female	-0.00705
O=C(O)c1cc(=O)c2c3nc4ccccc4oc-3cc(=O)c2[nH]1	Age	Children	-0.0949
O=C(O)c1cc(=O)c2c3nc4ccccc4oc-3cc(=O)c2[nH]1	Age	Adolescent	-0.06591
O=C(O)c1cc(=O)c2c3nc4ccccc4oc-3cc(=O)c2[nH]1	Age	Adult	-0.07858
O=C(O)c1cc(=O)c2c3nc4ccccc4oc-3cc(=O)c2[nH]1	Age	Elderly	-0.1767
O=C(O)c1cc(=O)c2c3nc4ccccc4oc-3cc(=O)c2[nH]1	Weight	Low	-0.183
O=C(O)c1cc(=O)c2c3nc4ccccc4oc-3cc(=O)c2[nH]1	Weight	Average	-0.12934
O=C(O)c1cc(=O)c2c3nc4ccccc4oc-3cc(=O)c2[nH]1	Weight	High	-0.19536
OCCN1CCN(CCC=C2c3ccccc3Sc3ccc(C(F)(F)F)cc32)CC1	Sex	Male	-0.0994
OCCN1CCN(CCC=C2c3ccccc3Sc3ccc(C(F)(F)F)cc32)CC1	Sex	Female	-0.0068
OCCN1CCN(CCC=C2c3ccccc3Sc3ccc(C(F)(F)F)cc32)CC1	Age	Children	-0.07406
OCCN1CCN(CCC=C2c3ccccc3Sc3ccc(C(F)(F)F)cc32)CC1	Age	Adolescent	-0.04029
OCCN1CCN(CCC=C2c3ccccc3Sc3ccc(C(F)(F)F)cc32)CC1	Age	Adult	-0.0433
OCCN1CCN(CCC=C2c3ccccc3Sc3ccc(C(F)(F)F)cc32)CC1	Age	Elderly	-0.17086
OCCN1CCN(CCC=C2c3ccccc3Sc3ccc(C(F)(F)F)cc32)CC1	Weight	Low	-0.10063
OCCN1CCN(CCC=C2c3ccccc3Sc3ccc(C(F)(F)F)cc32)CC1	Weight	Average	-0.08698
OCCN1CCN(CCC=C2c3ccccc3Sc3ccc(C(F)(F)F)cc32)CC1	Weight	High	-0.10264
Oc1ccccc1-c1ccccc1	Sex	Male	-0.12774
Oc1ccccc1-c1ccccc1	Sex	Female	-0.01336
Oc1ccccc1-c1ccccc1	Age	Children	-0.1149
Oc1ccccc1-c1ccccc1	Age	Adolescent	-0.06449
Oc1ccccc1-c1ccccc1	Age	Adult	-0.07413
Oc1ccccc1-c1ccccc1	Age	Elderly	-0.14663
Oc1ccccc1-c1ccccc1	Weight	Low	-0.09877
Oc1ccccc1-c1ccccc1	Weight	Average	-0.10255
Oc1ccccc1-c1ccccc1	Weight	High	-0.20674
CN(C)C(=O)c1cc2cnc(Nc3ccc(N4CCNCC4)cn3)nc2n1C1CCCC1	Sex	Male	-0.10995
CN(C)C(=O)c1cc2cnc(Nc3ccc(N4CCNCC4)cn3)nc2n1C1CCCC1	Sex	Female	-0.00519
CN(C)C(=O)c1cc2cnc(Nc3ccc(N4CCNCC4)cn3)nc2n1C1CCCC1	Age	Children	-0.06721
CN(C)C(=O)c1cc2cnc(Nc3ccc(N4CCNCC4)cn3)nc2n1C1CCCC1	Age	Adolescent	-0.04228
CN(C)C(=O)c1cc2cnc(Nc3ccc(N4CCNCC4)cn3)nc2n1C1CCCC1	Age	Adult	-0.04586
CN(C)C(=O)c1cc2cnc(Nc3ccc(N4CCNCC4)cn3)nc2n1C1CCCC1	Age	Elderly	-0.15958
CN(C)C(=O)c1cc2cnc(Nc3ccc(N4CCNCC4)cn3)nc2n1C1CCCC1	Weight	Low	-0.0946
CN(C)C(=O)c1cc2cnc(Nc3ccc(N4CCNCC4)cn3)nc2n1C1CCCC1	Weight	Average	-0.07918
CN(C)C(=O)c1cc2cnc(Nc3ccc(N4CCNCC4)cn3)nc2n1C1CCCC1	Weight	High	-0.10563
CNC(=O)c1ccccc1Sc1ccc2c(C=Cc3ccccn3)n[nH]c2c1	Sex	Male	-0.09588
CNC(=O)c1ccccc1Sc1ccc2c(C=Cc3ccccn3)n[nH]c2c1	Sex	Female	-0.0089
CNC(=O)c1ccccc1Sc1ccc2c(C=Cc3ccccn3)n[nH]c2c1	Age	Children	-0.10213
CNC(=O)c1ccccc1Sc1ccc2c(C=Cc3ccccn3)n[nH]c2c1	Age	Adolescent	-0.06268
CNC(=O)c1ccccc1Sc1ccc2c(C=Cc3ccccn3)n[nH]c2c1	Age	Adult	-0.05692
CNC(=O)c1ccccc1Sc1ccc2c(C=Cc3ccccn3)n[nH]c2c1	Age	Elderly	-0.15423
CNC(=O)c1ccccc1Sc1ccc2c(C=Cc3ccccn3)n[nH]c2c1	Weight	Low	-0.12776
CNC(=O)c1ccccc1Sc1ccc2c(C=Cc3ccccn3)n[nH]c2c1	Weight	Average	-0.10153
CNC(=O)c1ccccc1Sc1ccc2c(C=Cc3ccccn3)n[nH]c2c1	Weight	High	-0.16301
Cc1cc(N)c2ccccc2c1O	Sex	Male	-0.17613
Cc1cc(N)c2ccccc2c1O	Sex	Female	-0.01057
Cc1cc(N)c2ccccc2c1O	Age	Children	-0.11716
Cc1cc(N)c2ccccc2c1O	Age	Adolescent	-0.08786
Cc1cc(N)c2ccccc2c1O	Age	Adult	-0.10132
Cc1cc(N)c2ccccc2c1O	Age	Elderly	-0.22441
Cc1cc(N)c2ccccc2c1O	Weight	Low	-0.18398
Cc1cc(N)c2ccccc2c1O	Weight	Average	-0.18748
Cc1cc(N)c2ccccc2c1O	Weight	High	-0.24553
Nc1nc2ccc(OC(F)(F)F)cc2s1	Sex	Male	-0.12873
Nc1nc2ccc(OC(F)(F)F)cc2s1	Sex	Female	-0.00557
Nc1nc2ccc(OC(F)(F)F)cc2s1	Age	Children	-0.09979
Nc1nc2ccc(OC(F)(F)F)cc2s1	Age	Adolescent	-0.06368
Nc1nc2ccc(OC(F)(F)F)cc2s1	Age	Adult	-0.0715
Nc1nc2ccc(OC(F)(F)F)cc2s1	Age	Elderly	-0.17294
Nc1nc2ccc(OC(F)(F)F)cc2s1	Weight	Low	-0.1078
Nc1nc2ccc(OC(F)(F)F)cc2s1	Weight	Average	-0.1053
Nc1nc2ccc(OC(F)(F)F)cc2s1	Weight	High	-0.15447
CC(=C(CCO)SSCC1CCCO1)N(C=O)Cc1cnc(C)nc1N	Sex	Male	-0.08899
CC(=C(CCO)SSCC1CCCO1)N(C=O)Cc1cnc(C)nc1N	Sex	Female	-0.00744
CC(=C(CCO)SSCC1CCCO1)N(C=O)Cc1cnc(C)nc1N	Age	Children	-0.05992
CC(=C(CCO)SSCC1CCCO1)N(C=O)Cc1cnc(C)nc1N	Age	Adolescent	-0.04267
CC(=C(CCO)SSCC1CCCO1)N(C=O)Cc1cnc(C)nc1N	Age	Adult	-0.01832
CC(=C(CCO)SSCC1CCCO1)N(C=O)Cc1cnc(C)nc1N	Age	Elderly	-0.06485
CC(=C(CCO)SSCC1CCCO1)N(C=O)Cc1cnc(C)nc1N	Weight	Low	-0.1346
CC(=C(CCO)SSCC1CCCO1)N(C=O)Cc1cnc(C)nc1N	Weight	Average	-0.08768
CC(=C(CCO)SSCC1CCCO1)N(C=O)Cc1cnc(C)nc1N	Weight	High	-0.07687
CC(=O)c1c(C)c2cnc(Nc3ccc(N4CCNCC4)cn3)nc2n(C2CCCC2)c1=O	Sex	Male	-0.08304
CC(=O)c1c(C)c2cnc(Nc3ccc(N4CCNCC4)cn3)nc2n(C2CCCC2)c1=O	Sex	Female	-0.00769
CC(=O)c1c(C)c2cnc(Nc3ccc(N4CCNCC4)cn3)nc2n(C2CCCC2)c1=O	Age	Children	-0.06456
CC(=O)c1c(C)c2cnc(Nc3ccc(N4CCNCC4)cn3)nc2n(C2CCCC2)c1=O	Age	Adolescent	-0.0525
CC(=O)c1c(C)c2cnc(Nc3ccc(N4CCNCC4)cn3)nc2n(C2CCCC2)c1=O	Age	Adult	-0.0591
CC(=O)c1c(C)c2cnc(Nc3ccc(N4CCNCC4)cn3)nc2n(C2CCCC2)c1=O	Age	Elderly	-0.14853
CC(=O)c1c(C)c2cnc(Nc3ccc(N4CCNCC4)cn3)nc2n(C2CCCC2)c1=O	Weight	Low	-0.07154
CC(=O)c1c(C)c2cnc(Nc3ccc(N4CCNCC4)cn3)nc2n(C2CCCC2)c1=O	Weight	Average	-0.0621
CC(=O)c1c(C)c2cnc(Nc3ccc(N4CCNCC4)cn3)nc2n(C2CCCC2)c1=O	Weight	High	-0.11463
CC(CN(C)C)CN1c2ccccc2Sc2ccc(C#N)cc21	Sex	Male	-0.10837
CC(CN(C)C)CN1c2ccccc2Sc2ccc(C#N)cc21	Sex	Female	-0.00034
CC(CN(C)C)CN1c2ccccc2Sc2ccc(C#N)cc21	Age	Children	-0.0674
CC(CN(C)C)CN1c2ccccc2Sc2ccc(C#N)cc21	Age	Adolescent	-0.03757
CC(CN(C)C)CN1c2ccccc2Sc2ccc(C#N)cc21	Age	Adult	-0.05098
CC(CN(C)C)CN1c2ccccc2Sc2ccc(C#N)cc21	Age	Elderly	-0.16937
CC(CN(C)C)CN1c2ccccc2Sc2ccc(C#N)cc21	Weight	Low	-0.13022
CC(CN(C)C)CN1c2ccccc2Sc2ccc(C#N)cc21	Weight	Average	-0.14393
CC(CN(C)C)CN1c2ccccc2Sc2ccc(C#N)cc21	Weight	High	-0.10526
CC1(O)CC(c2nc(-c3ccc4ccc(-c5ccccc5)nc4c3)c3c(N)nccn23)C1	Sex	Male	-0.10299
CC1(O)CC(c2nc(-c3ccc4ccc(-c5ccccc5)nc4c3)c3c(N)nccn23)C1	Sex	Female	-0.00758
CC1(O)CC(c2nc(-c3ccc4ccc(-c5ccccc5)nc4c3)c3c(N)nccn23)C1	Age	Children	-0.08165
CC1(O)CC(c2nc(-c3ccc4ccc(-c5ccccc5)nc4c3)c3c(N)nccn23)C1	Age	Adolescent	-0.05117
CC1(O)CC(c2nc(-c3ccc4ccc(-c5ccccc5)nc4c3)c3c(N)nccn23)C1	Age	Adult	-0.04023
CC1(O)CC(c2nc(-c3ccc4ccc(-c5ccccc5)nc4c3)c3c(N)nccn23)C1	Age	Elderly	-0.10517
CC1(O)CC(c2nc(-c3ccc4ccc(-c5ccccc5)nc4c3)c3c(N)nccn23)C1	Weight	Low	-0.14693
CC1(O)CC(c2nc(-c3ccc4ccc(-c5ccccc5)nc4c3)c3c(N)nccn23)C1	Weight	Average	-0.0953
CC1(O)CC(c2nc(-c3ccc4ccc(-c5ccccc5)nc4c3)c3c(N)nccn23)C1	Weight	High	-0.15294
CC1CN(C(=O)c2ccc(NC(=O)c3cc(OC(C)c4c(Cl)ccc(F)c4Cl)c(N)nn3)cc2)CC(C)N1	Sex	Male	-0.0942
CC1CN(C(=O)c2ccc(NC(=O)c3cc(OC(C)c4c(Cl)ccc(F)c4Cl)c(N)nn3)cc2)CC(C)N1	Sex	Female	-0.00562
CC1CN(C(=O)c2ccc(NC(=O)c3cc(OC(C)c4c(Cl)ccc(F)c4Cl)c(N)nn3)cc2)CC(C)N1	Age	Children	-0.09469
CC1CN(C(=O)c2ccc(NC(=O)c3cc(OC(C)c4c(Cl)ccc(F)c4Cl)c(N)nn3)cc2)CC(C)N1	Age	Adolescent	-0.05759
CC1CN(C(=O)c2ccc(NC(=O)c3cc(OC(C)c4c(Cl)ccc(F)c4Cl)c(N)nn3)cc2)CC(C)N1	Age	Adult	-0.05677
CC1CN(C(=O)c2ccc(NC(=O)c3cc(OC(C)c4c(Cl)ccc(F)c4Cl)c(N)nn3)cc2)CC(C)N1	Age	Elderly	-0.08995
CC1CN(C(=O)c2ccc(NC(=O)c3cc(OC(C)c4c(Cl)ccc(F)c4Cl)c(N)nn3)cc2)CC(C)N1	Weight	Low	-0.10426
CC1CN(C(=O)c2ccc(NC(=O)c3cc(OC(C)c4c(Cl)ccc(F)c4Cl)c(N)nn3)cc2)CC(C)N1	Weight	Average	-0.07624
CC1CN(C(=O)c2ccc(NC(=O)c3cc(OC(C)c4c(Cl)ccc(F)c4Cl)c(N)nn3)cc2)CC(C)N1	Weight	High	-0.13795
CC1NCCOC1c1cccc(F)c1	Sex	Male	-0.1254
CC1NCCOC1c1cccc(F)c1	Sex	Female	-0.00818
CC1NCCOC1c1cccc(F)c1	Age	Children	-0.10518
CC1NCCOC1c1cccc(F)c1	Age	Adolescent	-0.06447
CC1NCCOC1c1cccc(F)c1	Age	Adult	-0.0422
CC1NCCOC1c1cccc(F)c1	Age	Elderly	-0.19273
CC1NCCOC1c1cccc(F)c1	Weight	Low	-0.17623
CC1NCCOC1c1cccc(F)c1	Weight	Average	-0.15334
CC1NCCOC1c1cccc(F)c1	Weight	High	-0.23347
CC=C1C2C=C(C)CC1(N)c1ccc(=O)[nH]c1C2	Sex	Male	-0.07811
CC=C1C2C=C(C)CC1(N)c1ccc(=O)[nH]c1C2	Sex	Female	-0.00748
CC=C1C2C=C(C)CC1(N)c1ccc(=O)[nH]c1C2	Age	Children	-0.09983
CC=C1C2C=C(C)CC1(N)c1ccc(=O)[nH]c1C2	Age	Adolescent	-0.07299
CC=C1C2C=C(C)CC1(N)c1ccc(=O)[nH]c1C2	Age	Adult	-0.0978
CC=C1C2C=C(C)CC1(N)c1ccc(=O)[nH]c1C2	Age	Elderly	-0.18496
CC=C1C2C=C(C)CC1(N)c1ccc(=O)[nH]c1C2	Weight	Low	-0.21107
CC=C1C2C=C(C)CC1(N)c1ccc(=O)[nH]c1C2	Weight	Average	-0.16046
CC=C1C2C=C(C)CC1(N)c1ccc(=O)[nH]c1C2	Weight	High	-0.20639
CCc1c2c(nc3ccc(OC(=O)N4CCC(N5CCCCC5)CC4)cc13)-c1cc3c(c(=O)n1C2)COC(=O)C3(O)CC	Sex	Male	-0.0757
CCc1c2c(nc3ccc(OC(=O)N4CCC(N5CCCCC5)CC4)cc13)-c1cc3c(c(=O)n1C2)COC(=O)C3(O)CC	Sex	Female	-0.00536
CCc1c2c(nc3ccc(OC(=O)N4CCC(N5CCCCC5)CC4)cc13)-c1cc3c(c(=O)n1C2)COC(=O)C3(O)CC	Age	Children	-0.07397
CCc1c2c(nc3ccc(OC(=O)N4CCC(N5CCCCC5)CC4)cc13)-c1cc3c(c(=O)n1C2)COC(=O)C3(O)CC	Age	Adolescent	-0.04648
CCc1c2c(nc3ccc(OC(=O)N4CCC(N5CCCCC5)CC4)cc13)-c1cc3c(c(=O)n1C2)COC(=O)C3(O)CC	Age	Adult	-0.05293
CCc1c2c(nc3ccc(OC(=O)N4CCC(N5CCCCC5)CC4)cc13)-c1cc3c(c(=O)n1C2)COC(=O)C3(O)CC	Age	Elderly	-0.15656
CCc1c2c(nc3ccc(OC(=O)N4CCC(N5CCCCC5)CC4)cc13)-c1cc3c(c(=O)n1C2)COC(=O)C3(O)CC	Weight	Low	-0.13932
CCc1c2c(nc3ccc(OC(=O)N4CCC(N5CCCCC5)CC4)cc13)-c1cc3c(c(=O)n1C2)COC(=O)C3(O)CC	Weight	Average	-0.09407
CCc1c2c(nc3ccc(OC(=O)N4CCC(N5CCCCC5)CC4)cc13)-c1cc3c(c(=O)n1C2)COC(=O)C3(O)CC	Weight	High	-0.13254
CN(C)CCCN1c2ccccc2Sc2ccc(C(F)(F)F)cc21	Sex	Male	-0.14138
CN(C)CCCN1c2ccccc2Sc2ccc(C(F)(F)F)cc21	Sex	Female	-0.00121
CN(C)CCCN1c2ccccc2Sc2ccc(C(F)(F)F)cc21	Age	Children	-0.05804
CN(C)CCCN1c2ccccc2Sc2ccc(C(F)(F)F)cc21	Age	Adolescent	-0.03467
CN(C)CCCN1c2ccccc2Sc2ccc(C(F)(F)F)cc21	Age	Adult	-0.05142
CN(C)CCCN1c2ccccc2Sc2ccc(C(F)(F)F)cc21	Age	Elderly	-0.1471
CN(C)CCCN1c2ccccc2Sc2ccc(C(F)(F)F)cc21	Weight	Low	-0.11907
CN(C)CCCN1c2ccccc2Sc2ccc(C(F)(F)F)cc21	Weight	Average	-0.12057
CN(C)CCCN1c2ccccc2Sc2ccc(C(F)(F)F)cc21	Weight	High	-0.06752
CN1CC(=O)N2C(Cc3c([nH]c4ccccc34)C2c2ccc3c(c2)OCO3)C1=O	Sex	Male	-0.12385
CN1CC(=O)N2C(Cc3c([nH]c4ccccc34)C2c2ccc3c(c2)OCO3)C1=O	Sex	Female	-0.00557
CN1CC(=O)N2C(Cc3c([nH]c4ccccc34)C2c2ccc3c(c2)OCO3)C1=O	Age	Children	-0.09807
CN1CC(=O)N2C(Cc3c([nH]c4ccccc34)C2c2ccc3c(c2)OCO3)C1=O	Age	Adolescent	-0.06679
CN1CC(=O)N2C(Cc3c([nH]c4ccccc34)C2c2ccc3c(c2)OCO3)C1=O	Age	Adult	-0.05176
CN1CC(=O)N2C(Cc3c([nH]c4ccccc34)C2c2ccc3c(c2)OCO3)C1=O	Age	Elderly	-0.25229
CN1CC(=O)N2C(Cc3c([nH]c4ccccc34)C2c2ccc3c(c2)OCO3)C1=O	Weight	Low	-0.23966
CN1CC(=O)N2C(Cc3c([nH]c4ccccc34)C2c2ccc3c(c2)OCO3)C1=O	Weight	Average	-0.19394
CN1CC(=O)N2C(Cc3c([nH]c4ccccc34)C2c2ccc3c(c2)OCO3)C1=O	Weight	High	-0.24634
CNCCC(Oc1cccc2ccccc12)c1cccs1	Sex	Male	-0.11331
CNCCC(Oc1cccc2ccccc12)c1cccs1	Sex	Female	-0.00541
CNCCC(Oc1cccc2ccccc12)c1cccs1	Age	Children	-0.08607
CNCCC(Oc1cccc2ccccc12)c1cccs1	Age	Adolescent	-0.04755
CNCCC(Oc1cccc2ccccc12)c1cccs1	Age	Adult	-0.04155
CNCCC(Oc1cccc2ccccc12)c1cccs1	Age	Elderly	-0.15653
CNCCC(Oc1cccc2ccccc12)c1cccs1	Weight	Low	-0.13287
CNCCC(Oc1cccc2ccccc12)c1cccs1	Weight	Average	-0.0878
CNCCC(Oc1cccc2ccccc12)c1cccs1	Weight	High	-0.12588
CON=C(C(=O)NC1C(=O)N2C(C(=O)O)=C(C)CSC12)c1csc(N)n1	Sex	Male	-0.11583
CON=C(C(=O)NC1C(=O)N2C(C(=O)O)=C(C)CSC12)c1csc(N)n1	Sex	Female	-0.00562
CON=C(C(=O)NC1C(=O)N2C(C(=O)O)=C(C)CSC12)c1csc(N)n1	Age	Children	-0.09221
CON=C(C(=O)NC1C(=O)N2C(C(=O)O)=C(C)CSC12)c1csc(N)n1	Age	Adolescent	-0.05502
CON=C(C(=O)NC1C(=O)N2C(C(=O)O)=C(C)CSC12)c1csc(N)n1	Age	Adult	-0.02697
CON=C(C(=O)NC1C(=O)N2C(C(=O)O)=C(C)CSC12)c1csc(N)n1	Age	Elderly	-0.21505
CON=C(C(=O)NC1C(=O)N2C(C(=O)O)=C(C)CSC12)c1csc(N)n1	Weight	Low	-0.17176
CON=C(C(=O)NC1C(=O)N2C(C(=O)O)=C(C)CSC12)c1csc(N)n1	Weight	Average	-0.14496
CON=C(C(=O)NC1C(=O)N2C(C(=O)O)=C(C)CSC12)c1csc(N)n1	Weight	High	-0.16757
COc1cc(F)c(F)c(Nc2ccc(I)cc2F)c1NS(=O)(=O)C1(CC(O)CO)CC1	Sex	Male	-0.14287
COc1cc(F)c(F)c(Nc2ccc(I)cc2F)c1NS(=O)(=O)C1(CC(O)CO)CC1	Sex	Female	-0.00797
COc1cc(F)c(F)c(Nc2ccc(I)cc2F)c1NS(=O)(=O)C1(CC(O)CO)CC1	Age	Children	-0.10354
COc1cc(F)c(F)c(Nc2ccc(I)cc2F)c1NS(=O)(=O)C1(CC(O)CO)CC1	Age	Adolescent	-0.07467
COc1cc(F)c(F)c(Nc2ccc(I)cc2F)c1NS(=O)(=O)C1(CC(O)CO)CC1	Age	Adult	-0.06574
COc1cc(F)c(F)c(Nc2ccc(I)cc2F)c1NS(=O)(=O)C1(CC(O)CO)CC1	Age	Elderly	-0.15478
COc1cc(F)c(F)c(Nc2ccc(I)cc2F)c1NS(=O)(=O)C1(CC(O)CO)CC1	Weight	Low	-0.17125
COc1cc(F)c(F)c(Nc2ccc(I)cc2F)c1NS(=O)(=O)C1(CC(O)CO)CC1	Weight	Average	-0.10566
COc1cc(F)c(F)c(Nc2ccc(I)cc2F)c1NS(=O)(=O)C1(CC(O)CO)CC1	Weight	High	-0.18175
COc1cc2c(Oc3ccc4[nH]c(C)cc4c3F)ncnc2cc1OCCCN1CCCC1	Sex	Male	-0.13857
COc1cc2c(Oc3ccc4[nH]c(C)cc4c3F)ncnc2cc1OCCCN1CCCC1	Sex	Female	-0.00615
COc1cc2c(Oc3ccc4[nH]c(C)cc4c3F)ncnc2cc1OCCCN1CCCC1	Age	Children	-0.07328
COc1cc2c(Oc3ccc4[nH]c(C)cc4c3F)ncnc2cc1OCCCN1CCCC1	Age	Adolescent	-0.0473
COc1cc2c(Oc3ccc4[nH]c(C)cc4c3F)ncnc2cc1OCCCN1CCCC1	Age	Adult	-0.06938
COc1cc2c(Oc3ccc4[nH]c(C)cc4c3F)ncnc2cc1OCCCN1CCCC1	Age	Elderly	-0.15461
COc1cc2c(Oc3ccc4[nH]c(C)cc4c3F)ncnc2cc1OCCCN1CCCC1	Weight	Low	-0.149
COc1cc2c(Oc3ccc4[nH]c(C)cc4c3F)ncnc2cc1OCCCN1CCCC1	Weight	Average	-0.06362
COc1cc2c(Oc3ccc4[nH]c(C)cc4c3F)ncnc2cc1OCCCN1CCCC1	Weight	High	-0.12695
Cc1cc(C)c(NC(=O)CN(CC(=O)O)CC(=O)O)c(C)c1Br	Sex	Male	-0.12648
Cc1cc(C)c(NC(=O)CN(CC(=O)O)CC(=O)O)c(C)c1Br	Sex	Female	-0.00241
Cc1cc(C)c(NC(=O)CN(CC(=O)O)CC(=O)O)c(C)c1Br	Age	Children	-0.08033
Cc1cc(C)c(NC(=O)CN(CC(=O)O)CC(=O)O)c(C)c1Br	Age	Adolescent	-0.05741
Cc1cc(C)c(NC(=O)CN(CC(=O)O)CC(=O)O)c(C)c1Br	Age	Adult	-0.04525
Cc1cc(C)c(NC(=O)CN(CC(=O)O)CC(=O)O)c(C)c1Br	Age	Elderly	-0.13648
Cc1cc(C)c(NC(=O)CN(CC(=O)O)CC(=O)O)c(C)c1Br	Weight	Low	-0.14852
Cc1cc(C)c(NC(=O)CN(CC(=O)O)CC(=O)O)c(C)c1Br	Weight	Average	-0.1325
Cc1cc(C)c(NC(=O)CN(CC(=O)O)CC(=O)O)c(C)c1Br	Weight	High	-0.15098
Cc1ccnc(NS(=O)(=O)c2ccc(N)cc2)n1	Sex	Male	-0.14702
Cc1ccnc(NS(=O)(=O)c2ccc(N)cc2)n1	Sex	Female	-0.00833
Cc1ccnc(NS(=O)(=O)c2ccc(N)cc2)n1	Age	Children	-0.10992
Cc1ccnc(NS(=O)(=O)c2ccc(N)cc2)n1	Age	Adolescent	-0.08025
Cc1ccnc(NS(=O)(=O)c2ccc(N)cc2)n1	Age	Adult	-0.07204
Cc1ccnc(NS(=O)(=O)c2ccc(N)cc2)n1	Age	Elderly	-0.26598
Cc1ccnc(NS(=O)(=O)c2ccc(N)cc2)n1	Weight	Low	-0.15595
Cc1ccnc(NS(=O)(=O)c2ccc(N)cc2)n1	Weight	Average	-0.17214
Cc1ccnc(NS(=O)(=O)c2ccc(N)cc2)n1	Weight	High	-0.21083
Cc1nc(NC(=O)N2CCCC2C(N)=O)sc1-c1ccnc(C(C)(C)C(F)(F)F)c1	Sex	Male	-0.11256
Cc1nc(NC(=O)N2CCCC2C(N)=O)sc1-c1ccnc(C(C)(C)C(F)(F)F)c1	Sex	Female	-0.00893
Cc1nc(NC(=O)N2CCCC2C(N)=O)sc1-c1ccnc(C(C)(C)C(F)(F)F)c1	Age	Children	-0.10801
Cc1nc(NC(=O)N2CCCC2C(N)=O)sc1-c1ccnc(C(C)(C)C(F)(F)F)c1	Age	Adolescent	-0.08454
Cc1nc(NC(=O)N2CCCC2C(N)=O)sc1-c1ccnc(C(C)(C)C(F)(F)F)c1	Age	Adult	-0.08545
Cc1nc(NC(=O)N2CCCC2C(N)=O)sc1-c1ccnc(C(C)(C)C(F)(F)F)c1	Age	Elderly	-0.11127
Cc1nc(NC(=O)N2CCCC2C(N)=O)sc1-c1ccnc(C(C)(C)C(F)(F)F)c1	Weight	Low	-0.15119
Cc1nc(NC(=O)N2CCCC2C(N)=O)sc1-c1ccnc(C(C)(C)C(F)(F)F)c1	Weight	Average	-0.1424
Cc1nc(NC(=O)N2CCCC2C(N)=O)sc1-c1ccnc(C(C)(C)C(F)(F)F)c1	Weight	High	-0.18581
Cc1ncsc1CCCl	Sex	Male	-0.12578
Cc1ncsc1CCCl	Sex	Female	-0.00588
Cc1ncsc1CCCl	Age	Children	-0.09301
Cc1ncsc1CCCl	Age	Adolescent	-0.06258
Cc1ncsc1CCCl	Age	Adult	-0.06682
Cc1ncsc1CCCl	Age	Elderly	-0.15254
Cc1ncsc1CCCl	Weight	Low	-0.12354
Cc1ncsc1CCCl	Weight	Average	-0.12657
Cc1ncsc1CCCl	Weight	High	-0.15391
Cn1cc2cc(C(F)(F)c3nnc4ccc(-c5cnn(C6CC6)c5)nn34)c(F)cc2n1	Sex	Male	-0.12307
Cn1cc2cc(C(F)(F)c3nnc4ccc(-c5cnn(C6CC6)c5)nn34)c(F)cc2n1	Sex	Female	-0.00835
Cn1cc2cc(C(F)(F)c3nnc4ccc(-c5cnn(C6CC6)c5)nn34)c(F)cc2n1	Age	Children	-0.07044
Cn1cc2cc(C(F)(F)c3nnc4ccc(-c5cnn(C6CC6)c5)nn34)c(F)cc2n1	Age	Adolescent	-0.05473
Cn1cc2cc(C(F)(F)c3nnc4ccc(-c5cnn(C6CC6)c5)nn34)c(F)cc2n1	Age	Adult	-0.0345
Cn1cc2cc(C(F)(F)c3nnc4ccc(-c5cnn(C6CC6)c5)nn34)c(F)cc2n1	Age	Elderly	-0.1775
Cn1cc2cc(C(F)(F)c3nnc4ccc(-c5cnn(C6CC6)c5)nn34)c(F)cc2n1	Weight	Low	-0.09221
Cn1cc2cc(C(F)(F)c3nnc4ccc(-c5cnn(C6CC6)c5)nn34)c(F)cc2n1	Weight	Average	-0.07202
Cn1cc2cc(C(F)(F)c3nnc4ccc(-c5cnn(C6CC6)c5)nn34)c(F)cc2n1	Weight	High	-0.16385
Cn1nccc1Nc1nccc(-c2ccn(C(CO)c3ccc(Cl)c(F)c3)c(=O)c2)n1	Sex	Male	-0.12189
Cn1nccc1Nc1nccc(-c2ccn(C(CO)c3ccc(Cl)c(F)c3)c(=O)c2)n1	Sex	Female	-0.0037
Cn1nccc1Nc1nccc(-c2ccn(C(CO)c3ccc(Cl)c(F)c3)c(=O)c2)n1	Age	Children	-0.06364
Cn1nccc1Nc1nccc(-c2ccn(C(CO)c3ccc(Cl)c(F)c3)c(=O)c2)n1	Age	Adolescent	-0.04432
Cn1nccc1Nc1nccc(-c2ccn(C(CO)c3ccc(Cl)c(F)c3)c(=O)c2)n1	Age	Adult	-0.03778
Cn1nccc1Nc1nccc(-c2ccn(C(CO)c3ccc(Cl)c(F)c3)c(=O)c2)n1	Age	Elderly	-0.13854
Cn1nccc1Nc1nccc(-c2ccn(C(CO)c3ccc(Cl)c(F)c3)c(=O)c2)n1	Weight	Low	-0.08053
Cn1nccc1Nc1nccc(-c2ccn(C(CO)c3ccc(Cl)c(F)c3)c(=O)c2)n1	Weight	Average	-0.0484
Cn1nccc1Nc1nccc(-c2ccn(C(CO)c3ccc(Cl)c(F)c3)c(=O)c2)n1	Weight	High	-0.11657
FCOC(C(F)(F)F)C(F)(F)F	Sex	Male	-0.0913
FCOC(C(F)(F)F)C(F)(F)F	Sex	Female	-0.01067
FCOC(C(F)(F)F)C(F)(F)F	Age	Children	-0.10343
FCOC(C(F)(F)F)C(F)(F)F	Age	Adolescent	-0.07952
FCOC(C(F)(F)F)C(F)(F)F	Age	Adult	-0.05157
FCOC(C(F)(F)F)C(F)(F)F	Age	Elderly	-0.15876
FCOC(C(F)(F)F)C(F)(F)F	Weight	Low	-0.15209
FCOC(C(F)(F)F)C(F)(F)F	Weight	Average	-0.12097
FCOC(C(F)(F)F)C(F)(F)F	Weight	High	-0.15102
N#Cc1ccc2[nH]cc(CCCCN3CCN(c4ccc5oc(C(N)=O)cc5c4)CC3)c2c1	Sex	Male	-0.11117
N#Cc1ccc2[nH]cc(CCCCN3CCN(c4ccc5oc(C(N)=O)cc5c4)CC3)c2c1	Sex	Female	-0.00602
N#Cc1ccc2[nH]cc(CCCCN3CCN(c4ccc5oc(C(N)=O)cc5c4)CC3)c2c1	Age	Children	-0.09215
N#Cc1ccc2[nH]cc(CCCCN3CCN(c4ccc5oc(C(N)=O)cc5c4)CC3)c2c1	Age	Adolescent	-0.04991
N#Cc1ccc2[nH]cc(CCCCN3CCN(c4ccc5oc(C(N)=O)cc5c4)CC3)c2c1	Age	Adult	-0.03646
N#Cc1ccc2[nH]cc(CCCCN3CCN(c4ccc5oc(C(N)=O)cc5c4)CC3)c2c1	Age	Elderly	-0.11893
N#Cc1ccc2[nH]cc(CCCCN3CCN(c4ccc5oc(C(N)=O)cc5c4)CC3)c2c1	Weight	Low	-0.1727
N#Cc1ccc2[nH]cc(CCCCN3CCN(c4ccc5oc(C(N)=O)cc5c4)CC3)c2c1	Weight	Average	-0.13657
N#Cc1ccc2[nH]cc(CCCCN3CCN(c4ccc5oc(C(N)=O)cc5c4)CC3)c2c1	Weight	High	-0.15932
NC1c2cccnc2C(OC(=O)N2CCC(n3c(=O)[nH]c4ncccc43)CC2)CCC1c1cccc(F)c1F	Sex	Male	-0.06304
NC1c2cccnc2C(OC(=O)N2CCC(n3c(=O)[nH]c4ncccc43)CC2)CCC1c1cccc(F)c1F	Sex	Female	-0.0059
NC1c2cccnc2C(OC(=O)N2CCC(n3c(=O)[nH]c4ncccc43)CC2)CCC1c1cccc(F)c1F	Age	Children	-0.08818
NC1c2cccnc2C(OC(=O)N2CCC(n3c(=O)[nH]c4ncccc43)CC2)CCC1c1cccc(F)c1F	Age	Adolescent	-0.0541
NC1c2cccnc2C(OC(=O)N2CCC(n3c(=O)[nH]c4ncccc43)CC2)CCC1c1cccc(F)c1F	Age	Adult	-0.05851
NC1c2cccnc2C(OC(=O)N2CCC(n3c(=O)[nH]c4ncccc43)CC2)CCC1c1cccc(F)c1F	Age	Elderly	-0.14189
NC1c2cccnc2C(OC(=O)N2CCC(n3c(=O)[nH]c4ncccc43)CC2)CCC1c1cccc(F)c1F	Weight	Low	-0.12142
NC1c2cccnc2C(OC(=O)N2CCC(n3c(=O)[nH]c4ncccc43)CC2)CCC1c1cccc(F)c1F	Weight	Average	-0.10545
NC1c2cccnc2C(OC(=O)N2CCC(n3c(=O)[nH]c4ncccc43)CC2)CCC1c1cccc(F)c1F	Weight	High	-0.16847
NS(=O)(=O)c1cc2c(cc1Cl)NC(CSCC(F)(F)F)NS2(=O)=O	Sex	Male	-0.13972
NS(=O)(=O)c1cc2c(cc1Cl)NC(CSCC(F)(F)F)NS2(=O)=O	Sex	Female	-0.00772
NS(=O)(=O)c1cc2c(cc1Cl)NC(CSCC(F)(F)F)NS2(=O)=O	Age	Children	-0.09977
NS(=O)(=O)c1cc2c(cc1Cl)NC(CSCC(F)(F)F)NS2(=O)=O	Age	Adolescent	-0.06808
NS(=O)(=O)c1cc2c(cc1Cl)NC(CSCC(F)(F)F)NS2(=O)=O	Age	Adult	-0.05823
NS(=O)(=O)c1cc2c(cc1Cl)NC(CSCC(F)(F)F)NS2(=O)=O	Age	Elderly	-0.1803
NS(=O)(=O)c1cc2c(cc1Cl)NC(CSCC(F)(F)F)NS2(=O)=O	Weight	Low	-0.17901
NS(=O)(=O)c1cc2c(cc1Cl)NC(CSCC(F)(F)F)NS2(=O)=O	Weight	Average	-0.15595
NS(=O)(=O)c1cc2c(cc1Cl)NC(CSCC(F)(F)F)NS2(=O)=O	Weight	High	-0.18542
O=[N+]([O-])OCC(CO[N+](=O)[O-])O[N+](=O)[O-]	Sex	Male	-0.0549
O=[N+]([O-])OCC(CO[N+](=O)[O-])O[N+](=O)[O-]	Sex	Female	-0.00175
O=[N+]([O-])OCC(CO[N+](=O)[O-])O[N+](=O)[O-]	Age	Children	-0.06119
O=[N+]([O-])OCC(CO[N+](=O)[O-])O[N+](=O)[O-]	Age	Adolescent	-0.0371
O=[N+]([O-])OCC(CO[N+](=O)[O-])O[N+](=O)[O-]	Age	Adult	-0.01328
O=[N+]([O-])OCC(CO[N+](=O)[O-])O[N+](=O)[O-]	Age	Elderly	-0.12826
O=[N+]([O-])OCC(CO[N+](=O)[O-])O[N+](=O)[O-]	Weight	Low	-0.10585
O=[N+]([O-])OCC(CO[N+](=O)[O-])O[N+](=O)[O-]	Weight	Average	-0.1043
O=[N+]([O-])OCC(CO[N+](=O)[O-])O[N+](=O)[O-]	Weight	High	-0.10915
O=[N+]([O-])c1ccc(O)c2ncccc12	Sex	Male	-0.099
O=[N+]([O-])c1ccc(O)c2ncccc12	Sex	Female	-0.00834
O=[N+]([O-])c1ccc(O)c2ncccc12	Age	Children	-0.0977
O=[N+]([O-])c1ccc(O)c2ncccc12	Age	Adolescent	-0.06285
O=[N+]([O-])c1ccc(O)c2ncccc12	Age	Adult	-0.06996
O=[N+]([O-])c1ccc(O)c2ncccc12	Age	Elderly	-0.23008
O=[N+]([O-])c1ccc(O)c2ncccc12	Weight	Low	-0.12655
O=[N+]([O-])c1ccc(O)c2ncccc12	Weight	Average	-0.16704
O=[N+]([O-])c1ccc(O)c2ncccc12	Weight	High	-0.18335
O=c1c(O)c(-c2ccc(O)cc2O)oc2cc(O)cc(O)c12	Sex	Male	-0.07578
O=c1c(O)c(-c2ccc(O)cc2O)oc2cc(O)cc(O)c12	Sex	Female	-0.00811
O=c1c(O)c(-c2ccc(O)cc2O)oc2cc(O)cc(O)c12	Age	Children	-0.09241
O=c1c(O)c(-c2ccc(O)cc2O)oc2cc(O)cc(O)c12	Age	Adolescent	-0.07997
O=c1c(O)c(-c2ccc(O)cc2O)oc2cc(O)cc(O)c12	Age	Adult	-0.06237
O=c1c(O)c(-c2ccc(O)cc2O)oc2cc(O)cc(O)c12	Age	Elderly	-0.14838
O=c1c(O)c(-c2ccc(O)cc2O)oc2cc(O)cc(O)c12	Weight	Low	-0.15764
O=c1c(O)c(-c2ccc(O)cc2O)oc2cc(O)cc(O)c12	Weight	Average	-0.13045
O=c1c(O)c(-c2ccc(O)cc2O)oc2cc(O)cc(O)c12	Weight	High	-0.1752
Oc1c(Cl)cc(Cl)c2cccnc12	Sex	Male	-0.15221
Oc1c(Cl)cc(Cl)c2cccnc12	Sex	Female	-0.00934
Oc1c(Cl)cc(Cl)c2cccnc12	Age	Children	-0.11659
Oc1c(Cl)cc(Cl)c2cccnc12	Age	Adolescent	-0.07922
Oc1c(Cl)cc(Cl)c2cccnc12	Age	Adult	-0.08303
Oc1c(Cl)cc(Cl)c2cccnc12	Age	Elderly	-0.17702
Oc1c(Cl)cc(Cl)c2cccnc12	Weight	Low	-0.14536
Oc1c(Cl)cc(Cl)c2cccnc12	Weight	Average	-0.14239
Oc1c(Cl)cc(Cl)c2cccnc12	Weight	High	-0.17899
c1ccc2[nH]c(-c3cscn3)nc2c1	Sex	Male	-0.09427
c1ccc2[nH]c(-c3cscn3)nc2c1	Sex	Female	-0.00926
c1ccc2[nH]c(-c3cscn3)nc2c1	Age	Children	-0.08647
c1ccc2[nH]c(-c3cscn3)nc2c1	Age	Adolescent	-0.04796
c1ccc2[nH]c(-c3cscn3)nc2c1	Age	Adult	-0.07081
c1ccc2[nH]c(-c3cscn3)nc2c1	Age	Elderly	-0.1828
c1ccc2[nH]c(-c3cscn3)nc2c1	Weight	Low	-0.14569
c1ccc2[nH]c(-c3cscn3)nc2c1	Weight	Average	-0.10002
c1ccc2[nH]c(-c3cscn3)nc2c1	Weight	High	-0.17573
CC(C)NCC(O)COc1cccc2[nH]c3ccccc3c12	Sex	Male	-0.13813
CC(C)NCC(O)COc1cccc2[nH]c3ccccc3c12	Sex	Female	-0.00661
CC(C)NCC(O)COc1cccc2[nH]c3ccccc3c12	Age	Children	-0.09178
CC(C)NCC(O)COc1cccc2[nH]c3ccccc3c12	Age	Adolescent	-0.06085
CC(C)NCC(O)COc1cccc2[nH]c3ccccc3c12	Age	Adult	-0.05408
CC(C)NCC(O)COc1cccc2[nH]c3ccccc3c12	Age	Elderly	-0.16268
CC(C)NCC(O)COc1cccc2[nH]c3ccccc3c12	Weight	Low	-0.15951
CC(C)NCC(O)COc1cccc2[nH]c3ccccc3c12	Weight	Average	-0.1013
CC(C)NCC(O)COc1cccc2[nH]c3ccccc3c12	Weight	High	-0.18134
Cc1c(F)cccc1NC(=O)Nc1ccc(Cl)c(S(=O)(=O)C2CCCNC2)c1O	Sex	Male	-0.13406
Cc1c(F)cccc1NC(=O)Nc1ccc(Cl)c(S(=O)(=O)C2CCCNC2)c1O	Sex	Female	-0.01337
Cc1c(F)cccc1NC(=O)Nc1ccc(Cl)c(S(=O)(=O)C2CCCNC2)c1O	Age	Children	-0.09416
Cc1c(F)cccc1NC(=O)Nc1ccc(Cl)c(S(=O)(=O)C2CCCNC2)c1O	Age	Adolescent	-0.05913
Cc1c(F)cccc1NC(=O)Nc1ccc(Cl)c(S(=O)(=O)C2CCCNC2)c1O	Age	Adult	-0.07027
Cc1c(F)cccc1NC(=O)Nc1ccc(Cl)c(S(=O)(=O)C2CCCNC2)c1O	Age	Elderly	-0.11023
Cc1c(F)cccc1NC(=O)Nc1ccc(Cl)c(S(=O)(=O)C2CCCNC2)c1O	Weight	Low	-0.12441
Cc1c(F)cccc1NC(=O)Nc1ccc(Cl)c(S(=O)(=O)C2CCCNC2)c1O	Weight	Average	-0.09075
Cc1c(F)cccc1NC(=O)Nc1ccc(Cl)c(S(=O)(=O)C2CCCNC2)c1O	Weight	High	-0.14085
CN(C)c1ccc2nc3ccc(=[N+](C)C)cc-3sc2c1	Sex	Male	-0.11362
CN(C)c1ccc2nc3ccc(=[N+](C)C)cc-3sc2c1	Sex	Female	-0.00908
CN(C)c1ccc2nc3ccc(=[N+](C)C)cc-3sc2c1	Age	Children	-0.08172
CN(C)c1ccc2nc3ccc(=[N+](C)C)cc-3sc2c1	Age	Adolescent	-0.05569
CN(C)c1ccc2nc3ccc(=[N+](C)C)cc-3sc2c1	Age	Adult	-0.04309
CN(C)c1ccc2nc3ccc(=[N+](C)C)cc-3sc2c1	Age	Elderly	-0.14405
CN(C)c1ccc2nc3ccc(=[N+](C)C)cc-3sc2c1	Weight	Low	-0.15941
CN(C)c1ccc2nc3ccc(=[N+](C)C)cc-3sc2c1	Weight	Average	-0.1227
CN(C)c1ccc2nc3ccc(=[N+](C)C)cc-3sc2c1	Weight	High	-0.18239
Cn1c(=O)n(-c2ccc(C(C)(C)C#N)cc2)c2c3cc(-c4cnc5ccccc5c4)ccc3ncc21	Sex	Male	-0.1185
Cn1c(=O)n(-c2ccc(C(C)(C)C#N)cc2)c2c3cc(-c4cnc5ccccc5c4)ccc3ncc21	Sex	Female	-0.00246
Cn1c(=O)n(-c2ccc(C(C)(C)C#N)cc2)c2c3cc(-c4cnc5ccccc5c4)ccc3ncc21	Age	Children	-0.11361
Cn1c(=O)n(-c2ccc(C(C)(C)C#N)cc2)c2c3cc(-c4cnc5ccccc5c4)ccc3ncc21	Age	Adolescent	-0.08586
Cn1c(=O)n(-c2ccc(C(C)(C)C#N)cc2)c2c3cc(-c4cnc5ccccc5c4)ccc3ncc21	Age	Adult	-0.08845
Cn1c(=O)n(-c2ccc(C(C)(C)C#N)cc2)c2c3cc(-c4cnc5ccccc5c4)ccc3ncc21	Age	Elderly	-0.15392
Cn1c(=O)n(-c2ccc(C(C)(C)C#N)cc2)c2c3cc(-c4cnc5ccccc5c4)ccc3ncc21	Weight	Low	-0.1918
Cn1c(=O)n(-c2ccc(C(C)(C)C#N)cc2)c2c3cc(-c4cnc5ccccc5c4)ccc3ncc21	Weight	Average	-0.16464
Cn1c(=O)n(-c2ccc(C(C)(C)C#N)cc2)c2c3cc(-c4cnc5ccccc5c4)ccc3ncc21	Weight	High	-0.24018
FC(F)(F)C(F)(F)C(F)(F)F	Sex	Male	-0.10789
FC(F)(F)C(F)(F)C(F)(F)F	Sex	Female	-0.01105
FC(F)(F)C(F)(F)C(F)(F)F	Age	Children	-0.08767
FC(F)(F)C(F)(F)C(F)(F)F	Age	Adolescent	-0.06592
FC(F)(F)C(F)(F)C(F)(F)F	Age	Adult	-0.05386
FC(F)(F)C(F)(F)C(F)(F)F	Age	Elderly	-0.14042
FC(F)(F)C(F)(F)C(F)(F)F	Weight	Low	-0.16784
FC(F)(F)C(F)(F)C(F)(F)F	Weight	Average	-0.13237
FC(F)(F)C(F)(F)C(F)(F)F	Weight	High	-0.18471
O=c1ccc2ccccc2o1	Sex	Male	-0.11738
O=c1ccc2ccccc2o1	Sex	Female	-0.00984
O=c1ccc2ccccc2o1	Age	Children	-0.10885
O=c1ccc2ccccc2o1	Age	Adolescent	-0.07458
O=c1ccc2ccccc2o1	Age	Adult	-0.09874
O=c1ccc2ccccc2o1	Age	Elderly	-0.23729
O=c1ccc2ccccc2o1	Weight	Low	-0.20403
O=c1ccc2ccccc2o1	Weight	Average	-0.1956
O=c1ccc2ccccc2o1	Weight	High	-0.2475
CC#CC(=O)N1CCCC1c1nc(-c2ccc(C(=O)Nc3ccccn3)cc2)c2c(N)nccn12	Sex	Male	-0.11465
CC#CC(=O)N1CCCC1c1nc(-c2ccc(C(=O)Nc3ccccn3)cc2)c2c(N)nccn12	Sex	Female	-0.00309
CC#CC(=O)N1CCCC1c1nc(-c2ccc(C(=O)Nc3ccccn3)cc2)c2c(N)nccn12	Age	Children	-0.09808
CC#CC(=O)N1CCCC1c1nc(-c2ccc(C(=O)Nc3ccccn3)cc2)c2c(N)nccn12	Age	Adolescent	-0.06935
CC#CC(=O)N1CCCC1c1nc(-c2ccc(C(=O)Nc3ccccn3)cc2)c2c(N)nccn12	Age	Adult	-0.04996
CC#CC(=O)N1CCCC1c1nc(-c2ccc(C(=O)Nc3ccccn3)cc2)c2c(N)nccn12	Age	Elderly	-0.22042
CC#CC(=O)N1CCCC1c1nc(-c2ccc(C(=O)Nc3ccccn3)cc2)c2c(N)nccn12	Weight	Low	-0.18125
CC#CC(=O)N1CCCC1c1nc(-c2ccc(C(=O)Nc3ccccn3)cc2)c2c(N)nccn12	Weight	Average	-0.14921
CC#CC(=O)N1CCCC1c1nc(-c2ccc(C(=O)Nc3ccccn3)cc2)c2c(N)nccn12	Weight	High	-0.23166
CC(C)(C)C(NC(=O)C(F)(F)F)C(=O)N1CC2C(C1C(=O)NC(C#N)CC1CCNC1=O)C2(C)C	Sex	Male	-0.12455
CC(C)(C)C(NC(=O)C(F)(F)F)C(=O)N1CC2C(C1C(=O)NC(C#N)CC1CCNC1=O)C2(C)C	Sex	Female	-0.00899
CC(C)(C)C(NC(=O)C(F)(F)F)C(=O)N1CC2C(C1C(=O)NC(C#N)CC1CCNC1=O)C2(C)C	Age	Children	-0.11353
CC(C)(C)C(NC(=O)C(F)(F)F)C(=O)N1CC2C(C1C(=O)NC(C#N)CC1CCNC1=O)C2(C)C	Age	Adolescent	-0.08135
CC(C)(C)C(NC(=O)C(F)(F)F)C(=O)N1CC2C(C1C(=O)NC(C#N)CC1CCNC1=O)C2(C)C	Age	Adult	-0.07289
CC(C)(C)C(NC(=O)C(F)(F)F)C(=O)N1CC2C(C1C(=O)NC(C#N)CC1CCNC1=O)C2(C)C	Age	Elderly	-0.22841
CC(C)(C)C(NC(=O)C(F)(F)F)C(=O)N1CC2C(C1C(=O)NC(C#N)CC1CCNC1=O)C2(C)C	Weight	Low	-0.24857
CC(C)(C)C(NC(=O)C(F)(F)F)C(=O)N1CC2C(C1C(=O)NC(C#N)CC1CCNC1=O)C2(C)C	Weight	Average	-0.19673
CC(C)(C)C(NC(=O)C(F)(F)F)C(=O)N1CC2C(C1C(=O)NC(C#N)CC1CCNC1=O)C2(C)C	Weight	High	-0.27316
CN(C)P(=O)(OCC1CNCC(n2ccc(N)nc2=O)O1)N1CCN(C(=O)OCCOCCOCCO)CC1	Sex	Male	-0.07034
CN(C)P(=O)(OCC1CNCC(n2ccc(N)nc2=O)O1)N1CCN(C(=O)OCCOCCOCCO)CC1	Sex	Female	-0.00506
CN(C)P(=O)(OCC1CNCC(n2ccc(N)nc2=O)O1)N1CCN(C(=O)OCCOCCOCCO)CC1	Age	Children	-0.04829
CN(C)P(=O)(OCC1CNCC(n2ccc(N)nc2=O)O1)N1CCN(C(=O)OCCOCCOCCO)CC1	Age	Adolescent	-0.0259
CN(C)P(=O)(OCC1CNCC(n2ccc(N)nc2=O)O1)N1CCN(C(=O)OCCOCCOCCO)CC1	Age	Adult	-0.03349
CN(C)P(=O)(OCC1CNCC(n2ccc(N)nc2=O)O1)N1CCN(C(=O)OCCOCCOCCO)CC1	Age	Elderly	-0.10934
CN(C)P(=O)(OCC1CNCC(n2ccc(N)nc2=O)O1)N1CCN(C(=O)OCCOCCOCCO)CC1	Weight	Low	-0.11012
CN(C)P(=O)(OCC1CNCC(n2ccc(N)nc2=O)O1)N1CCN(C(=O)OCCOCCOCCO)CC1	Weight	Average	-0.11652
CN(C)P(=O)(OCC1CNCC(n2ccc(N)nc2=O)O1)N1CCN(C(=O)OCCOCCOCCO)CC1	Weight	High	-0.12676
CS(=O)(=O)n1cc2c(n1)CN(C1COC(c3cc(F)ccc3F)C(N)C1)C2	Sex	Male	-0.07154
CS(=O)(=O)n1cc2c(n1)CN(C1COC(c3cc(F)ccc3F)C(N)C1)C2	Sex	Female	-0.00723
CS(=O)(=O)n1cc2c(n1)CN(C1COC(c3cc(F)ccc3F)C(N)C1)C2	Age	Children	-0.08607
CS(=O)(=O)n1cc2c(n1)CN(C1COC(c3cc(F)ccc3F)C(N)C1)C2	Age	Adolescent	-0.05185
CS(=O)(=O)n1cc2c(n1)CN(C1COC(c3cc(F)ccc3F)C(N)C1)C2	Age	Adult	-0.0299
CS(=O)(=O)n1cc2c(n1)CN(C1COC(c3cc(F)ccc3F)C(N)C1)C2	Age	Elderly	-0.17798
CS(=O)(=O)n1cc2c(n1)CN(C1COC(c3cc(F)ccc3F)C(N)C1)C2	Weight	Low	-0.10227
CS(=O)(=O)n1cc2c(n1)CN(C1COC(c3cc(F)ccc3F)C(N)C1)C2	Weight	Average	-0.15001
CS(=O)(=O)n1cc2c(n1)CN(C1COC(c3cc(F)ccc3F)C(N)C1)C2	Weight	High	-0.15818
Cc1cc(=O)oc2cc(O)ccc12	Sex	Male	-0.14589
Cc1cc(=O)oc2cc(O)ccc12	Sex	Female	-0.00859
Cc1cc(=O)oc2cc(O)ccc12	Age	Children	-0.10149
Cc1cc(=O)oc2cc(O)ccc12	Age	Adolescent	-0.07548
Cc1cc(=O)oc2cc(O)ccc12	Age	Adult	-0.08967
Cc1cc(=O)oc2cc(O)ccc12	Age	Elderly	-0.20151
Cc1cc(=O)oc2cc(O)ccc12	Weight	Low	-0.17274
Cc1cc(=O)oc2cc(O)ccc12	Weight	Average	-0.15263
Cc1cc(=O)oc2cc(O)ccc12	Weight	High	-0.26807
O=C1C2C3CCC(C3)C2C(=O)N1CC1CCCCC1CN1CCN(c2nsc3ccccc23)CC1	Sex	Male	-0.10798
O=C1C2C3CCC(C3)C2C(=O)N1CC1CCCCC1CN1CCN(c2nsc3ccccc23)CC1	Sex	Female	-0.00282
O=C1C2C3CCC(C3)C2C(=O)N1CC1CCCCC1CN1CCN(c2nsc3ccccc23)CC1	Age	Children	-0.09397
O=C1C2C3CCC(C3)C2C(=O)N1CC1CCCCC1CN1CCN(c2nsc3ccccc23)CC1	Age	Adolescent	-0.04743
O=C1C2C3CCC(C3)C2C(=O)N1CC1CCCCC1CN1CCN(c2nsc3ccccc23)CC1	Age	Adult	-0.0288
O=C1C2C3CCC(C3)C2C(=O)N1CC1CCCCC1CN1CCN(c2nsc3ccccc23)CC1	Age	Elderly	-0.16245
O=C1C2C3CCC(C3)C2C(=O)N1CC1CCCCC1CN1CCN(c2nsc3ccccc23)CC1	Weight	Low	-0.16422
O=C1C2C3CCC(C3)C2C(=O)N1CC1CCCCC1CN1CCN(c2nsc3ccccc23)CC1	Weight	Average	-0.09387
O=C1C2C3CCC(C3)C2C(=O)N1CC1CCCCC1CN1CCN(c2nsc3ccccc23)CC1	Weight	High	-0.15283
C=C1CC2CCC34CC5OC6C(OC7CCC(CC(=O)CC8C(CC9OC(CCC1O2)CC(C)C9=C)OC(CC(O)CN)C8OC)OC7C6O3)C5O4	Sex	Male	-0.03452
C=C1CC2CCC34CC5OC6C(OC7CCC(CC(=O)CC8C(CC9OC(CCC1O2)CC(C)C9=C)OC(CC(O)CN)C8OC)OC7C6O3)C5O4	Sex	Female	-0.0013
C=C1CC2CCC34CC5OC6C(OC7CCC(CC(=O)CC8C(CC9OC(CCC1O2)CC(C)C9=C)OC(CC(O)CN)C8OC)OC7C6O3)C5O4	Age	Children	-0.05703
C=C1CC2CCC34CC5OC6C(OC7CCC(CC(=O)CC8C(CC9OC(CCC1O2)CC(C)C9=C)OC(CC(O)CN)C8OC)OC7C6O3)C5O4	Age	Adolescent	-0.04556
C=C1CC2CCC34CC5OC6C(OC7CCC(CC(=O)CC8C(CC9OC(CCC1O2)CC(C)C9=C)OC(CC(O)CN)C8OC)OC7C6O3)C5O4	Age	Adult	-0.02051
C=C1CC2CCC34CC5OC6C(OC7CCC(CC(=O)CC8C(CC9OC(CCC1O2)CC(C)C9=C)OC(CC(O)CN)C8OC)OC7C6O3)C5O4	Age	Elderly	-0.0855
C=C1CC2CCC34CC5OC6C(OC7CCC(CC(=O)CC8C(CC9OC(CCC1O2)CC(C)C9=C)OC(CC(O)CN)C8OC)OC7C6O3)C5O4	Weight	Low	-0.14174
C=C1CC2CCC34CC5OC6C(OC7CCC(CC(=O)CC8C(CC9OC(CCC1O2)CC(C)C9=C)OC(CC(O)CN)C8OC)OC7C6O3)C5O4	Weight	Average	-0.09376
C=C1CC2CCC34CC5OC6C(OC7CCC(CC(=O)CC8C(CC9OC(CCC1O2)CC(C)C9=C)OC(CC(O)CN)C8OC)OC7C6O3)C5O4	Weight	High	-0.11904
CC(=O)Nc1c(I)c(C(=O)O)c(I)c(C(=O)NCCO)c1I	Sex	Male	-0.11151
CC(=O)Nc1c(I)c(C(=O)O)c(I)c(C(=O)NCCO)c1I	Sex	Female	-0.0048
CC(=O)Nc1c(I)c(C(=O)O)c(I)c(C(=O)NCCO)c1I	Age	Children	-0.09509
CC(=O)Nc1c(I)c(C(=O)O)c(I)c(C(=O)NCCO)c1I	Age	Adolescent	-0.06025
CC(=O)Nc1c(I)c(C(=O)O)c(I)c(C(=O)NCCO)c1I	Age	Adult	-0.04937
CC(=O)Nc1c(I)c(C(=O)O)c(I)c(C(=O)NCCO)c1I	Age	Elderly	-0.16151
CC(=O)Nc1c(I)c(C(=O)O)c(I)c(C(=O)NCCO)c1I	Weight	Low	-0.16617
CC(=O)Nc1c(I)c(C(=O)O)c(I)c(C(=O)NCCO)c1I	Weight	Average	-0.1189
CC(=O)Nc1c(I)c(C(=O)O)c(I)c(C(=O)NCCO)c1I	Weight	High	-0.20505
CC(C)Oc1ccc(-c2nc(-c3cccc4c3CCC4NCCO)no2)cc1C#N	Sex	Male	-0.0927
CC(C)Oc1ccc(-c2nc(-c3cccc4c3CCC4NCCO)no2)cc1C#N	Sex	Female	-0.00694
CC(C)Oc1ccc(-c2nc(-c3cccc4c3CCC4NCCO)no2)cc1C#N	Age	Children	-0.08835
CC(C)Oc1ccc(-c2nc(-c3cccc4c3CCC4NCCO)no2)cc1C#N	Age	Adolescent	-0.04747
CC(C)Oc1ccc(-c2nc(-c3cccc4c3CCC4NCCO)no2)cc1C#N	Age	Adult	-0.05147
CC(C)Oc1ccc(-c2nc(-c3cccc4c3CCC4NCCO)no2)cc1C#N	Age	Elderly	-0.20046
CC(C)Oc1ccc(-c2nc(-c3cccc4c3CCC4NCCO)no2)cc1C#N	Weight	Low	-0.15535
CC(C)Oc1ccc(-c2nc(-c3cccc4c3CCC4NCCO)no2)cc1C#N	Weight	Average	-0.10507
CC(C)Oc1ccc(-c2nc(-c3cccc4c3CCC4NCCO)no2)cc1C#N	Weight	High	-0.18336
CC(Nc1ccc2c(c1)OCCn1cc(N3C(=O)OCC3C(F)F)nc1-2)C(N)=O	Sex	Male	-0.13127
CC(Nc1ccc2c(c1)OCCn1cc(N3C(=O)OCC3C(F)F)nc1-2)C(N)=O	Sex	Female	-0.00388
CC(Nc1ccc2c(c1)OCCn1cc(N3C(=O)OCC3C(F)F)nc1-2)C(N)=O	Age	Children	-0.0984
CC(Nc1ccc2c(c1)OCCn1cc(N3C(=O)OCC3C(F)F)nc1-2)C(N)=O	Age	Adolescent	-0.05437
CC(Nc1ccc2c(c1)OCCn1cc(N3C(=O)OCC3C(F)F)nc1-2)C(N)=O	Age	Adult	-0.04276
CC(Nc1ccc2c(c1)OCCn1cc(N3C(=O)OCC3C(F)F)nc1-2)C(N)=O	Age	Elderly	-0.15966
CC(Nc1ccc2c(c1)OCCn1cc(N3C(=O)OCC3C(F)F)nc1-2)C(N)=O	Weight	Low	-0.1656
CC(Nc1ccc2c(c1)OCCn1cc(N3C(=O)OCC3C(F)F)nc1-2)C(N)=O	Weight	Average	-0.20471
CC(Nc1ccc2c(c1)OCCn1cc(N3C(=O)OCC3C(F)F)nc1-2)C(N)=O	Weight	High	-0.21455
CC(c1ccccc1)C1Nc2cc(Cl)c(S(N)(=O)=O)cc2S(=O)(=O)N1	Sex	Male	-0.08887
CC(c1ccccc1)C1Nc2cc(Cl)c(S(N)(=O)=O)cc2S(=O)(=O)N1	Sex	Female	-0.00874
CC(c1ccccc1)C1Nc2cc(Cl)c(S(N)(=O)=O)cc2S(=O)(=O)N1	Age	Children	-0.1092
CC(c1ccccc1)C1Nc2cc(Cl)c(S(N)(=O)=O)cc2S(=O)(=O)N1	Age	Adolescent	-0.06634
CC(c1ccccc1)C1Nc2cc(Cl)c(S(N)(=O)=O)cc2S(=O)(=O)N1	Age	Adult	-0.05683
CC(c1ccccc1)C1Nc2cc(Cl)c(S(N)(=O)=O)cc2S(=O)(=O)N1	Age	Elderly	-0.1884
CC(c1ccccc1)C1Nc2cc(Cl)c(S(N)(=O)=O)cc2S(=O)(=O)N1	Weight	Low	-0.17026
CC(c1ccccc1)C1Nc2cc(Cl)c(S(N)(=O)=O)cc2S(=O)(=O)N1	Weight	Average	-0.18014
CC(c1ccccc1)C1Nc2cc(Cl)c(S(N)(=O)=O)cc2S(=O)(=O)N1	Weight	High	-0.20789
CC=C(C)C(=O)OC1C(C)=CC23C(=O)C(C=C(CO)C(O)C12O)C1C(CC3C)C1(C)C	Sex	Male	-0.09754
CC=C(C)C(=O)OC1C(C)=CC23C(=O)C(C=C(CO)C(O)C12O)C1C(CC3C)C1(C)C	Sex	Female	-0.00534
CC=C(C)C(=O)OC1C(C)=CC23C(=O)C(C=C(CO)C(O)C12O)C1C(CC3C)C1(C)C	Age	Children	-0.09756
CC=C(C)C(=O)OC1C(C)=CC23C(=O)C(C=C(CO)C(O)C12O)C1C(CC3C)C1(C)C	Age	Adolescent	-0.06634
CC=C(C)C(=O)OC1C(C)=CC23C(=O)C(C=C(CO)C(O)C12O)C1C(CC3C)C1(C)C	Age	Adult	-0.05078
CC=C(C)C(=O)OC1C(C)=CC23C(=O)C(C=C(CO)C(O)C12O)C1C(CC3C)C1(C)C	Age	Elderly	-0.15344
CC=C(C)C(=O)OC1C(C)=CC23C(=O)C(C=C(CO)C(O)C12O)C1C(CC3C)C1(C)C	Weight	Low	-0.19515
CC=C(C)C(=O)OC1C(C)=CC23C(=O)C(C=C(CO)C(O)C12O)C1C(CC3C)C1(C)C	Weight	Average	-0.13183
CC=C(C)C(=O)OC1C(C)=CC23C(=O)C(C=C(CO)C(O)C12O)C1C(CC3C)C1(C)C	Weight	High	-0.21019
CCc1cc2c(cc1N1CCC(N3CCOCC3)CC1)C(C)(C)c1[nH]c3cc(C#N)ccc3c1C2=O	Sex	Male	-0.13428
CCc1cc2c(cc1N1CCC(N3CCOCC3)CC1)C(C)(C)c1[nH]c3cc(C#N)ccc3c1C2=O	Sex	Female	-0.00144
CCc1cc2c(cc1N1CCC(N3CCOCC3)CC1)C(C)(C)c1[nH]c3cc(C#N)ccc3c1C2=O	Age	Children	-0.07471
CCc1cc2c(cc1N1CCC(N3CCOCC3)CC1)C(C)(C)c1[nH]c3cc(C#N)ccc3c1C2=O	Age	Adolescent	-0.05095
CCc1cc2c(cc1N1CCC(N3CCOCC3)CC1)C(C)(C)c1[nH]c3cc(C#N)ccc3c1C2=O	Age	Adult	-0.0421
CCc1cc2c(cc1N1CCC(N3CCOCC3)CC1)C(C)(C)c1[nH]c3cc(C#N)ccc3c1C2=O	Age	Elderly	-0.13234
CCc1cc2c(cc1N1CCC(N3CCOCC3)CC1)C(C)(C)c1[nH]c3cc(C#N)ccc3c1C2=O	Weight	Low	-0.14228
CCc1cc2c(cc1N1CCC(N3CCOCC3)CC1)C(C)(C)c1[nH]c3cc(C#N)ccc3c1C2=O	Weight	Average	-0.12784
CCc1cc2c(cc1N1CCC(N3CCOCC3)CC1)C(C)(C)c1[nH]c3cc(C#N)ccc3c1C2=O	Weight	High	-0.17282
CN1CCc2nc(C(=O)NC3CC(C(=O)N(C)C)CCC3NC(=O)C(=O)Nc3ccc(Cl)cn3)sc2C1	Sex	Male	-0.11104
CN1CCc2nc(C(=O)NC3CC(C(=O)N(C)C)CCC3NC(=O)C(=O)Nc3ccc(Cl)cn3)sc2C1	Sex	Female	-0.00324
CN1CCc2nc(C(=O)NC3CC(C(=O)N(C)C)CCC3NC(=O)C(=O)Nc3ccc(Cl)cn3)sc2C1	Age	Children	-0.09398
CN1CCc2nc(C(=O)NC3CC(C(=O)N(C)C)CCC3NC(=O)C(=O)Nc3ccc(Cl)cn3)sc2C1	Age	Adolescent	-0.06287
CN1CCc2nc(C(=O)NC3CC(C(=O)N(C)C)CCC3NC(=O)C(=O)Nc3ccc(Cl)cn3)sc2C1	Age	Adult	-0.05131
CN1CCc2nc(C(=O)NC3CC(C(=O)N(C)C)CCC3NC(=O)C(=O)Nc3ccc(Cl)cn3)sc2C1	Age	Elderly	-0.24143
CN1CCc2nc(C(=O)NC3CC(C(=O)N(C)C)CCC3NC(=O)C(=O)Nc3ccc(Cl)cn3)sc2C1	Weight	Low	-0.20147
CN1CCc2nc(C(=O)NC3CC(C(=O)N(C)C)CCC3NC(=O)C(=O)Nc3ccc(Cl)cn3)sc2C1	Weight	Average	-0.18985
CN1CCc2nc(C(=O)NC3CC(C(=O)N(C)C)CCC3NC(=O)C(=O)Nc3ccc(Cl)cn3)sc2C1	Weight	High	-0.20689
CNC(=O)c1cnn(-c2nc(N)c3ncn(C4OC(CO)C(O)C4O)c3n2)c1	Sex	Male	-0.11084
CNC(=O)c1cnn(-c2nc(N)c3ncn(C4OC(CO)C(O)C4O)c3n2)c1	Sex	Female	-0.00383
CNC(=O)c1cnn(-c2nc(N)c3ncn(C4OC(CO)C(O)C4O)c3n2)c1	Age	Children	-0.09008
CNC(=O)c1cnn(-c2nc(N)c3ncn(C4OC(CO)C(O)C4O)c3n2)c1	Age	Adolescent	-0.07841
CNC(=O)c1cnn(-c2nc(N)c3ncn(C4OC(CO)C(O)C4O)c3n2)c1	Age	Adult	-0.05534
CNC(=O)c1cnn(-c2nc(N)c3ncn(C4OC(CO)C(O)C4O)c3n2)c1	Age	Elderly	-0.16438
CNC(=O)c1cnn(-c2nc(N)c3ncn(C4OC(CO)C(O)C4O)c3n2)c1	Weight	Low	-0.17417
CNC(=O)c1cnn(-c2nc(N)c3ncn(C4OC(CO)C(O)C4O)c3n2)c1	Weight	Average	-0.13185
CNC(=O)c1cnn(-c2nc(N)c3ncn(C4OC(CO)C(O)C4O)c3n2)c1	Weight	High	-0.22032
COC(=O)NC(C)CNc1nccc(-c2cn(C(C)C)nc2-c2cc(Cl)cc(NS(C)(=O)=O)c2F)n1	Sex	Male	-0.10607
COC(=O)NC(C)CNc1nccc(-c2cn(C(C)C)nc2-c2cc(Cl)cc(NS(C)(=O)=O)c2F)n1	Sex	Female	-0.00908
COC(=O)NC(C)CNc1nccc(-c2cn(C(C)C)nc2-c2cc(Cl)cc(NS(C)(=O)=O)c2F)n1	Age	Children	-0.09767
COC(=O)NC(C)CNc1nccc(-c2cn(C(C)C)nc2-c2cc(Cl)cc(NS(C)(=O)=O)c2F)n1	Age	Adolescent	-0.05605
COC(=O)NC(C)CNc1nccc(-c2cn(C(C)C)nc2-c2cc(Cl)cc(NS(C)(=O)=O)c2F)n1	Age	Adult	-0.06645
COC(=O)NC(C)CNc1nccc(-c2cn(C(C)C)nc2-c2cc(Cl)cc(NS(C)(=O)=O)c2F)n1	Age	Elderly	-0.18181
COC(=O)NC(C)CNc1nccc(-c2cn(C(C)C)nc2-c2cc(Cl)cc(NS(C)(=O)=O)c2F)n1	Weight	Low	-0.13408
COC(=O)NC(C)CNc1nccc(-c2cn(C(C)C)nc2-c2cc(Cl)cc(NS(C)(=O)=O)c2F)n1	Weight	Average	-0.11032
COC(=O)NC(C)CNc1nccc(-c2cn(C(C)C)nc2-c2cc(Cl)cc(NS(C)(=O)=O)c2F)n1	Weight	High	-0.14052
COC1COC2C(OC)COC12	Sex	Male	-0.1212
COC1COC2C(OC)COC12	Sex	Female	-0.00787
COC1COC2C(OC)COC12	Age	Children	-0.09753
COC1COC2C(OC)COC12	Age	Adolescent	-0.07497
COC1COC2C(OC)COC12	Age	Adult	-0.0481
COC1COC2C(OC)COC12	Age	Elderly	-0.22051
COC1COC2C(OC)COC12	Weight	Low	-0.16983
COC1COC2C(OC)COC12	Weight	Average	-0.20219
COC1COC2C(OC)COC12	Weight	High	-0.23839
COCC1=C(C(=O)O)N2C(=O)C(NC(=O)C(=NOC)c3csc(N)n3)C2SC1	Sex	Male	-0.07017
COCC1=C(C(=O)O)N2C(=O)C(NC(=O)C(=NOC)c3csc(N)n3)C2SC1	Sex	Female	-0.00387
COCC1=C(C(=O)O)N2C(=O)C(NC(=O)C(=NOC)c3csc(N)n3)C2SC1	Age	Children	-0.08347
COCC1=C(C(=O)O)N2C(=O)C(NC(=O)C(=NOC)c3csc(N)n3)C2SC1	Age	Adolescent	-0.05088
COCC1=C(C(=O)O)N2C(=O)C(NC(=O)C(=NOC)c3csc(N)n3)C2SC1	Age	Adult	-0.02396
COCC1=C(C(=O)O)N2C(=O)C(NC(=O)C(=NOC)c3csc(N)n3)C2SC1	Age	Elderly	-0.1826
COCC1=C(C(=O)O)N2C(=O)C(NC(=O)C(=NOC)c3csc(N)n3)C2SC1	Weight	Low	-0.14914
COCC1=C(C(=O)O)N2C(=O)C(NC(=O)C(=NOC)c3csc(N)n3)C2SC1	Weight	Average	-0.16426
COCC1=C(C(=O)O)N2C(=O)C(NC(=O)C(=NOC)c3csc(N)n3)C2SC1	Weight	High	-0.12986
COc1cc(N)cn[n+]1-c1ccccc1	Sex	Male	-0.14555
COc1cc(N)cn[n+]1-c1ccccc1	Sex	Female	-0.00803
COc1cc(N)cn[n+]1-c1ccccc1	Age	Children	-0.10442
COc1cc(N)cn[n+]1-c1ccccc1	Age	Adolescent	-0.0604
COc1cc(N)cn[n+]1-c1ccccc1	Age	Adult	-0.06369
COc1cc(N)cn[n+]1-c1ccccc1	Age	Elderly	-0.19991
COc1cc(N)cn[n+]1-c1ccccc1	Weight	Low	-0.17657
COc1cc(N)cn[n+]1-c1ccccc1	Weight	Average	-0.16431
COc1cc(N)cn[n+]1-c1ccccc1	Weight	High	-0.20416
COc1cc2ncnc(N3CCC(Oc4cnc5ccccc5n4)C3)c2cc1OC	Sex	Male	-0.10274
COc1cc2ncnc(N3CCC(Oc4cnc5ccccc5n4)C3)c2cc1OC	Sex	Female	-0.00476
COc1cc2ncnc(N3CCC(Oc4cnc5ccccc5n4)C3)c2cc1OC	Age	Children	-0.06878
COc1cc2ncnc(N3CCC(Oc4cnc5ccccc5n4)C3)c2cc1OC	Age	Adolescent	-0.03241
COc1cc2ncnc(N3CCC(Oc4cnc5ccccc5n4)C3)c2cc1OC	Age	Adult	-0.03993
COc1cc2ncnc(N3CCC(Oc4cnc5ccccc5n4)C3)c2cc1OC	Age	Elderly	-0.16998
COc1cc2ncnc(N3CCC(Oc4cnc5ccccc5n4)C3)c2cc1OC	Weight	Low	-0.09932
COc1cc2ncnc(N3CCC(Oc4cnc5ccccc5n4)C3)c2cc1OC	Weight	Average	-0.07758
COc1cc2ncnc(N3CCC(Oc4cnc5ccccc5n4)C3)c2cc1OC	Weight	High	-0.11421
Cc1cc(C)nc(NS(=O)(=O)c2ccc(N)cc2)n1	Sex	Male	-0.17388
Cc1cc(C)nc(NS(=O)(=O)c2ccc(N)cc2)n1	Sex	Female	-0.00686
Cc1cc(C)nc(NS(=O)(=O)c2ccc(N)cc2)n1	Age	Children	-0.12754
Cc1cc(C)nc(NS(=O)(=O)c2ccc(N)cc2)n1	Age	Adolescent	-0.08114
Cc1cc(C)nc(NS(=O)(=O)c2ccc(N)cc2)n1	Age	Adult	-0.07019
Cc1cc(C)nc(NS(=O)(=O)c2ccc(N)cc2)n1	Age	Elderly	-0.23943
Cc1cc(C)nc(NS(=O)(=O)c2ccc(N)cc2)n1	Weight	Low	-0.14811
Cc1cc(C)nc(NS(=O)(=O)c2ccc(N)cc2)n1	Weight	Average	-0.16262
Cc1cc(C)nc(NS(=O)(=O)c2ccc(N)cc2)n1	Weight	High	-0.19648
Cc1ccc(-c2nc(N)nc3c2nnn3Cc2cccc(COC3CCOC3)n2)o1	Sex	Male	-0.11888
Cc1ccc(-c2nc(N)nc3c2nnn3Cc2cccc(COC3CCOC3)n2)o1	Sex	Female	-0.00679
Cc1ccc(-c2nc(N)nc3c2nnn3Cc2cccc(COC3CCOC3)n2)o1	Age	Children	-0.07663
Cc1ccc(-c2nc(N)nc3c2nnn3Cc2cccc(COC3CCOC3)n2)o1	Age	Adolescent	-0.0452
Cc1ccc(-c2nc(N)nc3c2nnn3Cc2cccc(COC3CCOC3)n2)o1	Age	Adult	-0.04843
Cc1ccc(-c2nc(N)nc3c2nnn3Cc2cccc(COC3CCOC3)n2)o1	Age	Elderly	-0.15152
Cc1ccc(-c2nc(N)nc3c2nnn3Cc2cccc(COC3CCOC3)n2)o1	Weight	Low	-0.13419
Cc1ccc(-c2nc(N)nc3c2nnn3Cc2cccc(COC3CCOC3)n2)o1	Weight	Average	-0.07562
Cc1ccc(-c2nc(N)nc3c2nnn3Cc2cccc(COC3CCOC3)n2)o1	Weight	High	-0.14194
Cc1ccc(-n2[nH]c(C)c(N=Nc3cccc(-c4cccc(C(=O)O)c4)c3O)c2=O)cc1C	Sex	Male	-0.1045
Cc1ccc(-n2[nH]c(C)c(N=Nc3cccc(-c4cccc(C(=O)O)c4)c3O)c2=O)cc1C	Sex	Female	-0.00974
Cc1ccc(-n2[nH]c(C)c(N=Nc3cccc(-c4cccc(C(=O)O)c4)c3O)c2=O)cc1C	Age	Children	-0.10598
Cc1ccc(-n2[nH]c(C)c(N=Nc3cccc(-c4cccc(C(=O)O)c4)c3O)c2=O)cc1C	Age	Adolescent	-0.05805
Cc1ccc(-n2[nH]c(C)c(N=Nc3cccc(-c4cccc(C(=O)O)c4)c3O)c2=O)cc1C	Age	Adult	-0.06382
Cc1ccc(-n2[nH]c(C)c(N=Nc3cccc(-c4cccc(C(=O)O)c4)c3O)c2=O)cc1C	Age	Elderly	-0.099
Cc1ccc(-n2[nH]c(C)c(N=Nc3cccc(-c4cccc(C(=O)O)c4)c3O)c2=O)cc1C	Weight	Low	-0.14325
Cc1ccc(-n2[nH]c(C)c(N=Nc3cccc(-c4cccc(C(=O)O)c4)c3O)c2=O)cc1C	Weight	Average	-0.11851
Cc1ccc(-n2[nH]c(C)c(N=Nc3cccc(-c4cccc(C(=O)O)c4)c3O)c2=O)cc1C	Weight	High	-0.17964
Cn1ncc(Cl)c1-c1cc(C(=O)NC(CN)Cc2cccc(F)c2)sc1Cl	Sex	Male	-0.14539
Cn1ncc(Cl)c1-c1cc(C(=O)NC(CN)Cc2cccc(F)c2)sc1Cl	Sex	Female	-0.01008
Cn1ncc(Cl)c1-c1cc(C(=O)NC(CN)Cc2cccc(F)c2)sc1Cl	Age	Children	-0.11331
Cn1ncc(Cl)c1-c1cc(C(=O)NC(CN)Cc2cccc(F)c2)sc1Cl	Age	Adolescent	-0.07617
Cn1ncc(Cl)c1-c1cc(C(=O)NC(CN)Cc2cccc(F)c2)sc1Cl	Age	Adult	-0.06775
Cn1ncc(Cl)c1-c1cc(C(=O)NC(CN)Cc2cccc(F)c2)sc1Cl	Age	Elderly	-0.16169
Cn1ncc(Cl)c1-c1cc(C(=O)NC(CN)Cc2cccc(F)c2)sc1Cl	Weight	Low	-0.17319
Cn1ncc(Cl)c1-c1cc(C(=O)NC(CN)Cc2cccc(F)c2)sc1Cl	Weight	Average	-0.13024
Cn1ncc(Cl)c1-c1cc(C(=O)NC(CN)Cc2cccc(F)c2)sc1Cl	Weight	High	-0.25348
FC(F)CC(F)(F)F	Sex	Male	-0.12318
FC(F)CC(F)(F)F	Sex	Female	-0.01307
FC(F)CC(F)(F)F	Age	Children	-0.10457
FC(F)CC(F)(F)F	Age	Adolescent	-0.07339
FC(F)CC(F)(F)F	Age	Adult	-0.07069
FC(F)CC(F)(F)F	Age	Elderly	-0.15085
FC(F)CC(F)(F)F	Weight	Low	-0.21661
FC(F)CC(F)(F)F	Weight	Average	-0.15556
FC(F)CC(F)(F)F	Weight	High	-0.18165
NC(N)=NS(=O)(=O)c1ccc(N)cc1	Sex	Male	-0.15477
NC(N)=NS(=O)(=O)c1ccc(N)cc1	Sex	Female	-0.0029
NC(N)=NS(=O)(=O)c1ccc(N)cc1	Age	Children	-0.12393
NC(N)=NS(=O)(=O)c1ccc(N)cc1	Age	Adolescent	-0.07313
NC(N)=NS(=O)(=O)c1ccc(N)cc1	Age	Adult	-0.06564
NC(N)=NS(=O)(=O)c1ccc(N)cc1	Age	Elderly	-0.2053
NC(N)=NS(=O)(=O)c1ccc(N)cc1	Weight	Low	-0.15547
NC(N)=NS(=O)(=O)c1ccc(N)cc1	Weight	Average	-0.20997
NC(N)=NS(=O)(=O)c1ccc(N)cc1	Weight	High	-0.21116
Nc1ccc(S(=O)(=O)Nc2ccnn2-c2ccccc2)cc1	Sex	Male	-0.15098
Nc1ccc(S(=O)(=O)Nc2ccnn2-c2ccccc2)cc1	Sex	Female	-0.00564
Nc1ccc(S(=O)(=O)Nc2ccnn2-c2ccccc2)cc1	Age	Children	-0.11504
Nc1ccc(S(=O)(=O)Nc2ccnn2-c2ccccc2)cc1	Age	Adolescent	-0.07041
Nc1ccc(S(=O)(=O)Nc2ccnn2-c2ccccc2)cc1	Age	Adult	-0.06381
Nc1ccc(S(=O)(=O)Nc2ccnn2-c2ccccc2)cc1	Age	Elderly	-0.25463
Nc1ccc(S(=O)(=O)Nc2ccnn2-c2ccccc2)cc1	Weight	Low	-0.1839
Nc1ccc(S(=O)(=O)Nc2ccnn2-c2ccccc2)cc1	Weight	Average	-0.13716
Nc1ccc(S(=O)(=O)Nc2ccnn2-c2ccccc2)cc1	Weight	High	-0.21246
Nc1ccc(S(N)(=O)=O)cc1	Sex	Male	-0.13519
Nc1ccc(S(N)(=O)=O)cc1	Sex	Female	-0.01026
Nc1ccc(S(N)(=O)=O)cc1	Age	Children	-0.10509
Nc1ccc(S(N)(=O)=O)cc1	Age	Adolescent	-0.08036
Nc1ccc(S(N)(=O)=O)cc1	Age	Adult	-0.07685
Nc1ccc(S(N)(=O)=O)cc1	Age	Elderly	-0.24714
Nc1ccc(S(N)(=O)=O)cc1	Weight	Low	-0.1359
Nc1ccc(S(N)(=O)=O)cc1	Weight	Average	-0.19051
Nc1ccc(S(N)(=O)=O)cc1	Weight	High	-0.22512
Nc1ccncc1	Sex	Male	-0.16051
Nc1ccncc1	Sex	Female	-0.00648
Nc1ccncc1	Age	Children	-0.09686
Nc1ccncc1	Age	Adolescent	-0.07144
Nc1ccncc1	Age	Adult	-0.07538
Nc1ccncc1	Age	Elderly	-0.17052
Nc1ccncc1	Weight	Low	-0.09089
Nc1ccncc1	Weight	Average	-0.1032
Nc1ccncc1	Weight	High	-0.16333
O=C(O)c1cc(N=Nc2ccc(S(=O)(=O)Nc3ccccn3)cc2)ccc1O	Sex	Male	-0.0644
O=C(O)c1cc(N=Nc2ccc(S(=O)(=O)Nc3ccccn3)cc2)ccc1O	Sex	Female	-0.00518
O=C(O)c1cc(N=Nc2ccc(S(=O)(=O)Nc3ccccn3)cc2)ccc1O	Age	Children	-0.08527
O=C(O)c1cc(N=Nc2ccc(S(=O)(=O)Nc3ccccn3)cc2)ccc1O	Age	Adolescent	-0.04623
O=C(O)c1cc(N=Nc2ccc(S(=O)(=O)Nc3ccccn3)cc2)ccc1O	Age	Adult	-0.06553
O=C(O)c1cc(N=Nc2ccc(S(=O)(=O)Nc3ccccn3)cc2)ccc1O	Age	Elderly	-0.15146
O=C(O)c1cc(N=Nc2ccc(S(=O)(=O)Nc3ccccn3)cc2)ccc1O	Weight	Low	-0.12977
O=C(O)c1cc(N=Nc2ccc(S(=O)(=O)Nc3ccccn3)cc2)ccc1O	Weight	Average	-0.10736
O=C(O)c1cc(N=Nc2ccc(S(=O)(=O)Nc3ccccn3)cc2)ccc1O	Weight	High	-0.12444
O=C1C2C3CCC(C3)C2C(=O)N1CCCCN1CCN(c2ncccn2)CC1	Sex	Male	-0.09097
O=C1C2C3CCC(C3)C2C(=O)N1CCCCN1CCN(c2ncccn2)CC1	Sex	Female	-0.0018
O=C1C2C3CCC(C3)C2C(=O)N1CCCCN1CCN(c2ncccn2)CC1	Age	Children	-0.07256
O=C1C2C3CCC(C3)C2C(=O)N1CCCCN1CCN(c2ncccn2)CC1	Age	Adolescent	-0.04579
O=C1C2C3CCC(C3)C2C(=O)N1CCCCN1CCN(c2ncccn2)CC1	Age	Adult	-0.02799
O=C1C2C3CCC(C3)C2C(=O)N1CCCCN1CCN(c2ncccn2)CC1	Age	Elderly	-0.14323
O=C1C2C3CCC(C3)C2C(=O)N1CCCCN1CCN(c2ncccn2)CC1	Weight	Low	-0.13006
O=C1C2C3CCC(C3)C2C(=O)N1CCCCN1CCN(c2ncccn2)CC1	Weight	Average	-0.11508
O=C1C2C3CCC(C3)C2C(=O)N1CCCCN1CCN(c2ncccn2)CC1	Weight	High	-0.12522
O=c1oc2ccccc2c(O)c1Cc1c(O)c2ccccc2oc1=O	Sex	Male	-0.13008
O=c1oc2ccccc2c(O)c1Cc1c(O)c2ccccc2oc1=O	Sex	Female	-0.00803
O=c1oc2ccccc2c(O)c1Cc1c(O)c2ccccc2oc1=O	Age	Children	-0.11923
O=c1oc2ccccc2c(O)c1Cc1c(O)c2ccccc2oc1=O	Age	Adolescent	-0.06392
O=c1oc2ccccc2c(O)c1Cc1c(O)c2ccccc2oc1=O	Age	Adult	-0.04931
O=c1oc2ccccc2c(O)c1Cc1c(O)c2ccccc2oc1=O	Age	Elderly	-0.20303
O=c1oc2ccccc2c(O)c1Cc1c(O)c2ccccc2oc1=O	Weight	Low	-0.1815
O=c1oc2ccccc2c(O)c1Cc1c(O)c2ccccc2oc1=O	Weight	Average	-0.13794
O=c1oc2ccccc2c(O)c1Cc1c(O)c2ccccc2oc1=O	Weight	High	-0.22252
OC1COC2C(O)COC12	Sex	Male	-0.12122
OC1COC2C(O)COC12	Sex	Female	-0.00603
OC1COC2C(O)COC12	Age	Children	-0.10911
OC1COC2C(O)COC12	Age	Adolescent	-0.09159
OC1COC2C(O)COC12	Age	Adult	-0.06587
OC1COC2C(O)COC12	Age	Elderly	-0.21556
OC1COC2C(O)COC12	Weight	Low	-0.18162
OC1COC2C(O)COC12	Weight	Average	-0.22114
OC1COC2C(O)COC12	Weight	High	-0.30516
c1ccc2ccccc2c1	Sex	Male	-0.11752
c1ccc2ccccc2c1	Sex	Female	-0.01166
c1ccc2ccccc2c1	Age	Children	-0.11516
c1ccc2ccccc2c1	Age	Adolescent	-0.06759
c1ccc2ccccc2c1	Age	Adult	-0.07739
c1ccc2ccccc2c1	Age	Elderly	-0.14293
c1ccc2ccccc2c1	Weight	Low	-0.14397
c1ccc2ccccc2c1	Weight	Average	-0.09762
c1ccc2ccccc2c1	Weight	High	-0.192
CC(=O)NS(=O)(=O)c1ccc(N)cc1	Sex	Male	-0.15894
CC(=O)NS(=O)(=O)c1ccc(N)cc1	Sex	Female	-0.00461
CC(=O)NS(=O)(=O)c1ccc(N)cc1	Age	Children	-0.12826
CC(=O)NS(=O)(=O)c1ccc(N)cc1	Age	Adolescent	-0.07877
CC(=O)NS(=O)(=O)c1ccc(N)cc1	Age	Adult	-0.07948
CC(=O)NS(=O)(=O)c1ccc(N)cc1	Age	Elderly	-0.28672
CC(=O)NS(=O)(=O)c1ccc(N)cc1	Weight	Low	-0.18574
CC(=O)NS(=O)(=O)c1ccc(N)cc1	Weight	Average	-0.23774
CC(=O)NS(=O)(=O)c1ccc(N)cc1	Weight	High	-0.2893
CCOP(=O)(OCC)C(C)NC(=O)N(CCCl)N=O	Sex	Male	-0.08358
CCOP(=O)(OCC)C(C)NC(=O)N(CCCl)N=O	Sex	Female	-0.00426
CCOP(=O)(OCC)C(C)NC(=O)N(CCCl)N=O	Age	Children	-0.09328
CCOP(=O)(OCC)C(C)NC(=O)N(CCCl)N=O	Age	Adolescent	-0.06911
CCOP(=O)(OCC)C(C)NC(=O)N(CCCl)N=O	Age	Adult	-0.05487
CCOP(=O)(OCC)C(C)NC(=O)N(CCCl)N=O	Age	Elderly	-0.1238
CCOP(=O)(OCC)C(C)NC(=O)N(CCCl)N=O	Weight	Low	-0.18035
CCOP(=O)(OCC)C(C)NC(=O)N(CCCl)N=O	Weight	Average	-0.1283
CCOP(=O)(OCC)C(C)NC(=O)N(CCCl)N=O	Weight	High	-0.16434
CN(C)c1nc(N(C)C)nc(N(C)C)n1	Sex	Male	-0.09806
CN(C)c1nc(N(C)C)nc(N(C)C)n1	Sex	Female	-0.00383
CN(C)c1nc(N(C)C)nc(N(C)C)n1	Age	Children	-0.08108
CN(C)c1nc(N(C)C)nc(N(C)C)n1	Age	Adolescent	-0.05066
CN(C)c1nc(N(C)C)nc(N(C)C)n1	Age	Adult	-0.04391
CN(C)c1nc(N(C)C)nc(N(C)C)n1	Age	Elderly	-0.1788
CN(C)c1nc(N(C)C)nc(N(C)C)n1	Weight	Low	-0.12748
CN(C)c1nc(N(C)C)nc(N(C)C)n1	Weight	Average	-0.1278
CN(C)c1nc(N(C)C)nc(N(C)C)n1	Weight	High	-0.14174
CNC(=O)c1ccc(N2C(=S)N(c3cnc(C#N)c(C(F)(F)F)c3)C(=O)C23CCC3)cc1F	Sex	Male	-0.07726
CNC(=O)c1ccc(N2C(=S)N(c3cnc(C#N)c(C(F)(F)F)c3)C(=O)C23CCC3)cc1F	Sex	Female	-0.01109
CNC(=O)c1ccc(N2C(=S)N(c3cnc(C#N)c(C(F)(F)F)c3)C(=O)C23CCC3)cc1F	Age	Children	-0.06938
CNC(=O)c1ccc(N2C(=S)N(c3cnc(C#N)c(C(F)(F)F)c3)C(=O)C23CCC3)cc1F	Age	Adolescent	-0.06145
CNC(=O)c1ccc(N2C(=S)N(c3cnc(C#N)c(C(F)(F)F)c3)C(=O)C23CCC3)cc1F	Age	Adult	-0.07397
CNC(=O)c1ccc(N2C(=S)N(c3cnc(C#N)c(C(F)(F)F)c3)C(=O)C23CCC3)cc1F	Age	Elderly	-0.10907
CNC(=O)c1ccc(N2C(=S)N(c3cnc(C#N)c(C(F)(F)F)c3)C(=O)C23CCC3)cc1F	Weight	Low	-0.1822
CNC(=O)c1ccc(N2C(=S)N(c3cnc(C#N)c(C(F)(F)F)c3)C(=O)C23CCC3)cc1F	Weight	Average	-0.0821
CNC(=O)c1ccc(N2C(=S)N(c3cnc(C#N)c(C(F)(F)F)c3)C(=O)C23CCC3)cc1F	Weight	High	-0.12421
COc1cc(C(C)C)c(Oc2cnc(N)nc2N)cc1S(N)(=O)=O	Sex	Male	-0.09393
COc1cc(C(C)C)c(Oc2cnc(N)nc2N)cc1S(N)(=O)=O	Sex	Female	-0.00653
COc1cc(C(C)C)c(Oc2cnc(N)nc2N)cc1S(N)(=O)=O	Age	Children	-0.07879
COc1cc(C(C)C)c(Oc2cnc(N)nc2N)cc1S(N)(=O)=O	Age	Adolescent	-0.05311
COc1cc(C(C)C)c(Oc2cnc(N)nc2N)cc1S(N)(=O)=O	Age	Adult	-0.06019
COc1cc(C(C)C)c(Oc2cnc(N)nc2N)cc1S(N)(=O)=O	Age	Elderly	-0.18806
COc1cc(C(C)C)c(Oc2cnc(N)nc2N)cc1S(N)(=O)=O	Weight	Low	-0.16234
COc1cc(C(C)C)c(Oc2cnc(N)nc2N)cc1S(N)(=O)=O	Weight	Average	-0.15041
COc1cc(C(C)C)c(Oc2cnc(N)nc2N)cc1S(N)(=O)=O	Weight	High	-0.15714
COc1cc2c3cc1Oc1cc(ccc1O)CC1c4c(cc(OC)c(O)c4Oc4ccc(cc4)CC3N(C)CC2)CC[N+]1(C)C	Sex	Male	-0.10916
COc1cc2c3cc1Oc1cc(ccc1O)CC1c4c(cc(OC)c(O)c4Oc4ccc(cc4)CC3N(C)CC2)CC[N+]1(C)C	Sex	Female	-0.00358
COc1cc2c3cc1Oc1cc(ccc1O)CC1c4c(cc(OC)c(O)c4Oc4ccc(cc4)CC3N(C)CC2)CC[N+]1(C)C	Age	Children	-0.07934
COc1cc2c3cc1Oc1cc(ccc1O)CC1c4c(cc(OC)c(O)c4Oc4ccc(cc4)CC3N(C)CC2)CC[N+]1(C)C	Age	Adolescent	-0.04942
COc1cc2c3cc1Oc1cc(ccc1O)CC1c4c(cc(OC)c(O)c4Oc4ccc(cc4)CC3N(C)CC2)CC[N+]1(C)C	Age	Adult	-0.03392
COc1cc2c3cc1Oc1cc(ccc1O)CC1c4c(cc(OC)c(O)c4Oc4ccc(cc4)CC3N(C)CC2)CC[N+]1(C)C	Age	Elderly	-0.17702
COc1cc2c3cc1Oc1cc(ccc1O)CC1c4c(cc(OC)c(O)c4Oc4ccc(cc4)CC3N(C)CC2)CC[N+]1(C)C	Weight	Low	-0.18281
COc1cc2c3cc1Oc1cc(ccc1O)CC1c4c(cc(OC)c(O)c4Oc4ccc(cc4)CC3N(C)CC2)CC[N+]1(C)C	Weight	Average	-0.14655
COc1cc2c3cc1Oc1cc(ccc1O)CC1c4c(cc(OC)c(O)c4Oc4ccc(cc4)CC3N(C)CC2)CC[N+]1(C)C	Weight	High	-0.19927
COc1cc2nc(N3CCN(C(=O)C4CCCO4)CC3)nc(N)c2cc1OC	Sex	Male	-0.12366
COc1cc2nc(N3CCN(C(=O)C4CCCO4)CC3)nc(N)c2cc1OC	Sex	Female	-0.00807
COc1cc2nc(N3CCN(C(=O)C4CCCO4)CC3)nc(N)c2cc1OC	Age	Children	-0.07655
COc1cc2nc(N3CCN(C(=O)C4CCCO4)CC3)nc(N)c2cc1OC	Age	Adolescent	-0.07316
COc1cc2nc(N3CCN(C(=O)C4CCCO4)CC3)nc(N)c2cc1OC	Age	Adult	-0.06057
COc1cc2nc(N3CCN(C(=O)C4CCCO4)CC3)nc(N)c2cc1OC	Age	Elderly	-0.22793
COc1cc2nc(N3CCN(C(=O)C4CCCO4)CC3)nc(N)c2cc1OC	Weight	Low	-0.16311
COc1cc2nc(N3CCN(C(=O)C4CCCO4)CC3)nc(N)c2cc1OC	Weight	Average	-0.13026
COc1cc2nc(N3CCN(C(=O)C4CCCO4)CC3)nc(N)c2cc1OC	Weight	High	-0.20592
Cc1cccc(Cc2cnc[nH]2)c1C	Sex	Male	-0.112
Cc1cccc(Cc2cnc[nH]2)c1C	Sex	Female	-0.00622
Cc1cccc(Cc2cnc[nH]2)c1C	Age	Children	-0.06789
Cc1cccc(Cc2cnc[nH]2)c1C	Age	Adolescent	-0.04232
Cc1cccc(Cc2cnc[nH]2)c1C	Age	Adult	-0.05495
Cc1cccc(Cc2cnc[nH]2)c1C	Age	Elderly	-0.12872
Cc1cccc(Cc2cnc[nH]2)c1C	Weight	Low	-0.10408
Cc1cccc(Cc2cnc[nH]2)c1C	Weight	Average	-0.07288
Cc1cccc(Cc2cnc[nH]2)c1C	Weight	High	-0.154
Cc1noc(NS(=O)(=O)c2ccc(N)cc2)c1C	Sex	Male	-0.14967
Cc1noc(NS(=O)(=O)c2ccc(N)cc2)c1C	Sex	Female	-0.00497
Cc1noc(NS(=O)(=O)c2ccc(N)cc2)c1C	Age	Children	-0.12037
Cc1noc(NS(=O)(=O)c2ccc(N)cc2)c1C	Age	Adolescent	-0.07005
Cc1noc(NS(=O)(=O)c2ccc(N)cc2)c1C	Age	Adult	-0.07562
Cc1noc(NS(=O)(=O)c2ccc(N)cc2)c1C	Age	Elderly	-0.25112
Cc1noc(NS(=O)(=O)c2ccc(N)cc2)c1C	Weight	Low	-0.17352
Cc1noc(NS(=O)(=O)c2ccc(N)cc2)c1C	Weight	Average	-0.15796
Cc1noc(NS(=O)(=O)c2ccc(N)cc2)c1C	Weight	High	-0.20814
N#Cc1ccc(C(c2ccc(C#N)cc2)n2cncn2)cc1	Sex	Male	-0.09883
N#Cc1ccc(C(c2ccc(C#N)cc2)n2cncn2)cc1	Sex	Female	-0.00094
N#Cc1ccc(C(c2ccc(C#N)cc2)n2cncn2)cc1	Age	Children	-0.09273
N#Cc1ccc(C(c2ccc(C#N)cc2)n2cncn2)cc1	Age	Adolescent	-0.05471
N#Cc1ccc(C(c2ccc(C#N)cc2)n2cncn2)cc1	Age	Adult	-0.04304
N#Cc1ccc(C(c2ccc(C#N)cc2)n2cncn2)cc1	Age	Elderly	-0.1758
N#Cc1ccc(C(c2ccc(C#N)cc2)n2cncn2)cc1	Weight	Low	-0.12825
N#Cc1ccc(C(c2ccc(C#N)cc2)n2cncn2)cc1	Weight	Average	-0.11685
N#Cc1ccc(C(c2ccc(C#N)cc2)n2cncn2)cc1	Weight	High	-0.17342
O=C(O)c1ccccc1Nc1cccc(C(F)(F)F)c1	Sex	Male	-0.13914
O=C(O)c1ccccc1Nc1cccc(C(F)(F)F)c1	Sex	Female	-0.00681
O=C(O)c1ccccc1Nc1cccc(C(F)(F)F)c1	Age	Children	-0.1109
O=C(O)c1ccccc1Nc1cccc(C(F)(F)F)c1	Age	Adolescent	-0.0486
O=C(O)c1ccccc1Nc1cccc(C(F)(F)F)c1	Age	Adult	-0.05979
O=C(O)c1ccccc1Nc1cccc(C(F)(F)F)c1	Age	Elderly	-0.14897
O=C(O)c1ccccc1Nc1cccc(C(F)(F)F)c1	Weight	Low	-0.09565
O=C(O)c1ccccc1Nc1cccc(C(F)(F)F)c1	Weight	Average	-0.0646
O=C(O)c1ccccc1Nc1cccc(C(F)(F)F)c1	Weight	High	-0.11574
CC(C)NC(=O)COc1cccc(-c2nc(Nc3ccc4[nH]ncc4c3)c3ccccc3n2)c1	Sex	Male	-0.12247
CC(C)NC(=O)COc1cccc(-c2nc(Nc3ccc4[nH]ncc4c3)c3ccccc3n2)c1	Sex	Female	-0.01118
CC(C)NC(=O)COc1cccc(-c2nc(Nc3ccc4[nH]ncc4c3)c3ccccc3n2)c1	Age	Children	-0.09559
CC(C)NC(=O)COc1cccc(-c2nc(Nc3ccc4[nH]ncc4c3)c3ccccc3n2)c1	Age	Adolescent	-0.07023
CC(C)NC(=O)COc1cccc(-c2nc(Nc3ccc4[nH]ncc4c3)c3ccccc3n2)c1	Age	Adult	-0.0624
CC(C)NC(=O)COc1cccc(-c2nc(Nc3ccc4[nH]ncc4c3)c3ccccc3n2)c1	Age	Elderly	-0.17495
CC(C)NC(=O)COc1cccc(-c2nc(Nc3ccc4[nH]ncc4c3)c3ccccc3n2)c1	Weight	Low	-0.16214
CC(C)NC(=O)COc1cccc(-c2nc(Nc3ccc4[nH]ncc4c3)c3ccccc3n2)c1	Weight	Average	-0.11327
CC(C)NC(=O)COc1cccc(-c2nc(Nc3ccc4[nH]ncc4c3)c3ccccc3n2)c1	Weight	High	-0.16226
CC1COc2c(C3(N)CC3)c(F)cc3c(=O)c(C(=O)O)cn1c23	Sex	Male	-0.11521
CC1COc2c(C3(N)CC3)c(F)cc3c(=O)c(C(=O)O)cn1c23	Sex	Female	-0.01101
CC1COc2c(C3(N)CC3)c(F)cc3c(=O)c(C(=O)O)cn1c23	Age	Children	-0.12874
CC1COc2c(C3(N)CC3)c(F)cc3c(=O)c(C(=O)O)cn1c23	Age	Adolescent	-0.08943
CC1COc2c(C3(N)CC3)c(F)cc3c(=O)c(C(=O)O)cn1c23	Age	Adult	-0.07805
CC1COc2c(C3(N)CC3)c(F)cc3c(=O)c(C(=O)O)cn1c23	Age	Elderly	-0.18332
CC1COc2c(C3(N)CC3)c(F)cc3c(=O)c(C(=O)O)cn1c23	Weight	Low	-0.23125
CC1COc2c(C3(N)CC3)c(F)cc3c(=O)c(C(=O)O)cn1c23	Weight	Average	-0.20431
CC1COc2c(C3(N)CC3)c(F)cc3c(=O)c(C(=O)O)cn1c23	Weight	High	-0.31401
CON=C(C(=O)NC1C(=O)N2C(C(=O)[O-])=C(C[n+]3cccc4c3CCC4)CSC12)c1csc(N)n1	Sex	Male	-0.08792
CON=C(C(=O)NC1C(=O)N2C(C(=O)[O-])=C(C[n+]3cccc4c3CCC4)CSC12)c1csc(N)n1	Sex	Female	-0.00822
CON=C(C(=O)NC1C(=O)N2C(C(=O)[O-])=C(C[n+]3cccc4c3CCC4)CSC12)c1csc(N)n1	Age	Children	-0.10578
CON=C(C(=O)NC1C(=O)N2C(C(=O)[O-])=C(C[n+]3cccc4c3CCC4)CSC12)c1csc(N)n1	Age	Adolescent	-0.06787
CON=C(C(=O)NC1C(=O)N2C(C(=O)[O-])=C(C[n+]3cccc4c3CCC4)CSC12)c1csc(N)n1	Age	Adult	-0.04963
CON=C(C(=O)NC1C(=O)N2C(C(=O)[O-])=C(C[n+]3cccc4c3CCC4)CSC12)c1csc(N)n1	Age	Elderly	-0.23829
CON=C(C(=O)NC1C(=O)N2C(C(=O)[O-])=C(C[n+]3cccc4c3CCC4)CSC12)c1csc(N)n1	Weight	Low	-0.2102
CON=C(C(=O)NC1C(=O)N2C(C(=O)[O-])=C(C[n+]3cccc4c3CCC4)CSC12)c1csc(N)n1	Weight	Average	-0.17814
CON=C(C(=O)NC1C(=O)N2C(C(=O)[O-])=C(C[n+]3cccc4c3CCC4)CSC12)c1csc(N)n1	Weight	High	-0.19729
Cc1ccc(C(C)C)c(O)c1	Sex	Male	-0.12791
Cc1ccc(C(C)C)c(O)c1	Sex	Female	-0.01029
Cc1ccc(C(C)C)c(O)c1	Age	Children	-0.09052
Cc1ccc(C(C)C)c(O)c1	Age	Adolescent	-0.05566
Cc1ccc(C(C)C)c(O)c1	Age	Adult	-0.04985
Cc1ccc(C(C)C)c(O)c1	Age	Elderly	-0.167
Cc1ccc(C(C)C)c(O)c1	Weight	Low	-0.10616
Cc1ccc(C(C)C)c(O)c1	Weight	Average	-0.11127
Cc1ccc(C(C)C)c(O)c1	Weight	High	-0.20753
NC(=S)NS(=O)(=O)c1ccc(N)cc1	Sex	Male	-0.15365
NC(=S)NS(=O)(=O)c1ccc(N)cc1	Sex	Female	-0.00669
NC(=S)NS(=O)(=O)c1ccc(N)cc1	Age	Children	-0.11332
NC(=S)NS(=O)(=O)c1ccc(N)cc1	Age	Adolescent	-0.07663
NC(=S)NS(=O)(=O)c1ccc(N)cc1	Age	Adult	-0.07627
NC(=S)NS(=O)(=O)c1ccc(N)cc1	Age	Elderly	-0.25439
NC(=S)NS(=O)(=O)c1ccc(N)cc1	Weight	Low	-0.15342
NC(=S)NS(=O)(=O)c1ccc(N)cc1	Weight	Average	-0.17271
NC(=S)NS(=O)(=O)c1ccc(N)cc1	Weight	High	-0.21735
NS(=O)(=O)c1cc(-c2nn[nH]n2)c(NCc2cccs2)cc1Cl	Sex	Male	-0.11414
NS(=O)(=O)c1cc(-c2nn[nH]n2)c(NCc2cccs2)cc1Cl	Sex	Female	-0.01029
NS(=O)(=O)c1cc(-c2nn[nH]n2)c(NCc2cccs2)cc1Cl	Age	Children	-0.09692
NS(=O)(=O)c1cc(-c2nn[nH]n2)c(NCc2cccs2)cc1Cl	Age	Adolescent	-0.07145
NS(=O)(=O)c1cc(-c2nn[nH]n2)c(NCc2cccs2)cc1Cl	Age	Adult	-0.07105
NS(=O)(=O)c1cc(-c2nn[nH]n2)c(NCc2cccs2)cc1Cl	Age	Elderly	-0.22181
NS(=O)(=O)c1cc(-c2nn[nH]n2)c(NCc2cccs2)cc1Cl	Weight	Low	-0.13305
NS(=O)(=O)c1cc(-c2nn[nH]n2)c(NCc2cccs2)cc1Cl	Weight	Average	-0.10474
NS(=O)(=O)c1cc(-c2nn[nH]n2)c(NCc2cccs2)cc1Cl	Weight	High	-0.18374
NS(=O)(=O)c1cc(C(=O)NN2CC3C4CCC(C4)C3C2)ccc1Cl	Sex	Male	-0.13748
NS(=O)(=O)c1cc(C(=O)NN2CC3C4CCC(C4)C3C2)ccc1Cl	Sex	Female	-0.01024
NS(=O)(=O)c1cc(C(=O)NN2CC3C4CCC(C4)C3C2)ccc1Cl	Age	Children	-0.11205
NS(=O)(=O)c1cc(C(=O)NN2CC3C4CCC(C4)C3C2)ccc1Cl	Age	Adolescent	-0.0728
NS(=O)(=O)c1cc(C(=O)NN2CC3C4CCC(C4)C3C2)ccc1Cl	Age	Adult	-0.06297
NS(=O)(=O)c1cc(C(=O)NN2CC3C4CCC(C4)C3C2)ccc1Cl	Age	Elderly	-0.21718
NS(=O)(=O)c1cc(C(=O)NN2CC3C4CCC(C4)C3C2)ccc1Cl	Weight	Low	-0.19436
NS(=O)(=O)c1cc(C(=O)NN2CC3C4CCC(C4)C3C2)ccc1Cl	Weight	Average	-0.14473
NS(=O)(=O)c1cc(C(=O)NN2CC3C4CCC(C4)C3C2)ccc1Cl	Weight	High	-0.20444
Nc1nc(N)c2nc(-c3ccccc3)c(N)nc2n1	Sex	Male	-0.14069
Nc1nc(N)c2nc(-c3ccccc3)c(N)nc2n1	Sex	Female	-0.00721
Nc1nc(N)c2nc(-c3ccccc3)c(N)nc2n1	Age	Children	-0.08988
Nc1nc(N)c2nc(-c3ccccc3)c(N)nc2n1	Age	Adolescent	-0.05973
Nc1nc(N)c2nc(-c3ccccc3)c(N)nc2n1	Age	Adult	-0.07571
Nc1nc(N)c2nc(-c3ccccc3)c(N)nc2n1	Age	Elderly	-0.15851
Nc1nc(N)c2nc(-c3ccccc3)c(N)nc2n1	Weight	Low	-0.18029
Nc1nc(N)c2nc(-c3ccccc3)c(N)nc2n1	Weight	Average	-0.14501
Nc1nc(N)c2nc(-c3ccccc3)c(N)nc2n1	Weight	High	-0.18267
C#CCN(C)C(C)Cc1ccccc1	Sex	Male	-0.1547
C#CCN(C)C(C)Cc1ccccc1	Sex	Female	-0.00492
C#CCN(C)C(C)Cc1ccccc1	Age	Children	-0.11744
C#CCN(C)C(C)Cc1ccccc1	Age	Adolescent	-0.05806
C#CCN(C)C(C)Cc1ccccc1	Age	Adult	-0.02995
C#CCN(C)C(C)Cc1ccccc1	Age	Elderly	-0.21473
C#CCN(C)C(C)Cc1ccccc1	Weight	Low	-0.23998
C#CCN(C)C(C)Cc1ccccc1	Weight	Average	-0.19663
C#CCN(C)C(C)Cc1ccccc1	Weight	High	-0.23244
C=CC(=O)N1CCN(c2nc(=O)n(-c3c(C)ccnc3C(C)C)c3nc(-c4c(O)cccc4F)c(F)cc23)C(C)C1	Sex	Male	-0.09412
C=CC(=O)N1CCN(c2nc(=O)n(-c3c(C)ccnc3C(C)C)c3nc(-c4c(O)cccc4F)c(F)cc23)C(C)C1	Sex	Female	-0.00764
C=CC(=O)N1CCN(c2nc(=O)n(-c3c(C)ccnc3C(C)C)c3nc(-c4c(O)cccc4F)c(F)cc23)C(C)C1	Age	Children	-0.08318
C=CC(=O)N1CCN(c2nc(=O)n(-c3c(C)ccnc3C(C)C)c3nc(-c4c(O)cccc4F)c(F)cc23)C(C)C1	Age	Adolescent	-0.05264
C=CC(=O)N1CCN(c2nc(=O)n(-c3c(C)ccnc3C(C)C)c3nc(-c4c(O)cccc4F)c(F)cc23)C(C)C1	Age	Adult	-0.05322
C=CC(=O)N1CCN(c2nc(=O)n(-c3c(C)ccnc3C(C)C)c3nc(-c4c(O)cccc4F)c(F)cc23)C(C)C1	Age	Elderly	-0.16881
C=CC(=O)N1CCN(c2nc(=O)n(-c3c(C)ccnc3C(C)C)c3nc(-c4c(O)cccc4F)c(F)cc23)C(C)C1	Weight	Low	-0.14525
C=CC(=O)N1CCN(c2nc(=O)n(-c3c(C)ccnc3C(C)C)c3nc(-c4c(O)cccc4F)c(F)cc23)C(C)C1	Weight	Average	-0.11907
C=CC(=O)N1CCN(c2nc(=O)n(-c3c(C)ccnc3C(C)C)c3nc(-c4c(O)cccc4F)c(F)cc23)C(C)C1	Weight	High	-0.15463
C=CC1CN2CCC1CC2C(O)c1ccnc2ccc(OC)cc12	Sex	Male	-0.08963
C=CC1CN2CCC1CC2C(O)c1ccnc2ccc(OC)cc12	Sex	Female	-0.00608
C=CC1CN2CCC1CC2C(O)c1ccnc2ccc(OC)cc12	Age	Children	-0.10673
C=CC1CN2CCC1CC2C(O)c1ccnc2ccc(OC)cc12	Age	Adolescent	-0.07685
C=CC1CN2CCC1CC2C(O)c1ccnc2ccc(OC)cc12	Age	Adult	-0.05824
C=CC1CN2CCC1CC2C(O)c1ccnc2ccc(OC)cc12	Age	Elderly	-0.15782
C=CC1CN2CCC1CC2C(O)c1ccnc2ccc(OC)cc12	Weight	Low	-0.14543
C=CC1CN2CCC1CC2C(O)c1ccnc2ccc(OC)cc12	Weight	Average	-0.13093
C=CC1CN2CCC1CC2C(O)c1ccnc2ccc(OC)cc12	Weight	High	-0.15268
CC(=C(CCO)SSC(CCO)=C(C)N(C=O)Cc1cnc(C)nc1N)N(C=O)Cc1cnc(C)nc1N	Sex	Male	-0.06803
CC(=C(CCO)SSC(CCO)=C(C)N(C=O)Cc1cnc(C)nc1N)N(C=O)Cc1cnc(C)nc1N	Sex	Female	-0.00923
CC(=C(CCO)SSC(CCO)=C(C)N(C=O)Cc1cnc(C)nc1N)N(C=O)Cc1cnc(C)nc1N	Age	Children	-0.06088
CC(=C(CCO)SSC(CCO)=C(C)N(C=O)Cc1cnc(C)nc1N)N(C=O)Cc1cnc(C)nc1N	Age	Adolescent	-0.03724
CC(=C(CCO)SSC(CCO)=C(C)N(C=O)Cc1cnc(C)nc1N)N(C=O)Cc1cnc(C)nc1N	Age	Adult	-0.02009
CC(=C(CCO)SSC(CCO)=C(C)N(C=O)Cc1cnc(C)nc1N)N(C=O)Cc1cnc(C)nc1N	Age	Elderly	-0.07474
CC(=C(CCO)SSC(CCO)=C(C)N(C=O)Cc1cnc(C)nc1N)N(C=O)Cc1cnc(C)nc1N	Weight	Low	-0.09079
CC(=C(CCO)SSC(CCO)=C(C)N(C=O)Cc1cnc(C)nc1N)N(C=O)Cc1cnc(C)nc1N	Weight	Average	-0.08346
CC(=C(CCO)SSC(CCO)=C(C)N(C=O)Cc1cnc(C)nc1N)N(C=O)Cc1cnc(C)nc1N	Weight	High	-0.08838
CC(C)(C)NCC(O)c1cc(Cl)c(N)c(Cl)c1	Sex	Male	-0.12353
CC(C)(C)NCC(O)c1cc(Cl)c(N)c(Cl)c1	Sex	Female	-0.0041
CC(C)(C)NCC(O)c1cc(Cl)c(N)c(Cl)c1	Age	Children	-0.09766
CC(C)(C)NCC(O)c1cc(Cl)c(N)c(Cl)c1	Age	Adolescent	-0.06155
CC(C)(C)NCC(O)c1cc(Cl)c(N)c(Cl)c1	Age	Adult	-0.04137
CC(C)(C)NCC(O)c1cc(Cl)c(N)c(Cl)c1	Age	Elderly	-0.10578
CC(C)(C)NCC(O)c1cc(Cl)c(N)c(Cl)c1	Weight	Low	-0.13005
CC(C)(C)NCC(O)c1cc(Cl)c(N)c(Cl)c1	Weight	Average	-0.11744
CC(C)(C)NCC(O)c1cc(Cl)c(N)c(Cl)c1	Weight	High	-0.15123
CC(C)C(=O)Nc1ccc([N+](=O)[O-])c(C(F)(F)F)c1	Sex	Male	-0.12718
CC(C)C(=O)Nc1ccc([N+](=O)[O-])c(C(F)(F)F)c1	Sex	Female	-0.01111
CC(C)C(=O)Nc1ccc([N+](=O)[O-])c(C(F)(F)F)c1	Age	Children	-0.09207
CC(C)C(=O)Nc1ccc([N+](=O)[O-])c(C(F)(F)F)c1	Age	Adolescent	-0.05764
CC(C)C(=O)Nc1ccc([N+](=O)[O-])c(C(F)(F)F)c1	Age	Adult	-0.06552
CC(C)C(=O)Nc1ccc([N+](=O)[O-])c(C(F)(F)F)c1	Age	Elderly	-0.19709
CC(C)C(=O)Nc1ccc([N+](=O)[O-])c(C(F)(F)F)c1	Weight	Low	-0.11542
CC(C)C(=O)Nc1ccc([N+](=O)[O-])c(C(F)(F)F)c1	Weight	Average	-0.09964
CC(C)C(=O)Nc1ccc([N+](=O)[O-])c(C(F)(F)F)c1	Weight	High	-0.13979
CC(C)N=C(N)N=C(N)Nc1ccc(Cl)cc1	Sex	Male	-0.11328
CC(C)N=C(N)N=C(N)Nc1ccc(Cl)cc1	Sex	Female	-0.00751
CC(C)N=C(N)N=C(N)Nc1ccc(Cl)cc1	Age	Children	-0.10137
CC(C)N=C(N)N=C(N)Nc1ccc(Cl)cc1	Age	Adolescent	-0.06705
CC(C)N=C(N)N=C(N)Nc1ccc(Cl)cc1	Age	Adult	-0.06972
CC(C)N=C(N)N=C(N)Nc1ccc(Cl)cc1	Age	Elderly	-0.11378
CC(C)N=C(N)N=C(N)Nc1ccc(Cl)cc1	Weight	Low	-0.16744
CC(C)N=C(N)N=C(N)Nc1ccc(Cl)cc1	Weight	Average	-0.14707
CC(C)N=C(N)N=C(N)Nc1ccc(Cl)cc1	Weight	High	-0.143
CC(Cc1ccccc1)NCCC#N	Sex	Male	-0.16362
CC(Cc1ccccc1)NCCC#N	Sex	Female	-0.00698
CC(Cc1ccccc1)NCCC#N	Age	Children	-0.1176
CC(Cc1ccccc1)NCCC#N	Age	Adolescent	-0.07012
CC(Cc1ccccc1)NCCC#N	Age	Adult	-0.0472
CC(Cc1ccccc1)NCCC#N	Age	Elderly	-0.21103
CC(Cc1ccccc1)NCCC#N	Weight	Low	-0.17641
CC(Cc1ccccc1)NCCC#N	Weight	Average	-0.18377
CC(Cc1ccccc1)NCCC#N	Weight	High	-0.25343
CC(Oc1cc(-c2cnn(C3CCNCC3)c2)cnc1N)c1c(Cl)ccc(F)c1Cl	Sex	Male	-0.10853
CC(Oc1cc(-c2cnn(C3CCNCC3)c2)cnc1N)c1c(Cl)ccc(F)c1Cl	Sex	Female	-0.00938
CC(Oc1cc(-c2cnn(C3CCNCC3)c2)cnc1N)c1c(Cl)ccc(F)c1Cl	Age	Children	-0.078
CC(Oc1cc(-c2cnn(C3CCNCC3)c2)cnc1N)c1c(Cl)ccc(F)c1Cl	Age	Adolescent	-0.04845
CC(Oc1cc(-c2cnn(C3CCNCC3)c2)cnc1N)c1c(Cl)ccc(F)c1Cl	Age	Adult	-0.05183
CC(Oc1cc(-c2cnn(C3CCNCC3)c2)cnc1N)c1c(Cl)ccc(F)c1Cl	Age	Elderly	-0.1202
CC(Oc1cc(-c2cnn(C3CCNCC3)c2)cnc1N)c1c(Cl)ccc(F)c1Cl	Weight	Low	-0.10093
CC(Oc1cc(-c2cnn(C3CCNCC3)c2)cnc1N)c1c(Cl)ccc(F)c1Cl	Weight	Average	-0.06542
CC(Oc1cc(-c2cnn(C3CCNCC3)c2)cnc1N)c1c(Cl)ccc(F)c1Cl	Weight	High	-0.13635
CC(c1ncncc1F)C(O)(Cn1cncn1)c1ccc(F)cc1F	Sex	Male	-0.1007
CC(c1ncncc1F)C(O)(Cn1cncn1)c1ccc(F)cc1F	Sex	Female	-0.0076
CC(c1ncncc1F)C(O)(Cn1cncn1)c1ccc(F)cc1F	Age	Children	-0.08926
CC(c1ncncc1F)C(O)(Cn1cncn1)c1ccc(F)cc1F	Age	Adolescent	-0.05199
CC(c1ncncc1F)C(O)(Cn1cncn1)c1ccc(F)cc1F	Age	Adult	-0.05753
CC(c1ncncc1F)C(O)(Cn1cncn1)c1ccc(F)cc1F	Age	Elderly	-0.17056
CC(c1ncncc1F)C(O)(Cn1cncn1)c1ccc(F)cc1F	Weight	Low	-0.17113
CC(c1ncncc1F)C(O)(Cn1cncn1)c1ccc(F)cc1F	Weight	Average	-0.12478
CC(c1ncncc1F)C(O)(Cn1cncn1)c1ccc(F)cc1F	Weight	High	-0.17103
CC1CNCCCN1S(=O)(=O)c1cccc2cncc(F)c12	Sex	Male	-0.13762
CC1CNCCCN1S(=O)(=O)c1cccc2cncc(F)c12	Sex	Female	-0.00643
CC1CNCCCN1S(=O)(=O)c1cccc2cncc(F)c12	Age	Children	-0.10241
CC1CNCCCN1S(=O)(=O)c1cccc2cncc(F)c12	Age	Adolescent	-0.06975
CC1CNCCCN1S(=O)(=O)c1cccc2cncc(F)c12	Age	Adult	-0.06256
CC1CNCCCN1S(=O)(=O)c1cccc2cncc(F)c12	Age	Elderly	-0.15265
CC1CNCCCN1S(=O)(=O)c1cccc2cncc(F)c12	Weight	Low	-0.18351
CC1CNCCCN1S(=O)(=O)c1cccc2cncc(F)c12	Weight	Average	-0.11407
CC1CNCCCN1S(=O)(=O)c1cccc2cncc(F)c12	Weight	High	-0.15831
CCC(CO[N+](=O)[O-])(CO[N+](=O)[O-])CO[N+](=O)[O-]	Sex	Male	-0.06654
CCC(CO[N+](=O)[O-])(CO[N+](=O)[O-])CO[N+](=O)[O-]	Sex	Female	-0.00687
CCC(CO[N+](=O)[O-])(CO[N+](=O)[O-])CO[N+](=O)[O-]	Age	Children	-0.0767
CCC(CO[N+](=O)[O-])(CO[N+](=O)[O-])CO[N+](=O)[O-]	Age	Adolescent	-0.04785
CCC(CO[N+](=O)[O-])(CO[N+](=O)[O-])CO[N+](=O)[O-]	Age	Adult	-0.03467
CCC(CO[N+](=O)[O-])(CO[N+](=O)[O-])CO[N+](=O)[O-]	Age	Elderly	-0.1646
CCC(CO[N+](=O)[O-])(CO[N+](=O)[O-])CO[N+](=O)[O-]	Weight	Low	-0.13676
CCC(CO[N+](=O)[O-])(CO[N+](=O)[O-])CO[N+](=O)[O-]	Weight	Average	-0.11794
CCC(CO[N+](=O)[O-])(CO[N+](=O)[O-])CO[N+](=O)[O-]	Weight	High	-0.10831
CCOc1ccc2nc3cc(N)ccc3c(N)c2c1	Sex	Male	-0.10368
CCOc1ccc2nc3cc(N)ccc3c(N)c2c1	Sex	Female	-0.00667
CCOc1ccc2nc3cc(N)ccc3c(N)c2c1	Age	Children	-0.09568
CCOc1ccc2nc3cc(N)ccc3c(N)c2c1	Age	Adolescent	-0.06868
CCOc1ccc2nc3cc(N)ccc3c(N)c2c1	Age	Adult	-0.07399
CCOc1ccc2nc3cc(N)ccc3c(N)c2c1	Age	Elderly	-0.16593
CCOc1ccc2nc3cc(N)ccc3c(N)c2c1	Weight	Low	-0.14437
CCOc1ccc2nc3cc(N)ccc3c(N)c2c1	Weight	Average	-0.15891
CCOc1ccc2nc3cc(N)ccc3c(N)c2c1	Weight	High	-0.1896
CN(C)c1ccc(C(=C2C=CC(=[N+](C)C)C=C2)c2ccc(N(C)C)cc2)cc1	Sex	Male	-0.09022
CN(C)c1ccc(C(=C2C=CC(=[N+](C)C)C=C2)c2ccc(N(C)C)cc2)cc1	Sex	Female	-0.00459
CN(C)c1ccc(C(=C2C=CC(=[N+](C)C)C=C2)c2ccc(N(C)C)cc2)cc1	Age	Children	-0.06384
CN(C)c1ccc(C(=C2C=CC(=[N+](C)C)C=C2)c2ccc(N(C)C)cc2)cc1	Age	Adolescent	-0.03435
CN(C)c1ccc(C(=C2C=CC(=[N+](C)C)C=C2)c2ccc(N(C)C)cc2)cc1	Age	Adult	-0.02542
CN(C)c1ccc(C(=C2C=CC(=[N+](C)C)C=C2)c2ccc(N(C)C)cc2)cc1	Age	Elderly	-0.14147
CN(C)c1ccc(C(=C2C=CC(=[N+](C)C)C=C2)c2ccc(N(C)C)cc2)cc1	Weight	Low	-0.1125
CN(C)c1ccc(C(=C2C=CC(=[N+](C)C)C=C2)c2ccc(N(C)C)cc2)cc1	Weight	Average	-0.1053
CN(C)c1ccc(C(=C2C=CC(=[N+](C)C)C=C2)c2ccc(N(C)C)cc2)cc1	Weight	High	-0.13148
CN1C(=O)C(O)N=C(c2ccccc2Cl)c2cc(Cl)ccc21	Sex	Male	-0.10121
CN1C(=O)C(O)N=C(c2ccccc2Cl)c2cc(Cl)ccc21	Sex	Female	-0.00381
CN1C(=O)C(O)N=C(c2ccccc2Cl)c2cc(Cl)ccc21	Age	Children	-0.07867
CN1C(=O)C(O)N=C(c2ccccc2Cl)c2cc(Cl)ccc21	Age	Adolescent	-0.05801
CN1C(=O)C(O)N=C(c2ccccc2Cl)c2cc(Cl)ccc21	Age	Adult	-0.05572
CN1C(=O)C(O)N=C(c2ccccc2Cl)c2cc(Cl)ccc21	Age	Elderly	-0.19578
CN1C(=O)C(O)N=C(c2ccccc2Cl)c2cc(Cl)ccc21	Weight	Low	-0.15829
CN1C(=O)C(O)N=C(c2ccccc2Cl)c2cc(Cl)ccc21	Weight	Average	-0.17353
CN1C(=O)C(O)N=C(c2ccccc2Cl)c2cc(Cl)ccc21	Weight	High	-0.1591
COC(=O)Nc1c(N)nc(-c2nn(Cc3ccccc3F)c3ncc(F)cc23)nc1N	Sex	Male	-0.12878
COC(=O)Nc1c(N)nc(-c2nn(Cc3ccccc3F)c3ncc(F)cc23)nc1N	Sex	Female	-0.00721
COC(=O)Nc1c(N)nc(-c2nn(Cc3ccccc3F)c3ncc(F)cc23)nc1N	Age	Children	-0.07989
COC(=O)Nc1c(N)nc(-c2nn(Cc3ccccc3F)c3ncc(F)cc23)nc1N	Age	Adolescent	-0.05133
COC(=O)Nc1c(N)nc(-c2nn(Cc3ccccc3F)c3ncc(F)cc23)nc1N	Age	Adult	-0.07328
COC(=O)Nc1c(N)nc(-c2nn(Cc3ccccc3F)c3ncc(F)cc23)nc1N	Age	Elderly	-0.23546
COC(=O)Nc1c(N)nc(-c2nn(Cc3ccccc3F)c3ncc(F)cc23)nc1N	Weight	Low	-0.13575
COC(=O)Nc1c(N)nc(-c2nn(Cc3ccccc3F)c3ncc(F)cc23)nc1N	Weight	Average	-0.0895
COC(=O)Nc1c(N)nc(-c2nn(Cc3ccccc3F)c3ncc(F)cc23)nc1N	Weight	High	-0.12997
COC1(C(=O)NC(C)c2ccc(-n3cc(F)cn3)nc2)CCC(c2nc(C)cc(Nc3cc(C)[nH]n3)n2)CC1	Sex	Male	-0.10335
COC1(C(=O)NC(C)c2ccc(-n3cc(F)cn3)nc2)CCC(c2nc(C)cc(Nc3cc(C)[nH]n3)n2)CC1	Sex	Female	-0.00581
COC1(C(=O)NC(C)c2ccc(-n3cc(F)cn3)nc2)CCC(c2nc(C)cc(Nc3cc(C)[nH]n3)n2)CC1	Age	Children	-0.06841
COC1(C(=O)NC(C)c2ccc(-n3cc(F)cn3)nc2)CCC(c2nc(C)cc(Nc3cc(C)[nH]n3)n2)CC1	Age	Adolescent	-0.04566
COC1(C(=O)NC(C)c2ccc(-n3cc(F)cn3)nc2)CCC(c2nc(C)cc(Nc3cc(C)[nH]n3)n2)CC1	Age	Adult	-0.06104
COC1(C(=O)NC(C)c2ccc(-n3cc(F)cn3)nc2)CCC(c2nc(C)cc(Nc3cc(C)[nH]n3)n2)CC1	Age	Elderly	-0.138
COC1(C(=O)NC(C)c2ccc(-n3cc(F)cn3)nc2)CCC(c2nc(C)cc(Nc3cc(C)[nH]n3)n2)CC1	Weight	Low	-0.15179
COC1(C(=O)NC(C)c2ccc(-n3cc(F)cn3)nc2)CCC(c2nc(C)cc(Nc3cc(C)[nH]n3)n2)CC1	Weight	Average	-0.06411
COC1(C(=O)NC(C)c2ccc(-n3cc(F)cn3)nc2)CCC(c2nc(C)cc(Nc3cc(C)[nH]n3)n2)CC1	Weight	High	-0.09022
Cc1cc(C#N)cc(C)c1Oc1nc(Nc2ccc(C#N)cc2)nc(N)c1Br	Sex	Male	-0.11635
Cc1cc(C#N)cc(C)c1Oc1nc(Nc2ccc(C#N)cc2)nc(N)c1Br	Sex	Female	-0.00819
Cc1cc(C#N)cc(C)c1Oc1nc(Nc2ccc(C#N)cc2)nc(N)c1Br	Age	Children	-0.07906
Cc1cc(C#N)cc(C)c1Oc1nc(Nc2ccc(C#N)cc2)nc(N)c1Br	Age	Adolescent	-0.06581
Cc1cc(C#N)cc(C)c1Oc1nc(Nc2ccc(C#N)cc2)nc(N)c1Br	Age	Adult	-0.06901
Cc1cc(C#N)cc(C)c1Oc1nc(Nc2ccc(C#N)cc2)nc(N)c1Br	Age	Elderly	-0.10097
Cc1cc(C#N)cc(C)c1Oc1nc(Nc2ccc(C#N)cc2)nc(N)c1Br	Weight	Low	-0.10648
Cc1cc(C#N)cc(C)c1Oc1nc(Nc2ccc(C#N)cc2)nc(N)c1Br	Weight	Average	-0.08108
Cc1cc(C#N)cc(C)c1Oc1nc(Nc2ccc(C#N)cc2)nc(N)c1Br	Weight	High	-0.09836
Cc1ccc(-c2cc(C(F)(F)F)nn2-c2ccc(S(N)(=O)=O)cc2)cc1	Sex	Male	-0.13055
Cc1ccc(-c2cc(C(F)(F)F)nn2-c2ccc(S(N)(=O)=O)cc2)cc1	Sex	Female	-0.00693
Cc1ccc(-c2cc(C(F)(F)F)nn2-c2ccc(S(N)(=O)=O)cc2)cc1	Age	Children	-0.09785
Cc1ccc(-c2cc(C(F)(F)F)nn2-c2ccc(S(N)(=O)=O)cc2)cc1	Age	Adolescent	-0.07039
Cc1ccc(-c2cc(C(F)(F)F)nn2-c2ccc(S(N)(=O)=O)cc2)cc1	Age	Adult	-0.09162
Cc1ccc(-c2cc(C(F)(F)F)nn2-c2ccc(S(N)(=O)=O)cc2)cc1	Age	Elderly	-0.20069
Cc1ccc(-c2cc(C(F)(F)F)nn2-c2ccc(S(N)(=O)=O)cc2)cc1	Weight	Low	-0.11415
Cc1ccc(-c2cc(C(F)(F)F)nn2-c2ccc(S(N)(=O)=O)cc2)cc1	Weight	Average	-0.12901
Cc1ccc(-c2cc(C(F)(F)F)nn2-c2ccc(S(N)(=O)=O)cc2)cc1	Weight	High	-0.15785
Cc1ccc(-c2ncc(Cl)cc2-c2ccc(S(C)(=O)=O)cc2)cn1	Sex	Male	-0.07656
Cc1ccc(-c2ncc(Cl)cc2-c2ccc(S(C)(=O)=O)cc2)cn1	Sex	Female	-0.00836
Cc1ccc(-c2ncc(Cl)cc2-c2ccc(S(C)(=O)=O)cc2)cn1	Age	Children	-0.09538
Cc1ccc(-c2ncc(Cl)cc2-c2ccc(S(C)(=O)=O)cc2)cn1	Age	Adolescent	-0.06108
Cc1ccc(-c2ncc(Cl)cc2-c2ccc(S(C)(=O)=O)cc2)cn1	Age	Adult	-0.09496
Cc1ccc(-c2ncc(Cl)cc2-c2ccc(S(C)(=O)=O)cc2)cn1	Age	Elderly	-0.15172
Cc1ccc(-c2ncc(Cl)cc2-c2ccc(S(C)(=O)=O)cc2)cn1	Weight	Low	-0.14795
Cc1ccc(-c2ncc(Cl)cc2-c2ccc(S(C)(=O)=O)cc2)cn1	Weight	Average	-0.10538
Cc1ccc(-c2ncc(Cl)cc2-c2ccc(S(C)(=O)=O)cc2)cn1	Weight	High	-0.10295
Cc1ncc(COP(=O)(O)O)c(C=O)c1O	Sex	Male	-0.12106
Cc1ncc(COP(=O)(O)O)c(C=O)c1O	Sex	Female	-0.00736
Cc1ncc(COP(=O)(O)O)c(C=O)c1O	Age	Children	-0.11398
Cc1ncc(COP(=O)(O)O)c(C=O)c1O	Age	Adolescent	-0.06796
Cc1ncc(COP(=O)(O)O)c(C=O)c1O	Age	Adult	-0.05257
Cc1ncc(COP(=O)(O)O)c(C=O)c1O	Age	Elderly	-0.2045
Cc1ncc(COP(=O)(O)O)c(C=O)c1O	Weight	Low	-0.20515
Cc1ncc(COP(=O)(O)O)c(C=O)c1O	Weight	Average	-0.15402
Cc1ncc(COP(=O)(O)O)c(C=O)c1O	Weight	High	-0.22588
Cn1c(COP(=O)(NCCBr)NCCBr)cnc1[N+](=O)[O-]	Sex	Male	-0.11485
Cn1c(COP(=O)(NCCBr)NCCBr)cnc1[N+](=O)[O-]	Sex	Female	-0.0059
Cn1c(COP(=O)(NCCBr)NCCBr)cnc1[N+](=O)[O-]	Age	Children	-0.07288
Cn1c(COP(=O)(NCCBr)NCCBr)cnc1[N+](=O)[O-]	Age	Adolescent	-0.04549
Cn1c(COP(=O)(NCCBr)NCCBr)cnc1[N+](=O)[O-]	Age	Adult	-0.02707
Cn1c(COP(=O)(NCCBr)NCCBr)cnc1[N+](=O)[O-]	Age	Elderly	-0.13041
Cn1c(COP(=O)(NCCBr)NCCBr)cnc1[N+](=O)[O-]	Weight	Low	-0.10089
Cn1c(COP(=O)(NCCBr)NCCBr)cnc1[N+](=O)[O-]	Weight	Average	-0.09746
Cn1c(COP(=O)(NCCBr)NCCBr)cnc1[N+](=O)[O-]	Weight	High	-0.12803
Cn1ncc(Cl)c1-c1cc(C(=O)NC(CN)Cc2ccc(F)c(F)c2)oc1Cl	Sex	Male	-0.13867
Cn1ncc(Cl)c1-c1cc(C(=O)NC(CN)Cc2ccc(F)c(F)c2)oc1Cl	Sex	Female	-0.00743
Cn1ncc(Cl)c1-c1cc(C(=O)NC(CN)Cc2ccc(F)c(F)c2)oc1Cl	Age	Children	-0.10537
Cn1ncc(Cl)c1-c1cc(C(=O)NC(CN)Cc2ccc(F)c(F)c2)oc1Cl	Age	Adolescent	-0.06318
Cn1ncc(Cl)c1-c1cc(C(=O)NC(CN)Cc2ccc(F)c(F)c2)oc1Cl	Age	Adult	-0.06708
Cn1ncc(Cl)c1-c1cc(C(=O)NC(CN)Cc2ccc(F)c(F)c2)oc1Cl	Age	Elderly	-0.14838
Cn1ncc(Cl)c1-c1cc(C(=O)NC(CN)Cc2ccc(F)c(F)c2)oc1Cl	Weight	Low	-0.13166
Cn1ncc(Cl)c1-c1cc(C(=O)NC(CN)Cc2ccc(F)c(F)c2)oc1Cl	Weight	Average	-0.11344
Cn1ncc(Cl)c1-c1cc(C(=O)NC(CN)Cc2ccc(F)c(F)c2)oc1Cl	Weight	High	-0.21687
FC(F)(F)C(Cl)Br	Sex	Male	-0.12374
FC(F)(F)C(Cl)Br	Sex	Female	-0.01163
FC(F)(F)C(Cl)Br	Age	Children	-0.10206
FC(F)(F)C(Cl)Br	Age	Adolescent	-0.07512
FC(F)(F)C(Cl)Br	Age	Adult	-0.06087
FC(F)(F)C(Cl)Br	Age	Elderly	-0.15761
FC(F)(F)C(Cl)Br	Weight	Low	-0.1635
FC(F)(F)C(Cl)Br	Weight	Average	-0.10571
FC(F)(F)C(Cl)Br	Weight	High	-0.21039
N#Cc1cc(-c2n[nH]c(-c3ccncc3)n2)ccn1	Sex	Male	-0.11686
N#Cc1cc(-c2n[nH]c(-c3ccncc3)n2)ccn1	Sex	Female	-0.00748
N#Cc1cc(-c2n[nH]c(-c3ccncc3)n2)ccn1	Age	Children	-0.10371
N#Cc1cc(-c2n[nH]c(-c3ccncc3)n2)ccn1	Age	Adolescent	-0.05789
N#Cc1cc(-c2n[nH]c(-c3ccncc3)n2)ccn1	Age	Adult	-0.05988
N#Cc1cc(-c2n[nH]c(-c3ccncc3)n2)ccn1	Age	Elderly	-0.21449
N#Cc1cc(-c2n[nH]c(-c3ccncc3)n2)ccn1	Weight	Low	-0.18694
N#Cc1cc(-c2n[nH]c(-c3ccncc3)n2)ccn1	Weight	Average	-0.13796
N#Cc1cc(-c2n[nH]c(-c3ccncc3)n2)ccn1	Weight	High	-0.19297
N#Cc1ccc2c(c1)N(CCCN1CCC(O)CC1)c1ccccc1S2	Sex	Male	-0.15193
N#Cc1ccc2c(c1)N(CCCN1CCC(O)CC1)c1ccccc1S2	Sex	Female	-0.00781
N#Cc1ccc2c(c1)N(CCCN1CCC(O)CC1)c1ccccc1S2	Age	Children	-0.09147
N#Cc1ccc2c(c1)N(CCCN1CCC(O)CC1)c1ccccc1S2	Age	Adolescent	-0.05592
N#Cc1ccc2c(c1)N(CCCN1CCC(O)CC1)c1ccccc1S2	Age	Adult	-0.02187
N#Cc1ccc2c(c1)N(CCCN1CCC(O)CC1)c1ccccc1S2	Age	Elderly	-0.15415
N#Cc1ccc2c(c1)N(CCCN1CCC(O)CC1)c1ccccc1S2	Weight	Low	-0.20188
N#Cc1ccc2c(c1)N(CCCN1CCC(O)CC1)c1ccccc1S2	Weight	Average	-0.19873
N#Cc1ccc2c(c1)N(CCCN1CCC(O)CC1)c1ccccc1S2	Weight	High	-0.18804
NCc1ccc(S(N)(=O)=O)cc1	Sex	Male	-0.14891
NCc1ccc(S(N)(=O)=O)cc1	Sex	Female	-0.00865
NCc1ccc(S(N)(=O)=O)cc1	Age	Children	-0.12869
NCc1ccc(S(N)(=O)=O)cc1	Age	Adolescent	-0.09442
NCc1ccc(S(N)(=O)=O)cc1	Age	Adult	-0.08127
NCc1ccc(S(N)(=O)=O)cc1	Age	Elderly	-0.27034
NCc1ccc(S(N)(=O)=O)cc1	Weight	Low	-0.1768
NCc1ccc(S(N)(=O)=O)cc1	Weight	Average	-0.22594
NCc1ccc(S(N)(=O)=O)cc1	Weight	High	-0.2643
NS(=O)(=O)c1cc2c(cc1Cl)NC=NS2(=O)=O	Sex	Male	-0.12538
NS(=O)(=O)c1cc2c(cc1Cl)NC=NS2(=O)=O	Sex	Female	-0.0049
NS(=O)(=O)c1cc2c(cc1Cl)NC=NS2(=O)=O	Age	Children	-0.09232
NS(=O)(=O)c1cc2c(cc1Cl)NC=NS2(=O)=O	Age	Adolescent	-0.0666
NS(=O)(=O)c1cc2c(cc1Cl)NC=NS2(=O)=O	Age	Adult	-0.06107
NS(=O)(=O)c1cc2c(cc1Cl)NC=NS2(=O)=O	Age	Elderly	-0.19428
NS(=O)(=O)c1cc2c(cc1Cl)NC=NS2(=O)=O	Weight	Low	-0.19912
NS(=O)(=O)c1cc2c(cc1Cl)NC=NS2(=O)=O	Weight	Average	-0.12657
NS(=O)(=O)c1cc2c(cc1Cl)NC=NS2(=O)=O	Weight	High	-0.19744
NS(=O)(=O)c1ccc(N2CCCCS2(=O)=O)cc1	Sex	Male	-0.12443
NS(=O)(=O)c1ccc(N2CCCCS2(=O)=O)cc1	Sex	Female	-0.00746
NS(=O)(=O)c1ccc(N2CCCCS2(=O)=O)cc1	Age	Children	-0.11171
NS(=O)(=O)c1ccc(N2CCCCS2(=O)=O)cc1	Age	Adolescent	-0.07283
NS(=O)(=O)c1ccc(N2CCCCS2(=O)=O)cc1	Age	Adult	-0.07705
NS(=O)(=O)c1ccc(N2CCCCS2(=O)=O)cc1	Age	Elderly	-0.25159
NS(=O)(=O)c1ccc(N2CCCCS2(=O)=O)cc1	Weight	Low	-0.23378
NS(=O)(=O)c1ccc(N2CCCCS2(=O)=O)cc1	Weight	Average	-0.17986
NS(=O)(=O)c1ccc(N2CCCCS2(=O)=O)cc1	Weight	High	-0.20798
Nc1nc(-n2cc(C(=O)O)c(=O)c3cc(F)c(N4CC(O)C4)c(Cl)c32)c(F)cc1F	Sex	Male	-0.13265
Nc1nc(-n2cc(C(=O)O)c(=O)c3cc(F)c(N4CC(O)C4)c(Cl)c32)c(F)cc1F	Sex	Female	-0.0072
Nc1nc(-n2cc(C(=O)O)c(=O)c3cc(F)c(N4CC(O)C4)c(Cl)c32)c(F)cc1F	Age	Children	-0.08264
Nc1nc(-n2cc(C(=O)O)c(=O)c3cc(F)c(N4CC(O)C4)c(Cl)c32)c(F)cc1F	Age	Adolescent	-0.04725
Nc1nc(-n2cc(C(=O)O)c(=O)c3cc(F)c(N4CC(O)C4)c(Cl)c32)c(F)cc1F	Age	Adult	-0.05346
Nc1nc(-n2cc(C(=O)O)c(=O)c3cc(F)c(N4CC(O)C4)c(Cl)c32)c(F)cc1F	Age	Elderly	-0.19762
Nc1nc(-n2cc(C(=O)O)c(=O)c3cc(F)c(N4CC(O)C4)c(Cl)c32)c(F)cc1F	Weight	Low	-0.13618
Nc1nc(-n2cc(C(=O)O)c(=O)c3cc(F)c(N4CC(O)C4)c(Cl)c32)c(F)cc1F	Weight	Average	-0.14203
Nc1nc(-n2cc(C(=O)O)c(=O)c3cc(F)c(N4CC(O)C4)c(Cl)c32)c(F)cc1F	Weight	High	-0.2034
O=C(Nc1ccc(Cl)cc1)Nc1ccc(Cl)c(Cl)c1	Sex	Male	-0.07681
O=C(Nc1ccc(Cl)cc1)Nc1ccc(Cl)c(Cl)c1	Sex	Female	-0.00953
O=C(Nc1ccc(Cl)cc1)Nc1ccc(Cl)c(Cl)c1	Age	Children	-0.0861
O=C(Nc1ccc(Cl)cc1)Nc1ccc(Cl)c(Cl)c1	Age	Adolescent	-0.04604
O=C(Nc1ccc(Cl)cc1)Nc1ccc(Cl)c(Cl)c1	Age	Adult	-0.07907
O=C(Nc1ccc(Cl)cc1)Nc1ccc(Cl)c(Cl)c1	Age	Elderly	-0.09047
O=C(Nc1ccc(Cl)cc1)Nc1ccc(Cl)c(Cl)c1	Weight	Low	-0.09334
O=C(Nc1ccc(Cl)cc1)Nc1ccc(Cl)c(Cl)c1	Weight	Average	-0.09656
O=C(Nc1ccc(Cl)cc1)Nc1ccc(Cl)c(Cl)c1	Weight	High	-0.12138
O=C(O)c1ccc2nc(-c3cc(Cl)cc(Cl)c3)oc2c1	Sex	Male	-0.10097
O=C(O)c1ccc2nc(-c3cc(Cl)cc(Cl)c3)oc2c1	Sex	Female	-0.00687
O=C(O)c1ccc2nc(-c3cc(Cl)cc(Cl)c3)oc2c1	Age	Children	-0.10054
O=C(O)c1ccc2nc(-c3cc(Cl)cc(Cl)c3)oc2c1	Age	Adolescent	-0.0564
O=C(O)c1ccc2nc(-c3cc(Cl)cc(Cl)c3)oc2c1	Age	Adult	-0.07326
O=C(O)c1ccc2nc(-c3cc(Cl)cc(Cl)c3)oc2c1	Age	Elderly	-0.14807
O=C(O)c1ccc2nc(-c3cc(Cl)cc(Cl)c3)oc2c1	Weight	Low	-0.11734
O=C(O)c1ccc2nc(-c3cc(Cl)cc(Cl)c3)oc2c1	Weight	Average	-0.09265
O=C(O)c1ccc2nc(-c3cc(Cl)cc(Cl)c3)oc2c1	Weight	High	-0.15352
O=CO	Sex	Male	-0.16473
O=CO	Sex	Female	-0.00728
O=CO	Age	Children	-0.09948
O=CO	Age	Adolescent	-0.07478
O=CO	Age	Adult	-0.0717
O=CO	Age	Elderly	-0.19381
O=CO	Weight	Low	-0.1438
O=CO	Weight	Average	-0.13563
O=CO	Weight	High	-0.25353
O=P(O)(O)C(O)(Cc1cccnc1)P(=O)(O)O	Sex	Male	-0.08898
O=P(O)(O)C(O)(Cc1cccnc1)P(=O)(O)O	Sex	Female	-0.00661
O=P(O)(O)C(O)(Cc1cccnc1)P(=O)(O)O	Age	Children	-0.1088
O=P(O)(O)C(O)(Cc1cccnc1)P(=O)(O)O	Age	Adolescent	-0.07401
O=P(O)(O)C(O)(Cc1cccnc1)P(=O)(O)O	Age	Adult	-0.04357
O=P(O)(O)C(O)(Cc1cccnc1)P(=O)(O)O	Age	Elderly	-0.15987
O=P(O)(O)C(O)(Cc1cccnc1)P(=O)(O)O	Weight	Low	-0.19674
O=P(O)(O)C(O)(Cc1cccnc1)P(=O)(O)O	Weight	Average	-0.15053
O=P(O)(O)C(O)(Cc1cccnc1)P(=O)(O)O	Weight	High	-0.13623
O=[N+]([O-])OC1COC2C(O)COC12	Sex	Male	-0.09189
O=[N+]([O-])OC1COC2C(O)COC12	Sex	Female	-0.00506
O=[N+]([O-])OC1COC2C(O)COC12	Age	Children	-0.08899
O=[N+]([O-])OC1COC2C(O)COC12	Age	Adolescent	-0.05972
O=[N+]([O-])OC1COC2C(O)COC12	Age	Adult	-0.02627
O=[N+]([O-])OC1COC2C(O)COC12	Age	Elderly	-0.1858
O=[N+]([O-])OC1COC2C(O)COC12	Weight	Low	-0.14728
O=[N+]([O-])OC1COC2C(O)COC12	Weight	Average	-0.20357
O=[N+]([O-])OC1COC2C(O)COC12	Weight	High	-0.20155
COc1cc(Nc2c(C#N)cnc3cc(OCCCN4CCN(C)CC4)c(OC)cc23)c(Cl)cc1Cl	Sex	Male	-0.12479
COc1cc(Nc2c(C#N)cnc3cc(OCCCN4CCN(C)CC4)c(OC)cc23)c(Cl)cc1Cl	Sex	Female	-0.00432
COc1cc(Nc2c(C#N)cnc3cc(OCCCN4CCN(C)CC4)c(OC)cc23)c(Cl)cc1Cl	Age	Children	-0.06092
COc1cc(Nc2c(C#N)cnc3cc(OCCCN4CCN(C)CC4)c(OC)cc23)c(Cl)cc1Cl	Age	Adolescent	-0.0278
COc1cc(Nc2c(C#N)cnc3cc(OCCCN4CCN(C)CC4)c(OC)cc23)c(Cl)cc1Cl	Age	Adult	-0.03851
COc1cc(Nc2c(C#N)cnc3cc(OCCCN4CCN(C)CC4)c(OC)cc23)c(Cl)cc1Cl	Age	Elderly	-0.14338
COc1cc(Nc2c(C#N)cnc3cc(OCCCN4CCN(C)CC4)c(OC)cc23)c(Cl)cc1Cl	Weight	Low	-0.06192
COc1cc(Nc2c(C#N)cnc3cc(OCCCN4CCN(C)CC4)c(OC)cc23)c(Cl)cc1Cl	Weight	Average	-0.05742
COc1cc(Nc2c(C#N)cnc3cc(OCCCN4CCN(C)CC4)c(OC)cc23)c(Cl)cc1Cl	Weight	High	-0.0733
CS(=O)(=O)c1ccc(C(=O)Nc2ccc(Cl)c(-c3ccccn3)c2)c(Cl)c1	Sex	Male	-0.07992
CS(=O)(=O)c1ccc(C(=O)Nc2ccc(Cl)c(-c3ccccn3)c2)c(Cl)c1	Sex	Female	-0.01163
CS(=O)(=O)c1ccc(C(=O)Nc2ccc(Cl)c(-c3ccccn3)c2)c(Cl)c1	Age	Children	-0.10025
CS(=O)(=O)c1ccc(C(=O)Nc2ccc(Cl)c(-c3ccccn3)c2)c(Cl)c1	Age	Adolescent	-0.06156
CS(=O)(=O)c1ccc(C(=O)Nc2ccc(Cl)c(-c3ccccn3)c2)c(Cl)c1	Age	Adult	-0.0873
CS(=O)(=O)c1ccc(C(=O)Nc2ccc(Cl)c(-c3ccccn3)c2)c(Cl)c1	Age	Elderly	-0.19718
CS(=O)(=O)c1ccc(C(=O)Nc2ccc(Cl)c(-c3ccccn3)c2)c(Cl)c1	Weight	Low	-0.14722
CS(=O)(=O)c1ccc(C(=O)Nc2ccc(Cl)c(-c3ccccn3)c2)c(Cl)c1	Weight	Average	-0.14195
CS(=O)(=O)c1ccc(C(=O)Nc2ccc(Cl)c(-c3ccccn3)c2)c(Cl)c1	Weight	High	-0.14736
CCN1CCN(c2cc(-c3ccc(F)cc3)c3c(n2)CCCCCC3)CC1	Sex	Male	-0.08474
CCN1CCN(c2cc(-c3ccc(F)cc3)c3c(n2)CCCCCC3)CC1	Sex	Female	-0.00143
CCN1CCN(c2cc(-c3ccc(F)cc3)c3c(n2)CCCCCC3)CC1	Age	Children	-0.07569
CCN1CCN(c2cc(-c3ccc(F)cc3)c3c(n2)CCCCCC3)CC1	Age	Adolescent	-0.05268
CCN1CCN(c2cc(-c3ccc(F)cc3)c3c(n2)CCCCCC3)CC1	Age	Adult	-0.04309
CCN1CCN(c2cc(-c3ccc(F)cc3)c3c(n2)CCCCCC3)CC1	Age	Elderly	-0.15416
CCN1CCN(c2cc(-c3ccc(F)cc3)c3c(n2)CCCCCC3)CC1	Weight	Low	-0.11021
CCN1CCN(c2cc(-c3ccc(F)cc3)c3c(n2)CCCCCC3)CC1	Weight	Average	-0.129
CCN1CCN(c2cc(-c3ccc(F)cc3)c3c(n2)CCCCCC3)CC1	Weight	High	-0.13749
CC(C)Oc1ccc(-c2nn(C(C)c3oc4ccc(F)cc4c(=O)c3-c3cccc(F)c3)c3ncnc(N)c23)cc1F	Sex	Male	-0.10198
CC(C)Oc1ccc(-c2nn(C(C)c3oc4ccc(F)cc4c(=O)c3-c3cccc(F)c3)c3ncnc(N)c23)cc1F	Sex	Female	-0.00796
CC(C)Oc1ccc(-c2nn(C(C)c3oc4ccc(F)cc4c(=O)c3-c3cccc(F)c3)c3ncnc(N)c23)cc1F	Age	Children	-0.09796
CC(C)Oc1ccc(-c2nn(C(C)c3oc4ccc(F)cc4c(=O)c3-c3cccc(F)c3)c3ncnc(N)c23)cc1F	Age	Adolescent	-0.06616
CC(C)Oc1ccc(-c2nn(C(C)c3oc4ccc(F)cc4c(=O)c3-c3cccc(F)c3)c3ncnc(N)c23)cc1F	Age	Adult	-0.06761
CC(C)Oc1ccc(-c2nn(C(C)c3oc4ccc(F)cc4c(=O)c3-c3cccc(F)c3)c3ncnc(N)c23)cc1F	Age	Elderly	-0.14792
CC(C)Oc1ccc(-c2nn(C(C)c3oc4ccc(F)cc4c(=O)c3-c3cccc(F)c3)c3ncnc(N)c23)cc1F	Weight	Low	-0.19821
CC(C)Oc1ccc(-c2nn(C(C)c3oc4ccc(F)cc4c(=O)c3-c3cccc(F)c3)c3ncnc(N)c23)cc1F	Weight	Average	-0.1371
CC(C)Oc1ccc(-c2nn(C(C)c3oc4ccc(F)cc4c(=O)c3-c3cccc(F)c3)c3ncnc(N)c23)cc1F	Weight	High	-0.21982
CCN1C(=O)N(c2c(F)c(OC)cc(OC)c2F)Cc2cnc3[nH]c(CN4CCOCC4)cc3c21	Sex	Male	-0.08631
CCN1C(=O)N(c2c(F)c(OC)cc(OC)c2F)Cc2cnc3[nH]c(CN4CCOCC4)cc3c21	Sex	Female	-0.0028
CCN1C(=O)N(c2c(F)c(OC)cc(OC)c2F)Cc2cnc3[nH]c(CN4CCOCC4)cc3c21	Age	Children	-0.06513
CCN1C(=O)N(c2c(F)c(OC)cc(OC)c2F)Cc2cnc3[nH]c(CN4CCOCC4)cc3c21	Age	Adolescent	-0.03893
CCN1C(=O)N(c2c(F)c(OC)cc(OC)c2F)Cc2cnc3[nH]c(CN4CCOCC4)cc3c21	Age	Adult	-0.0498
CCN1C(=O)N(c2c(F)c(OC)cc(OC)c2F)Cc2cnc3[nH]c(CN4CCOCC4)cc3c21	Age	Elderly	-0.11876
CCN1C(=O)N(c2c(F)c(OC)cc(OC)c2F)Cc2cnc3[nH]c(CN4CCOCC4)cc3c21	Weight	Low	-0.15379
CCN1C(=O)N(c2c(F)c(OC)cc(OC)c2F)Cc2cnc3[nH]c(CN4CCOCC4)cc3c21	Weight	Average	-0.09726
CCN1C(=O)N(c2c(F)c(OC)cc(OC)c2F)Cc2cnc3[nH]c(CN4CCOCC4)cc3c21	Weight	High	-0.14912
CNCc1cc(-c2ccccc2F)n(S(=O)(=O)c2cccnc2)c1	Sex	Male	-0.11244
CNCc1cc(-c2ccccc2F)n(S(=O)(=O)c2cccnc2)c1	Sex	Female	-0.0081
CNCc1cc(-c2ccccc2F)n(S(=O)(=O)c2cccnc2)c1	Age	Children	-0.0938
CNCc1cc(-c2ccccc2F)n(S(=O)(=O)c2cccnc2)c1	Age	Adolescent	-0.04849
CNCc1cc(-c2ccccc2F)n(S(=O)(=O)c2cccnc2)c1	Age	Adult	-0.06889
CNCc1cc(-c2ccccc2F)n(S(=O)(=O)c2cccnc2)c1	Age	Elderly	-0.22345
CNCc1cc(-c2ccccc2F)n(S(=O)(=O)c2cccnc2)c1	Weight	Low	-0.11299
CNCc1cc(-c2ccccc2F)n(S(=O)(=O)c2cccnc2)c1	Weight	Average	-0.1077
CNCc1cc(-c2ccccc2F)n(S(=O)(=O)c2cccnc2)c1	Weight	High	-0.12874
N#CCC(C1CCCC1)n1cc(-c2ncnc3[nH]ccc23)cn1	Sex	Male	-0.08033
N#CCC(C1CCCC1)n1cc(-c2ncnc3[nH]ccc23)cn1	Sex	Female	-0.00274
N#CCC(C1CCCC1)n1cc(-c2ncnc3[nH]ccc23)cn1	Age	Children	-0.07787
N#CCC(C1CCCC1)n1cc(-c2ncnc3[nH]ccc23)cn1	Age	Adolescent	-0.05122
N#CCC(C1CCCC1)n1cc(-c2ncnc3[nH]ccc23)cn1	Age	Adult	-0.05397
N#CCC(C1CCCC1)n1cc(-c2ncnc3[nH]ccc23)cn1	Age	Elderly	-0.17237
N#CCC(C1CCCC1)n1cc(-c2ncnc3[nH]ccc23)cn1	Weight	Low	-0.09769
N#CCC(C1CCCC1)n1cc(-c2ncnc3[nH]ccc23)cn1	Weight	Average	-0.08558
N#CCC(C1CCCC1)n1cc(-c2ncnc3[nH]ccc23)cn1	Weight	High	-0.10606
N#Cc1cc(NC(=O)C(=O)O)c(Cl)c(NC(=O)C(=O)O)c1	Sex	Male	-0.09464
N#Cc1cc(NC(=O)C(=O)O)c(Cl)c(NC(=O)C(=O)O)c1	Sex	Female	0.00089
N#Cc1cc(NC(=O)C(=O)O)c(Cl)c(NC(=O)C(=O)O)c1	Age	Children	-0.10242
N#Cc1cc(NC(=O)C(=O)O)c(Cl)c(NC(=O)C(=O)O)c1	Age	Adolescent	-0.06707
N#Cc1cc(NC(=O)C(=O)O)c(Cl)c(NC(=O)C(=O)O)c1	Age	Adult	-0.05342
N#Cc1cc(NC(=O)C(=O)O)c(Cl)c(NC(=O)C(=O)O)c1	Age	Elderly	-0.20173
N#Cc1cc(NC(=O)C(=O)O)c(Cl)c(NC(=O)C(=O)O)c1	Weight	Low	-0.17174
N#Cc1cc(NC(=O)C(=O)O)c(Cl)c(NC(=O)C(=O)O)c1	Weight	Average	-0.13021
N#Cc1cc(NC(=O)C(=O)O)c(Cl)c(NC(=O)C(=O)O)c1	Weight	High	-0.16754
NS(=O)(=O)c1cc(Cl)c(Cl)c(S(N)(=O)=O)c1	Sex	Male	-0.10694
NS(=O)(=O)c1cc(Cl)c(Cl)c(S(N)(=O)=O)c1	Sex	Female	-0.00978
NS(=O)(=O)c1cc(Cl)c(Cl)c(S(N)(=O)=O)c1	Age	Children	-0.10655
NS(=O)(=O)c1cc(Cl)c(Cl)c(S(N)(=O)=O)c1	Age	Adolescent	-0.07205
NS(=O)(=O)c1cc(Cl)c(Cl)c(S(N)(=O)=O)c1	Age	Adult	-0.06728
NS(=O)(=O)c1cc(Cl)c(Cl)c(S(N)(=O)=O)c1	Age	Elderly	-0.21203
NS(=O)(=O)c1cc(Cl)c(Cl)c(S(N)(=O)=O)c1	Weight	Low	-0.1715
NS(=O)(=O)c1cc(Cl)c(Cl)c(S(N)(=O)=O)c1	Weight	Average	-0.16389
NS(=O)(=O)c1cc(Cl)c(Cl)c(S(N)(=O)=O)c1	Weight	High	-0.19993
O=S(=O)(O)c1ccc2cccccc1-2	Sex	Male	-0.11125
O=S(=O)(O)c1ccc2cccccc1-2	Sex	Female	-0.00821
O=S(=O)(O)c1ccc2cccccc1-2	Age	Children	-0.12078
O=S(=O)(O)c1ccc2cccccc1-2	Age	Adolescent	-0.07963
O=S(=O)(O)c1ccc2cccccc1-2	Age	Adult	-0.06131
O=S(=O)(O)c1ccc2cccccc1-2	Age	Elderly	-0.17831
O=S(=O)(O)c1ccc2cccccc1-2	Weight	Low	-0.18569
O=S(=O)(O)c1ccc2cccccc1-2	Weight	Average	-0.16229
O=S(=O)(O)c1ccc2cccccc1-2	Weight	High	-0.20498
O=S(=O)(O)c1ccc2nc(-c3ccccc3)[nH]c2c1	Sex	Male	-0.10174
O=S(=O)(O)c1ccc2nc(-c3ccccc3)[nH]c2c1	Sex	Female	-0.00693
O=S(=O)(O)c1ccc2nc(-c3ccccc3)[nH]c2c1	Age	Children	-0.09176
O=S(=O)(O)c1ccc2nc(-c3ccccc3)[nH]c2c1	Age	Adolescent	-0.06362
O=S(=O)(O)c1ccc2nc(-c3ccccc3)[nH]c2c1	Age	Adult	-0.08309
O=S(=O)(O)c1ccc2nc(-c3ccccc3)[nH]c2c1	Age	Elderly	-0.19246
O=S(=O)(O)c1ccc2nc(-c3ccccc3)[nH]c2c1	Weight	Low	-0.12284
O=S(=O)(O)c1ccc2nc(-c3ccccc3)[nH]c2c1	Weight	Average	-0.08115
O=S(=O)(O)c1ccc2nc(-c3ccccc3)[nH]c2c1	Weight	High	-0.16344
Cc1oc(=O)oc1CN1CCN(c2cc3c(cc2F)c(=O)c(C(=O)O)c2n3C(C)S2)CC1	Sex	Male	-0.11784
Cc1oc(=O)oc1CN1CCN(c2cc3c(cc2F)c(=O)c(C(=O)O)c2n3C(C)S2)CC1	Sex	Female	-0.00879
Cc1oc(=O)oc1CN1CCN(c2cc3c(cc2F)c(=O)c(C(=O)O)c2n3C(C)S2)CC1	Age	Children	-0.09535
Cc1oc(=O)oc1CN1CCN(c2cc3c(cc2F)c(=O)c(C(=O)O)c2n3C(C)S2)CC1	Age	Adolescent	-0.05637
Cc1oc(=O)oc1CN1CCN(c2cc3c(cc2F)c(=O)c(C(=O)O)c2n3C(C)S2)CC1	Age	Adult	-0.04611
Cc1oc(=O)oc1CN1CCN(c2cc3c(cc2F)c(=O)c(C(=O)O)c2n3C(C)S2)CC1	Age	Elderly	-0.17207
Cc1oc(=O)oc1CN1CCN(c2cc3c(cc2F)c(=O)c(C(=O)O)c2n3C(C)S2)CC1	Weight	Low	-0.13909
Cc1oc(=O)oc1CN1CCN(c2cc3c(cc2F)c(=O)c(C(=O)O)c2n3C(C)S2)CC1	Weight	Average	-0.15669
Cc1oc(=O)oc1CN1CCN(c2cc3c(cc2F)c(=O)c(C(=O)O)c2n3C(C)S2)CC1	Weight	High	-0.20904
CC(C)(C)OCC1C(=O)NCCN1C(=O)CC(N)Cc1cc(F)c(F)cc1F	Sex	Male	-0.10644
CC(C)(C)OCC1C(=O)NCCN1C(=O)CC(N)Cc1cc(F)c(F)cc1F	Sex	Female	-0.00524
CC(C)(C)OCC1C(=O)NCCN1C(=O)CC(N)Cc1cc(F)c(F)cc1F	Age	Children	-0.08492
CC(C)(C)OCC1C(=O)NCCN1C(=O)CC(N)Cc1cc(F)c(F)cc1F	Age	Adolescent	-0.05841
CC(C)(C)OCC1C(=O)NCCN1C(=O)CC(N)Cc1cc(F)c(F)cc1F	Age	Adult	-0.04941
CC(C)(C)OCC1C(=O)NCCN1C(=O)CC(N)Cc1cc(F)c(F)cc1F	Age	Elderly	-0.16456
CC(C)(C)OCC1C(=O)NCCN1C(=O)CC(N)Cc1cc(F)c(F)cc1F	Weight	Low	-0.18793
CC(C)(C)OCC1C(=O)NCCN1C(=O)CC(N)Cc1cc(F)c(F)cc1F	Weight	Average	-0.16932
CC(C)(C)OCC1C(=O)NCCN1C(=O)CC(N)Cc1cc(F)c(F)cc1F	Weight	High	-0.20387
CC(Cc1ccccc1)NCc1ccccc1Cl	Sex	Male	-0.10084
CC(Cc1ccccc1)NCc1ccccc1Cl	Sex	Female	-0.00751
CC(Cc1ccccc1)NCc1ccccc1Cl	Age	Children	-0.1158
CC(Cc1ccccc1)NCc1ccccc1Cl	Age	Adolescent	-0.05928
CC(Cc1ccccc1)NCc1ccccc1Cl	Age	Adult	-0.05106
CC(Cc1ccccc1)NCc1ccccc1Cl	Age	Elderly	-0.11216
CC(Cc1ccccc1)NCc1ccccc1Cl	Weight	Low	-0.14949
CC(Cc1ccccc1)NCc1ccccc1Cl	Weight	Average	-0.13788
CC(Cc1ccccc1)NCc1ccccc1Cl	Weight	High	-0.20879
CC1CC(N)CC(c2ccncc2NC(=O)c2ccc(F)c(-c3c(F)cccc3F)n2)C1	Sex	Male	-0.07668
CC1CC(N)CC(c2ccncc2NC(=O)c2ccc(F)c(-c3c(F)cccc3F)n2)C1	Sex	Female	-0.00743
CC1CC(N)CC(c2ccncc2NC(=O)c2ccc(F)c(-c3c(F)cccc3F)n2)C1	Age	Children	-0.08688
CC1CC(N)CC(c2ccncc2NC(=O)c2ccc(F)c(-c3c(F)cccc3F)n2)C1	Age	Adolescent	-0.05522
CC1CC(N)CC(c2ccncc2NC(=O)c2ccc(F)c(-c3c(F)cccc3F)n2)C1	Age	Adult	-0.06128
CC1CC(N)CC(c2ccncc2NC(=O)c2ccc(F)c(-c3c(F)cccc3F)n2)C1	Age	Elderly	-0.10348
CC1CC(N)CC(c2ccncc2NC(=O)c2ccc(F)c(-c3c(F)cccc3F)n2)C1	Weight	Low	-0.14078
CC1CC(N)CC(c2ccncc2NC(=O)c2ccc(F)c(-c3c(F)cccc3F)n2)C1	Weight	Average	-0.09777
CC1CC(N)CC(c2ccncc2NC(=O)c2ccc(F)c(-c3c(F)cccc3F)n2)C1	Weight	High	-0.10414
CC1Oc2cc(cnc2N)-c2c(nn(C)c2C#N)CN(C)C(=O)c2ccc(F)cc21	Sex	Male	-0.10937
CC1Oc2cc(cnc2N)-c2c(nn(C)c2C#N)CN(C)C(=O)c2ccc(F)cc21	Sex	Female	-0.0084
CC1Oc2cc(cnc2N)-c2c(nn(C)c2C#N)CN(C)C(=O)c2ccc(F)cc21	Age	Children	-0.09198
CC1Oc2cc(cnc2N)-c2c(nn(C)c2C#N)CN(C)C(=O)c2ccc(F)cc21	Age	Adolescent	-0.06872
CC1Oc2cc(cnc2N)-c2c(nn(C)c2C#N)CN(C)C(=O)c2ccc(F)cc21	Age	Adult	-0.0829
CC1Oc2cc(cnc2N)-c2c(nn(C)c2C#N)CN(C)C(=O)c2ccc(F)cc21	Age	Elderly	-0.21138
CC1Oc2cc(cnc2N)-c2c(nn(C)c2C#N)CN(C)C(=O)c2ccc(F)cc21	Weight	Low	-0.14751
CC1Oc2cc(cnc2N)-c2c(nn(C)c2C#N)CN(C)C(=O)c2ccc(F)cc21	Weight	Average	-0.17214
CC1Oc2cc(cnc2N)-c2c(nn(C)c2C#N)CN(C)C(=O)c2ccc(F)cc21	Weight	High	-0.17662
CCC1(C2OC(C3OC(O)(CO)C(C)CC3C)CC2C)CCC(C2(C)CCC3(CC(O)C(C)C(C(C)C(OC)C(C)C(=O)O)O3)O2)O1	Sex	Male	-0.09141
CCC1(C2OC(C3OC(O)(CO)C(C)CC3C)CC2C)CCC(C2(C)CCC3(CC(O)C(C)C(C(C)C(OC)C(C)C(=O)O)O3)O2)O1	Sex	Female	-0.00729
CCC1(C2OC(C3OC(O)(CO)C(C)CC3C)CC2C)CCC(C2(C)CCC3(CC(O)C(C)C(C(C)C(OC)C(C)C(=O)O)O3)O2)O1	Age	Children	-0.07581
CCC1(C2OC(C3OC(O)(CO)C(C)CC3C)CC2C)CCC(C2(C)CCC3(CC(O)C(C)C(C(C)C(OC)C(C)C(=O)O)O3)O2)O1	Age	Adolescent	-0.06915
CCC1(C2OC(C3OC(O)(CO)C(C)CC3C)CC2C)CCC(C2(C)CCC3(CC(O)C(C)C(C(C)C(OC)C(C)C(=O)O)O3)O2)O1	Age	Adult	-0.03334
CCC1(C2OC(C3OC(O)(CO)C(C)CC3C)CC2C)CCC(C2(C)CCC3(CC(O)C(C)C(C(C)C(OC)C(C)C(=O)O)O3)O2)O1	Age	Elderly	-0.09155
CCC1(C2OC(C3OC(O)(CO)C(C)CC3C)CC2C)CCC(C2(C)CCC3(CC(O)C(C)C(C(C)C(OC)C(C)C(=O)O)O3)O2)O1	Weight	Low	-0.16654
CCC1(C2OC(C3OC(O)(CO)C(C)CC3C)CC2C)CCC(C2(C)CCC3(CC(O)C(C)C(C(C)C(OC)C(C)C(=O)O)O3)O2)O1	Weight	Average	-0.07601
CCC1(C2OC(C3OC(O)(CO)C(C)CC3C)CC2C)CCC(C2(C)CCC3(CC(O)C(C)C(C(C)C(OC)C(C)C(=O)O)O3)O2)O1	Weight	High	-0.14569
CNC(=O)c1c(I)c(NC(C)=O)c(I)c(C(=O)O)c1I	Sex	Male	-0.12542
CNC(=O)c1c(I)c(NC(C)=O)c(I)c(C(=O)O)c1I	Sex	Female	-0.00782
CNC(=O)c1c(I)c(NC(C)=O)c(I)c(C(=O)O)c1I	Age	Children	-0.09195
CNC(=O)c1c(I)c(NC(C)=O)c(I)c(C(=O)O)c1I	Age	Adolescent	-0.05571
CNC(=O)c1c(I)c(NC(C)=O)c(I)c(C(=O)O)c1I	Age	Adult	-0.03837
CNC(=O)c1c(I)c(NC(C)=O)c(I)c(C(=O)O)c1I	Age	Elderly	-0.16127
CNC(=O)c1c(I)c(NC(C)=O)c(I)c(C(=O)O)c1I	Weight	Low	-0.16119
CNC(=O)c1c(I)c(NC(C)=O)c(I)c(C(=O)O)c1I	Weight	Average	-0.12085
CNC(=O)c1c(I)c(NC(C)=O)c(I)c(C(=O)O)c1I	Weight	High	-0.18208
Cc1cc(O)c(S(=O)(=O)O)cc1Cc1cc(S(=O)(=O)O)c(O)c(Cc2cc(S(=O)(=O)O)c(O)cc2C)c1C	Sex	Male	-0.08995
Cc1cc(O)c(S(=O)(=O)O)cc1Cc1cc(S(=O)(=O)O)c(O)c(Cc2cc(S(=O)(=O)O)c(O)cc2C)c1C	Sex	Female	-0.00777
Cc1cc(O)c(S(=O)(=O)O)cc1Cc1cc(S(=O)(=O)O)c(O)c(Cc2cc(S(=O)(=O)O)c(O)cc2C)c1C	Age	Children	-0.10802
Cc1cc(O)c(S(=O)(=O)O)cc1Cc1cc(S(=O)(=O)O)c(O)c(Cc2cc(S(=O)(=O)O)c(O)cc2C)c1C	Age	Adolescent	-0.08336
Cc1cc(O)c(S(=O)(=O)O)cc1Cc1cc(S(=O)(=O)O)c(O)c(Cc2cc(S(=O)(=O)O)c(O)cc2C)c1C	Age	Adult	-0.07999
Cc1cc(O)c(S(=O)(=O)O)cc1Cc1cc(S(=O)(=O)O)c(O)c(Cc2cc(S(=O)(=O)O)c(O)cc2C)c1C	Age	Elderly	-0.17829
Cc1cc(O)c(S(=O)(=O)O)cc1Cc1cc(S(=O)(=O)O)c(O)c(Cc2cc(S(=O)(=O)O)c(O)cc2C)c1C	Weight	Low	-0.15598
Cc1cc(O)c(S(=O)(=O)O)cc1Cc1cc(S(=O)(=O)O)c(O)c(Cc2cc(S(=O)(=O)O)c(O)cc2C)c1C	Weight	Average	-0.10261
Cc1cc(O)c(S(=O)(=O)O)cc1Cc1cc(S(=O)(=O)O)c(O)c(Cc2cc(S(=O)(=O)O)c(O)cc2C)c1C	Weight	High	-0.17133
Cc1cccc(C)c1NC(=O)c1cc(S(N)(=O)=O)c(Cl)cc1O	Sex	Male	-0.12357
Cc1cccc(C)c1NC(=O)c1cc(S(N)(=O)=O)c(Cl)cc1O	Sex	Female	-0.00379
Cc1cccc(C)c1NC(=O)c1cc(S(N)(=O)=O)c(Cl)cc1O	Age	Children	-0.07847
Cc1cccc(C)c1NC(=O)c1cc(S(N)(=O)=O)c(Cl)cc1O	Age	Adolescent	-0.0429
Cc1cccc(C)c1NC(=O)c1cc(S(N)(=O)=O)c(Cl)cc1O	Age	Adult	-0.03995
Cc1cccc(C)c1NC(=O)c1cc(S(N)(=O)=O)c(Cl)cc1O	Age	Elderly	-0.13584
Cc1cccc(C)c1NC(=O)c1cc(S(N)(=O)=O)c(Cl)cc1O	Weight	Low	-0.10689
Cc1cccc(C)c1NC(=O)c1cc(S(N)(=O)=O)c(Cl)cc1O	Weight	Average	-0.09213
Cc1cccc(C)c1NC(=O)c1cc(S(N)(=O)=O)c(Cl)cc1O	Weight	High	-0.16411
Cc1nc(C)c(C)nc1C	Sex	Male	-0.11911
Cc1nc(C)c(C)nc1C	Sex	Female	-0.00786
Cc1nc(C)c(C)nc1C	Age	Children	-0.10932
Cc1nc(C)c(C)nc1C	Age	Adolescent	-0.07081
Cc1nc(C)c(C)nc1C	Age	Adult	-0.07783
Cc1nc(C)c(C)nc1C	Age	Elderly	-0.14659
Cc1nc(C)c(C)nc1C	Weight	Low	-0.15666
Cc1nc(C)c(C)nc1C	Weight	Average	-0.17153
Cc1nc(C)c(C)nc1C	Weight	High	-0.22761
NC1CN(c2c(F)cc3c(=O)c(C(=O)O)cn(C4CC4F)c3c2Cl)CC12CC2	Sex	Male	-0.13684
NC1CN(c2c(F)cc3c(=O)c(C(=O)O)cn(C4CC4F)c3c2Cl)CC12CC2	Sex	Female	-0.00774
NC1CN(c2c(F)cc3c(=O)c(C(=O)O)cn(C4CC4F)c3c2Cl)CC12CC2	Age	Children	-0.10054
NC1CN(c2c(F)cc3c(=O)c(C(=O)O)cn(C4CC4F)c3c2Cl)CC12CC2	Age	Adolescent	-0.06422
NC1CN(c2c(F)cc3c(=O)c(C(=O)O)cn(C4CC4F)c3c2Cl)CC12CC2	Age	Adult	-0.04668
NC1CN(c2c(F)cc3c(=O)c(C(=O)O)cn(C4CC4F)c3c2Cl)CC12CC2	Age	Elderly	-0.1434
NC1CN(c2c(F)cc3c(=O)c(C(=O)O)cn(C4CC4F)c3c2Cl)CC12CC2	Weight	Low	-0.19678
NC1CN(c2c(F)cc3c(=O)c(C(=O)O)cn(C4CC4F)c3c2Cl)CC12CC2	Weight	Average	-0.14763
NC1CN(c2c(F)cc3c(=O)c(C(=O)O)cn(C4CC4F)c3c2Cl)CC12CC2	Weight	High	-0.23873
O=C(C=Cc1cccc(S(=O)(=O)Nc2ccccc2)c1)NO	Sex	Male	-0.08511
O=C(C=Cc1cccc(S(=O)(=O)Nc2ccccc2)c1)NO	Sex	Female	-0.00839
O=C(C=Cc1cccc(S(=O)(=O)Nc2ccccc2)c1)NO	Age	Children	-0.11467
O=C(C=Cc1cccc(S(=O)(=O)Nc2ccccc2)c1)NO	Age	Adolescent	-0.05867
O=C(C=Cc1cccc(S(=O)(=O)Nc2ccccc2)c1)NO	Age	Adult	-0.05341
O=C(C=Cc1cccc(S(=O)(=O)Nc2ccccc2)c1)NO	Age	Elderly	-0.20782
O=C(C=Cc1cccc(S(=O)(=O)Nc2ccccc2)c1)NO	Weight	Low	-0.17583
O=C(C=Cc1cccc(S(=O)(=O)Nc2ccccc2)c1)NO	Weight	Average	-0.13015
O=C(C=Cc1cccc(S(=O)(=O)Nc2ccccc2)c1)NO	Weight	High	-0.19706
O=C(NC(=O)c1c(F)cccc1F)Nc1cc(Cl)c(OC(F)(F)C(F)C(F)(F)F)cc1Cl	Sex	Male	-0.10914
O=C(NC(=O)c1c(F)cccc1F)Nc1cc(Cl)c(OC(F)(F)C(F)C(F)(F)F)cc1Cl	Sex	Female	-0.00676
O=C(NC(=O)c1c(F)cccc1F)Nc1cc(Cl)c(OC(F)(F)C(F)C(F)(F)F)cc1Cl	Age	Children	-0.08527
O=C(NC(=O)c1c(F)cccc1F)Nc1cc(Cl)c(OC(F)(F)C(F)C(F)(F)F)cc1Cl	Age	Adolescent	-0.04655
O=C(NC(=O)c1c(F)cccc1F)Nc1cc(Cl)c(OC(F)(F)C(F)C(F)(F)F)cc1Cl	Age	Adult	-0.04629
O=C(NC(=O)c1c(F)cccc1F)Nc1cc(Cl)c(OC(F)(F)C(F)C(F)(F)F)cc1Cl	Age	Elderly	-0.09356
O=C(NC(=O)c1c(F)cccc1F)Nc1cc(Cl)c(OC(F)(F)C(F)C(F)(F)F)cc1Cl	Weight	Low	-0.10341
O=C(NC(=O)c1c(F)cccc1F)Nc1cc(Cl)c(OC(F)(F)C(F)C(F)(F)F)cc1Cl	Weight	Average	-0.05563
O=C(NC(=O)c1c(F)cccc1F)Nc1cc(Cl)c(OC(F)(F)C(F)C(F)(F)F)cc1Cl	Weight	High	-0.13782
O=C1OC2(c3ccc(O)cc3Oc3cc(O)ccc32)c2ccccc21	Sex	Male	-0.11298
O=C1OC2(c3ccc(O)cc3Oc3cc(O)ccc32)c2ccccc21	Sex	Female	-0.00723
O=C1OC2(c3ccc(O)cc3Oc3cc(O)ccc32)c2ccccc21	Age	Children	-0.09825
O=C1OC2(c3ccc(O)cc3Oc3cc(O)ccc32)c2ccccc21	Age	Adolescent	-0.0663
O=C1OC2(c3ccc(O)cc3Oc3cc(O)ccc32)c2ccccc21	Age	Adult	-0.05995
O=C1OC2(c3ccc(O)cc3Oc3cc(O)ccc32)c2ccccc21	Age	Elderly	-0.19816
O=C1OC2(c3ccc(O)cc3Oc3cc(O)ccc32)c2ccccc21	Weight	Low	-0.19301
O=C1OC2(c3ccc(O)cc3Oc3cc(O)ccc32)c2ccccc21	Weight	Average	-0.21503
O=C1OC2(c3ccc(O)cc3Oc3cc(O)ccc32)c2ccccc21	Weight	High	-0.22622
Cc1cc(NS(=O)(=O)c2ccc(N)cc2)nc(C)n1	Sex	Male	-0.13441
Cc1cc(NS(=O)(=O)c2ccc(N)cc2)nc(C)n1	Sex	Female	-0.00963
Cc1cc(NS(=O)(=O)c2ccc(N)cc2)nc(C)n1	Age	Children	-0.10523
Cc1cc(NS(=O)(=O)c2ccc(N)cc2)nc(C)n1	Age	Adolescent	-0.07986
Cc1cc(NS(=O)(=O)c2ccc(N)cc2)nc(C)n1	Age	Adult	-0.09719
Cc1cc(NS(=O)(=O)c2ccc(N)cc2)nc(C)n1	Age	Elderly	-0.23627
Cc1cc(NS(=O)(=O)c2ccc(N)cc2)nc(C)n1	Weight	Low	-0.15727
Cc1cc(NS(=O)(=O)c2ccc(N)cc2)nc(C)n1	Weight	Average	-0.15217
Cc1cc(NS(=O)(=O)c2ccc(N)cc2)nc(C)n1	Weight	High	-0.19938
O=[N+]([O-])OCC(CO[N+](=O)[O-])(CO[N+](=O)[O-])CO[N+](=O)[O-]	Sex	Male	-0.04818
O=[N+]([O-])OCC(CO[N+](=O)[O-])(CO[N+](=O)[O-])CO[N+](=O)[O-]	Sex	Female	-0.00279
O=[N+]([O-])OCC(CO[N+](=O)[O-])(CO[N+](=O)[O-])CO[N+](=O)[O-]	Age	Children	-0.05214
O=[N+]([O-])OCC(CO[N+](=O)[O-])(CO[N+](=O)[O-])CO[N+](=O)[O-]	Age	Adolescent	-0.03016
O=[N+]([O-])OCC(CO[N+](=O)[O-])(CO[N+](=O)[O-])CO[N+](=O)[O-]	Age	Adult	-0.01908
O=[N+]([O-])OCC(CO[N+](=O)[O-])(CO[N+](=O)[O-])CO[N+](=O)[O-]	Age	Elderly	-0.11241
O=[N+]([O-])OCC(CO[N+](=O)[O-])(CO[N+](=O)[O-])CO[N+](=O)[O-]	Weight	Low	-0.08525
O=[N+]([O-])OCC(CO[N+](=O)[O-])(CO[N+](=O)[O-])CO[N+](=O)[O-]	Weight	Average	-0.08247
O=[N+]([O-])OCC(CO[N+](=O)[O-])(CO[N+](=O)[O-])CO[N+](=O)[O-]	Weight	High	-0.07939
C1N2CN3CN1CN(C2)C3	Sex	Male	-0.08523
C1N2CN3CN1CN(C2)C3	Sex	Female	-0.00347
C1N2CN3CN1CN(C2)C3	Age	Children	-0.06759
C1N2CN3CN1CN(C2)C3	Age	Adolescent	-0.03047
C1N2CN3CN1CN(C2)C3	Age	Adult	-0.0311
C1N2CN3CN1CN(C2)C3	Age	Elderly	-0.16491
C1N2CN3CN1CN(C2)C3	Weight	Low	-0.10876
C1N2CN3CN1CN(C2)C3	Weight	Average	-0.07791
C1N2CN3CN1CN(C2)C3	Weight	High	-0.11803
C=C1CCN(C(C)C(O)(Cn2cncn2)c2ccc(F)cc2F)CC1	Sex	Male	-0.10404
C=C1CCN(C(C)C(O)(Cn2cncn2)c2ccc(F)cc2F)CC1	Sex	Female	-0.00202
C=C1CCN(C(C)C(O)(Cn2cncn2)c2ccc(F)cc2F)CC1	Age	Children	-0.11275
C=C1CCN(C(C)C(O)(Cn2cncn2)c2ccc(F)cc2F)CC1	Age	Adolescent	-0.07518
C=C1CCN(C(C)C(O)(Cn2cncn2)c2ccc(F)cc2F)CC1	Age	Adult	-0.04551
C=C1CCN(C(C)C(O)(Cn2cncn2)c2ccc(F)cc2F)CC1	Age	Elderly	-0.23204
C=C1CCN(C(C)C(O)(Cn2cncn2)c2ccc(F)cc2F)CC1	Weight	Low	-0.22584
C=C1CCN(C(C)C(O)(Cn2cncn2)c2ccc(F)cc2F)CC1	Weight	Average	-0.23748
C=C1CCN(C(C)C(O)(Cn2cncn2)c2ccc(F)cc2F)CC1	Weight	High	-0.22179
CC(C)CC1Nc2cc(Cl)c(S(N)(=O)=O)cc2S(=O)(=O)N1	Sex	Male	-0.11405
CC(C)CC1Nc2cc(Cl)c(S(N)(=O)=O)cc2S(=O)(=O)N1	Sex	Female	-0.00741
CC(C)CC1Nc2cc(Cl)c(S(N)(=O)=O)cc2S(=O)(=O)N1	Age	Children	-0.10913
CC(C)CC1Nc2cc(Cl)c(S(N)(=O)=O)cc2S(=O)(=O)N1	Age	Adolescent	-0.07249
CC(C)CC1Nc2cc(Cl)c(S(N)(=O)=O)cc2S(=O)(=O)N1	Age	Adult	-0.05125
CC(C)CC1Nc2cc(Cl)c(S(N)(=O)=O)cc2S(=O)(=O)N1	Age	Elderly	-0.21166
CC(C)CC1Nc2cc(Cl)c(S(N)(=O)=O)cc2S(=O)(=O)N1	Weight	Low	-0.1743
CC(C)CC1Nc2cc(Cl)c(S(N)(=O)=O)cc2S(=O)(=O)N1	Weight	Average	-0.18581
CC(C)CC1Nc2cc(Cl)c(S(N)(=O)=O)cc2S(=O)(=O)N1	Weight	High	-0.19419
CC1c2cccc(O)c2C(O)=C2C(=O)C3(O)C(O)=C(C(N)=O)C(=O)C(N(C)C)C3C(O)C21	Sex	Male	-0.07847
CC1c2cccc(O)c2C(O)=C2C(=O)C3(O)C(O)=C(C(N)=O)C(=O)C(N(C)C)C3C(O)C21	Sex	Female	-0.00909
CC1c2cccc(O)c2C(O)=C2C(=O)C3(O)C(O)=C(C(N)=O)C(=O)C(N(C)C)C3C(O)C21	Age	Children	-0.10422
CC1c2cccc(O)c2C(O)=C2C(=O)C3(O)C(O)=C(C(N)=O)C(=O)C(N(C)C)C3C(O)C21	Age	Adolescent	-0.0698
CC1c2cccc(O)c2C(O)=C2C(=O)C3(O)C(O)=C(C(N)=O)C(=O)C(N(C)C)C3C(O)C21	Age	Adult	-0.04861
CC1c2cccc(O)c2C(O)=C2C(=O)C3(O)C(O)=C(C(N)=O)C(=O)C(N(C)C)C3C(O)C21	Age	Elderly	-0.11085
CC1c2cccc(O)c2C(O)=C2C(=O)C3(O)C(O)=C(C(N)=O)C(=O)C(N(C)C)C3C(O)C21	Weight	Low	-0.19334
CC1c2cccc(O)c2C(O)=C2C(=O)C3(O)C(O)=C(C(N)=O)C(=O)C(N(C)C)C3C(O)C21	Weight	Average	-0.15871
CC1c2cccc(O)c2C(O)=C2C(=O)C3(O)C(O)=C(C(N)=O)C(=O)C(N(C)C)C3C(O)C21	Weight	High	-0.19747
CCc1nc(C)ccc1O	Sex	Male	-0.16975
CCc1nc(C)ccc1O	Sex	Female	-0.00737
CCc1nc(C)ccc1O	Age	Children	-0.126
CCc1nc(C)ccc1O	Age	Adolescent	-0.07271
CCc1nc(C)ccc1O	Age	Adult	-0.06803
CCc1nc(C)ccc1O	Age	Elderly	-0.21586
CCc1nc(C)ccc1O	Weight	Low	-0.14008
CCc1nc(C)ccc1O	Weight	Average	-0.19182
CCc1nc(C)ccc1O	Weight	High	-0.26667
COCc1c(-c2cc3cc(C)cc(OC)c3s2)c2c(N)ncnn2c1CN1CCNC(=O)C1	Sex	Male	-0.08599
COCc1c(-c2cc3cc(C)cc(OC)c3s2)c2c(N)ncnn2c1CN1CCNC(=O)C1	Sex	Female	-0.00648
COCc1c(-c2cc3cc(C)cc(OC)c3s2)c2c(N)ncnn2c1CN1CCNC(=O)C1	Age	Children	-0.09302
COCc1c(-c2cc3cc(C)cc(OC)c3s2)c2c(N)ncnn2c1CN1CCNC(=O)C1	Age	Adolescent	-0.06328
COCc1c(-c2cc3cc(C)cc(OC)c3s2)c2c(N)ncnn2c1CN1CCNC(=O)C1	Age	Adult	-0.0663
COCc1c(-c2cc3cc(C)cc(OC)c3s2)c2c(N)ncnn2c1CN1CCNC(=O)C1	Age	Elderly	-0.15143
COCc1c(-c2cc3cc(C)cc(OC)c3s2)c2c(N)ncnn2c1CN1CCNC(=O)C1	Weight	Low	-0.18309
COCc1c(-c2cc3cc(C)cc(OC)c3s2)c2c(N)ncnn2c1CN1CCNC(=O)C1	Weight	Average	-0.10429
COCc1c(-c2cc3cc(C)cc(OC)c3s2)c2c(N)ncnn2c1CN1CCNC(=O)C1	Weight	High	-0.20639
CC12OC(CC1(O)CO)n1c3ccccc3c3c4c(c5c6ccccc6n2c5c31)CNC4=O	Sex	Male	-0.07681
CC12OC(CC1(O)CO)n1c3ccccc3c3c4c(c5c6ccccc6n2c5c31)CNC4=O	Sex	Female	-0.00263
CC12OC(CC1(O)CO)n1c3ccccc3c3c4c(c5c6ccccc6n2c5c31)CNC4=O	Age	Children	-0.08059
CC12OC(CC1(O)CO)n1c3ccccc3c3c4c(c5c6ccccc6n2c5c31)CNC4=O	Age	Adolescent	-0.05828
CC12OC(CC1(O)CO)n1c3ccccc3c3c4c(c5c6ccccc6n2c5c31)CNC4=O	Age	Adult	-0.06086
CC12OC(CC1(O)CO)n1c3ccccc3c3c4c(c5c6ccccc6n2c5c31)CNC4=O	Age	Elderly	-0.11774
CC12OC(CC1(O)CO)n1c3ccccc3c3c4c(c5c6ccccc6n2c5c31)CNC4=O	Weight	Low	-0.16451
CC12OC(CC1(O)CO)n1c3ccccc3c3c4c(c5c6ccccc6n2c5c31)CNC4=O	Weight	Average	-0.12237
CC12OC(CC1(O)CO)n1c3ccccc3c3c4c(c5c6ccccc6n2c5c31)CNC4=O	Weight	High	-0.22968
CC(C)c1cc(-c2n[nH]c(=O)n2-c2ccc3c(ccn3C)c2)c(O)cc1O	Sex	Male	-0.13952
CC(C)c1cc(-c2n[nH]c(=O)n2-c2ccc3c(ccn3C)c2)c(O)cc1O	Sex	Female	-0.00466
CC(C)c1cc(-c2n[nH]c(=O)n2-c2ccc3c(ccn3C)c2)c(O)cc1O	Age	Children	-0.09519
CC(C)c1cc(-c2n[nH]c(=O)n2-c2ccc3c(ccn3C)c2)c(O)cc1O	Age	Adolescent	-0.05679
CC(C)c1cc(-c2n[nH]c(=O)n2-c2ccc3c(ccn3C)c2)c(O)cc1O	Age	Adult	-0.06297
CC(C)c1cc(-c2n[nH]c(=O)n2-c2ccc3c(ccn3C)c2)c(O)cc1O	Age	Elderly	-0.15879
CC(C)c1cc(-c2n[nH]c(=O)n2-c2ccc3c(ccn3C)c2)c(O)cc1O	Weight	Low	-0.16393
CC(C)c1cc(-c2n[nH]c(=O)n2-c2ccc3c(ccn3C)c2)c(O)cc1O	Weight	Average	-0.12096
CC(C)c1cc(-c2n[nH]c(=O)n2-c2ccc3c(ccn3C)c2)c(O)cc1O	Weight	High	-0.20293
CNc1ccc(-c2nc3ccc(O)cc3s2)cc1[18F]	Sex	Male	-0.11606
CNc1ccc(-c2nc3ccc(O)cc3s2)cc1[18F]	Sex	Female	-0.00687
CNc1ccc(-c2nc3ccc(O)cc3s2)cc1[18F]	Age	Children	-0.06926
CNc1ccc(-c2nc3ccc(O)cc3s2)cc1[18F]	Age	Adolescent	-0.05621
CNc1ccc(-c2nc3ccc(O)cc3s2)cc1[18F]	Age	Adult	-0.07459
CNc1ccc(-c2nc3ccc(O)cc3s2)cc1[18F]	Age	Elderly	-0.15792
CNc1ccc(-c2nc3ccc(O)cc3s2)cc1[18F]	Weight	Low	-0.13054
CNc1ccc(-c2nc3ccc(O)cc3s2)cc1[18F]	Weight	Average	-0.08514
CNc1ccc(-c2nc3ccc(O)cc3s2)cc1[18F]	Weight	High	-0.17619
Cc1onc(-c2c(Cl)cccc2Cl)c1C(=O)NC1C(=O)N2C1SC(C)(C)C2C(=O)O	Sex	Male	-0.16773
Cc1onc(-c2c(Cl)cccc2Cl)c1C(=O)NC1C(=O)N2C1SC(C)(C)C2C(=O)O	Sex	Female	-0.01076
Cc1onc(-c2c(Cl)cccc2Cl)c1C(=O)NC1C(=O)N2C1SC(C)(C)C2C(=O)O	Age	Children	-0.11898
Cc1onc(-c2c(Cl)cccc2Cl)c1C(=O)NC1C(=O)N2C1SC(C)(C)C2C(=O)O	Age	Adolescent	-0.0831
Cc1onc(-c2c(Cl)cccc2Cl)c1C(=O)NC1C(=O)N2C1SC(C)(C)C2C(=O)O	Age	Adult	-0.05645
Cc1onc(-c2c(Cl)cccc2Cl)c1C(=O)NC1C(=O)N2C1SC(C)(C)C2C(=O)O	Age	Elderly	-0.16863
Cc1onc(-c2c(Cl)cccc2Cl)c1C(=O)NC1C(=O)N2C1SC(C)(C)C2C(=O)O	Weight	Low	-0.18768
Cc1onc(-c2c(Cl)cccc2Cl)c1C(=O)NC1C(=O)N2C1SC(C)(C)C2C(=O)O	Weight	Average	-0.14239
Cc1onc(-c2c(Cl)cccc2Cl)c1C(=O)NC1C(=O)N2C1SC(C)(C)C2C(=O)O	Weight	High	-0.20368
NC(N)=NN=Cc1c(Cl)cccc1Cl	Sex	Male	-0.11998
NC(N)=NN=Cc1c(Cl)cccc1Cl	Sex	Female	-0.00762
NC(N)=NN=Cc1c(Cl)cccc1Cl	Age	Children	-0.09127
NC(N)=NN=Cc1c(Cl)cccc1Cl	Age	Adolescent	-0.0558
NC(N)=NN=Cc1c(Cl)cccc1Cl	Age	Adult	-0.0371
NC(N)=NN=Cc1c(Cl)cccc1Cl	Age	Elderly	-0.12344
NC(N)=NN=Cc1c(Cl)cccc1Cl	Weight	Low	-0.17145
NC(N)=NN=Cc1c(Cl)cccc1Cl	Weight	Average	-0.102
NC(N)=NN=Cc1c(Cl)cccc1Cl	Weight	High	-0.13817
CCC(=O)OC1(C(=O)SCF)C(C)CC2C3CC(F)C4=CC(=O)C=CC4(C)C3(F)C(O)CC21C	Sex	Male	-0.09009
CCC(=O)OC1(C(=O)SCF)C(C)CC2C3CC(F)C4=CC(=O)C=CC4(C)C3(F)C(O)CC21C	Sex	Female	-0.00312
CCC(=O)OC1(C(=O)SCF)C(C)CC2C3CC(F)C4=CC(=O)C=CC4(C)C3(F)C(O)CC21C	Age	Children	-0.08831
CCC(=O)OC1(C(=O)SCF)C(C)CC2C3CC(F)C4=CC(=O)C=CC4(C)C3(F)C(O)CC21C	Age	Adolescent	-0.05764
CCC(=O)OC1(C(=O)SCF)C(C)CC2C3CC(F)C4=CC(=O)C=CC4(C)C3(F)C(O)CC21C	Age	Adult	-0.06132
CCC(=O)OC1(C(=O)SCF)C(C)CC2C3CC(F)C4=CC(=O)C=CC4(C)C3(F)C(O)CC21C	Age	Elderly	-0.09518
CCC(=O)OC1(C(=O)SCF)C(C)CC2C3CC(F)C4=CC(=O)C=CC4(C)C3(F)C(O)CC21C	Weight	Low	-0.20092
CCC(=O)OC1(C(=O)SCF)C(C)CC2C3CC(F)C4=CC(=O)C=CC4(C)C3(F)C(O)CC21C	Weight	Average	-0.17191
CCC(=O)OC1(C(=O)SCF)C(C)CC2C3CC(F)C4=CC(=O)C=CC4(C)C3(F)C(O)CC21C	Weight	High	-0.19087
CCS(=O)(=O)N1CC(CC#N)(n2cc(-c3ncnc4[nH]ccc34)cn2)C1	Sex	Male	-0.04534
CCS(=O)(=O)N1CC(CC#N)(n2cc(-c3ncnc4[nH]ccc34)cn2)C1	Sex	Female	-0.00381
CCS(=O)(=O)N1CC(CC#N)(n2cc(-c3ncnc4[nH]ccc34)cn2)C1	Age	Children	-0.08906
CCS(=O)(=O)N1CC(CC#N)(n2cc(-c3ncnc4[nH]ccc34)cn2)C1	Age	Adolescent	-0.05419
CCS(=O)(=O)N1CC(CC#N)(n2cc(-c3ncnc4[nH]ccc34)cn2)C1	Age	Adult	-0.06081
CCS(=O)(=O)N1CC(CC#N)(n2cc(-c3ncnc4[nH]ccc34)cn2)C1	Age	Elderly	-0.14655
CCS(=O)(=O)N1CC(CC#N)(n2cc(-c3ncnc4[nH]ccc34)cn2)C1	Weight	Low	-0.15271
CCS(=O)(=O)N1CC(CC#N)(n2cc(-c3ncnc4[nH]ccc34)cn2)C1	Weight	Average	-0.10584
CCS(=O)(=O)N1CC(CC#N)(n2cc(-c3ncnc4[nH]ccc34)cn2)C1	Weight	High	-0.11147
O=S(=O)(c1cccc2cnccc12)N1CCCNCC1	Sex	Male	-0.11555
O=S(=O)(c1cccc2cnccc12)N1CCCNCC1	Sex	Female	-0.00678
O=S(=O)(c1cccc2cnccc12)N1CCCNCC1	Age	Children	-0.09854
O=S(=O)(c1cccc2cnccc12)N1CCCNCC1	Age	Adolescent	-0.05358
O=S(=O)(c1cccc2cnccc12)N1CCCNCC1	Age	Adult	-0.05537
O=S(=O)(c1cccc2cnccc12)N1CCCNCC1	Age	Elderly	-0.20485
O=S(=O)(c1cccc2cnccc12)N1CCCNCC1	Weight	Low	-0.18131
O=S(=O)(c1cccc2cnccc12)N1CCCNCC1	Weight	Average	-0.13392
O=S(=O)(c1cccc2cnccc12)N1CCCNCC1	Weight	High	-0.20472
COc1ccc2[nH]c3c(c2c1)CCNC31CSC2c3c(OC(C)=O)c(C)c4c(c3C(COC1=O)N1C(O)C3Cc5cc(C)c(OC)c(O)c5C(C21)N3C)OCO4	Sex	Male	-0.0664
COc1ccc2[nH]c3c(c2c1)CCNC31CSC2c3c(OC(C)=O)c(C)c4c(c3C(COC1=O)N1C(O)C3Cc5cc(C)c(OC)c(O)c5C(C21)N3C)OCO4	Sex	Female	-0.00294
COc1ccc2[nH]c3c(c2c1)CCNC31CSC2c3c(OC(C)=O)c(C)c4c(c3C(COC1=O)N1C(O)C3Cc5cc(C)c(OC)c(O)c5C(C21)N3C)OCO4	Age	Children	-0.0705
COc1ccc2[nH]c3c(c2c1)CCNC31CSC2c3c(OC(C)=O)c(C)c4c(c3C(COC1=O)N1C(O)C3Cc5cc(C)c(OC)c(O)c5C(C21)N3C)OCO4	Age	Adolescent	-0.04879
COc1ccc2[nH]c3c(c2c1)CCNC31CSC2c3c(OC(C)=O)c(C)c4c(c3C(COC1=O)N1C(O)C3Cc5cc(C)c(OC)c(O)c5C(C21)N3C)OCO4	Age	Adult	-0.02594
COc1ccc2[nH]c3c(c2c1)CCNC31CSC2c3c(OC(C)=O)c(C)c4c(c3C(COC1=O)N1C(O)C3Cc5cc(C)c(OC)c(O)c5C(C21)N3C)OCO4	Age	Elderly	-0.12326
COc1ccc2[nH]c3c(c2c1)CCNC31CSC2c3c(OC(C)=O)c(C)c4c(c3C(COC1=O)N1C(O)C3Cc5cc(C)c(OC)c(O)c5C(C21)N3C)OCO4	Weight	Low	-0.10941
COc1ccc2[nH]c3c(c2c1)CCNC31CSC2c3c(OC(C)=O)c(C)c4c(c3C(COC1=O)N1C(O)C3Cc5cc(C)c(OC)c(O)c5C(C21)N3C)OCO4	Weight	Average	-0.10363
COc1ccc2[nH]c3c(c2c1)CCNC31CSC2c3c(OC(C)=O)c(C)c4c(c3C(COC1=O)N1C(O)C3Cc5cc(C)c(OC)c(O)c5C(C21)N3C)OCO4	Weight	High	-0.11668
COC(=O)C1=C(C)NC(C)=C(C(=O)OC(C)(C)CN(C)CCC(c2ccccc2)c2ccccc2)C1c1cccc([N+](=O)[O-])c1	Sex	Male	-0.09169
COC(=O)C1=C(C)NC(C)=C(C(=O)OC(C)(C)CN(C)CCC(c2ccccc2)c2ccccc2)C1c1cccc([N+](=O)[O-])c1	Sex	Female	-0.0039
COC(=O)C1=C(C)NC(C)=C(C(=O)OC(C)(C)CN(C)CCC(c2ccccc2)c2ccccc2)C1c1cccc([N+](=O)[O-])c1	Age	Children	-0.07385
COC(=O)C1=C(C)NC(C)=C(C(=O)OC(C)(C)CN(C)CCC(c2ccccc2)c2ccccc2)C1c1cccc([N+](=O)[O-])c1	Age	Adolescent	-0.03652
COC(=O)C1=C(C)NC(C)=C(C(=O)OC(C)(C)CN(C)CCC(c2ccccc2)c2ccccc2)C1c1cccc([N+](=O)[O-])c1	Age	Adult	-0.02088
COC(=O)C1=C(C)NC(C)=C(C(=O)OC(C)(C)CN(C)CCC(c2ccccc2)c2ccccc2)C1c1cccc([N+](=O)[O-])c1	Age	Elderly	-0.12336
COC(=O)C1=C(C)NC(C)=C(C(=O)OC(C)(C)CN(C)CCC(c2ccccc2)c2ccccc2)C1c1cccc([N+](=O)[O-])c1	Weight	Low	-0.12852
COC(=O)C1=C(C)NC(C)=C(C(=O)OC(C)(C)CN(C)CCC(c2ccccc2)c2ccccc2)C1c1cccc([N+](=O)[O-])c1	Weight	Average	-0.08917
COC(=O)C1=C(C)NC(C)=C(C(=O)OC(C)(C)CN(C)CCC(c2ccccc2)c2ccccc2)C1c1cccc([N+](=O)[O-])c1	Weight	High	-0.16146
COc1cc2c(Oc3ccc4[nH]c(C)cc4c3F)ccnc2cc1OCC1(N)CC1	Sex	Male	-0.08332
COc1cc2c(Oc3ccc4[nH]c(C)cc4c3F)ccnc2cc1OCC1(N)CC1	Sex	Female	-0.01
COc1cc2c(Oc3ccc4[nH]c(C)cc4c3F)ccnc2cc1OCC1(N)CC1	Age	Children	-0.09595
COc1cc2c(Oc3ccc4[nH]c(C)cc4c3F)ccnc2cc1OCC1(N)CC1	Age	Adolescent	-0.06657
COc1cc2c(Oc3ccc4[nH]c(C)cc4c3F)ccnc2cc1OCC1(N)CC1	Age	Adult	-0.08113
COc1cc2c(Oc3ccc4[nH]c(C)cc4c3F)ccnc2cc1OCC1(N)CC1	Age	Elderly	-0.19188
COc1cc2c(Oc3ccc4[nH]c(C)cc4c3F)ccnc2cc1OCC1(N)CC1	Weight	Low	-0.20374
COc1cc2c(Oc3ccc4[nH]c(C)cc4c3F)ccnc2cc1OCC1(N)CC1	Weight	Average	-0.11699
COc1cc2c(Oc3ccc4[nH]c(C)cc4c3F)ccnc2cc1OCC1(N)CC1	Weight	High	-0.1629
CC(=O)N(CC(O)CO)c1c(I)c(C(=O)NCCO)c(I)c(C(=O)NCC(O)CO)c1I	Sex	Male	-0.06617
CC(=O)N(CC(O)CO)c1c(I)c(C(=O)NCCO)c(I)c(C(=O)NCC(O)CO)c1I	Sex	Female	-0.00029
CC(=O)N(CC(O)CO)c1c(I)c(C(=O)NCCO)c(I)c(C(=O)NCC(O)CO)c1I	Age	Children	-0.06527
CC(=O)N(CC(O)CO)c1c(I)c(C(=O)NCCO)c(I)c(C(=O)NCC(O)CO)c1I	Age	Adolescent	-0.04681
CC(=O)N(CC(O)CO)c1c(I)c(C(=O)NCCO)c(I)c(C(=O)NCC(O)CO)c1I	Age	Adult	-0.02002
CC(=O)N(CC(O)CO)c1c(I)c(C(=O)NCCO)c(I)c(C(=O)NCC(O)CO)c1I	Age	Elderly	-0.07327
CC(=O)N(CC(O)CO)c1c(I)c(C(=O)NCCO)c(I)c(C(=O)NCC(O)CO)c1I	Weight	Low	-0.11055
CC(=O)N(CC(O)CO)c1c(I)c(C(=O)NCCO)c(I)c(C(=O)NCC(O)CO)c1I	Weight	Average	-0.08674
CC(=O)N(CC(O)CO)c1c(I)c(C(=O)NCCO)c(I)c(C(=O)NCC(O)CO)c1I	Weight	High	-0.12406
CC(Nc1ncnc2nc[nH]c12)c1cc2cccc(Cl)c2c(=O)n1-c1ccccc1	Sex	Male	-0.11
CC(Nc1ncnc2nc[nH]c12)c1cc2cccc(Cl)c2c(=O)n1-c1ccccc1	Sex	Female	-0.00785
CC(Nc1ncnc2nc[nH]c12)c1cc2cccc(Cl)c2c(=O)n1-c1ccccc1	Age	Children	-0.09703
CC(Nc1ncnc2nc[nH]c12)c1cc2cccc(Cl)c2c(=O)n1-c1ccccc1	Age	Adolescent	-0.04895
CC(Nc1ncnc2nc[nH]c12)c1cc2cccc(Cl)c2c(=O)n1-c1ccccc1	Age	Adult	-0.06147
CC(Nc1ncnc2nc[nH]c12)c1cc2cccc(Cl)c2c(=O)n1-c1ccccc1	Age	Elderly	-0.13922
CC(Nc1ncnc2nc[nH]c12)c1cc2cccc(Cl)c2c(=O)n1-c1ccccc1	Weight	Low	-0.16641
CC(Nc1ncnc2nc[nH]c12)c1cc2cccc(Cl)c2c(=O)n1-c1ccccc1	Weight	Average	-0.09278
CC(Nc1ncnc2nc[nH]c12)c1cc2cccc(Cl)c2c(=O)n1-c1ccccc1	Weight	High	-0.12908
COC(=O)C1=C(C)NC(C)=C(C(=O)OC(C)C)C1c1cccc2nonc12	Sex	Male	-0.11363
COC(=O)C1=C(C)NC(C)=C(C(=O)OC(C)C)C1c1cccc2nonc12	Sex	Female	-0.00405
COC(=O)C1=C(C)NC(C)=C(C(=O)OC(C)C)C1c1cccc2nonc12	Age	Children	-0.08107
COC(=O)C1=C(C)NC(C)=C(C(=O)OC(C)C)C1c1cccc2nonc12	Age	Adolescent	-0.04495
COC(=O)C1=C(C)NC(C)=C(C(=O)OC(C)C)C1c1cccc2nonc12	Age	Adult	-0.0303
COC(=O)C1=C(C)NC(C)=C(C(=O)OC(C)C)C1c1cccc2nonc12	Age	Elderly	-0.18518
COC(=O)C1=C(C)NC(C)=C(C(=O)OC(C)C)C1c1cccc2nonc12	Weight	Low	-0.15092
COC(=O)C1=C(C)NC(C)=C(C(=O)OC(C)C)C1c1cccc2nonc12	Weight	Average	-0.13515
COC(=O)C1=C(C)NC(C)=C(C(=O)OC(C)C)C1c1cccc2nonc12	Weight	High	-0.15296
Cc1ccc(Nc2nccc(N(C)c3ccc4c(C)n(C)nc4c3)n2)cc1S(N)(=O)=O	Sex	Male	-0.12951
Cc1ccc(Nc2nccc(N(C)c3ccc4c(C)n(C)nc4c3)n2)cc1S(N)(=O)=O	Sex	Female	-0.0099
Cc1ccc(Nc2nccc(N(C)c3ccc4c(C)n(C)nc4c3)n2)cc1S(N)(=O)=O	Age	Children	-0.10756
Cc1ccc(Nc2nccc(N(C)c3ccc4c(C)n(C)nc4c3)n2)cc1S(N)(=O)=O	Age	Adolescent	-0.07064
Cc1ccc(Nc2nccc(N(C)c3ccc4c(C)n(C)nc4c3)n2)cc1S(N)(=O)=O	Age	Adult	-0.06713
Cc1ccc(Nc2nccc(N(C)c3ccc4c(C)n(C)nc4c3)n2)cc1S(N)(=O)=O	Age	Elderly	-0.14906
Cc1ccc(Nc2nccc(N(C)c3ccc4c(C)n(C)nc4c3)n2)cc1S(N)(=O)=O	Weight	Low	-0.17414
Cc1ccc(Nc2nccc(N(C)c3ccc4c(C)n(C)nc4c3)n2)cc1S(N)(=O)=O	Weight	Average	-0.14225
Cc1ccc(Nc2nccc(N(C)c3ccc4c(C)n(C)nc4c3)n2)cc1S(N)(=O)=O	Weight	High	-0.16819
O=c1ccc2cc3ccoc3cc2o1	Sex	Male	-0.10386
O=c1ccc2cc3ccoc3cc2o1	Sex	Female	-0.0054
O=c1ccc2cc3ccoc3cc2o1	Age	Children	-0.07642
O=c1ccc2cc3ccoc3cc2o1	Age	Adolescent	-0.06417
O=c1ccc2cc3ccoc3cc2o1	Age	Adult	-0.07555
O=c1ccc2cc3ccoc3cc2o1	Age	Elderly	-0.21223
O=c1ccc2cc3ccoc3cc2o1	Weight	Low	-0.17932
O=c1ccc2cc3ccoc3cc2o1	Weight	Average	-0.15343
O=c1ccc2cc3ccoc3cc2o1	Weight	High	-0.22316
Oc1c(I)cc(I)c2cccnc12	Sex	Male	-0.11873
Oc1c(I)cc(I)c2cccnc12	Sex	Female	-0.00432
Oc1c(I)cc(I)c2cccnc12	Age	Children	-0.09503
Oc1c(I)cc(I)c2cccnc12	Age	Adolescent	-0.06692
Oc1c(I)cc(I)c2cccnc12	Age	Adult	-0.08539
Oc1c(I)cc(I)c2cccnc12	Age	Elderly	-0.15571
Oc1c(I)cc(I)c2cccnc12	Weight	Low	-0.16466
Oc1c(I)cc(I)c2cccnc12	Weight	Average	-0.12276
Oc1c(I)cc(I)c2cccnc12	Weight	High	-0.17891
