metric	null_hypothesis	null_rejected	outcome	effect_size	w_stat	p_value	r_stat
HarmRS	Cred == Card	True	Cred > Card	Small	59998.0	0.0003258444105863052	0.17850345724652564
HarmRS	Cred == Cvas	False	Cred == Cvas	Small	64303.0	0.016081716829699343	0.11955911549257206
HarmRS	Card == Cvas	False	Card == Cvas	Negligible	71857.5	0.7455826800570504	-0.01612240706510577
